"gene_id","gene_name","n_isoforms","n_switching_isoforms","n_novel_isoforms","min_isoform_switch_q","min_gene_switch_q","max_abs_dif_all_isoforms","max_abs_dif_switching","novel_involved"
"XLOC_000005","XLOC_000005",4,0,4,0.373594242054729,0.373594242054729,0.176133333333333,,FALSE
"XLOC_000024","MTND1P23",2,0,1,7.84168191518168e-45,7.84168191518168e-45,0.0275,,FALSE
"XLOC_000034","LINC01128",33,0,2,0.0253563323486833,0.0253563323486833,0.0883,,FALSE
"XLOC_000043","AGRN",9,0,0,0.441411630646281,0.441411630646281,0.0499666666666667,,FALSE
"XLOC_000044","XLOC_000044",12,0,4,0.481622138132874,0.481622138132874,0.1702,,FALSE
"XLOC_000059","MRPL20-AS1",9,0,1,0.851484389296584,0.851484389296584,0.143533333333333,,FALSE
"XLOC_000065","ATAD3B",7,0,1,0.00894049191441325,0.00894049191441325,0.0902666666666667,,FALSE
"XLOC_000067","ATAD3A",6,0,0,0.264006879887658,0.264006879887658,0.0775666666666667,,FALSE
"XLOC_000070","MIB2",27,0,0,0.752239876245479,0.752239876245479,0.0829,,FALSE
"XLOC_000083","RER1",12,0,3,0.863480226741639,0.863480226741639,0.0385666666666667,,FALSE
"XLOC_000086","TNFRSF14",15,0,1,0.898956538172598,0.898956538172598,0.0438666666666667,,FALSE
"XLOC_000090","PRXL2B",13,0,0,0.33078709779968,0.33078709779968,0.0863,,FALSE
"XLOC_000105","SMIM1",4,0,0,0.603004997903101,0.603004997903101,0.1341,,FALSE
"XLOC_000108","DFFB",9,0,0,0.00279863645711931,0.00279863645711931,0.3231,,FALSE
"XLOC_000120","KCNAB2",39,0,1,0.000193219182912647,0.000193219182912647,0.0147666666666667,,FALSE
"XLOC_000129","ZBTB48",11,0,4,0.0233892910104221,0.0233892910104221,0.0721333333333333,,FALSE
"XLOC_000131","THAP3",9,0,2,0.143239514759498,0.143239514759498,0.0707,,FALSE
"XLOC_000134","CAMTA1",17,0,3,0.647028551426597,0.647028551426597,0.0537666666666667,,FALSE
"XLOC_000139","PER3",10,0,2,0.240558051416483,0.240558051416483,0.205233333333333,,FALSE
"XLOC_000141","PARK7",17,0,7,0.15145593521517,0.15145593521517,0.0314333333333333,,FALSE
"XLOC_000159","H6PD",3,0,0,0.766646544321256,0.766646544321256,0.120066666666667,,FALSE
"XLOC_000169","NMNAT1",9,0,4,0.815363740785051,0.815363740785051,0.185133333333333,,FALSE
"XLOC_000172","UBE4B",14,0,7,0.261876886146711,0.261876886146711,0.0844666666666667,,FALSE
"XLOC_000175","KIF1B",18,0,3,0.225974860417396,0.225974860417396,0.0938333333333333,,FALSE
"XLOC_000179","PGD",41,0,36,0.00674661897529684,0.00674661897529684,0.0284,,FALSE
"XLOC_000180","CENPS-CORT",12,0,1,0.000756063455927136,0.000756063455927136,0.106766666666667,,FALSE
"XLOC_000186","TARDBP",34,0,17,0.130464981266277,0.130464981266277,0.114266666666667,,FALSE
"XLOC_000188","EXOSC10-AS1",2,0,0,0.759954044893755,0.759954044893755,0.4,,FALSE
"XLOC_000194","UBIAD1",4,0,0,0.579468671563144,0.579468671563144,0.0441,,FALSE
"XLOC_000198","FBXO44",7,0,1,0.499539070935482,0.499539070935482,0.0691666666666667,,FALSE
"XLOC_000199","FBXO6",8,0,6,0.638495822440245,0.638495822440245,0.0442,,FALSE
"XLOC_000201","AGTRAP",15,0,5,0.945350640761948,0.945350640761948,0.0310333333333333,,FALSE
"XLOC_000203","CLCN6",12,0,2,0.243461959029641,0.243461959029641,0.182033333333333,,FALSE
"XLOC_000206","PLOD1",17,0,11,0.0481773881532045,0.0481773881532045,0.0388,,FALSE
"XLOC_000207","MFN2",32,0,6,0.182384356409091,0.182384356409091,0.1102,,FALSE
"XLOC_000208","MIIP",7,0,0,0.915617278401048,0.915617278401048,0.0534333333333333,,FALSE
"XLOC_000213","VPS13D",18,0,6,0.546509380765484,0.546509380765484,0.143033333333333,,FALSE
"XLOC_000241","PDPN",19,0,12,0.0149878625729735,0.0149878625729735,0.0396666666666667,,FALSE
"XLOC_000242","PRDM2",12,0,4,0.518864462415364,0.518864462415364,0.1109,,FALSE
"XLOC_000245","TMEM51",5,0,1,0.913030977232709,0.913030977232709,0.121933333333333,,FALSE
"XLOC_000251","DNAJC16",10,0,0,0.974516085232576,0.974516085232576,0.2011,,FALSE
"XLOC_000254","DDI2",7,0,1,0.712548928011114,0.712548928011114,0.152433333333333,,FALSE
"XLOC_000271","SZRD1",11,0,5,0.21730654292389,0.21730654292389,0.0685666666666667,,FALSE
"XLOC_000272","NECAP2",16,0,8,0.256455338302485,0.256455338302485,0.108066666666667,,FALSE
"XLOC_000279","CROCCP4",10,0,0,0.962636252070593,0.962636252070593,0.1908,,FALSE
"XLOC_000307","MRTO4",6,0,5,0.0316817457182635,0.0316817457182635,0.0322666666666667,,FALSE
"XLOC_000309","SLC66A1",6,0,0,0.106113078237829,0.106113078237829,0.0361,,FALSE
"XLOC_000311","MICOS10",17,0,5,0.767119967080746,0.767119967080746,0.0361666666666667,,FALSE
"XLOC_000346","LINC00339",38,0,11,0.148189000645156,0.148189000645156,0.0576333333333333,,FALSE
"XLOC_000353","ZBTB40",6,0,2,0.612904846462289,0.612904846462289,0.233366666666667,,FALSE
"XLOC_000356","C1QA",21,0,0,0.259228183668338,0.259228183668338,0.0461,,FALSE
"XLOC_000358","EPHB2",6,0,0,0.978303691884184,0.978303691884184,0.0883333333333333,,FALSE
"XLOC_000360","KDM1A",30,0,9,0.594152204770814,0.594152204770814,0.0868,,FALSE
"XLOC_000371","RPL11",10,0,7,0.88940201296495,0.88940201296495,0.0672666666666667,,FALSE
"XLOC_000372","ELOA",16,0,12,3.37197652124779e-06,3.37197652124779e-06,0.0474333333333334,,FALSE
"XLOC_000373","PITHD1",4,0,1,0.7718630654054,0.7718630654054,0.0356666666666667,,FALSE
"XLOC_000374","LYPLA2",7,0,2,0.090990173466652,0.090990173466652,0.0229666666666667,,FALSE
"XLOC_000377","PNRC2",7,1,6,2.69811586145643e-11,2.69811586145643e-11,0.210466666666667,0.193933333333333,TRUE
"XLOC_000384","RCAN3",12,0,3,0.741913454300097,0.741913454300097,0.0898,,FALSE
"XLOC_000387","SRRM1",39,0,23,0.473698399167312,0.473698399167312,0.1149,,FALSE
"XLOC_000389","CLIC4",6,0,4,0.924212790634739,0.924212790634739,0.0522666666666667,,FALSE
"XLOC_000399","TMEM50A",11,0,7,0.8719938850601,0.8719938850601,0.0105333333333333,,FALSE
"XLOC_000402","LDLRAP1",7,0,0,0.666958479124943,0.666958479124943,0.0221,,FALSE
"XLOC_000404","MAN1C1",8,0,2,0.922205588130856,0.922205588130856,0.108166666666667,,FALSE
"XLOC_000405","SELENON",35,0,15,0.0730412982090193,0.0730412982090193,0.0409,,FALSE
"XLOC_000415","PDIK1L",3,0,0,0.990565872805151,0.990565872805151,0.0633666666666667,,FALSE
"XLOC_000417","ZNF593",2,0,0,0.636056012892333,0.636056012892333,0.00726666666666667,,FALSE
"XLOC_000421","CEP85",13,0,7,0.853732427957438,0.853732427957438,0.1262,,FALSE
"XLOC_000422","SH3BGRL3",7,0,7,0.969553821655179,0.969553821655179,0.0066,,FALSE
"XLOC_000426","DHDDS",26,1,11,0.0366518083333096,0.0366518083333096,0.2991,0.2991,FALSE
"XLOC_000427","HMGN2",18,0,13,5.06657567345962e-26,5.06657567345962e-26,0.111666666666667,,FALSE
"XLOC_000428","RPS6KA1",28,0,12,0.568813190342687,0.568813190342687,0.0294333333333333,,FALSE
"XLOC_000431","ARID1A",11,0,2,0.121940308368124,0.121940308368124,0.0882333333333333,,FALSE
"XLOC_000432","PIGV",16,0,5,0.169699301105578,0.169699301105578,0.1732,,FALSE
"XLOC_000445","WDTC1",4,0,0,0.458494976951997,0.458494976951997,0.0751,,FALSE
"XLOC_000450","SYTL1",11,0,0,0.147830871014854,0.147830871014854,0.203366666666667,,FALSE
"XLOC_000458","FAM76A",6,0,1,0.0591489791848001,0.0591489791848001,0.0658333333333334,,FALSE
"XLOC_000461","STX12",12,0,8,0.377271312538831,0.377271312538831,0.0157333333333333,,FALSE
"XLOC_000465","PPP1R8",9,0,5,0.959222759925081,0.959222759925081,0.0262666666666667,,FALSE
"XLOC_000467","THEMIS2",12,0,6,0.960778285204279,0.960778285204279,0.0542,,FALSE
"XLOC_000474","MED18",5,0,3,0.88810788505925,0.88810788505925,0.0455,,FALSE
"XLOC_000475","PHACTR4",16,0,8,0.218263457956228,0.218263457956228,0.0976,,FALSE
"XLOC_000478","SNHG3",25,0,14,0.476247665509666,0.476247665509666,0.078,,FALSE
"XLOC_000480","TRNAU1AP",13,0,4,0.209389813179791,0.209389813179791,0.146633333333333,,FALSE
"XLOC_000483","GMEB1",7,0,6,0.632698038874719,0.632698038874719,0.0615333333333333,,FALSE
"XLOC_000487","EPB41",22,0,0,0.353131815159561,0.353131815159561,0.0219,,FALSE
"XLOC_000503","ZCCHC17",11,0,5,0.379345792386885,0.379345792386885,0.0796,,FALSE
"XLOC_000510","KHDRBS1",7,0,3,0.185491958216037,0.185491958216037,0.0971666666666667,,FALSE
"XLOC_000511","TMEM39B",8,0,3,0.430280276421371,0.430280276421371,0.139366666666667,,FALSE
"XLOC_000513","KPNA6",6,0,2,0.000253845401070457,0.000253845401070457,0.0693666666666667,,FALSE
"XLOC_000514","TXLNA",4,0,2,0.936357558906574,0.936357558906574,0.102466666666667,,FALSE
"XLOC_000518","EIF3I",44,0,12,0.373173482549629,0.373173482549629,0.0664,,FALSE
"XLOC_000521","HDAC1",20,0,11,0.708571143115715,0.708571143115715,0.128466666666667,,FALSE
"XLOC_000528","RBBP4",31,0,15,0.0259282191741449,0.0259282191741449,0.0701666666666667,,FALSE
"XLOC_000529","KIAA1522",5,0,0,0.46136823452787,0.46136823452787,0.174233333333333,,FALSE
"XLOC_000530","S100PBP",15,0,5,0.25608559971779,0.25608559971779,0.135733333333333,,FALSE
"XLOC_000560","ZMYM4",12,0,6,0.666958479124943,0.666958479124943,0.123466666666667,,FALSE
"XLOC_000565","NCDN",6,0,0,0.184127606707939,0.184127606707939,0.0347333333333333,,FALSE
"XLOC_000568","AGO4",6,0,3,0.292705461419781,0.292705461419781,0.0731333333333333,,FALSE
"XLOC_000569","AGO1",3,0,0,0.448548912026333,0.448548912026333,0.2976,,FALSE
"XLOC_000570","AGO3",9,0,2,0.0926059145386624,0.0926059145386624,0.0649666666666667,,FALSE
"XLOC_000573","MAP7D1",15,0,2,0.0805793731153732,0.0805793731153732,0.0581,,FALSE
"XLOC_000575","THRAP3",9,0,6,0.060065918159149,0.060065918159149,0.103433333333333,,FALSE
"XLOC_000576","SH3D21",8,0,0,0.987404154093021,0.987404154093021,0.0428,,FALSE
"XLOC_000585","ZC3H12A",6,0,2,0.879446125672577,0.879446125672577,0.0507,,FALSE
"XLOC_000600","UTP11",9,0,6,0.871459368102546,0.871459368102546,0.0912666666666667,,FALSE
"XLOC_000610","AKIRIN1",6,0,3,0.977415001189189,0.977415001189189,0.0701,,FALSE
"XLOC_000612","MACF1",55,0,13,0.0106797674956802,0.0106797674956802,0.0844333333333333,,FALSE
"XLOC_000617","PPIE",28,0,19,0.214037030031181,0.214037030031181,0.0851666666666667,,FALSE
"XLOC_000623","MFSD2A",18,0,11,0.761596051624842,0.761596051624842,0.0600666666666667,,FALSE
"XLOC_000625","CAP1",133,0,122,3.99927352340897e-05,3.99927352340897e-05,0.044,,FALSE
"XLOC_000630","ZMPSTE24",32,0,29,0.881702790632181,0.881702790632181,0.0713666666666667,,FALSE
"XLOC_000631","SMAP2",32,0,28,0.00636407022869219,0.00636407022869219,0.0942333333333333,,FALSE
"XLOC_000633","ZFP69B",8,0,6,0.882191405649946,0.882191405649946,0.191,,FALSE
"XLOC_000635","ZFP69",7,0,5,0.66530169744834,0.66530169744834,0.3027,,FALSE
"XLOC_000636","EXO5",27,0,19,0.0451929930396244,0.0451929930396244,0.132433333333333,,FALSE
"XLOC_000639","NFYC",47,0,35,0.00568154968898293,0.00568154968898293,0.0451,,FALSE
"XLOC_000646","CTPS1",32,0,25,0.457554519525132,0.457554519525132,0.1428,,FALSE
"XLOC_000659","PPCS",30,0,11,0.442259888326946,0.442259888326946,0.0154666666666667,,FALSE
"XLOC_000663","PPIH",18,0,4,0.953197231168096,0.953197231168096,0.0442,,FALSE
"XLOC_000665","YBX1",14,0,10,0.0424182029110946,0.0424182029110946,0.0265666666666667,,FALSE
"XLOC_000666","C1orf50",13,0,2,0.875582358922828,0.875582358922828,0.0795,,FALSE
"XLOC_000667","ERMAP",15,0,8,0.113530898236059,0.113530898236059,0.109966666666667,,FALSE
"XLOC_000678","TIE1",12,0,3,0.851580915257839,0.851580915257839,0.0741333333333333,,FALSE
"XLOC_000680","CDC20",6,0,4,0.0472523545059136,0.0472523545059136,0.0683,,FALSE
"XLOC_000683","SZT2",21,0,3,0.930650502274081,0.930650502274081,0.0562333333333333,,FALSE
"XLOC_000686","KDM4A",60,0,20,0.000617216381144413,0.000617216381144413,0.0730333333333333,,FALSE
"XLOC_000690","IPO13",12,0,6,0.276322303143622,0.276322303143622,0.0494,,FALSE
"XLOC_000691","DPH2",21,0,14,0.631705608478257,0.631705608478257,0.187866666666667,,FALSE
"XLOC_000692","ATP6V0B",19,0,9,0.303891150304047,0.303891150304047,0.0263333333333334,,FALSE
"XLOC_000693","B4GALT2",7,0,0,0.88705863280722,0.88705863280722,0.0879666666666667,,FALSE
"XLOC_000697","DMAP1",15,0,3,0.109703571586978,0.109703571586978,0.0687333333333333,,FALSE
"XLOC_000699","RNF220",12,0,1,0.974516085232576,0.974516085232576,0.0375,,FALSE
"XLOC_000701","ARMH1",10,0,0,0.835908483546989,0.835908483546989,0.126166666666667,,FALSE
"XLOC_000705","PLK3",10,0,3,0.107870458013349,0.107870458013349,0.0508666666666667,,FALSE
"XLOC_000706","BTBD19",8,0,0,0.88705863280722,0.88705863280722,0.0252,,FALSE
"XLOC_000709","UROD",36,0,21,0.130963466257109,0.130963466257109,0.0189666666666667,,FALSE
"XLOC_000712","TOE1",15,0,12,0.971573702915397,0.971573702915397,0.0548333333333333,,FALSE
"XLOC_000716","AKR1A1",29,0,20,2.54925149142482e-06,2.54925149142482e-06,0.0454333333333333,,FALSE
"XLOC_000717","NASP",27,0,13,0.0232161600857582,0.0232161600857582,0.0636,,FALSE
"XLOC_000718","TMEM69",6,0,5,0.551737259406307,0.551737259406307,0.0780333333333333,,FALSE
"XLOC_000720","MAST2",9,0,0,0.80004078426899,0.80004078426899,0.186666666666667,,FALSE
"XLOC_000726","RAD54L",23,0,11,0.465109465224255,0.465109465224255,0.1493,,FALSE
"XLOC_000727","UQCRH",7,0,4,0.959120277162019,0.959120277162019,0.00713333333333332,,FALSE
"XLOC_000744","CMPK1",9,0,5,0.76758545596858,0.76758545596858,0.0270333333333333,,FALSE
"XLOC_000785","OSBPL9",43,0,21,0.00564617771911916,0.00564617771911916,0.0745,,FALSE
"XLOC_000794","BTF3L4",12,0,6,0.583354642150236,0.583354642150236,0.0970666666666666,,FALSE
"XLOC_000801","PRPF38A",14,1,11,6.00509229674827e-05,6.00509229674827e-05,0.2532,0.2532,TRUE
"XLOC_000812","SCP2",19,0,10,0.906399422937687,0.906399422937687,0.0371333333333334,,FALSE
"XLOC_000831","TCEANC2",10,0,5,0.060065918159149,0.060065918159149,0.1575,,FALSE
"XLOC_000833","MRPL37",11,0,6,0.555685450661435,0.555685450661435,0.0601,,FALSE
"XLOC_000840","ACOT11",6,0,1,0.431396512624616,0.431396512624616,0.1646,,FALSE
"XLOC_000841","MROH7",22,0,8,0.148393712607922,0.148393712607922,0.0702666666666666,,FALSE
"XLOC_000869","LINC01135",8,0,3,0.728943025308364,0.728943025308364,0.1827,,FALSE
"XLOC_000872","FGGY",30,0,12,0.691163148110524,0.691163148110524,0.0398333333333333,,FALSE
"XLOC_000893","ATG4C",10,0,7,0.16544872919794,0.16544872919794,0.256666666666667,,FALSE
"XLOC_000903","ALG6",11,0,2,0.283349651191323,0.283349651191323,0.157133333333333,,FALSE
"XLOC_000906","PGM1",4,0,1,0.571896883953112,0.571896883953112,0.00763333333333338,,FALSE
"XLOC_000913","RAVER2",3,0,0,0.675655076772466,0.675655076772466,0.166666666666667,,FALSE
"XLOC_000919","DNAJC6",9,0,2,0.0278126663724334,0.0278126663724334,0.0656666666666667,,FALSE
"XLOC_000920","LEPROT",16,0,6,0.516903241852161,0.516903241852161,0.0273666666666667,,FALSE
"XLOC_000921","PDE4B",23,0,10,0.00183714621969576,0.00183714621969576,0.0906333333333333,,FALSE
"XLOC_000926","MIER1",16,0,6,0.209895349104008,0.209895349104008,0.1093,,FALSE
"XLOC_000935","GADD45A",6,0,0,0.996095149113374,0.996095149113374,0.146933333333333,,FALSE
"XLOC_000950","SRSF11",34,0,18,0.457139574524864,0.457139574524864,0.0524333333333333,,FALSE
"XLOC_000951","HHLA3",9,0,1,0.849799783368725,0.849799783368725,0.223166666666667,,FALSE
"XLOC_000971","FPGT",19,1,5,0.000478324668872278,0.000478324668872278,0.1903,0.1903,TRUE
"XLOC_000974","TYW3",7,0,3,0.0194684055220856,0.0194684055220856,0.0748,,FALSE
"XLOC_000980","ACADM",63,0,24,0.442101318862511,0.442101318862511,0.0691666666666667,,FALSE
"XLOC_001004","DNAJB4",7,0,3,0.0781507688167146,0.0781507688167146,0.0241,,FALSE
"XLOC_001008","IFI44L",19,0,5,0.748879775384927,0.748879775384927,0.1115,,FALSE
"XLOC_001009","IFI44",24,1,19,1.58843051900716e-05,1.58843051900716e-05,0.2181,0.2181,TRUE
"XLOC_001033","PRKACB",14,0,7,0.603815897904179,0.603815897904179,0.113866666666667,,FALSE
"XLOC_001040","RPF1",4,0,2,0.0734176647472258,0.0734176647472258,0.1214,,FALSE
"XLOC_001042","XLOC_001042",5,0,3,0.944592370752551,0.944592370752551,0.162666666666667,,FALSE
"XLOC_001045","DNAI3",7,0,4,0.191075858684184,0.191075858684184,0.162133333333333,,FALSE
"XLOC_001058","SH3GLB1",13,0,8,0.942454957956475,0.942454957956475,0.0212,,FALSE
"XLOC_001060","HS2ST1",22,0,5,0.166336076513317,0.166336076513317,0.0616666666666667,,FALSE
"XLOC_001062","LINC02801",18,0,15,0.302442566845394,0.302442566845394,0.0522,,FALSE
"XLOC_001068","PKN2",8,0,1,0.182384356409091,0.182384356409091,0.0824333333333333,,FALSE
"XLOC_001078","GBP1P1",6,0,4,0.598130450759466,0.598130450759466,0.2038,,FALSE
"XLOC_001081","LRRC8C",11,0,2,0.000367842140878808,0.000367842140878808,0.0653333333333333,,FALSE
"XLOC_001105","RPAP2",11,0,9,0.0357781837614238,0.0357781837614238,0.111533333333333,,FALSE
"XLOC_001108","RPL5",15,0,8,0.732852432882631,0.732852432882631,0.0240333333333334,,FALSE
"XLOC_001116","MTF2",19,0,9,0.451198227232838,0.451198227232838,0.121266666666667,,FALSE
"XLOC_001117","CCDC18",17,0,5,0.845707163510667,0.845707163510667,0.0699333333333333,,FALSE
"XLOC_001118","DR1",4,0,2,0.744522999291864,0.744522999291864,0.0163666666666667,,FALSE
"XLOC_001129","ABCD3",13,0,9,0.440003463125922,0.440003463125922,0.102933333333333,,FALSE
"XLOC_001134","RWDD3",15,0,12,0.114072006695462,0.114072006695462,0.127133333333333,,FALSE
"XLOC_001145","PTBP2",12,0,2,0.706076729718948,0.706076729718948,0.258966666666667,,FALSE
"XLOC_001163","AGL",6,0,1,0.716060720861883,0.716060720861883,0.1566,,FALSE
"XLOC_001164","SLC35A3",37,0,13,0.386392242300193,0.386392242300193,0.0355666666666667,,FALSE
"XLOC_001167","TRMT13",12,0,7,0.0158921279991673,0.0158921279991673,0.216133333333333,,FALSE
"XLOC_001172","RTCA",11,0,8,0.850720133843074,0.850720133843074,0.0703,,FALSE
"XLOC_001180","SLC30A7",25,0,7,0.848830933909187,0.848830933909187,0.0843666666666667,,FALSE
"XLOC_001193","RNPC3",31,0,18,0.0143350576126454,0.0143350576126454,0.114833333333333,,FALSE
"XLOC_001211","VAV3-AS1",14,0,7,0.705499030587363,0.705499030587363,0.1418,,FALSE
"XLOC_001221","PRPF38B",8,0,4,0.819498687589034,0.819498687589034,0.1708,,FALSE
"XLOC_001223","STXBP3",15,0,13,0.615430025649138,0.615430025649138,0.0856,,FALSE
"XLOC_001225","GPSM2",18,0,3,0.467663502707699,0.467663502707699,0.1487,,FALSE
"XLOC_001229","TMEM167B",6,0,4,0.291033718612518,0.291033718612518,0.1034,,FALSE
"XLOC_001232","SARS1",20,0,17,0.0677813339116106,0.0677813339116106,0.0833,,FALSE
"XLOC_001235","ATXN7L2",7,0,0,0.0352451816610854,0.0352451816610854,0.320733333333333,,FALSE
"XLOC_001238","GNAI3",7,0,6,0.627310155486385,0.627310155486385,0.056,,FALSE
"XLOC_001239","AMPD2",46,0,5,0.00882330506443652,0.00882330506443652,0.0682,,FALSE
"XLOC_001241","GSTM4",33,0,9,0.00123308111717914,0.00123308111717914,0.0171,,FALSE
"XLOC_001245","CSF1",12,0,3,0.185954656781813,0.185954656781813,0.0286666666666667,,FALSE
"XLOC_001247","STRIP1",15,0,6,0.483681278794905,0.483681278794905,0.0699333333333333,,FALSE
"XLOC_001252","KCNC4",7,0,0,0.965674046979597,0.965674046979597,0.139866666666667,,FALSE
"XLOC_001263","CD53",23,0,19,0.913030977232709,0.913030977232709,0.0459333333333334,,FALSE
"XLOC_001266","CEPT1",16,0,12,0.853947854311984,0.853947854311984,0.0436,,FALSE
"XLOC_001267","CHI3L2",11,0,1,0.714031978722289,0.714031978722289,0.406933333333333,,FALSE
"XLOC_001276","ATP5PB",29,0,23,0.00338404637148127,0.00338404637148127,0.0207333333333333,,FALSE
"XLOC_001280","DDX20",13,0,3,0.226258042378669,0.226258042378669,0.1381,,FALSE
"XLOC_001285","CTTNBP2NL",7,0,4,0.480659738694306,0.480659738694306,0.1106,,FALSE
"XLOC_001287","CAPZA1",24,0,21,2.52839504283474e-07,2.52839504283474e-07,0.0331333333333333,,FALSE
"XLOC_001288","MOV10",37,0,16,0.0393483300687281,0.0393483300687281,0.0912333333333334,,FALSE
"XLOC_001295","LRIG2",8,0,4,0.0143350576126454,0.0143350576126454,0.2593,,FALSE
"XLOC_001302","HIPK1",10,0,3,0.0146779203473449,0.0146779203473449,0.189,,FALSE
"XLOC_001324","SLC22A15",7,0,4,0.0936560545102251,0.0936560545102251,0.0969333333333333,,FALSE
"XLOC_001328","ATP1A1",23,0,15,1.84428313230382e-13,1.84428313230382e-13,0.0643,,FALSE
"XLOC_001335","PTGFRN",3,0,0,0.938897714243193,0.938897714243193,0.154366666666667,,FALSE
"XLOC_001337","TTF2",19,0,12,0.0081842394809972,0.0081842394809972,0.2005,,FALSE
"XLOC_001341","MAN1A2",6,0,2,0.41377854124817,0.41377854124817,0.1839,,FALSE
"XLOC_001345","WDR3",16,0,13,0.80004078426899,0.80004078426899,0.0554333333333333,,FALSE
"XLOC_001349","WARS2-AS1",10,0,0,0.917969064787379,0.917969064787379,0.1802,,FALSE
"XLOC_001360","PHGDH",6,0,1,0.0953904402957297,0.0953904402957297,0.0391666666666667,,FALSE
"XLOC_001372","LINC00623",6,0,2,0.124926490295945,0.124926490295945,0.2444,,FALSE
"XLOC_001375","FCGR1B",13,0,4,0.98790349407665,0.98790349407665,0.112466666666667,,FALSE
"XLOC_001377","SRGAP2C",12,0,5,0.680235451157292,0.680235451157292,0.183166666666667,,FALSE
"XLOC_001409","FAM72D",2,0,1,0.598957921427118,0.598957921427118,0.154833333333333,,FALSE
"XLOC_001420","GPR89A",14,0,5,0.779719936560831,0.779719936560831,0.164233333333333,,FALSE
"XLOC_001422","POLR3C",30,0,27,0.453627516688685,0.453627516688685,0.0713666666666667,,FALSE
"XLOC_001423","NUDT17",5,0,2,0.921055625699424,0.921055625699424,0.0857,,FALSE
"XLOC_001426","LIX1L-AS1",13,0,4,0.916771166092947,0.916771166092947,0.0319,,FALSE
"XLOC_001441","PDIA3P1",56,0,28,0.144263634027975,0.144263634027975,0.0579,,FALSE
"XLOC_001455","GPR89B",8,0,1,0.984652587825055,0.984652587825055,0.0566333333333333,,FALSE
"XLOC_001476","PDE4DIP",68,0,18,0.0228451896830353,0.0228451896830353,0.0351333333333333,,FALSE
"XLOC_001478","XLOC_001478",8,0,0,0.999467277443621,0.999467277443621,0.1805,,FALSE
"XLOC_001482","NOTCH2NLC",17,0,8,0.065823232011604,0.065823232011604,0.0413,,FALSE
"XLOC_001484","LINC00869",17,0,0,0.163778294300473,0.163778294300473,0.385766666666667,,FALSE
"XLOC_001486","FCGR1A",8,0,5,7.89398285706051e-13,7.89398285706051e-13,0.103266666666667,,FALSE
"XLOC_001487","H4C14",5,0,3,0.00810648457982749,0.00810648457982749,0.257933333333333,,FALSE
"XLOC_001493","BOLA1",4,0,0,0.000862971371994059,0.000862971371994059,0.507633333333333,,FALSE
"XLOC_001495","VPS45",30,0,18,0.00541277848807311,0.00541277848807311,0.146666666666667,,FALSE
"XLOC_001496","PLEKHO1",12,0,4,0.44290166453824,0.44290166453824,0.0590666666666667,,FALSE
"XLOC_001501","C1orf54",7,0,5,0.532944282497119,0.532944282497119,0.0444666666666667,,FALSE
"XLOC_001503","MRPS21",3,0,3,0.913031813049276,0.913031813049276,0.101266666666667,,FALSE
"XLOC_001504","PRPF3",23,0,18,3.65023868044073e-07,3.65023868044073e-07,0.136366666666667,,FALSE
"XLOC_001505","RPRD2",4,0,0,0.852312706237475,0.852312706237475,0.1545,,FALSE
"XLOC_001506","TARS2",17,0,9,0.486830320424476,0.486830320424476,0.171,,FALSE
"XLOC_001507","ECM1",13,0,8,0.792439007210672,0.792439007210672,0.0745333333333333,,FALSE
"XLOC_001509","ADAMTSL4",6,0,0,0.534001423251016,0.534001423251016,0.0761,,FALSE
"XLOC_001518","SETDB1",31,0,15,0.40348011411867,0.40348011411867,0.0835666666666667,,FALSE
"XLOC_001521","ANXA9",3,0,1,0.767119967080746,0.767119967080746,0.127,,FALSE
"XLOC_001522","PRUNE1",13,0,9,0.801768515075323,0.801768515075323,0.1114,,FALSE
"XLOC_001526","GABPB2",10,0,5,0.0875566006332104,0.0875566006332104,0.1818,,FALSE
"XLOC_001528","TNFAIP8L2",15,0,10,0.563957550631609,0.563957550631609,0.0868666666666666,,FALSE
"XLOC_001529","PIP5K1A",17,0,2,7.24232352709792e-05,7.24232352709792e-05,0.0706666666666667,,FALSE
"XLOC_001530","PSMD4",24,0,13,0.0749272245213026,0.0749272245213026,0.0195333333333333,,FALSE
"XLOC_001531","ZNF687",7,0,0,0.849099780879459,0.849099780879459,0.0966,,FALSE
"XLOC_001535","PSMB4",13,0,9,0.604327730210137,0.604327730210137,0.0414666666666667,,FALSE
"XLOC_001542","SNX27",12,0,0,0.959824219364449,0.959824219364449,0.0257333333333334,,FALSE
"XLOC_001600","S100A1",4,0,0,0.870603056234934,0.870603056234934,0.1676,,FALSE
"XLOC_001601","CHTOP",8,0,1,0.917406202515603,0.917406202515603,0.0269666666666667,,FALSE
"XLOC_001605","INTS3",33,0,11,0.127316482114892,0.127316482114892,0.0409333333333333,,FALSE
"XLOC_001611","CREB3L4",13,0,6,0.202285159796725,0.202285159796725,0.2087,,FALSE
"XLOC_001613","RPS27",9,0,5,0.627310155486385,0.627310155486385,0.000633333333333333,,FALSE
"XLOC_001616","UBAP2L",67,0,51,0.000695175534767473,0.000695175534767473,0.0596333333333333,,FALSE
"XLOC_001617","HAX1",14,0,7,0.220348286797988,0.220348286797988,0.0740333333333333,,FALSE
"XLOC_001623","ATP8B2",5,0,0,0.739669217247604,0.739669217247604,0.268,,FALSE
"XLOC_001625","IL6R",8,0,1,0.969596942163211,0.969596942163211,0.0428666666666667,,FALSE
"XLOC_001633","CKS1B",7,1,3,4.6368620879627e-05,4.6368620879627e-05,0.2821,0.2821,TRUE
"XLOC_001634","FLAD1",22,0,13,0.211944307177582,0.211944307177582,0.120266666666667,,FALSE
"XLOC_001636","ZBTB7B",5,0,0,0.00555510641399569,0.00555510641399569,0.0441,,FALSE
"XLOC_001637","DCST1",27,0,3,0.83343080502232,0.83343080502232,0.0581,,FALSE
"XLOC_001641","SLC50A1",25,0,18,0.00457882200519377,0.00457882200519377,0.0212,,FALSE
"XLOC_001645","MTX1",9,0,4,0.987062498764055,0.987062498764055,0.0293,,FALSE
"XLOC_001648","FDPS",37,0,25,0.0196136146900444,0.0196136146900444,0.0692,,FALSE
"XLOC_001649","RUSC1",15,0,1,0.12440697717175,0.12440697717175,0.0950666666666667,,FALSE
"XLOC_001655","MSTO1",23,0,9,0.738176513296307,0.738176513296307,0.0906,,FALSE
"XLOC_001656","DAP3",46,0,29,0.0225622077410352,0.0225622077410352,0.0493333333333333,,FALSE
"XLOC_001667","LMNA",34,0,1,0.0772565792109562,0.0772565792109562,0.0857,,FALSE
"XLOC_001669","SLC25A44",10,0,6,0.779643081458364,0.779643081458364,0.189933333333333,,FALSE
"XLOC_001670","PMF1-BGLAP",9,0,0,0.80004078426899,0.80004078426899,0.0402666666666666,,FALSE
"XLOC_001671","TMEM79",5,0,0,0.937188945076552,0.937188945076552,0.229166666666667,,FALSE
"XLOC_001678","NAXE",15,0,2,0.171541778305703,0.171541778305703,0.0439,,FALSE
"XLOC_001682","METTL25B",14,0,5,0.000713337443937039,0.000713337443937039,0.105233333333333,,FALSE
"XLOC_001683","PRCC",9,0,3,0.603958338708425,0.603958338708425,0.072,,FALSE
"XLOC_001701","CD1C",4,0,2,0.970171439715351,0.970171439715351,0.0547333333333333,,FALSE
"XLOC_001702","CD1E",14,0,5,0.469840630796773,0.469840630796773,0.1348,,FALSE
"XLOC_001712","MNDA",17,0,16,0.434334042903104,0.434334042903104,0.0366333333333334,,FALSE
"XLOC_001715","IFI16",45,0,37,2.46712691311794e-11,2.46712691311794e-11,0.0343,,FALSE
"XLOC_001730","DUSP23",3,0,0,0.759931076113634,0.759931076113634,0.0788333333333333,,FALSE
"XLOC_001732","SLAMF8",24,0,22,0.851580915257839,0.851580915257839,0.0827,,FALSE
"XLOC_001742","PEA15",12,0,10,0.220389737366974,0.220389737366974,0.0443333333333333,,FALSE
"XLOC_001746","NCSTN",48,0,38,0.169571157154758,0.169571157154758,0.0521,,FALSE
"XLOC_001751","SLAMF7",40,0,32,0.000339382206723949,0.000339382206723949,0.1346,,FALSE
"XLOC_001752","LY9",10,0,1,0.00418965587314713,0.00418965587314713,0.0878,,FALSE
"XLOC_001761","NIT1",17,0,7,0.74532881923858,0.74532881923858,0.0495666666666667,,FALSE
"XLOC_001762","UFC1",9,0,6,0.250960615073414,0.250960615073414,0.0369333333333333,,FALSE
"XLOC_001763","USP21",10,0,0,0.945657074739065,0.945657074739065,0.0864666666666667,,FALSE
"XLOC_001765","NDUFS2",65,0,37,1.27574330101348e-05,1.27574330101348e-05,0.0123,,FALSE
"XLOC_001767","SDHC",11,0,6,0.317822836354683,0.317822836354683,0.052,,FALSE
"XLOC_001772","FCGR2A",34,0,11,0.078016638752208,0.078016638752208,0.0435333333333333,,FALSE
"XLOC_001775","FCGR2B",8,0,3,0.162754109008084,0.162754109008084,0.196433333333333,,FALSE
"XLOC_001777","FCRLA",8,0,1,0.230750991612658,0.230750991612658,0.329633333333333,,FALSE
"XLOC_001780","DUSP12",7,0,2,0.00970262544896652,0.00970262544896652,0.0573333333333333,,FALSE
"XLOC_001781","ATF6",25,0,9,0.485652120408885,0.485652120408885,0.102166666666667,,FALSE
"XLOC_001789","UHMK1",5,0,1,0.960778285204279,0.960778285204279,0.0967999999999999,,FALSE
"XLOC_001790","UAP1",7,0,3,0.483887255496646,0.483887255496646,0.0228666666666667,,FALSE
"XLOC_001794","HSD17B7",11,0,3,0.913537977059835,0.913537977059835,0.0700666666666667,,FALSE
"XLOC_001800","NUF2",10,0,2,0.807055983874013,0.807055983874013,0.2573,,FALSE
"XLOC_001825","UCK2",9,0,2,0.974516085232576,0.974516085232576,0.106133333333333,,FALSE
"XLOC_001837","POGK",9,0,6,0.946556683991188,0.946556683991188,0.0724666666666667,,FALSE
"XLOC_001844","POU2F1",12,0,1,0.929930846709332,0.929930846709332,0.140933333333333,,FALSE
"XLOC_001849","RCSD1",7,0,1,0.21730654292389,0.21730654292389,0.1741,,FALSE
"XLOC_001850","MPZL1",12,0,3,0.13983254318888,0.13983254318888,0.0473333333333333,,FALSE
"XLOC_001852","DCAF6",18,0,7,0.450287181710331,0.450287181710331,0.0686333333333333,,FALSE
"XLOC_001857","SFT2D2",12,0,4,0.401556782125094,0.401556782125094,0.0143,,FALSE
"XLOC_001869","ATP1B1",20,0,6,0.204377221842418,0.204377221842418,0.0562,,FALSE
"XLOC_001870","BLZF1",17,0,13,0.000903703056840039,0.000903703056840039,0.0861,,FALSE
"XLOC_001872","C1orf112",12,0,4,0.528900389359282,0.528900389359282,0.109233333333333,,FALSE
"XLOC_001881","GORAB",22,0,8,0.908901688754145,0.908901688754145,0.137866666666667,,FALSE
"XLOC_001892","FMO4",7,0,4,0.472628217846978,0.472628217846978,0.191733333333333,,FALSE
"XLOC_001895","PRRC2C",19,0,9,0.0319702039581074,0.0319702039581074,0.0873333333333333,,FALSE
"XLOC_001899","METTL13",13,0,7,0.0994301965971736,0.0994301965971736,0.0904,,FALSE
"XLOC_001901","DNM3",12,0,5,0.921877241469848,0.921877241469848,0.292766666666667,,FALSE
"XLOC_001905","SUCO",12,0,3,0.892359544475721,0.892359544475721,0.0912333333333333,,FALSE
"XLOC_001912","PRDX6",10,0,9,0.868279163639643,0.868279163639643,0.0137666666666666,,FALSE
"XLOC_001916","KLHL20",7,0,5,0.723869984123731,0.723869984123731,0.0849666666666666,,FALSE
"XLOC_001920","DARS2",15,0,10,0.00634730384249836,0.00634730384249836,0.0982333333333333,,FALSE
"XLOC_001925","RABGAP1L",28,3,13,1.02999240242851e-09,1.02999240242851e-09,0.4648,0.4648,TRUE
"XLOC_001931","CACYBP",12,0,4,0.471994251011559,0.471994251011559,0.068,,FALSE
"XLOC_001946","RASAL2",15,0,8,0.578678946855873,0.578678946855873,0.121666666666667,,FALSE
"XLOC_001956","TOR3A",11,0,5,0.914231391367865,0.914231391367865,0.0317333333333333,,FALSE
"XLOC_001965","SOAT1",24,0,20,0.373786996391379,0.373786996391379,0.0566666666666667,,FALSE
"XLOC_001973","TOR1AIP1",14,0,10,0.836908778637871,0.836908778637871,0.0396,,FALSE
"XLOC_001975","CEP350",14,0,7,0.97930769689352,0.97930769689352,0.0847333333333333,,FALSE
"XLOC_001981","XPR1",12,0,8,0.262925112100685,0.262925112100685,0.0827333333333333,,FALSE
"XLOC_001987","MR1",20,0,12,0.890249321587228,0.890249321587228,0.1,,FALSE
"XLOC_002006","NPL",62,0,56,5.63256308142421e-17,5.63256308142421e-17,0.0676666666666667,,FALSE
"XLOC_002007","DHX9",19,0,15,0.0566107077240801,0.0566107077240801,0.0655666666666667,,FALSE
"XLOC_002008","LAMC1",15,0,10,0.812017311674181,0.812017311674181,0.0561666666666667,,FALSE
"XLOC_002013","SMG7",23,0,11,8.47261397075174e-06,8.47261397075174e-06,0.0874,,FALSE
"XLOC_002016","RGL1",15,1,13,0.000750583624731013,0.000750583624731013,0.203233333333333,0.203233333333333,TRUE
"XLOC_002018","TSEN15",18,0,4,0.602231504584791,0.602231504584791,0.0588,,FALSE
"XLOC_002028","SWT1",10,0,8,0.648095561967707,0.648095561967707,0.0762,,FALSE
"XLOC_002040","ODR4",10,0,6,0.346652414048605,0.346652414048605,0.0834666666666667,,FALSE
"XLOC_002046","PLA2G4A",2,0,0,0.891888131399128,0.891888131399128,0.0065,,FALSE
"XLOC_002067","RGS18",4,0,2,0.828484667704454,0.828484667704454,0.1691,,FALSE
"XLOC_002071","RGS1",9,0,5,0.00462538806461766,0.00462538806461766,0.0463333333333333,,FALSE
"XLOC_002077","RO60",18,0,11,0.0875643862695746,0.0875643862695746,0.0607333333333333,,FALSE
"XLOC_002078","CDC73",20,0,9,0.0112449242682796,0.0112449242682796,0.0449333333333333,,FALSE
"XLOC_002090","CFH",23,0,0,0.0788892762829951,0.0788892762829951,0.102866666666667,,FALSE
"XLOC_002105","NEK7",7,0,2,0.312328834773843,0.312328834773843,0.0492,,FALSE
"XLOC_002106","PTPRC",42,0,29,0.563819516060076,0.563819516060076,0.0533666666666667,,FALSE
"XLOC_002123","CAMSAP2",7,0,1,0.619038872666586,0.619038872666586,0.0597333333333333,,FALSE
"XLOC_002134","CSRP1-AS1",5,0,1,0.987123854741281,0.987123854741281,0.230933333333333,,FALSE
"XLOC_002135","NAV1",13,0,3,0.903416955239099,0.903416955239099,0.171333333333333,,FALSE
"XLOC_002139","IPO9",16,0,12,0.12080788137061,0.12080788137061,0.0484666666666667,,FALSE
"XLOC_002146","RNPEP",20,0,10,5.60393657373445e-09,5.60393657373445e-09,0.110833333333333,,FALSE
"XLOC_002174","ATP2B4",9,0,4,0.98013863721824,0.98013863721824,0.0572666666666667,,FALSE
"XLOC_002177","ZC3H11A",29,0,20,0.619038872666586,0.619038872666586,0.0518,,FALSE
"XLOC_002178","SNRPE",7,0,1,0.414097685251547,0.414097685251547,0.0556,,FALSE
"XLOC_002181","SOX13",7,0,0,0.706565900139516,0.706565900139516,0.0236,,FALSE
"XLOC_002189","MDM4",14,0,1,0.375510246268313,0.375510246268313,0.1291,,FALSE
"XLOC_002203","CDK18",16,0,0,0.641777908840626,0.641777908840626,0.143733333333333,,FALSE
"XLOC_002217","SRGAP2",15,0,3,0.739810875007501,0.739810875007501,0.1083,,FALSE
"XLOC_002218","IKBKE",16,0,14,0.735895858034339,0.735895858034339,0.0992666666666667,,FALSE
"XLOC_002221","RASSF5",14,0,7,0.029159259177698,0.029159259177698,0.0884666666666667,,FALSE
"XLOC_002224","DYRK3",4,0,0,0.585853454172994,0.585853454172994,0.0995,,FALSE
"XLOC_002231","PFKFB2",7,0,1,0.727994512825169,0.727994512825169,0.0790333333333334,,FALSE
"XLOC_002237","CD55",23,0,4,0.491964409851132,0.491964409851132,0.0392333333333333,,FALSE
"XLOC_002239","CR1",13,0,6,0.934440773107864,0.934440773107864,0.0556,,FALSE
"XLOC_002242","CD46",46,0,27,0.00330746000278775,0.00330746000278775,0.0685666666666667,,FALSE
"XLOC_002258","CAMK1G",4,0,2,0.4744889476981,0.4744889476981,0.184633333333333,,FALSE
"XLOC_002260","HSD11B1",5,0,3,0.918344253310121,0.918344253310121,0.0174666666666666,,FALSE
"XLOC_002262","TRAF3IP3",21,0,11,0.966616014924391,0.966616014924391,0.192,,FALSE
"XLOC_002263","UTP25",9,0,7,0.806174659327274,0.806174659327274,0.159866666666667,,FALSE
"XLOC_002267","HHAT",12,0,4,0.334054142702936,0.334054142702936,0.170633333333333,,FALSE
"XLOC_002271","RCOR3",16,0,2,0.739237443491356,0.739237443491356,0.109866666666667,,FALSE
"XLOC_002272","TRAF5",5,0,0,0.745800429866751,0.745800429866751,0.0944,,FALSE
"XLOC_002273","LINC00467",17,0,1,0.613769785033794,0.613769785033794,0.153633333333333,,FALSE
"XLOC_002294","ATF3",14,0,7,3.68357479031895e-06,3.68357479031895e-06,0.0520999999999999,,FALSE
"XLOC_002297","TATDN3",13,0,4,0.935763820636402,0.935763820636402,0.165733333333333,,FALSE
"XLOC_002300","FLVCR1",6,0,1,1.37456627838801e-09,1.37456627838801e-09,0.336666666666667,,FALSE
"XLOC_002303","RPS6KC1",20,0,11,0.134576251057635,0.134576251057635,0.0586,,FALSE
"XLOC_002307","SMYD2",5,0,0,0.342326973519476,0.342326973519476,0.1345,,FALSE
"XLOC_002315","KCTD3",9,0,5,0.495938436408829,0.495938436408829,0.1428,,FALSE
"XLOC_002333","IARS2",12,0,10,0.254105406088941,0.254105406088941,0.0710333333333333,,FALSE
"XLOC_002343","MTARC2",5,0,0,0.922738538409757,0.922738538409757,0.0611,,FALSE
"XLOC_002352","MIA3",26,0,17,0.000150062259501171,0.000150062259501171,0.0739,,FALSE
"XLOC_002353","BROX",18,0,11,0.715215350553029,0.715215350553029,0.1137,,FALSE
"XLOC_002355","DISP1",27,0,10,1.55846137535345e-06,1.55846137535345e-06,0.1479,,FALSE
"XLOC_002362","CAPN2",11,0,1,0.0015842336401116,0.0015842336401116,0.0795,,FALSE
"XLOC_002368","DEGS1",12,0,9,0.0056245084088665,0.0056245084088665,0.0962666666666667,,FALSE
"XLOC_002374","CNIH4",12,0,5,0.20220401497858,0.20220401497858,0.0492333333333334,,FALSE
"XLOC_002375","CNIH3",20,0,12,0.000405169619243201,0.000405169619243201,0.0873,,FALSE
"XLOC_002378","DNAH14",15,0,3,0.552855400456716,0.552855400456716,0.4213,,FALSE
"XLOC_002383","SRP9",26,0,25,0.0937671903632977,0.0937671903632977,0.0568,,FALSE
"XLOC_002385","EPHX1",5,0,1,0.385945093686114,0.385945093686114,0.00283333333333324,,FALSE
"XLOC_002388","H3-3A",10,0,1,0.892665045335916,0.892665045335916,0.003,,FALSE
"XLOC_002400","PSEN2",45,0,10,0.00574705668791601,0.00574705668791601,0.0993666666666667,,FALSE
"XLOC_002412","ZNF678",8,0,3,0.744134528206942,0.744134528206942,0.110833333333333,,FALSE
"XLOC_002413","SNAP47",18,0,1,0.567027695390577,0.567027695390577,0.0997666666666666,,FALSE
"XLOC_002418","ARF1",16,0,10,0.313235262275813,0.313235262275813,0.0148333333333334,,FALSE
"XLOC_002420","GUK1",36,0,2,0.300125621423141,0.300125621423141,0.0137666666666667,,FALSE
"XLOC_002422","IBA57",4,0,1,0.843978030319232,0.843978030319232,0.0786666666666667,,FALSE
"XLOC_002431","RHOU",4,0,3,0.966821348916885,0.966821348916885,0.194066666666667,,FALSE
"XLOC_002439","RAB4A",6,0,1,0.95761224867279,0.95761224867279,0.0515666666666667,,FALSE
"XLOC_002457","ARV1",8,0,2,0.849595218989127,0.849595218989127,0.0491333333333333,,FALSE
"XLOC_002460","GNPAT",18,0,14,0.869889405437648,0.869889405437648,0.0329666666666666,,FALSE
"XLOC_002461","SPRTN",6,0,4,0.984174403068915,0.984174403068915,0.0910333333333333,,FALSE
"XLOC_002462","TSNAX",19,0,5,0.832021628394454,0.832021628394454,0.0301333333333333,,FALSE
"XLOC_002473","NTPCR",10,0,3,0.917696807163661,0.917696807163661,0.0693333333333333,,FALSE
"XLOC_002485","COA6",3,0,0,0.917478881401127,0.917478881401127,0.1158,,FALSE
"XLOC_002501","GGPS1",45,0,9,0.0507431493110546,0.0507431493110546,0.147066666666667,,FALSE
"XLOC_002517","GPR137B",10,0,5,0.321516966375793,0.321516966375793,0.0650333333333334,,FALSE
"XLOC_002520","LGALS8",26,0,7,0.642095197676711,0.642095197676711,0.0605666666666667,,FALSE
"XLOC_002521","ACTN2",20,0,0,0.92947662796169,0.92947662796169,0.188866666666667,,FALSE
"XLOC_002522","MTR",16,0,2,0.715018748333314,0.715018748333314,0.118033333333333,,FALSE
"XLOC_002551","KMO",42,0,36,0.176021425357324,0.176021425357324,0.0565333333333333,,FALSE
"XLOC_002556","EXO1",23,0,15,0.913030977232709,0.913030977232709,0.1507,,FALSE
"XLOC_002572","SDCCAG8",39,0,31,0.073932876200328,0.073932876200328,0.0812666666666667,,FALSE
"XLOC_002575","ZBTB18",5,0,0,6.24787157081372e-08,6.24787157081372e-08,0.771666666666667,,FALSE
"XLOC_002583","DESI2",8,0,4,0.63870876066301,0.63870876066301,0.0362,,FALSE
"XLOC_002586","COX20",6,0,4,0.279435118281088,0.279435118281088,0.203866666666667,,FALSE
"XLOC_002604","SCCPDH",5,0,4,0.964340599374598,0.964340599374598,0.0100666666666667,,FALSE
"XLOC_002620","NLRP3",20,0,12,0.248230081509475,0.248230081509475,0.1349,,FALSE
"XLOC_002669","ZNF672",5,0,0,0.711738099464151,0.711738099464151,0.00523333333333331,,FALSE
"XLOC_002671","PGBD2",8,0,7,0.460697717833248,0.460697717833248,0.309733333333333,,FALSE
"XLOC_002684","XLOC_002684",8,0,3,0.209139319521802,0.209139319521802,0.372766666666667,,FALSE
"XLOC_002686","XLOC_002686",20,0,0,0.844893750743574,0.844893750743574,0.0730666666666667,,FALSE
"XLOC_002698","NOC2L",7,0,3,0.953206580245246,0.953206580245246,0.105466666666667,,FALSE
"XLOC_002701","HES4",4,1,0,0.0154675289167563,0.0154675289167563,0.176733333333333,0.176733333333333,FALSE
"XLOC_002706","C1orf159",15,0,0,0.326781410715353,0.326781410715353,0.201166666666667,,FALSE
"XLOC_002709","TNFRSF4",3,0,1,0.231161652802514,0.231161652802514,0.157533333333333,,FALSE
"XLOC_002713","UBE2J2",16,0,0,0.0189527754246042,0.0189527754246042,0.0770666666666666,,FALSE
"XLOC_002714","ACAP3",10,0,0,0.191894677911376,0.191894677911376,0.111166666666667,,FALSE
"XLOC_002716","INTS11",38,0,2,0.594043027083829,0.594043027083829,0.0396000000000001,,FALSE
"XLOC_002717","DVL1",7,0,0,0.841813307313234,0.841813307313234,0.0806333333333333,,FALSE
"XLOC_002719","AURKAIP1",7,0,2,0.401742124981462,0.401742124981462,0.1243,,FALSE
"XLOC_002720","CCNL2",18,0,0,0.49851493832825,0.49851493832825,0.0549333333333333,,FALSE
"XLOC_002721","MRPL20",8,0,2,0.910838644066982,0.910838644066982,0.0110333333333333,,FALSE
"XLOC_002729","CDK11B",6,0,0,1.02630705739752e-05,1.02630705739752e-05,0.154633333333333,,FALSE
"XLOC_002731","CDK11A",29,0,2,0.000146047606616572,0.000146047606616572,0.0790333333333333,,FALSE
"XLOC_002732","NADK",22,0,6,0.453627516688685,0.453627516688685,0.0338,,FALSE
"XLOC_002733","GNB1",28,0,19,0.0150000889167395,0.0150000889167395,0.0859,,FALSE
"XLOC_002734","TMEM52",6,0,0,0.619638872880073,0.619638872880073,0.0592666666666667,,FALSE
"XLOC_002740","FAAP20",14,0,0,0.492374146664196,0.492374146664196,0.0348,,FALSE
"XLOC_002745","PEX10",7,0,1,0.371065908999172,0.371065908999172,0.0808333333333333,,FALSE
"XLOC_002748","PANK4",10,0,0,0.910924715985686,0.910924715985686,0.0761333333333334,,FALSE
"XLOC_002750","TNFRSF14-AS1",6,0,0,0.788579007219764,0.788579007219764,0.123433333333333,,FALSE
"XLOC_002761","MEGF6",7,0,0,0.919779778746326,0.919779778746326,0.0569,,FALSE
"XLOC_002764","WRAP73",9,0,0,0.82397052089862,0.82397052089862,0.121733333333333,,FALSE
"XLOC_002767","TP73-AS1",20,0,1,0.793421742966545,0.793421742966545,0.0914666666666667,,FALSE
"XLOC_002769","CEP104",22,0,0,0.458458822715083,0.458458822715083,0.169766666666667,,FALSE
"XLOC_002770","C1orf174",12,0,2,0.369094996640948,0.369094996640948,0.102533333333333,,FALSE
"XLOC_002785","RPL22",9,0,3,0.0192679949293671,0.0192679949293671,0.081,,FALSE
"XLOC_002787","ICMT",7,0,4,0.800795575054549,0.800795575054549,0.0792666666666667,,FALSE
"XLOC_002790","HES2",5,0,0,0.90294521161011,0.90294521161011,0.138733333333333,,FALSE
"XLOC_002795","NOL9",7,0,3,0.54582255279437,0.54582255279437,0.132733333333333,,FALSE
"XLOC_002797","DNAJC11",23,0,4,0.254105406088941,0.254105406088941,0.0335333333333333,,FALSE
"XLOC_002808","TNFRSF9",15,0,10,0.692402002646566,0.692402002646566,0.0620666666666667,,FALSE
"XLOC_002811","ERRFI1",4,0,0,0.577221303373424,0.577221303373424,0.0400666666666666,,FALSE
"XLOC_002816","RERE",15,0,0,0.279760986660781,0.279760986660781,0.098,,FALSE
"XLOC_002821","ENO1",32,0,19,0.00537598005817283,0.00537598005817283,0.0682,,FALSE
"XLOC_002826","SLC2A5",16,0,11,0.203396947543938,0.203396947543938,0.169566666666667,,FALSE
"XLOC_002827","GPR157",2,0,0,0.823410625772987,0.823410625772987,0.0385333333333333,,FALSE
"XLOC_002828","MIR34AHG",2,0,0,0.991839806564682,0.991839806564682,0.00993333333333335,,FALSE
"XLOC_002837","CLSTN1",5,0,1,0.904460896986133,0.904460896986133,0.0782333333333333,,FALSE
"XLOC_002840","LZIC",9,0,6,0.693910979372814,0.693910979372814,0.123,,FALSE
"XLOC_002846","DFFA",5,0,3,0.55449263933301,0.55449263933301,0.0659333333333333,,FALSE
"XLOC_002852","SRM",7,0,1,0.823410625772987,0.823410625772987,0.0654333333333333,,FALSE
"XLOC_002853","EXOSC10",19,0,11,6.91446016415635e-06,6.91446016415635e-06,0.105366666666667,,FALSE
"XLOC_002854","MTOR",11,0,5,0.287757899580193,0.287757899580193,0.0539333333333333,,FALSE
"XLOC_002860","MAD2L2",12,0,3,0.000431206517915988,0.000431206517915988,0.138766666666667,,FALSE
"XLOC_002862","MTHFR",17,0,0,0.25608559971779,0.25608559971779,0.110866666666667,,FALSE
"XLOC_002877","DHRS3",12,0,9,0.950055634922515,0.950055634922515,0.0944666666666667,,FALSE
"XLOC_002917","CASP9",11,0,2,0.761596051624842,0.761596051624842,0.137833333333333,,FALSE
"XLOC_002929","ZBTB17",16,0,0,0.256040728294423,0.256040728294423,0.0642666666666667,,FALSE
"XLOC_002941","FBXO42",9,0,5,0.609973681588274,0.609973681588274,0.0818333333333334,,FALSE
"XLOC_002957","XLOC_002957",6,0,0,0.946696683808804,0.946696683808804,0.0546333333333333,,FALSE
"XLOC_002960","ATP13A2",14,0,0,0.583785739302102,0.583785739302102,0.0617666666666667,,FALSE
"XLOC_002962","PADI2",8,0,6,0.473698399167312,0.473698399167312,0.0913,,FALSE
"XLOC_002964","RCC2",13,0,10,0.283559841721865,0.283559841721865,0.106966666666667,,FALSE
"XLOC_002971","UBR4",25,0,10,0.432072444101542,0.432072444101542,0.0749333333333334,,FALSE
"XLOC_002972","EMC1",38,0,18,0.000133396057371384,0.000133396057371384,0.0715,,FALSE
"XLOC_002976","AKR7A2",5,0,0,0.972053629850862,0.972053629850862,0.00593333333333335,,FALSE
"XLOC_002978","CAPZB",21,0,6,0.885829517746209,0.885829517746209,0.0299,,FALSE
"XLOC_002981","TMCO4",8,0,1,0.869200239076005,0.869200239076005,0.142566666666667,,FALSE
"XLOC_002994","HP1BP3",25,0,11,0.327230319053364,0.327230319053364,0.0822,,FALSE
"XLOC_002995","PINK1-AS",19,0,16,0.104493944720578,0.104493944720578,0.0446666666666666,,FALSE
"XLOC_002999","EIF4G3",30,0,12,0.423075357614259,0.423075357614259,0.0501,,FALSE
"XLOC_003003","ECE1",15,0,2,0.628857429823074,0.628857429823074,0.0538,,FALSE
"XLOC_003007","RAP1GAP",11,0,0,0.808056161376703,0.808056161376703,0.0424,,FALSE
"XLOC_003008","USP48",13,0,2,0.0656832135211023,0.0656832135211023,0.0604666666666667,,FALSE
"XLOC_003027","HNRNPR",15,0,5,0.162430441510881,0.162430441510881,0.0203,,FALSE
"XLOC_003034","ID3",3,0,0,0.770444865095264,0.770444865095264,0.0146666666666667,,FALSE
"XLOC_003037","GALE",16,0,3,0.850031770577629,0.850031770577629,0.0428,,FALSE
"XLOC_003038","HMGCL",17,0,11,0.677406232850391,0.677406232850391,0.0604,,FALSE
"XLOC_003043","SRSF10",20,0,6,0.796017515410957,0.796017515410957,0.039,,FALSE
"XLOC_003047","IFNLR1",5,0,0,0.947972183634089,0.947972183634089,0.0136666666666666,,FALSE
"XLOC_003049","STPG1",12,0,5,0.623849235202095,0.623849235202095,0.2233,,FALSE
"XLOC_003059","SYF2",5,0,1,0.811726996956637,0.811726996956637,0.0427666666666667,,FALSE
"XLOC_003060","RSRP1",25,0,6,0.00731266224782096,0.00731266224782096,0.0715666666666667,,FALSE
"XLOC_003068","STMN1",12,0,6,0.194780253144065,0.194780253144065,0.0430666666666666,,FALSE
"XLOC_003069","PAFAH2",7,0,4,0.67462261088495,0.67462261088495,0.0694,,FALSE
"XLOC_003076","UBXN11",17,0,3,0.000249663010314299,0.000249663010314299,0.0782,,FALSE
"XLOC_003089","GPN2",10,0,3,0.828484667704454,0.828484667704454,0.0619,,FALSE
"XLOC_003104","FGR",21,0,16,0.107870458013349,0.107870458013349,0.0554,,FALSE
"XLOC_003105","LINC02574",6,0,0,0.841813307313234,0.841813307313234,0.0063333333333333,,FALSE
"XLOC_003110","RPA2",7,0,3,0.158975913659713,0.158975913659713,0.0693333333333333,,FALSE
"XLOC_003112","EYA3",9,0,5,0.856377503190988,0.856377503190988,0.0956,,FALSE
"XLOC_003120","DNAJC8",20,0,18,0.00862536741618061,0.00862536741618061,0.113633333333333,,FALSE
"XLOC_003124","SNHG12",21,1,1,0.0197260593086169,0.0197260593086169,0.295333333333333,0.206366666666667,FALSE
"XLOC_003126","TAF12",13,0,3,0.0105942178773611,0.0105942178773611,0.143266666666667,,FALSE
"XLOC_003133","SRSF4",8,0,1,0.55979061170349,0.55979061170349,0.0186333333333333,,FALSE
"XLOC_003134","MECR",18,0,3,0.114792968628365,0.114792968628365,0.0724666666666667,,FALSE
"XLOC_003143","LAPTM5",15,0,14,0.617506084274039,0.617506084274039,0.0567000000000001,,FALSE
"XLOC_003148","PUM1",27,0,12,0.709238835005624,0.709238835005624,0.0651666666666667,,FALSE
"XLOC_003152","SNRNP40",9,0,2,0.472299525052652,0.472299525052652,0.0212,,FALSE
"XLOC_003166","PTP4A2",18,0,0,0.142999473295324,0.142999473295324,0.108866666666667,,FALSE
"XLOC_003170","TMEM234",15,1,2,0.0431815804609334,0.0431815804609334,0.2981,0.2981,FALSE
"XLOC_003177","BSDC1",14,0,2,0.663497206481048,0.663497206481048,0.0473,,FALSE
"XLOC_003180","ZBTB8OS",26,0,16,0.651380212935726,0.651380212935726,0.0976333333333333,,FALSE
"XLOC_003181","SYNC",5,0,3,0.160732169554172,0.160732169554172,0.176533333333333,,FALSE
"XLOC_003183","YARS1",23,0,13,0.220965478355995,0.220965478355995,0.1512,,FALSE
"XLOC_003186","RNF19B",11,0,8,0.0188654766582513,0.0188654766582513,0.0597333333333333,,FALSE
"XLOC_003187","AK2",26,0,7,8.02771251629621e-08,8.02771251629621e-08,0.110033333333333,,FALSE
"XLOC_003189","TRIM62",4,0,1,0.38126242743507,0.38126242743507,0.1189,,FALSE
"XLOC_003191","PHC2",12,0,2,0.00760307617083418,0.00760307617083418,0.0474666666666667,,FALSE
"XLOC_003201","GPR199P",21,0,12,0.00657614990256825,0.00657614990256825,0.0309666666666667,,FALSE
"XLOC_003203","SFPQ",16,0,9,0.435445405622702,0.435445405622702,0.0896666666666667,,FALSE
"XLOC_003206","KIAA0319L",16,0,1,0.559979987988262,0.559979987988262,0.0275,,FALSE
"XLOC_003208","PSMB2",7,1,6,1.18204549421993e-21,1.18204549421993e-21,0.2186,0.2186,TRUE
"XLOC_003209","C1orf216",3,0,0,0.793892799758887,0.793892799758887,0.0160333333333333,,FALSE
"XLOC_003210","CLSPN",10,0,6,0.565482025189798,0.565482025189798,0.146433333333333,,FALSE
"XLOC_003217","TRAPPC3",13,0,6,0.543008518982475,0.543008518982475,0.0622333333333334,,FALSE
"XLOC_003220","STK40",10,0,2,0.973164590618576,0.973164590618576,0.0199666666666667,,FALSE
"XLOC_003225","MRPS15",5,0,1,0.675550335308641,0.675550335308641,0.0337333333333333,,FALSE
"XLOC_003226","CSF3R",13,0,0,0.876511956623,0.876511956623,0.0459,,FALSE
"XLOC_003231","ZC3H12A-DT",7,0,1,0.411186548539171,0.411186548539171,0.2497,,FALSE
"XLOC_003232","MEAF6",9,0,4,0.916446218551001,0.916446218551001,0.0508,,FALSE
"XLOC_003235","GNL2",19,0,13,0.028311129607464,0.028311129607464,0.0978,,FALSE
"XLOC_003237","C1orf109",18,0,6,0.429521164790187,0.429521164790187,0.226966666666667,,FALSE
"XLOC_003244","INPP5B",9,0,4,0.764254143072678,0.764254143072678,0.168166666666667,,FALSE
"XLOC_003245","SF3A3",20,0,14,0.283731229142956,0.283731229142956,0.0388333333333333,,FALSE
"XLOC_003246","FHL3",5,0,0,0.965702257668466,0.965702257668466,0.0825333333333333,,FALSE
"XLOC_003253","RRAGC",13,0,6,0.896049900987671,0.896049900987671,0.0504333333333333,,FALSE
"XLOC_003262","PPIEL",25,0,5,0.889120996695239,0.889120996695239,0.0783666666666667,,FALSE
"XLOC_003263","PABPC4",56,0,25,0.342326973519476,0.342326973519476,0.0701666666666667,,FALSE
"XLOC_003272","TRIT1",14,0,6,0.852264220844136,0.852264220844136,0.137766666666667,,FALSE
"XLOC_003276","PPT1",102,0,94,2.07018720701494e-05,2.07018720701494e-05,0.0412333333333333,,FALSE
"XLOC_003294","SCMH1",40,0,27,0.00170415082150538,0.00170415082150538,0.0999666666666667,,FALSE
"XLOC_003300","HIVEP3",5,0,1,0.981223855852554,0.981223855852554,0.0585000000000001,,FALSE
"XLOC_003302","FOXJ3",13,0,6,0.837293914960518,0.837293914960518,0.112233333333333,,FALSE
"XLOC_003309","P3H1",19,0,8,0.120438484802293,0.120438484802293,0.0979666666666666,,FALSE
"XLOC_003312","ZNF691-DT",6,0,1,0.981954507201818,0.981954507201818,0.0742,,FALSE
"XLOC_003315","SLC2A1",19,2,8,1.00013746008404e-16,1.00013746008404e-16,0.192066666666667,0.192066666666667,TRUE
"XLOC_003319","EBNA1BP2",10,0,6,0.452009167270074,0.452009167270074,0.00753333333333333,,FALSE
"XLOC_003322","ELOVL1",45,0,34,0.000167993134532912,0.000167993134532912,0.0555333333333333,,FALSE
"XLOC_003324","HYI",11,0,0,0.0282067032490752,0.0282067032490752,0.128966666666667,,FALSE
"XLOC_003342","ERI3",12,0,6,0.105075916094044,0.105075916094044,0.181833333333333,,FALSE
"XLOC_003344","TMEM53",11,0,2,0.627700692404136,0.627700692404136,0.0759333333333333,,FALSE
"XLOC_003353","EIF2B3",12,0,5,0.265753578241888,0.265753578241888,0.0952,,FALSE
"XLOC_003358","MUTYH",39,0,4,0.910838644066982,0.910838644066982,0.114066666666667,,FALSE
"XLOC_003360","PRDX1",16,0,11,0.278865614870529,0.278865614870529,0.0314333333333333,,FALSE
"XLOC_003367","GPBP1L1",39,0,27,5.10988864362371e-07,5.10988864362371e-07,0.0961666666666667,,FALSE
"XLOC_003370","IPP",9,0,6,0.851505827290827,0.851505827290827,0.0572666666666667,,FALSE
"XLOC_003373","POMGNT1",38,0,6,0.617506084274039,0.617506084274039,0.0744333333333333,,FALSE
"XLOC_003374","LRRC41",10,0,5,0.032678841272761,0.032678841272761,0.0805666666666667,,FALSE
"XLOC_003378","MKNK1",39,0,13,0.0501262806511574,0.0501262806511574,0.121866666666667,,FALSE
"XLOC_003379","ATPAF1",30,0,8,0.598736545776411,0.598736545776411,0.0764333333333334,,FALSE
"XLOC_003392","STIL",18,0,8,0.989191405691663,0.989191405691663,0.0954666666666667,,FALSE
"XLOC_003415","FAF1",11,0,7,0.914566395027668,0.914566395027668,0.1122,,FALSE
"XLOC_003421","EPS15",19,0,13,0.00885048581094458,0.00885048581094458,0.102833333333333,,FALSE
"XLOC_003426","NRDC",34,0,25,0.682009508010367,0.682009508010367,0.0288333333333333,,FALSE
"XLOC_003428","TXNDC12",9,0,3,0.862362984760532,0.862362984760532,0.0342666666666667,,FALSE
"XLOC_003433","CC2D1B",14,0,5,0.811157814130865,0.811157814130865,0.0292666666666667,,FALSE
"XLOC_003434","ORC1",6,0,5,0.0054364114243392,0.0054364114243392,0.3307,,FALSE
"XLOC_003435","TUT4",23,0,9,0.349946258299981,0.349946258299981,0.135766666666667,,FALSE
"XLOC_003440","ECHDC2",22,0,0,0.0168733864111902,0.0168733864111902,0.102666666666667,,FALSE
"XLOC_003448","CZIB",9,0,3,0.735895858034339,0.735895858034339,0.0264666666666666,,FALSE
"XLOC_003449","MAGOH",5,0,2,0.863480226741639,0.863480226741639,0.0368333333333333,,FALSE
"XLOC_003450","LRP8",31,0,6,0.444601187836782,0.444601187836782,0.0674,,FALSE
"XLOC_003457","NDC1",10,0,9,0.281088607618954,0.281088607618954,0.0764,,FALSE
"XLOC_003459","YIPF1",12,0,10,0.0614267842856464,0.0614267842856464,0.182966666666667,,FALSE
"XLOC_003460","HSPB11",9,0,5,0.961485468177886,0.961485468177886,0.106033333333333,,FALSE
"XLOC_003463","TMEM59",19,0,12,0.369683005965107,0.369683005965107,0.0361333333333333,,FALSE
"XLOC_003466","CDCP2",14,0,3,0.980551448914349,0.980551448914349,0.139733333333333,,FALSE
"XLOC_003467","SSBP3",16,0,4,1.26280012136321e-05,1.26280012136321e-05,0.0565,,FALSE
"XLOC_003473","DHCR24",13,0,8,0.546385522035585,0.546385522035585,0.0706,,FALSE
"XLOC_003476","USP24",10,0,4,0.627534507682135,0.627534507682135,0.0995333333333333,,FALSE
"XLOC_003482","PLPP3",19,0,4,0.913531242905025,0.913531242905025,0.0276666666666667,,FALSE
"XLOC_003489","OMA1",15,0,8,0.988385657209843,0.988385657209843,0.0765,,FALSE
"XLOC_003499","JUN",6,0,4,0.44290166453824,0.44290166453824,0.114566666666667,,FALSE
"XLOC_003502","LINC02777",9,0,5,0.0612938945440989,0.0612938945440989,0.1686,,FALSE
"XLOC_003503","XLOC_003503",5,0,3,0.7167487630214,0.7167487630214,0.246733333333333,,FALSE
"XLOC_003522","DOCK7",22,2,5,0.000724341040314165,0.000724341040314165,0.414666666666667,0.414666666666667,TRUE
"XLOC_003531","ITGB3BP",14,0,1,0.946114121450942,0.946114121450942,0.0777,,FALSE
"XLOC_003544","ROR1-AS1",20,0,16,0.726881225132901,0.726881225132901,0.0478333333333333,,FALSE
"XLOC_003546","JAK1",35,0,13,0.000127224230480006,0.000127224230480006,0.086,,FALSE
"XLOC_003568","SERBP1",10,0,5,0.0507652982578393,0.0507652982578393,0.0192666666666667,,FALSE
"XLOC_003575","WLS",9,0,2,0.930762107555381,0.930762107555381,0.083,,FALSE
"XLOC_003582","DEPDC1",8,0,4,0.967946588326934,0.967946588326934,0.232833333333333,,FALSE
"XLOC_003588","LRRC40",5,0,5,0.0316853002318411,0.0316853002318411,0.0978333333333333,,FALSE
"XLOC_003591","ANKRD13C",9,0,4,0.338356477589964,0.338356477589964,0.0798333333333333,,FALSE
"XLOC_003597","ZRANB2",16,0,12,0.0354503517033335,0.0354503517033335,0.0363333333333334,,FALSE
"XLOC_003623","PIGK",9,0,5,0.971656286955492,0.971656286955492,0.0615,,FALSE
"XLOC_003626","ZZZ3",21,0,11,0.941643945989992,0.941643945989992,0.0439,,FALSE
"XLOC_003627","USP33",22,0,7,0.878349972464478,0.878349972464478,0.0737666666666667,,FALSE
"XLOC_003631","FUBP1",26,0,13,0.127515040751405,0.127515040751405,0.1408,,FALSE
"XLOC_003663","GNG5",15,0,5,3.73178623451139e-07,3.73178623451139e-07,0.0303666666666667,,FALSE
"XLOC_003668","MCOLN2",28,0,25,0.805132662426814,0.805132662426814,0.0634333333333333,,FALSE
"XLOC_003669","MCOLN3",15,0,10,0.0067034853933762,0.0067034853933762,0.0464666666666667,,FALSE
"XLOC_003672","C1orf52",5,0,1,0.898646800687559,0.898646800687559,0.0628333333333333,,FALSE
"XLOC_003673","BCL10",5,0,2,0.985176429642836,0.985176429642836,0.0900666666666666,,FALSE
"XLOC_003677","ZNHIT6",5,0,3,0.970404842401032,0.970404842401032,0.0503666666666666,,FALSE
"XLOC_003681","ODF2L",26,0,4,0.487933016700527,0.487933016700527,0.0879666666666667,,FALSE
"XLOC_003697","GTF2B",9,0,4,0.0826174266558807,0.0826174266558807,0.0450666666666666,,FALSE
"XLOC_003698","KYAT3",37,0,26,0.00249152733067468,0.00249152733067468,0.1457,,FALSE
"XLOC_003699","GBP1",29,0,24,0.00030239879233479,0.00030239879233479,0.1456,,FALSE
"XLOC_003700","PTGES3P1",29,0,23,0.306136782794246,0.306136782794246,0.0391666666666667,,FALSE
"XLOC_003701","GBP4",14,0,11,0.000539150920418786,0.000539150920418786,0.135166666666667,,FALSE
"XLOC_003703","GBP5",19,0,16,0.052885145610724,0.052885145610724,0.0899666666666667,,FALSE
"XLOC_003718","ZNF644",12,0,4,0.786674236963885,0.786674236963885,0.0707666666666667,,FALSE
"XLOC_003727","GLMN",12,0,8,0.374177651639817,0.374177651639817,0.201433333333333,,FALSE
"XLOC_003730","EVI5",9,0,0,0.891888131399128,0.891888131399128,0.0822333333333333,,FALSE
"XLOC_003739","TMED5",9,0,6,0.379948104234756,0.379948104234756,0.053,,FALSE
"XLOC_003741","CCDC18-AS1",37,0,15,0.224646649048194,0.224646649048194,0.100533333333333,,FALSE
"XLOC_003746","BCAR3",11,0,4,0.98086677404697,0.98086677404697,0.0491333333333333,,FALSE
"XLOC_003747","DNTTIP2",14,0,8,0.0056388353797761,0.0056388353797761,0.019,,FALSE
"XLOC_003762","F3",10,0,6,0.000648683769451291,0.000648683769451291,0.0515666666666666,,FALSE
"XLOC_003768","ALG14",4,1,1,0.000232193721392635,0.000232193721392635,0.167766666666667,0.167766666666667,TRUE
"XLOC_003779","DPYD",43,0,33,0.461337432003287,0.461337432003287,0.0731333333333333,,FALSE
"XLOC_003794","DBT",6,0,3,0.912552469609863,0.912552469609863,0.0489666666666667,,FALSE
"XLOC_003801","EXTL2",11,0,6,0.0611807718689195,0.0611807718689195,0.160866666666667,,FALSE
"XLOC_003803","DPH5",20,0,8,0.506663368640901,0.506663368640901,0.200533333333333,,FALSE
"XLOC_003828","VAV3",12,1,7,0.0162368024267668,0.0162368024267668,0.270666666666667,0.270666666666667,TRUE
"XLOC_003830","SLC25A24",7,0,3,0.903416955239099,0.903416955239099,0.0177333333333333,,FALSE
"XLOC_003837","AKNAD1",57,0,8,0.618460342962364,0.618460342962364,0.0512333333333333,,FALSE
"XLOC_003846","SORT1",14,0,7,0.82397052089862,0.82397052089862,0.0731,,FALSE
"XLOC_003847","PSMA5",11,0,6,0.801137529127823,0.801137529127823,0.0360666666666667,,FALSE
"XLOC_003857","XLOC_003857",3,0,3,0.693910979372814,0.693910979372814,0.0636,,FALSE
"XLOC_003867","XLOC_003867",3,0,3,0.975391479071068,0.975391479071068,0.108833333333333,,FALSE
"XLOC_003871","KCNA3",4,0,2,0.965542362006125,0.965542362006125,0.146433333333333,,FALSE
"XLOC_003874","LRIF1",9,0,8,0.147689613549391,0.147689613549391,0.1588,,FALSE
"XLOC_003877","DRAM2",26,0,20,0.617506084274039,0.617506084274039,0.0319333333333333,,FALSE
"XLOC_003879","DENND2D",28,0,22,0.741859200220266,0.741859200220266,0.0623,,FALSE
"XLOC_003885","WDR77",15,0,10,0.812070362152313,0.812070362152313,0.0738,,FALSE
"XLOC_003888","LINC01160",6,0,3,0.990565872805151,0.990565872805151,0.135966666666667,,FALSE
"XLOC_003898","ST7L",22,0,4,0.00117826661279144,0.00117826661279144,0.0994666666666667,,FALSE
"XLOC_003902","RHOC",32,0,11,0.00294399024700712,0.00294399024700712,0.0303,,FALSE
"XLOC_003905","SLC16A1",13,0,5,0.108333386602806,0.108333386602806,0.0819,,FALSE
"XLOC_003910","PHTF1",22,0,11,0.625264603111173,0.625264603111173,0.138933333333333,,FALSE
"XLOC_003912","RSBN1",4,0,1,0.916223947791855,0.916223947791855,0.1754,,FALSE
"XLOC_003913","PTPN22",20,0,14,0.0561846223296564,0.0561846223296564,0.114366666666667,,FALSE
"XLOC_003915","AP4B1",21,0,10,0.680235451157292,0.680235451157292,0.0813,,FALSE
"XLOC_003921","TRIM33",12,0,7,0.000408564791900453,0.000408564791900453,0.0555666666666667,,FALSE
"XLOC_003926","NRAS",6,0,6,0.417517419798917,0.417517419798917,0.134666666666667,,FALSE
"XLOC_003927","CSDE1",81,0,50,1.05328483946564e-09,1.05328483946564e-09,0.0824666666666667,,FALSE
"XLOC_003928","SIKE1",10,0,0,0.939591875108204,0.939591875108204,0.196533333333333,,FALSE
"XLOC_003962","GDAP2",10,0,6,0.00195280602573753,0.00195280602573753,0.0906333333333333,,FALSE
"XLOC_003986","NOTCH2",13,0,3,0.619038872666586,0.619038872666586,0.1143,,FALSE
"XLOC_003987","SEC22B",19,0,14,0.160595445098815,0.160595445098815,0.0545333333333333,,FALSE
"XLOC_004001","FAM72B",6,0,1,0.305295034894675,0.305295034894675,0.1562,,FALSE
"XLOC_004021","FAM72C",2,0,0,0.952492655340824,0.952492655340824,0.0630666666666667,,FALSE
"XLOC_004039","SRGAP2B",9,0,3,0.735895858034339,0.735895858034339,0.0862666666666667,,FALSE
"XLOC_004040","LINC01145",7,0,1,0.940308132774976,0.940308132774976,0.2025,,FALSE
"XLOC_004050","PIAS3",6,0,0,0.898646800687559,0.898646800687559,0.0503666666666667,,FALSE
"XLOC_004054","PEX11B",23,0,12,0.487342428327123,0.487342428327123,0.0310000000000001,,FALSE
"XLOC_004055","LIX1L",3,0,2,0.440986999747509,0.440986999747509,0.104133333333333,,FALSE
"XLOC_004057","TXNIP",16,0,15,0.0319702039581074,0.0319702039581074,0.0918,,FALSE
"XLOC_004060","NBPF10",16,0,6,0.272268422355118,0.272268422355118,0.139633333333333,,FALSE
"XLOC_004061","SEC22B4P",3,0,2,0.643843062277188,0.643843062277188,0.0822333333333333,,FALSE
"XLOC_004072","FMO5",10,0,4,0.914433009626997,0.914433009626997,0.2054,,FALSE
"XLOC_004081","NBPF11",7,0,4,0.214312342440268,0.214312342440268,0.116733333333333,,FALSE
"XLOC_004103","XLOC_004103",12,0,9,0.813114142249494,0.813114142249494,0.0213333333333333,,FALSE
"XLOC_004120","MTMR11",14,0,8,0.735406124319152,0.735406124319152,0.170133333333333,,FALSE
"XLOC_004123","ANP32E",12,0,5,0.210729575180375,0.210729575180375,0.0261,,FALSE
"XLOC_004125","APH1A",14,0,6,0.968190480968124,0.968190480968124,0.0233333333333333,,FALSE
"XLOC_004128","ADAMTSL4-AS1",10,0,1,0.914995550154913,0.914995550154913,0.1715,,FALSE
"XLOC_004132","ENSA",14,0,7,0.0039767286863957,0.0039767286863957,0.0226333333333333,,FALSE
"XLOC_004136","CTSS",44,0,33,0.000180714138658587,0.000180714138658587,0.0369,,FALSE
"XLOC_004137","CTSK",42,0,18,0.0278126663724334,0.0278126663724334,0.0726333333333333,,FALSE
"XLOC_004140","CERS2",22,0,9,0.0221350368598428,0.0221350368598428,0.1021,,FALSE
"XLOC_004141","MINDY1",13,0,9,0.471246913988577,0.471246913988577,0.128933333333333,,FALSE
"XLOC_004143","CDC42SE1",15,0,10,0.9659375568828,0.9659375568828,0.0242,,FALSE
"XLOC_004151","PI4KB",19,0,8,0.621676017916741,0.621676017916741,0.104166666666667,,FALSE
"XLOC_004153","RFX5",23,0,10,0.797419645511279,0.797419645511279,0.0637333333333334,,FALSE
"XLOC_004155","POGZ",18,0,1,0.0253774674862603,0.0253774674862603,0.0492,,FALSE
"XLOC_004161","MRPL9",12,0,2,0.191894677911376,0.191894677911376,0.0717333333333333,,FALSE
"XLOC_004163","TDRKH",10,0,4,0.140537333793891,0.140537333793891,0.166933333333333,,FALSE
"XLOC_004171","S100A10",4,0,2,0.306378554941649,0.306378554941649,0.00523333333333331,,FALSE
"XLOC_004172","S100A11",4,0,4,0.990252995352296,0.990252995352296,0.00366666666666667,,FALSE
"XLOC_004207","S100A6",6,0,2,0.955592307710423,0.955592307710423,0.00286666666666668,,FALSE
"XLOC_004209","S100A4",10,0,5,0.766172996387615,0.766172996387615,0.00296666666666667,,FALSE
"XLOC_004210","S100A2",4,0,0,0.67779704482925,0.67779704482925,0.449,,FALSE
"XLOC_004212","S100A16",5,0,3,0.733752199058971,0.733752199058971,0.108933333333333,,FALSE
"XLOC_004214","S100A13",12,0,3,0.125440998685666,0.125440998685666,0.0860666666666666,,FALSE
"XLOC_004215","ILF2",23,0,19,0.344341515558699,0.344341515558699,0.0546666666666667,,FALSE
"XLOC_004221","GATAD2B",7,0,1,0.0678587603212411,0.0678587603212411,0.141333333333333,,FALSE
"XLOC_004223","DENND4B",19,0,7,0.813448044721449,0.813448044721449,0.0545666666666667,,FALSE
"XLOC_004224","CRTC2",11,0,1,0.559638746846694,0.559638746846694,0.0260333333333333,,FALSE
"XLOC_004225","SLC39A1",27,0,12,0.688547624340824,0.688547624340824,0.0586333333333334,,FALSE
"XLOC_004230","TPM3",43,0,27,0.828484667704454,0.828484667704454,0.0260333333333334,,FALSE
"XLOC_004233","C1orf43",20,0,15,0.887796344626352,0.887796344626352,0.0655333333333334,,FALSE
"XLOC_004236","IL6R-AS1",4,0,3,0.12082738842948,0.12082738842948,0.0897,,FALSE
"XLOC_004239","UBE2Q1",10,0,4,0.403616899277667,0.403616899277667,0.0342,,FALSE
"XLOC_004242","ADAR",40,0,17,1.24289868052633e-06,1.24289868052633e-06,0.0473333333333333,,FALSE
"XLOC_004244","PMVK",4,0,4,0.932333660362822,0.932333660362822,0.00243333333333333,,FALSE
"XLOC_004245","PBXIP1",6,0,0,0.861700169044278,0.861700169044278,0.1409,,FALSE
"XLOC_004247","PYGO2",17,0,5,0.156632949972891,0.156632949972891,0.0619666666666667,,FALSE
"XLOC_004251","DPM3",3,0,0,0.26061467754463,0.26061467754463,0.0377,,FALSE
"XLOC_004252","KRTCAP2",18,0,4,0.367665002590885,0.367665002590885,0.0526,,FALSE
"XLOC_004253","THBS3",16,0,6,0.234268290086817,0.234268290086817,0.134266666666667,,FALSE
"XLOC_004255","GBAP1",30,0,9,0.220348286797988,0.220348286797988,0.2097,,FALSE
"XLOC_004256","GBA",41,0,33,0.111174251893449,0.111174251893449,0.0519333333333333,,FALSE
"XLOC_004257","FAM189B",8,0,0,0.941898301880717,0.941898301880717,0.0382333333333334,,FALSE
"XLOC_004258","SCAMP3",17,0,8,0.952236304474433,0.952236304474433,0.0722333333333333,,FALSE
"XLOC_004259","CLK2",9,0,2,0.976655726009644,0.976655726009644,0.0461333333333333,,FALSE
"XLOC_004262","ASH1L",18,0,4,0.974936067664205,0.974936067664205,0.1164,,FALSE
"XLOC_004268","YY1AP1",35,1,19,4.93696487182956e-06,4.93696487182956e-06,0.185466666666667,0.185466666666667,TRUE
"XLOC_004271","GON4L",29,0,14,0.973440286241923,0.973440286241923,0.0450333333333333,,FALSE
"XLOC_004272","RIT1",14,0,8,0.346425028595306,0.346425028595306,0.0468666666666667,,FALSE
"XLOC_004273","KHDC4",8,0,1,0.801351526909257,0.801351526909257,0.0485333333333333,,FALSE
"XLOC_004276","ARHGEF2",22,0,2,0.0114172144340151,0.0114172144340151,0.0767666666666667,,FALSE
"XLOC_004278","SSR2",20,0,5,0.00117674517372437,0.00117674517372437,0.0473999999999999,,FALSE
"XLOC_004279","UBQLN4",6,0,3,0.881086048364992,0.881086048364992,0.0793666666666666,,FALSE
"XLOC_004283","SMG5",8,0,5,0.090119433786982,0.090119433786982,0.0859666666666667,,FALSE
"XLOC_004284","GLMP",29,0,16,4.0064964893072e-08,4.0064964893072e-08,0.0366666666666667,,FALSE
"XLOC_004286","CCT3",31,0,25,0.0032433642922781,0.0032433642922781,0.0475,,FALSE
"XLOC_004292","IQGAP3",7,0,4,0.705376000969933,0.705376000969933,0.0601666666666667,,FALSE
"XLOC_004293","GPATCH4",18,0,6,0.749864137065579,0.749864137065579,0.228933333333333,,FALSE
"XLOC_004300","CRABP2",6,0,5,2.84965091202382e-09,2.84965091202382e-09,0.0687,,FALSE
"XLOC_004302","ISG20L2",8,0,5,0.890851382334369,0.890851382334369,0.0483666666666667,,FALSE
"XLOC_004304","HDGF",15,0,7,0.272556438494283,0.272556438494283,0.0432333333333333,,FALSE
"XLOC_004308","ARHGEF11",7,0,0,0.948186974774344,0.948186974774344,0.156533333333333,,FALSE
"XLOC_004351","AIM2",15,0,9,0.074377928222502,0.074377928222502,0.120033333333333,,FALSE
"XLOC_004368","TAGLN2",15,0,12,0.405881738617009,0.405881738617009,0.0116000000000001,,FALSE
"XLOC_004376","DCAF8",51,0,33,0.0180417465765129,0.0180417465765129,0.0436333333333333,,FALSE
"XLOC_004378","COPA",44,0,23,2.57188980971809e-06,2.57188980971809e-06,0.0975666666666667,,FALSE
"XLOC_004382","CD84",17,0,10,0.787051915881291,0.787051915881291,0.0985666666666667,,FALSE
"XLOC_004383","SLAMF1",8,0,7,0.223753561715721,0.223753561715721,0.0475333333333333,,FALSE
"XLOC_004391","F11R",17,0,2,0.146472842278068,0.146472842278068,0.0391333333333334,,FALSE
"XLOC_004392","USF1",14,0,6,0.900092238389208,0.900092238389208,0.067,,FALSE
"XLOC_004396","DEDD",16,0,6,0.16339361907557,0.16339361907557,0.131266666666667,,FALSE
"XLOC_004399","B4GALT3",22,0,14,0.705314092245369,0.705314092245369,0.100333333333333,,FALSE
"XLOC_004411","FCGR3A",12,0,7,0.716412772941402,0.716412772941402,0.0489333333333333,,FALSE
"XLOC_004418","OLFML2B",6,0,2,0.982211863672377,0.982211863672377,0.0925333333333334,,FALSE
"XLOC_004428","RGS5",20,0,7,0.67089303514825,0.67089303514825,0.3629,,FALSE
"XLOC_004440","ALDH9A1",10,0,7,0.114067381649623,0.114067381649623,0.0474,,FALSE
"XLOC_004443","TMCO1",11,0,7,0.770522174946161,0.770522174946161,0.0217333333333333,,FALSE
"XLOC_004452","TADA1",8,0,7,0.0383278835121267,0.0383278835121267,0.2556,,FALSE
"XLOC_004461","CREG1",7,0,5,0.929977815697242,0.929977815697242,0.0325,,FALSE
"XLOC_004467","GPR161",10,0,0,0.992734830131746,0.992734830131746,0.124833333333333,,FALSE
"XLOC_004477","NME7",11,0,3,0.000142315752426131,0.000142315752426131,0.4464,,FALSE
"XLOC_004483","SELL",4,0,0,0.928354000327583,0.928354000327583,0.0885666666666667,,FALSE
"XLOC_004485","METTL18",3,0,2,0.594402222691272,0.594402222691272,0.318433333333333,,FALSE
"XLOC_004486","SCYL3",11,0,7,0.898959364717337,0.898959364717337,0.1255,,FALSE
"XLOC_004506","VAMP4",4,0,0,0.940629297517491,0.940629297517491,0.138866666666667,,FALSE
"XLOC_004522","CENPL",21,0,14,0.0527949236698732,0.0527949236698732,0.0793666666666667,,FALSE
"XLOC_004523","GAS5",59,0,13,0.0030225105386929,0.0030225105386929,0.0758333333333333,,FALSE
"XLOC_004539","KIAA0040",8,0,3,0.77457363969392,0.77457363969392,0.0897333333333333,,FALSE
"XLOC_004544","COP1",22,0,13,0.169569639747997,0.169569639747997,0.0474333333333334,,FALSE
"XLOC_004555","SEC16B",13,0,5,0.894509773499296,0.894509773499296,0.105533333333333,,FALSE
"XLOC_004556","RASAL2-AS1",3,0,0,0.723489005203132,0.723489005203132,0.1368,,FALSE
"XLOC_004565","ABL2",14,0,3,0.209895349104008,0.209895349104008,0.1432,,FALSE
"XLOC_004572","TOR1AIP2",10,0,4,0.725951102683722,0.725951102683722,0.0761666666666667,,FALSE
"XLOC_004593","GLUL",35,0,24,0.0478432409230699,0.0478432409230699,0.0415666666666667,,FALSE
"XLOC_004596","RNASEL",7,0,6,0.916771166092947,0.916771166092947,0.115533333333333,,FALSE
"XLOC_004598","RGS16",3,0,2,0.0118267740939186,0.0118267740939186,0.0318333333333333,,FALSE
"XLOC_004610","NCF2",48,0,44,5.49860070561855e-12,5.49860070561855e-12,0.119933333333333,,FALSE
"XLOC_004612","ARPC5",9,0,5,0.695922782606947,0.695922782606947,0.0119666666666667,,FALSE
"XLOC_004621","EDEM3",17,0,3,0.913030977232709,0.913030977232709,0.0678666666666666,,FALSE
"XLOC_004622","NIBAN1",6,0,1,0.781374890545453,0.781374890545453,0.114666666666667,,FALSE
"XLOC_004626","TRMT1L",5,0,1,0.849099780879459,0.849099780879459,0.0501333333333333,,FALSE
"XLOC_004632","IVNS1ABP",30,0,26,2.03572638509523e-10,2.03572638509523e-10,0.0732,,FALSE
"XLOC_004639","TPR",29,0,20,0.0501262806511574,0.0501262806511574,0.0452,,FALSE
"XLOC_004642","PTGS2",9,0,4,0.911013198445853,0.911013198445853,0.1187,,FALSE
"XLOC_004666","UCHL5",21,0,12,0.0910897720713755,0.0910897720713755,0.0695333333333334,,FALSE
"XLOC_004680","ASPM",9,0,3,0.897565030419817,0.897565030419817,0.1491,,FALSE
"XLOC_004682","ZBTB41",3,0,1,0.00470595815201809,0.00470595815201809,0.1679,,FALSE
"XLOC_004684","DENND1B",11,0,3,0.0885113369536016,0.0885113369536016,0.0547,,FALSE
"XLOC_004704","ZNF281",3,0,0,0.934422278820934,0.934422278820934,0.1005,,FALSE
"XLOC_004706","KIF14",3,0,1,0.944772807595771,0.944772807595771,0.1527,,FALSE
"XLOC_004707","DDX59",14,0,8,0.00407547984361301,0.00407547984361301,0.0771333333333333,,FALSE
"XLOC_004714","TNNT2",8,0,1,0.965674046979597,0.965674046979597,0.1793,,FALSE
"XLOC_004716","PHLDA3",4,0,1,0.910838644066982,0.910838644066982,0.0753333333333334,,FALSE
"XLOC_004717","CSRP1",17,0,5,0.821660695744886,0.821660695744886,0.0395666666666667,,FALSE
"XLOC_004724","ARL8A",4,0,0,0.871459368102546,0.871459368102546,0.00913333333333344,,FALSE
"XLOC_004725","PTPN7",28,0,13,0.0144391981910603,0.0144391981910603,0.0808333333333333,,FALSE
"XLOC_004732","KDM5B",40,0,7,0.890433529377133,0.890433529377133,0.0832666666666667,,FALSE
"XLOC_004737","KLHL12",12,0,11,3.99927352340897e-05,3.99927352340897e-05,0.132766666666667,,FALSE
"XLOC_004739","ADIPOR1",11,0,7,0.346425028595306,0.346425028595306,0.00973333333333332,,FALSE
"XLOC_004740","CYB5R1",11,0,5,0.0434567801834768,0.0434567801834768,0.0976666666666667,,FALSE
"XLOC_004747","CHI3L1",115,0,114,2.39530503228827e-07,2.39530503228827e-07,0.0676666666666667,,FALSE
"XLOC_004748","CHIT1",45,0,40,0.57208277380478,0.57208277380478,0.0381,,FALSE
"XLOC_004769","PPP1R15B",7,0,3,0.859464472015308,0.859464472015308,0.0357333333333333,,FALSE
"XLOC_004777","RBBP5",7,0,6,0.839858362931546,0.839858362931546,0.1974,,FALSE
"XLOC_004786","NUCKS1",2,0,0,0.214908765704973,0.214908765704973,0.1241,,FALSE
"XLOC_004788","RAB29",15,0,11,0.774609864596935,0.774609864596935,0.131066666666667,,FALSE
"XLOC_004792","RAB7B",13,0,11,0.896363527157701,0.896363527157701,0.0370333333333333,,FALSE
"XLOC_004796","FAM72A",8,0,2,0.846605004167892,0.846605004167892,0.164966666666667,,FALSE
"XLOC_004799","EIF2D",18,0,10,0.186455034786236,0.186455034786236,0.126866666666667,,FALSE
"XLOC_004804","IL10",6,0,2,0.272556438494283,0.272556438494283,0.1445,,FALSE
"XLOC_004805","FCMR",10,0,1,0.943850906830174,0.943850906830174,0.0702666666666666,,FALSE
"XLOC_004806","PIGR",7,0,5,0.895582837225462,0.895582837225462,0.1167,,FALSE
"XLOC_004809","YOD1",2,0,0,0.0430197516736701,0.0430197516736701,0.1777,,FALSE
"XLOC_004827","LAMB3",7,0,3,0.583189406887753,0.583189406887753,0.150033333333333,,FALSE
"XLOC_004829","C1orf74",7,0,1,0.241609543678837,0.241609543678837,0.353133333333333,,FALSE
"XLOC_004846","NEK2",6,0,3,0.675550335308641,0.675550335308641,0.178133333333333,,FALSE
"XLOC_004849","LPGAT1",7,0,3,0.783766735065177,0.783766735065177,0.0685666666666667,,FALSE
"XLOC_004851","INTS7",18,0,11,0.280231830957709,0.280231830957709,0.145466666666667,,FALSE
"XLOC_004857","PACC1",10,0,6,3.48940380672947e-05,3.48940380672947e-05,0.1098,,FALSE
"XLOC_004864","BATF3",3,0,0,0.849441269951828,0.849441269951828,0.3409,,FALSE
"XLOC_004865","NSL1",8,0,4,0.880700293790871,0.880700293790871,0.105733333333333,,FALSE
"XLOC_004869","ANGEL2",12,0,5,0.0418383711736739,0.0418383711736739,0.1942,,FALSE
"XLOC_004884","GPATCH2",7,0,4,0.3487159153389,0.3487159153389,0.0961666666666667,,FALSE
"XLOC_004899","EPRS1",25,0,21,0.015489005547667,0.015489005547667,0.0569333333333333,,FALSE
"XLOC_004900","BPNT1",16,0,7,0.0796658739997365,0.0796658739997365,0.1107,,FALSE
"XLOC_004904","RAB3GAP2",26,0,3,0.998465116442586,0.998465116442586,0.0398333333333334,,FALSE
"XLOC_004919","DUSP10",8,0,6,0.607783900984798,0.607783900984798,0.0631666666666666,,FALSE
"XLOC_004920","LINC01655",11,0,6,0.782548834851151,0.782548834851151,0.0371,,FALSE
"XLOC_004928","TAF1A",11,0,5,0.321549433133589,0.321549433133589,0.232433333333333,,FALSE
"XLOC_004938","TP53BP2",23,0,13,0.209955540921722,0.209955540921722,0.0547666666666667,,FALSE
"XLOC_004941","GTF2IP20",14,0,10,0.493859882621756,0.493859882621756,0.1682,,FALSE
"XLOC_004947","NVL",24,0,10,0.0569605426539355,0.0569605426539355,0.0829666666666667,,FALSE
"XLOC_004949","WDR26",19,0,7,0.0935470945099013,0.0935470945099013,0.0482,,FALSE
"XLOC_004956","LBR",20,1,13,0.00351634732538511,0.00351634732538511,0.183866666666667,0.183866666666667,TRUE
"XLOC_004960","TMEM63A",16,0,8,0.110741026367277,0.110741026367277,0.0772333333333334,,FALSE
"XLOC_004961","PYCR2",10,0,3,0.977835348498888,0.977835348498888,0.0314333333333334,,FALSE
"XLOC_004963","SDE2",3,0,2,0.0233369532029564,0.0233369532029564,0.1182,,FALSE
"XLOC_004965","ACBD3",7,0,5,0.97569233760262,0.97569233760262,0.0266666666666667,,FALSE
"XLOC_004970","PARP1",31,0,17,0.00479954333470634,0.00479954333470634,0.0825666666666667,,FALSE
"XLOC_004977","CDC42BPA",9,0,0,0.225908145209137,0.225908145209137,0.195666666666667,,FALSE
"XLOC_004991","C1orf35",7,0,0,0.975748589055726,0.975748589055726,0.0781000000000001,,FALSE
"XLOC_004992","MRPL55",29,0,4,0.194406021726536,0.194406021726536,0.1297,,FALSE
"XLOC_005002","TRIM11",6,0,0,0.641315260904653,0.641315260904653,0.0292333333333333,,FALSE
"XLOC_005036","NUP133",11,0,7,0.0084268510072888,0.0084268510072888,0.0802333333333333,,FALSE
"XLOC_005037","ABCB10",11,0,8,0.982311852903871,0.982311852903871,0.097,,FALSE
"XLOC_005039","TAF5L",5,0,1,0.183190120016525,0.183190120016525,0.0749666666666666,,FALSE
"XLOC_005050","C1orf198",4,0,1,0.1151762988719,0.1151762988719,0.0545666666666667,,FALSE
"XLOC_005052","TTC13",14,0,5,0.0181476278092603,0.0181476278092603,0.098,,FALSE
"XLOC_005056","C1orf131",10,0,6,0.728952411589906,0.728952411589906,0.142566666666667,,FALSE
"XLOC_005060","EGLN1",20,0,4,1.06365464490233e-09,1.06365464490233e-09,0.111166666666667,,FALSE
"XLOC_005066","SIPA1L2",9,0,0,0.686229665395469,0.686229665395469,0.0968,,FALSE
"XLOC_005069","PCNX2",19,0,2,0.109138157321846,0.109138157321846,0.2309,,FALSE
"XLOC_005081","TARBP1",14,0,5,0.00957397517256966,0.00957397517256966,0.1001,,FALSE
"XLOC_005085","IRF2BP2",3,0,0,0.469001288348406,0.469001288348406,0.1279,,FALSE
"XLOC_005090","XLOC_005090",12,0,0,0.860045790207458,0.860045790207458,0.1526,,FALSE
"XLOC_005095","TOMM20",6,0,4,0.078187288855529,0.078187288855529,0.0529333333333333,,FALSE
"XLOC_005096","RBM34",43,0,24,0.133056850611745,0.133056850611745,0.0415,,FALSE
"XLOC_005099","B3GALNT2",11,0,2,0.20519197074562,0.20519197074562,0.175833333333333,,FALSE
"XLOC_005105","LYST",25,0,16,0.037151817695678,0.037151817695678,0.0488,,FALSE
"XLOC_005109","NID1",8,0,6,0.678833886857724,0.678833886857724,0.177533333333333,,FALSE
"XLOC_005110","ERO1B",9,0,0,0.0710796098949324,0.0710796098949324,0.2291,,FALSE
"XLOC_005113","HEATR1",19,0,12,0.0334464019819714,0.0334464019819714,0.104533333333333,,FALSE
"XLOC_005148","FH",14,0,7,0.055656405823896,0.055656405823896,0.0754,,FALSE
"XLOC_005149","OPN3",10,0,3,0.262925112100685,0.262925112100685,0.027,,FALSE
"XLOC_005161","CEP170",31,0,8,0.00597023366210467,0.00597023366210467,0.0628666666666667,,FALSE
"XLOC_005163","AKT3",16,0,1,0.589915330593767,0.589915330593767,0.200933333333333,,FALSE
"XLOC_005170","ADSS2",8,0,4,0.0519128704551148,0.0519128704551148,0.176533333333333,,FALSE
"XLOC_005177","HNRNPU",35,0,9,0.090990173466652,0.090990173466652,0.0508,,FALSE
"XLOC_005185","SMYD3",13,0,4,0.955106890937159,0.955106890937159,0.131633333333333,,FALSE
"XLOC_005191","TFB2M",9,0,9,0.052468964500728,0.052468964500728,0.102533333333333,,FALSE
"XLOC_005194","AHCTF1",16,0,11,0.171527865071987,0.171527865071987,0.0975666666666667,,FALSE
"XLOC_005200","ZNF124",13,0,11,0.993529677543483,0.993529677543483,0.0345,,FALSE
"XLOC_005202","ZNF731P",10,0,6,0.15573314933419,0.15573314933419,0.124333333333333,,FALSE
"XLOC_005234","ZNF692",22,0,2,0.34391939333861,0.34391939333861,0.129133333333333,,FALSE
"XLOC_005237","ZMYND11",15,0,3,0.916485893703757,0.916485893703757,0.0726,,FALSE
"XLOC_005243","GTPBP4",14,0,12,0.988531065610241,0.988531065610241,0.0759,,FALSE
"XLOC_005245","WDR37",10,0,5,0.777656038477024,0.777656038477024,0.0836,,FALSE
"XLOC_005258","PFKP",17,0,7,1.97466992859568e-05,1.97466992859568e-05,0.096,,FALSE
"XLOC_005277","AKR1C1",5,0,0,0.0433226348501136,0.0433226348501136,0.0567666666666667,,FALSE
"XLOC_005286","NET1",3,0,0,0.769086402673333,0.769086402673333,0.451966666666667,,FALSE
"XLOC_005290","TASOR2",19,0,2,0.881500773258027,0.881500773258027,0.0445,,FALSE
"XLOC_005293","FBH1",16,0,0,0.513764457798475,0.513764457798475,0.0882666666666667,,FALSE
"XLOC_005295","RBM17",15,0,3,0.116265505640425,0.116265505640425,0.0544333333333333,,FALSE
"XLOC_005296","PFKFB3",13,0,1,0.945181193030514,0.945181193030514,0.0439,,FALSE
"XLOC_005310","ATP5F1C",14,0,6,0.723489005203132,0.723489005203132,0.0375,,FALSE
"XLOC_005330","CELF2",13,0,6,0.828479471628197,0.828479471628197,0.0708666666666667,,FALSE
"XLOC_005335","ECHDC3",5,0,0,0.945181193030514,0.945181193030514,0.0857666666666667,,FALSE
"XLOC_005340","CDC123",14,0,7,0.150535249923816,0.150535249923816,0.0103666666666667,,FALSE
"XLOC_005347","OPTN",25,0,16,0.417382922263888,0.417382922263888,0.0415333333333333,,FALSE
"XLOC_005348","MCM10",5,0,2,0.793295251473026,0.793295251473026,0.26,,FALSE
"XLOC_005366","HSPA14",8,0,4,0.920031453668485,0.920031453668485,0.108733333333333,,FALSE
"XLOC_005367","SUV39H2",7,0,2,0.776315643854488,0.776315643854488,0.183633333333333,,FALSE
"XLOC_005374","PTER",14,0,9,0.00260740296019743,0.00260740296019743,0.1231,,FALSE
"XLOC_005379","VIM",22,0,13,0.0430809343867899,0.0430809343867899,0.0456666666666667,,FALSE
"XLOC_005383","STAM",6,0,2,0.900262985610363,0.900262985610363,0.149266666666667,,FALSE
"XLOC_005385","MRC1",40,0,40,3.94211587870639e-05,3.94211587870639e-05,0.0541333333333333,,FALSE
"XLOC_005397","PLXDC2",8,0,5,0.786192163688404,0.786192163688404,0.0673333333333333,,FALSE
"XLOC_005412","MLLT10",20,1,3,0.00740277648429067,0.00740277648429067,0.150766666666667,0.150766666666667,FALSE
"XLOC_005424","COMMD3",32,0,12,0.0143086910552903,0.0143086910552903,0.1228,,FALSE
"XLOC_005431","MSRB2",3,0,0,0.836940846429354,0.836940846429354,0.187366666666667,,FALSE
"XLOC_005438","OTUD1",2,0,1,0.992351431444676,0.992351431444676,0.0530666666666667,,FALSE
"XLOC_005459","PDSS1",6,0,2,0.40128005015697,0.40128005015697,0.1844,,FALSE
"XLOC_005463","MASTL",11,0,9,0.00159581029768819,0.00159581029768819,0.0763666666666667,,FALSE
"XLOC_005469","RAB18",28,0,3,0.844823398629123,0.844823398629123,0.0555666666666667,,FALSE
"XLOC_005478","WAC",34,0,11,0.405372998601301,0.405372998601301,0.0773,,FALSE
"XLOC_005485","SVIL-AS1",24,0,10,0.0886453076892572,0.0886453076892572,0.043,,FALSE
"XLOC_005494","MAP3K8",18,0,11,6.80641518226142e-09,6.80641518226142e-09,0.0645333333333333,,FALSE
"XLOC_005533","CREM",45,0,15,0.653809599008295,0.653809599008295,0.114366666666667,,FALSE
"XLOC_005536","CCNY",11,0,1,0.69854923191252,0.69854923191252,0.0259666666666666,,FALSE
"XLOC_005558","ZNF33A",10,0,2,0.940629297517491,0.940629297517491,0.133,,FALSE
"XLOC_005559","ZNF37A",12,0,5,0.376587899784938,0.376587899784938,0.104033333333333,,FALSE
"XLOC_005584","BMS1",11,0,10,0.000267500250086568,0.000267500250086568,0.0637,,FALSE
"XLOC_005588","CSGALNACT2",8,0,7,0.551306779962155,0.551306779962155,0.0677666666666667,,FALSE
"XLOC_005612","RASSF4",27,0,16,0.725951102683722,0.725951102683722,0.0196666666666667,,FALSE
"XLOC_005613","ZNF22",3,0,3,0.891372819470016,0.891372819470016,0.0394333333333333,,FALSE
"XLOC_005619","ALOX5",17,0,11,0.266312178291005,0.266312178291005,0.039,,FALSE
"XLOC_005624","TIMM23",4,0,3,0.901652043201919,0.901652043201919,0.0079,,FALSE
"XLOC_005659","MAPK8",17,0,5,0.455867804510997,0.455867804510997,0.0562,,FALSE
"XLOC_005661","WDFY4",13,0,7,0.643754170807982,0.643754170807982,0.0677333333333333,,FALSE
"XLOC_005674","TIMM23B",18,0,4,0.0872832455970795,0.0872832455970795,0.0482666666666667,,FALSE
"XLOC_005676","WASHC2A",16,0,7,0.125172510044881,0.125172510044881,0.0729333333333333,,FALSE
"XLOC_005709","CISD1",4,0,0,0.548969277811021,0.548969277811021,0.0414,,FALSE
"XLOC_005711","UBE2D1",6,0,2,0.0109069513893254,0.0109069513893254,0.0131333333333333,,FALSE
"XLOC_005726","CDK1",13,0,8,0.546899750650881,0.546899750650881,0.0459333333333333,,FALSE
"XLOC_005734","ZNF365",15,0,5,0.968190480968124,0.968190480968124,0.131766666666667,,FALSE
"XLOC_005737","NRBF2",5,0,4,0.514664538402358,0.514664538402358,0.1844,,FALSE
"XLOC_005743","REEP3",3,0,2,0.317822836354683,0.317822836354683,0.103533333333333,,FALSE
"XLOC_005766","HNRNPH3",24,0,14,0.307174007213344,0.307174007213344,0.0598666666666667,,FALSE
"XLOC_005775","CCAR1",23,0,10,0.00326407377824864,0.00326407377824864,0.0710333333333333,,FALSE
"XLOC_005780","DDX50",9,0,7,0.574009774194588,0.574009774194588,0.164966666666667,,FALSE
"XLOC_005782","KIFBP",13,0,0,0.53063517353814,0.53063517353814,0.1263,,FALSE
"XLOC_005787","VPS26A",14,0,7,0.636799021596153,0.636799021596153,0.0258333333333333,,FALSE
"XLOC_005788","SUPV3L1",8,0,3,0.190025673265285,0.190025673265285,0.115466666666667,,FALSE
"XLOC_005790","HK1",7,0,2,0.963172699143593,0.963172699143593,0.0856,,FALSE
"XLOC_005791","TSPAN15",7,0,0,0.80368633031377,0.80368633031377,0.0147,,FALSE
"XLOC_005798","MACROH2A2",18,0,0,0.983274621393841,0.983274621393841,0.186433333333333,,FALSE
"XLOC_005805","SGPL1",10,0,3,0.910838644066982,0.910838644066982,0.0552,,FALSE
"XLOC_005810","SLC29A3",29,0,19,0.000783012917184375,0.000783012917184375,0.0522333333333333,,FALSE
"XLOC_005811","CDH23",19,0,4,0.89616090090945,0.89616090090945,0.0524,,FALSE
"XLOC_005817","ANAPC16",15,0,10,0.941387568028724,0.941387568028724,0.0347,,FALSE
"XLOC_005819","DDIT4",5,0,0,0.762844180589767,0.762844180589767,0.0195333333333333,,FALSE
"XLOC_005826","MCU",10,0,3,0.000508570144379947,0.000508570144379947,0.1267,,FALSE
"XLOC_005835","FAM149B1",7,0,1,0.785830724857248,0.785830724857248,0.0623333333333334,,FALSE
"XLOC_005842","PPP3CB-AS1",19,0,8,0.158288567463631,0.158288567463631,0.165333333333333,,FALSE
"XLOC_005849","GLUD1P3",5,0,0,0.780440639856124,0.780440639856124,0.159266666666667,,FALSE
"XLOC_005851","SEC24C",25,0,20,0.309681456769896,0.309681456769896,0.0427666666666667,,FALSE
"XLOC_005854","ZSWIM8",20,0,2,0.541845118884269,0.541845118884269,0.0394,,FALSE
"XLOC_005857","PLAU",8,0,5,0.400552131498978,0.400552131498978,0.0877666666666667,,FALSE
"XLOC_005858","VCL",10,0,5,0.240712138316501,0.240712138316501,0.0733333333333333,,FALSE
"XLOC_005860","ADK",23,0,13,0.291418316929172,0.291418316929172,0.06,,FALSE
"XLOC_005864","KAT6B",22,0,1,0.237705218916228,0.237705218916228,0.0976666666666667,,FALSE
"XLOC_005868","VDAC2",18,0,8,0.00876905742101028,0.00876905742101028,0.0658333333333333,,FALSE
"XLOC_005872","LRMDA",10,0,0,0.930634502750889,0.930634502750889,0.117866666666667,,FALSE
"XLOC_005892","RPS24",20,0,5,0.813692683028128,0.813692683028128,0.0153,,FALSE
"XLOC_005899","PPIF",11,0,6,0.311050462920611,0.311050462920611,0.0422666666666666,,FALSE
"XLOC_005913","TMEM254",12,0,7,8.22652266822456e-05,8.22652266822456e-05,0.170166666666667,,FALSE
"XLOC_005923","TSPAN14",21,0,12,0.00553134871926091,0.00553134871926091,0.0331333333333333,,FALSE
"XLOC_005933","GHITM",19,0,10,0.28427134820953,0.28427134820953,0.0340333333333334,,FALSE
"XLOC_005938","CCSER2",8,0,3,0.00123308111717914,0.00123308111717914,0.117966666666667,,FALSE
"XLOC_005959","SHLD2",21,0,20,0.457554519525132,0.457554519525132,0.131733333333333,,FALSE
"XLOC_005963","LINC00863",9,0,0,0.693910979372814,0.693910979372814,0.354733333333333,,FALSE
"XLOC_005966","MINPP1",4,0,0,0.914014207371924,0.914014207371924,0.00800000000000001,,FALSE
"XLOC_005969","PAPSS2",10,0,6,0.890950263884655,0.890950263884655,0.0554333333333333,,FALSE
"XLOC_005972","PTEN",9,0,0,0.977604790402136,0.977604790402136,0.0522,,FALSE
"XLOC_005982","STAMBPL1",32,0,1,0.15952010372284,0.15952010372284,0.1479,,FALSE
"XLOC_005988","IFIT2",17,2,5,1.41704112988173e-07,1.41704112988173e-07,0.224466666666667,0.224466666666667,TRUE
"XLOC_005989","IFIT3",26,0,14,0.0150746911787703,0.0150746911787703,0.0487666666666667,,FALSE
"XLOC_005992","IFIT1",19,0,11,8.62660289277537e-06,8.62660289277537e-06,0.1323,,FALSE
"XLOC_005995","KIF20B",4,0,1,0.743879221968112,0.743879221968112,0.134566666666667,,FALSE
"XLOC_006002","RPP30",15,0,8,0.981303031588092,0.981303031588092,0.0759666666666667,,FALSE
"XLOC_006011","TNKS2",6,0,5,0.449337249558897,0.449337249558897,0.179433333333333,,FALSE
"XLOC_006014","BTAF1",8,0,6,0.183190120016525,0.183190120016525,0.115833333333333,,FALSE
"XLOC_006023","KIF11",6,0,2,0.108315864357799,0.108315864357799,0.0957333333333333,,FALSE
"XLOC_006025","HHEX",4,0,0,0.197469603818602,0.197469603818602,0.057,,FALSE
"XLOC_006026","EXOC6",12,0,5,0.269600212169646,0.269600212169646,0.3046,,FALSE
"XLOC_006029","CEP55",7,0,4,0.758938671838026,0.758938671838026,0.0723666666666666,,FALSE
"XLOC_006037","HELLS",12,0,4,0.0926454942044046,0.0926454942044046,0.1577,,FALSE
"XLOC_006046","ENTPD1",40,0,20,0.552941406670586,0.552941406670586,0.0423666666666667,,FALSE
"XLOC_006049","ZNF518A",9,0,0,0.0212022215125495,0.0212022215125495,0.214133333333333,,FALSE
"XLOC_006055","LCOR",23,0,1,0.0860356464106406,0.0860356464106406,0.0997,,FALSE
"XLOC_006069","MARVELD1",3,0,0,0.745450531863041,0.745450531863041,0.0939333333333333,,FALSE
"XLOC_006071","ZFYVE27",9,0,0,0.307821069010972,0.307821069010972,0.167966666666667,,FALSE
"XLOC_006073","R3HCC1L",13,0,9,0.18354069674221,0.18354069674221,0.0716,,FALSE
"XLOC_006082","ENTPD7",10,0,6,0.823341218688732,0.823341218688732,0.0889,,FALSE
"XLOC_006089","SCD",11,0,11,0.805993130945696,0.805993130945696,0.0922666666666667,,FALSE
"XLOC_006090","OLMALINC",21,0,1,0.912552469609863,0.912552469609863,0.0795,,FALSE
"XLOC_006092","HIF1AN",6,0,2,0.83161323240359,0.83161323240359,0.0269333333333334,,FALSE
"XLOC_006094","SLF2",8,1,3,0.000130788359783861,0.000130788359783861,0.1677,0.1677,FALSE
"XLOC_006098","TWNK",7,0,2,0.731698314175945,0.731698314175945,0.0814666666666666,,FALSE
"XLOC_006099","LZTS2",6,0,0,0.0174021502577699,0.0174021502577699,0.2029,,FALSE
"XLOC_006100","SFXN3",21,0,16,0.355440133638989,0.355440133638989,0.085,,FALSE
"XLOC_006108","BTRC",11,0,5,0.149485526302567,0.149485526302567,0.0698666666666667,,FALSE
"XLOC_006109","DPCD",7,0,1,0.766172996387615,0.766172996387615,0.1076,,FALSE
"XLOC_006116","PPRC1",10,0,5,0.0149878625729735,0.0149878625729735,0.1056,,FALSE
"XLOC_006117","NOLC1",20,0,15,0.577067460375512,0.577067460375512,0.0916333333333333,,FALSE
"XLOC_006119","GBF1",47,0,1,0.42355113695386,0.42355113695386,0.0574333333333333,,FALSE
"XLOC_006120","NFKB2",11,0,0,0.898174103246595,0.898174103246595,0.0312333333333333,,FALSE
"XLOC_006123","C10orf95-AS1",10,0,1,0.137759309091498,0.137759309091498,0.4933,,FALSE
"XLOC_006124","MFSD13A",5,0,0,0.778668427603964,0.778668427603964,0.0649333333333333,,FALSE
"XLOC_006126","SUFU",4,0,0,0.789774206073538,0.789774206073538,0.0989333333333333,,FALSE
"XLOC_006128","TRIM8",13,0,0,0.000279939018012538,0.000279939018012538,0.0871333333333333,,FALSE
"XLOC_006129","SFXN2",14,0,6,0.0349376539566891,0.0349376539566891,0.0795666666666667,,FALSE
"XLOC_006143","PDCD11",7,0,1,0.970404842401032,0.970404842401032,0.130066666666667,,FALSE
"XLOC_006153","GSTO1",19,0,15,0.00676837794572301,0.00676837794572301,0.0512333333333334,,FALSE
"XLOC_006157","CFAP58",5,0,3,0.0682561729860633,0.0682561729860633,0.4125,,FALSE
"XLOC_006178","ADD3",11,0,0,0.785830724857248,0.785830724857248,0.0597333333333333,,FALSE
"XLOC_006182","DUSP5",4,0,2,0.676437077997528,0.676437077997528,0.0164,,FALSE
"XLOC_006188","PDCD4",15,0,5,0.000311581180512978,0.000311581180512978,0.105266666666667,,FALSE
"XLOC_006191","SHOC2",14,0,5,0.141168635070353,0.141168635070353,0.0437333333333333,,FALSE
"XLOC_006198","ACSL5",19,0,13,0.0243714261570215,0.0243714261570215,0.1064,,FALSE
"XLOC_006199","VTI1A",15,0,9,0.978522140263753,0.978522140263753,0.0409666666666667,,FALSE
"XLOC_006204","TCF7L2",19,0,0,0.254426225803163,0.254426225803163,0.0651666666666667,,FALSE
"XLOC_006209","CASP7",21,0,13,0.396152632012033,0.396152632012033,0.0227666666666667,,FALSE
"XLOC_006221","FHIP2A",5,0,1,0.582010758746234,0.582010758746234,0.0528,,FALSE
"XLOC_006254","DENND10",13,0,5,0.854397393251175,0.854397393251175,0.0738333333333333,,FALSE
"XLOC_006263","INPP5F",10,0,0,0.45114259828568,0.45114259828568,0.109433333333333,,FALSE
"XLOC_006265","SEC23IP",21,0,16,0.00192117625489135,0.00192117625489135,0.110666666666667,,FALSE
"XLOC_006272","WDR11",18,0,3,0.122466206092071,0.122466206092071,0.0446,,FALSE
"XLOC_006287","HTRA1",4,0,1,0.757478715066789,0.757478715066789,0.1003,,FALSE
"XLOC_006295","ACADSB",4,0,1,0.0767152266548926,0.0767152266548926,0.180666666666667,,FALSE
"XLOC_006298","BUB3",10,0,7,0.938793093484769,0.938793093484769,0.0797333333333333,,FALSE
"XLOC_006306","LHPP",5,0,0,0.000936960612944342,0.000936960612944342,0.0902,,FALSE
"XLOC_006312","ZRANB1",5,0,2,0.910753267949165,0.910753267949165,0.101,,FALSE
"XLOC_006326","DOCK1",8,0,3,0.00209720706225583,0.00209720706225583,0.250266666666667,,FALSE
"XLOC_006330","PTPRE",48,0,40,1.02781004800359e-09,1.02781004800359e-09,0.0733,,FALSE
"XLOC_006341","GLRX3",9,0,6,0.735895858034339,0.735895858034339,0.0338,,FALSE
"XLOC_006348","PPP2R2D",13,0,5,0.954967418071547,0.954967418071547,0.0766333333333333,,FALSE
"XLOC_006358","INPP5A",7,0,1,0.247178086917936,0.247178086917936,0.2051,,FALSE
"XLOC_006367","PAOX",18,0,0,0.501536159749385,0.501536159749385,0.102566666666667,,FALSE
"XLOC_006395","DIP2C",5,0,0,0.362580228068654,0.362580228068654,0.301466666666667,,FALSE
"XLOC_006402","IDI1",10,0,6,0.621632181703904,0.621632181703904,0.0541,,FALSE
"XLOC_006417","PITRM1",39,0,9,0.338356477589964,0.338356477589964,0.0367666666666667,,FALSE
"XLOC_006423","KLF6",7,0,0,0.661494519208682,0.661494519208682,0.005,,FALSE
"XLOC_006449","GDI2",27,0,23,0.00151386048951704,0.00151386048951704,0.0475333333333333,,FALSE
"XLOC_006451","IL15RA",22,0,2,5.55653410358776e-05,5.55653410358776e-05,0.0836,,FALSE
"XLOC_006462","SFMBT2",8,0,0,0.321061494714339,0.321061494714339,0.202666666666667,,FALSE
"XLOC_006468","KIN",5,0,1,0.706964056914993,0.706964056914993,0.0713666666666666,,FALSE
"XLOC_006489","USP6NL",5,0,0,0.214968806774896,0.214968806774896,0.188266666666667,,FALSE
"XLOC_006494","NUDT5",9,0,1,3.39188923727881e-07,3.39188923727881e-07,0.0802,,FALSE
"XLOC_006512","SEPHS1",7,0,1,0.610132220740485,0.610132220740485,0.142566666666667,,FALSE
"XLOC_006516","FRMD4A",10,0,2,0.8719938850601,0.8719938850601,0.168533333333333,,FALSE
"XLOC_006518","FAM107B",25,0,8,0.974821538229611,0.974821538229611,0.101,,FALSE
"XLOC_006523","DCLRE1C",17,0,2,0.605860693371796,0.605860693371796,0.082,,FALSE
"XLOC_006531","NMT2",7,0,2,0.561895575323034,0.561895575323034,0.0437,,FALSE
"XLOC_006536","MINDY3",15,0,11,0.706076729718948,0.706076729718948,0.1902,,FALSE
"XLOC_006540","RSU1",11,0,7,0.965674046979597,0.965674046979597,0.0242,,FALSE
"XLOC_006543","TRDMT1",13,0,3,0.723165781138001,0.723165781138001,0.188266666666667,,FALSE
"XLOC_006544","VIM-AS1",5,0,1,0.591641724905272,0.591641724905272,0.2444,,FALSE
"XLOC_006553","NSUN6",10,0,5,0.728019303850506,0.728019303850506,0.1239,,FALSE
"XLOC_006589","ARHGAP21",16,0,3,0.086296266231738,0.086296266231738,0.0821,,FALSE
"XLOC_006602","SELENOOLP",9,0,7,0.137342768870151,0.137342768870151,0.1313,,FALSE
"XLOC_006603","ABI1",22,0,14,0.00676837794572301,0.00676837794572301,0.0657666666666667,,FALSE
"XLOC_006608","YME1L1",16,0,10,0.0282758374239544,0.0282758374239544,0.0319,,FALSE
"XLOC_006609","ACBD5",25,0,1,0.366405889398589,0.366405889398589,0.0987666666666667,,FALSE
"XLOC_006634","SVIL",15,0,3,0.318236922837883,0.318236922837883,0.0683,,FALSE
"XLOC_006644","MTPAP",11,0,8,0.898177644932866,0.898177644932866,0.0788666666666667,,FALSE
"XLOC_006652","ZNF438",51,0,41,0.00338794891793985,0.00338794891793985,0.0400333333333333,,FALSE
"XLOC_006662","KIF5B",7,0,6,0.100764368397827,0.100764368397827,0.1044,,FALSE
"XLOC_006672","ITGB1",43,0,14,0.317484460891592,0.317484460891592,0.0385,,FALSE
"XLOC_006678","NRP1",32,0,21,0.00492383876461643,0.00492383876461643,0.0804666666666667,,FALSE
"XLOC_006687","CUL2",38,0,2,0.586469879436806,0.586469879436806,0.0458,,FALSE
"XLOC_006710","ZNF25",5,0,2,0.00176226076126587,0.00176226076126587,0.375633333333333,,FALSE
"XLOC_006735","HNRNPF",10,0,6,0.357922791978917,0.357922791978917,0.0506333333333333,,FALSE
"XLOC_006756","DEPP1",2,0,0,0.972105673340855,0.972105673340855,0.00660000000000005,,FALSE
"XLOC_006768","ZFAND4",9,0,2,0.916918058806493,0.916918058806493,0.2476,,FALSE
"XLOC_006773","AGAP4",4,0,0,0.965674046979597,0.965674046979597,0.102966666666667,,FALSE
"XLOC_006775","NCOA4",23,0,17,1.56907777742134e-07,1.56907777742134e-07,0.0719666666666667,,FALSE
"XLOC_006789","AGAP9",7,0,2,0.992062219895469,0.992062219895469,0.161,,FALSE
"XLOC_006800","ARHGAP22",14,0,0,0.965702257668466,0.965702257668466,0.0834333333333333,,FALSE
"XLOC_006813","TMEM273",13,0,8,0.160020462567837,0.160020462567837,0.0625666666666667,,FALSE
"XLOC_006816","ERCC6",22,0,7,0.000207856897818218,0.000207856897818218,0.198533333333333,,FALSE
"XLOC_006818","PARG",9,0,3,0.931427109572629,0.931427109572629,0.0585,,FALSE
"XLOC_006824","SGMS1",10,0,1,0.000317694479272828,0.000317694479272828,0.0238333333333333,,FALSE
"XLOC_006839","LNCAROD",14,0,9,0.955639175879138,0.955639175879138,0.184633333333333,,FALSE
"XLOC_006850","ZWINT",13,0,11,0.00978401243227931,0.00978401243227931,0.0307,,FALSE
"XLOC_006880","EGR2",8,0,0,0.970335661311568,0.970335661311568,0.0546666666666666,,FALSE
"XLOC_006882","JMJD1C",16,0,6,0.972323078547924,0.972323078547924,0.0519666666666667,,FALSE
"XLOC_006898","HERC4",29,0,14,0.0559162590846533,0.0559162590846533,0.0512666666666667,,FALSE
"XLOC_006906","DNA2",6,0,1,0.561469328703448,0.561469328703448,0.410833333333333,,FALSE
"XLOC_006907","SLC25A16",7,0,0,0.983590100479309,0.983590100479309,0.0302333333333333,,FALSE
"XLOC_006927","AIFM2",10,0,2,0.690378108170992,0.690378108170992,0.0728333333333333,,FALSE
"XLOC_006928","SAR1A",10,0,2,0.999962246944003,0.999962246944003,0.0554666666666667,,FALSE
"XLOC_006930","PPA1",6,0,2,0.106826671598904,0.106826671598904,0.1114,,FALSE
"XLOC_006944","VSIR",4,0,2,0.835908483546989,0.835908483546989,0.0424333333333333,,FALSE
"XLOC_006945","PSAP",80,0,77,0.0139454304214173,0.0139454304214173,0.0312333333333333,,FALSE
"XLOC_006950","ASCC1",21,0,8,0.968451408607522,0.968451408607522,0.0538666666666667,,FALSE
"XLOC_006952","DNAJB12",8,0,3,0.769380257031184,0.769380257031184,0.125266666666667,,FALSE
"XLOC_006953","MICU1",21,0,14,0.896363527157701,0.896363527157701,0.0344,,FALSE
"XLOC_006960","P4HA1",13,0,9,0.380478121746822,0.380478121746822,0.0865333333333333,,FALSE
"XLOC_006968","MRPS16",9,0,4,0.910838644066982,0.910838644066982,0.0779,,FALSE
"XLOC_006970","ANXA7",18,0,14,0.0344206718484997,0.0344206718484997,0.0530666666666667,,FALSE
"XLOC_006973","PPP3CB",9,0,5,9.26051794490548e-05,9.26051794490548e-05,0.0578666666666667,,FALSE
"XLOC_006974","USP54",16,0,0,0.678005766138682,0.678005766138682,0.126166666666667,,FALSE
"XLOC_006976","MYOZ1",2,0,2,0.275539199684163,0.275539199684163,0.0675,,FALSE
"XLOC_006978","AGAP5",11,0,3,0.853732427957438,0.853732427957438,0.0998333333333333,,FALSE
"XLOC_006983","ZSWIM8-AS1",13,0,5,0.382106506231833,0.382106506231833,0.0787,,FALSE
"XLOC_006986","AP3M1",16,0,14,0.932121676207393,0.932121676207393,0.0791,,FALSE
"XLOC_006997","DUSP13",13,0,1,0.772725515313924,0.772725515313924,0.161033333333333,,FALSE
"XLOC_006998","COMTD1",6,0,0,0.754070260031054,0.754070260031054,0.244533333333333,,FALSE
"XLOC_007011","KCNMA1",49,0,8,0.636799021596153,0.636799021596153,0.0768333333333333,,FALSE
"XLOC_007023","ZMIZ1-AS1",25,0,22,0.0991747171078773,0.0991747171078773,0.0474666666666667,,FALSE
"XLOC_007034","NUTM2B-AS1",22,0,1,0.403396351992982,0.403396351992982,0.0889333333333333,,FALSE
"XLOC_007047","ANXA11",15,0,6,0.214968806774896,0.214968806774896,0.0303,,FALSE
"XLOC_007081","WAPL",12,0,8,0.735575323797266,0.735575323797266,0.0845333333333333,,FALSE
"XLOC_007088","GLUD1",29,0,7,0.0443124972935967,0.0443124972935967,0.0567666666666667,,FALSE
"XLOC_007090","NUTM2A-AS1",46,0,4,0.0134423998830376,0.0134423998830376,0.0487333333333333,,FALSE
"XLOC_007100","ATAD1",13,0,6,0.0191012180666842,0.0191012180666842,0.0834,,FALSE
"XLOC_007116","LIPA",47,0,42,0.0029480219845323,0.0029480219845323,0.0496333333333333,,FALSE
"XLOC_007146","IDE",28,0,5,0.104051389781693,0.104051389781693,0.0877333333333333,,FALSE
"XLOC_007155","MYOF",21,0,12,0.0820979375517239,0.0820979375517239,0.1092,,FALSE
"XLOC_007158","FRA10AC1",8,0,3,0.886957649662171,0.886957649662171,0.0433,,FALSE
"XLOC_007167","NOC3L",7,0,5,0.378317695645526,0.378317695645526,0.143966666666667,,FALSE
"XLOC_007178","PDLIM1",4,0,2,0.724075464040643,0.724075464040643,0.0570666666666667,,FALSE
"XLOC_007179","SORBS1",28,0,16,0.771278918591608,0.771278918591608,0.257866666666667,,FALSE
"XLOC_007180","ALDH18A1",7,0,4,0.92735573688174,0.92735573688174,0.0804,,FALSE
"XLOC_007181","TCTN3",16,0,4,0.0165991665603474,0.0165991665603474,0.0833,,FALSE
"XLOC_007182","ENTPD1-AS1",29,0,5,0.128343059831056,0.128343059831056,0.143,,FALSE
"XLOC_007186","BLNK",15,0,0,0.648678007216562,0.648678007216562,0.1015,,FALSE
"XLOC_007190","TM9SF3",13,1,8,1.31380767667747e-11,1.31380767667747e-11,0.1589,0.1589,TRUE
"XLOC_007191","PIK3AP1",27,0,23,0.266053673138042,0.266053673138042,0.034,,FALSE
"XLOC_007195","SLIT1",7,0,0,0.922738538409757,0.922738538409757,0.0616666666666667,,FALSE
"XLOC_007198","RRP12",9,0,0,0.065823232011604,0.065823232011604,0.0207666666666667,,FALSE
"XLOC_007201","EXOSC1",10,1,2,3.2771728547886e-07,3.2771728547886e-07,0.252366666666667,0.252366666666667,TRUE
"XLOC_007202","MMS19",21,0,5,0.545520657787886,0.545520657787886,0.1164,,FALSE
"XLOC_007211","HPS1",22,0,11,0.0021229296819136,0.0021229296819136,0.0345666666666667,,FALSE
"XLOC_007218","SLC25A28",20,0,11,0.0431815804609334,0.0431815804609334,0.1452,,FALSE
"XLOC_007221","DNMBP",6,0,3,0.520038672713405,0.520038672713405,0.213666666666667,,FALSE
"XLOC_007226","ERLIN1",4,0,3,0.773994250501646,0.773994250501646,0.1073,,FALSE
"XLOC_007227","CHUK",9,0,6,0.0140096740652649,0.0140096740652649,0.0647666666666667,,FALSE
"XLOC_007228","CWF19L1",19,0,12,0.415554170380721,0.415554170380721,0.0779,,FALSE
"XLOC_007230","BLOC1S2",7,0,5,0.96478327194087,0.96478327194087,0.0424333333333333,,FALSE
"XLOC_007235","SEC31B",25,0,4,0.532944282497119,0.532944282497119,0.0681666666666667,,FALSE
"XLOC_007250","POLL",14,0,1,0.736295834482186,0.736295834482186,0.0680666666666667,,FALSE
"XLOC_007255","NPM3",4,0,0,0.58689169252724,0.58689169252724,0.0808333333333334,,FALSE
"XLOC_007256","OGA",21,0,11,0.140634959350471,0.140634959350471,0.0673,,FALSE
"XLOC_007267","ACTR1A",8,0,1,0.845261508781709,0.845261508781709,0.0189333333333332,,FALSE
"XLOC_007276","NT5C2",48,0,27,4.28893803491044e-05,4.28893803491044e-05,0.0473,,FALSE
"XLOC_007278","PCGF6",3,0,0,0.945963893751699,0.945963893751699,0.0165,,FALSE
"XLOC_007280","ATP5MK",7,0,3,0.859623238861779,0.859623238861779,0.0105,,FALSE
"XLOC_007281","CALHM2",12,0,5,0.258165226357667,0.258165226357667,0.0412,,FALSE
"XLOC_007286","SH3PXD2A",5,0,0,0.448548912026333,0.448548912026333,0.113266666666667,,FALSE
"XLOC_007306","XPNPEP1",39,0,16,0.831222796027443,0.831222796027443,0.0565,,FALSE
"XLOC_007310","SMNDC1",9,0,3,0.890516147708485,0.890516147708485,0.0708333333333334,,FALSE
"XLOC_007315","BBIP1",13,0,3,0.974516085232576,0.974516085232576,0.101633333333333,,FALSE
"XLOC_007324","ZDHHC6",38,0,12,0.0362152412684697,0.0362152412684697,0.0779,,FALSE
"XLOC_007342","ABLIM1",5,0,0,0.979955182304205,0.979955182304205,0.336466666666667,,FALSE
"XLOC_007352","SHTN1",19,0,14,0.660577288234149,0.660577288234149,0.0644,,FALSE
"XLOC_007365","FAM204A",17,0,8,0.984185868372595,0.984185868372595,0.0519666666666667,,FALSE
"XLOC_007367","CACUL1",7,0,0,0.760453222253583,0.760453222253583,0.0710000000000001,,FALSE
"XLOC_007373","EIF3A",16,0,13,0.00146870946269813,0.00146870946269813,0.0668666666666667,,FALSE
"XLOC_007376","SFXN4",10,0,3,0.547555196307053,0.547555196307053,0.0389,,FALSE
"XLOC_007377","PRDX3",9,0,7,0.853249137255038,0.853249137255038,0.00779999999999997,,FALSE
"XLOC_007381","TIAL1",15,0,3,0.681180656426988,0.681180656426988,0.0273333333333333,,FALSE
"XLOC_007384","MCMBP",14,0,9,0.611886594819568,0.611886594819568,0.0897333333333334,,FALSE
"XLOC_007395","ATE1",34,0,3,0.12080788137061,0.12080788137061,0.0833333333333333,,FALSE
"XLOC_007397","NSMCE4A",11,0,1,0.809785279284418,0.809785279284418,0.0339,,FALSE
"XLOC_007403","C10orf88",3,0,0,0.000801193844323134,0.000801193844323134,0.2727,,FALSE
"XLOC_007404","IKZF5",6,0,2,0.513961461164982,0.513961461164982,0.127566666666667,,FALSE
"XLOC_007413","CHST15",15,0,11,0.00880899187663806,0.00880899187663806,0.0735666666666667,,FALSE
"XLOC_007414","OAT",12,0,5,0.90620940734232,0.90620940734232,0.0264333333333334,,FALSE
"XLOC_007417","FAM53B",10,0,3,0.970651206662782,0.970651206662782,0.0764333333333334,,FALSE
"XLOC_007421","CTBP2",12,0,1,0.953705676217044,0.953705676217044,0.0278666666666667,,FALSE
"XLOC_007429","UROS",23,0,2,0.661512649269727,0.661512649269727,0.0445,,FALSE
"XLOC_007430","DHX32",5,0,2,0.7318323142483,0.7318323142483,0.0676666666666667,,FALSE
"XLOC_007434","ADAM12",11,0,7,0.0357152797849417,0.0357152797849417,0.116033333333333,,FALSE
"XLOC_007446","MKI67",6,0,3,0.391546414740579,0.391546414740579,0.124766666666667,,FALSE
"XLOC_007465","BNIP3",4,0,1,0.922738538409757,0.922738538409757,0.00723333333333331,,FALSE
"XLOC_007467","STK32C",5,0,0,0.561895575323034,0.561895575323034,0.0914666666666666,,FALSE
"XLOC_007479","ADAM8",9,0,0,0.863480226741639,0.863480226741639,0.0598666666666666,,FALSE
"XLOC_007480","TUBGCP2",26,0,0,0.28192968425867,0.28192968425867,0.0725666666666667,,FALSE
"XLOC_007484","FUOM",6,0,1,0.663399403402436,0.663399403402436,0.0409333333333333,,FALSE
"XLOC_007503","RIC8A",21,0,9,0.111373582825503,0.111373582825503,0.1311,,FALSE
"XLOC_007508","IFITM2",30,1,1,3.89343763484422e-05,3.89343763484422e-05,0.363,0.363,TRUE
"XLOC_007515","PTDSS2",11,0,1,0.0107007805645598,0.0107007805645598,0.0773666666666667,,FALSE
"XLOC_007524","EPS8L2",14,0,0,0.851848792912324,0.851848792912324,0.280733333333333,,FALSE
"XLOC_007526","TALDO1",22,0,14,0.735895858034339,0.735895858034339,0.0185000000000001,,FALSE
"XLOC_007531","RPLP2",10,0,3,0.349747859087868,0.349747859087868,0.0334333333333334,,FALSE
"XLOC_007532","PNPLA2",6,0,0,0.787051915881291,0.787051915881291,0.0448333333333333,,FALSE
"XLOC_007533","CRACR2B",11,0,0,0.724075464040643,0.724075464040643,0.1046,,FALSE
"XLOC_007534","CD151",20,0,1,0.140254822800606,0.140254822800606,0.0141666666666667,,FALSE
"XLOC_007535","TSPAN4",18,0,1,0.0304878891315963,0.0304878891315963,0.0298333333333334,,FALSE
"XLOC_007536","AP2A2",24,0,0,0.796526131675614,0.796526131675614,0.0772,,FALSE
"XLOC_007556","TNNI2",5,0,0,0.180231097281165,0.180231097281165,0.164,,FALSE
"XLOC_007557","LSP1",19,0,5,0.620599091712182,0.620599091712182,0.0067666666666667,,FALSE
"XLOC_007560","MRPL23",8,0,0,0.997654398175436,0.997654398175436,0.0168333333333333,,FALSE
"XLOC_007566","TSPAN32",16,0,2,0.740405080199784,0.740405080199784,0.0545,,FALSE
"XLOC_007569","CD81",16,0,5,0.0703582680836357,0.0703582680836357,0.0378666666666667,,FALSE
"XLOC_007570","TSSC4",9,0,0,0.457139574524864,0.457139574524864,0.0519666666666667,,FALSE
"XLOC_007572","KCNQ1",4,0,0,0.766536598633235,0.766536598633235,0.0218666666666667,,FALSE
"XLOC_007599","PGAP2",28,0,12,0.0286141715184796,0.0286141715184796,0.0924333333333333,,FALSE
"XLOC_007600","STIM1",17,0,5,0.0801617414460461,0.0801617414460461,0.0812666666666667,,FALSE
"XLOC_007604","RRM1",20,0,13,0.985105142170181,0.985105142170181,0.025,,FALSE
"XLOC_007610","OR52K3P",11,1,1,0.00349303114360734,0.00349303114360734,0.184766666666667,0.184766666666667,TRUE
"XLOC_007647","TRIM6",15,0,7,0.660632233852849,0.660632233852849,0.0227666666666667,,FALSE
"XLOC_007648","TRIM22",16,0,8,0.0119445256679218,0.0119445256679218,0.1272,,FALSE
"XLOC_007671","TIMM10B",23,0,3,0.428940506356921,0.428940506356921,0.0429333333333333,,FALSE
"XLOC_007672","ILK",24,0,14,0.731698314175945,0.731698314175945,0.0346666666666667,,FALSE
"XLOC_007689","PPFIBP2",16,0,2,0.900253997592846,0.900253997592846,0.0983333333333333,,FALSE
"XLOC_007695","EIF3F",15,0,2,0.504448694286735,0.504448694286735,0.0605333333333333,,FALSE
"XLOC_007702","RPL27A",15,0,6,0.0664487348542351,0.0664487348542351,0.0100333333333333,,FALSE
"XLOC_007706","AKIP1",12,0,2,0.945963893751699,0.945963893751699,0.120066666666667,,FALSE
"XLOC_007707","TMEM9B-AS1",6,0,0,0.96478327194087,0.96478327194087,0.220633333333333,,FALSE
"XLOC_007711","IPO7",14,0,7,0.650360904313886,0.650360904313886,0.0865666666666667,,FALSE
"XLOC_007713","ZNF143",16,0,8,0.0158704233142248,0.0158704233142248,0.101766666666667,,FALSE
"XLOC_007714","WEE1",10,0,2,0.968190480968124,0.968190480968124,0.153933333333333,,FALSE
"XLOC_007717","SWAP70",19,0,13,0.0866818460369154,0.0866818460369154,0.1681,,FALSE
"XLOC_007719","SBF2-AS1",9,0,0,0.410368521919264,0.410368521919264,0.162233333333333,,FALSE
"XLOC_007723","ADM",7,0,0,0.26399858564966,0.26399858564966,0.0393666666666667,,FALSE
"XLOC_007724","AMPD3",53,0,41,0.545711784424153,0.545711784424153,0.0835333333333333,,FALSE
"XLOC_007727","CTR9",14,0,12,0.131478246171648,0.131478246171648,0.112933333333333,,FALSE
"XLOC_007729","ZBED5-AS1",11,0,4,0.520404026254783,0.520404026254783,0.0314,,FALSE
"XLOC_007735","USP47",13,0,5,0.00260740296019743,0.00260740296019743,0.1974,,FALSE
"XLOC_007739","MICAL2",25,0,0,0.742105965414482,0.742105965414482,0.0418666666666667,,FALSE
"XLOC_007748","ARNTL",27,0,5,0.609918577904343,0.609918577904343,0.0552666666666666,,FALSE
"XLOC_007753","FAR1",9,0,3,0.35351485588367,0.35351485588367,0.0764,,FALSE
"XLOC_007761","PDE3B",9,0,5,0.957563567332811,0.957563567332811,0.0481666666666667,,FALSE
"XLOC_007772","C11orf58",16,0,9,0.471967131616791,0.471967131616791,0.117833333333333,,FALSE
"XLOC_007776","NUCB2",28,0,17,0.50965889909807,0.50965889909807,0.0867666666666667,,FALSE
"XLOC_007778","NCR3LG1",6,0,3,0.979772688627423,0.979772688627423,0.1432,,FALSE
"XLOC_007794","GTF2H1",33,0,24,0.633980207583433,0.633980207583433,0.0806333333333333,,FALSE
"XLOC_007796","LDHA",26,0,11,0.155050069214868,0.155050069214868,0.0225333333333333,,FALSE
"XLOC_007810","ZDHHC13",5,0,2,0.982311852903871,0.982311852903871,0.107,,FALSE
"XLOC_007817","HTATIP2",10,0,4,0.229421893265258,0.229421893265258,0.1742,,FALSE
"XLOC_007818","PRMT3",7,0,1,0.291643960750471,0.291643960750471,0.212866666666667,,FALSE
"XLOC_007823","ANO5",19,0,3,0.963634619285646,0.963634619285646,0.1841,,FALSE
"XLOC_007851","BDNF-AS",30,0,3,0.829470660753566,0.829470660753566,0.148,,FALSE
"XLOC_007870","ARL14EP",6,0,3,0.834173824828631,0.834173824828631,0.0534333333333333,,FALSE
"XLOC_007876","DNAJC24",13,0,3,0.327221876951369,0.327221876951369,0.0398,,FALSE
"XLOC_007877","ELP4",15,0,1,0.670817395457414,0.670817395457414,0.1765,,FALSE
"XLOC_007884","EIF3M",22,0,11,0.719893221134552,0.719893221134552,0.0279,,FALSE
"XLOC_007887","QSER1",8,0,3,0.427628573649891,0.427628573649891,0.1783,,FALSE
"XLOC_007889","TCP11L1",13,0,3,0.770522174946161,0.770522174946161,0.0832,,FALSE
"XLOC_007892","HIPK3",8,0,3,0.62861010245227,0.62861010245227,0.152166666666667,,FALSE
"XLOC_007901","CAPRIN1",22,0,11,0.00807905805871423,0.00807905805871423,0.0670666666666667,,FALSE
"XLOC_007902","NAT10",16,0,11,0.48552139441311,0.48552139441311,0.0850333333333333,,FALSE
"XLOC_007905","CAT",11,0,6,0.797419645511279,0.797419645511279,0.0418666666666666,,FALSE
"XLOC_007910","PDHX",110,0,79,1.55206042708372e-06,1.55206042708372e-06,0.0714333333333333,,FALSE
"XLOC_007930","IFTAP",22,0,0,0.103432150618125,0.103432150618125,0.122333333333333,,FALSE
"XLOC_007948","API5",23,0,18,0.899726398702067,0.899726398702067,0.071,,FALSE
"XLOC_007950","TTC17",26,0,14,0.0096008113331467,0.0096008113331467,0.0490333333333333,,FALSE
"XLOC_007954","HSD17B12",18,0,1,0.485121293586429,0.485121293586429,0.00426666666666664,,FALSE
"XLOC_007960","ALKBH3",15,0,4,0.517917878538596,0.517917878538596,0.535033333333333,,FALSE
"XLOC_007962","ACCS",22,0,12,0.846099200433093,0.846099200433093,0.0678666666666667,,FALSE
"XLOC_007966","CD82",11,0,0,0.17645831803996,0.17645831803996,0.013,,FALSE
"XLOC_007994","MDK",10,0,0,0.730499612526532,0.730499612526532,0.1905,,FALSE
"XLOC_007997","ATG13",46,1,22,0.00351508811703191,0.00351508811703191,0.164033333333333,0.164033333333333,TRUE
"XLOC_008002","C11orf49",18,0,5,0.997218785055414,0.997218785055414,0.1512,,FALSE
"XLOC_008003","DDB2",20,0,11,0.964078595335634,0.964078595335634,0.0774666666666667,,FALSE
"XLOC_008004","NR1H3",44,0,24,0.00611864112933122,0.00611864112933122,0.0263,,FALSE
"XLOC_008005","MADD",31,0,12,0.0111907979322557,0.0111907979322557,0.0860666666666667,,FALSE
"XLOC_008008","SLC39A13",16,0,4,0.512845706152354,0.512845706152354,0.0374,,FALSE
"XLOC_008009","NDUFS3",18,0,2,0.820805551767652,0.820805551767652,0.0203666666666667,,FALSE
"XLOC_008014","PTPRJ",10,0,4,0.41377854124817,0.41377854124817,0.0578333333333333,,FALSE
"XLOC_008150","SERPING1",21,0,2,0.179776013064382,0.179776013064382,0.1144,,FALSE
"XLOC_008151","CLP1",13,0,6,0.00948455783414141,0.00948455783414141,0.0771,,FALSE
"XLOC_008153","ZDHHC5",14,0,9,0.0237309662330216,0.0237309662330216,0.111933333333333,,FALSE
"XLOC_008154","TMX2",71,0,33,0.0823087912601873,0.0823087912601873,0.0333333333333334,,FALSE
"XLOC_008171","FAM111A",36,0,25,0.163468363049401,0.163468363049401,0.0704,,FALSE
"XLOC_008172","DTX4",4,0,1,0.920421194811254,0.920421194811254,0.0337000000000001,,FALSE
"XLOC_008185","STX3",12,0,3,0.827417454988903,0.827417454988903,0.0386,,FALSE
"XLOC_008196","MS4A4A",18,0,12,0.563575194927346,0.563575194927346,0.0261666666666667,,FALSE
"XLOC_008197","MS4A6E",63,0,48,2.01738866487152e-13,2.01738866487152e-13,0.0467333333333333,,FALSE
"XLOC_008212","TMEM132A",10,0,0,0.678241232472477,0.678241232472477,0.1112,,FALSE
"XLOC_008218","PGA4",6,0,2,0.40348011411867,0.40348011411867,0.187466666666667,,FALSE
"XLOC_008219","TKFC",14,0,0,0.442404302086741,0.442404302086741,0.0552,,FALSE
"XLOC_008220","TMEM138",32,0,17,0.0229922846665731,0.0229922846665731,0.107066666666667,,FALSE
"XLOC_008222","SDHAF2",23,0,9,0.751299333603005,0.751299333603005,0.0106,,FALSE
"XLOC_008230","MYRF",9,0,0,0.281388850966165,0.281388850966165,0.220766666666667,,FALSE
"XLOC_008231","FEN1",18,0,5,0.825794478448102,0.825794478448102,0.0245333333333333,,FALSE
"XLOC_008242","ASRGL1",9,0,0,0.974821538229611,0.974821538229611,0.0706666666666667,,FALSE
"XLOC_008250","ROM1",4,0,0,0.0045943579563193,0.0045943579563193,0.530066666666667,,FALSE
"XLOC_008255","TTC9C",7,0,2,0.813114142249494,0.813114142249494,0.134333333333333,,FALSE
"XLOC_008256","POLR2G",13,0,8,0.730473559266368,0.730473559266368,0.0517333333333333,,FALSE
"XLOC_008257","TAF6L",7,0,0,0.393099248719602,0.393099248719602,0.173366666666667,,FALSE
"XLOC_008260","SLC3A2",35,0,5,0.00788757077087296,0.00788757077087296,0.0563666666666666,,FALSE
"XLOC_008269","PLAAT4",3,0,0,0.959368817525373,0.959368817525373,0.0463,,FALSE
"XLOC_008273","RTN3",15,0,5,1.35152511699805e-05,1.35152511699805e-05,0.0119999999999999,,FALSE
"XLOC_008274","SPINDOC",3,0,0,0.624100646732901,0.624100646732901,0.0670000000000001,,FALSE
"XLOC_008275","MARK2",15,0,0,0.737651315387934,0.737651315387934,0.0883333333333333,,FALSE
"XLOC_008276","NAA40",9,0,5,0.231547688881954,0.231547688881954,0.1907,,FALSE
"XLOC_008278","COX8A",12,0,4,0.722655559167748,0.722655559167748,0.00713333333333321,,FALSE
"XLOC_008281","STIP1",27,0,18,6.73178997364773e-13,6.73178997364773e-13,0.0495333333333333,,FALSE
"XLOC_008283","NUDT22",26,0,2,0.0826657319238099,0.0826657319238099,0.0404666666666667,,FALSE
"XLOC_008288","GPR137",18,0,0,0.966914605100777,0.966914605100777,0.0601,,FALSE
"XLOC_008291","ESRRA",7,0,0,0.926189473007092,0.926189473007092,0.0432,,FALSE
"XLOC_008294","RPS6KA4",7,0,0,0.331901264707485,0.331901264707485,0.0841333333333333,,FALSE
"XLOC_008307","ARL2",12,0,1,0.430447009163362,0.430447009163362,0.0387666666666666,,FALSE
"XLOC_008310","ZFPL1",9,0,0,0.796048996834305,0.796048996834305,0.0598333333333333,,FALSE
"XLOC_008311","VPS51",30,0,0,0.440504658609257,0.440504658609257,0.0375,,FALSE
"XLOC_008317","CAPN1",21,0,3,0.529613017881982,0.529613017881982,0.061,,FALSE
"XLOC_008320","DPF2",14,0,5,0.56487423192333,0.56487423192333,0.0619,,FALSE
"XLOC_008323","FRMD8",7,0,0,0.823341218688732,0.823341218688732,0.0513666666666667,,FALSE
"XLOC_008324","NEAT1",14,0,3,0.00389394562267427,0.00389394562267427,0.0460333333333334,,FALSE
"XLOC_008326","XLOC_008326",5,0,1,0.91416483640728,0.91416483640728,0.2819,,FALSE
"XLOC_008328","MALAT1",21,0,9,0.0885908583130088,0.0885908583130088,0.0475,,FALSE
"XLOC_008329","SCYL1",16,0,2,0.065392911930083,0.065392911930083,0.0601666666666667,,FALSE
"XLOC_008331","ZNRD2",8,0,1,0.479553370860199,0.479553370860199,0.110733333333333,,FALSE
"XLOC_008335","SIPA1",10,0,0,0.00291150793815064,0.00291150793815064,0.0512666666666667,,FALSE
"XLOC_008337","RELA-DT",8,0,0,0.331901264707485,0.331901264707485,0.278266666666667,,FALSE
"XLOC_008339","KAT5",18,0,3,0.460440599442724,0.460440599442724,0.0393,,FALSE
"XLOC_008344","MUS81",18,0,2,0.787109745941754,0.787109745941754,0.0836999999999999,,FALSE
"XLOC_008345","CTSW",6,0,2,0.332942775965244,0.332942775965244,0.0882999999999999,,FALSE
"XLOC_008347","DRAP1",8,0,0,0.0477532477929142,0.0477532477929142,0.0265333333333333,,FALSE
"XLOC_008349","SART1",8,0,2,0.912363767844822,0.912363767844822,0.0661666666666667,,FALSE
"XLOC_008353","SF3B2",32,0,18,0.179744154259145,0.179744154259145,0.0945,,FALSE
"XLOC_008355","KLC2",8,0,0,0.600648649149715,0.600648649149715,0.1393,,FALSE
"XLOC_008356","RAB1B",3,0,2,0.913030977232709,0.913030977232709,0.00219999999999998,,FALSE
"XLOC_008369","PELI3",7,0,0,0.254105406088941,0.254105406088941,0.425933333333333,,FALSE
"XLOC_008370","DPP3",31,0,9,0.916731661557692,0.916731661557692,0.0470333333333333,,FALSE
"XLOC_008372","CCS",8,0,2,0.936357558906574,0.936357558906574,0.0222,,FALSE
"XLOC_008373","RBM14",32,0,14,0.410368521919264,0.410368521919264,0.0645666666666667,,FALSE
"XLOC_008374","C11orf80",24,0,1,0.0528611707614318,0.0528611707614318,0.107666666666667,,FALSE
"XLOC_008381","KDM2A",15,0,1,0.473698399167312,0.473698399167312,0.0609333333333333,,FALSE
"XLOC_008382","GRK2",10,0,0,0.805512718284968,0.805512718284968,0.0153666666666666,,FALSE
"XLOC_008383","ANKRD13D",14,0,0,0.470630049267187,0.470630049267187,0.133733333333333,,FALSE
"XLOC_008384","SSH3",10,0,0,0.849099780879459,0.849099780879459,0.0831,,FALSE
"XLOC_008385","RAD9A",11,0,0,0.957784580294277,0.957784580294277,0.103233333333333,,FALSE
"XLOC_008389","TBC1D10C",9,0,0,0.797311326554943,0.797311326554943,0.0482666666666667,,FALSE
"XLOC_008391","RPS6KB2",12,0,2,0.37436759497934,0.37436759497934,0.0506666666666667,,FALSE
"XLOC_008394","AIP",10,0,2,0.136906755867131,0.136906755867131,0.0189666666666667,,FALSE
"XLOC_008398","GSTP1",11,0,5,0.823750641916131,0.823750641916131,0.0364666666666666,,FALSE
"XLOC_008399","NDUFV1",28,0,1,0.574840735276758,0.574840735276758,0.0152666666666668,,FALSE
"XLOC_008406","ALDH3B1",8,0,1,0.948186974774344,0.948186974774344,0.00853333333333334,,FALSE
"XLOC_008407","NDUFS8",14,0,1,0.667021157552228,0.667021157552228,0.00649999999999995,,FALSE
"XLOC_008408","TCIRG1",19,0,1,0.587099724598463,0.587099724598463,0.0180333333333333,,FALSE
"XLOC_008413","PPP6R3",43,0,22,9.26051794490548e-05,9.26051794490548e-05,0.0750333333333333,,FALSE
"XLOC_008414","GAL",2,0,0,0.934689272841768,0.934689272841768,0.00670000000000004,,FALSE
"XLOC_008416","IGHMBP2",26,0,0,0.292966359580634,0.292966359580634,0.0685666666666667,,FALSE
"XLOC_008419","TPCN2",10,0,0,0.965702257668466,0.965702257668466,0.0254,,FALSE
"XLOC_008422","MYEOV",11,0,1,0.355070567323014,0.355070567323014,0.1887,,FALSE
"XLOC_008432","PPFIA1",33,0,14,0.96187056617673,0.96187056617673,0.0384666666666667,,FALSE
"XLOC_008435","CTTN",14,0,2,0.000463850358662139,0.000463850358662139,0.119266666666667,,FALSE
"XLOC_008442","NADSYN1",30,0,9,0.0936032763617924,0.0936032763617924,0.0498333333333333,,FALSE
"XLOC_008457","FAM86C1P",12,0,2,0.0806790213146463,0.0806790213146463,0.2565,,FALSE
"XLOC_008463","RNF121",19,0,9,0.0297809754903334,0.0297809754903334,0.1276,,FALSE
"XLOC_008464","IL18BP",17,0,6,0.277323817094265,0.277323817094265,0.0257333333333333,,FALSE
"XLOC_008466","LRTOMT",18,0,3,0.263458032676762,0.263458032676762,0.291966666666667,,FALSE
"XLOC_008472","FOLR2",11,0,4,0.627797361947369,0.627797361947369,0.0157333333333333,,FALSE
"XLOC_008473","INPPL1",14,0,0,0.0338030215706703,0.0338030215706703,0.183466666666667,,FALSE
"XLOC_008493","ATG16L2",17,0,1,0.36325889991071,0.36325889991071,0.139866666666667,,FALSE
"XLOC_008498","P2RY6",12,0,2,0.408638132472005,0.408638132472005,0.369533333333333,,FALSE
"XLOC_008500","RELT",6,0,0,0.990358548317707,0.990358548317707,0.0388333333333333,,FALSE
"XLOC_008509","MRPL48",14,0,2,0.000770158818645204,0.000770158818645204,0.0878,,FALSE
"XLOC_008510","PAAF1",10,0,4,0.973164590618576,0.973164590618576,0.100333333333333,,FALSE
"XLOC_008514","PPME1",12,0,7,0.619723201677341,0.619723201677341,0.0874666666666667,,FALSE
"XLOC_008523","POLD3",16,0,9,0.168025028667857,0.168025028667857,0.220966666666667,,FALSE
"XLOC_008530","SPCS2",11,0,4,0.878349972464478,0.878349972464478,0.0765666666666667,,FALSE
"XLOC_008531","NEU3",7,0,0,0.919107836585205,0.919107836585205,0.0498,,FALSE
"XLOC_008532","SLCO2B1",25,0,12,0.0111821167439411,0.0111821167439411,0.0427333333333333,,FALSE
"XLOC_008536","RPS3",26,0,11,0.0297884255509949,0.0297884255509949,0.0355333333333333,,FALSE
"XLOC_008543","DGAT2",6,0,0,0.82397052089862,0.82397052089862,0.0875,,FALSE
"XLOC_008545","UVRAG",11,0,4,0.0949233750405838,0.0949233750405838,0.267966666666667,,FALSE
"XLOC_008550","EMSY",17,0,3,0.0729531406504808,0.0729531406504808,0.138933333333333,,FALSE
"XLOC_008556","ACER3",30,0,3,0.571099926704994,0.571099926704994,0.0548333333333333,,FALSE
"XLOC_008558","CAPN5",4,0,0,0.611662605074666,0.611662605074666,0.0824666666666667,,FALSE
"XLOC_008560","MYO7A",10,0,2,0.926108190196412,0.926108190196412,0.0703666666666667,,FALSE
"XLOC_008565","AAMDC",10,0,1,0.259750291983216,0.259750291983216,0.109033333333333,,FALSE
"XLOC_008594","DDIAS",16,0,6,0.43097291880934,0.43097291880934,0.179633333333333,,FALSE
"XLOC_008595","RAB30-DT",12,0,0,0.0847082331300707,0.0847082331300707,0.124866666666667,,FALSE
"XLOC_008598","PCF11",13,0,6,0.664130731244536,0.664130731244536,0.0716,,FALSE
"XLOC_008599","ANKRD42",11,0,3,0.290009785714146,0.290009785714146,0.148366666666667,,FALSE
"XLOC_008611","TMEM126B",13,1,5,0.00025896529712441,0.00025896529712441,0.171966666666667,0.171966666666667,TRUE
"XLOC_008612","TMEM126A",6,0,2,0.16346764735642,0.16346764735642,0.0895666666666667,,FALSE
"XLOC_008618","EED",17,0,5,0.579636650255552,0.579636650255552,0.0702333333333333,,FALSE
"XLOC_008620","HIKESHI",12,0,6,0.928354000327583,0.928354000327583,0.0687333333333333,,FALSE
"XLOC_008629","TMEM135",7,0,1,0.354524116446673,0.354524116446673,0.0702333333333333,,FALSE
"XLOC_008699","CEP295",14,0,7,0.202285159796725,0.202285159796725,0.1435,,FALSE
"XLOC_008701","C11orf54",40,0,8,0.382174163037985,0.382174163037985,0.0463,,FALSE
"XLOC_008704","PANX1",16,0,10,2.80605699737198e-14,2.80605699737198e-14,0.1453,,FALSE
"XLOC_008706","ANKRD49",11,0,6,0.781696426112859,0.781696426112859,0.0603,,FALSE
"XLOC_008708","PIWIL4",15,0,10,0.00335051017113673,0.00335051017113673,0.0759,,FALSE
"XLOC_008731","CEP57",20,0,9,0.358093567097374,0.358093567097374,0.0654333333333333,,FALSE
"XLOC_008756","BIRC3",17,0,10,0.00400514354601427,0.00400514354601427,0.0423333333333333,,FALSE
"XLOC_008757","BIRC2",22,0,11,0.0143836435389349,0.0143836435389349,0.0494666666666667,,FALSE
"XLOC_008785","CUL5",8,0,3,0.074802145583918,0.074802145583918,0.0639,,FALSE
"XLOC_008787","ACAT1",20,0,5,0.000799711653906106,0.000799711653906106,0.0482666666666667,,FALSE
"XLOC_008788","ATM",34,0,4,0.908042046493251,0.908042046493251,0.0664666666666667,,FALSE
"XLOC_008789","DDX10",16,0,6,0.567508780083451,0.567508780083451,0.122566666666667,,FALSE
"XLOC_008809","LAYN",7,0,0,0.872175851443678,0.872175851443678,0.2638,,FALSE
"XLOC_008813","C11orf1",4,0,2,0.954967418071547,0.954967418071547,0.0084,,FALSE
"XLOC_008815","DIXDC1",8,0,3,0.841813307313234,0.841813307313234,0.118466666666667,,FALSE
"XLOC_008818","DLAT",23,0,7,0.0297809754903334,0.0297809754903334,0.0545333333333333,,FALSE
"XLOC_008819","NKAPD1",14,0,6,0.965542362006125,0.965542362006125,0.0587,,FALSE
"XLOC_008820","SDHD",31,0,7,0.0772877750731855,0.0772877750731855,0.138966666666667,,FALSE
"XLOC_008823","PTS",11,0,3,0.464684728003007,0.464684728003007,0.0922333333333333,,FALSE
"XLOC_008845","RBM7",34,0,9,0.318360082673652,0.318360082673652,0.1329,,FALSE
"XLOC_008869","PAFAH1B2",6,0,0,0.985105142170181,0.985105142170181,0.0031,,FALSE
"XLOC_008870","SIDT2",27,0,10,0.64385690173748,0.64385690173748,0.0744666666666667,,FALSE
"XLOC_008872","RNF214",9,0,1,0.0490261392316119,0.0490261392316119,0.155133333333333,,FALSE
"XLOC_008875","CEP164",12,0,2,0.818786794768213,0.818786794768213,0.1164,,FALSE
"XLOC_008879","IL10RA",16,0,6,0.982311852903871,0.982311852903871,0.0674333333333333,,FALSE
"XLOC_008885","UBE4A",14,0,11,0.767119967080746,0.767119967080746,0.146333333333333,,FALSE
"XLOC_008886","ATP5MG",34,0,1,0.884926635466808,0.884926635466808,0.0970666666666666,,FALSE
"XLOC_008890","ARCN1",14,0,12,0.537419960070953,0.537419960070953,0.0971,,FALSE
"XLOC_008892","PHLDB1",24,0,1,0.370038907595127,0.370038907595127,0.0416,,FALSE
"XLOC_008906","CENATAC",12,0,3,0.158216080957142,0.158216080957142,0.0895333333333333,,FALSE
"XLOC_008907","TRAPPC4",15,0,4,0.259750291983216,0.259750291983216,0.0652333333333333,,FALSE
"XLOC_008909","VPS11",19,0,13,0.71924233334265,0.71924233334265,0.0695666666666667,,FALSE
"XLOC_008910","HMBS",21,0,4,0.957529285996895,0.957529285996895,0.0655,,FALSE
"XLOC_008913","HINFP",25,0,12,0.767196071737796,0.767196071737796,0.1801,,FALSE
"XLOC_008919","USP2-AS1",14,0,0,0.92748577390214,0.92748577390214,0.241033333333333,,FALSE
"XLOC_008934","OAF",4,0,2,0.94186614342112,0.94186614342112,0.283166666666667,,FALSE
"XLOC_008938","ARHGEF12",9,0,1,0.00130477603484253,0.00130477603484253,0.213,,FALSE
"XLOC_008941","TBCEL",16,0,1,0.498050216706801,0.498050216706801,0.1298,,FALSE
"XLOC_008943","SC5D",11,0,2,0.061574783061054,0.061574783061054,0.0594,,FALSE
"XLOC_008945","SORL1",16,0,7,0.572243963581508,0.572243963581508,0.114633333333333,,FALSE
"XLOC_008954","UBASH3B",16,0,10,1.34043492793723e-07,1.34043492793723e-07,0.142566666666667,,FALSE
"XLOC_008956","JHY",5,0,0,0.76254994434903,0.76254994434903,0.0875333333333333,,FALSE
"XLOC_008964","GRAMD1B",9,0,0,0.978063108677632,0.978063108677632,0.0499,,FALSE
"XLOC_008974","VWA5A",16,0,10,6.7577145674601e-07,6.7577145674601e-07,0.1268,,FALSE
"XLOC_008989","TBRG1",15,0,6,0.312952924123265,0.312952924123265,0.0563,,FALSE
"XLOC_008991","SPA17",6,0,3,0.156992493715823,0.156992493715823,0.332366666666667,,FALSE
"XLOC_008996","ROBO3",13,0,0,0.947972183634089,0.947972183634089,0.100866666666667,,FALSE
"XLOC_009001","SLC37A2",10,0,5,0.913030977232709,0.913030977232709,0.0170666666666667,,FALSE
"XLOC_009008","EI24",17,0,6,0.813233293054613,0.813233293054613,0.1121,,FALSE
"XLOC_009010","STT3A",52,0,32,0.0255631454742681,0.0255631454742681,0.0839333333333333,,FALSE
"XLOC_009015","HYLS1",2,0,1,0.000360945665853206,0.000360945665853206,0.624866666666667,,FALSE
"XLOC_009020","FAM118B",13,0,6,0.73037740900868,0.73037740900868,0.0778333333333333,,FALSE
"XLOC_009022","FOXRED1",33,0,5,0.576577348168753,0.576577348168753,0.0390333333333333,,FALSE
"XLOC_009023","TIRAP",10,0,3,0.809460668613161,0.809460668613161,0.171733333333333,,FALSE
"XLOC_009025","ST3GAL4",22,0,1,0.434283145195584,0.434283145195584,0.0517333333333334,,FALSE
"XLOC_009036","LINC02725",13,0,7,0.269775803768761,0.269775803768761,0.0543333333333333,,FALSE
"XLOC_009042","FLI1",8,0,4,0.965542362006125,0.965542362006125,0.0854666666666666,,FALSE
"XLOC_009043","KCNJ5",4,0,2,0.546899750650881,0.546899750650881,0.1712,,FALSE
"XLOC_009049","TMEM45B",8,0,3,0.47598715568907,0.47598715568907,0.0992333333333333,,FALSE
"XLOC_009053","APLP2",49,0,33,0.00144528693688269,0.00144528693688269,0.0337,,FALSE
"XLOC_009054","ST14",8,0,4,0.310428468581841,0.310428468581841,0.0669,,FALSE
"XLOC_009077","ACAD8",18,1,6,0.0310909489277302,0.0310909489277302,0.235466666666667,0.2223,TRUE
"XLOC_009091","BET1L",6,0,0,0.716503290348107,0.716503290348107,0.0426333333333333,,FALSE
"XLOC_009092","SIRT3",17,0,4,0.971102348255662,0.971102348255662,0.143966666666667,,FALSE
"XLOC_009098","IFITM3",11,0,1,0.174430959911768,0.174430959911768,0.00736666666666667,,FALSE
"XLOC_009099","SIGIRR",15,0,1,0.306136782794246,0.306136782794246,0.116433333333333,,FALSE
"XLOC_009103","RNH1",28,0,5,6.18914995730759e-05,6.18914995730759e-05,0.0202666666666667,,FALSE
"XLOC_009104","HRAS",7,0,0,0.671393682727479,0.671393682727479,0.0956333333333333,,FALSE
"XLOC_009108","IRF7",16,0,0,0.00290546090905794,0.00290546090905794,0.0779333333333334,,FALSE
"XLOC_009111","DEAF1",20,0,3,0.0992801258600309,0.0992801258600309,0.129533333333333,,FALSE
"XLOC_009113","GATD1",14,0,0,0.609973681588274,0.609973681588274,0.105033333333333,,FALSE
"XLOC_009116","PIDD1",10,0,0,0.898646800687559,0.898646800687559,0.2045,,FALSE
"XLOC_009118","POLR2L",3,0,1,0.00404086427412348,0.00404086427412348,0.0435666666666668,,FALSE
"XLOC_009120","CHID1",31,0,8,0.538570734307905,0.538570734307905,0.0545,,FALSE
"XLOC_009127","DUSP8",3,0,0,0.924512009111573,0.924512009111573,0.0458666666666667,,FALSE
"XLOC_009134","IFITM10",27,0,7,0.000574002883724678,0.000574002883724678,0.0343666666666667,,FALSE
"XLOC_009145","C11orf21",4,0,0,0.0544036825131473,0.0544036825131473,0.455533333333333,,FALSE
"XLOC_009155","NAP1L4",24,0,8,0.0142633654982527,0.0142633654982527,0.133466666666667,,FALSE
"XLOC_009157","CARS1",17,0,5,0.490340370609382,0.490340370609382,0.0541666666666666,,FALSE
"XLOC_009160","OSBPL5",13,0,0,0.590122896768837,0.590122896768837,0.224366666666667,,FALSE
"XLOC_009165","ZNF195",32,0,11,0.61534304610637,0.61534304610637,0.0789,,FALSE
"XLOC_009176","CHRNA10",51,0,33,0.00597023366210467,0.00597023366210467,0.055,,FALSE
"XLOC_009179","RHOG",5,0,3,0.590560383139968,0.590560383139968,0.0227666666666667,,FALSE
"XLOC_009191","TRIM21",13,0,12,0.611960067544726,0.611960067544726,0.0232333333333333,,FALSE
"XLOC_009226","OR51B5",22,0,11,0.0579136685885892,0.0579136685885892,0.0678333333333333,,FALSE
"XLOC_009260","CAVIN3",4,0,0,0.839639206607518,0.839639206607518,0.0783333333333334,,FALSE
"XLOC_009262","APBB1",7,0,0,0.0855961082016487,0.0855961082016487,0.127733333333333,,FALSE
"XLOC_009265","ARFIP2",12,0,3,0.365085966567003,0.365085966567003,0.0634333333333333,,FALSE
"XLOC_009269","TAF10",49,0,14,0.48235572986982,0.48235572986982,0.0623666666666667,,FALSE
"XLOC_009271","MRPL17",4,0,1,0.835458895499646,0.835458895499646,0.165433333333333,,FALSE
"XLOC_009273","GVINP1",3,0,1,0.262744351183912,0.262744351183912,0.217933333333333,,FALSE
"XLOC_009280","XLOC_009280",15,0,0,0.786984226900757,0.786984226900757,0.0411333333333333,,FALSE
"XLOC_009282","CYB5R2",11,0,4,0.631351303462427,0.631351303462427,0.0798666666666667,,FALSE
"XLOC_009301","TRIM66",10,0,1,0.320002983383124,0.320002983383124,0.137466666666667,,FALSE
"XLOC_009302","DENND2B",23,0,3,0.854397393251175,0.854397393251175,0.127366666666667,,FALSE
"XLOC_009307","TMEM9B",7,0,4,4.57350293131375e-05,4.57350293131375e-05,0.0439,,FALSE
"XLOC_009308","NRIP3",8,0,3,0.981962693565035,0.981962693565035,0.0533,,FALSE
"XLOC_009311","DENND5A",59,0,24,4.90112714716009e-06,4.90112714716009e-06,0.1041,,FALSE
"XLOC_009314","TMEM41B",8,0,3,0.870723466797491,0.870723466797491,0.0332666666666667,,FALSE
"XLOC_009321","SBF2",33,0,1,0.485652120408885,0.485652120408885,0.0573333333333333,,FALSE
"XLOC_009327","RNF141",7,1,2,0.00327491184492976,0.00327491184492976,0.2819,0.2819,TRUE
"XLOC_009330","EIF4G2",89,0,64,0.00026832028054677,0.00026832028054677,0.0343666666666667,,FALSE
"XLOC_009331","ZBED5",9,0,1,0.488242213469572,0.488242213469572,0.0649333333333333,,FALSE
"XLOC_009352","BTBD10",15,0,10,0.366015757200197,0.366015757200197,0.103766666666667,,FALSE
"XLOC_009363","RRAS2",6,0,2,0.648067819313868,0.648067819313868,0.0677333333333334,,FALSE
"XLOC_009364","COPB1",66,0,47,0.000341804021784637,0.000341804021784637,0.0439,,FALSE
"XLOC_009366","CYP2R1",11,0,3,0.032401656403517,0.032401656403517,0.201933333333333,,FALSE
"XLOC_009374","PLEKHA7",11,0,0,0.739669217247604,0.739669217247604,0.160166666666667,,FALSE
"XLOC_009376","RPS13",21,0,8,0.61063664355373,0.61063664355373,0.00466666666666667,,FALSE
"XLOC_009385","SERGEF",21,0,3,0.235499176473208,0.235499176473208,0.1,,FALSE
"XLOC_009386","SAAL1",12,0,1,0.405110667821042,0.405110667821042,0.1006,,FALSE
"XLOC_009390","HPS5",26,0,18,0.0117551537929073,0.0117551537929073,0.0576666666666667,,FALSE
"XLOC_009392","TSG101",19,0,7,1.35285368703214e-08,1.35285368703214e-08,0.0562,,FALSE
"XLOC_009395","UEVLD",14,0,5,0.412466102089447,0.412466102089447,0.102966666666667,,FALSE
"XLOC_009410","E2F8",7,0,6,0.182548033521702,0.182548033521702,0.2044,,FALSE
"XLOC_009433","SVIP",5,0,1,0.89616090090945,0.89616090090945,0.0147333333333333,,FALSE
"XLOC_009446","CCDC34",4,0,1,0.881111570813868,0.881111570813868,0.108833333333333,,FALSE
"XLOC_009470","IMMP1L",13,0,4,0.380052924661459,0.380052924661459,0.0964666666666667,,FALSE
"XLOC_009482","CSTF3",15,0,10,0.855866032551808,0.855866032551808,0.0602333333333333,,FALSE
"XLOC_009487","C11orf91",22,0,7,0.872676321195478,0.872676321195478,0.0369666666666666,,FALSE
"XLOC_009488","FBXO3",15,0,6,0.627641169848489,0.627641169848489,0.0520666666666667,,FALSE
"XLOC_009491","LMO2",6,0,0,0.642387307065103,0.642387307065103,0.0780333333333333,,FALSE
"XLOC_009498","APIP",7,0,5,0.0709222382335402,0.0709222382335402,0.0081,,FALSE
"XLOC_009502","SLC1A2",26,0,12,0.00587662068360463,0.00587662068360463,0.119666666666667,,FALSE
"XLOC_009509","COMMD9",10,0,4,0.0524274695819412,0.0524274695819412,0.0283,,FALSE
"XLOC_009541","TP53I11",19,0,0,0.0106776056697541,0.0106776056697541,0.0129333333333333,,FALSE
"XLOC_009553","PEX16",9,0,0,0.127084215031114,0.127084215031114,0.222666666666667,,FALSE
"XLOC_009554","PHF21A",22,0,4,0.752239876245479,0.752239876245479,0.143233333333333,,FALSE
"XLOC_009559","AMBRA1",8,0,0,0.92420386405569,0.92420386405569,0.156533333333333,,FALSE
"XLOC_009563","ARHGAP1",12,0,6,0.788579007219764,0.788579007219764,0.138833333333333,,FALSE
"XLOC_009564","CKAP5",21,0,14,0.0375918589013251,0.0375918589013251,0.0782666666666667,,FALSE
"XLOC_009571","ARFGAP2",32,0,13,0.00190781591177827,0.00190781591177827,0.0572666666666667,,FALSE
"XLOC_009576","ACP2",19,0,9,0.836940846429354,0.836940846429354,0.0152,,FALSE
"XLOC_009581","PSMC3",22,0,12,0.0436642231868324,0.0436642231868324,0.0403666666666667,,FALSE
"XLOC_009583","CELF1",26,0,7,0.653215703775397,0.653215703775397,0.0559,,FALSE
"XLOC_009586","KBTBD4",9,0,4,0.920666246150482,0.920666246150482,0.0303666666666667,,FALSE
"XLOC_009589","MTCH2",18,0,14,0.000110756784785259,0.000110756784785259,0.0748,,FALSE
"XLOC_009591","FNBP4",21,0,6,0.470701276098891,0.470701276098891,0.0441666666666667,,FALSE
"XLOC_009592","NUP160",17,0,9,0.00210840062194271,0.00210840062194271,0.0453,,FALSE
"XLOC_009683","TNKS1BP1",8,0,1,0.423685504926047,0.423685504926047,0.035,,FALSE
"XLOC_009684","SSRP1",11,0,9,0.838055918727252,0.838055918727252,0.0920333333333333,,FALSE
"XLOC_009686","PRG2",94,0,73,0.00191111813154253,0.00191111813154253,0.0318666666666667,,FALSE
"XLOC_009688","SLC43A1",9,0,3,0.766754929856476,0.766754929856476,0.109066666666667,,FALSE
"XLOC_009690","TIMM10",4,0,1,0.0316853002318411,0.0316853002318411,0.0349666666666667,,FALSE
"XLOC_009694","MED19",5,0,2,0.394500701386586,0.394500701386586,0.0775,,FALSE
"XLOC_009726","LPXN",18,0,15,0.921380779478069,0.921380779478069,0.0541666666666667,,FALSE
"XLOC_009750","OSBP",6,0,3,0.846504381866411,0.846504381866411,0.0658,,FALSE
"XLOC_009752","PATL1",13,0,11,0.89570868530609,0.89570868530609,0.112533333333333,,FALSE
"XLOC_009761","MS4A6A",26,0,10,0.331935253325791,0.331935253325791,0.0784,,FALSE
"XLOC_009767","PRPF19",6,0,0,0.925650282674186,0.925650282674186,0.00256666666666667,,FALSE
"XLOC_009770","SLC15A3",20,0,7,0.436808920706961,0.436808920706961,0.0688666666666667,,FALSE
"XLOC_009773","XLOC_009773",11,0,11,0.753347164354132,0.753347164354132,0.0136666666666667,,FALSE
"XLOC_009774","VPS37C",4,0,0,0.835672028010037,0.835672028010037,0.0101,,FALSE
"XLOC_009777","DDB1",54,0,20,0.318853126425818,0.318853126425818,0.0664,,FALSE
"XLOC_009778","CYB561A3",42,0,28,0.000141486805459816,0.000141486805459816,0.0467,,FALSE
"XLOC_009779","CPSF7",32,0,9,0.217880563327857,0.217880563327857,0.0810333333333333,,FALSE
"XLOC_009785","TMEM258",11,0,4,0.000159216038130851,0.000159216038130851,0.0589333333333334,,FALSE
"XLOC_009787","FADS1",22,0,5,0.536262017410002,0.536262017410002,0.162733333333333,,FALSE
"XLOC_009788","FADS3",12,0,1,0.00431952070917109,0.00431952070917109,0.0355,,FALSE
"XLOC_009790","RAB3IL1",4,0,0,0.859648895881942,0.859648895881942,0.0342999999999999,,FALSE
"XLOC_009802","EEF1G",30,0,22,0.0354503517033335,0.0354503517033335,0.0276666666666667,,FALSE
"XLOC_009804","MTA2",8,0,2,0.105363912049388,0.105363912049388,0.0565,,FALSE
"XLOC_009805","EML3",16,0,0,0.50352208972763,0.50352208972763,0.0891666666666667,,FALSE
"XLOC_009807","GANAB",18,0,6,0.128343059831056,0.128343059831056,0.0394666666666666,,FALSE
"XLOC_009808","INTS5",15,0,2,0.994613702955225,0.994613702955225,0.0500666666666667,,FALSE
"XLOC_009809","UBXN1",20,0,6,0.0705002746547806,0.0705002746547806,0.0584333333333334,,FALSE
"XLOC_009810","BSCL2",38,0,8,0.432517755450743,0.432517755450743,0.0606333333333333,,FALSE
"XLOC_009813","TMEM223",4,0,0,0.538222726024075,0.538222726024075,0.0647,,FALSE
"XLOC_009815","NXF1",21,0,9,0.0939183292724422,0.0939183292724422,0.0410333333333333,,FALSE
"XLOC_009817","STX5",10,0,3,0.981303031588092,0.981303031588092,0.0279,,FALSE
"XLOC_009820","TEX54",19,0,5,0.0810022955660483,0.0810022955660483,0.0466333333333333,,FALSE
"XLOC_009821","SNHG1",47,0,3,0.488242213469572,0.488242213469572,0.167066666666667,,FALSE
"XLOC_009833","PLAAT3",4,0,1,0.964341988129783,0.964341988129783,0.1374,,FALSE
"XLOC_009834","ATL3",7,0,3,0.736434926862654,0.736434926862654,0.176933333333333,,FALSE
"XLOC_009841","MACROD1",6,0,0,0.760004712834219,0.760004712834219,0.301266666666667,,FALSE
"XLOC_009845","TRPT1",14,0,0,0.0813278280852629,0.0813278280852629,0.0623,,FALSE
"XLOC_009847","PPP1R14B",5,0,1,0.973917175716937,0.973917175716937,0.0279666666666666,,FALSE
"XLOC_009848","BAD",7,0,0,0.953864977031182,0.953864977031182,0.0501333333333333,,FALSE
"XLOC_009849","TRMT112",6,0,1,0.962151326510744,0.962151326510744,0.046,,FALSE
"XLOC_009857","SF1",21,0,0,0.0998558187993532,0.0998558187993532,0.0837333333333333,,FALSE
"XLOC_009858","MAP4K2",13,0,0,0.922738538409757,0.922738538409757,0.0585,,FALSE
"XLOC_009859","MEN1",15,0,0,0.00256677758462135,0.00256677758462135,0.2704,,FALSE
"XLOC_009861","EHD1",12,0,0,0.557115071049103,0.557115071049103,0.0127,,FALSE
"XLOC_009868","BATF2",5,0,2,0.121729196764599,0.121729196764599,0.212866666666667,,FALSE
"XLOC_009871","CDCA5",9,0,4,0.606436971011028,0.606436971011028,0.0578,,FALSE
"XLOC_009875","FAU",20,0,3,0.761596051624842,0.761596051624842,0.0469333333333333,,FALSE
"XLOC_009883","SLC25A45",13,0,0,0.228518457704523,0.228518457704523,0.0599666666666667,,FALSE
"XLOC_009888","LTBP3",23,0,0,0.311050462920611,0.311050462920611,0.216833333333333,,FALSE
"XLOC_009892","MAP3K11",11,0,0,0.291806272125457,0.291806272125457,0.0338999999999999,,FALSE
"XLOC_009893","RELA",21,0,0,0.040655359389998,0.040655359389998,0.0115,,FALSE
"XLOC_009900","FIBP",18,0,10,0.770522174946161,0.770522174946161,0.0343666666666667,,FALSE
"XLOC_009901","FOSL1",5,0,1,0.609973681588274,0.609973681588274,0.0591333333333333,,FALSE
"XLOC_009902","C11orf68",3,0,0,0.657241519330282,0.657241519330282,0.156733333333333,,FALSE
"XLOC_009904","EIF1AD",15,0,8,0.000157348806542828,0.000157348806542828,0.0981666666666667,,FALSE
"XLOC_009905","CATSPER1",10,0,8,0.0519128704551148,0.0519128704551148,0.165433333333333,,FALSE
"XLOC_009914","YIF1A",10,0,0,4.90112714716009e-06,4.90112714716009e-06,0.0336,,FALSE
"XLOC_009917","RIN1",7,0,0,0.653809599008295,0.653809599008295,0.1779,,FALSE
"XLOC_009918","BRMS1",8,0,1,0.966802421460086,0.966802421460086,0.0116333333333333,,FALSE
"XLOC_009922","MRPL11",6,0,1,0.793875925666461,0.793875925666461,0.108133333333333,,FALSE
"XLOC_009927","CTSF",14,0,0,0.56787568176439,0.56787568176439,0.223566666666667,,FALSE
"XLOC_009930","RBM4B",8,0,4,0.947674351068555,0.947674351068555,0.129533333333333,,FALSE
"XLOC_009931","SPTBN2",10,0,0,0.120343730144933,0.120343730144933,0.239866666666667,,FALSE
"XLOC_009935","PC",14,0,1,0.841813307313234,0.841813307313234,0.0323666666666667,,FALSE
"XLOC_009940","POLD4",15,0,2,0.137272557421103,0.137272557421103,0.184266666666667,,FALSE
"XLOC_009942","PPP1CA",12,0,2,0.728522319591956,0.728522319591956,0.0208,,FALSE
"XLOC_009944","PTPRCAP",11,0,1,0.683697082991203,0.683697082991203,0.0356666666666666,,FALSE
"XLOC_009946","TMEM134",14,0,0,0.33555931861584,0.33555931861584,0.0673,,FALSE
"XLOC_009947","PITPNM1",11,0,0,0.376135072866298,0.376135072866298,0.1412,,FALSE
"XLOC_009970","KMT5B",17,1,3,0.000975507529961882,0.000975507529961882,0.181333333333333,0.167966666666667,FALSE
"XLOC_009971","C11orf24",8,0,0,0.914852678747655,0.914852678747655,0.0566333333333334,,FALSE
"XLOC_009975","CPT1A",4,0,1,0.652250184248232,0.652250184248232,0.0613,,FALSE
"XLOC_009976","MRPL21",10,0,3,0.75340794511646,0.75340794511646,0.0129,,FALSE
"XLOC_009985","LTO1",13,0,1,0.890412536030339,0.890412536030339,0.102066666666667,,FALSE
"XLOC_010010","DHCR7",18,0,1,0.0029114897601222,0.0029114897601222,0.0665,,FALSE
"XLOC_010020","NUMA1",29,0,5,0.0961456579835969,0.0961456579835969,0.0358666666666667,,FALSE
"XLOC_010023","LAMTOR1",33,0,14,0.0523414198070882,0.0523414198070882,0.0279666666666667,,FALSE
"XLOC_010027","CLPB",15,0,2,0.0866818460369154,0.0866818460369154,0.0629666666666667,,FALSE
"XLOC_010031","ARAP1",36,0,3,0.145786561050173,0.145786561050173,0.0315666666666667,,FALSE
"XLOC_010032","FCHSD2",13,0,5,0.742587133248506,0.742587133248506,0.0745333333333333,,FALSE
"XLOC_010039","RAB6A",12,0,5,0.0299149974855724,0.0299149974855724,0.1173,,FALSE
"XLOC_010045","UCP2",26,0,19,0.00551749643328074,0.00551749643328074,0.0461,,FALSE
"XLOC_010049","C2CD3",31,1,2,0.001496854000725,0.001496854000725,0.1541,0.1541,FALSE
"XLOC_010054","KCNE3",8,0,3,0.683792753908552,0.683792753908552,0.0435333333333334,,FALSE
"XLOC_010062","XRRA1",19,0,1,0.484104438076775,0.484104438076775,0.116033333333333,,FALSE
"XLOC_010070","ARRB1",14,0,7,0.809785279284418,0.809785279284418,0.0362333333333333,,FALSE
"XLOC_010089","THAP12",10,0,2,0.570460265482998,0.570460265482998,0.0542,,FALSE
"XLOC_010100","PAK1",26,0,13,0.620322252958988,0.620322252958988,0.0485666666666666,,FALSE
"XLOC_010103","RSF1",13,0,2,0.489217402261026,0.489217402261026,0.0534,,FALSE
"XLOC_010110","INTS4",37,0,3,0.577862148303292,0.577862148303292,0.201833333333333,,FALSE
"XLOC_010112","KCTD14",6,0,1,0.000355500830930532,0.000355500830930532,0.0875,,FALSE
"XLOC_010113","ALG8",40,0,9,0.81152215614453,0.81152215614453,0.104666666666667,,FALSE
"XLOC_010134","PRCP",27,0,6,0.345757069851523,0.345757069851523,0.052,,FALSE
"XLOC_010145","CCDC90B",19,0,3,0.439649198282704,0.439649198282704,0.0446,,FALSE
"XLOC_010154","CREBZF",9,0,3,0.00170415082150538,0.00170415082150538,0.134066666666667,,FALSE
"XLOC_010159","PICALM",44,0,23,0.0259282191741449,0.0259282191741449,0.0845,,FALSE
"XLOC_010164","ME3",12,0,2,0.382097006262454,0.382097006262454,0.219133333333333,,FALSE
"XLOC_010183","RAB38",3,0,0,0.194970566252353,0.194970566252353,0.0506666666666666,,FALSE
"XLOC_010185","CTSC",33,0,13,0.44774045559226,0.44774045559226,0.0258333333333333,,FALSE
"XLOC_010217","CHORDC1",12,0,6,0.951494759895179,0.951494759895179,0.0901,,FALSE
"XLOC_010233","SLC36A4",10,0,3,0.27630509994766,0.27630509994766,0.0655666666666667,,FALSE
"XLOC_010240","TAF1D",30,0,9,0.300125621423141,0.300125621423141,0.0943333333333334,,FALSE
"XLOC_010248","MRE11",16,0,10,0.0896020948529562,0.0896020948529562,0.0554666666666667,,FALSE
"XLOC_010252","CWC15",10,0,5,0.0883617866021169,0.0883617866021169,0.0353,,FALSE
"XLOC_010255","FAM76B",16,0,5,0.0977046220813478,0.0977046220813478,0.0861333333333333,,FALSE
"XLOC_010256","MTMR2",49,0,14,0.000517453905181779,0.000517453905181779,0.0664666666666666,,FALSE
"XLOC_010259","CCDC82",38,0,7,0.0581755919573824,0.0581755919573824,0.144633333333333,,FALSE
"XLOC_010283","TMEM123",11,0,4,1.75817992130814e-05,1.75817992130814e-05,0.0447333333333333,,FALSE
"XLOC_010284","MMP7",14,0,13,0.934272156748259,0.934272156748259,0.0241666666666666,,FALSE
"XLOC_010287","MMP8",11,0,8,0.706076729718948,0.706076729718948,0.1267,,FALSE
"XLOC_010290","MMP10",6,0,4,0.0698468042267192,0.0698468042267192,0.0762,,FALSE
"XLOC_010293","MMP3",2,0,0,0.61498481589291,0.61498481589291,0.489533333333333,,FALSE
"XLOC_010294","MMP12",6,0,6,0.767793881395163,0.767793881395163,0.0656666666666667,,FALSE
"XLOC_010298","DCUN1D5",8,0,2,0.585998920750869,0.585998920750869,0.0965666666666667,,FALSE
"XLOC_010314","CASP4",17,0,9,0.435772527417156,0.435772527417156,0.0503666666666667,,FALSE
"XLOC_010316","CASP5",12,0,7,0.162109158697294,0.162109158697294,0.238,,FALSE
"XLOC_010317","CASP1",32,0,16,0.376649583617589,0.376649583617589,0.0933666666666667,,FALSE
"XLOC_010326","MSANTD4",10,0,6,0.826081646847352,0.826081646847352,0.2127,,FALSE
"XLOC_010338","ALKBH8",10,0,6,0.723165781138001,0.723165781138001,0.247833333333333,,FALSE
"XLOC_010349","NPAT",8,0,2,0.921055625699424,0.921055625699424,0.2094,,FALSE
"XLOC_010365","RDX",21,0,6,0.135472716778418,0.135472716778418,0.1036,,FALSE
"XLOC_010382","PPP2R1B",21,0,15,0.00555510641399569,0.00555510641399569,0.0699666666666667,,FALSE
"XLOC_010384","ALG9",25,0,12,0.00885606023150355,0.00885606023150355,0.0609333333333333,,FALSE
"XLOC_010394","IL18",8,0,4,0.617255137649104,0.617255137649104,0.0343,,FALSE
"XLOC_010411","ZW10",6,0,4,0.00130124340183038,0.00130124340183038,0.133133333333333,,FALSE
"XLOC_010414","USP28",15,1,3,5.93990675648615e-06,5.93990675648615e-06,0.188966666666667,0.188966666666667,FALSE
"XLOC_010425","CADM1",13,0,8,0.302532653450535,0.302532653450535,0.130866666666667,,FALSE
"XLOC_010437","ZPR1",10,0,2,0.0950862695261179,0.0950862695261179,0.0152666666666667,,FALSE
"XLOC_010442","SIK3",17,0,4,0.155728394435903,0.155728394435903,0.0887333333333333,,FALSE
"XLOC_010446","PCSK7",19,0,7,0.0394019457553877,0.0394019457553877,0.102566666666667,,FALSE
"XLOC_010447","BACE1",14,0,2,0.839398265908157,0.839398265908157,0.1274,,FALSE
"XLOC_010453","FXYD2",24,0,12,0.397782096381854,0.397782096381854,0.0774333333333333,,FALSE
"XLOC_010458","JAML",28,0,18,0.075341455600812,0.075341455600812,0.0259666666666667,,FALSE
"XLOC_010460","MPZL3",5,0,3,0.966914605100777,0.966914605100777,0.1109,,FALSE
"XLOC_010471","DDX6",12,0,5,0.977415001189189,0.977415001189189,0.0476333333333333,,FALSE
"XLOC_010479","RPS25",11,0,8,0.887092493867629,0.887092493867629,0.00333333333333333,,FALSE
"XLOC_010480","SLC37A4",18,0,7,0.0501262806511574,0.0501262806511574,0.0910666666666667,,FALSE
"XLOC_010481","HYOU1",33,0,8,0.0199793822229781,0.0199793822229781,0.0450333333333333,,FALSE
"XLOC_010484","H2AX",39,0,18,0.0848179084338413,0.0848179084338413,0.0588666666666667,,FALSE
"XLOC_010491","USP2",6,0,0,0.641777908840626,0.641777908840626,0.1227,,FALSE
"XLOC_010496","NECTIN1",4,0,0,0.702052286099615,0.702052286099615,0.201433333333333,,FALSE
"XLOC_010521","HSPA8",49,0,34,4.44143748787253e-08,4.44143748787253e-08,0.081,,FALSE
"XLOC_010531","ZNF202",11,0,2,0.438514291623354,0.438514291623354,0.0606666666666667,,FALSE
"XLOC_010560","SIAE",12,1,9,0.0190143120662793,0.0190143120662793,0.153433333333333,0.153433333333333,TRUE
"XLOC_010564","MSANTD2",9,0,2,0.973164590618576,0.973164590618576,0.0812,,FALSE
"XLOC_010570","TMEM218",21,0,4,0.0316817457182635,0.0316817457182635,0.0820666666666667,,FALSE
"XLOC_010579","PUS3",7,0,4,0.558322730655265,0.558322730655265,0.211,,FALSE
"XLOC_010586","RPUSD4",11,0,4,0.996627259662099,0.996627259662099,0.0263333333333334,,FALSE
"XLOC_010588","SRPRA",23,0,20,0.468769984927985,0.468769984927985,0.0407333333333333,,FALSE
"XLOC_010599","DNAJB6P1",2,0,1,0.0183625377370561,0.0183625377370561,0.212966666666667,,FALSE
"XLOC_010604","KCNJ1",30,0,24,0.167563974949264,0.167563974949264,0.0307666666666666,,FALSE
"XLOC_010614","NFRKB",17,0,7,0.575186399148037,0.575186399148037,0.2035,,FALSE
"XLOC_010619","ZBTB44",12,0,3,0.115847503924917,0.115847503924917,0.0668333333333333,,FALSE
"XLOC_010627","SNX19",21,0,13,0.835908483546989,0.835908483546989,0.0782666666666667,,FALSE
"XLOC_010648","NCAPD3",28,0,5,0.00341940963400771,0.00341940963400771,0.103166666666667,,FALSE
"XLOC_010649","THYN1",13,1,9,3.36389433062937e-06,3.36389433062937e-06,0.229466666666667,0.229466666666667,TRUE
"XLOC_010662","CCDC77",14,0,7,0.725726721661426,0.725726721661426,0.171733333333333,,FALSE
"XLOC_010665","NINJ2-AS1",6,0,1,0.212681591406239,0.212681591406239,0.182633333333333,,FALSE
"XLOC_010666","WNK1",22,0,5,0.187610775090934,0.187610775090934,0.0593666666666667,,FALSE
"XLOC_010668","ERC1",22,0,0,0.998259432595307,0.998259432595307,0.163866666666667,,FALSE
"XLOC_010672","ADIPOR2",6,0,0,0.867528270316499,0.867528270316499,0.0043,,FALSE
"XLOC_010683","FKBP4",8,0,3,0.758689359153897,0.758689359153897,0.0898,,FALSE
"XLOC_010684","ITFG2",20,0,2,0.397418139094576,0.397418139094576,0.0762,,FALSE
"XLOC_010685","RHNO1",15,2,5,2.30042676080251e-10,2.30042676080251e-10,0.3792,0.3792,TRUE
"XLOC_010705","RAD51AP1",17,0,12,0.487944669453145,0.487944669453145,0.0781,,FALSE
"XLOC_010706","DYRK4",35,0,8,0.351912129467365,0.351912129467365,0.0499,,FALSE
"XLOC_010719","CD9",24,0,4,4.87078372129931e-08,4.87078372129931e-08,0.0298666666666667,,FALSE
"XLOC_010722","LTBR",11,0,0,0.966616014924391,0.966616014924391,0.0305666666666666,,FALSE
"XLOC_010725","CD27",13,0,5,0.889120996695239,0.889120996695239,0.0277666666666667,,FALSE
"XLOC_010728","NCAPD2",19,0,8,0.406368095788717,0.406368095788717,0.0681333333333333,,FALSE
"XLOC_010730","GAPDH",29,0,23,2.67733276898699e-13,2.67733276898699e-13,0.0379,,FALSE
"XLOC_010737","COPS7A",27,0,12,0.0124740114958251,0.0124740114958251,0.100866666666667,,FALSE
"XLOC_010739","PTMS",4,0,0,0.930762107555381,0.930762107555381,0.0750666666666666,,FALSE
"XLOC_010741","CD4",22,0,12,0.000279490287572047,0.000279490287572047,0.0346,,FALSE
"XLOC_010744","USP5",12,0,6,0.0868416912927672,0.0868416912927672,0.117933333333333,,FALSE
"XLOC_010745","TPI1",16,0,12,0.671393682727479,0.671393682727479,0.0223333333333333,,FALSE
"XLOC_010748","ENO2",13,0,1,0.934272156748259,0.934272156748259,0.0237666666666667,,FALSE
"XLOC_010751","PTPN6",42,0,24,0.00509235346299612,0.00509235346299612,0.0531666666666667,,FALSE
"XLOC_010756","EMG1",24,0,5,0.103926884039109,0.103926884039109,0.0931333333333333,,FALSE
"XLOC_010760","CLSTN3",6,0,0,0.912552469609863,0.912552469609863,0.104266666666667,,FALSE
"XLOC_010761","PEX5",12,0,1,0.429687299874665,0.429687299874665,0.0958666666666667,,FALSE
"XLOC_010779","FOXJ2",3,0,0,0.78674025010323,0.78674025010323,0.0223,,FALSE
"XLOC_010780","NECAP1",39,0,6,0.731601852803499,0.731601852803499,0.0964333333333333,,FALSE
"XLOC_010788","CLEC6A",8,0,8,0.00701455245150673,0.00701455245150673,0.115833333333333,,FALSE
"XLOC_010796","RIMKLB",10,0,1,0.506663368640901,0.506663368640901,0.142166666666667,,FALSE
"XLOC_010800","PHC1",15,0,5,0.899910858326133,0.899910858326133,0.0916,,FALSE
"XLOC_010801","KLRG1",7,0,1,0.897362654403685,0.897362654403685,0.301533333333333,,FALSE
"XLOC_010812","GOT2P3",49,0,22,0.121729196764599,0.121729196764599,0.0425,,FALSE
"XLOC_010819","CLEC12B",5,0,1,0.82397052089862,0.82397052089862,0.130433333333333,,FALSE
"XLOC_010823","TMEM52B",9,0,5,0.55449263933301,0.55449263933301,0.0533,,FALSE
"XLOC_010824","GABARAPL1",22,0,7,0.0927156204203555,0.0927156204203555,0.0336333333333333,,FALSE
"XLOC_010839","ETV6",7,1,3,4.0626168909415e-07,4.0626168909415e-07,0.205233333333333,0.193366666666667,TRUE
"XLOC_010853","APOLD1",15,0,5,0.142771085532216,0.142771085532216,0.0146666666666667,,FALSE
"XLOC_010857","GPRC5A",5,0,0,0.904476053698665,0.904476053698665,0.135083333333333,,FALSE
"XLOC_010862","FAM234B",6,0,2,0.988150418864103,0.988150418864103,0.124066666666667,,FALSE
"XLOC_010863","EMP1",16,0,6,0.000418958233899751,0.000418958233899751,0.0327333333333333,,FALSE
"XLOC_010873","ATF7IP",16,0,4,0.344981830878286,0.344981830878286,0.110366666666667,,FALSE
"XLOC_010877","H2AJ",3,0,1,0.892516507457073,0.892516507457073,0.00329999999999997,,FALSE
"XLOC_010884","PTPRO",22,0,14,0.0899791752616811,0.0899791752616811,0.0701,,FALSE
"XLOC_010888","STRAP",8,0,7,0.0754458457074648,0.0754458457074648,0.0545333333333334,,FALSE
"XLOC_010889","DERA",17,0,11,0.772725515313924,0.772725515313924,0.0088,,FALSE
"XLOC_010890","MGST1",23,0,10,0.570408081865177,0.570408081865177,0.0699,,FALSE
"XLOC_010911","PLEKHA5",10,0,2,0.751783787740268,0.751783787740268,0.186,,FALSE
"XLOC_010914","AEBP2",9,0,3,0.182183512300796,0.182183512300796,0.0914666666666667,,FALSE
"XLOC_010928","PYROXD1",9,0,1,0.019711860637896,0.019711860637896,0.0838,,FALSE
"XLOC_010929","GOLT1B",11,0,7,0.74207271564043,0.74207271564043,0.0529333333333334,,FALSE
"XLOC_010934","CMAS",7,0,3,0.152310979924772,0.152310979924772,0.0321666666666667,,FALSE
"XLOC_010938","ETNK1",11,0,1,0.670790126329551,0.670790126329551,0.0872666666666667,,FALSE
"XLOC_010951","XLOC_010951",4,0,4,0.623058356041535,0.623058356041535,0.1093,,FALSE
"XLOC_010952","IRAG2",16,0,6,0.970404842401032,0.970404842401032,0.119266666666667,,FALSE
"XLOC_010953","ETFRF1",8,0,2,0.976409739806505,0.976409739806505,0.0263333333333333,,FALSE
"XLOC_010958","RASSF8",10,0,0,0.0240699628037001,0.0240699628037001,0.0867,,FALSE
"XLOC_010965","FGFR1OP2",12,0,10,0.485652120408885,0.485652120408885,0.0426,,FALSE
"XLOC_010970","STK38L",26,0,15,0.232594500795235,0.232594500795235,0.0927666666666667,,FALSE
"XLOC_010971","ARNTL2",7,0,0,0.775905886458772,0.775905886458772,0.0604666666666667,,FALSE
"XLOC_010975","PPFIBP1",17,0,5,0.11109636486692,0.11109636486692,0.093,,FALSE
"XLOC_010980","MRPS35",6,0,5,0.553413279698024,0.553413279698024,0.0294333333333334,,FALSE
"XLOC_010984","CCDC91",19,0,4,0.432738613624503,0.432738613624503,0.119533333333333,,FALSE
"XLOC_010989","FAR2",24,0,11,0.00617664319389193,0.00617664319389193,0.124366666666667,,FALSE
"XLOC_011002","DDX11",28,0,5,0.124762818685148,0.124762818685148,0.0790666666666667,,FALSE
"XLOC_011012","XLOC_011012",2,0,1,0.378706775717504,0.378706775717504,0.129033333333333,,FALSE
"XLOC_011019","RESF1",12,0,9,0.00761591370282245,0.00761591370282245,0.0652333333333333,,FALSE
"XLOC_011027","FGD4",19,0,5,0.44648295290508,0.44648295290508,0.1518,,FALSE
"XLOC_011028","DNM1L",36,0,16,0.0759395474417163,0.0759395474417163,0.0731,,FALSE
"XLOC_011047","ALG10B",5,0,2,0.945652719903457,0.945652719903457,0.0796,,FALSE
"XLOC_011065","PPHLN1",24,0,8,0.759931076113634,0.759931076113634,0.0659666666666666,,FALSE
"XLOC_011077","IRAK4",19,0,8,0.397396032535337,0.397396032535337,0.2012,,FALSE
"XLOC_011078","TMEM117",6,0,0,0.533271001521324,0.533271001521324,0.196866666666667,,FALSE
"XLOC_011084","ANO6",19,0,7,0.833773286426332,0.833773286426332,0.0774333333333333,,FALSE
"XLOC_011087","ARID2",8,0,0,0.386718973594391,0.386718973594391,0.123333333333333,,FALSE
"XLOC_011106","RPAP3-DT",16,0,1,0.47289198426102,0.47289198426102,0.196066666666667,,FALSE
"XLOC_011108","SLC48A1",7,0,1,0.95609563810466,0.95609563810466,0.0211666666666667,,FALSE
"XLOC_011115","TMEM106C",17,0,7,0.918344253310121,0.918344253310121,0.0492333333333333,,FALSE
"XLOC_011119","PFKM",22,0,4,0.735045228292953,0.735045228292953,0.164566666666667,,FALSE
"XLOC_011139","CACNB3",17,0,0,0.54343836479333,0.54343836479333,0.1203,,FALSE
"XLOC_011147","XLOC_011147",8,0,0,0.55979061170349,0.55979061170349,0.217766666666667,,FALSE
"XLOC_011152","TROAP",15,0,2,0.306603753937741,0.306603753937741,0.1227,,FALSE
"XLOC_011154","SPATS2",19,0,4,0.660335448219115,0.660335448219115,0.146433333333333,,FALSE
"XLOC_011162","TMBIM6",43,0,26,0.0931257797847277,0.0931257797847277,0.0163666666666666,,FALSE
"XLOC_011172","ASIC1",5,0,1,0.777987597090735,0.777987597090735,0.2327,,FALSE
"XLOC_011173","SMARCD1",11,0,0,0.576427295586799,0.576427295586799,0.0315,,FALSE
"XLOC_011175","COX14",7,0,2,0.859110417726919,0.859110417726919,0.01,,FALSE
"XLOC_011179","LARP4",25,0,10,0.161292706572997,0.161292706572997,0.0845,,FALSE
"XLOC_011185","ATF1",5,0,1,3.01256391722074e-05,3.01256391722074e-05,0.155266666666667,,FALSE
"XLOC_011187","METTL7A",6,0,3,0.184323288273274,0.184323288273274,0.0965333333333333,,FALSE
"XLOC_011189","LETMD1",33,0,13,0.167070484014324,0.167070484014324,0.170866666666667,,FALSE
"XLOC_011192","DAZAP2",18,0,12,0.900262985610363,0.900262985610363,0.0415666666666667,,FALSE
"XLOC_011193","SLC4A8",16,0,4,0.795891402503416,0.795891402503416,0.0639333333333333,,FALSE
"XLOC_011204","ATG101",7,0,2,0.89616090090945,0.89616090090945,0.0718333333333333,,FALSE
"XLOC_011222","EIF4B",29,0,21,9.26051794490548e-05,9.26051794490548e-05,0.0673666666666667,,FALSE
"XLOC_011232","ZNF740",5,0,1,0.831936892150807,0.831936892150807,0.1205,,FALSE
"XLOC_011234","MFSD5",7,0,4,0.0445929105234905,0.0445929105234905,0.175866666666667,,FALSE
"XLOC_011235","ESPL1",8,0,0,0.528900389359282,0.528900389359282,0.226066666666667,,FALSE
"XLOC_011236","PFDN5",40,0,12,0.00827641678754529,0.00827641678754529,0.0263333333333333,,FALSE
"XLOC_011237","SP1",6,0,2,0.105118549099461,0.105118549099461,0.0787,,FALSE
"XLOC_011239","PRR13",56,0,24,0.0169655723773893,0.0169655723773893,0.0171,,FALSE
"XLOC_011240","TARBP2",20,0,2,0.74986839652979,0.74986839652979,0.0695,,FALSE
"XLOC_011265","HNRNPA1",50,0,17,0.000490979139987985,0.000490979139987985,0.0306333333333333,,FALSE
"XLOC_011266","COPZ1",21,0,11,0.235481005503634,0.235481005503634,0.0313333333333333,,FALSE
"XLOC_011269","NCKAP1L",33,0,25,0.0811951715328486,0.0811951715328486,0.0602,,FALSE
"XLOC_011273","MUCL1",2,0,0,0.442259888326946,0.442259888326946,0.0232666666666667,,FALSE
"XLOC_011300","BLOC1S1",20,0,5,0.277489588833402,0.277489588833402,0.0307333333333333,,FALSE
"XLOC_011304","TMEM198B",17,0,3,0.846099200433093,0.846099200433093,0.1456,,FALSE
"XLOC_011306","DGKA",34,0,6,0.610673329505474,0.610673329505474,0.204233333333333,,FALSE
"XLOC_011308","CDK2",12,0,3,0.826542986297146,0.826542986297146,0.0636000000000001,,FALSE
"XLOC_011309","RAB5B",11,0,1,0.0678554049191875,0.0678554049191875,0.00813333333333333,,FALSE
"XLOC_011311","IKZF4",7,0,1,0.76758542468782,0.76758542468782,0.2128,,FALSE
"XLOC_011313","ERBB3",18,0,8,0.529034130028134,0.529034130028134,0.0194,,FALSE
"XLOC_011315","RPL41",8,0,5,0.831222796027443,0.831222796027443,0.0138333333333333,,FALSE
"XLOC_011316","ESYT1",39,0,26,0.0274760451376968,0.0274760451376968,0.0793666666666667,,FALSE
"XLOC_011317","MYL6B",43,0,18,0.395528307314381,0.395528307314381,0.0275333333333334,,FALSE
"XLOC_011318","NABP2",6,0,2,0.795511633542557,0.795511633542557,0.0510333333333333,,FALSE
"XLOC_011323","IL23A",4,0,2,0.514993530028456,0.514993530028456,0.2161,,FALSE
"XLOC_011326","RBMS2",9,0,1,0.878590981217582,0.878590981217582,0.184033333333333,,FALSE
"XLOC_011335","LRP1",10,0,0,0.511028838360442,0.511028838360442,0.123333333333333,,FALSE
"XLOC_011338","SHMT2",35,0,17,0.00682533347634488,0.00682533347634488,0.0966,,FALSE
"XLOC_011344","MARS1",45,0,22,0.613029441719917,0.613029441719917,0.0869,,FALSE
"XLOC_011345","MBD6",11,0,2,0.976812478543819,0.976812478543819,0.1198,,FALSE
"XLOC_011347","PIP4K2C",11,0,4,0.415792881750074,0.415792881750074,0.139566666666667,,FALSE
"XLOC_011351","OS9",28,0,13,0.61597721721246,0.61597721721246,0.0195666666666667,,FALSE
"XLOC_011353","TSPAN31",13,0,2,0.225418395622172,0.225418395622172,0.111233333333333,,FALSE
"XLOC_011355","EEF1AKMT3",28,0,12,0.106048190336126,0.106048190336126,0.0411,,FALSE
"XLOC_011359","ATP23",4,0,1,0.983809758724294,0.983809758724294,0.141266666666667,,FALSE
"XLOC_011378","USP15",32,0,20,0.0705002746547806,0.0705002746547806,0.076,,FALSE
"XLOC_011379","MON2",15,0,2,0.912631217970181,0.912631217970181,0.1098,,FALSE
"XLOC_011386","RPL14P1",2,0,1,0.335265248908579,0.335265248908579,0.0737666666666667,,FALSE
"XLOC_011392","RXYLT1",17,0,4,0.795511633542557,0.795511633542557,0.0902,,FALSE
"XLOC_011400","XPOT",11,0,6,0.0483687788317366,0.0483687788317366,0.104466666666667,,FALSE
"XLOC_011401","TBK1",58,0,14,5.94169039741042e-07,5.94169039741042e-07,0.119466666666667,,FALSE
"XLOC_011407","TBC1D30",5,0,1,0.370243487392365,0.370243487392365,0.0857,,FALSE
"XLOC_011412","LEMD3",6,0,1,0.117209184676202,0.117209184676202,0.0303666666666667,,FALSE
"XLOC_011428","CAND1",18,0,10,0.00117826661279144,0.00117826661279144,0.0422333333333333,,FALSE
"XLOC_011441","RAP1B",38,0,14,2.21141634624989e-08,2.21141634624989e-08,0.0293333333333333,,FALSE
"XLOC_011443","NUP107",18,0,11,0.0451929930396244,0.0451929930396244,0.103466666666667,,FALSE
"XLOC_011445","SLC35E3",5,0,0,0.470728270144279,0.470728270144279,0.141766666666667,,FALSE
"XLOC_011447","MDM2",24,0,5,0.443518580650704,0.443518580650704,0.0677666666666667,,FALSE
"XLOC_011452","CPSF6",16,0,11,0.0338030215706703,0.0338030215706703,0.00173333333333336,,FALSE
"XLOC_011460","CCT2",17,0,8,0.78803613577633,0.78803613577633,0.0777,,FALSE
"XLOC_011461","RAB3IP",19,0,5,0.0389996565174383,0.0389996565174383,0.180766666666667,,FALSE
"XLOC_011464","CNOT2",38,0,8,0.458386897354376,0.458386897354376,0.0512333333333333,,FALSE
"XLOC_011475","TBC1D15",21,0,13,2.75078878717556e-06,2.75078878717556e-06,0.1348,,FALSE
"XLOC_011493","GLIPR1",10,0,7,0.694125191022525,0.694125191022525,0.0841,,FALSE
"XLOC_011513","ZDHHC17",13,0,2,0.462822317003645,0.462822317003645,0.0483,,FALSE
"XLOC_011542","METTL25",10,0,2,0.993393507728989,0.993393507728989,0.0933666666666667,,FALSE
"XLOC_011567","TMTC3",5,0,2,0.290623948614186,0.290623948614186,0.1657,,FALSE
"XLOC_011606","XLOC_011606",2,0,2,0.990307242800177,0.990307242800177,0.00223333333333333,,FALSE
"XLOC_011619","NUDT4",8,0,2,0.892561870556258,0.892561870556258,0.0778,,FALSE
"XLOC_011620","MRPL42",14,0,6,0.812017311674181,0.812017311674181,0.0511,,FALSE
"XLOC_011622","CRADD",14,0,2,0.120610517842794,0.120610517842794,0.0469666666666667,,FALSE
"XLOC_011626","PLXNC1",25,0,17,0.975358650283626,0.975358650283626,0.0656666666666667,,FALSE
"XLOC_011636","VEZT",49,0,19,0.00674762163055041,0.00674762163055041,0.0796,,FALSE
"XLOC_011643","METAP2",13,0,8,0.000113323313784713,0.000113323313784713,0.0818666666666667,,FALSE
"XLOC_011647","SNRPF",6,0,3,0.2760855355715,0.2760855355715,0.0319,,FALSE
"XLOC_011655","NEDD1",12,0,4,0.926001954467087,0.926001954467087,0.0414666666666667,,FALSE
"XLOC_011664","TMPO",12,0,3,0.787051915881291,0.787051915881291,0.0737,,FALSE
"XLOC_011665","SLC25A3",20,0,4,0.00325035478630977,0.00325035478630977,0.0271666666666667,,FALSE
"XLOC_011666","APAF1",7,0,1,0.138899710007257,0.138899710007257,0.1206,,FALSE
"XLOC_011674","ACTR6",9,0,6,0.744234262563357,0.744234262563357,0.0752333333333333,,FALSE
"XLOC_011675","SCYL2",17,0,11,1.68985713355982e-05,1.68985713355982e-05,0.0781333333333333,,FALSE
"XLOC_011678","GAS2L3",10,0,1,0.921820508941767,0.921820508941767,0.0319,,FALSE
"XLOC_011693","DRAM1",19,0,14,0.034116700865491,0.034116700865491,0.0379666666666667,,FALSE
"XLOC_011697","PARPBP",25,0,15,0.660447364278012,0.660447364278012,0.111033333333333,,FALSE
"XLOC_011707","HSP90B1",49,0,22,0.00286640193240667,0.00286640193240667,0.0374,,FALSE
"XLOC_011708","TDG",17,0,9,0.0870545753164891,0.0870545753164891,0.0623,,FALSE
"XLOC_011710","HCFC2",10,0,5,0.308723093289008,0.308723093289008,0.0999333333333333,,FALSE
"XLOC_011713","TXNRD1",64,0,49,0.00268875215999955,0.00268875215999955,0.0556666666666667,,FALSE
"XLOC_011716","CHST11",10,0,4,0.681526516616222,0.681526516616222,0.0883333333333333,,FALSE
"XLOC_011724","WASHC4",24,0,13,1.75624620075123e-11,1.75624620075123e-11,0.100033333333333,,FALSE
"XLOC_011733","TCP11L2",8,0,0,0.603958338708425,0.603958338708425,0.0635,,FALSE
"XLOC_011734","POLR3B",3,0,1,0.666139554447719,0.666139554447719,0.189466666666667,,FALSE
"XLOC_011736","RIC8B",10,0,2,0.642918245960592,0.642918245960592,0.0882333333333333,,FALSE
"XLOC_011738","TMEM263",8,0,1,0.594152204770814,0.594152204770814,0.170133333333333,,FALSE
"XLOC_011744","PWP1",9,0,6,0.69058910382743,0.69058910382743,0.0288666666666667,,FALSE
"XLOC_011753","FICD",3,0,1,0.985105142170181,0.985105142170181,0.0151666666666668,,FALSE
"XLOC_011755","ISCU",14,0,4,0.0645400936867965,0.0645400936867965,0.0453333333333333,,FALSE
"XLOC_011764","USP30",8,0,2,0.604327730210137,0.604327730210137,0.1313,,FALSE
"XLOC_011770","UBE3B",16,0,6,0.0560625235788312,0.0560625235788312,0.0778,,FALSE
"XLOC_011771","MVK",13,0,0,0.974516085232576,0.974516085232576,0.0814666666666667,,FALSE
"XLOC_011776","TCHP",9,0,0,0.990565872805151,0.990565872805151,0.0478666666666667,,FALSE
"XLOC_011778","ANKRD13A",11,0,2,0.854948680137913,0.854948680137913,0.156333333333333,,FALSE
"XLOC_011781","ATP2A2",14,0,3,0.933100215689787,0.933100215689787,0.0195666666666667,,FALSE
"XLOC_011785","RAD9B",10,0,4,0.747624429750433,0.747624429750433,0.130266666666667,,FALSE
"XLOC_011786","TCTN1",33,0,2,0.126344431123334,0.126344431123334,0.203333333333333,,FALSE
"XLOC_011796","SH2B3",8,0,5,2.17725877946746e-05,2.17725877946746e-05,0.0856666666666667,,FALSE
"XLOC_011799","ACAD10",32,0,13,0.953197231168096,0.953197231168096,0.0421333333333333,,FALSE
"XLOC_011801","MAPKAPK5",20,0,9,0.0180596881872797,0.0180596881872797,0.0774666666666667,,FALSE
"XLOC_011804","ERP29",9,0,5,0.0788892762829951,0.0788892762829951,0.0104666666666667,,FALSE
"XLOC_011807","TRAFD1",22,0,18,5.54590743499868e-05,5.54590743499868e-05,0.0767333333333334,,FALSE
"XLOC_011812","PTPN11",14,0,1,0.976370977519633,0.976370977519633,0.0837,,FALSE
"XLOC_011814","OAS1",44,0,23,0.188604376065708,0.188604376065708,0.103866666666667,,FALSE
"XLOC_011815","OAS3",42,0,9,0.0331084315931457,0.0331084315931457,0.0715666666666667,,FALSE
"XLOC_011816","OAS2",23,0,11,0.0308446403914435,0.0308446403914435,0.0884666666666667,,FALSE
"XLOC_011821","RITA1",4,0,0,0.487419719003189,0.487419719003189,0.039,,FALSE
"XLOC_011822","TPCN1",17,0,1,0.324378144473658,0.324378144473658,0.0706666666666667,,FALSE
"XLOC_011825","PLBD2",6,0,2,0.70733629861029,0.70733629861029,0.0943666666666666,,FALSE
"XLOC_011827","SDSL",5,0,0,0.965542362006125,0.965542362006125,0.0124666666666666,,FALSE
"XLOC_011855","MAP1LC3B2",2,0,0,0.741022584946395,0.741022584946395,0.0446333333333333,,FALSE
"XLOC_011863","FBXW8",5,0,1,0.414108033763503,0.414108033763503,0.334433333333333,,FALSE
"XLOC_011868","RFC5",12,0,7,0.989034919155889,0.989034919155889,0.0368333333333333,,FALSE
"XLOC_011883","PRKAB1",15,0,6,0.664722028458677,0.664722028458677,0.132233333333333,,FALSE
"XLOC_011898","COX6A1",8,0,4,0.846305811171281,0.846305811171281,0.0176333333333333,,FALSE
"XLOC_011899","DYNLL1",14,0,6,0.917696807163661,0.917696807163661,0.0167333333333333,,FALSE
"XLOC_011900","RNF10",34,0,10,0.00106246834996863,0.00106246834996863,0.0793666666666667,,FALSE
"XLOC_011903","MLEC",6,0,2,0.337183768414529,0.337183768414529,0.0586,,FALSE
"XLOC_011907","ACADS",3,0,0,0.844369043182671,0.844369043182671,0.0447333333333333,,FALSE
"XLOC_011915","P2RX7",12,0,1,0.0512228800204821,0.0512228800204821,0.157366666666667,,FALSE
"XLOC_011917","P2RX4",34,0,27,0.0184531634063127,0.0184531634063127,0.0435,,FALSE
"XLOC_011919","RNF34",21,0,12,0.227162136461606,0.227162136461606,0.0760333333333333,,FALSE
"XLOC_011922","ORAI1",4,0,1,0.985105142170181,0.985105142170181,0.1758,,FALSE
"XLOC_011929","PSMD9",17,0,0,0.796803651310999,0.796803651310999,0.143233333333333,,FALSE
"XLOC_011933","MLXIP",9,0,0,0.174801644089178,0.174801644089178,0.0958666666666668,,FALSE
"XLOC_011943","DENR",4,0,1,0.687418539674894,0.687418539674894,0.0220666666666667,,FALSE
"XLOC_011948","OGFOD2",42,0,1,0.0114017457227424,0.0114017457227424,0.0283333333333333,,FALSE
"XLOC_011953","KMT5A",7,0,1,0.326593182064195,0.326593182064195,0.0984333333333334,,FALSE
"XLOC_011954","SNRNP35",7,0,2,0.98621493557971,0.98621493557971,0.0891,,FALSE
"XLOC_011956","TMED2",8,0,4,0.00919451831664595,0.00919451831664595,0.110133333333333,,FALSE
"XLOC_011957","DDX55",10,0,1,0.909438647829614,0.909438647829614,0.0824333333333334,,FALSE
"XLOC_011959","GTF2H3",20,0,8,0.451106898665306,0.451106898665306,0.0798666666666667,,FALSE
"XLOC_011962","ATP6V0A2",13,0,6,0.66409161221359,0.66409161221359,0.0812,,FALSE
"XLOC_011964","ZNF664",13,1,1,8.30479902443698e-06,8.30479902443698e-06,0.176733333333333,0.176733333333333,FALSE
"XLOC_012021","GLT1D1",3,0,0,0.660632233852849,0.660632233852849,0.178666666666667,,FALSE
"XLOC_012039","RAN",15,0,4,0.0659761025218444,0.0659761025218444,0.00906666666666667,,FALSE
"XLOC_012054","SFSWAP",11,0,1,0.798632988688063,0.798632988688063,0.0333,,FALSE
"XLOC_012059","PUS1",9,0,0,0.140537333793891,0.140537333793891,0.0817,,FALSE
"XLOC_012063","EP400P1",16,0,0,0.261876886146711,0.261876886146711,0.166633333333333,,FALSE
"XLOC_012078","FBRSL1",8,0,0,0.510954429051449,0.510954429051449,0.100733333333333,,FALSE
"XLOC_012083","PXMP2",10,0,1,0.791961774358157,0.791961774358157,0.106066666666667,,FALSE
"XLOC_012091","ZNF26",9,0,2,0.938897714243193,0.938897714243193,0.0775333333333333,,FALSE
"XLOC_012093","ZNF84",14,0,3,0.598957921427118,0.598957921427118,0.0792333333333334,,FALSE
"XLOC_012094","ZNF140",40,0,12,0.00575093498218943,0.00575093498218943,0.0746,,FALSE
"XLOC_012104","SLC6A12",17,0,8,0.062018518213842,0.062018518213842,0.0789666666666667,,FALSE
"XLOC_012108","KDM5A",6,0,1,0.971656286955492,0.971656286955492,0.0549999999999999,,FALSE
"XLOC_012109","NINJ2",5,0,3,0.840131345833031,0.840131345833031,0.266166666666667,,FALSE
"XLOC_012114","RAD52",20,0,0,0.861700169044278,0.861700169044278,0.178766666666667,,FALSE
"XLOC_012122","CACNA2D4",20,0,1,0.0142633654982527,0.0142633654982527,0.0419333333333333,,FALSE
"XLOC_012136","FOXM1",11,0,2,0.77173833491898,0.77173833491898,0.125333333333333,,FALSE
"XLOC_012145","PARP11",10,1,6,5.10988864362371e-07,5.10988864362371e-07,0.207033333333333,0.186266666666667,TRUE
"XLOC_012153","C12orf4",12,0,6,0.0914118193238707,0.0914118193238707,0.158733333333333,,FALSE
"XLOC_012170","TNFRSF1A",14,0,1,0.517777349910742,0.517777349910742,0.141233333333333,,FALSE
"XLOC_012173","CD27-AS1",20,0,4,0.776783888030378,0.776783888030378,0.111033333333333,,FALSE
"XLOC_012174","VAMP1",5,0,0,0.102356271857094,0.102356271857094,0.128733333333333,,FALSE
"XLOC_012175","MRPL51",6,0,1,0.00129254312238965,0.00129254312238965,0.0198666666666667,,FALSE
"XLOC_012178","IFFO1",10,0,0,0.966616014924391,0.966616014924391,0.0665,,FALSE
"XLOC_012179","NOP2",85,0,20,0.0013306147795187,0.0013306147795187,0.0391666666666667,,FALSE
"XLOC_012182","ACRBP",7,0,3,0.619723201677341,0.619723201677341,0.199166666666667,,FALSE
"XLOC_012183","ING4",15,0,2,0.422232551664413,0.422232551664413,0.226166666666667,,FALSE
"XLOC_012184","ZNF384",16,0,1,0.979772688627423,0.979772688627423,0.0752666666666666,,FALSE
"XLOC_012187","MLF2",9,0,0,0.842735078624361,0.842735078624361,0.0372666666666667,,FALSE
"XLOC_012189","CDCA3",10,0,1,0.316331624100851,0.316331624100851,0.1413,,FALSE
"XLOC_012193","LPCAT3",16,0,7,0.594530973751961,0.594530973751961,0.053,,FALSE
"XLOC_012195","C1R",21,0,0,0.321533864628587,0.321533864628587,0.125566666666667,,FALSE
"XLOC_012200","CD163L1",35,0,20,0.011872080245155,0.011872080245155,0.0682333333333333,,FALSE
"XLOC_012213","SLC2A3",15,0,6,0.394968102061517,0.394968102061517,0.0478,,FALSE
"XLOC_012224","ENPP7P5",10,0,0,0.870393255626179,0.870393255626179,0.0925333333333333,,FALSE
"XLOC_012233","CLEC4E",9,0,5,0.767196071737796,0.767196071737796,0.0741666666666667,,FALSE
"XLOC_012241","M6PR",26,0,18,2.24080659750502e-11,2.24080659750502e-11,0.0763666666666667,,FALSE
"XLOC_012245","A2M",91,0,82,5.73386669471373e-06,5.73386669471373e-06,0.0628,,FALSE
"XLOC_012259","CD69",5,0,4,0.942044745928703,0.942044745928703,0.0776,,FALSE
"XLOC_012267","CLEC1A",6,0,2,0.870393255626179,0.870393255626179,0.1573,,FALSE
"XLOC_012268","CLEC7A",41,0,35,0.000217920687022506,0.000217920687022506,0.0669,,FALSE
"XLOC_012269","OLR1",29,0,24,0.322021658145474,0.322021658145474,0.0420333333333333,,FALSE
"XLOC_012276","KLRA1P",10,0,1,0.910838644066982,0.910838644066982,0.0333666666666667,,FALSE
"XLOC_012278","YBX3",19,0,6,0.0474932866377437,0.0474932866377437,0.0947333333333333,,FALSE
"XLOC_012282","PRR4",18,0,2,0.96478327194087,0.96478327194087,0.085,,FALSE
"XLOC_012313","DUSP16",4,0,0,0.460743307126666,0.460743307126666,0.136533333333333,,FALSE
"XLOC_012331","PLBD1",8,0,4,0.905519274642624,0.905519274642624,0.0492,,FALSE
"XLOC_012336","WBP11",7,0,2,0.505273878294129,0.505273878294129,0.0381,,FALSE
"XLOC_012340","ERP27",28,0,21,0.0155289248219415,0.0155289248219415,0.045,,FALSE
"XLOC_012344","EPS8",18,0,5,0.502714852156207,0.502714852156207,0.152633333333333,,FALSE
"XLOC_012369","RECQL",21,0,17,0.69058910382743,0.69058910382743,0.0597333333333333,,FALSE
"XLOC_012370","LDHB",12,0,6,0.817629691452263,0.817629691452263,0.0399,,FALSE
"XLOC_012377","C2CD5",10,0,1,0.95761224867279,0.95761224867279,0.0298666666666667,,FALSE
"XLOC_012383","BCAT1",18,0,10,0.335848449768542,0.335848449768542,0.0832666666666667,,FALSE
"XLOC_012390","KRAS",12,0,0,0.776315643854488,0.776315643854488,0.0426333333333333,,FALSE
"XLOC_012402","RASSF8-AS1",18,0,0,0.182384356409091,0.182384356409091,0.101666666666667,,FALSE
"XLOC_012403","BHLHE41",3,0,0,0.0715598685348713,0.0715598685348713,0.00946666666666666,,FALSE
"XLOC_012406","ITPR2",61,0,51,0.522420077738428,0.522420077738428,0.0392,,FALSE
"XLOC_012409","INTS13",17,0,13,0.987404154093021,0.987404154093021,0.0650666666666667,,FALSE
"XLOC_012410","TM7SF3",27,0,10,0.122747680375572,0.122747680375572,0.0474333333333333,,FALSE
"XLOC_012436","ERGIC2",13,0,7,0.805947944942609,0.805947944942609,0.0400333333333333,,FALSE
"XLOC_012443","IPO8",12,0,7,0.891845500612257,0.891845500612257,0.0745,,FALSE
"XLOC_012444","CAPRIN2",30,0,2,0.00132100321775034,0.00132100321775034,0.141633333333333,,FALSE
"XLOC_012452","SINHCAF",24,0,18,0.792515708364927,0.792515708364927,0.0482,,FALSE
"XLOC_012461","AMN1",13,0,5,0.178851641305669,0.178851641305669,0.209666666666667,,FALSE
"XLOC_012475","YARS2",6,0,1,0.88810788505925,0.88810788505925,0.114066666666667,,FALSE
"XLOC_012497","CPNE8",14,0,10,0.585116096155472,0.585116096155472,0.165333333333333,,FALSE
"XLOC_012519","YAF2",14,0,0,0.725752199568669,0.725752199568669,0.105133333333333,,FALSE
"XLOC_012536","TWF1",12,0,4,0.210947750781306,0.210947750781306,0.0140333333333333,,FALSE
"XLOC_012546","PLEKHA8P1",8,0,1,0.0711208129044779,0.0711208129044779,0.231566666666667,,FALSE
"XLOC_012549","XLOC_012549",4,0,3,0.382174163037985,0.382174163037985,0.144566666666667,,FALSE
"XLOC_012552","SCAF11",21,0,8,0.0230105945857604,0.0230105945857604,0.0512333333333333,,FALSE
"XLOC_012556","SLC38A2",21,0,10,0.262403325904502,0.262403325904502,0.0667333333333334,,FALSE
"XLOC_012561","IFITM3P6",38,0,13,0.0282758374239544,0.0282758374239544,0.114633333333333,,FALSE
"XLOC_012567","RPAP3",22,0,18,4.84632457026766e-05,4.84632457026766e-05,0.152266666666667,,FALSE
"XLOC_012570","RAPGEF3",15,0,0,0.148040401078357,0.148040401078357,0.123366666666667,,FALSE
"XLOC_012571","HDAC7",22,0,1,0.712831601485728,0.712831601485728,0.0702,,FALSE
"XLOC_012573","VDR",7,0,1,0.961485468177886,0.961485468177886,0.0348666666666666,,FALSE
"XLOC_012579","SENP1",11,0,4,0.397568916884628,0.397568916884628,0.0828333333333333,,FALSE
"XLOC_012581","ASB8",13,0,1,0.706280910676864,0.706280910676864,0.139333333333333,,FALSE
"XLOC_012588","ZNF641",7,0,1,0.863228735138693,0.863228735138693,0.165466666666667,,FALSE
"XLOC_012596","KANSL2",17,0,6,0.561092629242403,0.561092629242403,0.0363,,FALSE
"XLOC_012600","CCNT1",3,0,0,0.787035989865511,0.787035989865511,0.0104666666666667,,FALSE
"XLOC_012604","DDX23",24,0,8,0.667938024769364,0.667938024769364,0.0830333333333333,,FALSE
"XLOC_012607","RPL32P27",22,0,2,0.181703068133553,0.181703068133553,0.0117333333333333,,FALSE
"XLOC_012610","PRKAG1",57,0,8,0.702052286099615,0.702052286099615,0.0387,,FALSE
"XLOC_012613","LMBR1L",26,0,4,0.00530037486754813,0.00530037486754813,0.183166666666667,,FALSE
"XLOC_012614","TUBA1B",20,0,11,1.97700535320764e-05,1.97700535320764e-05,0.0340666666666667,,FALSE
"XLOC_012622","MCRS1",25,0,12,0.058752094518831,0.058752094518831,0.0512,,FALSE
"XLOC_012625","FMNL3",11,0,5,0.970394240830834,0.970394240830834,0.0303666666666667,,FALSE
"XLOC_012628","FAIM2",6,0,0,0.156327171542591,0.156327171542591,0.0623333333333333,,FALSE
"XLOC_012632","RACGAP1",36,0,22,0.826595184954841,0.826595184954841,0.0484333333333333,,FALSE
"XLOC_012633","CERS5",26,0,3,0.564828731843994,0.564828731843994,0.0265,,FALSE
"XLOC_012634","LIMA1",10,0,3,0.311651017059208,0.311651017059208,0.031,,FALSE
"XLOC_012647","SLC11A2",76,0,52,1.76772983108096e-07,1.76772983108096e-07,0.0829333333333333,,FALSE
"XLOC_012650","TFCP2",16,0,8,0.536262017410002,0.536262017410002,0.0736333333333333,,FALSE
"XLOC_012654","SMAGP",5,0,0,0.98798135643707,0.98798135643707,0.0881,,FALSE
"XLOC_012655","BIN2",17,0,9,0.234536226920934,0.234536226920934,0.127166666666667,,FALSE
"XLOC_012657","GALNT6",19,0,0,0.0736608469270596,0.0736608469270596,0.0558333333333333,,FALSE
"XLOC_012701","KRT78",7,0,2,0.693910979372814,0.693910979372814,0.109766666666667,,FALSE
"XLOC_012704","SPRYD3",14,0,10,0.181126012929658,0.181126012929658,0.0756666666666667,,FALSE
"XLOC_012706","CSAD",21,0,9,0.935763820636402,0.935763820636402,0.126266666666667,,FALSE
"XLOC_012707","ITGB7",20,0,11,0.0781125730795535,0.0781125730795535,0.1025,,FALSE
"XLOC_012710","AAAS",24,0,11,0.22060048365794,0.22060048365794,0.0635666666666667,,FALSE
"XLOC_012714","NPFF",11,0,2,9.34088347332914e-05,9.34088347332914e-05,0.130166666666667,,FALSE
"XLOC_012716","CALCOCO1",21,0,2,0.856377503190988,0.856377503190988,0.0414333333333333,,FALSE
"XLOC_012724","SMUG1",26,0,6,0.258981737544673,0.258981737544673,0.1555,,FALSE
"XLOC_012732","GPR84",5,0,4,0.214284223355654,0.214284223355654,0.0981,,FALSE
"XLOC_012733","ZNF385A",14,0,0,0.065823232011604,0.065823232011604,0.0271666666666667,,FALSE
"XLOC_012734","ITGA5",31,0,20,0.209840819351185,0.209840819351185,0.0987,,FALSE
"XLOC_012735","GTSF1",8,0,6,0.693910979372814,0.693910979372814,0.307633333333333,,FALSE
"XLOC_012754","ITGA7",19,0,0,0.0612066706800784,0.0612066706800784,0.2987,,FALSE
"XLOC_012755","CD63",22,0,13,1.65192865141257e-08,1.65192865141257e-08,0.0225666666666666,,FALSE
"XLOC_012758","SARNP",23,0,10,0.0879245563367066,0.0879245563367066,0.0245333333333334,,FALSE
"XLOC_012760","MMP19",45,0,39,0.603163766681261,0.603163766681261,0.0397333333333333,,FALSE
"XLOC_012762","PYM1",8,0,3,0.913440287180009,0.913440287180009,0.114966666666667,,FALSE
"XLOC_012773","RNF41",13,0,5,0.891598531758316,0.891598531758316,0.144866666666667,,FALSE
"XLOC_012776","CS",66,0,24,6.53423046581867e-05,6.53423046581867e-05,0.137833333333333,,FALSE
"XLOC_012777","PAN2",25,0,10,0.722991892537311,0.722991892537311,0.144033333333333,,FALSE
"XLOC_012778","STAT2",37,0,18,0.000418088960135692,0.000418088960135692,0.0983,,FALSE
"XLOC_012787","BAZ2A",18,0,2,0.102718661937494,0.102718661937494,0.1074,,FALSE
"XLOC_012788","ATP5F1B",24,0,17,0.0710796098949324,0.0710796098949324,0.0411,,FALSE
"XLOC_012789","PTGES3",12,0,8,0.832200628308089,0.832200628308089,0.0325666666666667,,FALSE
"XLOC_012791","NACA",37,0,8,0.327152143882203,0.327152143882203,0.0205666666666667,,FALSE
"XLOC_012799","NEMP1",14,0,11,0.43521739904418,0.43521739904418,0.203733333333333,,FALSE
"XLOC_012800","STAT6",21,0,3,0.61597721721246,0.61597721721246,0.0372,,FALSE
"XLOC_012804","STAC3",20,0,5,0.694125191022525,0.694125191022525,0.0278333333333333,,FALSE
"XLOC_012806","ARHGAP9",21,0,2,0.518208783932221,0.518208783932221,0.0854,,FALSE
"XLOC_012807","DDIT3",8,0,4,0.899711271318957,0.899711271318957,0.0209333333333333,,FALSE
"XLOC_012809","DCTN2",32,0,6,0.373207184006493,0.373207184006493,0.0165333333333333,,FALSE
"XLOC_012814","CDK4",15,0,1,0.0833657372450323,0.0833657372450323,0.0677666666666667,,FALSE
"XLOC_012816","CYP27B1",22,0,14,0.109138157321846,0.109138157321846,0.124833333333333,,FALSE
"XLOC_012818","CTDSP2",10,0,2,0.656510806424492,0.656510806424492,0.0137333333333333,,FALSE
"XLOC_012877","GNS",17,0,9,0.0844385553236762,0.0844385553236762,0.102466666666667,,FALSE
"XLOC_012891","LLPH",24,0,14,0.0128467910128839,0.0128467910128839,0.0757666666666666,,FALSE
"XLOC_012911","MDM1",26,0,7,0.957784580294277,0.957784580294277,0.150733333333333,,FALSE
"XLOC_012922","CPM",27,0,15,3.40789334905614e-06,3.40789334905614e-06,0.0468333333333333,,FALSE
"XLOC_012931","PRANCR",9,0,0,0.00728961171448441,0.00728961171448441,0.4048,,FALSE
"XLOC_012943","ZFC3H1",16,0,7,0.823986636002125,0.823986636002125,0.0663666666666667,,FALSE
"XLOC_012965","KRR1",10,0,4,0.00744428172726322,0.00744428172726322,0.0701333333333333,,FALSE
"XLOC_012970","NAP1L1",54,0,36,0.00298988973014219,0.00298988973014219,0.0454333333333333,,FALSE
"XLOC_012972","OSBPL8",27,0,11,0.00496789422291755,0.00496789422291755,0.054,,FALSE
"XLOC_012974","CSRP2",6,0,1,0.8719938850601,0.8719938850601,0.397966666666667,,FALSE
"XLOC_012988","PPP1R12A",21,0,3,0.0577935218827162,0.0577935218827162,0.135566666666667,,FALSE
"XLOC_012997","LIN7A",5,0,1,0.18372867948182,0.18372867948182,0.337166666666667,,FALSE
"XLOC_013004","CCDC59",6,0,3,0.696502812484477,0.696502812484477,0.0488,,FALSE
"XLOC_013026","CEP290",24,0,1,0.545520657787886,0.545520657787886,0.0878,,FALSE
"XLOC_013030","KITLG",4,0,0,0.811157814130865,0.811157814130865,0.0282,,FALSE
"XLOC_013032","LINC02458",8,0,5,0.247706825786857,0.247706825786857,0.0723,,FALSE
"XLOC_013034","DUSP6",7,0,4,0.603702895625434,0.603702895625434,0.0624666666666667,,FALSE
"XLOC_013035","POC1B",28,0,15,0.079202310270459,0.079202310270459,0.0778333333333333,,FALSE
"XLOC_013037","ATP2B1",34,0,24,0.401446660924403,0.401446660924403,0.0339333333333333,,FALSE
"XLOC_013048","LINC01619",11,0,3,0.970137208805208,0.970137208805208,0.00933333333333335,,FALSE
"XLOC_013055","EEA1",7,0,2,0.87050986753552,0.87050986753552,0.0983333333333333,,FALSE
"XLOC_013073","CEP83",20,0,11,0.00208579978434587,0.00208579978434587,0.209166666666667,,FALSE
"XLOC_013077","TMCC3",8,0,5,0.980551448914349,0.980551448914349,0.106366666666667,,FALSE
"XLOC_013078","NDUFA12",14,0,3,0.0206153884223615,0.0206153884223615,0.0526333333333334,,FALSE
"XLOC_013079","NR2C1",27,0,8,0.799395575448846,0.799395575448846,0.114533333333333,,FALSE
"XLOC_013091","LTA4H",30,0,24,0.541569527147756,0.541569527147756,0.0326333333333333,,FALSE
"XLOC_013097","CDK17",12,0,6,0.906192437170262,0.906192437170262,0.0642,,FALSE
"XLOC_013119","IKBIP",3,0,0,0.957158906251522,0.957158906251522,0.0635666666666667,,FALSE
"XLOC_013125","UHRF1BP1L",15,0,7,0.709908859643425,0.709908859643425,0.0727,,FALSE
"XLOC_013136","ARL1",14,0,5,0.313974522466423,0.313974522466423,0.0619,,FALSE
"XLOC_013141","GNPTAB",17,0,8,0.163551039248377,0.163551039248377,0.0592333333333333,,FALSE
"XLOC_013149","WASHC3",14,0,3,0.874672208301837,0.874672208301837,0.0195333333333333,,FALSE
"XLOC_013150","NUP37",10,0,5,0.965702257668466,0.965702257668466,0.0714333333333333,,FALSE
"XLOC_013168","C12orf73",11,0,3,0.95609563810466,0.95609563810466,0.153433333333333,,FALSE
"XLOC_013173","SLC41A2",16,0,8,5.7885050826788e-05,5.7885050826788e-05,0.0943666666666667,,FALSE
"XLOC_013176","APPL2",15,0,4,0.709830071663016,0.709830071663016,0.0900666666666667,,FALSE
"XLOC_013191","CRY1",7,0,2,0.160732169554172,0.160732169554172,0.2045,,FALSE
"XLOC_013195","PRDM4",12,0,6,0.558452663567203,0.558452663567203,0.0443,,FALSE
"XLOC_013200","CMKLR1",7,0,3,0.222465669144927,0.222465669144927,0.0881666666666667,,FALSE
"XLOC_013202","SART3",16,0,5,0.70733629861029,0.70733629861029,0.0837666666666667,,FALSE
"XLOC_013205","CORO1C",48,0,34,0.000183266322228632,0.000183266322228632,0.0701666666666667,,FALSE
"XLOC_013206","SSH1",9,0,1,0.313235262275813,0.313235262275813,0.0749666666666667,,FALSE
"XLOC_013215","KCTD10",14,0,3,0.850566222348399,0.850566222348399,0.0896666666666667,,FALSE
"XLOC_013216","MMAB",11,0,1,0.527307437327281,0.527307437327281,0.0387,,FALSE
"XLOC_013219","TRPV4",6,0,0,0.193639875698256,0.193639875698256,0.0387333333333333,,FALSE
"XLOC_013223","GIT2",24,0,7,0.326102746532506,0.326102746532506,0.102333333333333,,FALSE
"XLOC_013225","C12orf76",14,0,3,0.470672586168933,0.470672586168933,0.0753,,FALSE
"XLOC_013228","ANAPC7",34,0,13,0.545354654386921,0.545354654386921,0.0191,,FALSE
"XLOC_013230","GPN3",7,0,4,0.305245316258062,0.305245316258062,0.0600666666666667,,FALSE
"XLOC_013231","VPS29",20,0,10,0.22713451156679,0.22713451156679,0.0520666666666667,,FALSE
"XLOC_013234","HVCN1",10,0,3,0.264516666442036,0.264516666442036,0.0289333333333334,,FALSE
"XLOC_013235","PPP1CC",16,0,9,0.189801181070853,0.189801181070853,0.0363,,FALSE
"XLOC_013240","PHETA1",6,0,0,0.897565030419817,0.897565030419817,0.0201333333333333,,FALSE
"XLOC_013241","ATXN2",34,0,5,0.243391668209366,0.243391668209366,0.0644,,FALSE
"XLOC_013245","MAPKAPK5-AS1",10,0,0,0.981303031588092,0.981303031588092,0.1251,,FALSE
"XLOC_013247","TMEM116",23,0,14,0.929658523787676,0.929658523787676,0.0979,,FALSE
"XLOC_013252","HECTD4",15,0,2,0.346425028595306,0.346425028595306,0.0664666666666667,,FALSE
"XLOC_013254","RPL6",20,0,10,0.0812988605974813,0.0812988605974813,0.0143333333333333,,FALSE
"XLOC_013259","DDX54",8,0,0,0.148611719893216,0.148611719893216,0.0989,,FALSE
"XLOC_013264","SLC8B1",17,0,2,0.69854923191252,0.69854923191252,0.0535666666666667,,FALSE
"XLOC_013265","SDS",6,0,2,0.508220447001979,0.508220447001979,0.0309333333333333,,FALSE
"XLOC_013269","RBM19",8,0,1,0.975748589055726,0.975748589055726,0.0793333333333333,,FALSE
"XLOC_013286","MED13L",33,0,7,2.36607516353911e-05,2.36607516353911e-05,0.0644666666666667,,FALSE
"XLOC_013297","TESC",6,0,0,0.964002638951657,0.964002638951657,0.0485,,FALSE
"XLOC_013298","FBXO21",11,0,4,5.16795770990331e-05,5.16795770990331e-05,0.1823,,FALSE
"XLOC_013303","WSB2",16,0,8,0.407277069262595,0.407277069262595,0.0551666666666667,,FALSE
"XLOC_013304","VSIG10",12,0,2,0.435772527417156,0.435772527417156,0.107433333333333,,FALSE
"XLOC_013305","TAOK3",22,0,5,0.412172473236078,0.412172473236078,0.103733333333333,,FALSE
"XLOC_013322","CIT",14,0,0,0.620733279389941,0.620733279389941,0.1598,,FALSE
"XLOC_013323","RAB35",6,0,1,0.938271369526167,0.938271369526167,0.0497000000000001,,FALSE
"XLOC_013324","GCN1",17,0,11,0.850292800199638,0.850292800199638,0.0850333333333333,,FALSE
"XLOC_013326","RPLP0",27,0,13,8.98229659611868e-09,8.98229659611868e-09,0.0545333333333333,,FALSE
"XLOC_013327","PXN",20,0,1,0.108907595400937,0.108907595400937,0.0702666666666667,,FALSE
"XLOC_013333","TRIAP1",3,0,3,0.0463549733574903,0.0463549733574903,0.0206333333333334,,FALSE
"XLOC_013341","POP5",9,0,2,0.874663599367324,0.874663599367324,0.0551666666666666,,FALSE
"XLOC_013350","C12orf43",8,0,1,0.562115187084771,0.562115187084771,0.1101,,FALSE
"XLOC_013351","OASL",22,0,15,0.133056850611745,0.133056850611745,0.0924666666666667,,FALSE
"XLOC_013356","CAMKK2",10,0,0,0.0231096868516319,0.0231096868516319,0.0337,,FALSE
"XLOC_013357","ANAPC5",32,0,16,0.0139639748359053,0.0139639748359053,0.0331666666666667,,FALSE
"XLOC_013358","KDM2B",21,0,6,0.0107359680095803,0.0107359680095803,0.1188,,FALSE
"XLOC_013361","RHOF",20,0,2,0.607756699439728,0.607756699439728,0.0252333333333334,,FALSE
"XLOC_013367","DIABLO",30,0,6,0.670817395457414,0.670817395457414,0.0337333333333333,,FALSE
"XLOC_013368","CLIP1",26,0,8,2.84965091202382e-09,2.84965091202382e-09,0.129133333333333,,FALSE
"XLOC_013369","ZCCHC8",13,0,2,0.0321261808662488,0.0321261808662488,0.0605666666666667,,FALSE
"XLOC_013371","RSRC2",30,0,18,0.000249204452484912,0.000249204452484912,0.0843,,FALSE
"XLOC_013374","HCAR3",2,0,2,0.12080788137061,0.12080788137061,0.0202666666666667,,FALSE
"XLOC_013378","ABCB9",14,0,0,0.620246364765163,0.620246364765163,0.1035,,FALSE
"XLOC_013382","MPHOSPH9",26,0,6,0.210733749663202,0.210733749663202,0.150966666666667,,FALSE
"XLOC_013383","CDK2AP1",14,0,2,0.822696924282254,0.822696924282254,0.0283,,FALSE
"XLOC_013385","SBNO1",9,0,6,0.00026532659184507,0.00026532659184507,0.0527,,FALSE
"XLOC_013389","RILPL1",5,0,0,0.61534304610637,0.61534304610637,0.260966666666667,,FALSE
"XLOC_013398","CCDC92",9,0,2,0.510428776010263,0.510428776010263,0.0347,,FALSE
"XLOC_013407","NCOR2",21,0,0,0.600648649149715,0.600648649149715,0.0814666666666667,,FALSE
"XLOC_013413","SCARB1",20,0,0,0.387634868336908,0.387634868336908,0.0867,,FALSE
"XLOC_013414","UBC",24,0,18,0.199864719299097,0.199864719299097,0.019,,FALSE
"XLOC_013453","SLC15A4",12,0,4,0.795891402503416,0.795891402503416,0.0732333333333333,,FALSE
"XLOC_013509","POLE",17,0,1,0.517636495332606,0.517636495332606,0.0896333333333333,,FALSE
"XLOC_013511","ANKLE2",17,0,6,0.0992801258600309,0.0992801258600309,0.0704,,FALSE
"XLOC_013512","GOLGA3",60,0,6,0.399750012770318,0.399750012770318,0.0517666666666667,,FALSE
"XLOC_013557","ZMYM2",16,0,6,0.564845562985891,0.564845562985891,0.0603333333333333,,FALSE
"XLOC_013569","SAP18",7,0,3,0.00236624104364443,0.00236624104364443,0.00673333333333337,,FALSE
"XLOC_013601","SPATA13",14,0,6,0.0519128704551148,0.0519128704551148,0.0694333333333333,,FALSE
"XLOC_013621","NUP58",24,0,6,0.394832417701702,0.394832417701702,0.0566666666666667,,FALSE
"XLOC_013639","GTF3A",12,0,4,0.638766363565231,0.638766363565231,0.0164666666666667,,FALSE
"XLOC_013641","POLR1D",15,0,1,0.623058356041535,0.623058356041535,0.0308333333333334,,FALSE
"XLOC_013650","PAN3",5,0,1,0.909385880335176,0.909385880335176,0.0340333333333333,,FALSE
"XLOC_013671","ALOX5AP",9,0,7,0.642671347415702,0.642671347415702,0.0628,,FALSE
"XLOC_013682","FRY",16,0,6,0.33741849288961,0.33741849288961,0.1139,,FALSE
"XLOC_013685","BRCA2",12,0,4,0.609261203338345,0.609261203338345,0.148633333333333,,FALSE
"XLOC_013688","PDS5B",11,0,6,0.887163560792167,0.887163560792167,0.1179,,FALSE
"XLOC_013698","RFC3",10,0,8,0.674650823026706,0.674650823026706,0.0991666666666666,,FALSE
"XLOC_013709","CCNA1",3,0,1,0.342326973519476,0.342326973519476,0.0585333333333334,,FALSE
"XLOC_013715","EXOSC8",29,0,12,0.648512015209325,0.648512015209325,0.180166666666667,,FALSE
"XLOC_013719","UFM1",12,0,8,0.00682533347634488,0.00682533347634488,0.199333333333333,,FALSE
"XLOC_013725","NHLRC3",12,0,8,0.123674094255262,0.123674094255262,0.156,,FALSE
"XLOC_013727","COG6",6,0,0,0.823341218688732,0.823341218688732,0.208766666666667,,FALSE
"XLOC_013733","WBP4",5,0,5,0.043435459284844,0.043435459284844,0.0823999999999999,,FALSE
"XLOC_013736","NAA16",10,0,0,0.0759395474417163,0.0759395474417163,0.0971,,FALSE
"XLOC_013739","RGCC",6,0,4,0.437895229146562,0.437895229146562,0.0483666666666667,,FALSE
"XLOC_013747","DGKH",10,0,1,0.978303691884184,0.978303691884184,0.0513666666666667,,FALSE
"XLOC_013753","DNAJC15",6,0,4,0.397568916884628,0.397568916884628,0.0290666666666666,,FALSE
"XLOC_013760","LACC1",11,0,5,0.970394240830834,0.970394240830834,0.0966,,FALSE
"XLOC_013770","GPALPP1",10,0,3,0.956304414257091,0.956304414257091,0.1242,,FALSE
"XLOC_013773","GTF2F2",8,0,7,0.755519919516959,0.755519919516959,0.104333333333333,,FALSE
"XLOC_013777","TPT1-AS1",42,0,1,0.815163090949957,0.815163090949957,0.0819666666666667,,FALSE
"XLOC_013781","COG3",13,0,6,0.488242213469572,0.488242213469572,0.100633333333333,,FALSE
"XLOC_013794","LRCH1",14,0,9,0.155286339648665,0.155286339648665,0.0825,,FALSE
"XLOC_013803","ITM2B",12,0,5,0.00213672581406584,0.00213672581406584,0.0527333333333333,,FALSE
"XLOC_013804","RB1",13,0,9,0.0332034227086585,0.0332034227086585,0.185666666666667,,FALSE
"XLOC_013809","FNDC3A",11,0,5,0.226966155594907,0.226966155594907,0.0695,,FALSE
"XLOC_013814","CDADC1",8,0,4,0.968190480968124,0.968190480968124,0.0902333333333333,,FALSE
"XLOC_013815","SETDB2",7,0,3,0.51902879881222,0.51902879881222,0.0233333333333333,,FALSE
"XLOC_013817","PHF11",24,0,9,0.0297884255509949,0.0297884255509949,0.0345666666666667,,FALSE
"XLOC_013819","ARL11",2,0,0,0.346425028595306,0.346425028595306,0.0896333333333333,,FALSE
"XLOC_013822","TRIM13",10,1,5,7.22823445306889e-08,7.22823445306889e-08,0.421933333333333,0.421933333333333,TRUE
"XLOC_013829","DLEU1",69,0,23,0.00199206295530297,0.00199206295530297,0.0806,,FALSE
"XLOC_013835","FAM124A",4,0,0,0.969596942163211,0.969596942163211,0.0389,,FALSE
"XLOC_013839","WDFY2",6,0,3,0.767793881395163,0.767793881395163,0.160666666666667,,FALSE
"XLOC_013841","XLOC_013841",3,0,0,0.192853026653812,0.192853026653812,0.274,,FALSE
"XLOC_013845","ALG11",16,1,4,0.00345244645033553,0.00345244645033553,0.180733333333333,0.180733333333333,TRUE
"XLOC_013849","CKAP2",15,1,10,0.00864799416373002,0.00864799416373002,0.1565,0.1565,TRUE
"XLOC_013890","TDRD3",25,0,16,0.00687165924909169,0.00687165924909169,0.0878,,FALSE
"XLOC_013938","BORA",11,0,6,0.247661810082098,0.247661810082098,0.189,,FALSE
"XLOC_013939","PIBF1",8,0,3,0.363096813289499,0.363096813289499,0.182133333333333,,FALSE
"XLOC_013955","UCHL3",22,0,1,0.871810524232484,0.871810524232484,0.0522,,FALSE
"XLOC_013964","ACOD1",7,0,7,0.442713740570021,0.442713740570021,0.0295,,FALSE
"XLOC_013966","CLN5",24,0,1,0.947085761204881,0.947085761204881,0.0395666666666666,,FALSE
"XLOC_013986","NDFIP2",4,0,2,0.960785989318253,0.960785989318253,0.0899666666666666,,FALSE
"XLOC_014049","DNAJC3",5,0,2,0.965702257668466,0.965702257668466,0.00219999999999998,,FALSE
"XLOC_014057","MBNL2",7,0,1,0.474422367943888,0.474422367943888,0.198833333333333,,FALSE
"XLOC_014064","IPO5",26,0,17,1.00669164052449e-07,1.00669164052449e-07,0.0979333333333333,,FALSE
"XLOC_014065","FARP1",16,0,0,0.163102143581782,0.163102143581782,0.0936666666666667,,FALSE
"XLOC_014076","UBAC2",20,0,11,0.574782738200999,0.574782738200999,0.0224666666666667,,FALSE
"XLOC_014080","TM9SF2",17,0,13,0.853947854311984,0.853947854311984,0.0596666666666667,,FALSE
"XLOC_014086","PCCA",19,0,8,0.631049687553644,0.631049687553644,0.0737333333333333,,FALSE
"XLOC_014095","TPP2",25,0,16,0.00910105162818844,0.00910105162818844,0.0905666666666667,,FALSE
"XLOC_014097","BIVM-ERCC5",31,0,2,0.673943267497116,0.673943267497116,0.0765,,FALSE
"XLOC_014121","TNFSF13B",11,0,6,0.0300798455080876,0.0300798455080876,0.146333333333333,,FALSE
"XLOC_014136","COL4A2",11,0,0,0.648282312782812,0.648282312782812,0.1556,,FALSE
"XLOC_014139","ING1",4,0,0,0.987404154093021,0.987404154093021,0.0669333333333333,,FALSE
"XLOC_014144","ARHGEF7",13,0,2,0.746369780815212,0.746369780815212,0.138533333333333,,FALSE
"XLOC_014158","ATP11A",13,0,1,0.397159429709846,0.397159429709846,0.0648,,FALSE
"XLOC_014169","CUL4A",17,0,8,0.00621650349650882,0.00621650349650882,0.114266666666667,,FALSE
"XLOC_014175","TMCO3",22,0,12,0.699737334904185,0.699737334904185,0.0326333333333333,,FALSE
"XLOC_014178","TFDP1",23,0,16,0.375579505996357,0.375579505996357,0.0712,,FALSE
"XLOC_014180","TMEM255B",7,0,1,0.0225622077410352,0.0225622077410352,0.0819333333333333,,FALSE
"XLOC_014186","CDC16",20,0,11,0.398802119836185,0.398802119836185,0.0940666666666667,,FALSE
"XLOC_014189","UPF3A",15,0,5,0.0643392051404091,0.0643392051404091,0.0691333333333333,,FALSE
"XLOC_014223","PSPC1",20,0,7,0.501542084614724,0.501542084614724,0.0366,,FALSE
"XLOC_014230","GJB6",6,0,0,0.782490242082922,0.782490242082922,0.270166666666667,,FALSE
"XLOC_014231","CRYL1",14,0,3,0.919501764073191,0.919501764073191,0.111066666666667,,FALSE
"XLOC_014235","EEF1AKMT1",5,0,2,0.938897714243193,0.938897714243193,0.310766666666667,,FALSE
"XLOC_014238","XPO4",4,0,2,0.890950263884655,0.890950263884655,0.0909333333333333,,FALSE
"XLOC_014248","SKA3",13,0,11,0.671014905032419,0.671014905032419,0.147466666666667,,FALSE
"XLOC_014252","ZDHHC20",9,0,1,0.345972546587887,0.345972546587887,0.0799666666666666,,FALSE
"XLOC_014255","MICU2",10,0,3,0.690724614009148,0.690724614009148,0.109433333333333,,FALSE
"XLOC_014278","PARP4",20,0,18,3.65023868044073e-07,3.65023868044073e-07,0.0888,,FALSE
"XLOC_014284","CENPJ",12,0,6,0.717633243585377,0.717633243585377,0.0872666666666667,,FALSE
"XLOC_014292","MTMR6",7,0,5,0.80004078426899,0.80004078426899,0.1169,,FALSE
"XLOC_014300","RNF6",15,0,10,0.0921268550198387,0.0921268550198387,0.0492,,FALSE
"XLOC_014309","USP12",7,0,4,0.992517202069365,0.992517202069365,0.062,,FALSE
"XLOC_014314","MTIF3",13,0,5,0.436357582364858,0.436357582364858,0.125533333333333,,FALSE
"XLOC_014326","SLC46A3",3,0,0,0.293484845326827,0.293484845326827,0.0341,,FALSE
"XLOC_014343","KATNAL1",5,0,2,0.890905772357922,0.890905772357922,0.195033333333333,,FALSE
"XLOC_014348","HMGB1",19,0,13,0.0860356464106406,0.0860356464106406,0.106766666666667,,FALSE
"XLOC_014356","HSPH1",21,0,13,0.36037142236578,0.36037142236578,0.0998333333333333,,FALSE
"XLOC_014363","N4BP2L1",63,0,19,7.34074833335963e-06,7.34074833335963e-06,0.170866666666667,,FALSE
"XLOC_014385","SPART",17,0,9,0.0173804972922465,0.0173804972922465,0.0480666666666666,,FALSE
"XLOC_014393","ALG5",27,0,5,0.477092309863507,0.477092309863507,0.0886666666666666,,FALSE
"XLOC_014394","SUPT20H",31,0,9,0.572087823325797,0.572087823325797,0.109766666666667,,FALSE
"XLOC_014411","PROSER1",14,0,4,0.771573774448726,0.771573774448726,0.0963666666666667,,FALSE
"XLOC_014426","ELF1",24,0,20,8.71218727231388e-06,8.71218727231388e-06,0.117166666666667,,FALSE
"XLOC_014432","MTRF1",21,0,12,0.604606201556968,0.604606201556968,0.149266666666667,,FALSE
"XLOC_014439","VWA8",20,0,17,0.883475027811519,0.883475027811519,0.0664333333333333,,FALSE
"XLOC_014447","EPSTI1",11,0,2,0.256168636470744,0.256168636470744,0.052,,FALSE
"XLOC_014451","CCDC122",7,0,2,0.916771166092947,0.916771166092947,0.191133333333333,,FALSE
"XLOC_014461","TSC22D1",12,0,2,0.291643960750471,0.291643960750471,0.0198,,FALSE
"XLOC_014464","NUFIP1",3,0,2,0.455596899924652,0.455596899924652,0.3294,,FALSE
"XLOC_014467","TPT1",18,0,3,0.000123719190508866,0.000123719190508866,0.0522,,FALSE
"XLOC_014477","ZC3H13",16,0,10,0.0470077069298773,0.0470077069298773,0.0762666666666667,,FALSE
"XLOC_014479","LCP1",55,0,53,0.113939824278261,0.113939824278261,0.0676666666666667,,FALSE
"XLOC_014481","RUBCNL",31,0,10,0.204891900956376,0.204891900956376,0.0497666666666667,,FALSE
"XLOC_014484","ESD",7,0,4,0.0279024445578674,0.0279024445578674,0.0146999999999999,,FALSE
"XLOC_014487","SUCLA2",20,0,8,0.901572778408839,0.901572778408839,0.0624666666666666,,FALSE
"XLOC_014492","MED4",10,0,10,0.0533470971901575,0.0533470971901575,0.163733333333333,,FALSE
"XLOC_014499","RCBTB2",50,0,45,0.0494882915125571,0.0494882915125571,0.0607,,FALSE
"XLOC_014509","CAB39L",14,0,7,0.069855129524413,0.069855129524413,0.0586666666666667,,FALSE
"XLOC_014510","RCBTB1",8,0,5,0.473301974785913,0.473301974785913,0.2185,,FALSE
"XLOC_014512","EBPL",7,0,0,0.00213672581406584,0.00213672581406584,0.250533333333333,,FALSE
"XLOC_014513","KPNA3",5,0,3,0.584032328427345,0.584032328427345,0.110033333333333,,FALSE
"XLOC_014517","DLEU2",21,0,1,0.964340599374598,0.964340599374598,0.0449666666666667,,FALSE
"XLOC_014532","INTS6",26,0,8,0.910530126386575,0.910530126386575,0.0818666666666667,,FALSE
"XLOC_014536","DHRS12",14,0,3,0.491831999976595,0.491831999976595,0.0934333333333333,,FALSE
"XLOC_014540","NEK3",13,0,6,0.761721408208163,0.761721408208163,0.1624,,FALSE
"XLOC_014541","MRPS31P5",10,0,4,0.879446125672577,0.879446125672577,0.139766666666667,,FALSE
"XLOC_014542","THSD1",15,0,7,0.643288381378811,0.643288381378811,0.0312,,FALSE
"XLOC_014614","DIS3",11,0,7,0.052030290172046,0.052030290172046,0.116033333333333,,FALSE
"XLOC_014627","TBC1D4",8,0,3,0.921623175782469,0.921623175782469,0.141133333333333,,FALSE
"XLOC_014629","COMMD6",11,0,0,0.221511347883536,0.221511347883536,0.0326,,FALSE
"XLOC_014638","FBXL3",10,0,5,0.997647729364664,0.997647729364664,0.0575,,FALSE
"XLOC_014639","MYCBP2",33,0,13,0.377271312538831,0.377271312538831,0.0736666666666667,,FALSE
"XLOC_014653","RBM26",12,0,6,0.860830008983955,0.860830008983955,0.0436,,FALSE
"XLOC_014718","TGDS",5,0,3,0.665404135821696,0.665404135821696,0.0461,,FALSE
"XLOC_014725","ABCC4",13,0,1,0.984800317716074,0.984800317716074,0.0801666666666667,,FALSE
"XLOC_014732","UGGT2",13,0,3,0.430447009163362,0.430447009163362,0.0913333333333333,,FALSE
"XLOC_014749","STK24",14,0,8,0.243713848760724,0.243713848760724,0.071,,FALSE
"XLOC_014781","GGACT",7,0,0,0.575917324406817,0.575917324406817,0.182566666666667,,FALSE
"XLOC_014783","TMTC4",10,0,3,0.580486782886639,0.580486782886639,0.1395,,FALSE
"XLOC_014823","LIG4",16,0,1,0.0658300206933997,0.0658300206933997,0.105766666666667,,FALSE
"XLOC_014841","CARS2",29,0,1,0.846504381866411,0.846504381866411,0.0142666666666667,,FALSE
"XLOC_014844","PRECSIT",4,0,1,0.557115071049103,0.557115071049103,0.0462666666666667,,FALSE
"XLOC_014845","ANKRD10",31,0,23,0.428637990891623,0.428637990891623,0.0975333333333333,,FALSE
"XLOC_014855","TUBGCP3",14,1,6,4.28112984418222e-09,4.28112984418222e-09,0.1999,0.1999,FALSE
"XLOC_014857","XLOC_014857",5,0,1,0.928756813000608,0.928756813000608,0.0623666666666667,,FALSE
"XLOC_014864","PCID2",15,0,3,0.898179545218969,0.898179545218969,0.0383333333333334,,FALSE
"XLOC_014868","DCUN1D2",8,0,0,0.563957550631609,0.563957550631609,0.246966666666667,,FALSE
"XLOC_014876","RASA3",7,1,5,0.000159216038130851,0.000159216038130851,0.1925,0.1925,TRUE
"XLOC_014942","PARP2",15,0,7,0.671393682727479,0.671393682727479,0.0470333333333333,,FALSE
"XLOC_014946","APEX1",24,0,15,0.00597492003354591,0.00597492003354591,0.115433333333333,,FALSE
"XLOC_014947","PNP",12,0,5,0.557802331121855,0.557802331121855,0.0815333333333333,,FALSE
"XLOC_014951","ANG",6,0,1,0.0299828361222574,0.0299828361222574,0.179233333333333,,FALSE
"XLOC_014961","METTL17",34,0,17,0.755690440852407,0.755690440852407,0.091,,FALSE
"XLOC_014967","ARHGEF40",7,0,0,0.98316322959659,0.98316322959659,0.0774,,FALSE
"XLOC_014975","TOX4",18,0,8,0.225974860417396,0.225974860417396,0.0853666666666667,,FALSE
"XLOC_015085","TRAC",5,0,4,0.965067923553767,0.965067923553767,0.1149,,FALSE
"XLOC_015105","ABHD4",15,0,7,0.811726996956637,0.811726996956637,0.0715999999999999,,FALSE
"XLOC_015108","OXA1L",21,0,12,0.603149281308656,0.603149281308656,0.0517666666666667,,FALSE
"XLOC_015109","MRPL52",17,0,1,0.183190120016525,0.183190120016525,0.0691666666666667,,FALSE
"XLOC_015110","MMP14",8,0,0,0.497189498881954,0.497189498881954,0.00533333333333333,,FALSE
"XLOC_015123","BCL2L2",19,0,0,0.533505485806083,0.533505485806083,0.0323666666666668,,FALSE
"XLOC_015128","NGDN",10,0,1,0.973917175716937,0.973917175716937,0.0132000000000001,,FALSE
"XLOC_015129","ZFHX2-AS1",13,0,5,0.0914817323024114,0.0914817323024114,0.121833333333333,,FALSE
"XLOC_015136","DHRS4",11,0,4,0.139582366094304,0.139582366094304,0.047,,FALSE
"XLOC_015137","DHRS4L2",16,0,3,0.497827727007381,0.497827727007381,0.1494,,FALSE
"XLOC_015139","CARMIL3",4,0,0,0.0297809754903334,0.0297809754903334,0.2293,,FALSE
"XLOC_015141","PCK2",19,0,7,0.00726410623486146,0.00726410623486146,0.0214666666666667,,FALSE
"XLOC_015142","DCAF11",47,0,11,0.00345459424967357,0.00345459424967357,0.0957666666666667,,FALSE
"XLOC_015143","PSME1",16,0,7,0.000405169619243201,0.000405169619243201,0.0143333333333333,,FALSE
"XLOC_015144","RNF31",43,0,14,0.0186538819406404,0.0186538819406404,0.0539,,FALSE
"XLOC_015151","GMPR2",30,0,8,0.000245582119200291,0.000245582119200291,0.1601,,FALSE
"XLOC_015153","NOP9",16,0,3,0.428431519403101,0.428431519403101,0.0613,,FALSE
"XLOC_015187","G2E3",16,0,5,0.245701180711668,0.245701180711668,0.0721,,FALSE
"XLOC_015188","SCFD1",58,0,12,0.180816863891806,0.180816863891806,0.0611333333333333,,FALSE
"XLOC_015204","ARHGAP5",11,0,2,0.234268290086817,0.234268290086817,0.0866,,FALSE
"XLOC_015221","SRP54",25,0,8,0.886299641596879,0.886299641596879,0.0716,,FALSE
"XLOC_015222","FAM177A1",13,0,3,0.95219004875604,0.95219004875604,0.0348666666666667,,FALSE
"XLOC_015224","PRORP",38,0,19,0.0316817457182635,0.0316817457182635,0.0286333333333333,,FALSE
"XLOC_015233","BRMS1L",6,0,2,0.680861864706552,0.680861864706552,0.209333333333333,,FALSE
"XLOC_015261","SEC23A-AS1",14,0,5,0.288972487089991,0.288972487089991,0.302,,FALSE
"XLOC_015265","PNN",8,0,4,0.918834052700237,0.918834052700237,0.1057,,FALSE
"XLOC_015268","MIA2",17,0,5,0.747384705272202,0.747384705272202,0.071,,FALSE
"XLOC_015286","C14orf28",4,0,0,0.970335661311568,0.970335661311568,0.134766666666667,,FALSE
"XLOC_015287","TOGARAM1",11,0,4,0.935305416347421,0.935305416347421,0.0728,,FALSE
"XLOC_015289","PRPF39",18,0,10,0.0744590307382792,0.0744590307382792,0.091,,FALSE
"XLOC_015292","FANCM",19,0,2,0.989013152462606,0.989013152462606,0.1592,,FALSE
"XLOC_015308","LRR1",10,0,5,0.917358938788507,0.917358938788507,0.0779333333333333,,FALSE
"XLOC_015309","MGAT2",5,0,4,0.802516095164487,0.802516095164487,0.044,,FALSE
"XLOC_015324","DMAC2L",10,0,2,0.565040596754356,0.565040596754356,0.162333333333333,,FALSE
"XLOC_015328","ATL1",20,0,3,0.860045790207458,0.860045790207458,0.0797666666666667,,FALSE
"XLOC_015337","TMX1",5,0,2,0.756518473148865,0.756518473148865,0.0597,,FALSE
"XLOC_015350","RTRAF",8,0,1,0.997218785055414,0.997218785055414,0.0147,,FALSE
"XLOC_015358","PSMC6",20,0,9,0.321061494714339,0.321061494714339,0.0358666666666667,,FALSE
"XLOC_015372","CDKN3",11,0,4,0.687876470295324,0.687876470295324,0.0890333333333333,,FALSE
"XLOC_015374","CGRRF1",13,1,3,0.00183714621969576,0.00183714621969576,0.1625,0.1625,FALSE
"XLOC_015375","SAMD4A",13,0,0,0.0564749233124881,0.0564749233124881,0.142866666666667,,FALSE
"XLOC_015377","SOCS4",5,0,1,0.904809583452084,0.904809583452084,0.0935333333333333,,FALSE
"XLOC_015378","MAPK1IP1L",16,0,11,0.355231443001956,0.355231443001956,0.0253666666666667,,FALSE
"XLOC_015379","LGALS3",7,0,0,0.911914229203274,0.911914229203274,0.00673333333333326,,FALSE
"XLOC_015381","FBXO34",10,0,0,0.194970566252353,0.194970566252353,0.0423666666666667,,FALSE
"XLOC_015386","KTN1",46,0,27,0.234205059990571,0.234205059990571,0.0393333333333334,,FALSE
"XLOC_015395","TMEM260",16,0,1,0.726168025937409,0.726168025937409,0.0771666666666667,,FALSE
"XLOC_015402","AP5M1",16,0,13,0.0199938751256899,0.0199938751256899,0.0353666666666667,,FALSE
"XLOC_015411","ACTR10",15,0,2,0.739237443491356,0.739237443491356,0.0566,,FALSE
"XLOC_015412","PSMA3",18,0,9,0.0248849135000618,0.0248849135000618,0.0566333333333334,,FALSE
"XLOC_015415","ARID4A",12,0,2,0.934440773107864,0.934440773107864,0.0906,,FALSE
"XLOC_015419","KIAA0586",24,0,3,0.916485893703757,0.916485893703757,0.0652333333333333,,FALSE
"XLOC_015427","JKAMP",19,0,11,0.000176519671919635,0.000176519671919635,0.072,,FALSE
"XLOC_015429","PCNX4",15,0,3,0.706964056914993,0.706964056914993,0.0302333333333333,,FALSE
"XLOC_015439","MNAT1",65,0,43,0.484355782614696,0.484355782614696,0.0565,,FALSE
"XLOC_015442","PRKCH",20,2,11,1.42705294703522e-06,1.42705294703522e-06,0.231633333333333,0.231633333333333,TRUE
"XLOC_015443","HIF1A",24,0,15,5.2235404587604e-08,5.2235404587604e-08,0.0787333333333333,,FALSE
"XLOC_015466","MTHFD1",35,0,22,0.039433886412236,0.039433886412236,0.0520666666666667,,FALSE
"XLOC_015468","ZBTB1",10,0,6,0.885370554015519,0.885370554015519,0.0424,,FALSE
"XLOC_015479","FUT8",16,0,7,0.613182523531032,0.613182523531032,0.1345,,FALSE
"XLOC_015488","PALS1",9,0,1,0.988512051246974,0.988512051246974,0.1843,,FALSE
"XLOC_015490","EIF2S1",11,0,6,0.496767013495681,0.496767013495681,0.117833333333333,,FALSE
"XLOC_015500","RAD51B",19,0,4,0.0134882108622939,0.0134882108622939,0.2253,,FALSE
"XLOC_015511","SLC39A9",17,0,13,0.175479846849473,0.175479846849473,0.0589666666666667,,FALSE
"XLOC_015515","SRSF5",24,0,10,0.0338435378961175,0.0338435378961175,0.01,,FALSE
"XLOC_015531","PCNX1",16,0,4,0.347130931231773,0.347130931231773,0.0945,,FALSE
"XLOC_015535","SIPA1L1",23,0,7,0.0470077069298773,0.0470077069298773,0.0945333333333333,,FALSE
"XLOC_015543","DCAF4",13,0,5,0.561895575323034,0.561895575323034,0.118933333333333,,FALSE
"XLOC_015544","RBM25",24,0,14,0.263930030451812,0.263930030451812,0.077,,FALSE
"XLOC_015545","PSEN1",47,0,25,1.2266321246118e-06,1.2266321246118e-06,0.0966666666666667,,FALSE
"XLOC_015547","PAPLN",8,0,0,0.948715030471209,0.948715030471209,0.1585,,FALSE
"XLOC_015552","ACOT2",5,0,2,0.460120850885918,0.460120850885918,0.1171,,FALSE
"XLOC_015560","PTGR2",60,0,38,1.31574596500608e-06,1.31574596500608e-06,0.0754666666666667,,FALSE
"XLOC_015562","COQ6",21,0,6,0.0316817457182635,0.0316817457182635,0.151566666666667,,FALSE
"XLOC_015572","ISCA2",5,0,1,0.222465669144927,0.222465669144927,0.298566666666667,,FALSE
"XLOC_015577","YLPM1",17,0,9,0.0867036761954103,0.0867036761954103,0.0712,,FALSE
"XLOC_015579","DLST",18,0,3,0.546082118207263,0.546082118207263,0.00916666666666666,,FALSE
"XLOC_015580","EIF2B2",9,0,2,0.618816268753676,0.618816268753676,0.0684333333333333,,FALSE
"XLOC_015586","FOS",8,0,2,0.00445591887475306,0.00445591887475306,0.109233333333333,,FALSE
"XLOC_015588","JDP2",8,0,2,0.473961738483252,0.473961738483252,0.286166666666667,,FALSE
"XLOC_015590","FLVCR2",55,0,23,0.0307215270839975,0.0307215270839975,0.0925,,FALSE
"XLOC_015594","GPATCH2L",20,0,10,0.937051164637352,0.937051164637352,0.0645333333333333,,FALSE
"XLOC_015598","VASH1",6,0,0,0.677501396585175,0.677501396585175,0.0954666666666666,,FALSE
"XLOC_015602","LINC01629",5,0,3,0.977604790402136,0.977604790402136,0.0905333333333333,,FALSE
"XLOC_015607","CIPC",14,0,5,0.796813892922501,0.796813892922501,0.128733333333333,,FALSE
"XLOC_015610","GSTZ1",16,0,2,0.927993190622986,0.927993190622986,0.0540333333333333,,FALSE
"XLOC_015613","AHSA1",13,0,2,0.00877625741731804,0.00877625741731804,0.0544666666666667,,FALSE
"XLOC_015616","SLIRP",14,0,3,0.72020080677244,0.72020080677244,0.0162,,FALSE
"XLOC_015617","ADCK1",9,0,2,0.717629232695466,0.717629232695466,0.0812333333333333,,FALSE
"XLOC_015643","FLRT2",10,0,0,0.444098608450258,0.444098608450258,0.230366666666667,,FALSE
"XLOC_015644","LINC02328",17,0,4,0.200105431915137,0.200105431915137,0.220066666666667,,FALSE
"XLOC_015663","ZC3H14",30,0,10,0.462927412883319,0.462927412883319,0.1066,,FALSE
"XLOC_015666","TTC8",11,0,1,0.21555407970574,0.21555407970574,0.128533333333333,,FALSE
"XLOC_015678","TDP1",24,0,12,0.0335225982744067,0.0335225982744067,0.0837,,FALSE
"XLOC_015682","PSMC1",17,0,10,0.0464571459186735,0.0464571459186735,0.0950333333333333,,FALSE
"XLOC_015685","CALM1",16,0,5,0.0236272122002391,0.0236272122002391,0.0711666666666667,,FALSE
"XLOC_015693","DGLUCY",51,0,26,0.582010758746234,0.582010758746234,0.0682666666666667,,FALSE
"XLOC_015704","CPSF2",15,0,11,6.1416776311564e-05,6.1416776311564e-05,0.1387,,FALSE
"XLOC_015708","RIN3",11,0,1,0.997889540956415,0.997889540956415,0.0866333333333333,,FALSE
"XLOC_015709","GOLGA5",10,0,7,0.969596942163211,0.969596942163211,0.0816333333333333,,FALSE
"XLOC_015714","TMEM251",14,0,6,0.627310155486385,0.627310155486385,0.035,,FALSE
"XLOC_015724","IFI27L1",13,0,3,0.677501396585175,0.677501396585175,0.138166666666667,,FALSE
"XLOC_015725","IFI27",13,0,3,0.716060720861883,0.716060720861883,0.023,,FALSE
"XLOC_015754","GSKIP",5,0,2,0.988512051246974,0.988512051246974,0.0249666666666667,,FALSE
"XLOC_015757","PAPOLA",33,0,13,0.670513350659344,0.670513350659344,0.0532,,FALSE
"XLOC_015761","VRK1",35,0,6,0.277486459548475,0.277486459548475,0.211566666666667,,FALSE
"XLOC_015777","CCNK",8,0,1,0.988634088252035,0.988634088252035,0.0593333333333332,,FALSE
"XLOC_015786","EVL",26,0,6,0.397256619742245,0.397256619742245,0.0478666666666667,,FALSE
"XLOC_015788","YY1",9,0,2,0.329052301880407,0.329052301880407,0.103733333333333,,FALSE
"XLOC_015796","WDR25",9,0,1,0.000847258451904051,0.000847258451904051,0.213433333333333,,FALSE
"XLOC_015896","PPP2R5C",28,0,5,0.0858203468586531,0.0858203468586531,0.0340666666666666,,FALSE
"XLOC_015900","DYNC1H1",71,0,17,7.42600075579398e-07,7.42600075579398e-07,0.0525333333333333,,FALSE
"XLOC_015901","WDR20",18,0,9,0.00302378220946148,0.00302378220946148,0.121866666666667,,FALSE
"XLOC_015902","ZNF839",10,0,0,0.863416387837842,0.863416387837842,0.0963,,FALSE
"XLOC_015903","TECPR2",4,0,0,0.704043380017348,0.704043380017348,0.1971,,FALSE
"XLOC_015908","TRAF3",13,0,4,0.888992763227244,0.888992763227244,0.0562666666666667,,FALSE
"XLOC_015916","TNFAIP2",20,0,10,0.0098007566152898,0.0098007566152898,0.0316666666666667,,FALSE
"XLOC_015925","EIF5",30,0,14,2.84965091202382e-09,2.84965091202382e-09,0.0903666666666667,,FALSE
"XLOC_015927","MARK3",72,0,14,0.564845562985891,0.564845562985891,0.033,,FALSE
"XLOC_015931","COA8",47,0,10,0.0921264261531344,0.0921264261531344,0.0496666666666667,,FALSE
"XLOC_015935","ZFYVE21",10,0,0,0.792523657618645,0.792523657618645,0.0193666666666666,,FALSE
"XLOC_015939","TDRD9",14,0,10,0.681180656426988,0.681180656426988,0.0461,,FALSE
"XLOC_015948","INF2",34,0,0,0.61914137710635,0.61914137710635,0.0425333333333333,,FALSE
"XLOC_015955","CEP170B",3,0,0,0.892359544475721,0.892359544475721,0.1471,,FALSE
"XLOC_015957","PLD4",5,0,0,0.981303031588092,0.981303031588092,0.122766666666667,,FALSE
"XLOC_015961","PACS2",16,0,0,2.0638612615068e-07,2.0638612615068e-07,0.168366666666667,,FALSE
"XLOC_015964","TEX22",19,0,0,0.0319860829018964,0.0319860829018964,0.2841,,FALSE
"XLOC_015966","CRIP1",22,0,1,0.431617022540403,0.431617022540403,0.0344666666666667,,FALSE
"XLOC_016015","CCNB1IP1",12,0,5,0.715215350553029,0.715215350553029,0.0440333333333333,,FALSE
"XLOC_016020","TEP1",12,0,2,0.244088356865122,0.244088356865122,0.0933333333333334,,FALSE
"XLOC_016022","OSGEP",16,0,5,0.0878218045471888,0.0878218045471888,0.2375,,FALSE
"XLOC_016023","PIP4P1",7,0,0,0.955321370224251,0.955321370224251,0.0420333333333334,,FALSE
"XLOC_016040","NDRG2",75,0,25,0.00418414477467175,0.00418414477467175,0.0442666666666667,,FALSE
"XLOC_016042","ZNF219",12,0,0,0.458610879804946,0.458610879804946,0.3141,,FALSE
"XLOC_016048","HNRNPC",59,0,40,1.24193165876186e-06,1.24193165876186e-06,0.0435666666666667,,FALSE
"XLOC_016049","SUPT16H",21,0,16,0.389107257537352,0.389107257537352,0.0801666666666667,,FALSE
"XLOC_016050","CHD8",27,0,4,0.00213037492092748,0.00213037492092748,0.0446666666666667,,FALSE
"XLOC_016052","RAB2B",8,0,6,0.453891593710535,0.453891593710535,0.181433333333333,,FALSE
"XLOC_016053","METTL3",19,0,8,0.704043380017348,0.704043380017348,0.0517333333333333,,FALSE
"XLOC_016069","DAD1",7,0,3,0.961790203410798,0.961790203410798,0.00116666666666667,,FALSE
"XLOC_016076","SLC7A7",60,0,46,0.0322994377192324,0.0322994377192324,0.0894,,FALSE
"XLOC_016078","RBM23",52,0,30,0.0367269561793173,0.0367269561793173,0.0729666666666667,,FALSE
"XLOC_016079","PRMT5",28,0,11,0.0906218065633477,0.0906218065633477,0.1133,,FALSE
"XLOC_016080","HAUS4",24,0,2,0.44821820872612,0.44821820872612,0.0336333333333333,,FALSE
"XLOC_016081","C14orf93",12,0,0,0.191804270105075,0.191804270105075,0.263266666666667,,FALSE
"XLOC_016082","PSMB5",8,0,4,0.980610112718246,0.980610112718246,0.0218666666666667,,FALSE
"XLOC_016085","ACIN1",22,0,1,0.0039767286863957,0.0039767286863957,0.0276,,FALSE
"XLOC_016088","SLC7A8",15,0,7,0.25736493940812,0.25736493940812,0.0768333333333333,,FALSE
"XLOC_016092","HOMEZ",13,0,1,0.70782436810974,0.70782436810974,0.0743333333333333,,FALSE
"XLOC_016100","AP1G2",44,0,17,0.159725903454623,0.159725903454623,0.0803666666666667,,FALSE
"XLOC_016105","DHRS4-AS1",14,0,1,0.0135176650564282,0.0135176650564282,0.2614,,FALSE
"XLOC_016107","EMC9",7,0,0,0.440863965305133,0.440863965305133,0.1002,,FALSE
"XLOC_016108","PSME2",40,0,28,0.000369506255986373,0.000369506255986373,0.0500333333333333,,FALSE
"XLOC_016109","IPO4",77,0,25,0.0777975894595014,0.0777975894595014,0.0139666666666667,,FALSE
"XLOC_016110","TINF2",17,0,4,0.75350894064398,0.75350894064398,0.0787666666666667,,FALSE
"XLOC_016112","RABGGTA",33,0,14,0.166110603516773,0.166110603516773,0.0595333333333333,,FALSE
"XLOC_016113","DHRS1",10,0,4,0.537120584341267,0.537120584341267,0.2074,,FALSE
"XLOC_016114","CIDEB",6,0,0,0.620322252958988,0.620322252958988,0.332366666666667,,FALSE
"XLOC_016115","ADCY4",20,0,4,0.681180656426988,0.681180656426988,0.0239333333333333,,FALSE
"XLOC_016118","SDR39U1",21,0,3,0.00108118389646943,0.00108118389646943,0.0677,,FALSE
"XLOC_016153","STRN3",7,0,1,0.796048996834305,0.796048996834305,0.0251666666666667,,FALSE
"XLOC_016155","HECTD1",35,0,10,0.27630509994766,0.27630509994766,0.0831,,FALSE
"XLOC_016158","HEATR5A",23,0,11,4.36323644344886e-09,4.36323644344886e-09,0.1354,,FALSE
"XLOC_016167","ARHGAP5-AS1",3,0,2,0.982500711699149,0.982500711699149,0.0134,,FALSE
"XLOC_016177","EGLN3",5,0,0,0.974516085232576,0.974516085232576,0.123366666666667,,FALSE
"XLOC_016183","SNX6",19,0,13,1.00326639705459e-11,1.00326639705459e-11,0.0478666666666667,,FALSE
"XLOC_016188","BAZ1A",26,0,18,0.00480339257511645,0.00480339257511645,0.0966,,FALSE
"XLOC_016191","PPP2R3C",37,0,22,9.82407586564262e-06,9.82407586564262e-06,0.0225666666666667,,FALSE
"XLOC_016199","NFKBIA",9,0,2,0.516220525071388,0.516220525071388,0.0309333333333334,,FALSE
"XLOC_016202","RALGAPA1",18,0,5,0.806208985380417,0.806208985380417,0.0851333333333334,,FALSE
"XLOC_016209","MBIP",12,1,5,0.0120181213005733,0.0120181213005733,0.3144,0.3144,TRUE
"XLOC_016229","SEC23A",15,0,6,0.930224159886062,0.930224159886062,0.0791333333333333,,FALSE
"XLOC_016230","TRAPPC6B",8,0,3,0.194731260871891,0.194731260871891,0.0698666666666667,,FALSE
"XLOC_016258","KLHL28",7,0,3,0.813233293054613,0.813233293054613,0.0530333333333334,,FALSE
"XLOC_016261","MIS18BP1",14,0,5,0.00327506752621121,0.00327506752621121,0.0980333333333333,,FALSE
"XLOC_016278","RPS29",9,0,3,0.827077902129526,0.827077902129526,0.000433333333333333,,FALSE
"XLOC_016285","POLE2",7,0,3,0.454824383581572,0.454824383581572,0.355966666666667,,FALSE
"XLOC_016287","NEMF",27,0,15,0.43847218471248,0.43847218471248,0.0943666666666667,,FALSE
"XLOC_016290","RN7SL2",4,0,0,0.860147299060119,0.860147299060119,0.00230000000000008,,FALSE
"XLOC_016293","LINC01588",22,0,7,0.152795686735874,0.152795686735874,0.229266666666667,,FALSE
"XLOC_016295","VCPKMT",7,0,2,0.382541345045616,0.382541345045616,0.0699000000000001,,FALSE
"XLOC_016296","SOS2",10,0,5,0.961623505333303,0.961623505333303,0.0774,,FALSE
"XLOC_016299","CDKL1",12,0,3,0.393188659085833,0.393188659085833,0.1411,,FALSE
"XLOC_016300","MAP4K5",12,0,6,0.22328972641071,0.22328972641071,0.0742666666666667,,FALSE
"XLOC_016303","SAV1",10,0,4,0.957563567332811,0.957563567332811,0.0942,,FALSE
"XLOC_016307","NIN",27,0,12,0.478930334085201,0.478930334085201,0.0415,,FALSE
"XLOC_016309","PYGL",17,0,12,0.125561340730115,0.125561340730115,0.0333666666666667,,FALSE
"XLOC_016327","TXNDC16",5,0,1,0.932439328228456,0.932439328228456,0.128,,FALSE
"XLOC_016328","ERO1A",13,0,3,0.00279878488243916,0.00279878488243916,0.0399,,FALSE
"XLOC_016332","FERMT2",13,0,5,0.158216080957142,0.158216080957142,0.210666666666667,,FALSE
"XLOC_016341","CNIH1",33,0,20,0.0549692162742087,0.0549692162742087,0.0306,,FALSE
"XLOC_016343","GCH1",10,0,5,0.46453832995084,0.46453832995084,0.0298,,FALSE
"XLOC_016346","WDHD1",8,0,4,0.243391668209366,0.243391668209366,0.201666666666667,,FALSE
"XLOC_016348","DLGAP5",13,0,10,0.813114142249494,0.813114142249494,0.1484,,FALSE
"XLOC_016359","LINC00520",11,0,0,0.477732065348228,0.477732065348228,0.0351333333333333,,FALSE
"XLOC_016371","EXOC5",17,0,8,0.0155692403441978,0.0155692403441978,0.0442333333333333,,FALSE
"XLOC_016377","ARMH4",25,0,7,0.001818912363683,0.001818912363683,0.17,,FALSE
"XLOC_016380","TIMM9",11,0,2,0.0107955275011092,0.0107955275011092,0.144866666666667,,FALSE
"XLOC_016383","GPR135",12,0,1,0.854948680137913,0.854948680137913,0.0677,,FALSE
"XLOC_016388","DHRS7",12,0,4,0.0502255228502895,0.0502255228502895,0.0455333333333333,,FALSE
"XLOC_016399","TRMT5",10,0,6,0.426514857529966,0.426514857529966,0.149366666666667,,FALSE
"XLOC_016420","WDR89",6,0,4,0.650360904313886,0.650360904313886,0.227866666666667,,FALSE
"XLOC_016430","ZBTB25",11,0,7,0.75509931986821,0.75509931986821,0.151233333333333,,FALSE
"XLOC_016440","MAX",19,0,4,0.0171847787069663,0.0171847787069663,0.1177,,FALSE
"XLOC_016460","ATP6V1D",21,0,9,0.0256996638183439,0.0256996638183439,0.0484000000000001,,FALSE
"XLOC_016464","PIGH",12,0,1,0.974516085232576,0.974516085232576,0.0329333333333333,,FALSE
"XLOC_016467","VTI1B",24,0,10,0.834042286034714,0.834042286034714,0.0264,,FALSE
"XLOC_016470","ZFYVE26",16,0,3,0.869889405437648,0.869889405437648,0.0464333333333333,,FALSE
"XLOC_016484","ZFP36L1",4,0,0,0.733498563680888,0.733498563680888,0.00573333333333326,,FALSE
"XLOC_016487","ACTN1",48,0,12,0.000142315752426131,0.000142315752426131,0.0668666666666667,,FALSE
"XLOC_016489","DCAF5",11,0,2,0.997719073101956,0.997719073101956,0.0769333333333333,,FALSE
"XLOC_016493","ERH",6,0,4,0.498831994484345,0.498831994484345,0.0305333333333334,,FALSE
"XLOC_016503","COX16",8,1,3,2.34530135020341e-09,2.34530135020341e-09,0.2609,0.2609,FALSE
"XLOC_016507","MED6",11,0,1,0.528900389359282,0.528900389359282,0.0365333333333333,,FALSE
"XLOC_016535","NUMB",174,0,151,5.00937756500947e-08,5.00937756500947e-08,0.0538,,FALSE
"XLOC_016544","MIDEAS",6,0,0,0.468828630543248,0.468828630543248,0.0951,,FALSE
"XLOC_016551","ENTPD5",14,0,6,0.857007142098599,0.857007142098599,0.0347333333333333,,FALSE
"XLOC_016553","ABCD4",35,0,12,0.0602679104920545,0.0602679104920545,0.0367,,FALSE
"XLOC_016558","NPC2",10,0,4,0.971230518488941,0.971230518488941,0.0126666666666667,,FALSE
"XLOC_016561","AREL1",20,0,7,0.743903084860313,0.743903084860313,0.0864333333333333,,FALSE
"XLOC_016567","MLH3",14,0,5,0.785830724857248,0.785830724857248,0.150366666666667,,FALSE
"XLOC_016569","NEK9",19,0,4,0.419011368911001,0.419011368911001,0.0473666666666667,,FALSE
"XLOC_016571","TMED10",15,0,11,0.00847910655749133,0.00847910655749133,0.0621333333333334,,FALSE
"XLOC_016591","VASH1-AS1",16,0,9,0.0101502411356113,0.0101502411356113,0.0375666666666667,,FALSE
"XLOC_016605","POMT2",31,0,0,0.287811070419161,0.287811070419161,0.2076,,FALSE
"XLOC_016607","NOXRED1",19,0,8,0.308501138879599,0.308501138879599,0.0596333333333333,,FALSE
"XLOC_016609","SPTLC2",10,0,3,0.996095149113374,0.996095149113374,0.0988,,FALSE
"XLOC_016612","ALKBH1",6,0,2,0.565191646341373,0.565191646341373,0.115466666666667,,FALSE
"XLOC_016614","SNW1",15,0,13,0.290163861481232,0.290163861481232,0.0757,,FALSE
"XLOC_016630","CEP128",7,0,0,0.836318512252356,0.836318512252356,0.100166666666667,,FALSE
"XLOC_016634","GTF2A1",4,0,0,0.250469335970435,0.250469335970435,0.0427666666666667,,FALSE
"XLOC_016661","GALC",19,0,8,0.270106978710272,0.270106978710272,0.0951,,FALSE
"XLOC_016671","FOXN3",20,0,3,0.0282014469120782,0.0282014469120782,0.0727666666666667,,FALSE
"XLOC_016676","NRDE2",14,0,6,0.00185169968540253,0.00185169968540253,0.171333333333333,,FALSE
"XLOC_016686","PPP4R3A",18,0,10,0.331233168574124,0.331233168574124,0.0484,,FALSE
"XLOC_016694","TRIP11",8,0,3,0.305295034894675,0.305295034894675,0.123833333333333,,FALSE
"XLOC_016695","ATXN3",38,0,4,0.000301487444209459,0.000301487444209459,0.1385,,FALSE
"XLOC_016699","LGMN",28,0,12,0.48808139533156,0.48808139533156,0.0554333333333333,,FALSE
"XLOC_016701","ITPK1",9,0,0,0.0565534041732977,0.0565534041732977,0.0298333333333333,,FALSE
"XLOC_016705","BTBD7",10,0,3,0.0567390118459383,0.0567390118459383,0.1004,,FALSE
"XLOC_016712","DDX24",14,0,6,0.399750012770318,0.399750012770318,0.0801666666666667,,FALSE
"XLOC_016713","IFI27L2",7,0,2,0.79860015976076,0.79860015976076,0.0297000000000001,,FALSE
"XLOC_016717","SERPINA1",33,0,17,0.000715308339804164,0.000715308339804164,0.0114000000000001,,FALSE
"XLOC_016726","DICER1",25,0,1,0.654519562926056,0.654519562926056,0.120533333333333,,FALSE
"XLOC_016736","ATG2B",5,0,1,0.347153354561454,0.347153354561454,0.1394,,FALSE
"XLOC_016757","SETD3",19,0,13,5.44233079982723e-08,5.44233079982723e-08,0.0646666666666667,,FALSE
"XLOC_016762","XLOC_016762",4,0,3,0.913030977232709,0.913030977232709,0.113233333333333,,FALSE
"XLOC_016766","SLC25A29",17,0,0,0.188429751421851,0.188429751421851,0.0749333333333333,,FALSE
"XLOC_016768","WARS1",111,0,76,0.000139427870933224,0.000139427870933224,0.189766666666667,,FALSE
"XLOC_016793","HSP90AA1",19,0,10,0.0117947885426132,0.0117947885426132,0.0324666666666666,,FALSE
"XLOC_016795","CINP",12,0,4,0.708427236103624,0.708427236103624,0.196433333333333,,FALSE
"XLOC_016796","ANKRD9",5,0,0,0.956564634315552,0.956564634315552,0.0976,,FALSE
"XLOC_016800","CDC42BPB",7,0,0,0.851580915257839,0.851580915257839,0.0456,,FALSE
"XLOC_016803","XLOC_016803",3,0,2,0.516903241852161,0.516903241852161,0.4522,,FALSE
"XLOC_016807","CKB",16,0,1,0.00634730384249836,0.00634730384249836,0.0937333333333333,,FALSE
"XLOC_016812","XRCC3",13,0,0,0.548819355149634,0.548819355149634,0.0597666666666667,,FALSE
"XLOC_016814","PPP1R13B",16,0,0,0.13983027657749,0.13983027657749,0.187766666666667,,FALSE
"XLOC_016817","ATP5MJ",12,0,3,0.4097160892913,0.4097160892913,0.00503333333333333,,FALSE
"XLOC_016829","AKT1",20,0,1,0.00401130482493376,0.00401130482493376,0.0157333333333334,,FALSE
"XLOC_016834","AHNAK2",3,0,0,0.621023957093143,0.621023957093143,0.107033333333333,,FALSE
"XLOC_016837","GPR132",8,0,2,0.889949812006997,0.889949812006997,0.0662999999999999,,FALSE
"XLOC_016842","JAG2",11,0,0,0.885907954415113,0.885907954415113,0.0158333333333334,,FALSE
"XLOC_016844","BRF1",18,0,0,0.797419645511279,0.797419645511279,0.162066666666667,,FALSE
"XLOC_017095","NIPA1",7,0,1,0.994185636911808,0.994185636911808,0.0695333333333334,,FALSE
"XLOC_017096","NIPA2",27,0,13,0.145829268412595,0.145829268412595,0.0455,,FALSE
"XLOC_017112","SNRPN",76,0,14,0.825615097588374,0.825615097588374,0.0352,,FALSE
"XLOC_017191","HERC2P9",15,0,4,0.812017311674181,0.812017311674181,0.112866666666667,,FALSE
"XLOC_017225","ARHGAP11B",12,0,0,0.729997512020857,0.729997512020857,0.1048,,FALSE
"XLOC_017229","HERC2P10",21,0,1,0.472886196913718,0.472886196913718,0.0826333333333333,,FALSE
"XLOC_017248","ARHGAP11A-SCG5",22,0,9,0.176678710456926,0.176678710456926,0.0106,,FALSE
"XLOC_017297","LINC02345",20,0,15,0.936612041151332,0.936612041151332,0.0508,,FALSE
"XLOC_017298","SPRED1",10,0,7,7.03713972502732e-07,7.03713972502732e-07,0.158133333333333,,FALSE
"XLOC_017299","FAM98B",3,0,0,0.898646800687559,0.898646800687559,0.0927666666666667,,FALSE
"XLOC_017311","EIF2AK4",13,0,4,0.992895102348289,0.992895102348289,0.0614666666666667,,FALSE
"XLOC_017315","BUB1B",16,0,9,0.138105952403378,0.138105952403378,0.136533333333333,,FALSE
"XLOC_017322","INAFM2",3,0,1,4.4956588143098e-05,4.4956588143098e-05,0.0257666666666667,,FALSE
"XLOC_017326","IVD",18,0,10,0.966820450089774,0.966820450089774,0.0791333333333333,,FALSE
"XLOC_017334","RAD51",9,0,1,0.913700156755084,0.913700156755084,0.0831333333333333,,FALSE
"XLOC_017338","ZFYVE19",13,0,1,0.0387814918319503,0.0387814918319503,0.0851333333333333,,FALSE
"XLOC_017339","SPINT1",12,0,1,0.367665002590885,0.367665002590885,0.0293333333333333,,FALSE
"XLOC_017341","VPS18",4,0,1,0.832808134311997,0.832808134311997,0.0186333333333333,,FALSE
"XLOC_017351","OIP5-AS1",44,0,29,0.0100687054680083,0.0100687054680083,0.0411,,FALSE
"XLOC_017353","RTF1",11,0,7,0.977415001189189,0.977415001189189,0.106633333333333,,FALSE
"XLOC_017359","MAPKBP1",11,0,0,0.758050242048675,0.758050242048675,0.0191,,FALSE
"XLOC_017360","JMJD7",17,0,1,0.53270661972921,0.53270661972921,0.132366666666667,,FALSE
"XLOC_017366","GANC",63,0,10,0.276322303143622,0.276322303143622,0.0944333333333333,,FALSE
"XLOC_017367","SNAP23",23,0,8,0.24303799346751,0.24303799346751,0.101266666666667,,FALSE
"XLOC_017368","HAUS2",9,0,2,0.00603861430473534,0.00603861430473534,0.0517666666666666,,FALSE
"XLOC_017376","TMEM62",29,0,5,0.228978041290801,0.228978041290801,0.125933333333333,,FALSE
"XLOC_017381","TUBGCP4",12,0,4,0.782440545705398,0.782440545705398,0.126466666666667,,FALSE
"XLOC_017388","PDIA3",34,0,6,0.16603306519821,0.16603306519821,0.0534333333333333,,FALSE
"XLOC_017389","SERF2",20,0,6,0.689299987514046,0.689299987514046,0.0264333333333333,,FALSE
"XLOC_017390","WDR76",8,0,4,0.00788602313102453,0.00788602313102453,0.149933333333333,,FALSE
"XLOC_017395","CTDSPL2",13,0,4,0.761596051624842,0.761596051624842,0.0413,,FALSE
"XLOC_017396","EIF3J",11,0,6,0.919856005120508,0.919856005120508,0.0478,,FALSE
"XLOC_017398","B2M",24,0,19,0.0469949733396803,0.0469949733396803,0.032,,FALSE
"XLOC_017399","TRIM69",12,0,2,0.932333660362822,0.932333660362822,0.0681666666666667,,FALSE
"XLOC_017407","SORD",11,0,3,0.75403820372451,0.75403820372451,0.0978,,FALSE
"XLOC_017415","SPATA5L1",8,0,2,0.763610881240513,0.763610881240513,0.0539666666666667,,FALSE
"XLOC_017416","C15orf48",33,0,17,0.485647926930009,0.485647926930009,0.0191,,FALSE
"XLOC_017420","BLOC1S6",47,0,23,0.0013306147795187,0.0013306147795187,0.0403333333333333,,FALSE
"XLOC_017438","DUT",9,0,1,0.137003019609438,0.137003019609438,0.064,,FALSE
"XLOC_017448","GALK2",25,0,11,0.0111863954362894,0.0111863954362894,0.2201,,FALSE
"XLOC_017453","DTWD1",15,0,4,0.824322855830064,0.824322855830064,0.0867666666666667,,FALSE
"XLOC_017459","GABPB1-AS1",8,0,0,0.991237691454003,0.991237691454003,0.128233333333333,,FALSE
"XLOC_017461","USP8",24,0,12,5.3657419968434e-06,5.3657419968434e-06,0.113566666666667,,FALSE
"XLOC_017468","AP4E1",6,0,2,0.373755204921137,0.373755204921137,0.162666666666667,,FALSE
"XLOC_017481","TMOD3",11,0,2,0.683201246909068,0.683201246909068,0.0742333333333333,,FALSE
"XLOC_017485","MAPK6",21,0,10,0.000127224230480006,0.000127224230480006,0.100333333333333,,FALSE
"XLOC_017504","PIGB",12,0,4,0.0612066706800784,0.0612066706800784,0.111133333333333,,FALSE
"XLOC_017516","TCF12",27,0,15,0.197693987817705,0.197693987817705,0.068,,FALSE
"XLOC_017521","MYZAP",18,0,4,0.781388462419388,0.781388462419388,0.131733333333333,,FALSE
"XLOC_017524","AQP9",26,0,24,8.48155798007356e-07,8.48155798007356e-07,0.1723,,FALSE
"XLOC_017540","MINDY2",4,0,0,0.948847646958308,0.948847646958308,0.0413666666666667,,FALSE
"XLOC_017542","RNF111",24,0,17,0.604117032237397,0.604117032237397,0.0708,,FALSE
"XLOC_017549","FAM81A",9,0,1,0.621259273381453,0.621259273381453,0.0809666666666667,,FALSE
"XLOC_017582","TLN2",10,0,3,0.970817958013182,0.970817958013182,0.104933333333333,,FALSE
"XLOC_017586","TPM1",18,0,1,0.922215191527355,0.922215191527355,0.0655666666666667,,FALSE
"XLOC_017588","LACTB",8,0,5,0.965674046979597,0.965674046979597,0.0599333333333333,,FALSE
"XLOC_017590","APH1B",11,0,4,0.189344231901379,0.189344231901379,0.153466666666667,,FALSE
"XLOC_017592","USP3",24,0,13,0.40515965566538,0.40515965566538,0.0634666666666667,,FALSE
"XLOC_017597","SNX1",20,0,9,0.380063887766225,0.380063887766225,0.0838,,FALSE
"XLOC_017609","PLEKHO2",19,0,6,0.0275568325896556,0.0275568325896556,0.0377666666666667,,FALSE
"XLOC_017620","HACD3",9,0,5,2.45028030476934e-05,2.45028030476934e-05,0.1034,,FALSE
"XLOC_017621","SLC24A1",10,0,0,0.0883617866021169,0.0883617866021169,0.196,,FALSE
"XLOC_017622","RAB11A",7,0,3,0.017819647037596,0.017819647037596,0.0219,,FALSE
"XLOC_017625","DIS3L",16,1,2,0.0467900019178534,0.0467900019178534,0.184666666666667,0.184666666666667,FALSE
"XLOC_017627","MAP2K1",16,0,2,0.704404639949385,0.704404639949385,0.0357666666666667,,FALSE
"XLOC_017628","ZWILCH",12,0,5,0.0545160405927306,0.0545160405927306,0.0582333333333333,,FALSE
"XLOC_017639","MAP2K5",8,0,0,0.923926402218184,0.923926402218184,0.0281333333333333,,FALSE
"XLOC_017643","PIAS1",18,0,11,0.428637990891623,0.428637990891623,0.0738,,FALSE
"XLOC_017645","FEM1B",9,0,5,0.914433009626997,0.914433009626997,0.0774,,FALSE
"XLOC_017653","GLCE",7,0,4,0.943755097394468,0.943755097394468,0.0915333333333333,,FALSE
"XLOC_017657","KIF23",22,0,14,0.0661590593631847,0.0661590593631847,0.142533333333333,,FALSE
"XLOC_017658","RPLP1",6,0,1,0.913285123864202,0.913285123864202,0.0426000000000001,,FALSE
"XLOC_017677","SENP8",4,0,1,0.934272156748259,0.934272156748259,0.1474,,FALSE
"XLOC_017683","ARIH1",12,0,4,0.163102143581782,0.163102143581782,0.0293,,FALSE
"XLOC_017689","BBS4",14,0,7,0.865923239960182,0.865923239960182,0.0468,,FALSE
"XLOC_017695","CD276",22,0,5,0.0768388333763213,0.0768388333763213,0.0538,,FALSE
"XLOC_017699","PML",22,0,1,0.485652120408885,0.485652120408885,0.0489333333333333,,FALSE
"XLOC_017711","ARID3B",4,0,0,0.757792787492389,0.757792787492389,0.138433333333333,,FALSE
"XLOC_017712","CLK3",18,0,0,0.056457088643218,0.056457088643218,0.0238333333333334,,FALSE
"XLOC_017714","CSK",16,0,3,0.221999497318209,0.221999497318209,0.0737,,FALSE
"XLOC_017716","MPI",24,0,8,0.579484651135716,0.579484651135716,0.1138,,FALSE
"XLOC_017719","PPCDC",13,0,8,0.677501396585175,0.677501396585175,0.206333333333333,,FALSE
"XLOC_017727","COMMD4",23,0,6,0.833992315469281,0.833992315469281,0.0422333333333333,,FALSE
"XLOC_017747","FBXO22",11,0,3,0.939591875108204,0.939591875108204,0.0746333333333334,,FALSE
"XLOC_017755","RCN2",6,0,0,0.825115222379932,0.825115222379932,0.0262666666666666,,FALSE
"XLOC_017756","PSTPIP1",19,0,1,0.356503026264911,0.356503026264911,0.0493666666666667,,FALSE
"XLOC_017760","HMG20A",17,0,9,0.685895971092659,0.685895971092659,0.0760666666666667,,FALSE
"XLOC_017771","IDH3A",26,0,10,0.0919093973576601,0.0919093973576601,0.0332333333333333,,FALSE
"XLOC_017773","DNAJA4",14,0,2,0.727084535486572,0.727084535486572,0.0633333333333332,,FALSE
"XLOC_017778","IREB2",23,0,14,0.90471219219305,0.90471219219305,0.0534666666666667,,FALSE
"XLOC_017781","PSMA4",32,0,14,0.0900098657637617,0.0900098657637617,0.0212666666666667,,FALSE
"XLOC_017785","MORF4L1",27,0,11,3.52414656315372e-07,3.52414656315372e-07,0.0591666666666667,,FALSE
"XLOC_017792","TMED3",5,0,1,0.99592660544864,0.99592660544864,0.0661666666666667,,FALSE
"XLOC_017800","ZFAND6",26,0,13,0.242498821448653,0.242498821448653,0.0573333333333333,,FALSE
"XLOC_017801","FAH",22,0,9,0.310713120495093,0.310713120495093,0.0436666666666667,,FALSE
"XLOC_017810","IL16",15,0,3,0.656045188264542,0.656045188264542,0.129966666666667,,FALSE
"XLOC_017835","RAMAC",4,0,3,0.204377221842418,0.204377221842418,0.0365,,FALSE
"XLOC_017842","TM6SF1",35,0,32,0.0114260031602108,0.0114260031602108,0.0858666666666667,,FALSE
"XLOC_017861","ZSCAN2",11,0,0,0.8883331047193,0.8883331047193,0.135666666666667,,FALSE
"XLOC_017862","SCAND2P",11,0,0,0.138803999676944,0.138803999676944,0.263666666666667,,FALSE
"XLOC_017866","ALPK3",2,0,0,0.80311660893047,0.80311660893047,0.0696,,FALSE
"XLOC_017868","PDE8A",22,0,7,9.59406964759876e-11,9.59406964759876e-11,0.0955666666666667,,FALSE
"XLOC_017872","AKAP13",30,0,12,0.515495485922446,0.515495485922446,0.0945,,FALSE
"XLOC_017883","MRPS11",13,0,2,0.538648077969325,0.538648077969325,0.0808333333333333,,FALSE
"XLOC_017887","AEN",6,0,0,0.811941006291356,0.811941006291356,0.0266666666666666,,FALSE
"XLOC_017888","ISG20",11,0,3,0.125172510044881,0.125172510044881,0.203066666666667,,FALSE
"XLOC_017893","ABHD2",8,0,2,0.74237216869418,0.74237216869418,0.0905333333333334,,FALSE
"XLOC_017895","FANCI",35,0,20,0.00260740296019743,0.00260740296019743,0.1034,,FALSE
"XLOC_017912","ZNF710",5,0,0,0.785118922464756,0.785118922464756,0.0162,,FALSE
"XLOC_017920","GDPGP1",14,0,0,0.992965244118601,0.992965244118601,0.0273333333333333,,FALSE
"XLOC_017926","IQGAP1",32,0,17,0.000152736367532226,0.000152736367532226,0.0865,,FALSE
"XLOC_017927","CRTC3",12,0,0,0.242295976811344,0.242295976811344,0.169066666666667,,FALSE
"XLOC_017931","BLM",15,0,5,0.0229470371633704,0.0229470371633704,0.359433333333333,,FALSE
"XLOC_017933","FURIN",10,0,0,0.791894659701569,0.791894659701569,0.107466666666667,,FALSE
"XLOC_017934","FES",14,0,4,0.0582948114944786,0.0582948114944786,0.1322,,FALSE
"XLOC_017935","MAN2A2",27,0,5,0.0013705532730332,0.0013705532730332,0.0906666666666667,,FALSE
"XLOC_017936","UNC45A",15,0,3,0.173604108648973,0.173604108648973,0.0848666666666666,,FALSE
"XLOC_017937","RCCD1",8,0,0,0.627641169848489,0.627641169848489,0.189633333333333,,FALSE
"XLOC_017946","SLCO3A1",13,0,1,0.871464064668716,0.871464064668716,0.1135,,FALSE
"XLOC_017962","CHASERR",33,0,5,0.250740557748052,0.250740557748052,0.0167,,FALSE
"XLOC_018008","IGF1R",5,0,0,0.913030977232709,0.913030977232709,0.2491,,FALSE
"XLOC_018014","LRRC28",25,0,9,0.00707654040905613,0.00707654040905613,0.112833333333333,,FALSE
"XLOC_018017","MEF2A",18,0,4,0.523641497577779,0.523641497577779,0.0204666666666667,,FALSE
"XLOC_018019","XLOC_018019",13,0,0,0.0805793731153732,0.0805793731153732,0.172666666666667,,FALSE
"XLOC_018025","ASB7",4,0,0,0.759954044893755,0.759954044893755,0.0909666666666667,,FALSE
"XLOC_018029","LRRK1",9,0,0,0.0476199056221924,0.0476199056221924,0.130966666666667,,FALSE
"XLOC_018044","WASH3P",7,0,1,0.999962246944003,0.999962246944003,0.0639,,FALSE
"XLOC_018131","CYFIP1",33,0,21,0.00282424938630496,0.00282424938630496,0.0652,,FALSE
"XLOC_018132","TUBGCP5",17,0,9,0.0199938751256899,0.0199938751256899,0.215966666666667,,FALSE
"XLOC_018154","UBE3A",35,0,4,0.183890830234239,0.183890830234239,0.0563,,FALSE
"XLOC_018156","ATP10A",16,0,0,0.306291968472682,0.306291968472682,0.2982,,FALSE
"XLOC_018175","HERC2",13,0,2,0.945963893751699,0.945963893751699,0.0863666666666667,,FALSE
"XLOC_018201","TJP1",9,0,1,0.716237328928298,0.716237328928298,0.1096,,FALSE
"XLOC_018222","MTMR10",15,0,6,0.795511633542557,0.795511633542557,0.0737666666666667,,FALSE
"XLOC_018246","FMN1",12,0,1,0.162758387291411,0.162758387291411,0.1604,,FALSE
"XLOC_018247","XLOC_018247",2,0,1,0.607756699439728,0.607756699439728,0.0159666666666667,,FALSE
"XLOC_018256","EMC7",6,0,4,0.131711999214003,0.131711999214003,0.00473333333333331,,FALSE
"XLOC_018258","KATNBL1",21,0,7,0.333670912723537,0.333670912723537,0.0452,,FALSE
"XLOC_018259","SLC12A6",27,0,9,0.87050986753552,0.87050986753552,0.0426666666666667,,FALSE
"XLOC_018261","LPCAT4",8,0,2,0.509793715934981,0.509793715934981,0.227966666666667,,FALSE
"XLOC_018274","AQR",12,0,7,0.357687322722748,0.357687322722748,0.0971,,FALSE
"XLOC_018280","DPH6",12,0,4,0.795535022297116,0.795535022297116,0.0875666666666666,,FALSE
"XLOC_018294","LINC01852",7,0,3,0.0409589291789036,0.0409589291789036,0.209366666666667,,FALSE
"XLOC_018307","SRP14",8,0,3,0.87577806470381,0.87577806470381,0.0245,,FALSE
"XLOC_018309","BMF",8,0,0,0.3730939038751,0.3730939038751,0.464733333333333,,FALSE
"XLOC_018312","PLCB2",17,0,3,0.484950227090984,0.484950227090984,0.0649333333333333,,FALSE
"XLOC_018322","CCDC32",14,0,3,0.661476216720577,0.661476216720577,0.1321,,FALSE
"XLOC_018326","RMDN3",14,0,5,0.960719422299363,0.960719422299363,0.0327666666666667,,FALSE
"XLOC_018327","DNAJC17",12,0,0,0.000103934493046325,0.000103934493046325,0.0590333333333333,,FALSE
"XLOC_018329","SPINT1-AS1",5,0,0,0.955075387880613,0.955075387880613,0.1979,,FALSE
"XLOC_018332","INO80",8,0,1,0.350917982151953,0.350917982151953,0.119466666666667,,FALSE
"XLOC_018338","NDUFAF1",13,0,6,0.992517202069365,0.992517202069365,0.0708,,FALSE
"XLOC_018354","VPS39",26,0,13,0.706652290931215,0.706652290931215,0.0808,,FALSE
"XLOC_018357","ZNF106",10,0,2,0.00642796818761639,0.00642796818761639,0.149233333333333,,FALSE
"XLOC_018359","LRRC57",10,0,3,0.978063108677632,0.978063108677632,0.0260333333333334,,FALSE
"XLOC_018362","CDAN1",6,0,0,0.415460821234322,0.415460821234322,0.120233333333333,,FALSE
"XLOC_018366","UBR1",10,0,0,0.828735842964101,0.828735842964101,0.0398333333333333,,FALSE
"XLOC_018373","LCMT2",5,0,3,0.901744561189665,0.901744561189665,0.100533333333333,,FALSE
"XLOC_018376","TP53BP1",18,0,4,0.00871385650751268,0.00871385650751268,0.151733333333333,,FALSE
"XLOC_018377","PPIP5K1",20,0,4,0.247661810082098,0.247661810082098,0.0911333333333333,,FALSE
"XLOC_018378","STRC",16,0,2,0.98858079168286,0.98858079168286,0.2934,,FALSE
"XLOC_018397","SPG11",42,0,9,0.340871804369997,0.340871804369997,0.0446,,FALSE
"XLOC_018398","PATL2",13,0,6,0.889120996695239,0.889120996695239,0.172866666666667,,FALSE
"XLOC_018418","GATM",12,0,2,7.24232352709792e-05,7.24232352709792e-05,0.148533333333333,,FALSE
"XLOC_018444","SECISBP2L",7,0,0,0.980610112718246,0.980610112718246,0.0568333333333333,,FALSE
"XLOC_018447","COPS2",13,0,7,0.66194488063469,0.66194488063469,0.0959333333333333,,FALSE
"XLOC_018454","ATP8B4",33,0,21,0.0495618979753491,0.0495618979753491,0.0969333333333333,,FALSE
"XLOC_018457","GABPB1",16,0,8,0.51673416324212,0.51673416324212,0.0757666666666666,,FALSE
"XLOC_018462","TRPM7",18,0,9,0.714114013070342,0.714114013070342,0.081,,FALSE
"XLOC_018463","SPPL2A",15,0,8,5.94277793216342e-06,5.94277793216342e-06,0.0538666666666667,,FALSE
"XLOC_018466","TNFAIP8L3",2,0,0,0.973164590618576,0.973164590618576,0.215333333333333,,FALSE
"XLOC_018468","CYP19A1",16,0,13,0.0300307213244247,0.0300307213244247,0.0540333333333334,,FALSE
"XLOC_018472","DMXL2",28,0,15,5.91393904390644e-09,5.91393904390644e-09,0.0633,,FALSE
"XLOC_018475","LYSMD2",4,0,0,0.94186614342112,0.94186614342112,0.0952666666666667,,FALSE
"XLOC_018480","LEO1",13,0,10,0.809565828650306,0.809565828650306,0.0906333333333333,,FALSE
"XLOC_018488","MYO5A",46,0,3,0.00958862732832369,0.00958862732832369,0.0435,,FALSE
"XLOC_018489","ARPP19",12,0,6,0.1607315578988,0.1607315578988,0.0651666666666667,,FALSE
"XLOC_018490","FAM214A",13,0,1,0.917438886065466,0.917438886065466,0.0892,,FALSE
"XLOC_018501","RSL24D1",11,0,3,0.9824282586354,0.9824282586354,0.0872666666666666,,FALSE
"XLOC_018502","RAB27A",37,0,18,0.570319577668854,0.570319577668854,0.0313,,FALSE
"XLOC_018519","ZNF280D",18,0,6,0.301616100831803,0.301616100831803,0.0709,,FALSE
"XLOC_018530","ALDH1A2",21,0,4,0.0523926204092196,0.0523926204092196,0.0228333333333333,,FALSE
"XLOC_018533","ADAM10",26,0,13,0.753074166349905,0.753074166349905,0.0702666666666667,,FALSE
"XLOC_018540","SLTM",43,0,21,0.0178305828840913,0.0178305828840913,0.0711666666666667,,FALSE
"XLOC_018544","MYO1E",20,0,12,0.584776968464113,0.584776968464113,0.0501666666666667,,FALSE
"XLOC_018555","GTF2A2",9,0,2,0.0179795827630597,0.0179795827630597,0.0589,,FALSE
"XLOC_018557","BNIP2",18,0,9,0.00539816011292143,0.00539816011292143,0.0752333333333333,,FALSE
"XLOC_018564","ANXA2",90,0,56,2.38003637842073e-08,2.38003637842073e-08,0.0843,,FALSE
"XLOC_018566","ICE2",18,0,8,0.0143930355673744,0.0143930355673744,0.0652,,FALSE
"XLOC_018571","VPS13C",17,0,7,0.634318778023485,0.634318778023485,0.0423666666666667,,FALSE
"XLOC_018594","HERC1",30,0,19,0.108537809411575,0.108537809411575,0.0609333333333333,,FALSE
"XLOC_018597","CIAO2A",9,0,6,0.900845254981573,0.900845254981573,0.0306333333333334,,FALSE
"XLOC_018599","PPIB",10,0,4,0.392438197067322,0.392438197067322,0.0639,,FALSE
"XLOC_018600","CSNK1G1",29,0,4,0.0826174266558807,0.0826174266558807,0.1309,,FALSE
"XLOC_018604","OAZ2",11,0,4,0.319577998506076,0.319577998506076,0.0696333333333333,,FALSE
"XLOC_018607","PIF1",8,0,0,0.9659375568828,0.9659375568828,0.200733333333333,,FALSE
"XLOC_018611","SPG21",21,0,8,0.806174659327274,0.806174659327274,0.0594666666666667,,FALSE
"XLOC_018612","MTFMT",7,0,1,0.736295834482186,0.736295834482186,0.0839333333333333,,FALSE
"XLOC_018617","PDCD7",4,0,1,0.812017311674181,0.812017311674181,0.0791000000000001,,FALSE
"XLOC_018618","CLPX",11,0,5,0.0154145798501203,0.0154145798501203,0.1495,,FALSE
"XLOC_018628","INTS14",22,0,11,0.224602817665608,0.224602817665608,0.0294666666666666,,FALSE
"XLOC_018630","DENND4A",17,0,11,0.111564412134704,0.111564412134704,0.130366666666667,,FALSE
"XLOC_018639","TIPIN",7,0,6,0.616055757849437,0.616055757849437,0.2327,,FALSE
"XLOC_018645","RPL4",33,0,21,0.0297809754903334,0.0297809754903334,0.0304333333333333,,FALSE
"XLOC_018650","AAGAB",10,0,6,0.877325460747664,0.877325460747664,0.1046,,FALSE
"XLOC_018657","CALML4",31,0,0,0.00820593823667159,0.00820593823667159,0.0343,,FALSE
"XLOC_018661","ANP32A",12,0,1,0.860045790207458,0.860045790207458,0.0402333333333333,,FALSE
"XLOC_018674","TLE3",18,0,2,0.239895565946647,0.239895565946647,0.0727666666666667,,FALSE
"XLOC_018682","UACA",11,0,1,0.782490242082922,0.782490242082922,0.1784,,FALSE
"XLOC_018699","PKM",53,0,35,5.94277793216342e-06,5.94277793216342e-06,0.0272333333333333,,FALSE
"XLOC_018700","PARP6",73,0,17,0.0750434244730253,0.0750434244730253,0.0407333333333333,,FALSE
"XLOC_018715","NPTN",15,0,7,2.18068418033561e-14,2.18068418033561e-14,0.1076,,FALSE
"XLOC_018721","STOML1",10,0,1,0.310214804270603,0.310214804270603,0.167033333333333,,FALSE
"XLOC_018732","SEMA7A",4,0,0,0.853947854311984,0.853947854311984,0.0197999999999999,,FALSE
"XLOC_018739","EDC3",13,0,6,0.954967418071547,0.954967418071547,0.1697,,FALSE
"XLOC_018742","ULK3",19,0,0,0.410006433141731,0.410006433141731,0.0930666666666667,,FALSE
"XLOC_018744","SCAMP2",17,0,7,0.307309181635128,0.307309181635128,0.025,,FALSE
"XLOC_018745","FAM219B",20,0,2,0.820256268284149,0.820256268284149,0.0892,,FALSE
"XLOC_018746","COX5A",7,0,1,0.267719845121753,0.267719845121753,0.0491,,FALSE
"XLOC_018762","MAN2C1",36,0,2,0.275065593833892,0.275065593833892,0.0258,,FALSE
"XLOC_018763","SIN3A",23,0,12,0.393203328006353,0.393203328006353,0.0917,,FALSE
"XLOC_018765","PTPN9",25,0,11,3.9937497933285e-06,3.9937497933285e-06,0.0924666666666667,,FALSE
"XLOC_018775","ETFA",37,0,7,0.194300587845544,0.194300587845544,0.0114,,FALSE
"XLOC_018779","SCAPER",14,0,3,0.417969604290267,0.417969604290267,0.1312,,FALSE
"XLOC_018782","TSPAN3",14,0,5,0.948186974774344,0.948186974774344,0.0115,,FALSE
"XLOC_018792","TBC1D2B",18,0,8,0.834266384724789,0.834266384724789,0.0689,,FALSE
"XLOC_018797","WDR61",23,0,10,0.838483407557219,0.838483407557219,0.0313,,FALSE
"XLOC_018810","CTSH",55,0,2,0.109138157321846,0.109138157321846,0.0404,,FALSE
"XLOC_018811","RASGRF1",9,0,1,0.798471012109576,0.798471012109576,0.0912,,FALSE
"XLOC_018821","MTHFS",14,0,6,0.686437262851993,0.686437262851993,0.0443666666666667,,FALSE
"XLOC_018825","BCL2A1",4,0,3,0.0845559378589539,0.0845559378589539,0.0304333333333334,,FALSE
"XLOC_018837","MESD",9,0,2,0.376587899784938,0.376587899784938,0.0837666666666667,,FALSE
"XLOC_018843","STARD5",5,0,1,0.40348011411867,0.40348011411867,0.0411333333333334,,FALSE
"XLOC_018849","EFL1",20,0,6,0.0593545142413161,0.0593545142413161,0.0415,,FALSE
"XLOC_018855","RPS17",16,0,2,0.231650179409104,0.231650179409104,0.00566666666666671,,FALSE
"XLOC_018862","HOMER2",14,0,4,0.325003534717554,0.325003534717554,0.278066666666667,,FALSE
"XLOC_018863","C15orf40",13,0,2,0.840724695965049,0.840724695965049,0.2075,,FALSE
"XLOC_018878","GOLGA6L5P",9,0,0,0.909127614312665,0.909127614312665,0.145833333333333,,FALSE
"XLOC_018882","WDR73",19,0,3,0.00897815487390601,0.00897815487390601,0.0937333333333333,,FALSE
"XLOC_018884","SEC11A",12,0,5,0.937219490501756,0.937219490501756,0.0455,,FALSE
"XLOC_018924","MFGE8",16,0,0,0.650999857243463,0.650999857243463,0.0440333333333333,,FALSE
"XLOC_018931","POLG",23,0,2,0.000170674806332937,0.000170674806332937,0.0537333333333334,,FALSE
"XLOC_018934","RHCG",7,1,0,0.0144248961719881,0.0144248961719881,0.5703,0.401,FALSE
"XLOC_018942","ANPEP",24,0,14,0.806196708550476,0.806196708550476,0.0205,,FALSE
"XLOC_018943","AP3S2",31,0,13,0.00889944572658697,0.00889944572658697,0.0383,,FALSE
"XLOC_018947","ZNF710-AS1",4,0,2,0.933100215689787,0.933100215689787,0.167066666666667,,FALSE
"XLOC_018948","IDH2",4,0,0,0.564845562985891,0.564845562985891,0.0367999999999999,,FALSE
"XLOC_018949","CIB1",11,0,0,0.0132890041003927,0.0132890041003927,0.0107333333333333,,FALSE
"XLOC_018962","HDDC3",7,0,0,2.17623185935429e-06,2.17623185935429e-06,0.309466666666667,,FALSE
"XLOC_018964","PRC1",59,0,39,0.0279024445578674,0.0279024445578674,0.0585666666666667,,FALSE
"XLOC_018977","FAM174B",13,0,1,0.37193399190684,0.37193399190684,0.209733333333333,,FALSE
"XLOC_019032","TTC23",18,0,3,0.140142039730484,0.140142039730484,0.102833333333333,,FALSE
"XLOC_019035","LINC02244",37,0,37,0.938897714243193,0.938897714243193,0.0513333333333333,,FALSE
"XLOC_019041","LYSMD4",11,0,1,0.618907855076919,0.618907855076919,0.208733333333333,,FALSE
"XLOC_019050","LINS1",16,0,8,0.33008242595384,0.33008242595384,0.0678,,FALSE
"XLOC_019061","SELENOS",7,0,1,0.121594152195759,0.121594152195759,0.0579333333333333,,FALSE
"XLOC_019062","SNRPA1",55,0,25,0.0152496622924327,0.0152496622924327,0.0202,,FALSE
"XLOC_019069","TM2D3",18,0,5,0.430177034389243,0.430177034389243,0.0955333333333334,,FALSE
"XLOC_019095","FAM234A",17,0,4,0.431240824762102,0.431240824762102,0.0335666666666666,,FALSE
"XLOC_019098","NME4",22,0,0,0.25603200804681,0.25603200804681,0.0120666666666667,,FALSE
"XLOC_019101","CAPN15",7,0,0,0.943934918993022,0.943934918993022,0.0529666666666667,,FALSE
"XLOC_019105","NHLRC4",22,0,0,0.522410511382905,0.522410511382905,0.103333333333333,,FALSE
"XLOC_019106","RAB40C",10,0,0,0.336507425162809,0.336507425162809,0.187566666666667,,FALSE
"XLOC_019107","MCRIP2",10,0,2,0.636799021596153,0.636799021596153,0.0511,,FALSE
"XLOC_019108","WDR90",21,0,0,0.0120159092410486,0.0120159092410486,0.192433333333333,,FALSE
"XLOC_019109","RHOT2",24,0,0,0.0511083759626355,0.0511083759626355,0.0868,,FALSE
"XLOC_019112","STUB1",11,0,1,0.642671347415702,0.642671347415702,0.0748333333333333,,FALSE
"XLOC_019115","METRN",5,0,0,0.994185636911808,0.994185636911808,0.144666666666667,,FALSE
"XLOC_019117","HAGHL",14,1,0,0.0456576490752209,0.0456576490752209,0.243466666666667,0.243466666666667,FALSE
"XLOC_019132","UBE2I",24,0,1,0.359030591612936,0.359030591612936,0.0436333333333333,,FALSE
"XLOC_019135","GNPTG",13,0,0,0.627641169848489,0.627641169848489,0.121266666666667,,FALSE
"XLOC_019147","CRAMP1",19,0,1,0.8902751194729,0.8902751194729,0.0559999999999999,,FALSE
"XLOC_019150","MAPK8IP3",16,0,0,0.292957965776121,0.292957965776121,0.134933333333333,,FALSE
"XLOC_019157","NDUFB10",6,0,2,0.00211343957083815,0.00211343957083815,0.107233333333333,,FALSE
"XLOC_019167","TSC2",49,0,1,0.477750722449727,0.477750722449727,0.0441333333333333,,FALSE
"XLOC_019174","TRAF7",6,0,0,0.966820450089774,0.966820450089774,0.0517,,FALSE
"XLOC_019175","MLST8",28,0,0,0.408195139321286,0.408195139321286,0.0685666666666668,,FALSE
"XLOC_019177","E4F1",7,0,0,0.65237471819173,0.65237471819173,0.0731666666666667,,FALSE
"XLOC_019189","TBC1D24",27,0,0,0.662900809399525,0.662900809399525,0.00759999999999994,,FALSE
"XLOC_019198","KCTD5",4,0,1,0.88871718792007,0.88871718792007,0.0845666666666666,,FALSE
"XLOC_019200","SRRM2",30,0,1,0.628559620359243,0.628559620359243,0.0566666666666667,,FALSE
"XLOC_019203","PRSS21",9,0,0,0.898174103246595,0.898174103246595,0.0875333333333333,,FALSE
"XLOC_019204","ZG16B",6,0,0,0.849099780879459,0.849099780879459,0.108966666666667,,FALSE
"XLOC_019206","FLYWCH2",5,0,0,0.99599592947764,0.99599592947764,0.0135,,FALSE
"XLOC_019214","TNFRSF12A",5,0,0,0.00548834726610616,0.00548834726610616,0.0467333333333333,,FALSE
"XLOC_019215","THOC6",11,0,2,0.27160857790895,0.27160857790895,0.0658666666666667,,FALSE
"XLOC_019218","IL32",21,0,2,0.134078757269482,0.134078757269482,0.332566666666667,,FALSE
"XLOC_019221","ZNF205",6,0,0,0.0896660242026801,0.0896660242026801,0.279566666666667,,FALSE
"XLOC_019222","ZNF213",7,0,0,0.887029606951744,0.887029606951744,0.0433,,FALSE
"XLOC_019227","LINC00921",8,0,2,0.0781729379003084,0.0781729379003084,0.0589333333333333,,FALSE
"XLOC_019230","ZNF75A",18,0,10,0.0641184177467088,0.0641184177467088,0.130666666666667,,FALSE
"XLOC_019232","ZNF174",46,0,7,0.233646915351441,0.233646915351441,0.0249333333333333,,FALSE
"XLOC_019243","DNAJA3",17,0,6,0.975748589055726,0.975748589055726,0.0898,,FALSE
"XLOC_019246","HMOX2",17,0,6,0.00125148334542845,0.00125148334542845,0.0698,,FALSE
"XLOC_019255","UBN1",9,0,1,0.127079787771105,0.127079787771105,0.0390666666666667,,FALSE
"XLOC_019256","SEC14L5",20,0,0,0.399734923987825,0.399734923987825,0.100066666666667,,FALSE
"XLOC_019278","METTL22",26,0,6,0.000330796540072762,0.000330796540072762,0.0682666666666667,,FALSE
"XLOC_019281","PMM2",26,0,3,0.497477478249764,0.497477478249764,0.0358666666666666,,FALSE
"XLOC_019286","C16orf72",14,0,12,0.001818912363683,0.001818912363683,0.0926333333333333,,FALSE
"XLOC_019300","NUBP1",9,0,2,0.965702257668466,0.965702257668466,0.0451333333333332,,FALSE
"XLOC_019301","CIITA",17,0,0,0.645802598167567,0.645802598167567,0.0670333333333333,,FALSE
"XLOC_019302","CLEC16A",13,0,1,0.990774899471215,0.990774899471215,0.0576333333333333,,FALSE
"XLOC_019307","RMI2",5,0,0,0.00013463670673919,0.00013463670673919,0.353633333333333,,FALSE
"XLOC_019331","ERCC4",11,0,0,0.82481911277462,0.82481911277462,0.126033333333333,,FALSE
"XLOC_019333","MRTFB",13,0,0,0.495310059204489,0.495310059204489,0.220966666666667,,FALSE
"XLOC_019339","BFAR",21,0,15,0.000672126354810953,0.000672126354810953,0.0870666666666667,,FALSE
"XLOC_019343","NOMO1",14,0,10,0.000401341780583519,0.000401341780583519,0.0945,,FALSE
"XLOC_019347","PKD1P3",10,0,1,0.396873891657914,0.396873891657914,0.0654333333333333,,FALSE
"XLOC_019350","PDXDC1",22,0,10,0.127361116375404,0.127361116375404,0.0596333333333333,,FALSE
"XLOC_019355","MPV17L",11,0,3,0.993393507728989,0.993393507728989,0.1522,,FALSE
"XLOC_019357","NDE1",20,0,4,0.168313982826906,0.168313982826906,0.0878,,FALSE
"XLOC_019360","ABCC1",21,0,12,6.08489714803394e-05,6.08489714803394e-05,0.0740666666666667,,FALSE
"XLOC_019363","NOMO3",29,0,9,0.658504331489263,0.658504331489263,0.0835666666666666,,FALSE
"XLOC_019366","PKD1P1",14,1,0,0.0306774738981218,0.0306774738981218,0.200566666666667,0.200566666666667,FALSE
"XLOC_019369","PKD1P2",4,0,1,0.567630464472902,0.567630464472902,0.165833333333333,,FALSE
"XLOC_019393","COQ7",10,0,1,0.887029606951744,0.887029606951744,0.126233333333333,,FALSE
"XLOC_019395","ITPRIPL2",12,0,3,0.124762818685148,0.124762818685148,0.0931333333333333,,FALSE
"XLOC_019402","CCP110",14,0,2,0.871991849333234,0.871991849333234,0.126333333333333,,FALSE
"XLOC_019403","VPS35L",32,0,17,5.93505719751602e-05,5.93505719751602e-05,0.0747333333333333,,FALSE
"XLOC_019404","IQCK",10,0,3,0.00645491014783097,0.00645491014783097,0.302,,FALSE
"XLOC_019415","REXO5",22,0,11,0.743302606483778,0.743302606483778,0.169266666666667,,FALSE
"XLOC_019417","LYRM1",16,0,6,0.854948680137913,0.854948680137913,0.0632,,FALSE
"XLOC_019420","LDAF1",10,0,4,0.95219004875604,0.95219004875604,0.172933333333333,,FALSE
"XLOC_019431","METTL9",16,0,6,0.480568773010468,0.480568773010468,0.0111,,FALSE
"XLOC_019437","UQCRC2",23,0,15,4.33329681675879e-21,4.33329681675879e-21,0.0558,,FALSE
"XLOC_019442","EEF2K",4,0,1,0.739048155772,0.739048155772,0.135133333333333,,FALSE
"XLOC_019443","POLR3E",15,0,1,0.582955691433821,0.582955691433821,0.122733333333333,,FALSE
"XLOC_019447","SMG1P1",31,0,1,0.0471198382552197,0.0471198382552197,0.0930666666666667,,FALSE
"XLOC_019460","UBFD1",11,1,1,1.29267247992512e-05,1.29267247992512e-05,0.354966666666667,0.354966666666667,FALSE
"XLOC_019463","DCTN5",15,0,10,0.060593238637147,0.060593238637147,0.0972666666666666,,FALSE
"XLOC_019475","RBBP6",13,0,2,0.24903954083879,0.24903954083879,0.056,,FALSE
"XLOC_019483","LCMT1",19,0,13,0.00794313724401501,0.00794313724401501,0.0726666666666667,,FALSE
"XLOC_019495","KDM8",7,0,0,0.962854151602737,0.962854151602737,0.159466666666667,,FALSE
"XLOC_019497","IL4R",18,0,2,0.798336201401047,0.798336201401047,0.0804666666666666,,FALSE
"XLOC_019499","KATNIP",7,0,0,0.61597721721246,0.61597721721246,0.125433333333333,,FALSE
"XLOC_019511","SGF29",6,0,0,0.828484667704454,0.828484667704454,0.0916,,FALSE
"XLOC_019514","EIF3C",16,0,6,0.106965960008012,0.106965960008012,0.0494333333333334,,FALSE
"XLOC_019518","ATXN2L",26,0,0,0.650213856132615,0.650213856132615,0.1181,,FALSE
"XLOC_019519","SH2B1",15,0,0,0.0392189554418574,0.0392189554418574,0.0480666666666667,,FALSE
"XLOC_019522","NFATC2IP",8,0,3,0.832200628308089,0.832200628308089,0.0870666666666667,,FALSE
"XLOC_019523","SPNS1",29,0,4,0.187720007676993,0.187720007676993,0.0256,,FALSE
"XLOC_019525","RRN3P2",8,0,3,0.973598875128766,0.973598875128766,0.194966666666667,,FALSE
"XLOC_019531","SLX1B",10,1,2,0.00132001492472584,0.00132001492472584,0.596833333333333,0.596833333333333,TRUE
"XLOC_019540","KIF22",27,0,4,0.00985293195044762,0.00985293195044762,0.0676666666666667,,FALSE
"XLOC_019541","MAZ",41,0,7,0.000715308339804164,0.000715308339804164,0.0552333333333333,,FALSE
"XLOC_019544","ASPHD1",6,0,1,0.95022954993924,0.95022954993924,0.0775,,FALSE
"XLOC_019546","TMEM219",13,0,8,6.27951608818241e-07,6.27951608818241e-07,0.0712333333333333,,FALSE
"XLOC_019548","INO80E",12,0,0,0.973164590618576,0.973164590618576,0.0297,,FALSE
"XLOC_019550","ALDOA",36,0,23,9.20989819460921e-09,9.20989819460921e-09,0.0117666666666667,,FALSE
"XLOC_019551","PPP4C",14,0,4,0.0298587952034068,0.0298587952034068,0.0692,,FALSE
"XLOC_019555","CORO1A",14,0,4,0.526372580475332,0.526372580475332,0.0471666666666666,,FALSE
"XLOC_019556","SLX1A",20,0,5,0.800587106580306,0.800587106580306,0.101833333333333,,FALSE
"XLOC_019561","CD2BP2-DT",6,0,0,0.00306200363253132,0.00306200363253132,0.109233333333333,,FALSE
"XLOC_019563","MYLPF",3,0,0,0.964340599374598,0.964340599374598,0.0205,,FALSE
"XLOC_019567","ITGAL",33,0,19,0.570408081865177,0.570408081865177,0.0705666666666667,,FALSE
"XLOC_019576","PRR14",12,0,2,0.277402181294213,0.277402181294213,0.0977333333333333,,FALSE
"XLOC_019577","FBRS",8,0,0,0.821372428269314,0.821372428269314,0.0534333333333333,,FALSE
"XLOC_019578","SRCAP",22,0,5,0.45756442839737,0.45756442839737,0.0724666666666667,,FALSE
"XLOC_019580","RNF40",13,0,2,0.336507425162809,0.336507425162809,0.0585,,FALSE
"XLOC_019586","FBXL19",11,0,1,0.55987895955793,0.55987895955793,0.0657666666666667,,FALSE
"XLOC_019589","STX4",20,0,3,0.0782481871589301,0.0782481871589301,0.0306666666666666,,FALSE
"XLOC_019593","ZNF646",4,0,0,0.0519128704551148,0.0519128704551148,0.0721,,FALSE
"XLOC_019596","KAT8",9,0,1,0.448629112741602,0.448629112741602,0.0996,,FALSE
"XLOC_019602","FUS",14,0,2,0.0044013303488413,0.0044013303488413,0.0280666666666666,,FALSE
"XLOC_019606","ITGAM",15,0,7,0.415460821234322,0.415460821234322,0.0368999999999999,,FALSE
"XLOC_019607","ITGAX",24,0,17,0.000807039826667553,0.000807039826667553,0.0587666666666667,,FALSE
"XLOC_019625","ZNF267",10,0,8,0.928354000327583,0.928354000327583,0.0749,,FALSE
"XLOC_019738","ORC6",7,0,1,0.331172820280655,0.331172820280655,0.0849000000000001,,FALSE
"XLOC_019750","PHKB",30,0,15,0.40348011411867,0.40348011411867,0.0341666666666667,,FALSE
"XLOC_019755","LONP2",15,0,9,8.19509857249104e-08,8.19509857249104e-08,0.139033333333333,,FALSE
"XLOC_019780","HEATR3",16,0,4,0.650149225312136,0.650149225312136,0.0625333333333333,,FALSE
"XLOC_019784","TENT4B",5,0,1,0.82397052089862,0.82397052089862,0.0836666666666667,,FALSE
"XLOC_019785","ADCY7",19,0,7,0.0261892521764901,0.0261892521764901,0.0802666666666667,,FALSE
"XLOC_019792","NOD2",9,0,2,0.356275854986688,0.356275854986688,0.0676,,FALSE
"XLOC_019794","CYLD",39,0,28,0.0832833092167101,0.0832833092167101,0.0715333333333333,,FALSE
"XLOC_019805","HNRNPA1P48",2,0,0,0.979166817235739,0.979166817235739,0.00623333333333333,,FALSE
"XLOC_019817","CHD9",20,0,8,0.440876571541762,0.440876571541762,0.0800333333333333,,FALSE
"XLOC_019827","RBL2",17,0,10,0.168472749994243,0.168472749994243,0.187166666666667,,FALSE
"XLOC_019829","FTO",16,0,7,0.0154008654226175,0.0154008654226175,0.119966666666667,,FALSE
"XLOC_019841","MMP2",12,0,6,0.0484182431229947,0.0484182431229947,0.109566666666667,,FALSE
"XLOC_019853","OGFOD1",16,0,7,0.000977217594258365,0.000977217594258365,0.0731666666666667,,FALSE
"XLOC_019856","MT2A",6,0,2,3.0046250841437e-14,3.0046250841437e-14,0.0176333333333333,,FALSE
"XLOC_019857","MT1L",2,0,0,0.0269128265082797,0.0269128265082797,0.0712,,FALSE
"XLOC_019864","MT1F",4,0,1,0.0344976195176517,0.0344976195176517,0.0105333333333333,,FALSE
"XLOC_019867","MT1X",4,0,1,0.82397052089862,0.82397052089862,0.002,,FALSE
"XLOC_019868","NUP93",31,0,18,0.613769785033794,0.613769785033794,0.0633666666666667,,FALSE
"XLOC_019873","HERPUD1",23,0,9,0.000492013689593281,0.000492013689593281,0.0147666666666667,,FALSE
"XLOC_019876","NLRC5",34,0,9,0.120766818549807,0.120766818549807,0.0675666666666666,,FALSE
"XLOC_019877","CPNE2",16,0,8,0.851171108622361,0.851171108622361,0.128066666666667,,FALSE
"XLOC_019880","RSPRY1",18,0,9,0.00866710813128031,0.00866710813128031,0.1041,,FALSE
"XLOC_019881","ARL2BP",8,0,7,0.87192418585468,0.87192418585468,0.1083,,FALSE
"XLOC_019884","CCL22",27,0,27,0.714031978722289,0.714031978722289,0.0950333333333333,,FALSE
"XLOC_019887","COQ9",22,0,3,0.166627620922582,0.166627620922582,0.00879999999999997,,FALSE
"XLOC_019894","KATNB1",9,0,0,0.99220812475676,0.99220812475676,0.0465,,FALSE
"XLOC_019899","USB1",18,0,6,0.247286061386402,0.247286061386402,0.0614,,FALSE
"XLOC_019905","GINS3",4,0,2,0.299956164668091,0.299956164668091,0.0874,,FALSE
"XLOC_019909","SETD6",11,0,0,0.980610112718246,0.980610112718246,0.172133333333333,,FALSE
"XLOC_019943","CKLF",13,0,2,0.982266521621441,0.982266521621441,0.0599333333333333,,FALSE
"XLOC_019946","CMTM3",17,0,4,0.738778988414982,0.738778988414982,0.0595666666666667,,FALSE
"XLOC_019952","PDP2",7,0,0,0.618439074287245,0.618439074287245,0.184033333333333,,FALSE
"XLOC_019953","CES2",16,0,4,0.844365077831274,0.844365077831274,0.0751,,FALSE
"XLOC_019954","CES4A",10,0,0,0.675103075778482,0.675103075778482,0.1282,,FALSE
"XLOC_019956","CBFB",19,0,9,0.0123102296444276,0.0123102296444276,0.0873,,FALSE
"XLOC_019957","PHAF1",20,0,10,0.141954994153853,0.141954994153853,0.1281,,FALSE
"XLOC_019958","FBXL8",31,0,0,0.526601893392099,0.526601893392099,0.100866666666667,,FALSE
"XLOC_019959","NOL3",9,0,0,0.928925245954267,0.928925245954267,0.0796666666666667,,FALSE
"XLOC_019960","E2F4",17,0,4,0.904476053698665,0.904476053698665,0.0218333333333333,,FALSE
"XLOC_019962","TMEM208",11,0,2,0.796813892922501,0.796813892922501,0.00583333333333333,,FALSE
"XLOC_019964","PLEKHG4",14,0,1,0.166016056214353,0.166016056214353,0.110833333333333,,FALSE
"XLOC_019968","RIPOR1",19,0,0,0.334835429330719,0.334835429330719,0.0553333333333333,,FALSE
"XLOC_019969","CTCF",18,0,3,0.0338030215706703,0.0338030215706703,0.160833333333333,,FALSE
"XLOC_019975","NUTF2",10,0,4,0.0547467614883,0.0547467614883,0.0688666666666667,,FALSE
"XLOC_019976","EDC4",16,0,2,0.652672939760086,0.652672939760086,0.0454666666666667,,FALSE
"XLOC_019978","DUS2",29,0,6,0.07509280592862,0.07509280592862,0.123266666666667,,FALSE
"XLOC_019983","PLA2G15",18,0,11,0.713235351448774,0.713235351448774,0.0374666666666667,,FALSE
"XLOC_019984","SLC7A6",10,0,1,0.58615161941788,0.58615161941788,0.148966666666667,,FALSE
"XLOC_019985","PRMT7",36,0,4,0.766172996387615,0.766172996387615,0.0686333333333333,,FALSE
"XLOC_019989","ZFP90",14,0,2,0.971746064594015,0.971746064594015,0.126,,FALSE
"XLOC_020002","UTP4",16,0,7,0.622147541369284,0.622147541369284,0.0810666666666667,,FALSE
"XLOC_020006","NIP7",9,0,4,0.0264596273231185,0.0264596273231185,0.143033333333333,,FALSE
"XLOC_020007","CYB5B",20,0,7,0.809621853171635,0.809621853171635,0.0255,,FALSE
"XLOC_020008","NFAT5",13,0,3,0.0146265906399934,0.0146265906399934,0.0949333333333333,,FALSE
"XLOC_020012","WWP2",18,0,7,0.989191405691663,0.989191405691663,0.0431333333333333,,FALSE
"XLOC_020021","DDX19B",37,0,16,0.300258156463512,0.300258156463512,0.0721,,FALSE
"XLOC_020023","FCSK",11,0,2,0.870094003968095,0.870094003968095,0.0404,,FALSE
"XLOC_020024","SF3B3",37,0,26,0.00159003702518248,0.00159003702518248,0.0381,,FALSE
"XLOC_020050","ATXN1L",39,0,21,0.130300944763343,0.130300944763343,0.0509333333333333,,FALSE
"XLOC_020057","DHX38",17,0,3,0.0976885909026065,0.0976885909026065,0.0461333333333334,,FALSE
"XLOC_020080","PSMD7",10,0,6,0.0563992220873204,0.0563992220873204,0.0137666666666667,,FALSE
"XLOC_020089","ZNRF1",12,0,1,0.890249321587228,0.890249321587228,0.266433333333333,,FALSE
"XLOC_020091","ZFP1",8,0,0,0.233839138661951,0.233839138661951,0.302633333333333,,FALSE
"XLOC_020096","GABARAPL2",7,0,3,0.604327730210137,0.604327730210137,0.0172333333333333,,FALSE
"XLOC_020105","MON1B",13,0,1,0.82397052089862,0.82397052089862,0.0518333333333333,,FALSE
"XLOC_020111","NUDT7",9,0,4,0.735895858034339,0.735895858034339,0.132566666666667,,FALSE
"XLOC_020117","WWOX",19,0,0,0.355070567323014,0.355070567323014,0.0957333333333333,,FALSE
"XLOC_020141","CENPN",18,0,10,0.801068538216376,0.801068538216376,0.0431333333333334,,FALSE
"XLOC_020142","ATMIN",5,0,0,0.90620940734232,0.90620940734232,0.0588000000000001,,FALSE
"XLOC_020149","CMIP",7,0,0,0.828895180038937,0.828895180038937,0.150133333333333,,FALSE
"XLOC_020155","PLCG2",22,0,6,0.432517755450743,0.432517755450743,0.0418666666666667,,FALSE
"XLOC_020166","HSBP1",22,0,1,0.16076792662076,0.16076792662076,0.0758666666666667,,FALSE
"XLOC_020171","DNAAF1",7,0,2,0.0497863466243714,0.0497863466243714,0.166166666666667,,FALSE
"XLOC_020177","KLHL36",6,0,0,0.679544764634978,0.679544764634978,0.1529,,FALSE
"XLOC_020178","USP10",28,1,19,1.60688642534409e-16,1.60688642534409e-16,0.301533333333333,0.301533333333333,TRUE
"XLOC_020194","COX4I1",22,0,11,4.56173076742839e-22,4.56173076742839e-22,0.0333,,FALSE
"XLOC_020198","IRF8",18,0,5,0.729066317710545,0.729066317710545,0.0544666666666667,,FALSE
"XLOC_020227","MAP1LC3B",7,0,1,5.83587912345695e-05,5.83587912345695e-05,0.0114666666666667,,FALSE
"XLOC_020234","BANP",18,0,0,0.0744795773846612,0.0744795773846612,0.0712333333333334,,FALSE
"XLOC_020245","SNAI3-AS1",14,0,0,0.568753092971289,0.568753092971289,0.1079,,FALSE
"XLOC_020247","CTU2",9,0,0,0.355070567323014,0.355070567323014,0.0403,,FALSE
"XLOC_020252","CDT1",3,0,0,0.155050069214868,0.155050069214868,0.246233333333333,,FALSE
"XLOC_020253","TRAPPC2L",18,0,3,0.604117032237397,0.604117032237397,0.0204333333333333,,FALSE
"XLOC_020257","ACSF3",19,0,1,0.517126453225287,0.517126453225287,0.148433333333333,,FALSE
"XLOC_020260","ZNF778",8,0,2,0.212193343418807,0.212193343418807,0.225633333333333,,FALSE
"XLOC_020267","SPG7",63,0,3,0.265753578241888,0.265753578241888,0.155333333333333,,FALSE
"XLOC_020268","RPL13",17,0,2,0.186769818991386,0.186769818991386,0.132366666666667,,FALSE
"XLOC_020272","CDK10",22,0,4,0.194300587845544,0.194300587845544,0.222633333333333,,FALSE
"XLOC_020274","ZNF276",12,0,0,0.82397052089862,0.82397052089862,0.0749666666666667,,FALSE
"XLOC_020276","TCF25",39,0,4,0.00662504421105258,0.00662504421105258,0.0323333333333334,,FALSE
"XLOC_020277","DEF8",21,0,2,0.791152865316287,0.791152865316287,0.0976333333333333,,FALSE
"XLOC_020278","AFG3L1P",21,0,2,0.102448871688776,0.102448871688776,0.1334,,FALSE
"XLOC_020283","FAM157C",13,0,1,0.339443559820873,0.339443559820873,0.0770333333333333,,FALSE
"XLOC_020287","RHBDF1",9,0,1,0.81649905074274,0.81649905074274,0.0361666666666667,,FALSE
"XLOC_020288","NPRL3",9,0,0,0.925728437337358,0.925728437337358,0.140133333333333,,FALSE
"XLOC_020290","LUC7L",18,0,2,0.243767644282734,0.243767644282734,0.108266666666667,,FALSE
"XLOC_020293","MRPL28",15,0,0,0.695922782606947,0.695922782606947,0.0819666666666667,,FALSE
"XLOC_020298","METTL26",15,0,1,0.901161895113771,0.901161895113771,0.106333333333333,,FALSE
"XLOC_020302","JMJD8",15,0,0,0.130873538399626,0.130873538399626,0.0629666666666667,,FALSE
"XLOC_020303","WDR24",4,0,0,0.966008606456791,0.966008606456791,0.0619666666666666,,FALSE
"XLOC_020307","CIAO3",19,0,3,0.579636650255552,0.579636650255552,0.141833333333333,,FALSE
"XLOC_020312","LMF1",21,0,0,0.663497206481048,0.663497206481048,0.238966666666667,,FALSE
"XLOC_020335","C16orf91",2,0,1,0.995099534225578,0.995099534225578,0.106233333333333,,FALSE
"XLOC_020337","CLCN7",15,0,1,0.0413669682408335,0.0413669682408335,0.0544333333333333,,FALSE
"XLOC_020340","IFT140",11,0,4,0.462102361589374,0.462102361589374,0.2523,,FALSE
"XLOC_020346","MRPS34",3,0,0,0.760120184758772,0.760120184758772,0.117733333333333,,FALSE
"XLOC_020348","HAGH",12,0,1,0.780562612324333,0.780562612324333,0.0252333333333334,,FALSE
"XLOC_020354","RPS2",21,0,6,0.155050069214868,0.155050069214868,0.124766666666667,,FALSE
"XLOC_020358","ZNF598",7,0,0,0.0739890228270617,0.0739890228270617,0.0928,,FALSE
"XLOC_020359","NTHL1",6,0,0,0.997587121779415,0.997587121779415,0.2936,,FALSE
"XLOC_020360","PKD1",22,0,0,0.0432355059032452,0.0432355059032452,0.0754666666666667,,FALSE
"XLOC_020369","ECI1",7,0,0,0.910838644066982,0.910838644066982,0.1555,,FALSE
"XLOC_020370","RNPS1",21,0,6,0.526480244646634,0.526480244646634,0.0638333333333334,,FALSE
"XLOC_020388","ERVK13-1",29,0,3,0.941898301880717,0.941898301880717,0.0852666666666667,,FALSE
"XLOC_020395","PRSS30P",8,0,0,0.800546003070173,0.800546003070173,0.305,,FALSE
"XLOC_020401","PKMYT1",18,0,0,0.00815342798098878,0.00815342798098878,0.124433333333333,,FALSE
"XLOC_020405","HCFC1R1",7,0,1,0.8735760369743,0.8735760369743,0.0786,,FALSE
"XLOC_020408","XLOC_020408",7,0,4,0.0148962710965299,0.0148962710965299,0.1312,,FALSE
"XLOC_020410","ZNF213-AS1",23,0,0,0.524314576777056,0.524314576777056,0.192566666666667,,FALSE
"XLOC_020413","ZNF200",17,0,8,0.229141498605787,0.229141498605787,0.1985,,FALSE
"XLOC_020421","ZSCAN32",24,0,17,0.0167491694880198,0.0167491694880198,0.1499,,FALSE
"XLOC_020428","TRAP1",19,0,6,0.553544518217145,0.553544518217145,0.0620666666666667,,FALSE
"XLOC_020429","CREBBP",11,1,0,0.0132653436057147,0.0132653436057147,0.165733333333333,0.165733333333333,FALSE
"XLOC_020437","PAM16",36,0,2,0.0342627519145193,0.0342627519145193,0.0155333333333333,,FALSE
"XLOC_020442","NMRAL1",18,0,6,0.909331172411464,0.909331172411464,0.0958666666666667,,FALSE
"XLOC_020443","CDIP1",9,0,0,0.890249321587228,0.890249321587228,0.0202,,FALSE
"XLOC_020447","UBALD1",8,0,0,0.0631998271808649,0.0631998271808649,0.0832333333333334,,FALSE
"XLOC_020450","ANKS3",26,0,0,0.429527101883307,0.429527101883307,0.118666666666667,,FALSE
"XLOC_020453","GLYR1",20,0,11,3.6595254437781e-05,3.6595254437781e-05,0.1288,,FALSE
"XLOC_020456","NAGPA",12,0,0,0.373364972529335,0.373364972529335,0.0304,,FALSE
"XLOC_020459","EEF2KMT",8,0,2,0.746110859802663,0.746110859802663,0.1531,,FALSE
"XLOC_020480","CARHSP1",11,0,1,0.489924841498024,0.489924841498024,0.0508666666666667,,FALSE
"XLOC_020481","USP7",26,0,13,0.000625609127725201,0.000625609127725201,0.0361,,FALSE
"XLOC_020494","EMP2",3,0,0,0.558119253667484,0.558119253667484,0.488133333333333,,FALSE
"XLOC_020520","LITAF",33,0,19,0.172466419477123,0.172466419477123,0.0340333333333334,,FALSE
"XLOC_020521","TXNDC11",9,0,3,9.9502405773785e-06,9.9502405773785e-06,0.0858666666666666,,FALSE
"XLOC_020522","ZC3H7A",21,0,7,0.0113026779674237,0.0113026779674237,0.0789333333333333,,FALSE
"XLOC_020525","RSL1D1",21,0,14,0.811809377142097,0.811809377142097,0.0394333333333333,,FALSE
"XLOC_020526","GSPT1",18,0,10,0.777987597090735,0.777987597090735,0.0694,,FALSE
"XLOC_020538","CPPED1",7,0,4,0.69854923191252,0.69854923191252,0.0433666666666667,,FALSE
"XLOC_020545","LINC02185",7,0,3,0.797419645511279,0.797419645511279,0.243433333333333,,FALSE
"XLOC_020550","PARN",30,0,12,0.801351526909257,0.801351526909257,0.105933333333333,,FALSE
"XLOC_020565","NTAN1",15,0,5,0.448871529067212,0.448871529067212,0.133033333333333,,FALSE
"XLOC_020566","RRN3",11,0,9,0.0123710404910309,0.0123710404910309,0.1108,,FALSE
"XLOC_020567","NPIPP1",11,0,0,0.914566395027668,0.914566395027668,0.072,,FALSE
"XLOC_020571","MARF1",17,0,5,0.89616090090945,0.89616090090945,0.067,,FALSE
"XLOC_020574","CEP20",14,0,9,0.163778294300473,0.163778294300473,0.0777666666666667,,FALSE
"XLOC_020590","XYLT1",7,0,3,0.885370554015519,0.885370554015519,0.0674333333333333,,FALSE
"XLOC_020597","NPIPA8",8,0,0,0.0595107614330632,0.0595107614330632,0.127233333333333,,FALSE
"XLOC_020599","NPIPA9",16,0,4,0.000996257861630648,0.000996257861630648,0.1344,,FALSE
"XLOC_020605","NOMO2",27,0,20,0.00129254312238965,0.00129254312238965,0.125966666666667,,FALSE
"XLOC_020609","RPS15A",30,0,13,0.0393581249150714,0.0393581249150714,0.0744333333333333,,FALSE
"XLOC_020610","SMG1",13,0,2,0.742105965414482,0.742105965414482,0.0692,,FALSE
"XLOC_020635","THUMPD1",7,0,0,0.853113859255801,0.853113859255801,0.0338,,FALSE
"XLOC_020637","ERI2",23,0,8,0.382010394501565,0.382010394501565,0.181933333333333,,FALSE
"XLOC_020641","NPIPB3",18,0,1,0.0803047267758308,0.0803047267758308,0.0427666666666667,,FALSE
"XLOC_020646","IGSF6",23,0,23,0.278496370064632,0.278496370064632,0.0433333333333333,,FALSE
"XLOC_020648","NPIPB4",22,1,0,0.0236272122002391,0.0236272122002391,0.156133333333333,0.156133333333333,FALSE
"XLOC_020656","CDR2",10,0,2,0.0557940603027727,0.0557940603027727,0.1055,,FALSE
"XLOC_020664","COG7",6,0,1,0.507587936187406,0.507587936187406,0.0828,,FALSE
"XLOC_020667","GGA2",31,0,12,0.0107955275011092,0.0107955275011092,0.103366666666667,,FALSE
"XLOC_020668","NDUFAB1",5,0,1,0.60942635089997,0.60942635089997,0.00373333333333333,,FALSE
"XLOC_020669","PALB2",10,1,5,0.000632070999755175,0.000632070999755175,0.1866,0.1866,TRUE
"XLOC_020679","ARHGAP17",17,0,1,0.322021658145474,0.322021658145474,0.0515666666666667,,FALSE
"XLOC_020697","NSMCE1",14,0,6,0.901348613542279,0.901348613542279,0.0192666666666667,,FALSE
"XLOC_020700","GTF3C1",11,0,0,0.950281774231946,0.950281774231946,0.0807333333333333,,FALSE
"XLOC_020705","XPO6",26,0,7,7.39519508243623e-09,7.39519508243623e-09,0.0891666666666667,,FALSE
"XLOC_020713","NPIPB7",60,0,4,0.191503502978041,0.191503502978041,0.0530666666666667,,FALSE
"XLOC_020715","NUPR1",20,0,2,0.320481542691801,0.320481542691801,0.2009,,FALSE
"XLOC_020727","TUFM",9,0,7,0.210923762457249,0.210923762457249,0.0908,,FALSE
"XLOC_020731","RABEP2",11,0,0,0.63092122566261,0.63092122566261,0.0732333333333333,,FALSE
"XLOC_020742","SMG1P6",20,0,14,0.0369120035212861,0.0369120035212861,0.0144666666666667,,FALSE
"XLOC_020744","NPIPB12",8,0,0,0.0424285757868323,0.0424285757868323,0.120666666666667,,FALSE
"XLOC_020753","CDIPT",10,0,0,0.917967344790531,0.917967344790531,0.106166666666667,,FALSE
"XLOC_020754","SEZ6L2",9,0,2,0.968190480968124,0.968190480968124,0.117433333333333,,FALSE
"XLOC_020755","KCTD13",9,0,0,0.157875941724893,0.157875941724893,0.0333333333333333,,FALSE
"XLOC_020757","HIRIP3",8,0,6,0.740287033947523,0.740287033947523,0.0578,,FALSE
"XLOC_020762","YPEL3",9,0,0,0.98902401335809,0.98902401335809,0.0872999999999999,,FALSE
"XLOC_020764","MAPK3",12,0,0,1.09293971454277e-06,1.09293971454277e-06,0.1137,,FALSE
"XLOC_020766","BOLA2B",3,0,0,0.519207634272246,0.519207634272246,0.2001,,FALSE
"XLOC_020767","XLOC_020767",6,0,0,0.528900389359282,0.528900389359282,0.2044,,FALSE
"XLOC_020770","CD2BP2",4,0,2,0.65295163733414,0.65295163733414,0.0798,,FALSE
"XLOC_020771","TBC1D10B",7,0,0,0.676437077997528,0.676437077997528,0.0411999999999999,,FALSE
"XLOC_020781","ZNF768",6,0,1,0.998259432595307,0.998259432595307,0.0583333333333333,,FALSE
"XLOC_020783","ZNF764",3,0,0,0.272249044142897,0.272249044142897,0.146666666666667,,FALSE
"XLOC_020787","ZNF689",5,0,0,0.900845254981573,0.900845254981573,0.0940666666666666,,FALSE
"XLOC_020805","ZNF668",6,0,0,0.981303031588092,0.981303031588092,0.0900666666666667,,FALSE
"XLOC_020809","PRSS36",8,0,0,0.617421098374024,0.617421098374024,0.151766666666667,,FALSE
"XLOC_020811","PYCARD",4,0,0,0.916698594266556,0.916698594266556,0.0163000000000001,,FALSE
"XLOC_020820","RUSF1",9,0,1,0.471951008512808,0.471951008512808,0.0546,,FALSE
"XLOC_020922","SHCBP1",9,0,3,0.974516085232576,0.974516085232576,0.0739,,FALSE
"XLOC_020925","VPS35",22,0,11,0.0182073342695219,0.0182073342695219,0.0646,,FALSE
"XLOC_020931","NETO2",8,0,3,0.613029441719917,0.613029441719917,0.0575333333333333,,FALSE
"XLOC_020933","ITFG1",17,0,10,0.0329262841723213,0.0329262841723213,0.0676666666666667,,FALSE
"XLOC_020946","SIAH1",7,0,2,0.310428468581841,0.310428468581841,0.122333333333333,,FALSE
"XLOC_020967","BRD7",15,0,8,0.442259888326946,0.442259888326946,0.0582333333333333,,FALSE
"XLOC_020971","SNX20",4,0,0,0.778668427603964,0.778668427603964,0.0677333333333333,,FALSE
"XLOC_021021","CES1",16,0,11,0.70396242916426,0.70396242916426,0.0177,,FALSE
"XLOC_021027","AMFR",16,0,9,0.513961461164982,0.513961461164982,0.0521666666666667,,FALSE
"XLOC_021028","NUDT21",58,0,8,0.452701293734568,0.452701293734568,0.0592333333333333,,FALSE
"XLOC_021036","PSME3IP1",22,0,2,0.00446314429667712,0.00446314429667712,0.0917,,FALSE
"XLOC_021040","CIAPIN1",19,0,10,0.820106857311344,0.820106857311344,0.0627666666666666,,FALSE
"XLOC_021046","KIFC3",26,0,0,0.413503757997194,0.413503757997194,0.0568,,FALSE
"XLOC_021062","CNOT1",49,0,34,3.13460934690975e-05,3.13460934690975e-05,0.055,,FALSE
"XLOC_021066","SLC38A7",15,0,0,0.365757818138041,0.365757818138041,0.0938,,FALSE
"XLOC_021101","BEAN1-AS1",26,0,0,0.098742844020025,0.098742844020025,0.0817333333333333,,FALSE
"XLOC_021104","CMTM4",5,0,1,0.820643142147195,0.820643142147195,0.0849666666666667,,FALSE
"XLOC_021105","DYNC1LI2",15,0,3,0.382579380407959,0.382579380407959,0.1027,,FALSE
"XLOC_021107","NAE1",20,0,5,0.859464472015308,0.859464472015308,0.0798333333333333,,FALSE
"XLOC_021111","RRAD",4,0,0,0.964340599374598,0.964340599374598,0.127466666666667,,FALSE
"XLOC_021112","CIAO2B",5,0,1,0.921820508941767,0.921820508941767,0.0132,,FALSE
"XLOC_021117","TRADD",5,0,0,0.00115713068706335,0.00115713068706335,0.0704666666666667,,FALSE
"XLOC_021118","KIAA0895L",12,0,0,0.60340979661209,0.60340979661209,0.116433333333333,,FALSE
"XLOC_021122","LRRC29",10,0,0,0.985826372038898,0.985826372038898,0.152333333333333,,FALSE
"XLOC_021123","FHOD1",10,0,0,0.391983669744991,0.391983669744991,0.0870666666666666,,FALSE
"XLOC_021128","ATP6V0D1",18,0,7,0.934577872492267,0.934577872492267,0.0571666666666667,,FALSE
"XLOC_021137","ACD",26,0,0,0.798632988688063,0.798632988688063,0.134433333333333,,FALSE
"XLOC_021138","ENKD1",5,0,0,0.230750991612658,0.230750991612658,0.2788,,FALSE
"XLOC_021139","GFOD2",7,0,0,0.0309435226259155,0.0309435226259155,0.1054,,FALSE
"XLOC_021140","RANBP10",7,0,1,0.0952797460620074,0.0952797460620074,0.101733333333333,,FALSE
"XLOC_021143","CENPT",20,0,1,0.76945576963026,0.76945576963026,0.167533333333333,,FALSE
"XLOC_021145","CTRL",14,0,3,0.442101318862511,0.442101318862511,0.0125666666666667,,FALSE
"XLOC_021146","LCAT",25,0,2,0.417101413797234,0.417101413797234,0.112566666666667,,FALSE
"XLOC_021148","DPEP2",13,0,6,0.180475532198711,0.180475532198711,0.121066666666667,,FALSE
"XLOC_021160","SLC7A6OS",5,0,0,0.67950682898351,0.67950682898351,0.0445666666666666,,FALSE
"XLOC_021177","DERPC",10,0,3,0.081672464347164,0.081672464347164,0.0598333333333333,,FALSE
"XLOC_021179","COG8",22,0,3,0.910578944282587,0.910578944282587,0.115366666666667,,FALSE
"XLOC_021182","NQO1",9,0,6,0.24303799346751,0.24303799346751,0.0452666666666667,,FALSE
"XLOC_021183","NOB1",10,0,7,0.149133662027924,0.149133662027924,0.1228,,FALSE
"XLOC_021186","PDXDC2P-NPIPB14P",14,0,2,0.212193343418807,0.212193343418807,0.117,,FALSE
"XLOC_021189","SMG1P7",10,0,5,0.718332828632658,0.718332828632658,0.0745666666666667,,FALSE
"XLOC_021190","AARS1",38,0,12,0.0596973024224996,0.0596973024224996,0.0318666666666667,,FALSE
"XLOC_021196","COG4",24,0,14,0.82397052089862,0.82397052089862,0.114766666666667,,FALSE
"XLOC_021198","VAC14",13,0,1,0.0037750592236141,0.0037750592236141,0.0106333333333333,,FALSE
"XLOC_021205","ZNF23",21,0,0,0.573029009681278,0.573029009681278,0.0837,,FALSE
"XLOC_021212","AP1G1",26,0,10,0.653453124562582,0.653453124562582,0.116466666666667,,FALSE
"XLOC_021215","ZNF821",15,0,0,0.53879752454115,0.53879752454115,0.227,,FALSE
"XLOC_021221","TXNL4B",6,0,5,0.445238220570942,0.445238220570942,0.201466666666667,,FALSE
"XLOC_021222","PMFBP1",13,0,8,0.87050986753552,0.87050986753552,0.1179,,FALSE
"XLOC_021236","PDPR2P",10,0,0,0.88082385275768,0.88082385275768,0.0615333333333333,,FALSE
"XLOC_021240","GLG1",21,0,10,0.0237346455323833,0.0237346455323833,0.0625333333333333,,FALSE
"XLOC_021243","RFWD3",15,0,9,0.048010560107442,0.048010560107442,0.0869666666666667,,FALSE
"XLOC_021244","MLKL",10,0,5,0.824435938757981,0.824435938757981,0.0616333333333334,,FALSE
"XLOC_021246","WDR59",14,0,0,0.991354803811068,0.991354803811068,0.1096,,FALSE
"XLOC_021248","LDHD",4,0,0,0.993770723444116,0.993770723444116,0.0945,,FALSE
"XLOC_021251","BCAR1",16,0,0,0.807400571109073,0.807400571109073,0.0896333333333333,,FALSE
"XLOC_021253","CFDP1",26,0,9,0.0159193126514274,0.0159193126514274,0.0777333333333333,,FALSE
"XLOC_021260","CHST5",22,0,2,0.249900133622473,0.249900133622473,0.0783,,FALSE
"XLOC_021262","KARS1",31,0,21,0.524362287784521,0.524362287784521,0.0602,,FALSE
"XLOC_021303","ARLNC1",50,0,11,0.0113424068570997,0.0113424068570997,0.0725666666666667,,FALSE
"XLOC_021315","MPHOSPH6",10,0,3,0.208539232434197,0.208539232434197,0.0249666666666667,,FALSE
"XLOC_021329","MBTPS1",22,0,7,0.0700262279194607,0.0700262279194607,0.0583,,FALSE
"XLOC_021331","HSDL1",9,0,2,0.389588972833342,0.389588972833342,0.0580333333333334,,FALSE
"XLOC_021332","TAF1C",15,0,0,0.690038176727535,0.690038176727535,0.0764666666666667,,FALSE
"XLOC_021340","MEAK7",9,0,0,0.653529447806437,0.653529447806437,0.1883,,FALSE
"XLOC_021341","COTL1",6,0,1,0.965542362006125,0.965542362006125,0.0109666666666667,,FALSE
"XLOC_021345","ZDHHC7",6,0,0,0.585802107375098,0.585802107375098,0.0366333333333333,,FALSE
"XLOC_021373","MTHFSD",18,0,1,0.91416483640728,0.91416483640728,0.0721666666666667,,FALSE
"XLOC_021380","C16orf95",13,0,0,0.981303031588092,0.981303031588092,0.0596,,FALSE
"XLOC_021383","ZCCHC14",5,0,1,0.253164426926404,0.253164426926404,0.2073,,FALSE
"XLOC_021388","KLHDC4",17,0,0,0.342323559952707,0.342323559952707,0.0866333333333333,,FALSE
"XLOC_021392","SLC7A5",3,0,0,0.978557345216571,0.978557345216571,0.0287999999999999,,FALSE
"XLOC_021402","CYBA",17,0,1,0.0252918888781387,0.0252918888781387,0.019,,FALSE
"XLOC_021403","MVD",16,0,0,0.267840151873951,0.267840151873951,0.0157,,FALSE
"XLOC_021405","RNF166",9,0,0,0.978134688281697,0.978134688281697,0.0756666666666667,,FALSE
"XLOC_021407","PIEZO1",15,0,0,0.0385672805669789,0.0385672805669789,0.0285333333333333,,FALSE
"XLOC_021409","APRT",10,0,1,0.224646649048194,0.224646649048194,0.0279333333333334,,FALSE
"XLOC_021410","GALNS",13,0,1,0.767196071737796,0.767196071737796,0.0175666666666666,,FALSE
"XLOC_021419","ANKRD11",35,0,0,0.0936127748272933,0.0936127748272933,0.0775,,FALSE
"XLOC_021422","CHMP1A",22,0,0,0.126344431123334,0.126344431123334,0.0128666666666667,,FALSE
"XLOC_021425","VPS9D1",6,0,0,0.614348831215151,0.614348831215151,0.0898666666666667,,FALSE
"XLOC_021426","FANCA",36,0,5,0.0180257893986304,0.0180257893986304,0.1164,,FALSE
"XLOC_021446","TLCD3A",7,0,1,0.0262023811047537,0.0262023811047537,0.149366666666667,,FALSE
"XLOC_021462","WDR81",11,0,0,0.847861407170587,0.847861407170587,0.0395,,FALSE
"XLOC_021464","SERPINF1",9,0,4,0.838483407557219,0.838483407557219,0.0976666666666667,,FALSE
"XLOC_021465","RPA1",17,0,12,1.29900432694659e-07,1.29900432694659e-07,0.0671666666666667,,FALSE
"XLOC_021468","DPH1",15,0,1,0.00118470314396657,0.00118470314396657,0.101166666666667,,FALSE
"XLOC_021479","SGSM2",13,0,0,0.943594548664756,0.943594548664756,0.0413666666666666,,FALSE
"XLOC_021481","PAFAH1B1",31,0,3,4.27725284540029e-06,4.27725284540029e-06,0.115366666666667,,FALSE
"XLOC_021496","CTNS",16,0,5,0.65739069507747,0.65739069507747,0.0675000000000001,,FALSE
"XLOC_021516","ARRB2",22,0,3,0.0256996638183439,0.0256996638183439,0.0611666666666666,,FALSE
"XLOC_021517","MED11",4,0,0,0.608351274515893,0.608351274515893,0.0137,,FALSE
"XLOC_021518","ZMYND15",6,0,0,0.202285159796725,0.202285159796725,0.223366666666667,,FALSE
"XLOC_021521","PSMB6",7,0,2,0.805076087452607,0.805076087452607,0.00790000000000002,,FALSE
"XLOC_021522","PLD2",15,0,2,0.9839125637524,0.9839125637524,0.0680666666666667,,FALSE
"XLOC_021523","MINK1",13,0,0,0.578504485239852,0.578504485239852,0.0432666666666667,,FALSE
"XLOC_021527","RNF167",17,0,3,0.200105431915137,0.200105431915137,0.0955333333333334,,FALSE
"XLOC_021528","ENO3",14,0,3,0.977415001189189,0.977415001189189,0.140866666666667,,FALSE
"XLOC_021533","KIF1C",4,1,0,1.06187727250743e-11,1.06187727250743e-11,0.292433333333333,0.292433333333333,FALSE
"XLOC_021536","ZNF232-AS1",4,0,0,0.161336457303487,0.161336457303487,0.0544333333333333,,FALSE
"XLOC_021539","RABEP1",16,0,9,0.0734176647472258,0.0734176647472258,0.0945,,FALSE
"XLOC_021540","RPAIN",15,0,0,0.942659169613354,0.942659169613354,0.0267,,FALSE
"XLOC_021547","PIMREG",8,0,0,0.879706368865408,0.879706368865408,0.2336,,FALSE
"XLOC_021549","TXNDC17",8,0,2,0.556642926069067,0.556642926069067,0.0212666666666667,,FALSE
"XLOC_021553","XAF1",25,0,9,0.30770028610636,0.30770028610636,0.0851,,FALSE
"XLOC_021557","RNASEK",23,0,3,0.165964215323537,0.165964215323537,0.00876666666666667,,FALSE
"XLOC_021563","ACADVL",44,0,9,0.00102809061890275,0.00102809061890275,0.0763333333333333,,FALSE
"XLOC_021565","ELP5",15,0,2,0.00299950702411225,0.00299950702411225,0.122433333333333,,FALSE
"XLOC_021567","EIF5A",11,0,1,0.884909351180355,0.884909351180355,0.0259666666666667,,FALSE
"XLOC_021569","ACAP1",10,0,0,0.277387474227359,0.277387474227359,0.147433333333333,,FALSE
"XLOC_021578","POLR2A",9,0,1,0.680672420797455,0.680672420797455,0.102333333333333,,FALSE
"XLOC_021579","TNFSF12",14,0,1,0.111958035778974,0.111958035778974,0.0193333333333333,,FALSE
"XLOC_021580","SENP3",84,0,30,0.00991138349958406,0.00991138349958406,0.0224,,FALSE
"XLOC_021583","WRAP53",11,0,2,0.951533463995647,0.951533463995647,0.311166666666667,,FALSE
"XLOC_021587","KDM6B",5,0,0,0.853947854311984,0.853947854311984,0.1263,,FALSE
"XLOC_021590","CYB5D1",7,0,4,0.9659375568828,0.9659375568828,0.0556,,FALSE
"XLOC_021591","CHD3",17,0,0,0.466740254399734,0.466740254399734,0.113433333333333,,FALSE
"XLOC_021593","CNTROB",14,0,1,0.477092309863507,0.477092309863507,0.0339333333333333,,FALSE
"XLOC_021596","ALOX15B",3,0,0,0.986958710691666,0.986958710691666,0.1714,,FALSE
"XLOC_021603","PFAS",10,0,1,0.366405889398589,0.366405889398589,0.0981333333333333,,FALSE
"XLOC_021605","RANGRF",6,0,0,0.347904939027939,0.347904939027939,0.0641666666666667,,FALSE
"XLOC_021612","NDEL1",17,0,0,0.313235262275813,0.313235262275813,0.0213333333333333,,FALSE
"XLOC_021616","PIK3R5-DT",2,0,1,0.739697260841011,0.739697260841011,0.0117666666666667,,FALSE
"XLOC_021632","ADPRM",4,0,0,0.931505087808958,0.931505087808958,0.136233333333333,,FALSE
"XLOC_021639","MAP2K4",8,0,1,0.976806550621302,0.976806550621302,0.0807,,FALSE
"XLOC_021649","COX10",7,0,1,0.916485893703757,0.916485893703757,0.0123,,FALSE
"XLOC_021651","HS3ST3B1",4,0,2,0.787877698379739,0.787877698379739,0.0426333333333334,,FALSE
"XLOC_021669","ZNF286A",18,0,1,0.146472842278068,0.146472842278068,0.2478,,FALSE
"XLOC_021678","TTC19",14,0,4,0.942927455991853,0.942927455991853,0.0497,,FALSE
"XLOC_021683","PIGL",16,0,4,0.259647105635135,0.259647105635135,0.182466666666667,,FALSE
"XLOC_021685","UBB",9,0,4,0.022216757206262,0.022216757206262,0.0165333333333333,,FALSE
"XLOC_021687","TRPV2",28,0,20,0.0223405301989807,0.0223405301989807,0.0368333333333333,,FALSE
"XLOC_021688","SNHG29",47,0,0,0.00223795311551757,0.00223795311551757,0.0546,,FALSE
"XLOC_021700","MPRIP",16,0,2,0.798632988688063,0.798632988688063,0.0490333333333333,,FALSE
"XLOC_021710","MED9",5,0,0,0.82397052089862,0.82397052089862,0.0124333333333333,,FALSE
"XLOC_021724","DRG2",18,0,3,0.0245684416181212,0.0245684416181212,0.0505333333333333,,FALSE
"XLOC_021726","ALKBH5",4,0,1,0.98316322959659,0.98316322959659,0.160566666666667,,FALSE
"XLOC_021728","MIEF2",6,0,0,0.990358548317707,0.990358548317707,0.126133333333333,,FALSE
"XLOC_021747","TRIM16L",13,0,1,0.555984291187585,0.555984291187585,0.0911333333333333,,FALSE
"XLOC_021749","TVP23B",12,0,6,0.618500013023987,0.618500013023987,0.0843,,FALSE
"XLOC_021751","PRPSAP2",24,0,5,0.44808101249557,0.44808101249557,0.1199,,FALSE
"XLOC_021767","EPN2",16,0,0,0.968454837350253,0.968454837350253,0.177033333333333,,FALSE
"XLOC_021769","MAPK7",16,0,1,0.804374375910773,0.804374375910773,0.0868333333333333,,FALSE
"XLOC_021774","SLC47A1",13,0,2,0.513772136771382,0.513772136771382,0.0998333333333333,,FALSE
"XLOC_021784","ALDH3A2",42,0,7,0.361085217109514,0.361085217109514,0.0439666666666667,,FALSE
"XLOC_021792","SPECC1",27,0,1,0.866953829595378,0.866953829595378,0.037,,FALSE
"XLOC_021821","DHRS7B",9,0,3,0.990255896305975,0.990255896305975,0.123633333333333,,FALSE
"XLOC_021824","MAP2K3",14,0,2,0.545335650805438,0.545335650805438,0.0542333333333333,,FALSE
"XLOC_021862","WSB1",17,0,3,0.993475942723123,0.993475942723123,0.0248,,FALSE
"XLOC_021865","KSR1",35,0,10,0.0246371984833226,0.0246371984833226,0.0470333333333333,,FALSE
"XLOC_021874","NLK",6,0,3,0.461558739328919,0.461558739328919,0.150133333333333,,FALSE
"XLOC_021882","TMEM97",4,0,2,0.332474556548589,0.332474556548589,0.0520333333333333,,FALSE
"XLOC_021883","TNFAIP1",4,2,3,0.000356106007451208,0.000356106007451208,0.298666666666667,0.298666666666667,TRUE
"XLOC_021884","TMEM199",19,0,3,0.0608465159479623,0.0608465159479623,0.0943666666666667,,FALSE
"XLOC_021896","SUPT6H",18,0,7,0.91624149700705,0.91624149700705,0.0853,,FALSE
"XLOC_021897","RPL23A",11,0,4,0.703185034769947,0.703185034769947,0.0177333333333333,,FALSE
"XLOC_021899","NEK8",6,0,2,0.480568773010468,0.480568773010468,0.0905,,FALSE
"XLOC_021901","TRAF4",11,0,0,0.305979126787568,0.305979126787568,0.131633333333333,,FALSE
"XLOC_021905","ERAL1",14,0,7,0.756518473148865,0.756518473148865,0.1118,,FALSE
"XLOC_021917","TAOK1",6,0,1,0.873781157601674,0.873781157601674,0.0636333333333333,,FALSE
"XLOC_021919","TP53I13",9,0,0,0.065823232011604,0.065823232011604,0.0921333333333334,,FALSE
"XLOC_021931","NSRP1",24,0,14,0.0124508532345013,0.0124508532345013,0.0903,,FALSE
"XLOC_021936","CPD",15,0,7,0.670817395457414,0.670817395457414,0.1044,,FALSE
"XLOC_021937","GOSR1",15,0,4,0.0490869288642529,0.0490869288642529,0.0334666666666667,,FALSE
"XLOC_021941","SMURF2P1",14,0,2,0.408195139321286,0.408195139321286,0.0640333333333333,,FALSE
"XLOC_021952","ADAP2",35,0,19,0.0543782795650267,0.0543782795650267,0.0549,,FALSE
"XLOC_021956","NF1",30,0,0,0.0942975154600685,0.0942975154600685,0.0731333333333333,,FALSE
"XLOC_021974","SUZ12",3,0,0,0.957529285996895,0.957529285996895,0.028,,FALSE
"XLOC_021975","LRRC37B",16,0,0,0.274320095103847,0.274320095103847,0.0966,,FALSE
"XLOC_021980","RHOT1",20,0,7,0.200107782981465,0.200107782981465,0.0830666666666667,,FALSE
"XLOC_021982","RHBDL3",43,0,27,0.294464347926031,0.294464347926031,0.0412,,FALSE
"XLOC_021988","PSMD11",23,0,13,0.118107496710292,0.118107496710292,0.148833333333333,,FALSE
"XLOC_022007","CCL2",5,0,4,0.758050242048675,0.758050242048675,0.000966666666666671,,FALSE
"XLOC_022008","CCL7",5,0,3,0.000375741784804225,0.000375741784804225,0.0907,,FALSE
"XLOC_022017","LIG3",18,0,6,0.255384565989243,0.255384565989243,0.1021,,FALSE
"XLOC_022024","SLFN5",10,0,8,0.152310979924772,0.152310979924772,0.181833333333333,,FALSE
"XLOC_022032","SNHG30",3,0,0,0.850122839002664,0.850122839002664,0.261066666666667,,FALSE
"XLOC_022033","AP2B1",31,0,17,0.002120576395262,0.002120576395262,0.0765333333333333,,FALSE
"XLOC_022036","TAF15",16,0,0,0.853947854311984,0.853947854311984,0.0168333333333333,,FALSE
"XLOC_022042","CCL18",2,0,0,0.936378598058093,0.936378598058093,0.1355,,FALSE
"XLOC_022043","CCL3-AS1",4,0,0,0.125172687451466,0.125172687451466,0.2122,,FALSE
"XLOC_022044","CCL4",19,0,12,0.0191012180666842,0.0191012180666842,0.0596,,FALSE
"XLOC_022053","ZNHIT3",10,0,4,0.106965960008012,0.106965960008012,0.0173666666666667,,FALSE
"XLOC_022055","GGNBP2",17,0,8,8.05247689536391e-05,8.05247689536391e-05,0.0393,,FALSE
"XLOC_022056","DHRS11",8,0,0,0.739628720576661,0.739628720576661,0.171433333333333,,FALSE
"XLOC_022062","AATF",25,0,6,0.889120996695239,0.889120996695239,0.0249333333333333,,FALSE
"XLOC_022071","TADA2A",18,0,7,0.618881536911498,0.618881536911498,0.0735333333333333,,FALSE
"XLOC_022073","DUSP14",5,0,3,0.994185636911808,0.994185636911808,0.0748333333333333,,FALSE
"XLOC_022083","MRPL45",9,0,8,0.0308825138527349,0.0308825138527349,0.0625333333333333,,FALSE
"XLOC_022085","ARHGAP23",6,0,0,0.407433389786441,0.407433389786441,0.3558,,FALSE
"XLOC_022087","XLOC_022087",3,0,2,0.586561317618228,0.586561317618228,0.189533333333333,,FALSE
"XLOC_022088","MLLT6",11,0,1,0.827417454988903,0.827417454988903,0.112,,FALSE
"XLOC_022092","PSMB3",7,0,4,0.865964505556059,0.865964505556059,0.115233333333333,,FALSE
"XLOC_022095","LASP1",10,0,2,0.234268290086817,0.234268290086817,0.00703333333333334,,FALSE
"XLOC_022104","RPL19",13,0,3,0.248730414044459,0.248730414044459,0.0594,,FALSE
"XLOC_022107","CDK12",17,0,7,0.167234388982719,0.167234388982719,0.0538,,FALSE
"XLOC_022109","STARD3",27,0,0,0.469337121563073,0.469337121563073,0.0375333333333333,,FALSE
"XLOC_022118","PSMD3",5,0,0,0.33555931861584,0.33555931861584,0.0077,,FALSE
"XLOC_022119","CSF3",8,0,0,0.613029441719917,0.613029441719917,0.0867333333333333,,FALSE
"XLOC_022120","THRA",4,0,0,0.812017311674181,0.812017311674181,0.0456333333333333,,FALSE
"XLOC_022122","CASC3",13,0,4,0.545924325831677,0.545924325831677,0.0528666666666667,,FALSE
"XLOC_022125","WIPF2",8,0,0,0.531680804428628,0.531680804428628,0.0254333333333333,,FALSE
"XLOC_022126","CDC6",7,0,5,0.00888688087672725,0.00888688087672725,0.341133333333333,,FALSE
"XLOC_022127","RARA",8,0,0,0.895144608571601,0.895144608571601,0.1308,,FALSE
"XLOC_022160","EIF1",9,0,4,0.997654398175436,0.997654398175436,0.0291333333333333,,FALSE
"XLOC_022167","CNP",12,0,2,0.524362287784521,0.524362287784521,0.0350333333333334,,FALSE
"XLOC_022168","NKIRAS2",13,0,1,0.101394937513182,0.101394937513182,0.0455666666666666,,FALSE
"XLOC_022173","STAT5A",24,0,11,0.00120821760254314,0.00120821760254314,0.0393,,FALSE
"XLOC_022174","ATP6V0A1",34,0,16,0.0402618046315246,0.0402618046315246,0.0227,,FALSE
"XLOC_022178","NAGLU",23,0,8,0.777783538824722,0.777783538824722,0.0867333333333333,,FALSE
"XLOC_022181","MLX",14,0,7,0.613769785033794,0.613769785033794,0.0480333333333334,,FALSE
"XLOC_022184","TUBG1",15,0,4,0.480614252050057,0.480614252050057,0.0605666666666667,,FALSE
"XLOC_022192","VPS25",6,0,2,0.770791168561333,0.770791168561333,0.0223666666666667,,FALSE
"XLOC_022195","PSME3",17,0,3,0.000142800649830043,0.000142800649830043,0.0319333333333333,,FALSE
"XLOC_022201","RPL27",8,0,4,0.594035440547539,0.594035440547539,0.00283333333333333,,FALSE
"XLOC_022202","IFI35",21,0,14,0.119831081228856,0.119831081228856,0.0532333333333334,,FALSE
"XLOC_022205","NBR2",8,0,3,0.276841381857777,0.276841381857777,0.234266666666667,,FALSE
"XLOC_022206","NBR1",13,0,7,9.55681322752471e-11,9.55681322752471e-11,0.0871333333333333,,FALSE
"XLOC_022207","TMEM106A",18,0,13,0.0125507459708936,0.0125507459708936,0.0458666666666667,,FALSE
"XLOC_022215","DHX8",21,0,16,0.125561340730115,0.125561340730115,0.0555,,FALSE
"XLOC_022223","G6PC3",16,0,0,0.00631044623472332,0.00631044623472332,0.0248333333333333,,FALSE
"XLOC_022225","HROB",6,0,2,0.602577792795313,0.602577792795313,0.0957333333333333,,FALSE
"XLOC_022227","TMUB2",26,0,17,0.448051308456213,0.448051308456213,0.0584666666666667,,FALSE
"XLOC_022235","GRN",31,0,12,0.853947854311984,0.853947854311984,0.0239333333333333,,FALSE
"XLOC_022240","DBF4B",9,0,1,0.489998124274681,0.489998124274681,0.0877,,FALSE
"XLOC_022247","NMT1",17,0,1,0.875292717415149,0.875292717415149,0.0616,,FALSE
"XLOC_022253","HEXIM2",7,0,0,0.392814040742616,0.392814040742616,0.425633333333333,,FALSE
"XLOC_022254","FMNL1",11,0,0,0.52736230702349,0.52736230702349,0.0921666666666667,,FALSE
"XLOC_022280","NSF",17,0,14,0.174603750176098,0.174603750176098,0.0852333333333333,,FALSE
"XLOC_022283","GOSR2",36,0,7,0.714299162726607,0.714299162726607,0.0545666666666667,,FALSE
"XLOC_022288","ITGB3",15,0,3,0.142771085532216,0.142771085532216,0.128433333333333,,FALSE
"XLOC_022289","NPEPPS",41,0,15,0.105118549099461,0.105118549099461,0.0699666666666667,,FALSE
"XLOC_022291","KPNB1",27,0,14,8.59816256212815e-06,8.59816256212815e-06,0.0935,,FALSE
"XLOC_022292","TBKBP1",4,0,0,0.0192527103784279,0.0192527103784279,0.100866666666667,,FALSE
"XLOC_022296","SP2",4,0,0,0.940782746491402,0.940782746491402,0.0235666666666667,,FALSE
"XLOC_022297","PNPO",60,0,26,0.0148069673873424,0.0148069673873424,0.0422,,FALSE
"XLOC_022299","NFE2L1",14,0,1,0.868279163639643,0.868279163639643,0.0235666666666667,,FALSE
"XLOC_022300","SNX11",17,0,11,0.631705608478257,0.631705608478257,0.104333333333333,,FALSE
"XLOC_022312","CALCOCO2",29,0,9,0.506639155715547,0.506639155715547,0.0671,,FALSE
"XLOC_022315","ATP5MC1",13,0,4,0.0408641356776914,0.0408641356776914,0.0146,,FALSE
"XLOC_022317","UBE2Z",12,0,6,0.128208488676513,0.128208488676513,0.103233333333333,,FALSE
"XLOC_022325","ABI3",5,0,1,0.183926489706707,0.183926489706707,0.114133333333333,,FALSE
"XLOC_022333","KAT7",19,0,9,0.722991892537311,0.722991892537311,0.107,,FALSE
"XLOC_022343","PDK2",7,0,0,0.88810788505925,0.88810788505925,0.195533333333333,,FALSE
"XLOC_022353","ACSF2",18,0,3,0.819219794894311,0.819219794894311,0.0733666666666667,,FALSE
"XLOC_022355","RSAD1",8,0,0,0.254155189657942,0.254155189657942,0.062,,FALSE
"XLOC_022357","EPN3",25,0,1,0.270106978710272,0.270106978710272,0.035,,FALSE
"XLOC_022359","ABCC3",21,0,4,0.193328135153864,0.193328135153864,0.112533333333333,,FALSE
"XLOC_022362","LUC7L3",35,0,19,0.0244934645641495,0.0244934645641495,0.0429333333333333,,FALSE
"XLOC_022370","NME1",20,0,4,0.444286017031478,0.444286017031478,0.00633333333333334,,FALSE
"XLOC_022371","UTP18",8,0,3,0.91728400112293,0.91728400112293,0.0783333333333334,,FALSE
"XLOC_022386","TOM1L1",13,0,1,0.0530349599829981,0.0530349599829981,0.2374,,FALSE
"XLOC_022404","SCPEP1",35,0,27,0.555206801017707,0.555206801017707,0.0261333333333333,,FALSE
"XLOC_022407","AKAP1",15,0,3,0.0468848198284016,0.0468848198284016,0.126433333333333,,FALSE
"XLOC_022408","MSI2",15,0,0,0.969596942163211,0.969596942163211,0.0423,,FALSE
"XLOC_022426","TSPOAP1-AS1",6,0,0,0.934689272841768,0.934689272841768,0.168266666666667,,FALSE
"XLOC_022430","RAD51C",28,0,12,0.146860656886741,0.146860656886741,0.0938333333333334,,FALSE
"XLOC_022439","PRR11",15,0,4,0.89464203190473,0.89464203190473,0.0407333333333333,,FALSE
"XLOC_022443","YPEL2",3,0,0,0.824160303117513,0.824160303117513,0.0718,,FALSE
"XLOC_022447","CLTC",35,0,22,1.51119015129456e-15,1.51119015129456e-15,0.0513666666666667,,FALSE
"XLOC_022448","VMP1",52,0,31,2.06456004944201e-07,2.06456004944201e-07,0.0216333333333333,,FALSE
"XLOC_022464","PPM1D",10,0,1,0.930986519382195,0.930986519382195,0.0552,,FALSE
"XLOC_022465","BCAS3",16,0,3,0.519207634272246,0.519207634272246,0.141866666666667,,FALSE
"XLOC_022484","TLK2",39,0,14,0.00954939736088455,0.00954939736088455,0.0521666666666667,,FALSE
"XLOC_022487","MRC2",4,0,0,0.727372362218399,0.727372362218399,0.00889999999999996,,FALSE
"XLOC_022499","ACE",18,0,0,0.168081893607803,0.168081893607803,0.0438333333333333,,FALSE
"XLOC_022501","DCAF7",21,0,3,0.268449809235177,0.268449809235177,0.0823,,FALSE
"XLOC_022506","DDX42",20,0,8,0.663086981052752,0.663086981052752,0.1035,,FALSE
"XLOC_022507","PSMC5",27,0,12,0.266312178291005,0.266312178291005,0.0141333333333333,,FALSE
"XLOC_022517","MILR1",22,0,18,0.0257141160888217,0.0257141160888217,0.0621,,FALSE
"XLOC_022519","CEP95",29,0,15,0.548641818363126,0.548641818363126,0.1046,,FALSE
"XLOC_022554","PITPNC1",7,0,2,0.864467451710537,0.864467451710537,0.0217333333333333,,FALSE
"XLOC_022559","NOL11",19,0,12,4.58186952368431e-05,4.58186952368431e-05,0.1489,,FALSE
"XLOC_022562","BPTF",19,0,4,0.280452504936657,0.280452504936657,0.0727666666666667,,FALSE
"XLOC_022565","KPNA2",22,0,10,1.84926195552331e-19,1.84926195552331e-19,0.0708666666666667,,FALSE
"XLOC_022567","LINC00674",8,0,3,0.155439655297616,0.155439655297616,0.0972333333333333,,FALSE
"XLOC_022573","AMZ2",21,0,5,1.56301302809196e-05,1.56301302809196e-05,0.0902666666666667,,FALSE
"XLOC_022574","ARSG",38,0,10,0.000983544904961853,0.000983544904961853,0.0532666666666667,,FALSE
"XLOC_022581","MAP2K6",9,0,2,0.365676325414231,0.365676325414231,0.170233333333333,,FALSE
"XLOC_022602","SSTR2",12,2,3,0.00027236890885461,0.00027236890885461,0.390866666666667,0.390866666666667,TRUE
"XLOC_022603","C17orf80",11,0,7,0.919856005120508,0.919856005120508,0.1055,,FALSE
"XLOC_022610","RPL38",10,0,2,0.86362010177065,0.86362010177065,0.0294333333333334,,FALSE
"XLOC_022616","CD300A",9,0,5,0.140254822800606,0.140254822800606,0.077,,FALSE
"XLOC_022622","TMEM104",9,0,2,0.0445929105234905,0.0445929105234905,0.132033333333333,,FALSE
"XLOC_022627","MRPL58",2,0,0,0.94186614342112,0.94186614342112,0.0202,,FALSE
"XLOC_022632","SLC16A5",8,0,0,0.903335229951107,0.903335229951107,0.1184,,FALSE
"XLOC_022636","NUP85",31,0,14,0.781983332330688,0.781983332330688,0.0971,,FALSE
"XLOC_022637","MRPS7",9,0,3,0.506639155715547,0.506639155715547,0.0898333333333333,,FALSE
"XLOC_022644","TMEM94",27,0,5,0.271313988828627,0.271313988828627,0.0367,,FALSE
"XLOC_022647","MYO15B",30,0,0,0.199072724258181,0.199072724258181,0.125633333333333,,FALSE
"XLOC_022650","SAP30BP",28,0,8,0.282428523952113,0.282428523952113,0.0557,,FALSE
"XLOC_022652","UNK",8,0,1,0.137808451408939,0.137808451408939,0.127533333333333,,FALSE
"XLOC_022656","TEN1-CDK3",8,0,1,0.719093718295844,0.719093718295844,0.0218666666666667,,FALSE
"XLOC_022665","SPHK1",8,0,0,0.946365350306686,0.946365350306686,0.129166666666667,,FALSE
"XLOC_022670","SNHG16",14,0,2,0.899524162093624,0.899524162093624,0.101066666666667,,FALSE
"XLOC_022676","METTL23",38,0,13,0.105976774598372,0.105976774598372,0.0824666666666667,,FALSE
"XLOC_022682","SNHG20",33,0,4,0.506548141722772,0.506548141722772,0.1527,,FALSE
"XLOC_022683","SEPTIN9",39,0,0,0.182027717182342,0.182027717182342,0.0601,,FALSE
"XLOC_022696","TMC8",9,0,0,0.942315170054087,0.942315170054087,0.1227,,FALSE
"XLOC_022699","SYNGR2",10,0,3,0.553687729866047,0.553687729866047,0.0174,,FALSE
"XLOC_022700","AFMID",15,1,4,9.82440503169708e-07,9.82440503169708e-07,0.227833333333333,0.227833333333333,FALSE
"XLOC_022701","BIRC5",10,0,3,0.943334637267619,0.943334637267619,0.0508666666666667,,FALSE
"XLOC_022706","PGS1",16,0,3,0.854397393251175,0.854397393251175,0.0942333333333333,,FALSE
"XLOC_022714","C1QTNF1",9,0,0,0.775323789445692,0.775323789445692,0.148133333333333,,FALSE
"XLOC_022715","ENGASE",9,0,0,0.296548414421487,0.296548414421487,0.178333333333333,,FALSE
"XLOC_022731","SLC26A11",18,0,1,0.360735184563196,0.360735184563196,0.0466333333333333,,FALSE
"XLOC_022732","RNF213",38,0,18,0.000173418934951064,0.000173418934951064,0.0724333333333333,,FALSE
"XLOC_022734","ENDOV",23,0,1,0.108167256368608,0.108167256368608,0.0846666666666667,,FALSE
"XLOC_022739","RPTOR",10,0,0,0.25608559971779,0.25608559971779,0.191,,FALSE
"XLOC_022741","CHMP6",3,0,0,0.628396044813741,0.628396044813741,0.00906666666666667,,FALSE
"XLOC_022743","BAIAP2",24,0,1,0.722991892537311,0.722991892537311,0.0486333333333333,,FALSE
"XLOC_022761","CCDC137",5,0,0,0.370243487392365,0.370243487392365,0.0609999999999999,,FALSE
"XLOC_022762","HGS",53,0,2,0.0524274695819412,0.0524274695819412,0.0715,,FALSE
"XLOC_022770","ANAPC11",23,0,2,0.803689469362461,0.803689469362461,0.0431666666666667,,FALSE
"XLOC_022775","ASPSCR1",16,0,0,0.487944669453145,0.487944669453145,0.104066666666667,,FALSE
"XLOC_022777","RAC3",4,0,0,0.953864977031182,0.953864977031182,0.0494333333333333,,FALSE
"XLOC_022779","GPS1",21,0,2,0.00958862732832369,0.00958862732832369,0.112,,FALSE
"XLOC_022783","SLC16A3",18,0,1,0.888379915040143,0.888379915040143,0.0200666666666667,,FALSE
"XLOC_022791","HEXD",16,0,0,0.127515040751405,0.127515040751405,0.1031,,FALSE
"XLOC_022794","NARF",27,0,6,1.23280358755902e-05,1.23280358755902e-05,0.119533333333333,,FALSE
"XLOC_022797","FOXK2",12,0,3,0.283503162316811,0.283503162316811,0.143333333333333,,FALSE
"XLOC_022800","FN3KRP",9,0,5,0.913064294766656,0.913064294766656,0.0513666666666667,,FALSE
"XLOC_022803","TBCD",48,0,5,0.000152736367532226,0.000152736367532226,0.1036,,FALSE
"XLOC_022805","METRNL",5,0,0,0.826081646847352,0.826081646847352,0.0734333333333333,,FALSE
"XLOC_022819","VPS53",57,0,1,0.579736644492266,0.579736644492266,0.0385,,FALSE
"XLOC_022820","GEMIN4",7,0,3,0.879239575852457,0.879239575852457,0.1816,,FALSE
"XLOC_022821","GLOD4",18,0,3,0.850412464850165,0.850412464850165,0.025,,FALSE
"XLOC_022825","ABR",35,0,4,0.338356477589964,0.338356477589964,0.0411,,FALSE
"XLOC_022829","YWHAE",16,0,8,0.927890962593337,0.927890962593337,0.0796,,FALSE
"XLOC_022831","MYO1C",15,0,0,0.62935793072361,0.62935793072361,0.0582333333333333,,FALSE
"XLOC_022832","INPP5K",16,0,1,0.30214774077463,0.30214774077463,0.0237666666666667,,FALSE
"XLOC_022833","PITPNA",15,0,5,0.377980590964024,0.377980590964024,0.0302333333333333,,FALSE
"XLOC_022834","SLC43A2",10,0,0,0.432999371150889,0.432999371150889,0.0379666666666667,,FALSE
"XLOC_022838","PRPF8",37,0,24,3.90116276386604e-07,3.90116276386604e-07,0.0611333333333333,,FALSE
"XLOC_022840","MIR22HG",29,0,3,0.397568916884628,0.397568916884628,0.0250666666666667,,FALSE
"XLOC_022851","SMG6",8,0,0,0.306680180262892,0.306680180262892,0.163566666666667,,FALSE
"XLOC_022862","METTL16",12,0,2,0.872676321195478,0.872676321195478,0.108133333333333,,FALSE
"XLOC_022869","CLUH",13,0,0,0.00345459424967357,0.00345459424967357,0.0317,,FALSE
"XLOC_022890","TAX1BP3",8,0,1,0.907891196588032,0.907891196588032,0.004,,FALSE
"XLOC_022892","NCBP3",9,0,2,0.909331172411464,0.909331172411464,0.0447333333333333,,FALSE
"XLOC_022894","P2RX1",5,0,1,0.934193705109637,0.934193705109637,0.0855,,FALSE
"XLOC_022895","ATP2A3",14,0,1,0.897565030419817,0.897565030419817,0.0533333333333333,,FALSE
"XLOC_022896","ZZEF1",11,0,1,0.280231830957709,0.280231830957709,0.0449333333333333,,FALSE
"XLOC_022898","ANKFY1",19,0,6,0.34769940426519,0.34769940426519,0.105366666666667,,FALSE
"XLOC_022903","MYBBP1A",13,0,0,0.480293666818685,0.480293666818685,0.0733666666666667,,FALSE
"XLOC_022910","CXCL16",7,0,6,0.981303031588092,0.981303031588092,0.0912333333333333,,FALSE
"XLOC_022911","VMO1",3,0,1,0.850128652077667,0.850128652077667,0.133033333333333,,FALSE
"XLOC_022916","PFN1",4,0,1,0.164923216900961,0.164923216900961,0.0245333333333333,,FALSE
"XLOC_022917","SPAG7",8,0,1,0.303207695964383,0.303207695964383,0.0138666666666667,,FALSE
"XLOC_022918","CAMTA2",13,0,0,0.436712157028667,0.436712157028667,0.0540666666666667,,FALSE
"XLOC_022925","ZNF232",12,0,2,0.246164868055782,0.246164868055782,0.210866666666667,,FALSE
"XLOC_022930","NUP88",16,0,8,0.0144391981910603,0.0144391981910603,0.122833333333333,,FALSE
"XLOC_022932","C1QBP",12,0,1,0.798336201401047,0.798336201401047,0.0704666666666667,,FALSE
"XLOC_022933","DERL2",19,0,12,0.813448044721449,0.813448044721449,0.0639,,FALSE
"XLOC_022942","KIAA0753",14,0,5,0.913030977232709,0.913030977232709,0.0973333333333334,,FALSE
"XLOC_022944","MED31",4,0,0,0.970817958013182,0.970817958013182,0.0596666666666666,,FALSE
"XLOC_022951","ALOX12-AS1",11,0,3,0.777661807326524,0.777661807326524,0.1316,,FALSE
"XLOC_022959","DLG4",16,0,0,0.483887255496646,0.483887255496646,0.1281,,FALSE
"XLOC_022962","DVL2",9,0,0,0.16603306519821,0.16603306519821,0.1144,,FALSE
"XLOC_022963","PHF23",12,0,1,0.0114017457227424,0.0114017457227424,0.0973333333333334,,FALSE
"XLOC_022964","GABARAP",29,0,6,0.0812333983742619,0.0812333983742619,0.0748666666666667,,FALSE
"XLOC_022968","GPS2",32,0,2,0.634983100230509,0.634983100230509,0.0713,,FALSE
"XLOC_022970","PLSCR3",17,0,0,0.777661807326524,0.777661807326524,0.0152,,FALSE
"XLOC_022978","FXR2",6,0,0,0.940782746491402,0.940782746491402,0.0184666666666666,,FALSE
"XLOC_022979","SAT2",14,0,2,0.0135176650564282,0.0135176650564282,0.0647,,FALSE
"XLOC_022980","TP53",9,0,1,0.460835609253333,0.460835609253333,0.1744,,FALSE
"XLOC_022983","NAA38",7,0,1,0.0105614019173577,0.0105614019173577,0.0279333333333334,,FALSE
"XLOC_022985","KCNAB3",12,0,0,0.00208579978434587,0.00208579978434587,0.0452666666666667,,FALSE
"XLOC_022992","PER1",20,0,0,0.856377503190988,0.856377503190988,0.100166666666667,,FALSE
"XLOC_022996","AURKB",16,0,5,0.256148949569823,0.256148949569823,0.122133333333333,,FALSE
"XLOC_022998","CTC1",13,0,1,0.303966618516277,0.303966618516277,0.124766666666667,,FALSE
"XLOC_022999","SLC25A35",7,0,0,0.974516085232576,0.974516085232576,0.0244,,FALSE
"XLOC_023002","KRBA2",18,0,2,0.131028753159073,0.131028753159073,0.00136666666666667,,FALSE
"XLOC_023009","PIK3R5",21,0,7,0.682402226099901,0.682402226099901,0.0419666666666667,,FALSE
"XLOC_023012","STX8",10,0,2,0.890249321587228,0.890249321587228,0.132933333333333,,FALSE
"XLOC_023020","GAS7",11,0,0,0.0723952729330296,0.0723952729330296,0.192833333333333,,FALSE
"XLOC_023028","SCO1",6,0,2,0.0422213170456233,0.0422213170456233,0.114566666666667,,FALSE
"XLOC_023039","ZNF18",9,0,4,0.760190778767464,0.760190778767464,0.1013,,FALSE
"XLOC_023050","ELAC2",17,0,2,0.0190179080542681,0.0190179080542681,0.0625,,FALSE
"XLOC_023064","PMP22",20,0,2,0.931505087808958,0.931505087808958,0.0438333333333333,,FALSE
"XLOC_023069","TVP23C-CDRT4",18,0,5,0.448629112741602,0.448629112741602,0.0830666666666667,,FALSE
"XLOC_023070","CDRT1",28,0,4,0.616597376247378,0.616597376247378,0.0891333333333333,,FALSE
"XLOC_023078","ZSWIM7",15,0,1,0.485950633340592,0.485950633340592,0.0899333333333333,,FALSE
"XLOC_023080","NCOR1",27,0,7,0.257904986374568,0.257904986374568,0.0549,,FALSE
"XLOC_023082","CENPV",7,0,0,0.242173175500959,0.242173175500959,0.1568,,FALSE
"XLOC_023106","PLD6",12,0,0,0.81407159993967,0.81407159993967,0.0495,,FALSE
"XLOC_023108","COPS3",26,0,13,0.687477932796476,0.687477932796476,0.0515,,FALSE
"XLOC_023111","PEMT",8,0,0,0.579468671563144,0.579468671563144,0.0187333333333333,,FALSE
"XLOC_023115","SREBF1",24,0,0,0.0323413054308457,0.0323413054308457,0.0945666666666667,,FALSE
"XLOC_023118","TOM1L2",10,0,0,0.862514140957491,0.862514140957491,0.108,,FALSE
"XLOC_023119","ATPAF2",15,1,2,0.00104227763105009,0.00104227763105009,0.2208,0.2208,TRUE
"XLOC_023123","FLII",30,0,4,6.92939217564407e-05,6.92939217564407e-05,0.0318666666666667,,FALSE
"XLOC_023124","TOP3A",15,0,1,0.579807101746168,0.579807101746168,0.0796666666666667,,FALSE
"XLOC_023125","SHMT1",11,0,7,0.191848958293231,0.191848958293231,0.212466666666667,,FALSE
"XLOC_023131","FAM106A",25,0,0,0.440533835606204,0.440533835606204,0.0696666666666667,,FALSE
"XLOC_023149","B9D1",12,0,0,0.00553484136572973,0.00553484136572973,0.4822,,FALSE
"XLOC_023164","AKAP10",12,0,4,0.903416955239099,0.903416955239099,0.0741,,FALSE
"XLOC_023194","USP22",9,0,0,0.433997133523823,0.433997133523823,0.0711333333333333,,FALSE
"XLOC_023243","IFT20",11,0,2,0.92488857745374,0.92488857745374,0.0362666666666667,,FALSE
"XLOC_023244","POLDIP2",8,0,6,0.620741181531948,0.620741181531948,0.136,,FALSE
"XLOC_023250","SPAG5",39,0,16,0.0772008083365437,0.0772008083365437,0.1053,,FALSE
"XLOC_023252","PIGS",17,0,7,0.945350640761948,0.945350640761948,0.130233333333333,,FALSE
"XLOC_023254","KIAA0100",16,0,3,0.0212022215125495,0.0212022215125495,0.0629666666666667,,FALSE
"XLOC_023255","SDF2",11,0,4,0.229705999345213,0.229705999345213,0.0861333333333333,,FALSE
"XLOC_023258","RAB34",22,0,1,0.00958881014777667,0.00958881014777667,0.0776666666666667,,FALSE
"XLOC_023264","FAM222B",10,0,0,0.606275029840504,0.606275029840504,0.2431,,FALSE
"XLOC_023266","FLOT2",18,0,10,1.94953691724468e-07,1.94953691724468e-07,0.0921,,FALSE
"XLOC_023268","PHF12",15,0,2,0.731601852803499,0.731601852803499,0.175266666666667,,FALSE
"XLOC_023272","MYO18A",23,0,3,0.878294578137176,0.878294578137176,0.0601666666666666,,FALSE
"XLOC_023275","NUFIP2",3,0,1,0.577146160859557,0.577146160859557,0.147366666666667,,FALSE
"XLOC_023281","GIT1",11,0,1,0.9659375568828,0.9659375568828,0.0605333333333333,,FALSE
"XLOC_023285","SSH2",10,0,0,0.835703596081702,0.835703596081702,0.0871,,FALSE
"XLOC_023298","BLMH",14,0,5,0.460120850885918,0.460120850885918,0.0761666666666667,,FALSE
"XLOC_023311","CRLF3",9,0,6,0.871991849333234,0.871991849333234,0.0769,,FALSE
"XLOC_023315","TEFM",10,0,6,0.0777805302586769,0.0777805302586769,0.183566666666667,,FALSE
"XLOC_023324","EVI2B",15,0,9,0.60822405650121,0.60822405650121,0.0187666666666667,,FALSE
"XLOC_023328","UTP6",22,0,16,5.10988864362371e-07,5.10988864362371e-07,0.141666666666667,,FALSE
"XLOC_023341","C17orf75",11,0,4,0.795891402503416,0.795891402503416,0.1715,,FALSE
"XLOC_023346","MYO1D",8,0,0,0.144643135668609,0.144643135668609,0.0345333333333334,,FALSE
"XLOC_023369","CCT6B",8,0,4,0.144263634027975,0.144263634027975,0.2736,,FALSE
"XLOC_023370","RFFL",34,0,17,0.116152070934081,0.116152070934081,0.109433333333333,,FALSE
"XLOC_023372","NLE1",9,0,3,0.921820508941767,0.921820508941767,0.139266666666667,,FALSE
"XLOC_023376","SLFN11",18,0,7,0.322528253964306,0.322528253964306,0.1478,,FALSE
"XLOC_023381","SLFN13",10,0,0,0.9659375568828,0.9659375568828,0.0735666666666667,,FALSE
"XLOC_023395","HEATR9",13,0,9,0.0352675826330815,0.0352675826330815,0.0707,,FALSE
"XLOC_023403","CCL14",6,0,1,0.627641169848489,0.627641169848489,0.0299333333333333,,FALSE
"XLOC_023406","CCL3",17,0,16,0.0608465159479623,0.0608465159479623,0.136,,FALSE
"XLOC_023418","MYO19",25,0,3,0.397396032535337,0.397396032535337,0.0800333333333333,,FALSE
"XLOC_023423","ACACA",23,0,5,0.00448236691934798,0.00448236691934798,0.0829333333333333,,FALSE
"XLOC_023428","SYNRG",17,0,4,0.801768515075323,0.801768515075323,0.138966666666667,,FALSE
"XLOC_023429","DDX52",21,0,14,0.00206003717864757,0.00206003717864757,0.162,,FALSE
"XLOC_023439","NPEPPSP1",6,0,0,0.946114121450942,0.946114121450942,0.255433333333333,,FALSE
"XLOC_023450","PCGF2",7,0,0,0.209307900421207,0.209307900421207,0.0996,,FALSE
"XLOC_023452","PIP4K2B",4,1,0,0.000176519671919635,0.000176519671919635,0.1879,0.1879,FALSE
"XLOC_023453","CWC25",19,1,13,0.0304714271034349,0.0304714271034349,0.178633333333333,0.178633333333333,TRUE
"XLOC_023455","RPL23",14,0,4,0.47275647722381,0.47275647722381,0.0279,,FALSE
"XLOC_023472","MIEN1",6,0,0,0.636056012892333,0.636056012892333,0.103733333333333,,FALSE
"XLOC_023477","ORMDL3",6,0,1,0.116805252741121,0.116805252741121,0.342633333333333,,FALSE
"XLOC_023479","MED24",26,0,0,0.0798660702791664,0.0798660702791664,0.0332666666666667,,FALSE
"XLOC_023488","TOP2A",21,0,19,0.132898367626797,0.132898367626797,0.193933333333333,,FALSE
"XLOC_023492","CCR7",13,0,13,0.632428236216425,0.632428236216425,0.1737,,FALSE
"XLOC_023494","SMARCE1",41,0,7,0.549711518094627,0.549711518094627,0.111033333333333,,FALSE
"XLOC_023557","JUP",11,0,2,0.00218983951142546,0.00218983951142546,0.131566666666667,,FALSE
"XLOC_023559","NT5C3B",13,0,1,0.88871718792007,0.88871718792007,0.0989,,FALSE
"XLOC_023561","ACLY",26,0,20,0.00214454228349945,0.00214454228349945,0.114566666666667,,FALSE
"XLOC_023562","DNAJC7",33,0,5,0.168259552983485,0.168259552983485,0.0119,,FALSE
"XLOC_023565","DHX58",18,0,10,0.022146892503738,0.022146892503738,0.1606,,FALSE
"XLOC_023566","KAT2A",17,0,5,0.0229500039543076,0.0229500039543076,0.00926666666666667,,FALSE
"XLOC_023569","GHDC",10,0,0,0.990565872805151,0.990565872805151,0.045,,FALSE
"XLOC_023570","STAT5B",8,0,2,0.512119411528413,0.512119411528413,0.0869333333333333,,FALSE
"XLOC_023573","STAT3",52,0,9,0.185491958216037,0.185491958216037,0.0574666666666667,,FALSE
"XLOC_023579","RETREG3",9,0,1,0.587819318537766,0.587819318537766,0.108566666666667,,FALSE
"XLOC_023583","EZH1",18,0,4,0.772109834278933,0.772109834278933,0.0525,,FALSE
"XLOC_023589","BECN1",33,0,20,0.33873600230188,0.33873600230188,0.0767666666666667,,FALSE
"XLOC_023594","AARSD1",31,0,7,0.213952180571856,0.213952180571856,0.126733333333333,,FALSE
"XLOC_023595","VAT1",10,0,2,0.0220596751634085,0.0220596751634085,0.0158666666666667,,FALSE
"XLOC_023596","BRCA1",42,0,10,0.102567410291079,0.102567410291079,0.0654,,FALSE
"XLOC_023613","LINC00910",15,0,0,0.517126453225287,0.517126453225287,0.230033333333333,,FALSE
"XLOC_023620","DUSP3",12,0,8,0.722991892537311,0.722991892537311,0.173733333333333,,FALSE
"XLOC_023627","TMEM101",8,0,3,0.924512009111573,0.924512009111573,0.0131333333333333,,FALSE
"XLOC_023630","HDAC5",13,0,1,0.907743164374081,0.907743164374081,0.0637333333333334,,FALSE
"XLOC_023632","ASB16-AS1",11,0,2,0.460325268360745,0.460325268360745,0.2303,,FALSE
"XLOC_023633","ATXN7L3",11,0,0,0.696502812484477,0.696502812484477,0.0202333333333333,,FALSE
"XLOC_023634","UBTF",15,0,1,0.392034682523283,0.392034682523283,0.131833333333333,,FALSE
"XLOC_023642","SLC25A39",15,0,0,0.237428705500925,0.237428705500925,0.0932333333333333,,FALSE
"XLOC_023650","CCDC43",8,0,4,0.394907588086524,0.394907588086524,0.0921666666666667,,FALSE
"XLOC_023656","EFTUD2",34,0,16,0.634983100230509,0.634983100230509,0.0497,,FALSE
"XLOC_023658","KIF18B",5,0,1,0.877325460747664,0.877325460747664,0.275066666666667,,FALSE
"XLOC_023661","DCAKD",20,0,2,0.638495822440245,0.638495822440245,0.101866666666667,,FALSE
"XLOC_023671","MAP3K14",5,0,0,0.26544738036288,0.26544738036288,0.0912,,FALSE
"XLOC_023674","ARHGAP27",22,0,1,0.000300016291868307,0.000300016291868307,0.106133333333333,,FALSE
"XLOC_023675","PLEKHM1",18,0,1,0.861048609673696,0.861048609673696,0.0870666666666667,,FALSE
"XLOC_023676","LRRC37A4P",6,0,1,0.61597721721246,0.61597721721246,0.1138,,FALSE
"XLOC_023684","KANSL1",27,0,1,0.548819355149634,0.548819355149634,0.0836,,FALSE
"XLOC_023687","ARL17B",7,0,0,0.854068399995036,0.854068399995036,0.255966666666667,,FALSE
"XLOC_023688","ARL17A",7,0,2,0.776315643854488,0.776315643854488,0.128766666666667,,FALSE
"XLOC_023694","XLOC_023694",24,0,1,0.32710824897311,0.32710824897311,0.109133333333333,,FALSE
"XLOC_023695","CDC27",24,0,10,0.00041063566516198,0.00041063566516198,0.0940666666666667,,FALSE
"XLOC_023702","MRPL45P2",6,0,0,0.951068781754561,0.951068781754561,0.0691,,FALSE
"XLOC_023706","MRPL10",6,0,3,0.230750991612658,0.230750991612658,0.0196666666666666,,FALSE
"XLOC_023707","SCRN2",12,0,0,0.823750641916131,0.823750641916131,0.0598333333333333,,FALSE
"XLOC_023716","COPZ2",8,0,0,0.355070567323014,0.355070567323014,0.114,,FALSE
"XLOC_023746","SNF8",15,0,0,0.309068080053587,0.309068080053587,0.0572,,FALSE
"XLOC_023754","GNGT2",3,0,1,0.821058807424072,0.821058807424072,0.152266666666667,,FALSE
"XLOC_023759","PHB",15,0,2,0.916223947791855,0.916223947791855,0.0121,,FALSE
"XLOC_023766","SPOP",28,0,10,0.914566395027668,0.914566395027668,0.0794333333333333,,FALSE
"XLOC_023767","SLC35B1",24,0,7,0.729146699401411,0.729146699401411,0.0820666666666667,,FALSE
"XLOC_023768","FAM117A",7,0,1,0.796077652295637,0.796077652295637,0.212933333333333,,FALSE
"XLOC_023784","MRPL27",8,0,2,0.961241765192673,0.961241765192673,0.0158666666666666,,FALSE
"XLOC_023794","ANKRD40",5,0,2,0.918391502833749,0.918391502833749,0.0144666666666667,,FALSE
"XLOC_023798","TOB1",3,0,1,0.801068538216376,0.801068538216376,0.00953333333333333,,FALSE
"XLOC_023801","SPAG9",43,0,28,1.78644500968718e-05,1.78644500968718e-05,0.0552666666666667,,FALSE
"XLOC_023802","MBTD1",6,0,0,0.537419960070953,0.537419960070953,0.139466666666667,,FALSE
"XLOC_023815","COX11",10,0,2,0.870379368261923,0.870379368261923,0.0488333333333333,,FALSE
"XLOC_023818","MMD",9,0,5,0.441411630646281,0.441411630646281,0.0737333333333333,,FALSE
"XLOC_023825","C17orf67",13,0,1,0.579468671563144,0.579468671563144,0.0656666666666667,,FALSE
"XLOC_023839","CUEDC1",10,0,0,0.0510145989772327,0.0510145989772327,0.126866666666667,,FALSE
"XLOC_023840","VEZF1",8,0,4,0.105842003011776,0.105842003011776,0.1112,,FALSE
"XLOC_023841","SRSF1",20,0,9,0.0416480249658038,0.0416480249658038,0.0658,,FALSE
"XLOC_023845","MKS1",26,0,2,0.17032346218548,0.17032346218548,0.246233333333333,,FALSE
"XLOC_023851","SUPT4H1",11,0,3,0.373207184006493,0.373207184006493,0.0260666666666667,,FALSE
"XLOC_023854","MTMR4",9,0,3,0.249331729351168,0.249331729351168,0.0492,,FALSE
"XLOC_023855","SEPTIN4",20,0,2,0.039326305939727,0.039326305939727,0.2682,,FALSE
"XLOC_023856","TEX14",8,0,2,0.893391875908129,0.893391875908129,0.0718333333333334,,FALSE
"XLOC_023862","TRIM37",13,0,4,0.0326823761113075,0.0326823761113075,0.123966666666667,,FALSE
"XLOC_023873","PTRH2",9,0,6,0.777661807326524,0.777661807326524,0.0837666666666667,,FALSE
"XLOC_023875","TUBD1",13,0,3,0.0911368507305127,0.0911368507305127,0.308533333333333,,FALSE
"XLOC_023876","RNFT1",17,0,10,0.670323574898663,0.670323574898663,0.0641333333333333,,FALSE
"XLOC_023877","HEATR6",14,0,7,0.69143639725616,0.69143639725616,0.172233333333333,,FALSE
"XLOC_023879","WFDC21P",13,0,3,0.257904986374568,0.257904986374568,0.024,,FALSE
"XLOC_023885","USP32",20,0,9,0.0254206704106488,0.0254206704106488,0.0485,,FALSE
"XLOC_023889","APPBP2",9,0,3,0.055656405823896,0.055656405823896,0.0930333333333333,,FALSE
"XLOC_023903","BRIP1",22,0,3,0.508158810685083,0.508158810685083,0.173466666666667,,FALSE
"XLOC_023906","MED13",13,0,7,0.0253949548789162,0.0253949548789162,0.0834,,FALSE
"XLOC_023930","CYB561",12,0,0,0.878590981217582,0.878590981217582,0.0663333333333334,,FALSE
"XLOC_023933","STRADA",52,0,16,0.12080788137061,0.12080788137061,0.0497,,FALSE
"XLOC_023934","LIMD2",12,0,0,0.511587008684695,0.511587008684695,0.0499,,FALSE
"XLOC_023935","FTSJ3",23,0,11,0.852750214794616,0.852750214794616,0.0999666666666666,,FALSE
"XLOC_023945","ICAM2",10,0,1,0.766328418161275,0.766328418161275,0.0469666666666667,,FALSE
"XLOC_023946","ERN1",10,0,2,0.888565765320732,0.888565765320732,0.170466666666667,,FALSE
"XLOC_023947","TEX2",13,0,8,0.889949812006997,0.889949812006997,0.0771666666666667,,FALSE
"XLOC_023949","PECAM1",42,0,37,0.014991428167347,0.014991428167347,0.0609333333333333,,FALSE
"XLOC_023953","DDX5",78,0,50,0.00202110123429114,0.00202110123429114,0.0409333333333333,,FALSE
"XLOC_023954","SMURF2",11,0,6,0.951812763282153,0.951812763282153,0.1239,,FALSE
"XLOC_023956","ARHGAP27P1-BPTFP1-KPNA2P3",18,0,4,0.127011177222219,0.127011177222219,0.0603,,FALSE
"XLOC_023959","LRRC37A3",9,0,0,0.913250239449857,0.913250239449857,0.1048,,FALSE
"XLOC_023964","AMZ2P1",19,0,3,0.261956247045074,0.261956247045074,0.0767,,FALSE
"XLOC_023973","HELZ",12,0,4,0.322021658145474,0.322021658145474,0.203966666666667,,FALSE
"XLOC_023975","PSMD12",16,0,8,0.467852340647619,0.467852340647619,0.0526,,FALSE
"XLOC_023982","C17orf58",4,0,0,0.953197231168096,0.953197231168096,0.0461,,FALSE
"XLOC_023989","SLC16A6",5,0,1,0.000645760869032647,0.000645760869032647,0.0557,,FALSE
"XLOC_023990","WIPI1",11,0,2,0.227407695118895,0.227407695118895,0.0789666666666667,,FALSE
"XLOC_023997","ABCA6",24,0,19,0.0231794910217584,0.0231794910217584,0.0841666666666667,,FALSE
"XLOC_024000","ABCA10",18,0,2,0.946635799413517,0.946635799413517,0.118866666666667,,FALSE
"XLOC_024016","SLC39A11",42,0,28,0.133020752861181,0.133020752861181,0.0441333333333333,,FALSE
"XLOC_024037","CD300C",7,0,7,0.191153598236208,0.191153598236208,0.0265666666666667,,FALSE
"XLOC_024043","CD300LF",13,0,7,0.901652043201919,0.901652043201919,0.0412666666666667,,FALSE
"XLOC_024045","NAT9",25,0,6,0.577000899178731,0.577000899178731,0.103866666666667,,FALSE
"XLOC_024047","FDXR",8,0,0,0.983572807706711,0.983572807706711,0.0808333333333333,,FALSE
"XLOC_024054","NT5C",14,0,0,0.104606992178513,0.104606992178513,0.224933333333333,,FALSE
"XLOC_024055","JPT1",12,0,3,0.0152412398685399,0.0152412398685399,0.0647333333333333,,FALSE
"XLOC_024058","GGA3",22,0,1,0.283503162316811,0.283503162316811,0.0837666666666667,,FALSE
"XLOC_024059","MIF4GD",16,0,3,0.106397524773646,0.106397524773646,0.1248,,FALSE
"XLOC_024060","SLC25A19",24,0,13,0.077898579920462,0.077898579920462,0.0691,,FALSE
"XLOC_024061","GRB2",14,0,4,0.0279652317134294,0.0279652317134294,0.1446,,FALSE
"XLOC_024065","RECQL5",15,0,2,0.934272156748259,0.934272156748259,0.0818333333333333,,FALSE
"XLOC_024068","GALK1",6,0,0,0.958546091050458,0.958546091050458,0.0394333333333333,,FALSE
"XLOC_024069","H3-3B",22,0,16,0.00192117625489135,0.00192117625489135,0.0536,,FALSE
"XLOC_024072","WBP2",17,0,2,0.903149330277011,0.903149330277011,0.00900000000000001,,FALSE
"XLOC_024075","MRPL38",27,0,3,0.830054063999855,0.830054063999855,0.0358666666666667,,FALSE
"XLOC_024076","ACOX1",21,0,13,0.1151762988719,0.1151762988719,0.0933333333333333,,FALSE
"XLOC_024078","SRP68",16,0,7,0.0860356464106406,0.0860356464106406,0.157566666666667,,FALSE
"XLOC_024079","EXOC7",15,0,5,0.89616090090945,0.89616090090945,0.0695666666666667,,FALSE
"XLOC_024086","PRPSAP1",14,0,4,0.470626661012278,0.470626661012278,0.0665,,FALSE
"XLOC_024087","UBE2O",5,0,0,0.75260425847769,0.75260425847769,0.156133333333333,,FALSE
"XLOC_024089","RHBDF2",21,0,1,0.653809599008295,0.653809599008295,0.0183333333333333,,FALSE
"XLOC_024091","ST6GALNAC2",10,0,3,0.574280986059113,0.574280986059113,0.2868,,FALSE
"XLOC_024095","MXRA7",7,0,1,0.970271094013978,0.970271094013978,0.0824333333333334,,FALSE
"XLOC_024097","JMJD6",10,0,4,0.49865125351316,0.49865125351316,0.133,,FALSE
"XLOC_024098","SRSF2",14,0,3,0.813999439654085,0.813999439654085,0.0802666666666667,,FALSE
"XLOC_024114","TMC6",22,0,1,0.855866032551808,0.855866032551808,0.0357666666666667,,FALSE
"XLOC_024115","TK1",7,0,3,0.972105673340855,0.972105673340855,0.0474333333333333,,FALSE
"XLOC_024121","DNAH17",8,0,0,0.829630171692009,0.829630171692009,0.180233333333333,,FALSE
"XLOC_024124","CYTH1",17,0,3,0.0251991060547958,0.0251991060547958,0.0241333333333333,,FALSE
"XLOC_024127","USP36",26,1,6,8.55778175898141e-08,8.55778175898141e-08,0.208233333333333,0.208233333333333,FALSE
"XLOC_024129","TIMP2",8,0,0,0.55979061170349,0.55979061170349,0.0194666666666666,,FALSE
"XLOC_024130","LGALS3BP",19,0,3,0.00107335978852575,0.00107335978852575,0.0353,,FALSE
"XLOC_024131","CANT1",17,0,1,0.894028174724853,0.894028174724853,0.0835666666666666,,FALSE
"XLOC_024140","TBC1D16",6,0,0,0.512292758136091,0.512292758136091,0.1338,,FALSE
"XLOC_024143","EIF4A3",10,0,3,0.382395082062852,0.382395082062852,0.0180333333333333,,FALSE
"XLOC_024144","XLOC_024144",5,0,0,0.934440773107864,0.934440773107864,0.1444,,FALSE
"XLOC_024145","SGSH",14,0,1,0.471967131616791,0.471967131616791,0.0453666666666666,,FALSE
"XLOC_024166","TEPSIN",12,0,0,0.932333660362822,0.932333660362822,0.111933333333333,,FALSE
"XLOC_024167","SLC38A10",10,0,0,0.0135107994873973,0.0135107994873973,0.0251666666666667,,FALSE
"XLOC_024178","ACTG1",33,0,21,0.380478121746822,0.380478121746822,0.0414666666666667,,FALSE
"XLOC_024180","NPLOC4",19,0,2,2.36934396002668e-08,2.36934396002668e-08,0.0916666666666667,,FALSE
"XLOC_024181","PDE6G",5,0,0,0.889670074431203,0.889670074431203,0.213533333333333,,FALSE
"XLOC_024182","OXLD1",7,0,1,0.439946134815253,0.439946134815253,0.0541,,FALSE
"XLOC_024183","ARL16",11,0,0,0.894509773499296,0.894509773499296,0.0705333333333333,,FALSE
"XLOC_024186","MCRIP1",11,0,0,0.0045943579563193,0.0045943579563193,0.0316333333333333,,FALSE
"XLOC_024188","P4HB",58,0,4,4.20836045305508e-05,4.20836045305508e-05,0.0777,,FALSE
"XLOC_024189","ARHGDIA",15,0,0,0.994891687704392,0.994891687704392,0.0177333333333334,,FALSE
"XLOC_024190","ALYREF",9,0,4,0.0343021106634705,0.0343021106634705,0.0661333333333334,,FALSE
"XLOC_024191","PCYT2",14,0,0,0.340162042163829,0.340162042163829,0.114766666666667,,FALSE
"XLOC_024192","SIRT7",21,0,1,0.00311944985335375,0.00311944985335375,0.0446666666666666,,FALSE
"XLOC_024196","CENPX",9,0,1,0.863864800844145,0.863864800844145,0.0720333333333333,,FALSE
"XLOC_024197","DCXR",19,0,1,0.188149334264447,0.188149334264447,0.0265333333333333,,FALSE
"XLOC_024199","RFNG",10,0,0,0.937861138316201,0.937861138316201,0.0361,,FALSE
"XLOC_024200","DUS1L",15,0,0,0.274320095103847,0.274320095103847,0.0273666666666667,,FALSE
"XLOC_024201","FASN",6,0,0,0.836528824155335,0.836528824155335,0.0668,,FALSE
"XLOC_024202","CCDC57",17,0,0,0.918834052700237,0.918834052700237,0.0922333333333333,,FALSE
"XLOC_024203","CSNK1D",25,0,2,2.86173657112847e-05,2.86173657112847e-05,0.0635333333333333,,FALSE
"XLOC_024206","SECTM1",5,0,0,0.83567946049466,0.83567946049466,0.0460666666666667,,FALSE
"XLOC_024209","OGFOD3",10,0,0,0.0243911122649197,0.0243911122649197,0.103433333333333,,FALSE
"XLOC_024211","CYBC1",31,0,0,0.0054364114243392,0.0054364114243392,0.031,,FALSE
"XLOC_024212","NARF-AS2",3,0,0,5.77324415699669e-06,5.77324415699669e-06,0.359166666666667,,FALSE
"XLOC_024217","WDR45B",8,0,1,0.87192418585468,0.87192418585468,0.0113,,FALSE
"XLOC_024230","USP14",14,0,5,0.0423934289033905,0.0423934289033905,0.0877333333333333,,FALSE
"XLOC_024235","TYMS",6,0,2,0.844220905645637,0.844220905645637,0.0346,,FALSE
"XLOC_024251","SMCHD1",27,0,3,0.906395543388785,0.906395543388785,0.0199,,FALSE
"XLOC_024259","MYL12A",19,0,9,0.732430239437666,0.732430239437666,0.0323666666666667,,FALSE
"XLOC_024262","TGIF1",17,0,4,0.0226393827625711,0.0226393827625711,0.1555,,FALSE
"XLOC_024266","DLGAP1-AS1",12,0,0,0.555608400365074,0.555608400365074,0.0889,,FALSE
"XLOC_024278","LINC00667",27,0,3,0.592825102759957,0.592825102759957,0.0401333333333333,,FALSE
"XLOC_024300","PTPRM",14,0,3,0.723165781138001,0.723165781138001,0.0949,,FALSE
"XLOC_024316","NDUFV2",20,0,7,0.0382447692360299,0.0382447692360299,0.0936,,FALSE
"XLOC_024321","RALBP1",5,0,0,0.675655076772466,0.675655076772466,0.0778,,FALSE
"XLOC_024326","RAB31",14,0,4,0.549479099707335,0.549479099707335,0.0274000000000001,,FALSE
"XLOC_024329","VAPA",11,0,5,0.983572807706711,0.983572807706711,0.0315333333333333,,FALSE
"XLOC_024338","NAPG",6,0,0,0.917743162458703,0.917743162458703,0.0589666666666666,,FALSE
"XLOC_024358","IMPA2",8,0,1,0.520971889344098,0.520971889344098,0.106533333333333,,FALSE
"XLOC_024369","TUBB6",14,0,5,0.000405169619243201,0.000405169619243201,0.0196333333333333,,FALSE
"XLOC_024375","PSMG2",10,0,3,0.00274389913153722,0.00274389913153722,0.0159,,FALSE
"XLOC_024379","SEH1L",17,0,7,0.515615221855863,0.515615221855863,0.133766666666667,,FALSE
"XLOC_024380","CEP192",16,0,5,0.793421742966545,0.793421742966545,0.116866666666667,,FALSE
"XLOC_024381","LDLRAD4",32,0,6,0.672144559637754,0.672144559637754,0.109766666666667,,FALSE
"XLOC_024386","RNMT",11,0,3,0.0291327423593772,0.0291327423593772,0.163466666666667,,FALSE
"XLOC_024414","SNRPD1",5,0,2,0.117560832986276,0.117560832986276,0.223366666666667,,FALSE
"XLOC_024429","RBBP8",17,0,7,0.372096145552568,0.372096145552568,0.0811333333333333,,FALSE
"XLOC_024433","RIOK3",24,0,15,0.000966258723473987,0.000966258723473987,0.069,,FALSE
"XLOC_024436","RMC1",11,0,0,0.924212790634739,0.924212790634739,0.0854333333333333,,FALSE
"XLOC_024438","TTC39C",6,0,0,0.987335495350982,0.987335495350982,0.0716666666666666,,FALSE
"XLOC_024444","IMPACT",9,0,4,0.939464951745352,0.939464951745352,0.0676666666666667,,FALSE
"XLOC_024500","RNF125",14,0,5,0.342326973519476,0.342326973519476,0.240433333333333,,FALSE
"XLOC_024514","DTNA",39,0,14,0.695922782606947,0.695922782606947,0.0719666666666667,,FALSE
"XLOC_024515","MAPRE2",15,0,3,0.546460112740184,0.546460112740184,0.0273333333333333,,FALSE
"XLOC_024518","ZNF397",10,0,0,0.00220866444022421,0.00220866444022421,0.172733333333333,,FALSE
"XLOC_024521","ZNF271P",6,0,2,0.993340669334172,0.993340669334172,0.0987,,FALSE
"XLOC_024523","GALNT1",12,0,7,0.029159259177698,0.029159259177698,0.0742,,FALSE
"XLOC_024528","C18orf21",5,0,1,0.803266966165564,0.803266966165564,0.110566666666667,,FALSE
"XLOC_024529","ELP2",27,0,11,0.675636247053236,0.675636247053236,0.0558666666666667,,FALSE
"XLOC_024552","PIK3C3",20,0,6,0.000995371690638841,0.000995371690638841,0.0794,,FALSE
"XLOC_024573","SIGLEC15",5,0,0,0.0393900855405315,0.0393900855405315,0.256866666666667,,FALSE
"XLOC_024575","HAUS1",9,0,1,0.764981671520078,0.764981671520078,0.0377,,FALSE
"XLOC_024597","CTIF",8,0,0,0.291806272125457,0.291806272125457,0.2932,,FALSE
"XLOC_024617","SKA1",6,0,4,0.954186153425253,0.954186153425253,0.182766666666667,,FALSE
"XLOC_024622","ME2",23,1,8,0.00260740296019743,0.00260740296019743,0.1619,0.1619,FALSE
"XLOC_024623","ELAC1",30,0,7,0.162991723502844,0.162991723502844,0.0780666666666667,,FALSE
"XLOC_024633","POLI",15,0,3,0.954732212167376,0.954732212167376,0.082,,FALSE
"XLOC_024655","WDR7",14,0,7,0.68531223577643,0.68531223577643,0.0887666666666667,,FALSE
"XLOC_024662","XLOC_024662",9,0,1,0.720290546385294,0.720290546385294,0.175466666666667,,FALSE
"XLOC_024665","NEDD4L",39,0,9,0.499589904787958,0.499589904787958,0.0886333333333333,,FALSE
"XLOC_024675","MALT1",13,0,3,0.691899793126737,0.691899793126737,0.0632,,FALSE
"XLOC_024679","ZNF532",15,0,3,0.18394580767213,0.18394580767213,0.156733333333333,,FALSE
"XLOC_024682","SEC11C",9,0,2,0.900262985610363,0.900262985610363,0.0144,,FALSE
"XLOC_024693","PMAIP1",3,0,2,0.0287199240959075,0.0287199240959075,0.0104333333333333,,FALSE
"XLOC_024713","RELCH",16,0,4,0.022146892503738,0.022146892503738,0.103733333333333,,FALSE
"XLOC_024733","SERPINB7",15,0,8,0.150707730369,0.150707730369,0.0409666666666667,,FALSE
"XLOC_024734","HMSD",21,0,13,0.11881649503422,0.11881649503422,0.0925,,FALSE
"XLOC_024750","CCDC102B",16,0,7,0.934421424398704,0.934421424398704,0.0298333333333334,,FALSE
"XLOC_024785","CNDP2",39,0,15,0.798632988688063,0.798632988688063,0.0330666666666667,,FALSE
"XLOC_024788","ZNF407",7,0,1,0.953223326941928,0.953223326941928,0.0807,,FALSE
"XLOC_024809","ZNF236",4,0,0,0.823750641916131,0.823750641916131,0.243566666666667,,FALSE
"XLOC_024824","ATP9B",24,0,5,0.031808958027155,0.031808958027155,0.0382333333333333,,FALSE
"XLOC_024826","XLOC_024826",2,0,1,0.762462462466488,0.762462462466488,0.205466666666667,,FALSE
"XLOC_024829","NFATC1",12,0,1,0.335848449768542,0.335848449768542,0.0757333333333333,,FALSE
"XLOC_024835","CTDP1",7,0,1,0.997218785055414,0.997218785055414,0.0374666666666667,,FALSE
"XLOC_024839","HSBP1L1",6,0,1,0.69058910382743,0.69058910382743,0.0863666666666667,,FALSE
"XLOC_024842","ADNP2",3,0,0,0.862835370484256,0.862835370484256,0.0194666666666667,,FALSE
"XLOC_024852","THOC1",23,0,10,0.965542362006125,0.965542362006125,0.0522666666666667,,FALSE
"XLOC_024860","ENOSF1",35,0,14,0.323156085007626,0.323156085007626,0.0458666666666667,,FALSE
"XLOC_024876","METTL4",13,0,5,0.15531698662956,0.15531698662956,0.116666666666667,,FALSE
"XLOC_024882","LPIN2",5,0,2,0.181703068133553,0.181703068133553,0.127533333333333,,FALSE
"XLOC_024902","ZBTB14",8,0,4,0.106152463438979,0.106152463438979,0.4126,,FALSE
"XLOC_024904","EPB41L3",30,0,7,0.0356228143474129,0.0356228143474129,0.0637333333333333,,FALSE
"XLOC_024910","RPL6P27",3,0,0,0.381634845797267,0.381634845797267,0.324466666666667,,FALSE
"XLOC_024936","PPP4R1",26,0,8,0.0199938751256899,0.0199938751256899,0.0459666666666667,,FALSE
"XLOC_024967","MPPE1",26,0,8,0.619789433126624,0.619789433126624,0.1016,,FALSE
"XLOC_024982","AFG3L2",15,0,6,0.982500711699149,0.982500711699149,0.0515666666666667,,FALSE
"XLOC_024988","PTPN2",29,0,14,0.0696390525455855,0.0696390525455855,0.0844333333333333,,FALSE
"XLOC_025005","FAM210A",6,0,0,0.0990154503019327,0.0990154503019327,0.0695,,FALSE
"XLOC_025037","ROCK1",18,0,11,6.31056388521968e-14,6.31056388521968e-14,0.0956666666666667,,FALSE
"XLOC_025044","ESCO1",9,0,6,0.850830071586808,0.850830071586808,0.1409,,FALSE
"XLOC_025045","ABHD3",10,0,1,0.928381659407907,0.928381659407907,0.0181666666666667,,FALSE
"XLOC_025066","TMEM241",14,0,2,0.302442566845394,0.302442566845394,0.200233333333333,,FALSE
"XLOC_025068","NPC1",34,0,22,0.0124999377837813,0.0124999377837813,0.0796,,FALSE
"XLOC_025070","ANKRD29",8,0,3,0.895582837225462,0.895582837225462,0.0766666666666667,,FALSE
"XLOC_025079","OSBPL1A",22,0,9,0.89050342062903,0.89050342062903,0.0731333333333333,,FALSE
"XLOC_025092","SS18",26,0,13,0.782440545705398,0.782440545705398,0.094,,FALSE
"XLOC_025127","TRAPPC8",16,0,6,0.685120959987631,0.685120959987631,0.0600333333333333,,FALSE
"XLOC_025154","INO80C",14,0,7,0.959531313519163,0.959531313519163,0.0770666666666667,,FALSE
"XLOC_025159","RPRD1A",10,0,4,0.346424151203344,0.346424151203344,0.205066666666667,,FALSE
"XLOC_025160","SLC39A6",8,1,5,0.00325976358103795,0.00325976358103795,0.1666,0.1666,TRUE
"XLOC_025164","TPGS2",20,0,6,0.00617664319389193,0.00617664319389193,0.0754666666666667,,FALSE
"XLOC_025196","EPG5",23,0,6,0.00465943326946817,0.00465943326946817,0.105566666666667,,FALSE
"XLOC_025197","PSTPIP2",18,0,13,0.212193343418807,0.212193343418807,0.087,,FALSE
"XLOC_025200","ATP5F1A",31,0,14,0.620695371829135,0.620695371829135,0.0496,,FALSE
"XLOC_025206","PIAS2",11,0,2,0.458386897354376,0.458386897354376,0.197766666666667,,FALSE
"XLOC_025216","HDHD2",25,0,13,5.94997512116467e-05,5.94997512116467e-05,0.0728333333333333,,FALSE
"XLOC_025219","SMAD2",19,0,9,0.387534447565405,0.387534447565405,0.0704,,FALSE
"XLOC_025222","ZBTB7C",20,0,0,0.936147739750046,0.936147739750046,0.139766666666667,,FALSE
"XLOC_025230","SMAD7",6,0,0,0.113819170409276,0.113819170409276,0.0487000000000001,,FALSE
"XLOC_025232","DYM",21,0,6,0.274320095103847,0.274320095103847,0.0609666666666667,,FALSE
"XLOC_025235","C18orf32",33,0,8,0.121594152195759,0.121594152195759,0.0202333333333333,,FALSE
"XLOC_025238","ACAA2",18,0,11,0.0380812473872373,0.0380812473872373,0.0394666666666667,,FALSE
"XLOC_025246","MBD1",25,0,5,0.256128217799662,0.256128217799662,0.0193,,FALSE
"XLOC_025247","CXXC1",18,0,2,0.342248685557292,0.342248685557292,0.0859333333333333,,FALSE
"XLOC_025271","TCF4",30,0,1,0.517762387662542,0.517762387662542,0.151233333333333,,FALSE
"XLOC_025278","TXNL1",16,0,6,0.989013152462606,0.989013152462606,0.0197,,FALSE
"XLOC_025285","FECH",16,0,4,0.101545508821387,0.101545508821387,0.0758333333333333,,FALSE
"XLOC_025287","NARS1",24,0,19,0.026595595230176,0.026595595230176,0.128666666666667,,FALSE
"XLOC_025318","PIGN",62,0,26,4.04686226283895e-05,4.04686226283895e-05,0.0878666666666667,,FALSE
"XLOC_025325","BCL2",8,0,1,0.374106907325334,0.374106907325334,0.0794666666666667,,FALSE
"XLOC_025327","KDSR",12,0,0,0.303077499064175,0.303077499064175,0.0719666666666667,,FALSE
"XLOC_025328","VPS4B",13,0,8,0.179730489687736,0.179730489687736,0.0591333333333333,,FALSE
"XLOC_025353","TMX3",17,0,6,0.917940536784969,0.917940536784969,0.0668333333333333,,FALSE
"XLOC_025361","CD226",7,0,0,0.770522174946161,0.770522174946161,0.0804666666666667,,FALSE
"XLOC_025380","FBXO15",13,0,6,3.75881938111013e-05,3.75881938111013e-05,0.274933333333333,,FALSE
"XLOC_025391","ZADH2",3,0,0,0.908222795538352,0.908222795538352,0.1615,,FALSE
"XLOC_025413","MBP",23,0,4,0.559983536452013,0.559983536452013,0.129466666666667,,FALSE
"XLOC_025437","SLC66A2",11,0,0,0.150807773281896,0.150807773281896,0.0561333333333334,,FALSE
"XLOC_025439","TXNL4A",12,0,0,0.671589766496791,0.671589766496791,0.0579333333333333,,FALSE
"XLOC_025455","TPGS1",2,0,0,0.584902776938218,0.584902776938218,0.0324,,FALSE
"XLOC_025456","CDC34",7,0,0,0.589965646371783,0.589965646371783,0.0459333333333333,,FALSE
"XLOC_025458","BSG",22,0,3,0.75350894064398,0.75350894064398,0.00606666666666666,,FALSE
"XLOC_025467","PTBP1",21,0,0,0.133617453535676,0.133617453535676,0.0777333333333333,,FALSE
"XLOC_025475","ARID3A",7,0,0,0.948186974774344,0.948186974774344,0.0517666666666667,,FALSE
"XLOC_025481","CNN2",15,0,5,0.281579641726267,0.281579641726267,0.0446666666666667,,FALSE
"XLOC_025482","ABCA7",15,0,1,0.209139894536758,0.209139894536758,0.180366666666667,,FALSE
"XLOC_025483","ARHGAP45",11,0,1,0.092323900422966,0.092323900422966,0.0814,,FALSE
"XLOC_025485","STK11",9,0,0,0.183190120016525,0.183190120016525,0.256166666666667,,FALSE
"XLOC_025488","ATP5F1D",8,0,0,0.981223855852554,0.981223855852554,0.08,,FALSE
"XLOC_025490","CIRBP",33,0,4,6.99702354257455e-06,6.99702354257455e-06,0.0633333333333333,,FALSE
"XLOC_025494","PWWP3A",16,0,2,0.927078553612221,0.927078553612221,0.0487333333333333,,FALSE
"XLOC_025495","NDUFS7",18,0,1,0.30637121212313,0.30637121212313,0.0161,,FALSE
"XLOC_025496","DAZAP1",10,0,0,0.871991849333234,0.871991849333234,0.0644333333333333,,FALSE
"XLOC_025497","RPS15",13,0,3,0.0991981723627753,0.0991981723627753,0.1129,,FALSE
"XLOC_025512","SCAMP4",14,0,0,0.594530973751961,0.594530973751961,0.0634,,FALSE
"XLOC_025513","CSNK1G2",9,0,0,0.843973425911853,0.843973425911853,0.0263333333333333,,FALSE
"XLOC_025516","DOT1L",9,0,0,0.936522434960961,0.936522434960961,0.0239999999999999,,FALSE
"XLOC_025517","SF3A2",6,0,0,0.896049900987671,0.896049900987671,0.0199,,FALSE
"XLOC_025519","OAZ1",24,0,2,0.445893376303456,0.445893376303456,0.0147333333333333,,FALSE
"XLOC_025522","GADD45B",8,0,1,0.0015462142083948,0.0015462142083948,0.0885666666666667,,FALSE
"XLOC_025540","NCLN",8,0,0,0.832934934290637,0.832934934290637,0.0328333333333333,,FALSE
"XLOC_025542","NFIC",9,0,0,0.262467002453451,0.262467002453451,0.2197,,FALSE
"XLOC_025544","FZR1",8,0,0,0.443109781487997,0.443109781487997,0.101366666666667,,FALSE
"XLOC_025548","HMG20B",16,0,0,0.0482955546913606,0.0482955546913606,0.0239333333333334,,FALSE
"XLOC_025557","NMRK2",3,0,0,0.953197231168096,0.953197231168096,0.162933333333333,,FALSE
"XLOC_025567","MPND",8,0,0,0.0964625178206351,0.0964625178206351,0.0295,,FALSE
"XLOC_025574","HDGFL2",7,0,0,0.895144608571601,0.895144608571601,0.0475666666666667,,FALSE
"XLOC_025590","SAFB",15,0,2,0.899279907683539,0.899279907683539,0.0261666666666667,,FALSE
"XLOC_025591","RPL36",23,0,2,5.39521076645973e-06,5.39521076645973e-06,0.1876,,FALSE
"XLOC_025605","CLPP",7,0,1,0.940499378828534,0.940499378828534,0.0402,,FALSE
"XLOC_025606","ALKBH7",3,1,0,0.0180417465765129,0.0180417465765129,0.191733333333333,0.191733333333333,FALSE
"XLOC_025613","TRIP10",11,0,1,0.0781507688167146,0.0781507688167146,0.0862666666666666,,FALSE
"XLOC_025614","VAV1",16,0,7,0.945963893751699,0.945963893751699,0.0210666666666667,,FALSE
"XLOC_025615","ADGRE1",7,0,1,0.928381659407907,0.928381659407907,0.1579,,FALSE
"XLOC_025623","ARHGEF18",7,0,0,0.835908483546989,0.835908483546989,0.0836666666666667,,FALSE
"XLOC_025624","TEX45",4,0,0,0.699991078974213,0.699991078974213,0.1399,,FALSE
"XLOC_025625","MCOLN1",36,0,1,0.351746949268173,0.351746949268173,0.0447333333333333,,FALSE
"XLOC_025628","PET100",28,0,3,0.128733555383296,0.128733555383296,0.0240333333333333,,FALSE
"XLOC_025631","MCEMP1",9,1,3,4.06549432046011e-05,4.06549432046011e-05,0.220566666666667,0.220566666666667,FALSE
"XLOC_025635","EVI5L",4,0,0,0.561649942203731,0.561649942203731,0.0616333333333333,,FALSE
"XLOC_025640","SNAPC2",6,1,0,0.0228451896830353,0.0228451896830353,0.307333333333333,0.307333333333333,FALSE
"XLOC_025649","RPS28",5,1,1,0.0019400256866325,0.0019400256866325,0.298,0.2385,FALSE
"XLOC_025654","HNRNPM",18,0,5,0.964383757428979,0.964383757428979,0.0291666666666666,,FALSE
"XLOC_025664","ZNF317",15,0,12,0.0718349141260016,0.0718349141260016,0.0849,,FALSE
"XLOC_025671","ZNF559",34,0,16,0.951755376660358,0.951755376660358,0.0909,,FALSE
"XLOC_025676","ZNF561-AS1",21,0,1,0.0252410648194897,0.0252410648194897,0.204266666666667,,FALSE
"XLOC_025683","UBL5",9,0,3,0.705899742126659,0.705899742126659,0.0273,,FALSE
"XLOC_025684","PIN1",10,0,0,0.268815368335277,0.268815368335277,0.0229,,FALSE
"XLOC_025689","SHFL",11,0,1,0.940395338667566,0.940395338667566,0.0296333333333333,,FALSE
"XLOC_025690","PPAN-P2RY11",13,0,2,0.268962914864283,0.268962914864283,0.101333333333333,,FALSE
"XLOC_025694","MRPL4",8,0,0,0.0395285378563031,0.0395285378563031,0.0376333333333333,,FALSE
"XLOC_025695","ICAM1",22,0,18,0.864704113784313,0.864704113784313,0.0696666666666667,,FALSE
"XLOC_025696","ICAM4",4,0,1,0.99531550011768,0.99531550011768,0.138566666666667,,FALSE
"XLOC_025700","ATG4D",11,0,0,0.0959802844501057,0.0959802844501057,0.0980333333333333,,FALSE
"XLOC_025702","SLC44A2",13,0,4,0.686815583050772,0.686815583050772,0.0902999999999999,,FALSE
"XLOC_025703","ILF3",26,0,7,0.159326857520384,0.159326857520384,0.0493333333333333,,FALSE
"XLOC_025705","DNM2",21,0,1,0.179073729736035,0.179073729736035,0.0448,,FALSE
"XLOC_025709","C19orf38",4,0,1,0.832500025052994,0.832500025052994,0.124566666666667,,FALSE
"XLOC_025711","CARM1",9,0,0,0.876511956623,0.876511956623,0.109066666666667,,FALSE
"XLOC_025713","SMARCA4",37,0,0,0.0640350495006348,0.0640350495006348,0.113766666666667,,FALSE
"XLOC_025715","LDLR",19,0,5,0.00288464957888586,0.00288464957888586,0.0862,,FALSE
"XLOC_025722","CCDC159",18,0,3,0.156913288201371,0.156913288201371,0.0619333333333333,,FALSE
"XLOC_025723","PLPPR2",8,0,0,0.759500167863383,0.759500167863383,0.106133333333333,,FALSE
"XLOC_025726","PRKCSH",23,0,2,0.880700293790871,0.880700293790871,0.117733333333333,,FALSE
"XLOC_025730","ZNF627",6,0,3,0.336568123481515,0.336568123481515,0.220066666666667,,FALSE
"XLOC_025733","ZNF441",2,0,0,0.981223855852554,0.981223855852554,0.0671333333333333,,FALSE
"XLOC_025735","ZNF440",13,0,4,0.801768515075323,0.801768515075323,0.0886333333333333,,FALSE
"XLOC_025736","ZNF700",14,0,4,0.297559504146498,0.297559504146498,0.0758,,FALSE
"XLOC_025739","ZNF433-AS1",18,0,2,0.653738759724065,0.653738759724065,0.0467,,FALSE
"XLOC_025744","ZNF136",5,0,3,0.874321804874434,0.874321804874434,0.0532666666666667,,FALSE
"XLOC_025758","WDR83",12,0,1,0.192348191055445,0.192348191055445,0.1766,,FALSE
"XLOC_025762","GET3",5,0,3,0.0419765826135631,0.0419765826135631,0.0678333333333333,,FALSE
"XLOC_025772","GCDH",12,0,1,0.629451099495709,0.629451099495709,0.0437333333333333,,FALSE
"XLOC_025776","CALR",15,0,8,0.278684462219015,0.278684462219015,0.0387666666666667,,FALSE
"XLOC_025778","RAD23A",13,0,7,0.958993123121087,0.958993123121087,0.0393666666666666,,FALSE
"XLOC_025782","NACC1",3,0,0,0.5720620299975,0.5720620299975,0.0388999999999999,,FALSE
"XLOC_025784","IER2",3,2,1,3.44591246925931e-21,3.44591246925931e-21,0.438933333333333,0.438933333333333,TRUE
"XLOC_025786","MRI1",6,0,0,0.0921264261531344,0.0921264261531344,0.155333333333333,,FALSE
"XLOC_025787","C19orf53",5,0,1,0.985105142170181,0.985105142170181,0.0364666666666667,,FALSE
"XLOC_025792","CC2D1A",15,0,0,0.309681456769896,0.309681456769896,0.1798,,FALSE
"XLOC_025793","DCAF15",6,0,0,0.747619894538212,0.747619894538212,0.0707666666666667,,FALSE
"XLOC_025800","ADGRL1-AS1",3,0,0,0.336256195022388,0.336256195022388,0.3161,,FALSE
"XLOC_025804","ADGRE5",17,0,5,0.564845562985891,0.564845562985891,0.0226666666666667,,FALSE
"XLOC_025808","TECR",21,0,5,0.0908635562504698,0.0908635562504698,0.0102,,FALSE
"XLOC_025847","TPM4",32,0,7,0.350489833670465,0.350489833670465,0.0289666666666667,,FALSE
"XLOC_025848","RAB8A",17,0,6,1.20000397143993e-10,1.20000397143993e-10,0.085,,FALSE
"XLOC_025849","FAM32A",7,0,5,0.363429148402283,0.363429148402283,0.0091,,FALSE
"XLOC_025870","SIN3B",12,0,0,0.0372666042201507,0.0372666042201507,0.1318,,FALSE
"XLOC_025876","MYO9B",17,0,0,0.0874104910037319,0.0874104910037319,0.0575333333333334,,FALSE
"XLOC_025878","OCEL1",13,0,0,0.0140373478396739,0.0140373478396739,0.0998666666666667,,FALSE
"XLOC_025879","BABAM1",22,0,3,0.324072580955936,0.324072580955936,0.102833333333333,,FALSE
"XLOC_025880","MRPL34",3,0,0,0.854397393251175,0.854397393251175,0.0411,,FALSE
"XLOC_025882","GTPBP3",18,0,0,0.294354435041292,0.294354435041292,0.1452,,FALSE
"XLOC_025884","BISPR",34,0,8,9.62449831961921e-05,9.62449831961921e-05,0.188933333333333,,FALSE
"XLOC_025886","PGLS",6,0,0,0.561596151920083,0.561596151920083,0.0189,,FALSE
"XLOC_025891","MAP1S",13,0,0,0.677886553815146,0.677886553815146,0.103466666666667,,FALSE
"XLOC_025892","FCHO1",12,0,0,0.424161936679909,0.424161936679909,0.5175,,FALSE
"XLOC_025896","CCDC124",4,0,0,0.0447696678844067,0.0447696678844067,0.0211,,FALSE
"XLOC_025899","ARRDC2",8,0,0,0.940782746491402,0.940782746491402,0.114833333333333,,FALSE
"XLOC_025904","PIK3R2",36,0,31,7.4125292080545e-06,7.4125292080545e-06,0.071,,FALSE
"XLOC_025905","MPV17L2",2,0,0,0.853732427957438,0.853732427957438,0.0286333333333334,,FALSE
"XLOC_025909","PGPEP1",11,0,3,0.758050242048675,0.758050242048675,0.173333333333333,,FALSE
"XLOC_025910","GDF15",3,0,0,0.953024952794649,0.953024952794649,0.00163333333333326,,FALSE
"XLOC_025917","KXD1",17,0,5,0.00167927395355066,0.00167927395355066,0.0150666666666667,,FALSE
"XLOC_025918","UBA52",15,0,5,0.000316378684649635,0.000316378684649635,0.0042,,FALSE
"XLOC_025919","REX1BD",8,0,0,0.739957063378438,0.739957063378438,0.0349666666666667,,FALSE
"XLOC_025922","CRTC1",4,0,0,0.839010863403824,0.839010863403824,0.0962666666666667,,FALSE
"XLOC_025923","UPF1",7,0,0,0.239415264235497,0.239415264235497,0.1095,,FALSE
"XLOC_025927","ARMC6",17,0,1,0.77173833491898,0.77173833491898,0.0745,,FALSE
"XLOC_025929","RFXANK",17,0,7,0.0146206123888453,0.0146206123888453,0.0495333333333334,,FALSE
"XLOC_025933","MAU2",16,0,1,0.904809583452084,0.904809583452084,0.0669333333333333,,FALSE
"XLOC_025934","GATAD2A",11,0,0,0.77173833491898,0.77173833491898,0.1089,,FALSE
"XLOC_025936","NDUFA13",12,0,0,0.526372580475332,0.526372580475332,0.00326666666666664,,FALSE
"XLOC_025948","ZNF93",12,0,5,0.00882330506443652,0.00882330506443652,0.229133333333333,,FALSE
"XLOC_025968","ZNF85",12,0,6,0.816221970180113,0.816221970180113,0.155666666666667,,FALSE
"XLOC_025972","ZNF430",7,0,3,0.925654887542443,0.925654887542443,0.0621999999999999,,FALSE
"XLOC_025974","ZNF714",10,0,0,0.76160839800511,0.76160839800511,0.0951,,FALSE
"XLOC_025975","ZNF431",13,0,6,0.00306200363253132,0.00306200363253132,0.2437,,FALSE
"XLOC_025979","ZNF493",19,0,2,0.709961303979731,0.709961303979731,0.0722333333333333,,FALSE
"XLOC_025988","ZNF257",8,0,0,0.189307398078271,0.189307398078271,0.215066666666667,,FALSE
"XLOC_026034","ZNF254",31,0,5,0.327223481001579,0.327223481001579,0.2022,,FALSE
"XLOC_026037","XLOC_026037",25,0,0,0.0229852789825532,0.0229852789825532,0.1403,,FALSE
"XLOC_026054","POP4",16,0,5,0.30904954666811,0.30904954666811,0.0550666666666667,,FALSE
"XLOC_026057","CCNE1",6,0,1,0.301616100831803,0.301616100831803,0.284266666666667,,FALSE
"XLOC_026083","PDCD5",10,1,4,4.8400691145996e-31,4.8400691145996e-31,0.2401,0.2401,TRUE
"XLOC_026091","FAAP24",3,0,0,0.290672300742418,0.290672300742418,0.112166666666667,,FALSE
"XLOC_026110","LSM14A",16,0,9,0.0218611885863255,0.0218611885863255,0.0783333333333333,,FALSE
"XLOC_026112","GPI",34,0,11,0.0501262806511574,0.0501262806511574,0.0313,,FALSE
"XLOC_026113","UBA2",15,0,7,0.846504381866411,0.846504381866411,0.063,,FALSE
"XLOC_026118","ZNF181",6,0,2,0.0230952362268556,0.0230952362268556,0.4209,,FALSE
"XLOC_026124","GRAMD1A",15,0,1,0.000370739695152615,0.000370739695152615,0.0437,,FALSE
"XLOC_026125","SCN1B",10,0,0,0.128671121831384,0.128671121831384,0.0753333333333333,,FALSE
"XLOC_026130","LSR",9,0,1,0.569520106188488,0.569520106188488,0.115433333333333,,FALSE
"XLOC_026132","USF2",15,0,0,0.795012675011584,0.795012675011584,0.0841000000000001,,FALSE
"XLOC_026135","CD22",42,0,18,0.0396864994256551,0.0396864994256551,0.0657,,FALSE
"XLOC_026144","TMEM147",10,0,1,0.488168481017099,0.488168481017099,0.0342,,FALSE
"XLOC_026149","RBM42",7,0,0,0.968014540284066,0.968014540284066,0.0307666666666667,,FALSE
"XLOC_026151","COX6B1",6,0,3,0.953864977031182,0.953864977031182,0.00436666666666663,,FALSE
"XLOC_026154","KMT2B",23,0,0,0.00119037176308776,0.00119037176308776,0.082,,FALSE
"XLOC_026157","PROSER3",16,0,2,0.487944669453145,0.487944669453145,0.0626,,FALSE
"XLOC_026168","WDR62",28,0,0,0.46779284325144,0.46779284325144,0.134233333333333,,FALSE
"XLOC_026171","TBCB",15,0,1,0.131324101655631,0.131324101655631,0.0292,,FALSE
"XLOC_026172","CAPNS1",17,0,3,0.102683590768233,0.102683590768233,0.0100666666666667,,FALSE
"XLOC_026179","ZNF529-AS1",17,0,4,0.0270239409998265,0.0270239409998265,0.2549,,FALSE
"XLOC_026181","ZNF567",13,0,8,0.784668464669517,0.784668464669517,0.1758,,FALSE
"XLOC_026186","ZNF568",12,0,1,0.110416899629889,0.110416899629889,0.205133333333333,,FALSE
"XLOC_026189","ZNF383",6,0,3,0.570460265482998,0.570460265482998,0.105966666666667,,FALSE
"XLOC_026194","ZNF527",9,0,2,0.672861800373243,0.672861800373243,0.1382,,FALSE
"XLOC_026201","SIPA1L3",8,0,0,0.749804014394886,0.749804014394886,0.2433,,FALSE
"XLOC_026209","CATSPERG",14,0,0,0.801351526909257,0.801351526909257,0.1588,,FALSE
"XLOC_026210","PSMD8",10,0,4,0.913484819649801,0.913484819649801,0.0256333333333333,,FALSE
"XLOC_026213","FAM98C",7,0,0,0.859297392377757,0.859297392377757,0.111033333333333,,FALSE
"XLOC_026216","EIF3K",17,0,7,0.887466958791137,0.887466958791137,0.0371333333333333,,FALSE
"XLOC_026217","ACTN4",9,0,0,0.713853320715964,0.713853320715964,0.0905666666666667,,FALSE
"XLOC_026223","MRPS12",4,0,1,0.766536598633235,0.766536598633235,0.0614666666666667,,FALSE
"XLOC_026227","PAK4",7,0,1,0.992965244118601,0.992965244118601,0.0742,,FALSE
"XLOC_026232","SAMD4B",9,0,0,0.9964925333746,0.9964925333746,0.0912333333333333,,FALSE
"XLOC_026234","MED29",4,0,0,0.985105142170181,0.985105142170181,0.0109999999999999,,FALSE
"XLOC_026238","SUPT5H",14,0,0,0.827417454988903,0.827417454988903,0.0553666666666667,,FALSE
"XLOC_026239","TIMM50",19,0,3,0.342326973519476,0.342326973519476,0.0325,,FALSE
"XLOC_026257","PSMC4",11,0,6,0.526133705508217,0.526133705508217,0.107466666666667,,FALSE
"XLOC_026260","MAP3K10",7,0,0,0.806208985380417,0.806208985380417,0.158366666666667,,FALSE
"XLOC_026262","PLD3",29,0,9,6.06677933567072e-07,6.06677933567072e-07,0.0056,,FALSE
"XLOC_026268","SHKBP1",26,0,1,0.689181769435212,0.689181769435212,0.0567,,FALSE
"XLOC_026269","LTBP4",31,0,0,0.0229258946172885,0.0229258946172885,0.0762666666666667,,FALSE
"XLOC_026271","SNRPA",11,0,1,0.679544764634978,0.679544764634978,0.0154333333333333,,FALSE
"XLOC_026272","MIA-RAB4B",30,0,2,0.909398818108165,0.909398818108165,0.0363333333333333,,FALSE
"XLOC_026283","HNRNPUL1",17,0,0,0.150928011466636,0.150928011466636,0.0659333333333334,,FALSE
"XLOC_026285","TMEM91",29,0,9,0.0879123371715796,0.0879123371715796,0.0501,,FALSE
"XLOC_026293","CEACAM21",10,0,4,0.0129519077019333,0.0129519077019333,0.298333333333333,,FALSE
"XLOC_026300","RPS19",13,0,7,9.55681322752471e-11,9.55681322752471e-11,0.0410666666666667,,FALSE
"XLOC_026303","ARHGEF1",18,0,0,0.2821788257955,0.2821788257955,0.0915,,FALSE
"XLOC_026308","CIC",8,0,0,0.567136210832389,0.567136210832389,0.0726333333333333,,FALSE
"XLOC_026325","PINLYP",23,0,12,0.546460112740184,0.546460112740184,0.263866666666667,,FALSE
"XLOC_026329","ZNF283",9,0,4,0.17503818081549,0.17503818081549,0.299166666666667,,FALSE
"XLOC_026332","ZNF221",14,0,6,0.724713066606187,0.724713066606187,0.268,,FALSE
"XLOC_026336","ZNF222",12,0,2,0.332285333073951,0.332285333073951,0.0863666666666667,,FALSE
"XLOC_026337","ZNF224",8,0,1,0.952492655340824,0.952492655340824,0.0682,,FALSE
"XLOC_026338","ZNF225",6,0,4,0.968190480968124,0.968190480968124,0.0758666666666666,,FALSE
"XLOC_026340","ZNF226",19,0,7,0.0952797460620074,0.0952797460620074,0.175066666666667,,FALSE
"XLOC_026341","ZNF227",14,0,5,0.0558434147381149,0.0558434147381149,0.3004,,FALSE
"XLOC_026347","PVR",24,0,12,0.00838291429180364,0.00838291429180364,0.0738666666666667,,FALSE
"XLOC_026358","TOMM40",7,0,1,0.140672201263937,0.140672201263937,0.262133333333333,,FALSE
"XLOC_026359","APOE",30,0,12,0.739048155772,0.739048155772,0.0294,,FALSE
"XLOC_026360","APOC4",15,0,11,0.201835301297083,0.201835301297083,0.0465,,FALSE
"XLOC_026361","CLPTM1",13,0,1,0.975748589055726,0.975748589055726,0.006,,FALSE
"XLOC_026362","RELB",7,0,0,0.460120850885918,0.460120850885918,0.096,,FALSE
"XLOC_026363","CLASRP",15,1,0,0.00674216766886779,0.00674216766886779,0.150266666666667,0.150266666666667,FALSE
"XLOC_026365","GEMIN7",20,0,6,0.0334980334921573,0.0334980334921573,0.137233333333333,,FALSE
"XLOC_026367","BLOC1S3",5,0,0,0.85933643682456,0.85933643682456,0.0195666666666667,,FALSE
"XLOC_026371","FOSB",8,0,0,0.342707791583977,0.342707791583977,0.288433333333333,,FALSE
"XLOC_026372","PPM1N",8,0,2,0.99599592947764,0.99599592947764,0.1028,,FALSE
"XLOC_026373","VASP",11,0,1,0.356032501944093,0.356032501944093,0.0325333333333333,,FALSE
"XLOC_026378","QPCTL",7,0,0,0.2898999963461,0.2898999963461,0.0711666666666667,,FALSE
"XLOC_026384","CCDC61",7,0,0,0.724865121689104,0.724865121689104,0.0987,,FALSE
"XLOC_026394","PPP5C",15,0,0,0.981119279913981,0.981119279913981,0.0316666666666666,,FALSE
"XLOC_026399","CALM3",14,0,2,0.212808070757927,0.212808070757927,0.0696666666666667,,FALSE
"XLOC_026403","FKRP",15,0,0,0.580486782886639,0.580486782886639,0.0652,,FALSE
"XLOC_026409","SAE1",21,0,12,0.918834052700237,0.918834052700237,0.0731333333333333,,FALSE
"XLOC_026411","CCDC9",6,0,0,0.587099724598463,0.587099724598463,0.144366666666667,,FALSE
"XLOC_026413","C5AR1",9,0,7,0.604327730210137,0.604327730210137,0.0240999999999999,,FALSE
"XLOC_026423","NOP53",8,0,0,0.395248656093338,0.395248656093338,0.114933333333333,,FALSE
"XLOC_026424","SELENOW",14,0,3,0.86236189629671,0.86236189629671,0.0424333333333333,,FALSE
"XLOC_026436","EMP3",10,0,3,0.997394120339627,0.997394120339627,0.0503666666666667,,FALSE
"XLOC_026439","GRWD1",16,0,1,0.974516085232576,0.974516085232576,0.00923333333333333,,FALSE
"XLOC_026442","SPHK2",10,0,0,0.922738538409757,0.922738538409757,0.1951,,FALSE
"XLOC_026448","PPP1R15A",3,0,1,0.982299641667162,0.982299641667162,0.0698666666666667,,FALSE
"XLOC_026449","NUCB1",16,0,5,0.968451408607522,0.968451408607522,0.023,,FALSE
"XLOC_026451","DHDH",3,0,0,0.0170077377080325,0.0170077377080325,0.182366666666667,,FALSE
"XLOC_026452","BAX",11,0,2,0.971508688765754,0.971508688765754,0.0186,,FALSE
"XLOC_026454","FTL",24,0,24,0.003632797536471,0.003632797536471,0.0249666666666666,,FALSE
"XLOC_026455","RUVBL2",12,0,2,0.538681999193378,0.538681999193378,0.0529666666666667,,FALSE
"XLOC_026464","SNRNP70",9,0,0,0.989085804246255,0.989085804246255,0.0555666666666667,,FALSE
"XLOC_026465","LIN7B",7,0,0,0.506663368640901,0.506663368640901,0.393133333333333,,FALSE
"XLOC_026469","CD37",19,0,6,0.976812478543819,0.976812478543819,0.0854,,FALSE
"XLOC_026474","ALDH16A1",39,0,8,0.074377928222502,0.074377928222502,0.0635666666666666,,FALSE
"XLOC_026475","RPS11",13,0,5,0.0514690807805623,0.0514690807805623,0.00196666666666667,,FALSE
"XLOC_026476","FCGRT",24,0,7,0.0297809754903334,0.0297809754903334,0.0590333333333333,,FALSE
"XLOC_026479","PRRG2",3,0,0,0.938016902092553,0.938016902092553,0.2361,,FALSE
"XLOC_026481","SCAF1",4,0,0,0.0312111978433548,0.0312111978433548,0.0314666666666667,,FALSE
"XLOC_026483","PRMT1",17,0,1,0.87050986753552,0.87050986753552,0.0355,,FALSE
"XLOC_026487","AP2A1",8,0,0,0.579184297858777,0.579184297858777,0.00763333333333333,,FALSE
"XLOC_026490","MED25",7,0,0,0.981303031588092,0.981303031588092,0.0849,,FALSE
"XLOC_026491","PTOV1",19,0,0,0.0492262532792066,0.0492262532792066,0.1857,,FALSE
"XLOC_026493","TBC1D17",7,0,0,0.140110266290918,0.140110266290918,0.0671,,FALSE
"XLOC_026494","ATF5",5,0,0,0.541837474924494,0.541837474924494,0.058,,FALSE
"XLOC_026502","NR1H2",13,0,0,0.119125422969103,0.119125422969103,0.0924333333333334,,FALSE
"XLOC_026503","POLD1",21,0,1,0.16398790210266,0.16398790210266,0.0926333333333333,,FALSE
"XLOC_026505","EMC10",8,0,0,0.642918245960592,0.642918245960592,0.0999333333333333,,FALSE
"XLOC_026522","SIGLEC9",5,0,4,0.561254909534426,0.561254909534426,0.0786333333333333,,FALSE
"XLOC_026524","SIGLEC7",13,0,10,0.261879728605809,0.261879728605809,0.1169,,FALSE
"XLOC_026526","SIGLEC17P",6,0,3,0.470933067343274,0.470933067343274,0.184533333333333,,FALSE
"XLOC_026529","SIGLEC22P",18,0,13,0.256168636470744,0.256168636470744,0.0683666666666667,,FALSE
"XLOC_026542","ZNF175",4,0,0,0.660195092674931,0.660195092674931,0.173333333333333,,FALSE
"XLOC_026547","SPACA6",14,0,0,0.864720696478189,0.864720696478189,0.220533333333333,,FALSE
"XLOC_026551","FPR3",6,0,5,0.997218785055414,0.997218785055414,0.00173333333333325,,FALSE
"XLOC_026553","ZNF613",13,0,7,0.980551448914349,0.980551448914349,0.1451,,FALSE
"XLOC_026558","PPP2R1A",20,0,11,0.052932282765945,0.052932282765945,0.0654333333333333,,FALSE
"XLOC_026559","ZNF766",7,0,4,0.948904025697478,0.948904025697478,0.0969333333333333,,FALSE
"XLOC_026562","ZNF610",13,0,3,0.200480007265812,0.200480007265812,0.0597333333333333,,FALSE
"XLOC_026564","ZNF528",17,0,7,0.271127007544593,0.271127007544593,0.0905666666666667,,FALSE
"XLOC_026567","ZNF808",14,0,4,0.570408081865177,0.570408081865177,0.0673,,FALSE
"XLOC_026577","ZNF818P",5,0,0,0.958993123121087,0.958993123121087,0.0505,,FALSE
"XLOC_026583","ZNF525",8,0,0,0.528900389359282,0.528900389359282,0.363933333333333,,FALSE
"XLOC_026584","ZNF765",11,0,5,0.317822836354683,0.317822836354683,0.0739666666666667,,FALSE
"XLOC_026586","TPM3P9",26,0,20,0.453627516688685,0.453627516688685,0.0847333333333333,,FALSE
"XLOC_026590","ZNF331",17,0,1,0.714974017903487,0.714974017903487,0.165866666666667,,FALSE
"XLOC_026652","NDUFA3",15,0,2,0.19528034192772,0.19528034192772,0.0303,,FALSE
"XLOC_026654","CNOT3",13,0,0,0.873276055927503,0.873276055927503,0.0553333333333333,,FALSE
"XLOC_026655","TSEN34",9,0,0,0.424161936679909,0.424161936679909,0.3853,,FALSE
"XLOC_026656","RPS9",16,0,9,0.585932318606163,0.585932318606163,0.0310333333333333,,FALSE
"XLOC_026666","LENG8",9,0,0,0.570654127250634,0.570654127250634,0.102,,FALSE
"XLOC_026671","LILRA2",15,0,8,0.631705608478257,0.631705608478257,0.0511666666666667,,FALSE
"XLOC_026672","LILRA1",6,0,1,0.391848778469122,0.391848778469122,0.1055,,FALSE
"XLOC_026674","LILRB1",15,1,2,2.31490870296633e-09,2.31490870296633e-09,0.153633333333333,0.153633333333333,FALSE
"XLOC_026675","LILRB4",32,0,22,0.105075916094044,0.105075916094044,0.0144666666666667,,FALSE
"XLOC_026689","FCAR",13,1,7,0.0165722335137047,0.0165722335137047,0.2002,0.2002,FALSE
"XLOC_026692","NLRP2",13,0,0,0.2760855355715,0.2760855355715,0.0686,,FALSE
"XLOC_026693","GP6-AS1",4,0,0,0.257332133143007,0.257332133143007,0.2902,,FALSE
"XLOC_026694","EPS8L1",11,0,0,0.82397052089862,0.82397052089862,0.0983,,FALSE
"XLOC_026703","ZNF628",3,0,0,0.984483143003867,0.984483143003867,0.1507,,FALSE
"XLOC_026706","ZNF524",2,0,0,0.917743162458703,0.917743162458703,0.0526333333333333,,FALSE
"XLOC_026708","ZNF580",16,0,0,0.437895229146562,0.437895229146562,0.1436,,FALSE
"XLOC_026709","U2AF2",8,0,0,0.0576726031750636,0.0576726031750636,0.0222666666666667,,FALSE
"XLOC_026721","ZNF444",9,0,0,0.87243395464057,0.87243395464057,0.138466666666667,,FALSE
"XLOC_026728","ZNF542P",11,0,0,0.453891593710535,0.453891593710535,0.194966666666667,,FALSE
"XLOC_026732","ZNF582-DT",14,0,3,0.0798660702791664,0.0798660702791664,0.133233333333333,,FALSE
"XLOC_026736","ZFP28",4,0,0,0.981303422659522,0.981303422659522,0.1199,,FALSE
"XLOC_026738","ZNF71",4,0,0,0.869773808292523,0.869773808292523,0.0964,,FALSE
"XLOC_026746","ZNF264",4,0,0,0.887583835474783,0.887583835474783,0.128966666666667,,FALSE
"XLOC_026753","ZNF304",4,0,1,0.980551448914349,0.980551448914349,0.0659333333333333,,FALSE
"XLOC_026754","ZNF547",31,0,8,0.867416065714572,0.867416065714572,0.0283666666666667,,FALSE
"XLOC_026758","ZNF419",20,0,5,0.669721933822316,0.669721933822316,0.1003,,FALSE
"XLOC_026759","ZNF549",4,0,0,0.96478327194087,0.96478327194087,0.150033333333333,,FALSE
"XLOC_026764","ZNF211",12,0,0,0.561538367109351,0.561538367109351,0.204566666666667,,FALSE
"XLOC_026767","ZNF551",11,0,1,0.716503290348107,0.716503290348107,0.0959,,FALSE
"XLOC_026768","ZNF586",24,0,4,0.000402286798489654,0.000402286798489654,0.061,,FALSE
"XLOC_026778","ZNF274",14,0,5,0.282936188505756,0.282936188505756,0.0616666666666667,,FALSE
"XLOC_026781","ZNF544",35,0,11,0.0211750179795091,0.0211750179795091,0.0604666666666667,,FALSE
"XLOC_026786","A1BG-AS1",9,0,3,0.313497398613562,0.313497398613562,0.238466666666667,,FALSE
"XLOC_026790","RPS5",12,0,4,0.306130636485905,0.306130636485905,0.0400666666666667,,FALSE
"XLOC_026793","ZNF584",8,0,1,0.113139260044253,0.113139260044253,0.285066666666667,,FALSE
"XLOC_026797","ZNF324",8,0,0,0.938454545055698,0.938454545055698,0.0600333333333333,,FALSE
"XLOC_026802","MZF1-AS1",12,0,1,0.685886978913012,0.685886978913012,0.0548666666666666,,FALSE
"XLOC_026803","WASH5P",9,0,1,0.767462040941665,0.767462040941665,0.0455333333333333,,FALSE
"XLOC_026808","LINC01002",30,0,0,0.545711784424153,0.545711784424153,0.0632,,FALSE
"XLOC_026812","MIER2",7,0,0,0.0364157698049161,0.0364157698049161,0.1018,,FALSE
"XLOC_026820","POLRMT",8,0,0,0.965702257668466,0.965702257668466,0.0904333333333333,,FALSE
"XLOC_026822","RNF126",7,0,0,0.111786055962381,0.111786055962381,0.0415,,FALSE
"XLOC_026826","MED16",10,0,0,0.361645917759108,0.361645917759108,0.0769333333333334,,FALSE
"XLOC_026830","TMEM259",13,0,1,0.0107359680095803,0.0107359680095803,0.0066,,FALSE
"XLOC_026832","POLR2E",12,0,0,0.000117604165081893,0.000117604165081893,0.0180666666666667,,FALSE
"XLOC_026833","SBNO2",9,0,0,0.548649716394897,0.548649716394897,0.0811000000000001,,FALSE
"XLOC_026834","CBARP",6,0,0,0.707637097863827,0.707637097863827,0.139466666666667,,FALSE
"XLOC_026844","C19orf25",11,0,0,0.61498481589291,0.61498481589291,0.0480333333333333,,FALSE
"XLOC_026849","MBD3",14,0,0,0.104373307287708,0.104373307287708,0.2524,,FALSE
"XLOC_026850","TCF3",16,0,0,0.852727978018365,0.852727978018365,0.0780333333333333,,FALSE
"XLOC_026853","REXO1",8,0,0,0.0418062679933413,0.0418062679933413,0.0667333333333333,,FALSE
"XLOC_026856","ABHD17A",8,0,0,0.298045604809676,0.298045604809676,0.0218,,FALSE
"XLOC_026858","BTBD2",10,0,1,0.852625360379931,0.852625360379931,0.0207666666666667,,FALSE
"XLOC_026861","MKNK2",11,0,0,0.657776811246364,0.657776811246364,0.0557,,FALSE
"XLOC_026862","MOB3A",6,0,1,0.898179545218969,0.898179545218969,0.0480666666666666,,FALSE
"XLOC_026865","PLEKHJ1",12,0,0,0.165741593025029,0.165741593025029,0.0384666666666668,,FALSE
"XLOC_026871","LSM7",7,0,0,0.786674236963885,0.786674236963885,0.0411666666666667,,FALSE
"XLOC_026872","TIMM13",7,0,2,0.966820450089774,0.966820450089774,0.0201666666666667,,FALSE
"XLOC_026882","SGTA",17,0,3,0.918173202678361,0.918173202678361,0.109233333333333,,FALSE
"XLOC_026901","MFSD12",13,0,1,0.805950660647254,0.805950660647254,0.122166666666667,,FALSE
"XLOC_026904","TBXA2R",3,0,0,0.584113604984244,0.584113604984244,0.151833333333333,,FALSE
"XLOC_026905","CACTIN",8,0,0,0.88871718792007,0.88871718792007,0.0626,,FALSE
"XLOC_026906","PIP5K1C",6,0,0,0.0723358437125724,0.0723358437125724,0.0165,,FALSE
"XLOC_026907","APBA3",8,0,0,0.588742990697956,0.588742990697956,0.0414666666666667,,FALSE
"XLOC_026910","MATK",11,0,0,0.603958338708425,0.603958338708425,0.107866666666667,,FALSE
"XLOC_026915","EEF2",12,0,6,0.647028551426597,0.647028551426597,0.0630333333333334,,FALSE
"XLOC_026918","MAP2K2",15,0,0,0.443109781487997,0.443109781487997,0.0145666666666666,,FALSE
"XLOC_026919","SIRT6",14,0,0,0.0469712549366419,0.0469712549366419,0.0423,,FALSE
"XLOC_026922","STAP2",9,0,0,0.757201022186141,0.757201022186141,0.265766666666667,,FALSE
"XLOC_026928","UBXN6",9,0,0,0.236984558945653,0.236984558945653,0.195433333333333,,FALSE
"XLOC_026932","SEMA6B",4,2,0,0.0045943579563193,0.0045943579563193,0.2586,0.2586,FALSE
"XLOC_026933","MYDGF",3,0,1,8.39127010530085e-05,8.39127010530085e-05,0.00349999999999995,,FALSE
"XLOC_026935","DPP9",24,0,1,0.0134935898855921,0.0134935898855921,0.0664666666666667,,FALSE
"XLOC_026939","PLIN3",10,0,3,0.401446660924403,0.401446660924403,0.0380666666666666,,FALSE
"XLOC_026944","SAFB2",11,0,0,0.618347386401123,0.618347386401123,0.0483,,FALSE
"XLOC_026945","MICOS13",6,0,0,0.797896864756402,0.797896864756402,0.00723333333333333,,FALSE
"XLOC_026946","LONP1",14,0,2,0.916432876625801,0.916432876625801,0.0618666666666667,,FALSE
"XLOC_026947","PRR22",18,0,1,0.484406697858288,0.484406697858288,0.0482333333333334,,FALSE
"XLOC_026950","FUT5",10,0,2,0.0630066455042849,0.0630066455042849,0.0445666666666667,,FALSE
"XLOC_026952","RANBP3",25,0,0,0.787497016015165,0.787497016015165,0.0726333333333333,,FALSE
"XLOC_026953","RFX2",10,0,1,0.637786163795653,0.637786163795653,0.0892333333333333,,FALSE
"XLOC_026958","PSPN",9,0,1,0.113939824278261,0.113939824278261,0.00990000000000001,,FALSE
"XLOC_026962","KHSRP",10,0,0,0.242685802373903,0.242685802373903,0.1227,,FALSE
"XLOC_026964","SLC25A23",7,0,0,0.846005707390746,0.846005707390746,0.0539000000000001,,FALSE
"XLOC_026965","DENND1C",13,0,1,0.881337220001745,0.881337220001745,0.0592666666666667,,FALSE
"XLOC_026966","TUBB4A",5,0,0,0.979955182304205,0.979955182304205,0.022,,FALSE
"XLOC_026972","C3",67,0,32,0.000657069326257401,0.000657069326257401,0.0332666666666666,,FALSE
"XLOC_026976","ADGRE4P",5,0,3,0.00263590324311456,0.00263590324311456,0.274066666666667,,FALSE
"XLOC_026981","INSR",5,0,1,0.361784265761281,0.361784265761281,0.3231,,FALSE
"XLOC_026985","XAB2",4,0,0,0.973164590618576,0.973164590618576,0.0320666666666668,,FALSE
"XLOC_026988","FCER2",5,0,0,0.784242617885254,0.784242617885254,0.0233666666666666,,FALSE
"XLOC_026989","CLEC4G",21,0,8,0.0537980244517793,0.0537980244517793,0.0730333333333333,,FALSE
"XLOC_026998","TIMM44",11,0,1,0.561895575323034,0.561895575323034,0.122866666666667,,FALSE
"XLOC_027002","CD320",11,0,1,0.833773286426332,0.833773286426332,0.0829333333333333,,FALSE
"XLOC_027004","RAB11B-AS1",3,0,0,0.979955182304205,0.979955182304205,0.2584,,FALSE
"XLOC_027008","PRAM1",4,0,1,0.584728145723449,0.584728145723449,0.0355,,FALSE
"XLOC_027009","ZNF414",9,0,0,0.637786163795653,0.637786163795653,0.185566666666667,,FALSE
"XLOC_027010","MYO1F",27,0,6,2.22904795456245e-07,2.22904795456245e-07,0.0685333333333333,,FALSE
"XLOC_027016","ZNF558",8,0,2,0.169014204935777,0.169014204935777,0.07,,FALSE
"XLOC_027035","ZNF121",5,0,2,0.919856005120508,0.919856005120508,0.1935,,FALSE
"XLOC_027036","ZNF561",25,0,11,0.557165389399209,0.557165389399209,0.0518666666666667,,FALSE
"XLOC_027037","ZNF562",17,0,8,0.659527348999989,0.659527348999989,0.075,,FALSE
"XLOC_027040","ZNF846",12,0,0,0.224587288094882,0.224587288094882,0.117666666666667,,FALSE
"XLOC_027041","FBXL12",13,0,1,0.339865945407169,0.339865945407169,0.0640333333333333,,FALSE
"XLOC_027046","ANGPTL6",4,0,0,0.269364948207731,0.269364948207731,0.440833333333333,,FALSE
"XLOC_027047","EIF3G",18,0,5,0.0100902589333504,0.0100902589333504,0.0434333333333333,,FALSE
"XLOC_027048","DNMT1",48,0,2,0.0146779203473449,0.0146779203473449,0.0632,,FALSE
"XLOC_027052","ZGLP1",18,0,1,0.910136023294094,0.910136023294094,0.0326,,FALSE
"XLOC_027053","ICAM3",9,0,4,0.681935237663969,0.681935237663969,0.177966666666667,,FALSE
"XLOC_027054","TYK2",23,0,2,0.0236134695245013,0.0236134695245013,0.0462666666666667,,FALSE
"XLOC_027055","CDC37",10,0,3,0.652437344958217,0.652437344958217,0.00956666666666672,,FALSE
"XLOC_027056","KEAP1",12,0,3,0.436712157028667,0.436712157028667,0.0316666666666666,,FALSE
"XLOC_027060","KRI1",12,0,1,0.313096529183489,0.313096529183489,0.0843,,FALSE
"XLOC_027062","AP1M2",8,0,3,0.0168533226853395,0.0168533226853395,0.263666666666667,,FALSE
"XLOC_027066","TMED1",6,0,2,0.622016125011231,0.622016125011231,0.0490999999999999,,FALSE
"XLOC_027067","YIPF2",11,0,0,0.658244073398503,0.658244073398503,0.087,,FALSE
"XLOC_027069","SPC24",7,0,1,0.795791028445277,0.795791028445277,0.129666666666667,,FALSE
"XLOC_027070","KANK2",7,0,0,0.922196775148525,0.922196775148525,0.105533333333333,,FALSE
"XLOC_027072","RAB3D",18,0,1,0.014991428167347,0.014991428167347,0.0415666666666667,,FALSE
"XLOC_027074","EPOR",21,0,1,0.205175262460551,0.205175262460551,0.2622,,FALSE
"XLOC_027076","ZNF653",7,0,0,0.766751094707012,0.766751094707012,0.0878666666666667,,FALSE
"XLOC_027078","ECSIT",16,0,0,0.515004522197516,0.515004522197516,0.0528333333333333,,FALSE
"XLOC_027080","ELOF1",8,0,1,0.271313988828627,0.271313988828627,0.00843333333333333,,FALSE
"XLOC_027081","ACP5",26,0,5,0.151762041867838,0.151762041867838,0.0119333333333334,,FALSE
"XLOC_027091","ZNF20",13,0,1,0.33555931861584,0.33555931861584,0.0989333333333333,,FALSE
"XLOC_027094","ZNF799",21,0,4,0.0701352736030176,0.0701352736030176,0.0582,,FALSE
"XLOC_027096","RPL10P16",48,0,13,0.197469603818602,0.197469603818602,0.0330666666666666,,FALSE
"XLOC_027099","TNPO2",17,0,0,0.514351474360604,0.514351474360604,0.0405333333333333,,FALSE
"XLOC_027102","TRIR",4,0,0,0.829804217477709,0.829804217477709,0.0102666666666666,,FALSE
"XLOC_027103","HOOK2",20,0,0,0.895582837225462,0.895582837225462,0.147133333333333,,FALSE
"XLOC_027105","PRDX2",6,0,5,0.870050046741773,0.870050046741773,0.0186333333333333,,FALSE
"XLOC_027109","FARSA",13,0,5,0.960946450469573,0.960946450469573,0.0738666666666667,,FALSE
"XLOC_027115","TRMT1",19,0,4,0.254333279256689,0.254333279256689,0.0318333333333333,,FALSE
"XLOC_027117","STX10",11,0,0,0.845707163510667,0.845707163510667,0.0716,,FALSE
"XLOC_027129","RFX1",5,0,0,0.993770723444116,0.993770723444116,0.106166666666667,,FALSE
"XLOC_027134","PRKACA",14,0,0,0.798632988688063,0.798632988688063,0.0733666666666667,,FALSE
"XLOC_027141","DDX39A",29,0,11,0.507357468972955,0.507357468972955,0.0578666666666666,,FALSE
"XLOC_027143","GIPC1",12,0,0,0.445260019295004,0.445260019295004,0.0789333333333333,,FALSE
"XLOC_027144","DNAJB1",11,0,1,0.98013863721824,0.98013863721824,0.0635,,FALSE
"XLOC_027148","ADGRE2",27,0,17,0.0210977879227859,0.0210977879227859,0.0874333333333334,,FALSE
"XLOC_027158","ILVBL",13,0,1,0.377121507590126,0.377121507590126,0.0466,,FALSE
"XLOC_027160","NOTCH3",5,0,0,0.749896259242655,0.749896259242655,0.0480666666666667,,FALSE
"XLOC_027164","BRD4",14,0,1,0.844459209867308,0.844459209867308,0.0743,,FALSE
"XLOC_027166","AKAP8",13,0,2,0.680672420797455,0.680672420797455,0.192666666666667,,FALSE
"XLOC_027167","AKAP8L",30,0,0,0.0297809754903334,0.0297809754903334,0.1723,,FALSE
"XLOC_027169","WIZ",11,0,0,0.0314699764459582,0.0314699764459582,0.0771,,FALSE
"XLOC_027195","EPS15L1",20,0,9,0.105369426290609,0.105369426290609,0.0551,,FALSE
"XLOC_027197","CALR3",49,0,13,0.261780423606275,0.261780423606275,0.0261666666666667,,FALSE
"XLOC_027203","HAUS8",9,0,3,0.979680337531974,0.979680337531974,0.0745666666666667,,FALSE
"XLOC_027211","ANO8",4,0,0,0.184661982950744,0.184661982950744,0.0502999999999999,,FALSE
"XLOC_027214","BST2",4,0,2,0.982266521621441,0.982266521621441,0.00153333333333333,,FALSE
"XLOC_027220","PGLS-DT",4,0,0,0.0710796098949324,0.0710796098949324,0.0922,,FALSE
"XLOC_027227","JAK3",6,0,0,0.442101318862511,0.442101318862511,0.0547,,FALSE
"XLOC_027230","IL12RB1",10,0,5,0.330579039196424,0.330579039196424,0.238333333333333,,FALSE
"XLOC_027237","LSM4",6,0,0,0.869773808292523,0.869773808292523,0.0435,,FALSE
"XLOC_027239","ISYNA1",11,0,0,0.044072882024874,0.044072882024874,0.11,,FALSE
"XLOC_027242","FKBP8",13,0,1,0.875377701644004,0.875377701644004,0.00796666666666668,,FALSE
"XLOC_027249","COPE",25,0,1,0.0168702638428708,0.0168702638428708,0.0568333333333333,,FALSE
"XLOC_027251","SUGP2",17,0,2,0.906395543388785,0.906395543388785,0.0932,,FALSE
"XLOC_027253","TMEM161A",12,0,0,0.33078709779968,0.33078709779968,0.122766666666667,,FALSE
"XLOC_027254","MEF2B",18,0,1,0.0776278762799622,0.0776278762799622,0.0238333333333333,,FALSE
"XLOC_027255","NR2C2AP",8,0,1,0.56487423192333,0.56487423192333,0.0388,,FALSE
"XLOC_027257","SUGP1",11,0,0,0.608965620310098,0.608965620310098,0.0620333333333333,,FALSE
"XLOC_027263","GMIP",7,0,0,0.981954507201818,0.981954507201818,0.0424666666666665,,FALSE
"XLOC_027264","ATP13A1",14,0,1,0.952492655340824,0.952492655340824,0.0278333333333333,,FALSE
"XLOC_027268","LINC00663",15,0,3,0.988385657209843,0.988385657209843,0.0495333333333333,,FALSE
"XLOC_027284","ZNF826P",9,0,0,0.996865448331447,0.996865448331447,0.0928333333333333,,FALSE
"XLOC_027301","ZNF708",7,0,4,0.205522406551453,0.205522406551453,0.180466666666667,,FALSE
"XLOC_027342","ZNF724",14,0,2,0.836940846429354,0.836940846429354,0.109733333333333,,FALSE
"XLOC_027343","ZNF91",10,0,1,0.970404842401032,0.970404842401032,0.0983,,FALSE
"XLOC_027347","ZNF675",7,0,3,0.0331815217716155,0.0331815217716155,0.113433333333333,,FALSE
"XLOC_027357","LINC00662",48,0,3,0.743175961355161,0.743175961355161,0.0586333333333334,,FALSE
"XLOC_027381","C19orf12",8,0,0,0.850720133843074,0.850720133843074,0.0491333333333333,,FALSE
"XLOC_027399","ANKRD27",9,0,3,0.795938631415714,0.795938631415714,0.0723333333333333,,FALSE
"XLOC_027407","CEP89",10,0,2,0.917896308399457,0.917896308399457,0.116733333333333,,FALSE
"XLOC_027414","PEPD",12,0,2,0.932121676207393,0.932121676207393,0.0524,,FALSE
"XLOC_027461","IGFLR1",37,0,9,0.00494689904521454,0.00494689904521454,0.0939333333333333,,FALSE
"XLOC_027468","NFKBID",16,0,5,0.546899750650881,0.546899750650881,0.0507,,FALSE
"XLOC_027469","TYROBP",18,0,12,0.547216678579433,0.547216678579433,0.0366333333333334,,FALSE
"XLOC_027471","SYNE4",22,0,0,0.0488148862167672,0.0488148862167672,0.0429666666666667,,FALSE
"XLOC_027473","THAP8",3,0,0,0.826081646847352,0.826081646847352,0.2201,,FALSE
"XLOC_027486","ZNF529",6,0,0,0.904860096108855,0.904860096108855,0.0733,,FALSE
"XLOC_027487","ZNF461",12,0,1,0.992965244118601,0.992965244118601,0.106066666666667,,FALSE
"XLOC_027491","ZNF790",7,0,2,0.477092309863507,0.477092309863507,0.2007,,FALSE
"XLOC_027496","ZNF585A",20,0,5,0.67835094344181,0.67835094344181,0.0288666666666667,,FALSE
"XLOC_027506","ZFP30",19,0,0,0.55762022087347,0.55762022087347,0.203733333333333,,FALSE
"XLOC_027519","RASGRP4",13,0,0,0.970335661311568,0.970335661311568,0.0981,,FALSE
"XLOC_027528","ECH1",29,0,8,0.185344001532529,0.185344001532529,0.058,,FALSE
"XLOC_027533","SARS2",11,0,0,0.905883093861443,0.905883093861443,0.114633333333333,,FALSE
"XLOC_027543","GMFG",15,0,8,0.861700169044278,0.861700169044278,0.0644333333333333,,FALSE
"XLOC_027545","PAF1",8,0,0,0.985887669241135,0.985887669241135,0.0258,,FALSE
"XLOC_027547","RPS16",11,0,5,0.958993123121087,0.958993123121087,0.0083,,FALSE
"XLOC_027550","EID2",2,0,1,0.377245018371705,0.377245018371705,0.272666666666667,,FALSE
"XLOC_027555","DYRK1B",6,0,0,0.892577419688082,0.892577419688082,0.1364,,FALSE
"XLOC_027557","FBL",11,0,3,3.31577320688891e-07,3.31577320688891e-07,0.115766666666667,,FALSE
"XLOC_027561","ZNF780B",13,0,0,0.19438467866805,0.19438467866805,0.183233333333333,,FALSE
"XLOC_027565","AKT2",36,0,0,0.0899115742492644,0.0899115742492644,0.1074,,FALSE
"XLOC_027569","C19orf47",8,0,0,0.827034855807538,0.827034855807538,0.106266666666667,,FALSE
"XLOC_027574","SERTAD3",6,0,2,0.565191646341373,0.565191646341373,0.0364,,FALSE
"XLOC_027575","BLVRB",8,0,4,0.656410440645065,0.656410440645065,0.0389333333333334,,FALSE
"XLOC_027576","NUMBL",7,0,0,0.531680804428628,0.531680804428628,0.1678,,FALSE
"XLOC_027577","COQ8B",24,0,0,0.908383981152385,0.908383981152385,0.158866666666667,,FALSE
"XLOC_027578","C19orf54",7,0,1,0.744257460491287,0.744257460491287,0.115033333333333,,FALSE
"XLOC_027592","TGFB1",5,0,0,0.795964379255489,0.795964379255489,0.00626666666666667,,FALSE
"XLOC_027595","EXOSC5",6,0,1,0.623118758761144,0.623118758761144,0.0338,,FALSE
"XLOC_027596","B3GNT8",3,0,0,0.462535711824206,0.462535711824206,0.159233333333333,,FALSE
"XLOC_027597","DMAC2",14,0,6,0.0357273217991649,0.0357273217991649,0.0686,,FALSE
"XLOC_027612","RABAC1",13,0,3,0.577221303373424,0.577221303373424,0.0171333333333333,,FALSE
"XLOC_027615","POU2F2",11,0,0,0.966115590597509,0.966115590597509,0.0446333333333333,,FALSE
"XLOC_027617","DEDD2",37,0,0,0.267325056137318,0.267325056137318,0.1093,,FALSE
"XLOC_027618","PAFAH1B3",5,0,0,0.82397052089862,0.82397052089862,0.143466666666667,,FALSE
"XLOC_027650","XRCC1",11,0,2,0.951533463995647,0.951533463995647,0.0456333333333334,,FALSE
"XLOC_027653","PLAUR",49,0,39,2.82129086633386e-10,2.82129086633386e-10,0.103733333333333,,FALSE
"XLOC_027655","SMG9",9,0,2,0.302442566845394,0.302442566845394,0.0224,,FALSE
"XLOC_027656","KCNN4",12,0,3,0.00682533347634488,0.00682533347634488,0.0244333333333334,,FALSE
"XLOC_027661","ZNF45",14,0,9,0.2869936541749,0.2869936541749,0.1139,,FALSE
"XLOC_027668","ZNF235",7,0,1,0.577650855045393,0.577650855045393,0.2246,,FALSE
"XLOC_027670","ZNF112",12,0,0,0.746399766373463,0.746399766373463,0.0841333333333333,,FALSE
"XLOC_027671","ZNF180",8,0,1,0.526501822765173,0.526501822765173,0.217833333333333,,FALSE
"XLOC_027685","TRAPPC6A",4,0,0,0.980188696605269,0.980188696605269,0.1419,,FALSE
"XLOC_027689","ERCC2",11,0,0,0.784668464669517,0.784668464669517,0.2938,,FALSE
"XLOC_027691","ERCC1",23,0,9,0.659527348999989,0.659527348999989,0.0624666666666667,,FALSE
"XLOC_027692","RTN2",13,0,0,0.194406021726536,0.194406021726536,0.0922333333333333,,FALSE
"XLOC_027694","EML2",24,0,0,0.970335661311568,0.970335661311568,0.0865666666666667,,FALSE
"XLOC_027696","SNRPD2",7,0,1,0.917723018083722,0.917723018083722,0.00323333333333331,,FALSE
"XLOC_027697","FBXO46",4,0,0,0.5431597704735,0.5431597704735,0.0745,,FALSE
"XLOC_027699","DMPK",35,0,2,0.207475542351031,0.207475542351031,0.109966666666667,,FALSE
"XLOC_027701","SYMPK",14,0,0,0.956564634315552,0.956564634315552,0.0518,,FALSE
"XLOC_027724","PPP5D1P",6,0,0,0.549606070627266,0.549606070627266,0.175233333333333,,FALSE
"XLOC_027731","PRKD2",14,0,2,0.919107836585205,0.919107836585205,0.111033333333333,,FALSE
"XLOC_027735","SLC1A5",7,0,3,0.353288239015823,0.353288239015823,0.0443333333333333,,FALSE
"XLOC_027737","AP2S1",10,0,3,0.0668289915592094,0.0668289915592094,0.0141666666666667,,FALSE
"XLOC_027739","ZC3H4",4,0,0,0.87611953110353,0.87611953110353,0.0731,,FALSE
"XLOC_027740","BBC3",6,0,0,0.205068607988806,0.205068607988806,0.3912,,FALSE
"XLOC_027744","KPTN",6,0,1,0.320002983383124,0.320002983383124,0.250066666666667,,FALSE
"XLOC_027745","NAPA",22,0,6,0.0180596881872797,0.0180596881872797,0.0262000000000001,,FALSE
"XLOC_027757","PLA2G4C",37,0,19,0.346215816041748,0.346215816041748,0.0935,,FALSE
"XLOC_027758","LIG1",15,0,0,0.932238552992077,0.932238552992077,0.0970666666666667,,FALSE
"XLOC_027759","CARD8",44,1,17,0.0142707949364977,0.0142707949364977,0.154066666666667,0.154066666666667,FALSE
"XLOC_027763","TMEM143",8,0,1,0.227234160167578,0.227234160167578,0.195233333333333,,FALSE
"XLOC_027769","RPL18",15,0,3,0.000725116783220628,0.000725116783220628,0.0915,,FALSE
"XLOC_027771","DBP",5,0,0,0.953223326941928,0.953223326941928,0.289,,FALSE
"XLOC_027772","CA11",4,0,0,0.547539050415339,0.547539050415339,0.195166666666667,,FALSE
"XLOC_027784","GYS1",7,0,0,0.246164868055782,0.246164868055782,0.0270666666666667,,FALSE
"XLOC_027804","PIH1D1",23,0,5,0.0551837534726804,0.0551837534726804,0.0707,,FALSE
"XLOC_027807","NOSIP",13,0,0,0.205175262460551,0.205175262460551,0.0479666666666666,,FALSE
"XLOC_027809","RRAS",3,0,1,0.0819558076358052,0.0819558076358052,0.0363999999999999,,FALSE
"XLOC_027810","IRF3",27,0,0,0.654261972684391,0.654261972684391,0.111533333333333,,FALSE
"XLOC_027815","FUZ",15,0,0,0.618762022285062,0.618762022285062,0.182066666666667,,FALSE
"XLOC_027819","PNKP",30,0,1,0.0396864994256551,0.0396864994256551,0.0712333333333334,,FALSE
"XLOC_027820","IL4I1",32,0,10,0.16945303224847,0.16945303224847,0.0502,,FALSE
"XLOC_027821","VRK3",27,0,13,0.0668380182702371,0.0668380182702371,0.1584,,FALSE
"XLOC_027833","JOSD2",6,0,0,0.296350445309659,0.296350445309659,0.0868,,FALSE
"XLOC_027841","C19orf48",12,0,2,0.306378554941649,0.306378554941649,0.0846,,FALSE
"XLOC_027867","ETFB",9,0,0,0.224894102993024,0.224894102993024,0.00666666666666667,,FALSE
"XLOC_027873","SIGLEC10",11,0,1,0.377121507590126,0.377121507590126,0.0719,,FALSE
"XLOC_027889","ZNF577",28,0,8,0.0277800338708712,0.0277800338708712,0.135266666666667,,FALSE
"XLOC_027892","ZNF350",13,0,7,0.429305746136364,0.429305746136364,0.0864333333333333,,FALSE
"XLOC_027893","ZNF615",13,0,2,0.502264540653847,0.502264540653847,0.2698,,FALSE
"XLOC_027895","ZNF432",18,0,5,0.0177435520841926,0.0177435520841926,0.0716,,FALSE
"XLOC_027898","ZNF616",18,0,10,0.849561910282923,0.849561910282923,0.045,,FALSE
"XLOC_027909","ZNF83",20,0,7,0.00388654696004813,0.00388654696004813,0.0808333333333333,,FALSE
"XLOC_027911","ZNF611",19,0,3,0.185485301655008,0.185485301655008,0.0943666666666667,,FALSE
"XLOC_027912","ZNF600",12,0,5,0.0100118485385241,0.0100118485385241,0.2828,,FALSE
"XLOC_027913","ZNF28",24,0,12,0.0646131735726043,0.0646131735726043,0.0458666666666667,,FALSE
"XLOC_027914","ZNF320",17,0,4,0.0466500579551859,0.0466500579551859,0.117933333333333,,FALSE
"XLOC_027916","ZNF888",4,0,2,0.881702790632181,0.881702790632181,0.0870666666666666,,FALSE
"XLOC_027917","ZNF321P",21,0,6,0.368004568397392,0.368004568397392,0.1036,,FALSE
"XLOC_027918","ZNF160",15,0,2,0.0175591633980738,0.0175591633980738,0.109,,FALSE
"XLOC_027920","ZNF347",5,0,1,0.0727245513388349,0.0727245513388349,0.126966666666667,,FALSE
"XLOC_027923","ZNF677",12,0,1,0.768691552692194,0.768691552692194,0.0942333333333333,,FALSE
"XLOC_027948","TFPT",6,0,2,0.936612041151332,0.936612041151332,0.0357333333333333,,FALSE
"XLOC_027951","TMC4",5,0,1,0.0368442003558255,0.0368442003558255,0.3964,,FALSE
"XLOC_027952","MBOAT7",12,0,0,0.563248360473514,0.563248360473514,0.0299333333333334,,FALSE
"XLOC_027955","LILRB3",17,0,4,0.530232976139124,0.530232976139124,0.0242,,FALSE
"XLOC_027959","LILRB2",10,0,3,0.951680499958375,0.951680499958375,0.0567333333333334,,FALSE
"XLOC_027964","LILRA5",9,0,1,0.130464981266277,0.130464981266277,0.105033333333333,,FALSE
"XLOC_027965","LAIR1",56,0,38,0.023786559526576,0.023786559526576,0.104433333333333,,FALSE
"XLOC_027985","TMEM86B",13,0,1,0.61498481589291,0.61498481589291,0.109933333333333,,FALSE
"XLOC_027989","HSPBP1",7,0,0,0.528514585848116,0.528514585848116,0.0127333333333333,,FALSE
"XLOC_027990","TMEM150B",8,0,1,0.0342321222273731,0.0342321222273731,0.0399,,FALSE
"XLOC_027997","UBE2S",4,0,0,0.982489454057358,0.982489454057358,0.0652333333333333,,FALSE
"XLOC_027999","ISOC2",8,0,0,0.694922929635304,0.694922929635304,0.0515,,FALSE
"XLOC_028015","ZNF787",3,0,0,0.0601019307852576,0.0601019307852576,0.0181666666666667,,FALSE
"XLOC_028019","ZSCAN5A",18,0,8,0.844220905645637,0.844220905645637,0.0594333333333333,,FALSE
"XLOC_028046","VN1R1",9,0,1,0.252429207895585,0.252429207895585,0.3551,,FALSE
"XLOC_028050","ZNF671",6,0,3,0.312328834773843,0.312328834773843,0.118133333333333,,FALSE
"XLOC_028053","ZNF814",23,0,3,0.871290063787078,0.871290063787078,0.0788,,FALSE
"XLOC_028059","ZNF606",7,0,1,0.801918162272541,0.801918162272541,0.198833333333333,,FALSE
"XLOC_028065","ZNF329",6,0,1,0.0595168563216952,0.0595168563216952,0.467933333333333,,FALSE
"XLOC_028067","XLOC_028067",8,0,2,0.790269580782193,0.790269580782193,0.135466666666667,,FALSE
"XLOC_028073","ZNF132",3,0,1,0.207102541746045,0.207102541746045,0.134266666666667,,FALSE
"XLOC_028075","SLC27A5",4,0,0,0.63758148729148,0.63758148729148,0.173333333333333,,FALSE
"XLOC_028077","ZBTB45",4,0,0,0.968559258726481,0.968559258726481,0.0371666666666667,,FALSE
"XLOC_028080","UBE2M",6,0,1,0.878496969848175,0.878496969848175,0.0649666666666666,,FALSE
"XLOC_028084","ACP1",13,0,8,0.00468604178928836,0.00468604178928836,0.0275,,FALSE
"XLOC_028106","TRAPPC12",23,0,0,0.716065072146228,0.716065072146228,0.0387333333333333,,FALSE
"XLOC_028110","RNASEH1-DT",4,0,1,0.620883451795944,0.620883451795944,0.159266666666667,,FALSE
"XLOC_028111","RPS7",14,0,5,0.822618805047878,0.822618805047878,0.00823333333333333,,FALSE
"XLOC_028123","RSAD2",20,1,15,1.7629320088007e-15,1.7629320088007e-15,0.205866666666667,0.163033333333333,TRUE
"XLOC_028139","ASAP2",6,0,1,0.492512516907796,0.492512516907796,0.228066666666667,,FALSE
"XLOC_028140","CPSF3",15,0,11,0.311050462920611,0.311050462920611,0.0688666666666667,,FALSE
"XLOC_028141","IAH1",12,0,1,0.910194578053261,0.910194578053261,0.0447666666666667,,FALSE
"XLOC_028149","TAF1B",10,0,4,0.936909465526982,0.936909465526982,0.1,,FALSE
"XLOC_028151","GRHL1",5,0,0,0.603424341257211,0.603424341257211,0.389133333333333,,FALSE
"XLOC_028155","RRM2",19,0,7,0.842645026917839,0.842645026917839,0.0612333333333333,,FALSE
"XLOC_028159","HPCAL1",7,0,0,0.39146936499454,0.39146936499454,0.0450666666666667,,FALSE
"XLOC_028166","LINC01954",2,0,0,0.835913138855794,0.835913138855794,0.0242,,FALSE
"XLOC_028171","SLC66A3",11,0,4,0.867331990875884,0.867331990875884,0.0940666666666667,,FALSE
"XLOC_028181","LPIN1",11,0,0,0.884680258875564,0.884680258875564,0.0820333333333334,,FALSE
"XLOC_028188","TRIB2",4,0,1,0.00217084826699152,0.00217084826699152,0.1339,,FALSE
"XLOC_028197","DDX1",26,0,8,0.733498563680888,0.733498563680888,0.0281666666666667,,FALSE
"XLOC_028216","GEN1",9,0,2,0.82678798731603,0.82678798731603,0.174333333333333,,FALSE
"XLOC_028253","MFSD2B",9,0,0,0.867738817922099,0.867738817922099,0.1987,,FALSE
"XLOC_028255","FAM228B",15,0,3,0.82397052089862,0.82397052089862,0.155766666666667,,FALSE
"XLOC_028260","NCOA1",12,0,2,0.573630034175249,0.573630034175249,0.144966666666667,,FALSE
"XLOC_028262","CENPO",14,0,5,0.162430441510881,0.162430441510881,0.119966666666667,,FALSE
"XLOC_028278","HADHB",23,0,18,7.72985385843381e-07,7.72985385843381e-07,0.0349333333333334,,FALSE
"XLOC_028280","SELENOI",8,0,5,0.792439007210672,0.792439007210672,0.0706666666666667,,FALSE
"XLOC_028284","SLC35F6",10,0,0,0.935605782993246,0.935605782993246,0.0586666666666667,,FALSE
"XLOC_028286","MAPRE3",5,0,0,0.182183512300796,0.182183512300796,0.0219333333333333,,FALSE
"XLOC_028287","TMEM214",14,0,2,0.60340979661209,0.60340979661209,0.0585666666666667,,FALSE
"XLOC_028291","KHK",4,0,0,0.503594085866184,0.503594085866184,0.237966666666667,,FALSE
"XLOC_028294","ATRAID",5,0,1,0.878349972464478,0.878349972464478,0.00693333333333333,,FALSE
"XLOC_028295","CAD",11,0,2,0.838483407557219,0.838483407557219,0.0763333333333334,,FALSE
"XLOC_028300","SNX17",14,0,6,0.627641169848489,0.627641169848489,0.0349666666666667,,FALSE
"XLOC_028301","NRBP1",15,0,8,0.0279421769144313,0.0279421769144313,0.0196,,FALSE
"XLOC_028306","ZNF512",27,0,12,0.442101318862511,0.442101318862511,0.0504333333333333,,FALSE
"XLOC_028309","MRPL33",35,0,26,0.00825272755236803,0.00825272755236803,0.0332666666666667,,FALSE
"XLOC_028313","PLB1",21,0,15,0.968962323910133,0.968962323910133,0.0694,,FALSE
"XLOC_028315","PPP1CB",18,0,8,0.0466444042282346,0.0466444042282346,0.0427,,FALSE
"XLOC_028316","WDR43",10,0,6,0.052468964500728,0.052468964500728,0.1355,,FALSE
"XLOC_028321","CLIP4",40,0,11,0.382491193386768,0.382491193386768,0.111833333333333,,FALSE
"XLOC_028326","YPEL5",13,0,6,1.87542850203703e-05,1.87542850203703e-05,0.162266666666667,,FALSE
"XLOC_028332","LCLAT1",8,0,0,0.965542362006125,0.965542362006125,0.1254,,FALSE
"XLOC_028342","SPAST",14,0,2,0.65319751768794,0.65319751768794,0.0590666666666667,,FALSE
"XLOC_028347","BIRC6",24,0,14,0.351086885568591,0.351086885568591,0.0609666666666667,,FALSE
"XLOC_028353","TTC27",8,0,5,0.798151934643876,0.798151934643876,0.1056,,FALSE
"XLOC_028360","RASGRP3",28,0,13,0.592463073863991,0.592463073863991,0.100166666666667,,FALSE
"XLOC_028371","CRIM1",8,0,4,0.549479099707335,0.549479099707335,0.0930666666666667,,FALSE
"XLOC_028372","VIT",6,0,0,0.831291794593296,0.831291794593296,0.274166666666667,,FALSE
"XLOC_028373","GPATCH11",4,0,2,0.665404135821696,0.665404135821696,0.110933333333333,,FALSE
"XLOC_028375","CEBPZOS",9,0,2,0.410909119122897,0.410909119122897,0.049,,FALSE
"XLOC_028377","NDUFAF7",13,0,6,0.619038872666586,0.619038872666586,0.2889,,FALSE
"XLOC_028386","RMDN2",10,0,1,0.487342428327123,0.487342428327123,0.0872333333333333,,FALSE
"XLOC_028387","CYP1B1-AS1",26,0,6,0.558452663567203,0.558452663567203,0.0721,,FALSE
"XLOC_028394","GALM",12,0,8,0.864559088380593,0.864559088380593,0.0608666666666666,,FALSE
"XLOC_028400","MORN2",6,0,1,0.675439006089315,0.675439006089315,0.0245333333333333,,FALSE
"XLOC_028402","MAP4K3-DT",19,0,1,0.848830933909187,0.848830933909187,0.0312666666666667,,FALSE
"XLOC_028406","XLOC_028406",6,0,4,0.94186614342112,0.94186614342112,0.076,,FALSE
"XLOC_028416","EML4",15,0,8,0.0359184631437638,0.0359184631437638,0.0823333333333333,,FALSE
"XLOC_028419","MTA3",16,0,0,0.313728502230613,0.313728502230613,0.412233333333333,,FALSE
"XLOC_028432","DYNC2LI1",10,0,3,0.0129245692354619,0.0129245692354619,0.2047,,FALSE
"XLOC_028438","PPM1B",16,0,3,9.1780269528815e-05,9.1780269528815e-05,0.0895666666666667,,FALSE
"XLOC_028457","EPAS1",8,0,1,0.650149225312136,0.650149225312136,0.0817666666666667,,FALSE
"XLOC_028459","RHOQ",11,0,4,0.82397052089862,0.82397052089862,0.0394,,FALSE
"XLOC_028464","TTC7A",15,0,1,0.417411837156988,0.417411837156988,0.0627,,FALSE
"XLOC_028471","MSH2",11,0,8,0.898179545218969,0.898179545218969,0.235,,FALSE
"XLOC_028473","MSH6",10,1,5,2.84965091202382e-09,2.84965091202382e-09,0.356166666666667,0.356166666666667,TRUE
"XLOC_028481","PPP1R21",14,0,7,0.680235451157292,0.680235451157292,0.0893,,FALSE
"XLOC_028502","ERLEC1",33,0,4,0.00850163796778331,0.00850163796778331,0.0499666666666667,,FALSE
"XLOC_028503","ACYP2",8,0,0,0.973440286241923,0.973440286241923,0.0354666666666667,,FALSE
"XLOC_028513","RPS27A",14,0,6,0.168081893607803,0.168081893607803,0.0474,,FALSE
"XLOC_028517","CFAP36",6,0,1,0.973164590618576,0.973164590618576,0.0346,,FALSE
"XLOC_028524","VRK2",16,0,11,0.00608157977537086,0.00608157977537086,0.124433333333333,,FALSE
"XLOC_028540","PAPOLG",10,0,5,0.333670912723537,0.333670912723537,0.0658333333333333,,FALSE
"XLOC_028546","SANBR",20,0,7,0.567027695390577,0.567027695390577,0.0891666666666667,,FALSE
"XLOC_028547","AHSA2P",14,0,1,0.532944282497119,0.532944282497119,0.1037,,FALSE
"XLOC_028550","USP34-DT",10,0,5,0.973164590618576,0.973164590618576,0.105866666666667,,FALSE
"XLOC_028560","COMMD1",11,0,4,0.0783184045183112,0.0783184045183112,0.0475666666666667,,FALSE
"XLOC_028565","EHBP1",17,0,6,0.0165708010355453,0.0165708010355453,0.182566666666667,,FALSE
"XLOC_028571","MDH1",31,0,22,5.01666510865784e-07,5.01666510865784e-07,0.0511666666666667,,FALSE
"XLOC_028574","UGP2",38,0,11,0.363096813289499,0.363096813289499,0.0324,,FALSE
"XLOC_028579","LGALSL",2,0,0,0.458458822715083,0.458458822715083,0.1443,,FALSE
"XLOC_028581","AFTPH",11,0,4,0.987529296049896,0.987529296049896,0.0609,,FALSE
"XLOC_028589","SLC1A4",11,0,6,0.0664884502533083,0.0664884502533083,0.0803,,FALSE
"XLOC_028592","CEP68",4,0,1,0.990615793130071,0.990615793130071,0.136666666666667,,FALSE
"XLOC_028595","ACTR2",14,0,11,0.49582790297672,0.49582790297672,0.0646333333333333,,FALSE
"XLOC_028614","PNO1",3,0,1,0.853732427957438,0.853732427957438,0.0280333333333334,,FALSE
"XLOC_028619","PLEK",51,0,51,0.0249919654233452,0.0249919654233452,0.0209666666666667,,FALSE
"XLOC_028621","ARHGAP25",16,0,5,1.99623976831212e-11,1.99623976831212e-11,0.1217,,FALSE
"XLOC_028631","ANXA4",20,0,11,0.0396364728250803,0.0396364728250803,0.0275,,FALSE
"XLOC_028633","GMCL1",3,0,0,0.76029911773871,0.76029911773871,0.0394333333333333,,FALSE
"XLOC_028634","SNRNP27",11,0,3,0.1022990241769,0.1022990241769,0.1959,,FALSE
"XLOC_028655","NAGK",32,0,12,2.20715445160261e-08,2.20715445160261e-08,0.0928333333333334,,FALSE
"XLOC_028657","MPHOSPH10",10,0,6,0.615460380103484,0.615460380103484,0.128866666666667,,FALSE
"XLOC_028659","ZNF638",43,0,22,0.0666736618996242,0.0666736618996242,0.0547333333333333,,FALSE
"XLOC_028661","DYSF",14,0,3,0.955080106800649,0.955080106800649,0.0879,,FALSE
"XLOC_028670","SMYD5",11,0,5,0.149780082570318,0.149780082570318,0.193266666666667,,FALSE
"XLOC_028671","CCT7",18,0,6,0.00492419921426285,0.00492419921426285,0.0561666666666667,,FALSE
"XLOC_028674","ALMS1",17,0,0,0.955404187667185,0.955404187667185,0.0852,,FALSE
"XLOC_028679","STAMBP",45,0,8,0.754945874196019,0.754945874196019,0.0545,,FALSE
"XLOC_028682","DGUOK",14,0,8,0.739942651959617,0.739942651959617,0.026,,FALSE
"XLOC_028687","MTHFD2",39,0,24,0.098083749721379,0.098083749721379,0.0640666666666667,,FALSE
"XLOC_028695","INO80B",20,0,0,0.80004078426899,0.80004078426899,0.0693666666666667,,FALSE
"XLOC_028697","TTC31",14,0,2,0.972053629850862,0.972053629850862,0.0469,,FALSE
"XLOC_028699","LBX2-AS1",5,0,0,0.889705212731783,0.889705212731783,0.112733333333333,,FALSE
"XLOC_028701","HTRA2",15,0,1,0.0143086910552903,0.0143086910552903,0.124466666666667,,FALSE
"XLOC_028702","DOK1",12,0,3,0.953705676217044,0.953705676217044,0.0529,,FALSE
"XLOC_028705","HK2",11,0,8,2.32391554180177e-06,2.32391554180177e-06,0.096,,FALSE
"XLOC_028708","POLE4",6,0,0,0.801351526909257,0.801351526909257,0.144166666666667,,FALSE
"XLOC_028716","MRPL19",10,0,3,0.903416955239099,0.903416955239099,0.0915,,FALSE
"XLOC_028765","ELMOD3",23,0,8,0.010546452281778,0.010546452281778,0.120933333333333,,FALSE
"XLOC_028770","MAT2A",19,0,15,0.0229500039543076,0.0229500039543076,0.0512,,FALSE
"XLOC_028772","VAMP5",4,0,2,0.0219345046838548,0.0219345046838548,0.130233333333333,,FALSE
"XLOC_028774","USP39",19,0,7,0.0127770234236199,0.0127770234236199,0.106733333333333,,FALSE
"XLOC_028780","PTCD3",26,0,15,0.647028551426597,0.647028551426597,0.0945333333333333,,FALSE
"XLOC_028782","MRPL35",4,0,2,0.531079256817446,0.531079256817446,0.0708000000000001,,FALSE
"XLOC_028784","KDM3A",14,0,5,0.753074166349905,0.753074166349905,0.127866666666667,,FALSE
"XLOC_028793","CYTOR",43,0,11,0.018771568062705,0.018771568062705,0.1506,,FALSE
"XLOC_028875","ZNF2",6,0,2,0.958909729031049,0.958909729031049,0.137666666666667,,FALSE
"XLOC_028879","FAHD2A",9,0,4,0.778483639864637,0.778483639864637,0.0293333333333334,,FALSE
"XLOC_028896","FAHD2CP",34,0,2,0.603958338708425,0.603958338708425,0.1981,,FALSE
"XLOC_028898","STARD7-AS1",8,0,1,0.850122839002664,0.850122839002664,0.129033333333333,,FALSE
"XLOC_028899","CIAO1",4,0,0,0.818407563551759,0.818407563551759,0.0158333333333333,,FALSE
"XLOC_028901","NCAPH",50,0,43,0.168081893607803,0.168081893607803,0.0359333333333333,,FALSE
"XLOC_028902","ARID5A",7,0,0,0.611662605074666,0.611662605074666,0.0366333333333333,,FALSE
"XLOC_028906","CNNM3",5,0,0,0.380090706344819,0.380090706344819,0.215033333333333,,FALSE
"XLOC_028926","COX5B",8,0,4,0.78533061289995,0.78533061289995,0.037,,FALSE
"XLOC_028927","C2orf92",33,0,2,0.0654105797633751,0.0654105797633751,0.0678666666666667,,FALSE
"XLOC_028934","INPP4A",11,0,3,0.552456066728794,0.552456066728794,0.1048,,FALSE
"XLOC_028935","UNC50",8,0,4,0.542332398625974,0.542332398625974,0.0264333333333333,,FALSE
"XLOC_028940","C2orf15",21,0,7,0.905308158208331,0.905308158208331,0.104933333333333,,FALSE
"XLOC_028941","EIF5B",21,0,16,0.375205209628929,0.375205209628929,0.0495,,FALSE
"XLOC_028949","PDCL3",3,0,2,0.689689459680949,0.689689459680949,0.0427333333333333,,FALSE
"XLOC_028956","RPL31",14,0,5,0.604117032237397,0.604117032237397,0.0402333333333333,,FALSE
"XLOC_028964","MAP4K4",36,0,18,3.40340618101892e-10,3.40340618101892e-10,0.0760666666666667,,FALSE
"XLOC_028967","LINC01127",5,0,1,0.965542362006125,0.965542362006125,0.162033333333333,,FALSE
"XLOC_028970","IL1R1",11,0,0,0.158116948059054,0.158116948059054,0.168433333333333,,FALSE
"XLOC_029008","NCK2",5,0,0,0.061890598812818,0.061890598812818,0.1762,,FALSE
"XLOC_029031","SULT1C2",7,0,2,0.614027019959766,0.614027019959766,0.137266666666667,,FALSE
"XLOC_029037","GCC2",23,0,7,0.739669217247604,0.739669217247604,0.0596333333333333,,FALSE
"XLOC_029038","LIMS1",44,0,30,0.0022886363120663,0.0022886363120663,0.0554666666666667,,FALSE
"XLOC_029039","RANBP2",10,0,7,0.910838644066982,0.910838644066982,0.0786,,FALSE
"XLOC_029049","RGPD5",9,0,1,0.983572807706711,0.983572807706711,0.127133333333333,,FALSE
"XLOC_029064","ACOXL",14,0,0,0.912554490287401,0.912554490287401,0.0705000000000001,,FALSE
"XLOC_029077","MERTK",18,1,12,0.00497233460182995,0.00497233460182995,0.263466666666667,0.263466666666667,TRUE
"XLOC_029083","ZC3H6",5,0,1,0.891788655767362,0.891788655767362,0.200133333333333,,FALSE
"XLOC_029086","POLR1B",12,0,3,0.987335495350982,0.987335495350982,0.133666666666667,,FALSE
"XLOC_029089","SLC20A1",19,0,13,0.387572320267587,0.387572320267587,0.0649,,FALSE
"XLOC_029095","IL36G",3,0,1,0.24303799346751,0.24303799346751,0.0767666666666667,,FALSE
"XLOC_029098","IL36RN",5,0,2,0.463743590726595,0.463743590726595,0.00553333333333333,,FALSE
"XLOC_029100","IL1RN",59,0,54,0.000415432646294824,0.000415432646294824,0.0691,,FALSE
"XLOC_029102","PSD4",11,0,0,0.934689272841768,0.934689272841768,0.0480666666666666,,FALSE
"XLOC_029103","PAX8-AS1",40,0,14,0.0994459341589697,0.0994459341589697,0.0451333333333333,,FALSE
"XLOC_029107","CBWD2",23,1,13,5.75506809779151e-05,5.75506809779151e-05,0.152733333333333,0.152733333333333,FALSE
"XLOC_029112","WASH2P",6,0,0,0.814694791983311,0.814694791983311,0.168533333333333,,FALSE
"XLOC_029113","RABL2A",19,0,1,0.328768650159845,0.328768650159845,0.185666666666667,,FALSE
"XLOC_029117","ACTR3",22,0,14,0.717909625806359,0.717909625806359,0.0180333333333333,,FALSE
"XLOC_029129","DDX18",9,0,4,0.471007807530198,0.471007807530198,0.111866666666667,,FALSE
"XLOC_029136","INSIG2",9,0,2,0.729146699401411,0.729146699401411,0.0957333333333333,,FALSE
"XLOC_029140","DBI",16,0,8,0.9659375568828,0.9659375568828,0.0328333333333333,,FALSE
"XLOC_029144","TMEM177",4,0,1,0.586011120191931,0.586011120191931,0.660066666666667,,FALSE
"XLOC_029154","RALB",19,0,12,0.011872080245155,0.011872080245155,0.0256333333333333,,FALSE
"XLOC_029163","NIFK-AS1",7,0,0,0.943022383406826,0.943022383406826,0.310166666666667,,FALSE
"XLOC_029165","TSN",13,0,4,0.186511957417368,0.186511957417368,0.0822333333333333,,FALSE
"XLOC_029180","GYPC",5,0,0,0.900310449145809,0.900310449145809,0.0138333333333333,,FALSE
"XLOC_029190","MAP3K2-DT",8,0,0,0.736295834482186,0.736295834482186,0.170366666666667,,FALSE
"XLOC_029204","UGGT1",12,0,6,0.919248292597305,0.919248292597305,0.0814,,FALSE
"XLOC_029233","IMP4",19,0,4,0.618999891016827,0.618999891016827,0.0612,,FALSE
"XLOC_029234","PTPN18",16,0,1,0.893797928580467,0.893797928580467,0.0668333333333334,,FALSE
"XLOC_029247","PLEKHB2",21,0,14,0.000582757223764266,0.000582757223764266,0.132666666666667,,FALSE
"XLOC_029256","SMPD4BP",6,0,1,0.0323241437189837,0.0323241437189837,0.1576,,FALSE
"XLOC_029262","C2orf27A",10,0,1,0.235726196824968,0.235726196824968,0.142166666666667,,FALSE
"XLOC_029291","CCNT2",15,0,7,0.74986839652979,0.74986839652979,0.0808666666666667,,FALSE
"XLOC_029292","RAB3GAP1",30,0,12,0.14280590836557,0.14280590836557,0.0444,,FALSE
"XLOC_029294","R3HDM1",21,0,8,0.766536598633235,0.766536598633235,0.0421,,FALSE
"XLOC_029296","UBXN4",19,0,13,0.577221303373424,0.577221303373424,0.0917,,FALSE
"XLOC_029298","DARS1-AS1",12,0,0,0.766865680259287,0.766865680259287,0.336266666666667,,FALSE
"XLOC_029305","HNMT",14,0,11,0.707776748958315,0.707776748958315,0.0553333333333333,,FALSE
"XLOC_029310","SPOPL",7,0,3,0.706964056914993,0.706964056914993,0.178433333333333,,FALSE
"XLOC_029325","KYNU",64,0,57,0.14837647972895,0.14837647972895,0.0320333333333333,,FALSE
"XLOC_029326","ARHGAP15",19,0,14,0.0736541812836966,0.0736541812836966,0.0773666666666667,,FALSE
"XLOC_029333","ZEB2-AS1",12,0,0,0.540863912511149,0.540863912511149,0.296166666666667,,FALSE
"XLOC_029336","TEX41",49,0,7,0.936612041151332,0.936612041151332,0.113566666666667,,FALSE
"XLOC_029352","MBD5",16,0,0,0.960778285204279,0.960778285204279,0.1066,,FALSE
"XLOC_029356","EPC2",11,0,6,0.914871991170012,0.914871991170012,0.0560666666666667,,FALSE
"XLOC_029369","TNFAIP6",16,0,16,0.16646171784531,0.16646171784531,0.0198333333333333,,FALSE
"XLOC_029372","RIF1",16,0,5,0.916364673753762,0.916364673753762,0.103166666666667,,FALSE
"XLOC_029377","FMNL2",15,0,11,0.934440773107864,0.934440773107864,0.0629333333333333,,FALSE
"XLOC_029379","ARL6IP6",20,0,0,0.499834307731148,0.499834307731148,0.0689666666666667,,FALSE
"XLOC_029395","GPD2",15,0,4,0.958894395294169,0.958894395294169,0.0511333333333334,,FALSE
"XLOC_029409","PKP4",23,0,9,0.59100532025447,0.59100532025447,0.109233333333333,,FALSE
"XLOC_029422","MARCHF7",32,0,28,0.387572320267587,0.387572320267587,0.0848,,FALSE
"XLOC_029424","TANK",52,0,36,0.00257972932768233,0.00257972932768233,0.0676666666666667,,FALSE
"XLOC_029427","PSMD14",18,0,14,0.0135961763812031,0.0135961763812031,0.0901333333333333,,FALSE
"XLOC_029437","GCA",28,0,19,0.209523948570396,0.209523948570396,0.0526333333333333,,FALSE
"XLOC_029456","CERS6",3,0,1,0.919501764073191,0.919501764073191,0.07,,FALSE
"XLOC_029460","DHRS9",18,0,12,0.743175961355161,0.743175961355161,0.0263,,FALSE
"XLOC_029462","BBS5",10,0,1,0.387086970000113,0.387086970000113,0.185633333333333,,FALSE
"XLOC_029463","PPIG",26,0,6,8.08332650247895e-06,8.08332650247895e-06,0.0915,,FALSE
"XLOC_029467","SSB",21,0,14,0.155036997163509,0.155036997163509,0.0618666666666667,,FALSE
"XLOC_029468","UBR3",10,0,1,0.741859200220266,0.741859200220266,0.135233333333333,,FALSE
"XLOC_029477","GORASP2",17,0,8,0.194121004522481,0.194121004522481,0.0573,,FALSE
"XLOC_029478","DCAF17",13,0,4,1.92229579964274e-05,1.92229579964274e-05,0.227666666666667,,FALSE
"XLOC_029481","CYBRD1",5,0,3,0.910076065538418,0.910076065538418,0.125566666666667,,FALSE
"XLOC_029483","DYNC1I2",31,0,19,7.94345112257422e-08,7.94345112257422e-08,0.0832333333333333,,FALSE
"XLOC_029484","HAT1",14,0,9,0.964627526470195,0.964627526470195,0.121,,FALSE
"XLOC_029490","ITGA6",27,0,16,0.0372110499192858,0.0372110499192858,0.0602333333333333,,FALSE
"XLOC_029491","PDK1",9,0,1,0.324199299893088,0.324199299893088,0.0440333333333333,,FALSE
"XLOC_029494","MAP3K20",9,0,3,0.78674025010323,0.78674025010323,0.134566666666667,,FALSE
"XLOC_029506","SCRN3",12,0,3,0.114525958269959,0.114525958269959,0.0415666666666667,,FALSE
"XLOC_029539","HNRNPA3",20,0,8,0.120438484802293,0.120438484802293,0.0858333333333333,,FALSE
"XLOC_029544","AGPS",24,0,9,0.010546452281778,0.010546452281778,0.0780666666666667,,FALSE
"XLOC_029550","RBM45",7,0,1,0.0631998271808649,0.0631998271808649,0.123666666666667,,FALSE
"XLOC_029553","CHROMR",26,0,5,0.221511347883536,0.221511347883536,0.0980333333333333,,FALSE
"XLOC_029557","TTN-AS1",38,0,5,0.921029528207095,0.921029528207095,0.0523,,FALSE
"XLOC_029571","UBE2E3",10,0,1,0.961686927682444,0.961686927682444,0.0133000000000001,,FALSE
"XLOC_029574","ITGA4",11,0,7,0.810386473856884,0.810386473856884,0.1241,,FALSE
"XLOC_029578","ITPRID2",26,0,14,0.587099724598463,0.587099724598463,0.0529666666666667,,FALSE
"XLOC_029583","DNAJC10",21,0,9,0.592931138139799,0.592931138139799,0.0295333333333334,,FALSE
"XLOC_029601","ZC3H15",15,0,11,7.72677626775597e-05,7.72677626775597e-05,0.0332,,FALSE
"XLOC_029602","ITGAV",13,0,6,0.815836997574723,0.815836997574723,0.0908333333333333,,FALSE
"XLOC_029614","WDR75",12,0,9,0.00101557182391037,0.00101557182391037,0.111333333333333,,FALSE
"XLOC_029615","ASNSD1",8,0,4,0.000386409004220681,0.000386409004220681,0.0267666666666667,,FALSE
"XLOC_029618","PMS1",20,0,6,0.981303031588092,0.981303031588092,0.0802666666666667,,FALSE
"XLOC_029621","INPP1",12,0,2,0.4121397187712,0.4121397187712,0.0693666666666667,,FALSE
"XLOC_029622","MFSD6",7,0,2,0.787051915881291,0.787051915881291,0.0623333333333333,,FALSE
"XLOC_029624","NAB1",11,0,7,1.91695069343652e-05,1.91695069343652e-05,0.0865333333333333,,FALSE
"XLOC_029625","GLS",21,0,9,0.0352451816610854,0.0352451816610854,0.0390666666666667,,FALSE
"XLOC_029631","MYO1B",19,1,11,0.0173804972922465,0.0173804972922465,0.189666666666667,0.189666666666667,FALSE
"XLOC_029634","NABP1",48,0,34,5.94997512116467e-05,5.94997512116467e-05,0.0569,,FALSE
"XLOC_029652","SLC39A10",14,0,7,0.465344123365793,0.465344123365793,0.129366666666667,,FALSE
"XLOC_029663","COQ10B",7,0,5,0.682683539473371,0.682683539473371,0.0526666666666667,,FALSE
"XLOC_029664","HSPE1",18,0,7,0.666141490858886,0.666141490858886,0.0506666666666667,,FALSE
"XLOC_029669","PLCL1",11,0,7,0.102718661937494,0.102718661937494,0.0718333333333333,,FALSE
"XLOC_029677","C2orf69",6,0,0,0.001818912363683,0.001818912363683,0.0934,,FALSE
"XLOC_029679","SPATS2L",30,0,12,0.00169524488243961,0.00169524488243961,0.048,,FALSE
"XLOC_029685","BZW1",34,0,23,0.0311493108329904,0.0311493108329904,0.0620666666666667,,FALSE
"XLOC_029688","NIF3L1",14,0,7,0.887953366157591,0.887953366157591,0.1406,,FALSE
"XLOC_029693","NDUFB3",10,0,6,0.939591875108204,0.939591875108204,0.0826,,FALSE
"XLOC_029697","CFLAR",44,0,26,0.201244399651641,0.201244399651641,0.0440666666666667,,FALSE
"XLOC_029698","CASP10",15,0,2,0.136835893740491,0.136835893740491,0.143833333333333,,FALSE
"XLOC_029699","CASP8",49,0,36,0.00292638409907724,0.00292638409907724,0.0948333333333333,,FALSE
"XLOC_029700","STRADB",11,0,3,0.190388690842753,0.190388690842753,0.0676,,FALSE
"XLOC_029720","NOP58",21,0,17,0.320002983383124,0.320002983383124,0.0409666666666667,,FALSE
"XLOC_029725","BMPR2",7,0,4,0.0977064176998437,0.0977064176998437,0.210566666666667,,FALSE
"XLOC_029734","CARF",14,0,1,0.506548141722772,0.506548141722772,0.142233333333333,,FALSE
"XLOC_029737","NBEAL1",18,0,1,0.656371892843564,0.656371892843564,0.1547,,FALSE
"XLOC_029739","CYP20A1",12,0,6,0.706964056914993,0.706964056914993,0.0935333333333333,,FALSE
"XLOC_029741","ABI2",18,0,0,0.0669369133682101,0.0669369133682101,0.0517333333333333,,FALSE
"XLOC_029752","NRP2",21,0,5,0.00182771692173257,0.00182771692173257,0.0447,,FALSE
"XLOC_029759","INO80D-AS1",3,0,0,0.795511633542557,0.795511633542557,0.144966666666667,,FALSE
"XLOC_029761","EEF1B2",17,0,9,0.00209720706225583,0.00209720706225583,0.0783,,FALSE
"XLOC_029768","FASTKD2",12,0,7,0.759500167863383,0.759500167863383,0.0640333333333333,,FALSE
"XLOC_029778","CREB1",22,0,13,0.0186999138842339,0.0186999138842339,0.0606,,FALSE
"XLOC_029780","LINC01857",2,0,0,0.973588362325081,0.973588362325081,0.0683333333333334,,FALSE
"XLOC_029783","CCNYL1",10,0,2,0.487419719003189,0.487419719003189,0.0860666666666667,,FALSE
"XLOC_029787","PIKFYVE",11,0,4,0.881506443127032,0.881506443127032,0.0875,,FALSE
"XLOC_029798","RPE",22,0,13,0.619723201677341,0.619723201677341,0.0770333333333333,,FALSE
"XLOC_029816","SPAG16",5,0,0,0.983572807706711,0.983572807706711,0.0518333333333333,,FALSE
"XLOC_029826","ATIC",24,0,11,0.471692542599291,0.471692542599291,0.0473,,FALSE
"XLOC_029835","XRCC5",30,0,25,0.0157205737260637,0.0157205737260637,0.0373,,FALSE
"XLOC_029841","SMARCAL1",20,0,9,0.00170749193278623,0.00170749193278623,0.1447,,FALSE
"XLOC_029842","RPL37A",12,0,1,0.611939831690493,0.611939831690493,0.0247,,FALSE
"XLOC_029856","ARPC2",32,0,18,0.307828917090035,0.307828917090035,0.0226666666666667,,FALSE
"XLOC_029858","PNKD",22,0,3,0.426293074470256,0.426293074470256,0.0390333333333333,,FALSE
"XLOC_029862","SLC11A1",32,0,16,0.234801264232983,0.234801264232983,0.0923333333333333,,FALSE
"XLOC_029863","CTDSP1",13,0,0,0.433111264350108,0.433111264350108,0.0508333333333333,,FALSE
"XLOC_029866","CNOT9",16,0,10,0.403797882180496,0.403797882180496,0.0394,,FALSE
"XLOC_029868","BCS1L",18,0,7,0.70333276699298,0.70333276699298,0.128533333333333,,FALSE
"XLOC_029869","STK36",15,0,3,0.792642174268697,0.792642174268697,0.103633333333333,,FALSE
"XLOC_029870","TTLL4",60,0,39,0.0445929105234905,0.0445929105234905,0.0367333333333333,,FALSE
"XLOC_029882","RETREG2",9,0,1,0.0161325881986531,0.0161325881986531,0.0349,,FALSE
"XLOC_029883","ZFAND2B",15,0,1,0.193899202442157,0.193899202442157,0.231866666666667,,FALSE
"XLOC_029884","ANKZF1",19,0,1,0.649180549860274,0.649180549860274,0.2632,,FALSE
"XLOC_029885","STK16",16,0,4,0.00178138512425467,0.00178138512425467,0.0632666666666667,,FALSE
"XLOC_029887","DNAJB2",17,0,0,0.175485400201194,0.175485400201194,0.0166,,FALSE
"XLOC_029893","GMPPA",37,0,4,0.627274563142074,0.627274563142074,0.0501,,FALSE
"XLOC_029898","STK11IP",11,0,0,0.230797073927496,0.230797073927496,0.0327333333333333,,FALSE
"XLOC_029921","ACSL3",39,0,8,0.00107289852192972,0.00107289852192972,0.0759333333333334,,FALSE
"XLOC_029926","MRPL44",5,0,5,0.090119433786982,0.090119433786982,0.0144333333333333,,FALSE
"XLOC_029936","RHBDD1",13,0,7,0.0738610677791906,0.0738610677791906,0.119166666666667,,FALSE
"XLOC_029938","MFF",28,0,11,0.0696866479117124,0.0696866479117124,0.111633333333333,,FALSE
"XLOC_029939","AGFG1",15,0,9,0.271074408618191,0.271074408618191,0.0856,,FALSE
"XLOC_029947","CCL20",8,0,6,0.448254109117546,0.448254109117546,0.0219333333333333,,FALSE
"XLOC_029963","SP140",33,0,15,0.0662985514840264,0.0662985514840264,0.123833333333333,,FALSE
"XLOC_029964","SP100",51,0,38,0.387623780279865,0.387623780279865,0.0513666666666667,,FALSE
"XLOC_029967","CAB39",10,0,5,0.145605828563934,0.145605828563934,0.0739,,FALSE
"XLOC_029970","ITM2C",6,0,3,0.671014905032419,0.671014905032419,0.212066666666667,,FALSE
"XLOC_029978","PSMD1",38,0,11,1.53972038988062e-07,1.53972038988062e-07,0.0992666666666667,,FALSE
"XLOC_029980","ARMC9",32,0,9,0.258945249607287,0.258945249607287,0.244,,FALSE
"XLOC_029989","PTMA",41,0,31,0.410200543358178,0.410200543358178,0.0366666666666667,,FALSE
"XLOC_029990","COPS7B",20,0,2,0.650149225312136,0.650149225312136,0.121266666666667,,FALSE
"XLOC_029992","DIS3L2",10,0,0,0.990565872805151,0.990565872805151,0.0261666666666667,,FALSE
"XLOC_030002","EIF4E2",19,0,12,0.489806957465617,0.489806957465617,0.0523,,FALSE
"XLOC_030005","GIGYF2",50,0,13,0.0219905191073775,0.0219905191073775,0.0417333333333333,,FALSE
"XLOC_030010","INPP5D",13,0,2,0.231650179409104,0.231650179409104,0.125533333333333,,FALSE
"XLOC_030012","ATG16L1",15,0,5,0.415460821234322,0.415460821234322,0.0368666666666667,,FALSE
"XLOC_030016","DGKD",8,0,0,0.862565112480338,0.862565112480338,0.3361,,FALSE
"XLOC_030045","COPS8",13,0,8,0.433111264350108,0.433111264350108,0.0552333333333333,,FALSE
"XLOC_030053","LRRFIP1",23,0,5,0.0123568512996906,0.0123568512996906,0.0678666666666667,,FALSE
"XLOC_030056","UBE2F",41,0,6,0.261931703295738,0.261931703295738,0.0669333333333333,,FALSE
"XLOC_030083","GPC1",4,0,0,0.3173227978649,0.3173227978649,0.0778666666666666,,FALSE
"XLOC_030086","DUSP28",4,0,0,0.866636328785544,0.866636328785544,0.305766666666667,,FALSE
"XLOC_030088","CAPN10",18,0,0,0.105126673950263,0.105126673950263,0.1114,,FALSE
"XLOC_030097","PPP1R7",24,0,9,1.36730504707091e-07,1.36730504707091e-07,0.0318,,FALSE
"XLOC_030099","SEPTIN2",79,0,42,3.08058325677861e-15,3.08058325677861e-15,0.0446333333333333,,FALSE
"XLOC_030100","FARP2",13,0,1,0.613769785033794,0.613769785033794,0.0957,,FALSE
"XLOC_030107","ATG4B",25,0,3,0.674650823026706,0.674650823026706,0.0875333333333333,,FALSE
"XLOC_030109","D2HGDH",10,0,0,0.0074612201470591,0.0074612201470591,0.3101,,FALSE
"XLOC_030118","LINC01881",15,0,2,0.668564381648873,0.668564381648873,0.1798,,FALSE
"XLOC_030120","SH3YL1",33,0,11,0.621068845918128,0.621068845918128,0.179466666666667,,FALSE
"XLOC_030124","TMEM18",8,0,1,0.121006080542155,0.121006080542155,0.0648,,FALSE
"XLOC_030148","EIPR1",12,0,4,0.712831601485728,0.712831601485728,0.0322333333333333,,FALSE
"XLOC_030152","RNASEH1",12,0,2,0.392438197067322,0.392438197067322,0.0532,,FALSE
"XLOC_030175","CMPK2",12,2,9,2.34953104433905e-09,2.34953104433905e-09,0.336866666666667,0.336866666666667,TRUE
"XLOC_030191","KIDINS220",38,0,6,0.000492450885188214,0.000492450885188214,0.0563,,FALSE
"XLOC_030192","MBOAT2",8,0,0,0.932764197972199,0.932764197972199,0.0572333333333333,,FALSE
"XLOC_030196","ITGB1BP1",40,0,23,0.058752094518831,0.058752094518831,0.0380666666666667,,FALSE
"XLOC_030197","ADAM17",30,0,14,0.000300032230517815,0.000300032230517815,0.0638333333333333,,FALSE
"XLOC_030198","YWHAQ",9,0,5,0.0561846223296564,0.0561846223296564,0.0269,,FALSE
"XLOC_030212","ODC1",10,0,6,0.463743590726595,0.463743590726595,0.0688666666666667,,FALSE
"XLOC_030214","NOL10",27,0,7,0.702305671703384,0.702305671703384,0.0246,,FALSE
"XLOC_030216","PDIA6",24,0,21,0.269996934745388,0.269996934745388,0.0527666666666667,,FALSE
"XLOC_030223","E2F6",10,0,1,0.259441041547426,0.259441041547426,0.0686333333333333,,FALSE
"XLOC_030240","NBAS",9,0,2,0.0443124972935967,0.0443124972935967,0.136033333333333,,FALSE
"XLOC_030253","CYRIA",13,0,13,0.481032339563379,0.481032339563379,0.0445666666666666,,FALSE
"XLOC_030258","SMC6",12,0,6,0.000778405101862988,0.000778405101862988,0.206333333333333,,FALSE
"XLOC_030267","TTC32",4,0,1,0.971229295132413,0.971229295132413,0.100533333333333,,FALSE
"XLOC_030270","LAPTM4A",6,0,6,0.97472005723405,0.97472005723405,0.0138666666666667,,FALSE
"XLOC_030274","SDC1",4,0,0,0.85746692021835,0.85746692021835,0.0198666666666667,,FALSE
"XLOC_030277","PUM2",18,0,10,0.000303547272035225,0.000303547272035225,0.107933333333333,,FALSE
"XLOC_030286","LDAH",17,0,11,0.06649903702285,0.06649903702285,0.106133333333333,,FALSE
"XLOC_030304","ATAD2B",8,0,1,0.320323904315856,0.320323904315856,0.118733333333333,,FALSE
"XLOC_030307","WDCP",4,0,2,0.999648080742174,0.999648080742174,0.0980333333333333,,FALSE
"XLOC_030308","SF3B6",3,0,2,0.997218785055414,0.997218785055414,0.0231666666666667,,FALSE
"XLOC_030309","TP53I3",5,0,0,0.920295024264178,0.920295024264178,0.1108,,FALSE
"XLOC_030313","ITSN2",14,0,6,0.208337535585564,0.208337535585564,0.103533333333333,,FALSE
"XLOC_030317","ADCY3",20,0,9,0.062949077462236,0.062949077462236,0.0492,,FALSE
"XLOC_030318","DNAJC27",6,0,0,0.80864545451914,0.80864545451914,0.183833333333333,,FALSE
"XLOC_030325","DNMT3A",13,0,1,0.897367237859238,0.897367237859238,0.0975,,FALSE
"XLOC_030328","DTNB",16,0,1,0.704731356810818,0.704731356810818,0.0927666666666667,,FALSE
"XLOC_030330","ASXL2",3,0,0,0.998088144629046,0.998088144629046,0.254666666666667,,FALSE
"XLOC_030338","HADHA",27,0,19,0.15008246748379,0.15008246748379,0.0208666666666667,,FALSE
"XLOC_030352","PREB",11,0,5,0.00129254312238965,0.00129254312238965,0.0997666666666667,,FALSE
"XLOC_030355","SLC5A6",33,0,18,0.462927412883319,0.462927412883319,0.173566666666667,,FALSE
"XLOC_030358","MPV17",32,0,10,0.0710796098949324,0.0710796098949324,0.0671333333333333,,FALSE
"XLOC_030359","GTF3C2",30,0,20,0.307282893835545,0.307282893835545,0.236233333333333,,FALSE
"XLOC_030360","EIF2B4",16,0,8,0.431154525054868,0.431154525054868,0.0630333333333334,,FALSE
"XLOC_030362","PPM1G",7,0,4,0.203574403932817,0.203574403932817,0.1056,,FALSE
"XLOC_030370","RBKS",5,0,1,0.927892387909478,0.927892387909478,0.0980333333333334,,FALSE
"XLOC_030381","TRMT61B",5,0,2,0.506639155715547,0.506639155715547,0.5279,,FALSE
"XLOC_030402","MEMO1",23,0,14,0.0583020376187977,0.0583020376187977,0.0722333333333333,,FALSE
"XLOC_030405","NLRC4",15,0,13,0.767119967080746,0.767119967080746,0.0780333333333333,,FALSE
"XLOC_030412","FAM98A",15,0,2,0.659944630060484,0.659944630060484,0.0237333333333334,,FALSE
"XLOC_030426","FEZ2",16,0,4,0.88940201296495,0.88940201296495,0.034,,FALSE
"XLOC_030431","EIF2AK2",23,0,10,0.000866245504869129,0.000866245504869129,0.131366666666667,,FALSE
"XLOC_030435","PRKD3",13,2,6,2.80605699737198e-14,2.80605699737198e-14,0.378733333333333,0.378733333333333,FALSE
"XLOC_030441","RMDN2-AS1",10,0,1,0.399301800101929,0.399301800101929,0.00580000000000003,,FALSE
"XLOC_030445","ATL2",18,0,5,0.0158241476135024,0.0158241476135024,0.204633333333333,,FALSE
"XLOC_030449","HNRNPLL",14,0,3,0.362320332277745,0.362320332277745,0.0571666666666667,,FALSE
"XLOC_030451","SRSF7",17,0,8,0.351760549228016,0.351760549228016,0.0686333333333334,,FALSE
"XLOC_030452","DHX57",8,0,2,0.966914605100777,0.966914605100777,0.0437666666666667,,FALSE
"XLOC_030457","SOS1",20,0,1,0.297559504146498,0.297559504146498,0.0943,,FALSE
"XLOC_030461","MAP4K3",12,0,1,0.880891092372893,0.880891092372893,0.0678333333333333,,FALSE
"XLOC_030464","THUMPD2",13,0,8,0.17155403695867,0.17155403695867,0.1159,,FALSE
"XLOC_030465","SLC8A1",18,0,6,0.780384830465212,0.780384830465212,0.0606666666666666,,FALSE
"XLOC_030472","EML4-AS1",3,0,1,0.860796635909052,0.860796635909052,0.1496,,FALSE
"XLOC_030473","COX7A2L",7,0,1,0.884613820291245,0.884613820291245,0.0219333333333333,,FALSE
"XLOC_030479","HAAO",8,0,1,0.128871156540737,0.128871156540737,0.0555333333333333,,FALSE
"XLOC_030488","THADA",20,0,10,0.582010758746234,0.582010758746234,0.1054,,FALSE
"XLOC_030494","LRPPRC",60,0,14,0.0776694550086363,0.0776694550086363,0.0884333333333333,,FALSE
"XLOC_030498","PREPL",22,0,10,7.34324885294674e-06,7.34324885294674e-06,0.138966666666667,,FALSE
"XLOC_030505","SRBD1",12,0,10,0.847654886766692,0.847654886766692,0.18,,FALSE
"XLOC_030516","PIGF",9,0,3,0.782440545705398,0.782440545705398,0.2013,,FALSE
"XLOC_030518","MCFD2",19,0,6,0.769356467016418,0.769356467016418,0.170366666666667,,FALSE
"XLOC_030521","STPG4",19,0,9,0.66409161221359,0.66409161221359,0.0275,,FALSE
"XLOC_030527","FBXO11",21,0,8,0.000431206517915988,0.000431206517915988,0.0297,,FALSE
"XLOC_030554","ASB3",11,1,2,0.032401656403517,0.032401656403517,0.3568,0.2239,TRUE
"XLOC_030557","PSME4",14,0,8,0.945350640761948,0.945350640761948,0.0439,,FALSE
"XLOC_030569","RTN4",14,0,4,0.642671347415702,0.642671347415702,0.0178666666666666,,FALSE
"XLOC_030574","MTIF2",105,0,42,0.00390339887473766,0.00390339887473766,0.0259333333333333,,FALSE
"XLOC_030578","PPP4R3B",21,0,16,2.11843485028983e-05,2.11843485028983e-05,0.0514666666666667,,FALSE
"XLOC_030579","PNPT1",31,0,26,8.37875890399478e-08,8.37875890399478e-08,0.130733333333333,,FALSE
"XLOC_030594","FANCL",75,0,3,0.841368629464948,0.841368629464948,0.1445,,FALSE
"XLOC_030600","BCL11A",26,0,7,0.224646649048194,0.224646649048194,0.0664,,FALSE
"XLOC_030605","NONOP2",13,0,8,0.708268353843211,0.708268353843211,0.0801666666666667,,FALSE
"XLOC_030606","XLOC_030606",5,0,1,0.997347513297155,0.997347513297155,0.0718,,FALSE
"XLOC_030608","USP34",33,0,20,0.0106797674956802,0.0106797674956802,0.0705666666666666,,FALSE
"XLOC_030611","XPO1",53,0,8,8.4942065374656e-07,8.4942065374656e-07,0.0376333333333333,,FALSE
"XLOC_030617","CCT4",8,0,5,0.89570868530609,0.89570868530609,0.0502333333333333,,FALSE
"XLOC_030635","WDPCP",19,0,6,0.266584456901084,0.266584456901084,0.1662,,FALSE
"XLOC_030641","VPS54",8,1,4,2.36934396002668e-08,2.36934396002668e-08,0.203333333333333,0.203333333333333,TRUE
"XLOC_030644","PELI1",10,0,6,0.000183266322228632,0.000183266322228632,0.0836333333333333,,FALSE
"XLOC_030653","SERTAD2",3,0,0,0.981804728382397,0.981804728382397,0.0467,,FALSE
"XLOC_030661","RAB1A",11,0,6,0.351970147085495,0.351970147085495,0.0488,,FALSE
"XLOC_030662","XLOC_030662",6,0,2,0.928354000327583,0.928354000327583,0.201233333333333,,FALSE
"XLOC_030663","SPRED2",7,0,1,0.892668014034268,0.892668014034268,0.1052,,FALSE
"XLOC_030683","C1D",9,0,3,0.964340599374598,0.964340599374598,0.1531,,FALSE
"XLOC_030696","GFPT1",9,0,5,0.970062220124095,0.970062220124095,0.0292333333333333,,FALSE
"XLOC_030697","NFU1",10,0,2,0.96482011695802,0.96482011695802,0.0406333333333333,,FALSE
"XLOC_030706","ASPRV1",114,0,12,0.592121899611616,0.592121899611616,0.0627333333333333,,FALSE
"XLOC_030709","C2orf42",44,0,22,0.333817010622495,0.333817010622495,0.0679666666666667,,FALSE
"XLOC_030712","SNRPG",7,0,1,0.618907855076919,0.618907855076919,0.0185,,FALSE
"XLOC_030713","FAM136A",7,0,2,0.930762107555381,0.930762107555381,0.0449333333333333,,FALSE
"XLOC_030714","TGFA",7,0,0,0.888565765320732,0.888565765320732,0.0717666666666667,,FALSE
"XLOC_030725","MCEE",4,0,0,0.979772688627423,0.979772688627423,0.0573666666666667,,FALSE
"XLOC_030733","SFXN5",20,0,1,0.747384705272202,0.747384705272202,0.0322666666666667,,FALSE
"XLOC_030734","PRADC1",2,0,0,0.973842952290888,0.973842952290888,0.0075,,FALSE
"XLOC_030741","TPRKB",13,0,6,6.50970046455959e-07,6.50970046455959e-07,0.103333333333333,,FALSE
"XLOC_030743","DUSP11",12,0,4,0.000673778965063992,0.000673778965063992,0.145333333333333,,FALSE
"XLOC_030750","MOB1A",12,0,6,0.670817395457414,0.670817395457414,0.0096666666666666,,FALSE
"XLOC_030752","SLC4A5",30,0,7,1.67170539434068e-05,1.67170539434068e-05,0.0883333333333333,,FALSE
"XLOC_030756","MOGS",17,0,0,0.326693969801291,0.326693969801291,0.223466666666667,,FALSE
"XLOC_030757","MRPL53",12,0,1,0.854397393251175,0.854397393251175,0.0730666666666667,,FALSE
"XLOC_030758","LBX2",6,0,0,0.99599592947764,0.99599592947764,0.0836333333333333,,FALSE
"XLOC_030759","PCGF1",8,0,4,0.991839806564682,0.991839806564682,0.0537666666666666,,FALSE
"XLOC_030761","AUP1",28,0,22,0.968190480968124,0.968190480968124,0.0369333333333333,,FALSE
"XLOC_030762","LOXL3",7,0,1,0.739669217247604,0.739669217247604,0.182133333333333,,FALSE
"XLOC_030775","GCFC2",11,0,2,0.292957965776121,0.292957965776121,0.0917,,FALSE
"XLOC_030818","SUCLG1",9,0,3,0.791152865316287,0.791152865316287,0.00403333333333333,,FALSE
"XLOC_030820","TRABD2A",7,0,0,0.837320267271811,0.837320267271811,0.0402666666666667,,FALSE
"XLOC_030825","TGOLN2",8,0,3,0.796048996834305,0.796048996834305,0.0947666666666666,,FALSE
"XLOC_030828","RETSAT",9,0,2,0.108785036349284,0.108785036349284,0.0478,,FALSE
"XLOC_030830","CAPG",41,0,32,0.223785605830524,0.223785605830524,0.0317333333333333,,FALSE
"XLOC_030834","GGCX",26,0,6,0.0013023111805756,0.0013023111805756,0.1039,,FALSE
"XLOC_030837","TMEM150A",11,0,1,0.544250205638983,0.544250205638983,0.0717666666666666,,FALSE
"XLOC_030844","ST3GAL5",52,0,4,0.0344976195176517,0.0344976195176517,0.0114,,FALSE
"XLOC_030846","POLR1A",11,0,3,0.973164590618576,0.973164590618576,0.0732666666666667,,FALSE
"XLOC_030847","IMMT",16,0,6,0.360461344917762,0.360461344917762,0.0163666666666667,,FALSE
"XLOC_030852","CHMP3",18,0,2,0.766172996387615,0.766172996387615,0.0524333333333333,,FALSE
"XLOC_030866","LINC01943",2,0,1,0.334173298541784,0.334173298541784,0.0676333333333333,,FALSE
"XLOC_030874","KRCC1",4,0,3,0.565088461697042,0.565088461697042,0.0526,,FALSE
"XLOC_030883","EIF2AK3",21,0,0,7.07925620716817e-05,7.07925620716817e-05,0.0915333333333333,,FALSE
"XLOC_030930","XLOC_030930",6,0,1,0.801068538216376,0.801068538216376,0.108,,FALSE
"XLOC_030962","MRPS5",23,0,4,0.73824116373822,0.73824116373822,0.0122,,FALSE
"XLOC_030983","GPAT2",12,0,4,0.818823509013634,0.818823509013634,0.0553333333333333,,FALSE
"XLOC_030988","STARD7",11,0,6,0.916432876625801,0.916432876625801,0.0808333333333333,,FALSE
"XLOC_030989","TMEM127",8,0,6,0.934440773107864,0.934440773107864,0.0500333333333333,,FALSE
"XLOC_030990","SNRNP200",27,0,18,0.0131369431811716,0.0131369431811716,0.0955333333333333,,FALSE
"XLOC_030993","KANSL3",22,0,8,0.268747016129933,0.268747016129933,0.0575,,FALSE
"XLOC_030994","LMAN2L",7,0,6,0.956715180233132,0.956715180233132,0.0610333333333333,,FALSE
"XLOC_031010","XLOC_031010",16,0,1,0.763691609413974,0.763691609413974,0.1276,,FALSE
"XLOC_031011","ANKRD36B",10,0,3,0.171315845675227,0.171315845675227,0.1165,,FALSE
"XLOC_031014","ACTR1B",5,0,2,0.291033718612518,0.291033718612518,0.0853333333333334,,FALSE
"XLOC_031016","TMEM131",13,0,6,4.36323644344886e-09,4.36323644344886e-09,0.125566666666667,,FALSE
"XLOC_031019","COA5",5,0,1,0.843921335510871,0.843921335510871,0.128866666666667,,FALSE
"XLOC_031020","MGAT4A",11,0,6,0.604327730210137,0.604327730210137,0.0991666666666667,,FALSE
"XLOC_031021","LINC02611",15,0,2,0.684269039968282,0.684269039968282,0.256266666666667,,FALSE
"XLOC_031024","TSGA10",16,0,1,0.673283497861904,0.673283497861904,0.3107,,FALSE
"XLOC_031025","MITD1",16,0,8,0.680323733095046,0.680323733095046,0.0943333333333333,,FALSE
"XLOC_031027","LYG1",16,0,8,0.406318534266442,0.406318534266442,0.125066666666667,,FALSE
"XLOC_031028","REV1",19,0,7,0.520795213304483,0.520795213304483,0.1379,,FALSE
"XLOC_031039","TBC1D8",12,0,5,0.654506556649472,0.654506556649472,0.0712,,FALSE
"XLOC_031041","RNF149",9,0,5,0.809785279284418,0.809785279284418,0.0126666666666667,,FALSE
"XLOC_031050","MFSD9",8,0,0,0.835908483546989,0.835908483546989,0.186733333333333,,FALSE
"XLOC_031068","TGFBRAP1",3,0,0,0.325003534717554,0.325003534717554,0.0877333333333333,,FALSE
"XLOC_031074","UXS1",33,0,25,0.345005205109897,0.345005205109897,0.0613,,FALSE
"XLOC_031105","SEPTIN10",13,0,1,0.0773908381304589,0.0773908381304589,0.0526333333333333,,FALSE
"XLOC_031116","MTLN",3,0,0,0.854948680137913,0.854948680137913,0.0278666666666667,,FALSE
"XLOC_031119","GPAA1P2",6,0,0,0.983036168379608,0.983036168379608,0.139433333333333,,FALSE
"XLOC_031120","RGPD6",12,0,1,0.0857094029913566,0.0857094029913566,0.196033333333333,,FALSE
"XLOC_031121","BUB1",17,0,9,0.439946134815253,0.439946134815253,0.107866666666667,,FALSE
"XLOC_031123","MIR4435-2HG",95,0,19,0.0297884255509949,0.0297884255509949,0.153566666666667,,FALSE
"XLOC_031135","ZC3H8",8,0,3,0.91416483640728,0.91416483640728,0.0937,,FALSE
"XLOC_031137","RGPD8",9,0,4,0.966821348916885,0.966821348916885,0.205833333333333,,FALSE
"XLOC_031145","IL1A",5,0,5,0.767462040941665,0.767462040941665,0.0722333333333333,,FALSE
"XLOC_031147","IL1B",18,0,13,0.0994499188983717,0.0994499188983717,0.0351666666666667,,FALSE
"XLOC_031149","IL36B",4,1,2,1.67759780143082e-06,1.67759780143082e-06,0.220766666666667,0.220766666666667,FALSE
"XLOC_031151","PAX8",13,0,5,0.445396248559046,0.445396248559046,0.147833333333333,,FALSE
"XLOC_031155","DDX11L2",2,0,1,0.75509931986821,0.75509931986821,0.156366666666667,,FALSE
"XLOC_031160","SLC35F5",20,0,8,0.00169524488243961,0.00169524488243961,0.0358666666666667,,FALSE
"XLOC_031162","ACTR3-AS1",5,0,1,0.0182073342695219,0.0182073342695219,0.354633333333333,,FALSE
"XLOC_031178","CCDC93",12,0,4,0.0219345046838548,0.0219345046838548,0.1332,,FALSE
"XLOC_031186","XLOC_031186",2,0,2,0.464684728003007,0.464684728003007,0.231066666666667,,FALSE
"XLOC_031187","C2orf76",6,0,1,0.995469298215014,0.995469298215014,0.0133333333333334,,FALSE
"XLOC_031193","TMEM185B",5,0,4,0.898959364717337,0.898959364717337,0.0852333333333333,,FALSE
"XLOC_031203","CLASP1",9,0,1,0.806208985380417,0.806208985380417,0.121466666666667,,FALSE
"XLOC_031207","NIFK",9,0,5,0.0148659005277842,0.0148659005277842,0.0550666666666667,,FALSE
"XLOC_031224","BIN1",12,0,0,0.936357558906574,0.936357558906574,0.0786666666666667,,FALSE
"XLOC_031227","ERCC3",21,0,5,0.568753092971289,0.568753092971289,0.0333666666666667,,FALSE
"XLOC_031231","IWS1",17,0,10,0.690155252766003,0.690155252766003,0.0467333333333333,,FALSE
"XLOC_031233","LIMS2",11,0,0,0.778668427603964,0.778668427603964,0.202466666666667,,FALSE
"XLOC_031234","WDR33",6,0,1,0.645495952389703,0.645495952389703,0.0682333333333333,,FALSE
"XLOC_031238","POLR2D",14,0,11,0.856377503190988,0.856377503190988,0.0376666666666667,,FALSE
"XLOC_031239","AMMECR1L",12,0,1,0.350621733831241,0.350621733831241,0.246266666666667,,FALSE
"XLOC_031240","SAP130",9,0,5,0.00786979845009891,0.00786979845009891,0.1127,,FALSE
"XLOC_031243","HS6ST1",3,0,0,0.826595184954841,0.826595184954841,0.0102,,FALSE
"XLOC_031262","SMPD4",23,0,1,0.158245144046327,0.158245144046327,0.1196,,FALSE
"XLOC_031268","CCDC115",6,0,1,0.715160935459312,0.715160935459312,0.0893333333333333,,FALSE
"XLOC_031342","CXCR4",8,0,4,0.759587201761773,0.759587201761773,0.00886666666666667,,FALSE
"XLOC_031381","GTDC1",31,0,16,0.00647612373652269,0.00647612373652269,0.146433333333333,,FALSE
"XLOC_031382","ZEB2",57,0,18,0.533271001521324,0.533271001521324,0.0851333333333333,,FALSE
"XLOC_031384","XLOC_031384",2,0,0,0.966616014924391,0.966616014924391,0.283266666666667,,FALSE
"XLOC_031398","ORC4",16,0,6,0.239429713533409,0.239429713533409,0.104533333333333,,FALSE
"XLOC_031421","NMI",7,0,5,0.937477469909812,0.937477469909812,0.116833333333333,,FALSE
"XLOC_031424","ARL5A",15,0,2,0.879239575852457,0.879239575852457,0.0723333333333333,,FALSE
"XLOC_031430","PRPF40A",32,0,22,3.65023868044073e-07,3.65023868044073e-07,0.055,,FALSE
"XLOC_031455","CYTIP",11,0,8,0.131075419668296,0.131075419668296,0.0914666666666667,,FALSE
"XLOC_031458","ACVR1",21,0,5,0.000150805520624879,0.000150805520624879,0.176533333333333,,FALSE
"XLOC_031468","WDSUB1",4,0,1,0.43596672636349,0.43596672636349,0.205233333333333,,FALSE
"XLOC_031469","BAZ2B",22,0,8,0.282964102060239,0.282964102060239,0.0639666666666667,,FALSE
"XLOC_031473","CD302",23,0,16,0.128227619199435,0.128227619199435,0.0454666666666667,,FALSE
"XLOC_031489","DPP4",13,0,0,0.713707057375451,0.713707057375451,0.0326,,FALSE
"XLOC_031493","IFIH1",18,0,12,0.618383661057558,0.618383661057558,0.0439,,FALSE
"XLOC_031508","TTC21B",24,0,0,0.506639155715547,0.506639155715547,0.156033333333333,,FALSE
"XLOC_031523","SPC25",4,0,3,0.884926635466808,0.884926635466808,0.0803666666666667,,FALSE
"XLOC_031526","FASTKD1",12,0,2,0.953197231168096,0.953197231168096,0.0652333333333333,,FALSE
"XLOC_031531","METTL5",11,0,2,0.471692542599291,0.471692542599291,0.0576,,FALSE
"XLOC_031542","TLK1",9,0,0,0.901327490570256,0.901327490570256,0.0844,,FALSE
"XLOC_031543","METTL8",18,0,2,0.262073775995643,0.262073775995643,0.0795,,FALSE
"XLOC_031546","SLC25A12",8,0,4,0.803266966165564,0.803266966165564,0.0587666666666667,,FALSE
"XLOC_031569","SP3",11,0,3,0.00103872642105812,0.00103872642105812,0.0468666666666667,,FALSE
"XLOC_031572","OLA1",18,0,11,0.711306867988788,0.711306867988788,0.0431,,FALSE
"XLOC_031578","CIR1",11,0,7,0.973164590618576,0.973164590618576,0.0186333333333333,,FALSE
"XLOC_031579","GPR155",5,0,0,0.869773808292523,0.869773808292523,0.232566666666667,,FALSE
"XLOC_031582","WIPF1",24,0,8,0.225119830730105,0.225119830730105,0.0485666666666667,,FALSE
"XLOC_031586","ATF2",21,0,6,0.863372511918508,0.863372511918508,0.0501,,FALSE
"XLOC_031590","LNPK",8,0,3,0.830316209281232,0.830316209281232,0.1463,,FALSE
"XLOC_031607","NFE2L2",29,0,10,0.152310979924772,0.152310979924772,0.0566333333333333,,FALSE
"XLOC_031618","PRKRA",31,0,1,0.124832854084248,0.124832854084248,0.0411333333333333,,FALSE
"XLOC_031619","FKBP7",11,0,1,0.460120850885918,0.460120850885918,0.282333333333333,,FALSE
"XLOC_031621","SESTD1",15,0,8,0.0395559912496138,0.0395559912496138,0.0296,,FALSE
"XLOC_031626","CWC22",8,0,7,0.540863912511149,0.540863912511149,0.1127,,FALSE
"XLOC_031641","NCKAP1",11,0,6,0.00460456130370151,0.00460456130370151,0.217133333333333,,FALSE
"XLOC_031666","TFPI",14,0,5,0.174529542145676,0.174529542145676,0.1057,,FALSE
"XLOC_031682","ORMDL1",12,0,7,0.268962914864283,0.268962914864283,0.0637333333333334,,FALSE
"XLOC_031686","HIBCH",9,0,3,0.922215191527355,0.922215191527355,0.0401666666666667,,FALSE
"XLOC_031688","NEMP2",6,0,3,0.627700692404136,0.627700692404136,0.1151,,FALSE
"XLOC_031691","XLOC_031691",7,0,2,0.964078595335634,0.964078595335634,0.1373,,FALSE
"XLOC_031693","STAT1",59,0,33,0.000675800384957759,0.000675800384957759,0.0690333333333333,,FALSE
"XLOC_031695","STAT4",15,0,7,0.0449163570985949,0.0449163570985949,0.0506333333333333,,FALSE
"XLOC_031713","LINC01827",2,0,1,0.66409161221359,0.66409161221359,0.00703333333333334,,FALSE
"XLOC_031723","GTF3C3",17,0,6,0.749804014394886,0.749804014394886,0.0941333333333333,,FALSE
"XLOC_031727","ANKRD44",11,0,2,0.831734203428942,0.831734203428942,0.114266666666667,,FALSE
"XLOC_031731","SF3B1",35,0,26,0.244242434938807,0.244242434938807,0.0278666666666667,,FALSE
"XLOC_031732","HSPD1",35,0,18,1.45289017190113e-09,1.45289017190113e-09,0.1043,,FALSE
"XLOC_031746","KCTD18",7,0,2,0.735824597445991,0.735824597445991,0.109633333333333,,FALSE
"XLOC_031750","CLK1",19,0,13,0.795012675011584,0.795012675011584,0.0371333333333333,,FALSE
"XLOC_031751","PPIL3",24,0,13,0.0166670600675183,0.0166670600675183,0.0678,,FALSE
"XLOC_031753","FAM126B",11,0,3,0.175622023223904,0.175622023223904,0.1238,,FALSE
"XLOC_031761","TRAK2",7,0,3,0.938271369526167,0.938271369526167,0.0945333333333333,,FALSE
"XLOC_031765","ALS2",42,0,2,0.429557204513539,0.429557204513539,0.0942333333333333,,FALSE
"XLOC_031771","SUMO1",11,0,3,0.297133905109846,0.297133905109846,0.0875666666666666,,FALSE
"XLOC_031780","WDR12",9,0,3,0.069855129524413,0.069855129524413,0.134733333333333,,FALSE
"XLOC_031787","RAPH1",9,0,1,0.973164590618576,0.973164590618576,0.1577,,FALSE
"XLOC_031800","NDUFS1",23,0,16,0.0467289190746477,0.0467289190746477,0.0645,,FALSE
"XLOC_031814","KLF7",11,0,4,0.183926489706707,0.183926489706707,0.2044,,FALSE
"XLOC_031820","METTL21A",12,0,1,0.14280590836557,0.14280590836557,0.144433333333333,,FALSE
"XLOC_031824","PLEKHM3",6,0,2,0.580679084633351,0.580679084633351,0.109133333333333,,FALSE
"XLOC_031838","IDH1",19,0,13,0.375579505996357,0.375579505996357,0.0613333333333333,,FALSE
"XLOC_031846","KANSL1L",10,0,1,0.217316750572147,0.217316750572147,0.135533333333333,,FALSE
"XLOC_031849","LANCL1",6,0,1,0.721153305224489,0.721153305224489,0.1082,,FALSE
"XLOC_031866","FN1",52,0,29,0.0054514614960394,0.0054514614960394,0.0379333333333333,,FALSE
"XLOC_031878","RPL37A-DT",5,0,1,0.275763449645633,0.275763449645633,0.171733333333333,,FALSE
"XLOC_031892","TNS1",21,0,3,0.000470784142199278,0.000470784142199278,0.0885,,FALSE
"XLOC_031896","AAMP",15,0,9,0.278777153321305,0.278777153321305,0.0397,,FALSE
"XLOC_031897","TMBIM1",34,0,14,0.0131906762015826,0.0131906762015826,0.0198333333333333,,FALSE
"XLOC_031905","RNF25",5,0,1,0.291694149334347,0.291694149334347,0.1104,,FALSE
"XLOC_031919","NHEJ1",22,0,8,0.588742990697956,0.588742990697956,0.0945333333333333,,FALSE
"XLOC_031921","ABCB6",29,0,1,0.695471919806658,0.695471919806658,0.0757,,FALSE
"XLOC_031922","GLB1L",12,0,3,0.853330335070106,0.853330335070106,0.0628,,FALSE
"XLOC_031923","TUBA4A",9,0,3,0.90387291425339,0.90387291425339,0.0881666666666667,,FALSE
"XLOC_031928","DNPEP",21,0,9,1.24586497939463e-05,1.24586497939463e-05,0.100366666666667,,FALSE
"XLOC_031932","CHPF",5,0,0,0.910110497381263,0.910110497381263,0.0422333333333333,,FALSE
"XLOC_031951","FARSB",18,0,16,0.928354000327583,0.928354000327583,0.0652666666666667,,FALSE
"XLOC_031961","AP1S3",17,0,6,0.119439102023011,0.119439102023011,0.0919333333333334,,FALSE
"XLOC_031963","SERPINE2",9,0,3,0.758268339529969,0.758268339529969,0.345133333333333,,FALSE
"XLOC_031968","DOCK10",23,0,15,0.611871922143733,0.611871922143733,0.0953333333333334,,FALSE
"XLOC_031995","TRIP12",35,0,19,0.23643320250371,0.23643320250371,0.0342333333333333,,FALSE
"XLOC_031999","SP110",29,0,15,0.000334049306575256,0.000334049306575256,0.0603333333333333,,FALSE
"XLOC_032010","NCL",33,0,13,0.00168915214938457,0.00168915214938457,0.0474,,FALSE
"XLOC_032041","USP40",19,0,8,0.0187533307661741,0.0187533307661741,0.145633333333333,,FALSE
"XLOC_032046","HJURP",8,0,4,0.0945539157850908,0.0945539157850908,0.161533333333333,,FALSE
"XLOC_032053","ARL4C",5,0,3,0.396152632012033,0.396152632012033,0.407366666666667,,FALSE
"XLOC_032097","NDUFA10",38,0,7,0.352180227781251,0.352180227781251,0.162766666666667,,FALSE
"XLOC_032106","ANKMY1",19,0,0,0.961485468177886,0.961485468177886,0.0906666666666667,,FALSE
"XLOC_032116","MTERF4",17,0,4,0.667122984172437,0.667122984172437,0.1504,,FALSE
"XLOC_032118","HDLBP",65,0,26,6.11773754762004e-05,6.11773754762004e-05,0.0507333333333333,,FALSE
"XLOC_032122","STK25",26,0,0,0.122466206092071,0.122466206092071,0.0516,,FALSE
"XLOC_032125","DTYMK",8,0,2,0.471967131616791,0.471967131616791,0.0348333333333333,,FALSE
"XLOC_032147","NRSN2",8,0,2,0.409746631448691,0.409746631448691,0.402433333333333,,FALSE
"XLOC_032149","RBCK1",14,0,0,1.52907383579205e-13,1.52907383579205e-13,0.0724333333333333,,FALSE
"XLOC_032151","FAM110A",5,0,0,0.715692509229382,0.715692509229382,0.1694,,FALSE
"XLOC_032152","PSMF1",11,0,3,0.87577806470381,0.87577806470381,0.0216000000000001,,FALSE
"XLOC_032160","SIRPA",5,0,1,0.209955540921722,0.209955540921722,0.1271,,FALSE
"XLOC_032168","NOP56",37,0,21,0.0351478748509494,0.0351478748509494,0.103333333333333,,FALSE
"XLOC_032173","VPS16",9,0,4,0.342326973519476,0.342326973519476,0.136033333333333,,FALSE
"XLOC_032174","PTPRA",14,0,7,0.677886553815146,0.677886553815146,0.0404666666666667,,FALSE
"XLOC_032181","ITPA",12,0,4,0.805993130945696,0.805993130945696,0.0607333333333333,,FALSE
"XLOC_032188","CDC25B",8,0,0,0.910110497381263,0.910110497381263,0.0218666666666667,,FALSE
"XLOC_032189","LINC01730",5,0,0,0.0453614102721769,0.0453614102721769,0.113066666666667,,FALSE
"XLOC_032191","PANK2",15,1,6,0.00070259333913402,0.00070259333913402,0.2132,0.2132,FALSE
"XLOC_032193","FTLP3",2,0,1,0.796048996834305,0.796048996834305,0.00983333333333336,,FALSE
"XLOC_032194","SMOX",7,0,1,0.877495944686933,0.877495944686933,0.0557666666666667,,FALSE
"XLOC_032197","PRNP",5,0,2,0.973164590618576,0.973164590618576,0.0396333333333333,,FALSE
"XLOC_032201","CDS2",13,0,8,0.0524354424937361,0.0524354424937361,0.0586,,FALSE
"XLOC_032208","SHLD1",6,0,2,0.794265916900129,0.794265916900129,0.1442,,FALSE
"XLOC_032211","MCM8",17,0,4,0.334173298541784,0.334173298541784,0.0777333333333333,,FALSE
"XLOC_032235","PARAL1",4,0,0,0.947674351068555,0.947674351068555,0.00803333333333333,,FALSE
"XLOC_032248","BTBD3",11,0,1,0.0143995761036899,0.0143995761036899,0.267566666666667,,FALSE
"XLOC_032255","NDUFAF5",16,0,3,0.934272156748259,0.934272156748259,0.0548666666666667,,FALSE
"XLOC_032277","MGME1",13,0,11,0.914433009626997,0.914433009626997,0.0872,,FALSE
"XLOC_032280","KAT14",13,0,0,0.713235351448774,0.713235351448774,0.0403,,FALSE
"XLOC_032282","ZNF133",12,0,5,0.471007807530198,0.471007807530198,0.439066666666667,,FALSE
"XLOC_032285","POLR3F",9,0,5,0.813862637708593,0.813862637708593,0.0692333333333333,,FALSE
"XLOC_032289","SEC23B",18,0,12,0.237807365527164,0.237807365527164,0.0372,,FALSE
"XLOC_032295","RIN2",8,0,3,0.481343581726271,0.481343581726271,0.1232,,FALSE
"XLOC_032308","XRN2",29,0,29,8.80797080022385e-07,8.80797080022385e-07,0.1078,,FALSE
"XLOC_032325","GZF1",8,0,3,0.813114142249494,0.813114142249494,0.340233333333333,,FALSE
"XLOC_032350","GINS1",19,0,5,0.781388462419388,0.781388462419388,0.329233333333333,,FALSE
"XLOC_032374","FRG1BP",3,0,2,0.6491822709943,0.6491822709943,0.0534666666666667,,FALSE
"XLOC_032385","HM13",30,0,5,0.0064577469430412,0.0064577469430412,0.0157333333333333,,FALSE
"XLOC_032394","TPX2",15,0,13,0.0723358437125724,0.0723358437125724,0.1263,,FALSE
"XLOC_032403","HCK",14,0,11,0.799130914204627,0.799130914204627,0.0246333333333333,,FALSE
"XLOC_032404","TM9SF4",23,1,18,0.0300224861685005,0.0300224861685005,0.176666666666667,0.176666666666667,TRUE
"XLOC_032406","POFUT1",9,0,5,0.440876571541762,0.440876571541762,0.118333333333333,,FALSE
"XLOC_032409","ASXL1",20,0,0,0.372219234959296,0.372219234959296,0.106933333333333,,FALSE
"XLOC_032417","MAPRE1",14,0,14,0.291370607577874,0.291370607577874,0.114233333333333,,FALSE
"XLOC_032437","ZNF341",5,0,0,0.0279652317134294,0.0279652317134294,0.439466666666667,,FALSE
"XLOC_032445","ITCH",28,0,12,2.39001072350158e-07,2.39001072350158e-07,0.0258666666666667,,FALSE
"XLOC_032453","ACSS2",36,0,16,0.388089189474186,0.388089189474186,0.0270666666666667,,FALSE
"XLOC_032456","PROCR",3,0,0,0.557448026838691,0.557448026838691,0.0072,,FALSE
"XLOC_032462","CEP250",14,0,2,0.863480226741639,0.863480226741639,0.0688,,FALSE
"XLOC_032463","ERGIC3",24,0,8,0.429645007886986,0.429645007886986,0.0160666666666666,,FALSE
"XLOC_032467","ROMO1",6,0,2,0.418893804482445,0.418893804482445,0.0363,,FALSE
"XLOC_032469","PHF20",19,0,7,0.0398816693479155,0.0398816693479155,0.0854,,FALSE
"XLOC_032472","CNBD2",5,0,0,0.779433993348956,0.779433993348956,0.0596666666666666,,FALSE
"XLOC_032474","EPB41L1",14,0,0,0.40128005015697,0.40128005015697,0.0825333333333333,,FALSE
"XLOC_032476","AAR2",14,0,5,0.821289039571358,0.821289039571358,0.0858333333333333,,FALSE
"XLOC_032477","DLGAP4",9,0,0,0.992965244118601,0.992965244118601,0.0696666666666667,,FALSE
"XLOC_032479","TGIF2",22,0,7,0.000381420674798948,0.000381420674798948,0.114033333333333,,FALSE
"XLOC_032486","RPN2",40,0,34,0.0707374329509531,0.0707374329509531,0.0419,,FALSE
"XLOC_032487","MANBAL",13,0,10,0.437169018226236,0.437169018226236,0.0804,,FALSE
"XLOC_032488","SRC",13,0,0,0.917092493027618,0.917092493027618,0.0804333333333334,,FALSE
"XLOC_032493","CTNNBL1",13,0,6,0.446879913670979,0.446879913670979,0.0624666666666667,,FALSE
"XLOC_032495","RPRD1B",13,0,7,0.334864025563402,0.334864025563402,0.0594333333333333,,FALSE
"XLOC_032496","BPI",6,0,4,0.212775615442144,0.212775615442144,0.111233333333333,,FALSE
"XLOC_032501","SNHG11",29,0,1,0.211497175868375,0.211497175868375,0.165133333333333,,FALSE
"XLOC_032502","RALGAPB",11,0,4,8.05247689536391e-05,8.05247689536391e-05,0.121633333333333,,FALSE
"XLOC_032513","DHX35",17,0,10,0.831807845565122,0.831807845565122,0.1428,,FALSE
"XLOC_032521","TOP1",17,0,11,0.88885558796193,0.88885558796193,0.0559,,FALSE
"XLOC_032522","PLCG1",13,0,0,0.779399912194264,0.779399912194264,0.194366666666667,,FALSE
"XLOC_032538","SRSF6",31,0,6,0.201464697870553,0.201464697870553,0.0707666666666667,,FALSE
"XLOC_032540","IFT52",9,0,6,0.032678841272761,0.032678841272761,0.150266666666667,,FALSE
"XLOC_032542","MYBL2",8,0,6,8.98561093722487e-06,8.98561093722487e-06,0.115766666666667,,FALSE
"XLOC_032553","TTPAL",6,0,1,0.606436971011028,0.606436971011028,0.1245,,FALSE
"XLOC_032558","YWHAB",10,0,2,0.900888316713951,0.900888316713951,0.0551999999999999,,FALSE
"XLOC_032559","PABPC1L",14,0,0,0.97930769689352,0.97930769689352,0.129266666666667,,FALSE
"XLOC_032560","STK4",8,0,1,0.00404086427412348,0.00404086427412348,0.0242666666666667,,FALSE
"XLOC_032570","PIGT",67,0,20,0.618299793763587,0.618299793763587,0.0839333333333333,,FALSE
"XLOC_032579","DNTTIP1",10,1,4,0.00842947229325128,0.00842947229325128,0.1895,0.1895,TRUE
"XLOC_032580","UBE2C",7,0,1,0.819126195415044,0.819126195415044,0.0874,,FALSE
"XLOC_032584","CTSA",36,0,6,0.0678554049191875,0.0678554049191875,0.0638333333333334,,FALSE
"XLOC_032585","PCIF1",4,0,1,0.923016705910035,0.923016705910035,0.1365,,FALSE
"XLOC_032586","MMP9",9,0,8,0.534726090959988,0.534726090959988,0.0631,,FALSE
"XLOC_032587","SLC12A5",4,0,0,0.142290592530902,0.142290592530902,0.0396333333333333,,FALSE
"XLOC_032589","CD40",24,0,14,0.512119411528413,0.512119411528413,0.0707333333333333,,FALSE
"XLOC_032601","NCOA3",9,0,5,0.825977168796533,0.825977168796533,0.117166666666667,,FALSE
"XLOC_032620","CSE1L",25,0,23,0.117209184676202,0.117209184676202,0.115666666666667,,FALSE
"XLOC_032622","DDX27",10,0,7,0.69909770714189,0.69909770714189,0.130966666666667,,FALSE
"XLOC_032623","ZFAS1",18,0,6,0.0476430005687843,0.0476430005687843,0.116766666666667,,FALSE
"XLOC_032628","SLC9A8",4,0,0,0.969528646860098,0.969528646860098,0.0338333333333333,,FALSE
"XLOC_032631","RNF114",11,0,6,0.631249872371004,0.631249872371004,0.0410333333333333,,FALSE
"XLOC_032638","PELATON",12,0,2,0.939591875108204,0.939591875108204,0.0218333333333333,,FALSE
"XLOC_032639","LINC01270",11,0,3,0.323144067875243,0.323144067875243,0.161666666666667,,FALSE
"XLOC_032671","PFDN4",5,0,1,0.965542362006125,0.965542362006125,0.0468666666666667,,FALSE
"XLOC_032680","CSTF1",11,1,6,0.0198123212397859,0.0198123212397859,0.152166666666667,0.152166666666667,TRUE
"XLOC_032682","RTF2",15,0,6,0.74532881923858,0.74532881923858,0.128366666666667,,FALSE
"XLOC_032701","RAE1",9,0,3,0.652463851800216,0.652463851800216,0.172033333333333,,FALSE
"XLOC_032702","RBM38",5,0,0,0.777987597090735,0.777987597090735,0.0880333333333333,,FALSE
"XLOC_032715","STX16",31,0,4,0.219113846318936,0.219113846318936,0.0617333333333333,,FALSE
"XLOC_032718","GNAS",54,0,8,0.194406021726536,0.194406021726536,0.0315666666666667,,FALSE
"XLOC_032723","NELFCD",19,0,8,0.652787388009314,0.652787388009314,0.0440333333333333,,FALSE
"XLOC_032731","FAM217B",4,0,0,0.929378167071909,0.929378167071909,0.0914666666666667,,FALSE
"XLOC_032746","MTG2",14,0,6,0.903894642525231,0.903894642525231,0.0771666666666667,,FALSE
"XLOC_032747","OSBPL2",22,0,0,0.165741593025029,0.165741593025029,0.0432666666666666,,FALSE
"XLOC_032750","RPS21",8,0,5,0.8719938850601,0.8719938850601,0.02,,FALSE
"XLOC_032760","SLCO4A1",10,0,1,0.813114142249494,0.813114142249494,0.0517333333333333,,FALSE
"XLOC_032767","SLC17A9",6,0,0,0.981303031588092,0.981303031588092,0.0396,,FALSE
"XLOC_032777","ARFGAP1",18,0,0,0.726750859092204,0.726750859092204,0.0667666666666667,,FALSE
"XLOC_032789","RTEL1",18,0,0,0.0566401293648325,0.0566401293648325,0.108433333333333,,FALSE
"XLOC_032790","ZGPAT",28,0,2,0.882081999311227,0.882081999311227,0.0465,,FALSE
"XLOC_032795","TPD52L2",17,0,10,0.00572047446406982,0.00572047446406982,0.0731333333333333,,FALSE
"XLOC_032802","PRPF6",3,0,3,0.781998048770221,0.781998048770221,0.0186,,FALSE
"XLOC_032804","TCEA2",12,0,0,0.803266966165564,0.803266966165564,0.1398,,FALSE
"XLOC_032808","PCMTD2",10,0,1,0.487419719003189,0.487419719003189,0.033,,FALSE
"XLOC_032813","NRSN2-AS1",5,0,2,0.874663599367324,0.874663599367324,0.254633333333333,,FALSE
"XLOC_032814","TBC1D20",25,1,3,6.78158985771316e-06,6.78158985771316e-06,0.2563,0.2563,TRUE
"XLOC_032815","CSNK2A1",48,0,9,0.0680214733021465,0.0680214733021465,0.0564,,FALSE
"XLOC_032817","SRXN1",5,0,3,0.978775207957756,0.978775207957756,0.000366666666666667,,FALSE
"XLOC_032825","SDCBP2",22,0,3,0.201835301297083,0.201835301297083,0.0198666666666667,,FALSE
"XLOC_032826","NSFL1C",26,0,7,0.00237856124820411,0.00237856124820411,0.0760333333333334,,FALSE
"XLOC_032827","SIRPD",37,0,18,0.274320095103847,0.274320095103847,0.0389,,FALSE
"XLOC_032832","XLOC_032832",10,0,2,0.115901847894329,0.115901847894329,0.1915,,FALSE
"XLOC_032835","XLOC_032835",3,0,0,0.627310155486385,0.627310155486385,0.231466666666667,,FALSE
"XLOC_032840","SNRPB",19,0,3,0.885370554015519,0.885370554015519,0.0197,,FALSE
"XLOC_032841","IDH3B",13,0,2,0.603958338708425,0.603958338708425,0.0327,,FALSE
"XLOC_032843","PCED1A",7,0,1,0.8735760369743,0.8735760369743,0.115833333333333,,FALSE
"XLOC_032847","DDRGK1",5,0,1,0.17414647329566,0.17414647329566,0.133,,FALSE
"XLOC_032856","SIGLEC1",6,0,4,0.919501764073191,0.919501764073191,0.0841,,FALSE
"XLOC_032863","RNF24",3,0,0,0.90620940734232,0.90620940734232,0.0952,,FALSE
"XLOC_032874","SLC23A2",14,0,9,0.811726996956637,0.811726996956637,0.108666666666667,,FALSE
"XLOC_032880","TMEM230",21,0,10,0.175561232703036,0.175561232703036,0.0354666666666667,,FALSE
"XLOC_032883","PCNA",6,0,5,0.88810788505925,0.88810788505925,0.00733333333333333,,FALSE
"XLOC_032890","GPCPD1",9,0,3,0.945181193030514,0.945181193030514,0.0761666666666666,,FALSE
"XLOC_032892","TRMT6",6,0,2,0.924212790634739,0.924212790634739,0.075,,FALSE
"XLOC_032906","TMX4",3,0,1,0.619723201677341,0.619723201677341,0.00993333333333335,,FALSE
"XLOC_032918","JAG1",17,0,8,0.00174792038507683,0.00174792038507683,0.0932,,FALSE
"XLOC_032940","TASP1",5,0,2,0.194300587845544,0.194300587845544,0.0537000000000001,,FALSE
"XLOC_032956","KIF16B",6,0,1,0.970394240830834,0.970394240830834,0.203766666666667,,FALSE
"XLOC_032972","SNX5",28,0,11,0.89616090090945,0.89616090090945,0.0416,,FALSE
"XLOC_033040","NAPB",6,0,0,0.997347513297155,0.997347513297155,0.182533333333333,,FALSE
"XLOC_033049","CST3",4,0,1,0.489217402261026,0.489217402261026,0.118233333333333,,FALSE
"XLOC_033075","ABHD12",24,0,2,0.701270339164535,0.701270339164535,0.112866666666667,,FALSE
"XLOC_033081","ZNF337",3,0,2,0.851505827290827,0.851505827290827,0.3705,,FALSE
"XLOC_033090","FRG1CP",28,0,12,0.000855487928119404,0.000855487928119404,0.140466666666667,,FALSE
"XLOC_033118","BCL2L1",14,0,1,0.149485526302567,0.149485526302567,0.0647,,FALSE
"XLOC_033129","NOL4L",9,0,0,0.973164590618576,0.973164590618576,0.1577,,FALSE
"XLOC_033137","CDK5RAP1",22,0,11,0.380052924661459,0.380052924661459,0.0871666666666667,,FALSE
"XLOC_033140","NECAB3",18,0,0,0.782440545705398,0.782440545705398,0.0905666666666667,,FALSE
"XLOC_033151","AHCY",17,0,12,0.448629112741602,0.448629112741602,0.0883,,FALSE
"XLOC_033160","PIGU",17,0,9,0.940308132774976,0.940308132774976,0.0444666666666667,,FALSE
"XLOC_033162","GGT7",4,0,0,0.586485659918108,0.586485659918108,0.0831,,FALSE
"XLOC_033163","GSS",24,0,10,0.020040065026089,0.020040065026089,0.0530666666666667,,FALSE
"XLOC_033165","TRPC4AP",11,0,9,0.00495784523147117,0.00495784523147117,0.121933333333333,,FALSE
"XLOC_033167","EDEM2",18,0,18,0.134278169645183,0.134278169645183,0.0966,,FALSE
"XLOC_033170","MMP24OS",26,0,6,0.0142707949364977,0.0142707949364977,0.0858,,FALSE
"XLOC_033173","UQCC1",26,0,12,0.926001954467087,0.926001954467087,0.0957333333333333,,FALSE
"XLOC_033176","CEP250-AS1",3,0,0,0.65046829230011,0.65046829230011,0.243266666666667,,FALSE
"XLOC_033180","CPNE1",55,0,21,0.490125369533844,0.490125369533844,0.0724333333333333,,FALSE
"XLOC_033182","RBM39",67,0,46,3.94163029413256e-06,3.94163029413256e-06,0.0911333333333333,,FALSE
"XLOC_033196","NDRG3",8,0,6,0.111543695049542,0.111543695049542,0.1951,,FALSE
"XLOC_033198","DSN1",17,0,10,0.853732427957438,0.853732427957438,0.1774,,FALSE
"XLOC_033199","SOGA1",4,0,0,0.162758387291411,0.162758387291411,0.0468333333333333,,FALSE
"XLOC_033200","SAMHD1",51,0,27,0.00726410623486146,0.00726410623486146,0.088,,FALSE
"XLOC_033201","RBL1",5,0,2,0.113530898236059,0.113530898236059,0.230033333333333,,FALSE
"XLOC_033208","BLCAP",12,0,3,0.758938671838026,0.758938671838026,0.0623666666666667,,FALSE
"XLOC_033216","TGM2",13,0,8,0.155050069214868,0.155050069214868,0.0592666666666667,,FALSE
"XLOC_033222","SNHG17",61,0,2,0.126432818866998,0.126432818866998,0.1164,,FALSE
"XLOC_033243","CHD6",11,0,4,0.187365334894042,0.187365334894042,0.135,,FALSE
"XLOC_033268","SERINC3",13,0,11,0.923540240111085,0.923540240111085,0.0605,,FALSE
"XLOC_033269","ADA",28,0,0,0.310606607436567,0.310606607436567,0.1454,,FALSE
"XLOC_033302","ACOT8",13,0,1,0.0952797460620074,0.0952797460620074,0.0798666666666668,,FALSE
"XLOC_033307","PLTP",20,0,17,3.99927352340897e-05,3.99927352340897e-05,0.0758333333333333,,FALSE
"XLOC_033312","NCOA5",5,0,3,0.517126453225287,0.517126453225287,0.0717333333333334,,FALSE
"XLOC_033316","SLC35C2",20,0,11,0.179776013064382,0.179776013064382,0.0494333333333333,,FALSE
"XLOC_033317","ELMO2",29,0,18,0.123271342758802,0.123271342758802,0.0494,,FALSE
"XLOC_033321","SLC13A3",4,1,1,0.000363343802548152,0.000363343802548152,0.187333333333333,0.187333333333333,TRUE
"XLOC_033326","ZMYND8",20,0,2,0.766999373600226,0.766999373600226,0.101233333333333,,FALSE
"XLOC_033333","SULF2",12,0,2,0.543453510841202,0.543453510841202,0.193933333333333,,FALSE
"XLOC_033345","STAU1",15,0,9,0.453627516688685,0.453627516688685,0.0437,,FALSE
"XLOC_033346","ZNFX1",20,0,14,2.94140937469141e-13,2.94140937469141e-13,0.0851666666666666,,FALSE
"XLOC_033352","SPATA2",2,0,0,0.953223326941928,0.953223326941928,0.0109,,FALSE
"XLOC_033355","UBE2V1",32,0,11,0.00876905742101028,0.00876905742101028,0.0278,,FALSE
"XLOC_033368","DPM1",18,0,6,0.82397052089862,0.82397052089862,0.0541333333333333,,FALSE
"XLOC_033376","ZFP64",8,0,0,0.826081646847352,0.826081646847352,0.202,,FALSE
"XLOC_033389","ZNF217",5,0,1,0.932238552992077,0.932238552992077,0.155,,FALSE
"XLOC_033403","AURKA",22,0,15,0.586453268558699,0.586453268558699,0.0627666666666667,,FALSE
"XLOC_033423","PPP4R1L",19,0,5,0.771345042720619,0.771345042720619,0.0814333333333333,,FALSE
"XLOC_033434","CTSZ",27,0,1,0.424161936679909,0.424161936679909,0.0442666666666667,,FALSE
"XLOC_033435","ATP5F1E",3,0,1,0.674754046388624,0.674754046388624,0.0715666666666666,,FALSE
"XLOC_033436","PRELID3B",8,0,7,0.767196071737796,0.767196071737796,0.0255666666666667,,FALSE
"XLOC_033455","TAF4",7,0,0,0.290623948614186,0.290623948614186,0.187966666666667,,FALSE
"XLOC_033458","PSMA7",8,0,3,0.362688231904766,0.362688231904766,0.0303,,FALSE
"XLOC_033490","YTHDF1",4,0,2,0.406485323116997,0.406485323116997,0.197033333333333,,FALSE
"XLOC_033497","HELZ2",6,0,0,0.63910111129052,0.63910111129052,0.0522333333333334,,FALSE
"XLOC_033500","ARFRP1",13,0,1,0.985105142170181,0.985105142170181,0.101233333333333,,FALSE
"XLOC_033502","ZBTB46",5,0,0,0.954214913303788,0.954214913303788,0.2668,,FALSE
"XLOC_033505","UCKL1",8,0,1,0.917723018083722,0.917723018083722,0.0462,,FALSE
"XLOC_033510","RGS19",4,0,0,0.94433629665716,0.94433629665716,0.129933333333333,,FALSE
"XLOC_033518","XLOC_033518",5,0,0,0.914566395027668,0.914566395027668,0.0638666666666667,,FALSE
"XLOC_033634","USP25",14,0,7,0.226475628488654,0.226475628488654,0.0405666666666666,,FALSE
"XLOC_033678","LINC01684",26,0,8,0.176830975994,0.176830975994,0.203333333333333,,FALSE
"XLOC_033689","GABPA",7,0,4,0.0122123596001954,0.0122123596001954,0.0780666666666667,,FALSE
"XLOC_033707","USP16",17,0,13,0.261956247045074,0.261956247045074,0.0558333333333333,,FALSE
"XLOC_033709","MAP3K7CL",43,0,16,1.24193165876186e-06,1.24193165876186e-06,0.0638666666666667,,FALSE
"XLOC_033727","SOD1",8,0,5,0.826382916582078,0.826382916582078,0.00383333333333333,,FALSE
"XLOC_033748","IFNAR2",39,0,20,0.458386897354376,0.458386897354376,0.0769333333333333,,FALSE
"XLOC_033749","IFNAR1",26,0,21,0.0066488389772016,0.0066488389772016,0.0462,,FALSE
"XLOC_033751","IFNGR2",16,0,9,0.00117826661279144,0.00117826661279144,0.0890666666666667,,FALSE
"XLOC_033752","SON",27,0,9,0.102772966073609,0.102772966073609,0.0716,,FALSE
"XLOC_033753","ITSN1",25,0,2,0.402686667182809,0.402686667182809,0.1484,,FALSE
"XLOC_033755","MRPS6",10,0,5,0.0826657319238099,0.0826657319238099,0.0251333333333333,,FALSE
"XLOC_033762","XLOC_033762",14,0,13,0.161137339771032,0.161137339771032,0.105866666666667,,FALSE
"XLOC_033770","CBR1",6,0,3,0.356108053191296,0.356108053191296,0.0926333333333333,,FALSE
"XLOC_033776","DOP1B",12,0,6,0.40515965566538,0.40515965566538,0.1406,,FALSE
"XLOC_033777","MORC3",19,0,9,0.320372171759011,0.320372171759011,0.0704666666666667,,FALSE
"XLOC_033788","TTC3",29,0,8,0.0668289915592094,0.0668289915592094,0.0476666666666666,,FALSE
"XLOC_033793","DYRK1A",16,0,1,0.849030841530182,0.849030841530182,0.1094,,FALSE
"XLOC_033801","ETS2",15,0,6,0.00468230694376832,0.00468230694376832,0.117366666666667,,FALSE
"XLOC_033807","XLOC_033807",3,0,2,0.677780774601381,0.677780774601381,0.2447,,FALSE
"XLOC_033814","GET1",20,0,4,0.092323900422966,0.092323900422966,0.0935,,FALSE
"XLOC_033830","MX2",31,0,18,0.08417780815691,0.08417780815691,0.0704666666666667,,FALSE
"XLOC_033831","MX1",79,0,47,4.93167084612653e-05,4.93167084612653e-05,0.0586,,FALSE
"XLOC_033843","ABCG1",14,0,8,0.818786794768213,0.818786794768213,0.0364,,FALSE
"XLOC_033846","SLC37A1",6,0,0,0.463587758992613,0.463587758992613,0.144366666666667,,FALSE
"XLOC_033850","PKNOX1",12,0,5,0.966802421460086,0.966802421460086,0.125133333333333,,FALSE
"XLOC_033859","PDXK",19,0,2,0.0788892762829951,0.0788892762829951,0.0644,,FALSE
"XLOC_033862","RRP1",6,0,0,0.86904308691995,0.86904308691995,0.0498666666666667,,FALSE
"XLOC_033863","AGPAT3",14,1,0,0.0433361072078614,0.0433361072078614,0.2005,0.2005,FALSE
"XLOC_033865","TRAPPC10",11,0,1,0.00653678941565769,0.00653678941565769,0.0864,,FALSE
"XLOC_033867","GATD3",14,0,0,0.0157255267662588,0.0157255267662588,0.109733333333333,,FALSE
"XLOC_033873","PFKL",13,0,3,0.183061384071877,0.183061384071877,0.0226333333333333,,FALSE
"XLOC_033898","ITGB2-AS1",9,0,2,0.622303863582399,0.622303863582399,0.0729666666666667,,FALSE
"XLOC_033899","XLOC_033899",2,0,1,0.0030967174503961,0.0030967174503961,0.107566666666667,,FALSE
"XLOC_033900","SLX9",4,0,0,0.685280370545447,0.685280370545447,0.0908666666666667,,FALSE
"XLOC_033902","ADARB1",14,0,3,0.113821775851099,0.113821775851099,0.0772333333333333,,FALSE
"XLOC_033921","COL6A2",8,0,0,0.990975956684685,0.990975956684685,0.0335333333333333,,FALSE
"XLOC_033927","YBEY",8,0,2,0.77552404854488,0.77552404854488,0.142766666666667,,FALSE
"XLOC_033928","PCNT",18,0,2,0.516220525071388,0.516220525071388,0.0776,,FALSE
"XLOC_033929","DIP2A",11,0,1,0.795511633542557,0.795511633542557,0.1001,,FALSE
"XLOC_033932","PRMT2",40,0,31,0.297058926640158,0.297058926640158,0.101733333333333,,FALSE
"XLOC_033935","XLOC_033935",18,0,8,0.678034809502498,0.678034809502498,0.0969333333333333,,FALSE
"XLOC_033948","XLOC_033948",11,0,1,0.188531499971546,0.188531499971546,0.0308333333333333,,FALSE
"XLOC_033977","TEKT4P2",13,0,0,0.979152803459619,0.979152803459619,0.0585666666666667,,FALSE
"XLOC_034010","SAMSN1",17,0,7,0.078187288855529,0.078187288855529,0.0528666666666666,,FALSE
"XLOC_034011","XLOC_034011",7,0,0,0.470701276098891,0.470701276098891,0.0844333333333332,,FALSE
"XLOC_034012","LINC02246",14,0,1,0.0729894776510465,0.0729894776510465,0.0309333333333333,,FALSE
"XLOC_034038","C21orf91",4,0,0,0.756065786506917,0.756065786506917,0.016,,FALSE
"XLOC_034086","MRPL39",7,0,5,0.979772688627423,0.979772688627423,0.0350333333333334,,FALSE
"XLOC_034090","APP",24,0,10,0.00109395008231889,0.00109395008231889,0.0756333333333334,,FALSE
"XLOC_034109","RWDD2B",8,0,3,0.479069943343793,0.479069943343793,0.126733333333333,,FALSE
"XLOC_034111","CCT8",27,0,22,1.42564595235553e-16,1.42564595235553e-16,0.0668,,FALSE
"XLOC_034159","TIAM1",7,0,1,0.640478723274809,0.640478723274809,0.0977666666666667,,FALSE
"XLOC_034163","SCAF4",6,0,1,0.966802421460086,0.966802421460086,0.0699666666666667,,FALSE
"XLOC_034171","CFAP298-TCP10L",21,0,2,0.987404154093021,0.987404154093021,0.0505333333333333,,FALSE
"XLOC_034173","SYNJ1",10,0,2,0.115031038640406,0.115031038640406,0.137166666666667,,FALSE
"XLOC_034174","PAXBP1",10,0,2,0.161815813382299,0.161815813382299,0.0646333333333333,,FALSE
"XLOC_034185","TMEM50B",16,0,11,0.0223405301989807,0.0223405301989807,0.0878666666666667,,FALSE
"XLOC_034189","GART",35,0,20,0.253908903866977,0.253908903866977,0.0655,,FALSE
"XLOC_034191","DONSON",28,0,8,0.575979468914803,0.575979468914803,0.0112,,FALSE
"XLOC_034192","CRYZL1",25,0,10,0.0198123212397859,0.0198123212397859,0.0808333333333333,,FALSE
"XLOC_034198","KCNE1",33,0,11,0.00535966169075272,0.00535966169075272,0.0443,,FALSE
"XLOC_034202","RUNX1",16,0,3,0.0240981100943434,0.0240981100943434,0.0539,,FALSE
"XLOC_034209","SETD4",23,0,12,0.236161930211523,0.236161930211523,0.1548,,FALSE
"XLOC_034211","CBR3-AS1",15,0,0,0.602384059719915,0.602384059719915,0.111233333333333,,FALSE
"XLOC_034221","HLCS",10,0,3,0.895582837225462,0.895582837225462,0.119433333333333,,FALSE
"XLOC_034224","PIGP",9,0,2,0.151001965172018,0.151001965172018,0.0336333333333334,,FALSE
"XLOC_034226","VPS26C",19,0,12,0.458610879804946,0.458610879804946,0.096,,FALSE
"XLOC_034244","PSMG1",5,0,0,0.759931076113634,0.759931076113634,0.124433333333333,,FALSE
"XLOC_034248","HMGN1",26,0,6,0.0860356464106406,0.0860356464106406,0.0858333333333333,,FALSE
"XLOC_034268","C2CD2",7,0,0,0.894576149558517,0.894576149558517,0.1564,,FALSE
"XLOC_034269","ZBTB21",9,0,3,0.770791220103266,0.770791220103266,0.129966666666667,,FALSE
"XLOC_034289","CBS",17,0,1,0.116265505640425,0.116265505640425,0.132133333333333,,FALSE
"XLOC_034290","U2AF1",10,0,0,0.0668638893874739,0.0668638893874739,0.508066666666667,,FALSE
"XLOC_034298","HSF2BP",3,0,1,0.990252995352296,0.990252995352296,0.0485,,FALSE
"XLOC_034301","CSTB",7,0,3,0.0620669140759036,0.0620669140759036,0.0199333333333334,,FALSE
"XLOC_034310","ICOSLG",4,0,0,0.928152632869148,0.928152632869148,0.0899666666666668,,FALSE
"XLOC_034329","UBE2G2",13,0,5,0.487342428327123,0.487342428327123,0.0791666666666666,,FALSE
"XLOC_034331","PTTG1IP",8,0,3,0.0269157073678832,0.0269157073678832,0.02,,FALSE
"XLOC_034332","ITGB2",33,0,14,0.689948489344655,0.689948489344655,0.0773333333333333,,FALSE
"XLOC_034340","POFUT2",12,0,0,0.759988659554368,0.759988659554368,0.0549000000000001,,FALSE
"XLOC_034348","SLC19A1",7,0,1,0.526372580475332,0.526372580475332,0.168,,FALSE
"XLOC_034359","LSS",10,0,0,0.473301974785913,0.473301974785913,0.0368666666666667,,FALSE
"XLOC_034360","MCM3AP",15,0,5,0.776783888030378,0.776783888030378,0.0513333333333333,,FALSE
"XLOC_034393","TPTEP1",12,0,1,0.167709756090702,0.167709756090702,0.0916333333333333,,FALSE
"XLOC_034407","IL17RA",8,0,0,0.980610112718246,0.980610112718246,0.0316333333333333,,FALSE
"XLOC_034416","BCL2L13",31,0,17,0.0243714261570215,0.0243714261570215,0.3139,,FALSE
"XLOC_034423","USP18",21,1,21,3.16185940586462e-08,3.16185940586462e-08,0.173066666666667,0.173066666666667,TRUE
"XLOC_034438","DGCR6",10,0,0,0.026595595230176,0.026595595230176,0.117,,FALSE
"XLOC_034455","CDC45",17,0,7,0.926189473007092,0.926189473007092,0.0655333333333333,,FALSE
"XLOC_034461","COMT",23,0,4,0.0252097675876251,0.0252097675876251,0.0746666666666667,,FALSE
"XLOC_034462","TANGO2",25,0,5,0.000442812042099855,0.000442812042099855,0.130833333333333,,FALSE
"XLOC_034465","DGCR8",9,0,0,0.866636328785544,0.866636328785544,0.0248,,FALSE
"XLOC_034466","RANBP1",14,0,2,0.821372428269314,0.821372428269314,0.0731333333333333,,FALSE
"XLOC_034475","MED15",27,0,2,0.171541778305703,0.171541778305703,0.0630333333333333,,FALSE
"XLOC_034479","TMEM191A",10,0,0,0.998496536913833,0.998496536913833,0.0882333333333333,,FALSE
"XLOC_034484","AIFM3",31,0,1,0.419368459966168,0.419368459966168,0.0626,,FALSE
"XLOC_034507","PPIL2",41,0,1,0.766999373600226,0.766999373600226,0.0705,,FALSE
"XLOC_034545","BMS1P20",19,0,15,0.0551837534726804,0.0551837534726804,0.0472666666666667,,FALSE
"XLOC_034631","BCR",15,0,6,0.03924438434374,0.03924438434374,0.0953,,FALSE
"XLOC_034645","SMARCB1",17,0,0,0.887029606951744,0.887029606951744,0.0333333333333333,,FALSE
"XLOC_034646","SLC2A11",20,0,1,0.321017396260242,0.321017396260242,0.00850000000000006,,FALSE
"XLOC_034654","CABIN1",10,0,0,0.765205823749477,0.765205823749477,0.0570333333333333,,FALSE
"XLOC_034658","SPECC1L",22,0,2,0.624847069904752,0.624847069904752,0.116766666666667,,FALSE
"XLOC_034659","UPB1",10,0,7,0.353860213775894,0.353860213775894,0.1524,,FALSE
"XLOC_034661","SNRPD3",48,0,23,0.0725479532504306,0.0725479532504306,0.0336333333333333,,FALSE
"XLOC_034675","CRYBB2P1",10,0,6,0.49582790297672,0.49582790297672,0.196233333333333,,FALSE
"XLOC_034678","GRK3",10,0,8,0.729146699401411,0.729146699401411,0.0934666666666667,,FALSE
"XLOC_034689","MIAT",18,0,3,0.0477983414263583,0.0477983414263583,0.0805,,FALSE
"XLOC_034705","TTC28-AS1",24,0,0,0.874594962255278,0.874594962255278,0.0604333333333333,,FALSE
"XLOC_034710","HSCB",7,0,1,0.0336176853479511,0.0336176853479511,0.147466666666667,,FALSE
"XLOC_034711","CCDC117",7,0,2,0.519435636574194,0.519435636574194,0.104,,FALSE
"XLOC_034719","EWSR1",23,0,6,0.960406653657116,0.960406653657116,0.0166666666666667,,FALSE
"XLOC_034720","GAS2L1",9,1,0,0.0054936585572501,0.0054936585572501,0.435566666666667,0.198033333333333,FALSE
"XLOC_034725","NF2",17,0,3,0.0153218649654039,0.0153218649654039,0.0707,,FALSE
"XLOC_034730","MTMR3",14,1,3,0.00254231172024384,0.00254231172024384,0.191166666666667,0.191166666666667,FALSE
"XLOC_034736","SEC14L2",20,0,3,0.000876562444609901,0.000876562444609901,0.0521666666666667,,FALSE
"XLOC_034742","TCN2",9,0,4,0.0427912956649689,0.0427912956649689,0.0647333333333334,,FALSE
"XLOC_034743","SLC35E4",3,0,0,0.966262127654864,0.966262127654864,0.0192333333333333,,FALSE
"XLOC_034745","OSBP2",10,0,0,0.0193821350904532,0.0193821350904532,0.1943,,FALSE
"XLOC_034749","TUG1",17,0,2,0.150707730369,0.150707730369,0.1179,,FALSE
"XLOC_034750","SMTN",16,0,1,0.853486757003735,0.853486757003735,0.0572333333333333,,FALSE
"XLOC_034754","LIMK2",12,0,4,0.973164590618576,0.973164590618576,0.0622333333333333,,FALSE
"XLOC_034758","DRG1",32,0,7,0.393203328006353,0.393203328006353,0.0449666666666667,,FALSE
"XLOC_034761","DEPDC5",45,0,4,0.367146682777642,0.367146682777642,0.0101666666666667,,FALSE
"XLOC_034779","FBXO7",14,0,7,0.106938996493704,0.106938996493704,0.0558333333333333,,FALSE
"XLOC_034797","HMGXB4",10,0,3,0.000486313333469791,0.000486313333469791,0.141233333333333,,FALSE
"XLOC_034798","TOM1",19,0,5,0.601117676500359,0.601117676500359,0.0086,,FALSE
"XLOC_034802","HMOX1",9,0,3,0.881756888649362,0.881756888649362,0.0216,,FALSE
"XLOC_034803","MCM5",18,0,10,0.872676321195478,0.872676321195478,0.0774333333333333,,FALSE
"XLOC_034821","APOL1",17,1,8,0.00421390570909591,0.00421390570909591,0.174633333333333,0.174633333333333,TRUE
"XLOC_034828","NCF4",11,0,7,0.819048397573633,0.819048397573633,0.0149,,FALSE
"XLOC_034832","MPST",6,0,0,0.373090025710241,0.373090025710241,0.1655,,FALSE
"XLOC_034837","CYTH4",19,0,10,0.308381545278319,0.308381545278319,0.0611666666666667,,FALSE
"XLOC_034842","GGA1",22,0,0,0.105118549099461,0.105118549099461,0.0498666666666667,,FALSE
"XLOC_034843","SH3BP1",12,0,0,0.1607315578988,0.1607315578988,0.0651333333333334,,FALSE
"XLOC_034844","LGALS1",8,0,3,0.00788602313102453,0.00788602313102453,0.000733333333333333,,FALSE
"XLOC_034846","H1-0",3,0,3,0.000291543715186293,0.000291543715186293,0.164933333333333,,FALSE
"XLOC_034847","GCAT",4,0,0,0.530249710490035,0.530249710490035,0.2215,,FALSE
"XLOC_034849","EIF3L",29,0,18,9.24128456196082e-06,9.24128456196082e-06,0.0467,,FALSE
"XLOC_034850","MICALL1",11,0,0,0.99599592947764,0.99599592947764,0.0470666666666667,,FALSE
"XLOC_034854","POLR2F",7,0,0,0.742587133248506,0.742587133248506,0.0397333333333333,,FALSE
"XLOC_034858","PICK1",12,0,1,0.460120850885918,0.460120850885918,0.144433333333333,,FALSE
"XLOC_034861","MAFF",6,0,0,0.69854923191252,0.69854923191252,0.166833333333333,,FALSE
"XLOC_034867","CBY1",9,0,1,0.957529285996895,0.957529285996895,0.315466666666667,,FALSE
"XLOC_034870","GTPBP1",11,0,0,0.369683005965107,0.369683005965107,0.115833333333333,,FALSE
"XLOC_034877","APOBEC3A",13,0,5,1.37300310653375e-06,1.37300310653375e-06,0.3401,,FALSE
"XLOC_034878","APOBEC3C",9,0,3,0.86561379774398,0.86561379774398,0.0775666666666667,,FALSE
"XLOC_034879","APOBEC3F",21,0,15,0.0349211282396222,0.0349211282396222,0.179033333333333,,FALSE
"XLOC_034890","TAB1",4,0,0,0.773215922683111,0.773215922683111,0.0371666666666666,,FALSE
"XLOC_034892","MIEF1",11,0,2,0.754945874196019,0.754945874196019,0.0874666666666667,,FALSE
"XLOC_034893","ATF4",10,0,3,0.000493287212787867,0.000493287212787867,0.0130666666666667,,FALSE
"XLOC_034900","TNRC6B",7,0,0,0.887953366157591,0.887953366157591,0.113533333333333,,FALSE
"XLOC_034901","ADSL",42,0,6,0.270460623181823,0.270460623181823,0.0196,,FALSE
"XLOC_034911","RBX1",9,0,6,0.803268160534795,0.803268160534795,0.0333666666666667,,FALSE
"XLOC_034915","EP300",6,0,0,0.993770723444116,0.993770723444116,0.140633333333333,,FALSE
"XLOC_034917","L3MBTL2",17,0,11,0.0262294197798751,0.0262294197798751,0.1365,,FALSE
"XLOC_034921","ACO2",42,0,16,0.045556820169414,0.045556820169414,0.0968,,FALSE
"XLOC_034923","XRCC6",23,0,18,0.210733749663202,0.210733749663202,0.0318,,FALSE
"XLOC_034925","C22orf46",5,0,1,0.784597614408777,0.784597614408777,0.181633333333333,,FALSE
"XLOC_034926","MEI1",15,0,8,1.14960940588193e-07,1.14960940588193e-07,0.135766666666667,,FALSE
"XLOC_034929","SREBF2",9,0,1,0.0800333564734362,0.0800333564734362,0.00639999999999996,,FALSE
"XLOC_034949","TSPO",7,0,2,0.182384356409091,0.182384356409091,0.0280333333333333,,FALSE
"XLOC_034958","PNPLA3",11,0,3,0.271313988828627,0.271313988828627,0.0821666666666667,,FALSE
"XLOC_034960","PARVB",9,0,1,0.974516085232576,0.974516085232576,0.0361333333333334,,FALSE
"XLOC_034962","PARVG",26,0,18,0.194267999032049,0.194267999032049,0.0300666666666667,,FALSE
"XLOC_034968","PRR5",16,0,0,0.972323078547924,0.972323078547924,0.137733333333333,,FALSE
"XLOC_034970","NUP50",16,0,3,0.026595595230176,0.026595595230176,0.0668,,FALSE
"XLOC_034974","FAM118A",16,0,6,0.271750418802906,0.271750418802906,0.189266666666667,,FALSE
"XLOC_034977","ATXN10",12,0,3,0.45413085353565,0.45413085353565,0.0788333333333333,,FALSE
"XLOC_034986","PPARA",9,0,0,0.9024094735998,0.9024094735998,0.140366666666667,,FALSE
"XLOC_034988","TTC38",8,0,1,0.815163090949957,0.815163090949957,0.1258,,FALSE
"XLOC_034989","GTSE1",29,0,4,0.00136057815484852,0.00136057815484852,0.0886333333333333,,FALSE
"XLOC_034991","GRAMD4",6,0,0,0.00294399024700712,0.00294399024700712,0.1439,,FALSE
"XLOC_035019","CRELD2",11,0,0,0.531281483081124,0.531281483081124,0.0444,,FALSE
"XLOC_035020","PIM3",3,0,1,0.588151149704649,0.588151149704649,0.0711666666666667,,FALSE
"XLOC_035025","TRABD",6,0,0,0.588151149704649,0.588151149704649,0.0952,,FALSE
"XLOC_035030","PPP6R2",9,0,1,0.586561317618228,0.586561317618228,0.0356,,FALSE
"XLOC_035033","NCAPH2",10,0,0,0.764227298456868,0.764227298456868,0.0853333333333333,,FALSE
"XLOC_035036","CHKB-DT",7,0,0,0.953197231168096,0.953197231168096,0.0951333333333333,,FALSE
"XLOC_035044","RPL23AP82",22,0,1,0.206005758102956,0.206005758102956,0.128566666666667,,FALSE
"XLOC_035087","ADA2",34,0,11,0.0650017503228885,0.0650017503228885,0.118533333333333,,FALSE
"XLOC_035093","ATP6V1E1",11,0,4,0.909398818108165,0.909398818108165,0.0575666666666667,,FALSE
"XLOC_035094","BID",11,0,3,0.714017597087842,0.714017597087842,0.0362999999999999,,FALSE
"XLOC_035125","DGCR2",8,0,1,0.930652160109896,0.930652160109896,0.0693,,FALSE
"XLOC_035128","ESS2",5,0,1,0.833939454877727,0.833939454877727,0.0735333333333333,,FALSE
"XLOC_035134","HIRA",7,1,0,0.00482136852738749,0.00482136852738749,0.2981,0.2981,FALSE
"XLOC_035135","UFD1",16,0,6,0.761257494203901,0.761257494203901,0.085,,FALSE
"XLOC_035141","TXNRD2",15,0,0,0.192553484357981,0.192553484357981,0.0487,,FALSE
"XLOC_035145","TRMT2A",20,0,0,1.44072504325758e-07,1.44072504325758e-07,0.117466666666667,,FALSE
"XLOC_035149","RTN4R",5,0,0,0.81407159993967,0.81407159993967,0.0386,,FALSE
"XLOC_035151","DGCR6L",3,0,0,0.984652587825055,0.984652587825055,0.0125666666666667,,FALSE
"XLOC_035156","SCARF2",13,0,1,0.0360275429644256,0.0360275429644256,0.192833333333333,,FALSE
"XLOC_035164","PI4KA",21,0,5,0.95832358011678,0.95832358011678,0.0735333333333334,,FALSE
"XLOC_035167","THAP7",7,0,0,0.107662900214791,0.107662900214791,0.106833333333333,,FALSE
"XLOC_035186","PI4KAP2",13,0,2,0.590241221765172,0.590241221765172,0.0799333333333334,,FALSE
"XLOC_035189","YDJC",7,0,0,0.913140448417799,0.913140448417799,0.123866666666667,,FALSE
"XLOC_035196","MAPK1",9,0,6,0.0119445256679218,0.0119445256679218,0.0756,,FALSE
"XLOC_035199","TOP3B",16,0,0,0.992895102348289,0.992895102348289,0.0863333333333333,,FALSE
"XLOC_035229","DRICH1",21,0,2,0.974516085232576,0.974516085232576,0.0563333333333333,,FALSE
"XLOC_035232","CHCHD10",5,0,0,0.486738460598299,0.486738460598299,0.0540666666666666,,FALSE
"XLOC_035243","GGT5",5,0,0,0.726734320216805,0.726734320216805,0.366033333333333,,FALSE
"XLOC_035249","GUCD1",12,0,2,0.944896965308243,0.944896965308243,0.0441,,FALSE
"XLOC_035281","HPS4",28,0,19,0.346744354723813,0.346744354723813,0.0711333333333333,,FALSE
"XLOC_035282","TFIP11",21,0,10,0.8290934927267,0.8290934927267,0.0941666666666667,,FALSE
"XLOC_035283","TPST2",9,0,2,0.26181918902151,0.26181918902151,0.0758666666666667,,FALSE
"XLOC_035298","PITPNB",18,0,9,0.641329317869,0.641329317869,0.0836333333333333,,FALSE
"XLOC_035300","TTC28",6,0,1,0.62028418229086,0.62028418229086,0.106266666666667,,FALSE
"XLOC_035304","CHEK2",26,0,10,0.855640855760198,0.855640855760198,0.107366666666667,,FALSE
"XLOC_035305","XBP1",8,0,3,0.892516507457073,0.892516507457073,0.121266666666667,,FALSE
"XLOC_035312","RASL10A",5,0,1,0.25608559971779,0.25608559971779,0.110433333333333,,FALSE
"XLOC_035318","THOC5",25,0,9,0.00330746000278775,0.00330746000278775,0.0741333333333333,,FALSE
"XLOC_035323","ASCC2",30,0,12,0.328768650159845,0.328768650159845,0.0463666666666667,,FALSE
"XLOC_035332","OSM",3,0,0,0.732344031707051,0.732344031707051,0.0171,,FALSE
"XLOC_035334","CASTOR1",12,0,1,0.916731661557692,0.916731661557692,0.0396,,FALSE
"XLOC_035335","SF3A1",11,0,2,0.813448044721449,0.813448044721449,0.0407333333333333,,FALSE
"XLOC_035336","RNF215",8,0,0,0.94433629665716,0.94433629665716,0.0878333333333333,,FALSE
"XLOC_035343","PES1",13,0,2,0.0248849135000618,0.0248849135000618,0.0762666666666667,,FALSE
"XLOC_035344","DUSP18",11,0,0,0.0645400936867965,0.0645400936867965,0.0558,,FALSE
"XLOC_035345","MORC2",16,0,5,0.318183132702661,0.318183132702661,0.1281,,FALSE
"XLOC_035349","SELENOM",5,0,0,0.966887000434063,0.966887000434063,0.0317333333333333,,FALSE
"XLOC_035359","EIF4ENIF1",12,0,3,0.122801342386457,0.122801342386457,0.136366666666667,,FALSE
"XLOC_035363","PISD",32,0,12,0.495595790855322,0.495595790855322,0.0365666666666667,,FALSE
"XLOC_035376","RTCB",16,0,11,0.0091293008395857,0.0091293008395857,0.123766666666667,,FALSE
"XLOC_035381","LARGE1",12,0,0,0.750675748758594,0.750675748758594,0.347233333333333,,FALSE
"XLOC_035401","APOL3",21,0,7,0.409126360867853,0.409126360867853,0.0929666666666667,,FALSE
"XLOC_035403","APOL2",12,0,6,0.0853672094666815,0.0853672094666815,0.0715666666666667,,FALSE
"XLOC_035404","MYH9",23,0,3,0.551366072119545,0.551366072119545,0.0534666666666667,,FALSE
"XLOC_035410","EIF3D",31,0,23,0.610584765309367,0.610584765309367,0.0606666666666667,,FALSE
"XLOC_035415","IFT27",11,0,0,0.278777153321305,0.278777153321305,0.0517,,FALSE
"XLOC_035416","PVALB",4,0,0,0.44847995063257,0.44847995063257,0.165,,FALSE
"XLOC_035427","RAC2",14,0,8,1.74441009799114e-16,1.74441009799114e-16,0.0616,,FALSE
"XLOC_035432","LGALS2",3,0,2,0.713207372185326,0.713207372185326,0.0361999999999999,,FALSE
"XLOC_035435","ANKRD54",10,0,4,0.798471012109576,0.798471012109576,0.179366666666667,,FALSE
"XLOC_035443","PLA2G6",20,0,0,0.81407159993967,0.81407159993967,0.146066666666667,,FALSE
"XLOC_035444","TMEM184B",9,0,0,0.884909351180355,0.884909351180355,0.0189,,FALSE
"XLOC_035446","CSNK1E",20,0,0,0.889101961647703,0.889101961647703,0.100733333333333,,FALSE
"XLOC_035450","DDX17",12,0,3,0.00167556264853122,0.00167556264853122,0.110533333333333,,FALSE
"XLOC_035456","JOSD1",10,0,2,0.461558739328919,0.461558739328919,0.0820666666666667,,FALSE
"XLOC_035458","SUN2",22,0,2,0.0451929930396244,0.0451929930396244,0.0502,,FALSE
"XLOC_035463","COX5BP7",6,0,0,0.901404703479818,0.901404703479818,0.0828333333333333,,FALSE
"XLOC_035464","PDGFB",4,0,1,0.0848075130974986,0.0848075130974986,0.0901333333333333,,FALSE
"XLOC_035465","RPL3",38,0,25,0.172648150996359,0.172648150996359,0.0108666666666667,,FALSE
"XLOC_035467","RPS19BP1",6,0,2,0.647028551426597,0.647028551426597,0.00723333333333333,,FALSE
"XLOC_035468","ENTHD1",6,0,5,0.981303031588092,0.981303031588092,0.198933333333333,,FALSE
"XLOC_035473","MRTFA",13,0,0,0.380002519850783,0.380002519850783,0.1552,,FALSE
"XLOC_035476","SLC25A17",18,0,4,0.543008518982475,0.543008518982475,0.0957666666666666,,FALSE
"XLOC_035479","ST13",12,0,7,0.97180733955715,0.97180733955715,0.0258333333333333,,FALSE
"XLOC_035488","RANGAP1",10,0,3,0.306136782794246,0.306136782794246,0.0631333333333333,,FALSE
"XLOC_035492","PHF5A",2,0,1,0.867416065714572,0.867416065714572,0.0086,,FALSE
"XLOC_035493","POLR3H",10,1,1,5.28272763443727e-05,5.28272763443727e-05,0.224,0.224,FALSE
"XLOC_035495","PMM1",10,0,4,0.00555510641399569,0.00555510641399569,0.0696,,FALSE
"XLOC_035496","DESI1",5,0,1,0.62148779860401,0.62148779860401,0.0626333333333333,,FALSE
"XLOC_035498","SNU13",13,0,5,0.128790044525712,0.128790044525712,0.0669666666666667,,FALSE
"XLOC_035507","NAGA",19,0,19,0.00027115722342497,0.00027115722342497,0.116933333333333,,FALSE
"XLOC_035509","NDUFA6",2,2,2,0.00340534259432115,0.00340534259432115,0.2227,0.2227,TRUE
"XLOC_035519","NFAM1",2,0,0,0.951680499958375,0.951680499958375,0.00390000000000001,,FALSE
"XLOC_035523","POLDIP3",47,0,9,0.0202152726183247,0.0202152726183247,0.0186,,FALSE
"XLOC_035528","ARFGAP3",28,0,16,0.128982519399165,0.128982519399165,0.0836333333333333,,FALSE
"XLOC_035531","MCAT",3,0,0,0.224602817665608,0.224602817665608,0.1867,,FALSE
"XLOC_035532","TTLL12",4,0,0,0.822361838461298,0.822361838461298,0.170666666666667,,FALSE
"XLOC_035552","NUP50-DT",5,0,1,0.262403325904502,0.262403325904502,0.246233333333333,,FALSE
"XLOC_035554","KIAA0930",16,0,0,0.437387030229076,0.437387030229076,0.0522333333333333,,FALSE
"XLOC_035569","CDPF1",5,0,0,0.88810788505925,0.88810788505925,0.0612,,FALSE
"XLOC_035598","BRD1",6,0,0,0.782490242082922,0.782490242082922,0.118,,FALSE
"XLOC_035611","HDAC10",29,0,2,0.60370563851552,0.60370563851552,0.0380333333333333,,FALSE
"XLOC_035613","PLXNB2",10,0,1,0.975497122064914,0.975497122064914,0.0557666666666667,,FALSE
"XLOC_035614","DENND6B",5,0,1,0.961485468177886,0.961485468177886,0.0665,,FALSE
"XLOC_035615","SBF1",55,0,0,0.263505620146732,0.263505620146732,0.0419333333333333,,FALSE
"XLOC_035616","LMF2",7,0,1,0.982500711699149,0.982500711699149,0.0826333333333333,,FALSE
"XLOC_035617","SCO2",33,0,2,0.000245582119200291,0.000245582119200291,0.0777333333333333,,FALSE
"XLOC_035620","CPT1B",28,0,7,0.0873798667817948,0.0873798667817948,0.0470666666666667,,FALSE
"XLOC_035626","RABL2B",18,0,3,0.125977535427368,0.125977535427368,0.1561,,FALSE
"XLOC_035640","TRNT1",22,0,8,0.0206674782455261,0.0206674782455261,0.120166666666667,,FALSE
"XLOC_035644","ITPR1",40,0,6,0.0651467405757053,0.0651467405757053,0.1053,,FALSE
"XLOC_035646","BHLHE40",8,0,5,0.00594434384481459,0.00594434384481459,0.0253333333333333,,FALSE
"XLOC_035648","ARL8B",21,0,16,0.00122005929334348,0.00122005929334348,0.0423,,FALSE
"XLOC_035649","EDEM1",11,0,5,0.378615107047156,0.378615107047156,0.0974333333333333,,FALSE
"XLOC_035669","THUMPD3",19,0,11,0.0961619449457584,0.0961619449457584,0.0881333333333333,,FALSE
"XLOC_035670","SETD5",41,0,1,0.112465104789402,0.112465104789402,0.0929,,FALSE
"XLOC_035672","MTMR14",23,0,13,0.859648895881942,0.859648895881942,0.0429333333333333,,FALSE
"XLOC_035674","BRPF1",17,0,0,0.0399692971150891,0.0399692971150891,0.0765666666666667,,FALSE
"XLOC_035675","OGG1",16,0,4,0.801768515075323,0.801768515075323,0.113333333333333,,FALSE
"XLOC_035676","ARPC4",45,0,9,0.796746748278215,0.796746748278215,0.0264,,FALSE
"XLOC_035679","IL17RC",80,0,1,0.0246371984833226,0.0246371984833226,0.0582333333333333,,FALSE
"XLOC_035682","EMC3-AS1",10,0,3,0.773882652897537,0.773882652897537,0.177333333333333,,FALSE
"XLOC_035683","FANCD2",21,0,9,0.132701833054833,0.132701833054833,0.1171,,FALSE
"XLOC_035685","BRK1",4,0,4,0.762503650127925,0.762503650127925,0.0346666666666666,,FALSE
"XLOC_035687","IRAK2",8,0,8,0.102683590768233,0.102683590768233,0.0551666666666667,,FALSE
"XLOC_035688","TATDN2",13,0,4,0.150055955327324,0.150055955327324,0.1068,,FALSE
"XLOC_035695","HRH1",8,0,5,0.887191595859608,0.887191595859608,0.021,,FALSE
"XLOC_035697","ATG7",87,0,67,3.26202156389452e-07,3.26202156389452e-07,0.0690333333333333,,FALSE
"XLOC_035705","PPARG",34,0,17,0.06420178626733,0.06420178626733,0.0838666666666666,,FALSE
"XLOC_035709","MKRN2",16,0,7,0.856294448974719,0.856294448974719,0.1104,,FALSE
"XLOC_035712","HDAC11",10,0,0,0.631705608478257,0.631705608478257,0.225233333333333,,FALSE
"XLOC_035717","TMEM43",20,0,9,0.467663502707699,0.467663502707699,0.0441333333333333,,FALSE
"XLOC_035720","SLC6A6",21,0,10,0.375579505996357,0.375579505996357,0.0713666666666666,,FALSE
"XLOC_035722","CCDC174",9,0,5,0.374478724908035,0.374478724908035,0.0800333333333333,,FALSE
"XLOC_035725","FGD5",7,0,2,0.432458125759713,0.432458125759713,0.0616,,FALSE
"XLOC_035726","NR2C2",10,0,0,0.894576149558517,0.894576149558517,0.0763333333333333,,FALSE
"XLOC_035732","EAF1",5,0,2,0.973440286241923,0.973440286241923,0.0850333333333333,,FALSE
"XLOC_035734","BTD",13,0,3,0.433143581222212,0.433143581222212,0.120166666666667,,FALSE
"XLOC_035742","OXNAD1",9,0,0,0.689083130944184,0.689083130944184,0.0955666666666668,,FALSE
"XLOC_035760","RAB5A",19,0,13,0.185618613337497,0.185618613337497,0.106166666666667,,FALSE
"XLOC_035763","KAT2B",8,0,5,0.862670762317248,0.862670762317248,0.0837,,FALSE
"XLOC_035774","UBE2E2",9,0,3,0.14952181376931,0.14952181376931,0.0916333333333333,,FALSE
"XLOC_035777","UBE2E1",15,0,7,0.82550580941894,0.82550580941894,0.00763333333333333,,FALSE
"XLOC_035778","RPL15",17,0,10,0.135190190464045,0.135190190464045,0.0091,,FALSE
"XLOC_035779","NR1D2",3,0,0,0.570781413423342,0.570781413423342,0.037,,FALSE
"XLOC_035790","OXSM",8,0,2,0.923142587597966,0.923142587597966,0.202466666666667,,FALSE
"XLOC_035802","CMC1",13,0,3,0.555299461588268,0.555299461588268,0.0491333333333333,,FALSE
"XLOC_035815","STT3B",22,0,17,0.155728394435903,0.155728394435903,0.0520666666666667,,FALSE
"XLOC_035828","CNOT10",16,0,2,0.433642252816155,0.433642252816155,0.0778333333333333,,FALSE
"XLOC_035835","CRTAP",7,0,4,0.619723201677341,0.619723201677341,0.126866666666667,,FALSE
"XLOC_035840","PDCD6IP",30,0,12,0.00687921667288893,0.00687921667288893,0.0567,,FALSE
"XLOC_035849","STAC",15,0,7,0.276709675867887,0.276709675867887,0.0254,,FALSE
"XLOC_035852","MLH1",38,0,16,0.359834491207345,0.359834491207345,0.0828666666666667,,FALSE
"XLOC_035858","GOLGA4",10,0,1,0.412544558785835,0.412544558785835,0.0502666666666667,,FALSE
"XLOC_035864","CTDSPL",6,0,0,0.813114142249494,0.813114142249494,0.0702,,FALSE
"XLOC_035866","VILL",8,0,1,0.591030323468264,0.591030323468264,0.2721,,FALSE
"XLOC_035870","MYD88",15,0,6,0.660577288234149,0.660577288234149,0.0333666666666667,,FALSE
"XLOC_035871","OXSR1",11,0,5,0.00555510641399569,0.00555510641399569,0.0565,,FALSE
"XLOC_035876","EXOG",17,0,8,0.711709104747862,0.711709104747862,0.280233333333333,,FALSE
"XLOC_035879","WDR48",14,0,7,0.760812084952967,0.760812084952967,0.114733333333333,,FALSE
"XLOC_035892","RPSA",19,0,10,0.744522999291864,0.744522999291864,0.0185666666666667,,FALSE
"XLOC_035901","EIF1B",6,0,3,0.66409161221359,0.66409161221359,0.0267333333333333,,FALSE
"XLOC_035903","RPL14",11,0,2,0.82397052089862,0.82397052089862,0.0432333333333333,,FALSE
"XLOC_035904","ZNF619",14,0,4,0.997587121779415,0.997587121779415,0.034,,FALSE
"XLOC_035911","CTNNB1",65,0,31,0.00107470429652888,0.00107470429652888,0.0476333333333333,,FALSE
"XLOC_035914","TRAK1",8,0,1,0.957563567332811,0.957563567332811,0.0284666666666667,,FALSE
"XLOC_035921","SS18L2",4,0,3,0.974516085232576,0.974516085232576,0.105666666666667,,FALSE
"XLOC_035923","NKTR",17,0,4,0.974199003273824,0.974199003273824,0.0717333333333333,,FALSE
"XLOC_035938","ABHD5",14,0,4,2.39696051008374e-08,2.39696051008374e-08,0.1008,,FALSE
"XLOC_035944","TCAIM",14,0,8,0.0374057018098561,0.0374057018098561,0.0915333333333333,,FALSE
"XLOC_035946","ZKSCAN7",23,0,7,0.247633264650277,0.247633264650277,0.1062,,FALSE
"XLOC_035950","KIF15",7,0,4,0.796077652295637,0.796077652295637,0.176633333333333,,FALSE
"XLOC_035955","EXOSC7",11,0,4,0.571939682478143,0.571939682478143,0.0673333333333333,,FALSE
"XLOC_035957","LARS2",14,0,4,0.408096433635565,0.408096433635565,0.1342,,FALSE
"XLOC_035959","SACM1L",18,1,10,0.000977217594258365,0.000977217594258365,0.167366666666667,0.167366666666667,TRUE
"XLOC_035973","CCRL2",21,0,18,2.8645769893534e-05,2.8645769893534e-05,0.078,,FALSE
"XLOC_035981","NBEAL2",15,0,0,0.0543562170279389,0.0543562170279389,0.106966666666667,,FALSE
"XLOC_035985","KLHL18",6,0,2,0.895144608571601,0.895144608571601,0.1043,,FALSE
"XLOC_035988","PTPN23",8,0,0,0.773097178850621,0.773097178850621,0.108433333333333,,FALSE
"XLOC_035992","DHX30",14,0,3,0.67835094344181,0.67835094344181,0.0655333333333334,,FALSE
"XLOC_036000","ZNF589",7,0,2,0.582925916735955,0.582925916735955,0.201866666666667,,FALSE
"XLOC_036006","ATRIP",15,0,5,0.0191339806845744,0.0191339806845744,0.0520666666666666,,FALSE
"XLOC_036010","ARIH2",47,0,23,4.03802663866536e-07,4.03802663866536e-07,0.0503333333333333,,FALSE
"XLOC_036011","P4HTM",29,0,6,0.706258677912286,0.706258677912286,0.133566666666667,,FALSE
"XLOC_036012","NDUFAF3",7,0,3,0.0631998271808649,0.0631998271808649,0.1459,,FALSE
"XLOC_036015","KLHDC8B",9,0,6,0.0255631454742681,0.0255631454742681,0.298133333333333,,FALSE
"XLOC_036021","DAG1",13,0,0,0.68391068142029,0.68391068142029,0.0222666666666667,,FALSE
"XLOC_036023","APEH",28,0,14,1.2981549651271e-13,1.2981549651271e-13,0.0771333333333333,,FALSE
"XLOC_036024","RNF123",12,0,0,0.84835510857934,0.84835510857934,0.0767,,FALSE
"XLOC_036030","RBM6",62,0,25,0.0143086910552903,0.0143086910552903,0.0756666666666667,,FALSE
"XLOC_036036","GNAI2",9,0,0,0.475480820530202,0.475480820530202,0.0013,,FALSE
"XLOC_036046","HEMK1",8,0,2,0.906192437170262,0.906192437170262,0.0176666666666667,,FALSE
"XLOC_036047","MAPKAPK3",18,0,12,0.318236922837883,0.318236922837883,0.0763,,FALSE
"XLOC_036053","RAD54L2",24,0,6,0.624801387206489,0.624801387206489,0.0527,,FALSE
"XLOC_036059","PARP3",10,0,2,0.224568201145058,0.224568201145058,0.0738,,FALSE
"XLOC_036061","ABHD14A",42,0,6,1.30667776980775e-05,1.30667776980775e-05,0.117466666666667,,FALSE
"XLOC_036064","ALAS1",25,0,23,9.75693039246954e-11,9.75693039246954e-11,0.0545,,FALSE
"XLOC_036066","PPM1M",15,0,6,0.798005450557826,0.798005450557826,0.0315333333333333,,FALSE
"XLOC_036070","PHF7",8,0,0,0.924088523342383,0.924088523342383,0.0439,,FALSE
"XLOC_036071","NISCH",12,0,3,0.83161323240359,0.83161323240359,0.119133333333333,,FALSE
"XLOC_036072","STAB1",9,0,0,0.940782746491402,0.940782746491402,0.0772,,FALSE
"XLOC_036073","SMIM4",5,0,2,0.989307586497039,0.989307586497039,0.0679,,FALSE
"XLOC_036075","GNL3",30,0,24,0.00447116388960269,0.00447116388960269,0.0277333333333333,,FALSE
"XLOC_036077","SPCS1",6,0,3,0.413969605062507,0.413969605062507,0.0267333333333333,,FALSE
"XLOC_036085","PRKCD",30,0,21,0.335848449768542,0.335848449768542,0.0505,,FALSE
"XLOC_036100","CCDC66",20,0,4,0.997218785055414,0.997218785055414,0.137633333333333,,FALSE
"XLOC_036105","APPL1",11,0,5,0.634986711708997,0.634986711708997,0.0701666666666667,,FALSE
"XLOC_036114","SLMAP",40,0,16,0.0709057101649824,0.0709057101649824,0.0681666666666667,,FALSE
"XLOC_036116","FLNB",24,0,4,0.0139597438256571,0.0139597438256571,0.0847333333333333,,FALSE
"XLOC_036119","RPP14",30,0,8,0.530582523372097,0.530582523372097,0.0709666666666667,,FALSE
"XLOC_036122","KCTD6",5,0,0,0.850292800199638,0.850292800199638,0.0332666666666667,,FALSE
"XLOC_036133","C3orf14",8,0,2,0.801068538216376,0.801068538216376,0.0403666666666668,,FALSE
"XLOC_036142","ATXN7",20,0,3,0.877554457563634,0.877554457563634,0.0897333333333334,,FALSE
"XLOC_036156","SLC25A26",21,0,4,0.495938436408829,0.495938436408829,0.0744,,FALSE
"XLOC_036160","KBTBD8",6,0,1,0.938386990285876,0.938386990285876,0.0561,,FALSE
"XLOC_036172","ARL6IP5",7,0,5,0.571099926704994,0.571099926704994,0.0385666666666667,,FALSE
"XLOC_036174","MITF",19,0,2,0.0576726031750636,0.0576726031750636,0.0972333333333333,,FALSE
"XLOC_036201","GXYLT2",11,0,2,0.182295289252667,0.182295289252667,0.0863,,FALSE
"XLOC_036269","ZNF654",3,0,1,0.834588701095141,0.834588701095141,0.0311666666666667,,FALSE
"XLOC_036270","C3orf38",6,0,5,0.689384865711364,0.689384865711364,0.0221666666666667,,FALSE
"XLOC_036283","ARL13B",18,0,1,0.0990038214247297,0.0990038214247297,0.110833333333333,,FALSE
"XLOC_036284","NSUN3",18,0,10,1.46536049522045e-06,1.46536049522045e-06,0.0656,,FALSE
"XLOC_036323","ST3GAL6",45,0,22,0.0255743145319397,0.0255743145319397,0.0268,,FALSE
"XLOC_036334","TBC1D23",13,0,8,0.844369043182671,0.844369043182671,0.0750333333333333,,FALSE
"XLOC_036337","TMEM45A",8,0,4,0.910838644066982,0.910838644066982,0.331833333333333,,FALSE
"XLOC_036340","TFG",32,0,8,0.00151299182055661,0.00151299182055661,0.0981333333333333,,FALSE
"XLOC_036348","PCNP",21,0,17,0.347300217069022,0.347300217069022,0.0364666666666667,,FALSE
"XLOC_036354","NXPE3",26,0,13,0.000694762545580976,0.000694762545580976,0.073,,FALSE
"XLOC_036366","ALCAM",19,0,11,0.333817010622495,0.333817010622495,0.0319,,FALSE
"XLOC_036382","BBX",13,0,1,0.653362465366774,0.653362465366774,0.133133333333333,,FALSE
"XLOC_036415","SLC35A5",11,0,5,0.47977056793931,0.47977056793931,0.0483333333333333,,FALSE
"XLOC_036417","GTPBP8",9,0,6,0.901404703479818,0.901404703479818,0.165966666666667,,FALSE
"XLOC_036425","ATP6V1A",15,0,12,0.000159558088132138,0.000159558088132138,0.110233333333333,,FALSE
"XLOC_036433","QTRT2",21,0,10,0.788579007219764,0.788579007219764,0.0748666666666667,,FALSE
"XLOC_036460","ARHGAP31",4,0,2,0.548649716394897,0.548649716394897,0.0611333333333333,,FALSE
"XLOC_036462","POGLUT1",15,0,7,0.56515047447856,0.56515047447856,0.0399666666666667,,FALSE
"XLOC_036463","TIMMDC1",15,0,7,0.826595184954841,0.826595184954841,0.0711,,FALSE
"XLOC_036464","ADPRH",10,0,5,0.8735760369743,0.8735760369743,0.0469,,FALSE
"XLOC_036479","NDUFB4",7,0,2,0.831222796027443,0.831222796027443,0.00273333333333333,,FALSE
"XLOC_036482","GTF2E1",10,0,8,0.000170352521557457,0.000170352521557457,0.103,,FALSE
"XLOC_036493","EAF2",5,0,2,0.936834063810236,0.936834063810236,0.1677,,FALSE
"XLOC_036495","CD86",19,0,13,2.03173106815838e-11,2.03173106815838e-11,0.0583333333333333,,FALSE
"XLOC_036499","FAM162A",13,0,2,0.865752382761029,0.865752382761029,0.0333333333333333,,FALSE
"XLOC_036503","DTX3L",5,0,3,0.997647729364664,0.997647729364664,0.0909,,FALSE
"XLOC_036504","PARP15",4,0,0,0.8719938850601,0.8719938850601,0.223866666666667,,FALSE
"XLOC_036506","PARP14",18,0,11,0.0643760383837672,0.0643760383837672,0.121266666666667,,FALSE
"XLOC_036507","SLC49A4",2,0,0,0.753347164354132,0.753347164354132,0.200433333333333,,FALSE
"XLOC_036509","PDIA5",19,0,5,0.835672028010037,0.835672028010037,0.1267,,FALSE
"XLOC_036520","UMPS",10,0,2,0.992965244118601,0.992965244118601,0.0692333333333333,,FALSE
"XLOC_036562","MCM2",10,0,4,0.973164590618576,0.973164590618576,0.0277666666666667,,FALSE
"XLOC_036564","ABTB1",11,0,0,0.930652160109896,0.930652160109896,0.0934333333333334,,FALSE
"XLOC_036568","SEC61A1",11,0,5,0.22904011199269,0.22904011199269,0.144833333333333,,FALSE
"XLOC_036570","EEFSEC",2,0,0,0.947870593053459,0.947870593053459,0.0180666666666667,,FALSE
"XLOC_036575","RAB7A",23,0,8,0.764392960289104,0.764392960289104,0.0923333333333333,,FALSE
"XLOC_036578","ACAD9",33,0,8,0.000320262094145863,0.000320262094145863,0.0647,,FALSE
"XLOC_036586","COPG1",28,0,21,0.0131012499562817,0.0131012499562817,0.0711,,FALSE
"XLOC_036588","HMCES",12,0,5,0.429473607337509,0.429473607337509,0.133466666666667,,FALSE
"XLOC_036594","IFT122",68,0,11,0.000413213411326372,0.000413213411326372,0.0846,,FALSE
"XLOC_036611","ATP2C1",48,0,30,0.0144391981910603,0.0144391981910603,0.0779,,FALSE
"XLOC_036614","NUDT16L2P",5,0,1,0.967946588326934,0.967946588326934,0.18,,FALSE
"XLOC_036619","ACP3",18,0,16,0.62516285049026,0.62516285049026,0.220066666666667,,FALSE
"XLOC_036622","DNAJC13",15,0,8,0.705314092245369,0.705314092245369,0.141866666666667,,FALSE
"XLOC_036625","UBA5",13,0,1,0.292075323402764,0.292075323402764,0.0682,,FALSE
"XLOC_036632","CDV3",22,0,12,0.0118383975969423,0.0118383975969423,0.0188666666666667,,FALSE
"XLOC_036633","INHCAP",13,0,1,0.0567390118459383,0.0567390118459383,0.0266333333333333,,FALSE
"XLOC_036640","CEP63",51,0,9,0.2760855355715,0.2760855355715,0.110566666666667,,FALSE
"XLOC_036645","PCCB",24,0,10,0.898179545218969,0.898179545218969,0.0931333333333333,,FALSE
"XLOC_036650","NCK1",20,0,11,0.588742990697956,0.588742990697956,0.100866666666667,,FALSE
"XLOC_036657","ARMC8",35,0,18,0.000267500250086568,0.000267500250086568,0.0898333333333333,,FALSE
"XLOC_036658","MRAS",15,0,6,0.67089303514825,0.67089303514825,0.0626666666666666,,FALSE
"XLOC_036661","FAIM",13,0,6,0.976655726009644,0.976655726009644,0.0267333333333333,,FALSE
"XLOC_036666","MRPS22",22,0,6,0.71069173591188,0.71069173591188,0.1143,,FALSE
"XLOC_036670","COPB2-DT",11,0,1,0.0953904402957297,0.0953904402957297,0.0998333333333333,,FALSE
"XLOC_036677","SLC25A36",11,0,0,0.0568312888990501,0.0568312888990501,0.135466666666667,,FALSE
"XLOC_036680","PXYLP1",11,0,2,0.938271369526167,0.938271369526167,0.183266666666667,,FALSE
"XLOC_036682","ZBTB38",17,0,1,0.71924233334265,0.71924233334265,0.1367,,FALSE
"XLOC_036683","RASA2",7,0,3,0.155050069214868,0.155050069214868,0.139466666666667,,FALSE
"XLOC_036687","RNF7",9,0,2,0.928354000327583,0.928354000327583,0.0335333333333334,,FALSE
"XLOC_036689","ATP1B3",11,0,5,0.965542362006125,0.965542362006125,0.0450666666666667,,FALSE
"XLOC_036693","PLS1",11,0,4,0.899052000745637,0.899052000745637,0.0546666666666667,,FALSE
"XLOC_036699","PAQR9-AS1",27,0,16,3.31577320688891e-07,3.31577320688891e-07,0.136066666666667,,FALSE
"XLOC_036701","CHST2",3,0,0,0.043435459284844,0.043435459284844,0.0115666666666666,,FALSE
"XLOC_036706","DIPK2A",4,0,0,0.826382916582078,0.826382916582078,0.0827666666666667,,FALSE
"XLOC_036728","GYG1",12,0,6,0.0406524309857612,0.0406524309857612,0.0857,,FALSE
"XLOC_036730","HPS3",9,0,4,0.862670762317248,0.862670762317248,0.1538,,FALSE
"XLOC_036738","RNF13",45,0,39,0.100562294445915,0.100562294445915,0.0331666666666667,,FALSE
"XLOC_036746","TSC22D2",6,0,1,0.973009330234367,0.973009330234367,0.0462000000000001,,FALSE
"XLOC_036747","EIF2A",25,0,13,0.853113859255801,0.853113859255801,0.0774333333333333,,FALSE
"XLOC_036748","SELENOT",12,0,9,0.434225505603615,0.434225505603615,0.0192666666666667,,FALSE
"XLOC_036765","MBNL1",42,0,27,6.96406923616732e-11,6.96406923616732e-11,0.1288,,FALSE
"XLOC_036783","MME",10,0,0,0.812528143228334,0.812528143228334,0.3066,,FALSE
"XLOC_036791","GMPS",6,0,4,0.492367131293853,0.492367131293853,0.112166666666667,,FALSE
"XLOC_036797","TIPARP",9,0,4,0.30770028610636,0.30770028610636,0.172,,FALSE
"XLOC_036805","XLOC_036805",7,0,0,0.998259432595307,0.998259432595307,0.104933333333333,,FALSE
"XLOC_036809","RSRC1",33,0,13,0.40515965566538,0.40515965566538,0.073,,FALSE
"XLOC_036811","MLF1",12,0,4,0.851185209214729,0.851185209214729,0.216433333333333,,FALSE
"XLOC_036812","GFM1",17,0,8,0.705837441198776,0.705837441198776,0.0853666666666667,,FALSE
"XLOC_036813","MFSD1",32,0,13,0.0562562921909273,0.0562562921909273,0.0598333333333333,,FALSE
"XLOC_036817","IQCJ-SCHIP1",10,0,0,0.763450394001144,0.763450394001144,0.0585,,FALSE
"XLOC_036825","SMC4",25,0,7,0.420046091971108,0.420046091971108,0.138066666666667,,FALSE
"XLOC_036834","NMD3",25,0,18,0.105369426290609,0.105369426290609,0.182533333333333,,FALSE
"XLOC_036852","SERPINI1",5,0,3,0.546385522035585,0.546385522035585,0.102833333333333,,FALSE
"XLOC_036869","MYNN",14,0,12,0.0369993224719938,0.0369993224719938,0.2214,,FALSE
"XLOC_036875","SEC62",14,0,5,0.00783071164655011,0.00783071164655011,0.0620666666666667,,FALSE
"XLOC_036882","SKIL",15,0,8,0.305979126787568,0.305979126787568,0.158033333333333,,FALSE
"XLOC_036897","FNDC3B",35,0,25,5.6695413271967e-07,5.6695413271967e-07,0.0567333333333333,,FALSE
"XLOC_036903","ECT2",19,0,6,0.0636078806024841,0.0636078806024841,0.0758333333333333,,FALSE
"XLOC_036921","LINC02015",5,0,1,0.00958861046806873,0.00958861046806873,0.187666666666667,,FALSE
"XLOC_036925","PIK3CA",9,0,0,0.996681724165,0.996681724165,0.0574333333333333,,FALSE
"XLOC_036926","ZNF639",9,0,3,0.0865624328304695,0.0865624328304695,0.1572,,FALSE
"XLOC_036928","MFN1",13,0,7,0.0164468699335589,0.0164468699335589,0.093,,FALSE
"XLOC_036933","ACTL6A",15,0,7,0.412179252753045,0.412179252753045,0.102533333333333,,FALSE
"XLOC_036934","NDUFB5",45,0,6,0.491035702389721,0.491035702389721,0.0178666666666667,,FALSE
"XLOC_036944","TTC14",11,0,4,0.405469898439995,0.405469898439995,0.123966666666667,,FALSE
"XLOC_036947","FXR1",23,0,10,0.00922616290828222,0.00922616290828222,0.0693666666666667,,FALSE
"XLOC_036961","ATP11B",14,0,5,0.802891056842956,0.802891056842956,0.0385,,FALSE
"XLOC_036963","B3GNT5",12,0,5,0.495938436408829,0.495938436408829,0.167266666666667,,FALSE
"XLOC_036964","LINC00888",4,0,1,0.0537272284269146,0.0537272284269146,0.273533333333333,,FALSE
"XLOC_036971","YEATS2",6,0,0,0.91537517182058,0.91537517182058,0.0342666666666667,,FALSE
"XLOC_036980","EIF2B5",38,0,11,0.0223453900396076,0.0223453900396076,0.1296,,FALSE
"XLOC_036982","DVL3",11,0,0,0.830227202267658,0.830227202267658,0.0367333333333333,,FALSE
"XLOC_036983","AP2M1",35,0,10,0.00345244645033553,0.00345244645033553,0.108333333333333,,FALSE
"XLOC_036984","ABCF3",29,0,14,0.0659416931276213,0.0659416931276213,0.131366666666667,,FALSE
"XLOC_036988","PSMD2",32,0,14,0.00252830505433617,0.00252830505433617,0.0671333333333333,,FALSE
"XLOC_036989","EIF4G1",35,0,2,1.20255524382101e-09,1.20255524382101e-09,0.0372,,FALSE
"XLOC_036991","FAM131A",10,0,0,0.652377951149527,0.652377951149527,0.0540666666666667,,FALSE
"XLOC_036992","POLR2H",17,0,5,0.0335537609253636,0.0335537609253636,0.0350333333333333,,FALSE
"XLOC_037001","VPS8",27,0,9,0.807055983874013,0.807055983874013,0.0907,,FALSE
"XLOC_037003","MAP3K13",10,0,0,0.628396044813741,0.628396044813741,0.0421666666666667,,FALSE
"XLOC_037005","SENP2",21,0,10,0.0528611707614318,0.0528611707614318,0.0999666666666667,,FALSE
"XLOC_037008","NMRAL2P",10,0,5,0.615470251382661,0.615470251382661,0.0725666666666667,,FALSE
"XLOC_037012","DNAJB11",14,0,5,0.874594962255278,0.874594962255278,0.0152333333333333,,FALSE
"XLOC_037021","EIF4A2",57,0,39,6.78158985771316e-06,6.78158985771316e-06,0.0844666666666667,,FALSE
"XLOC_037026","ST6GAL1",27,0,9,0.874663599367324,0.874663599367324,0.0516333333333333,,FALSE
"XLOC_037038","LPP",21,0,8,0.932238552992077,0.932238552992077,0.0946333333333333,,FALSE
"XLOC_037042","TPRG1",43,0,30,0.61597721721246,0.61597721721246,0.113433333333333,,FALSE
"XLOC_037048","IL1RAP",11,0,4,0.57962290244243,0.57962290244243,0.203966666666667,,FALSE
"XLOC_037055","CCDC50",5,0,2,0.465922464787038,0.465922464787038,0.0466666666666667,,FALSE
"XLOC_037068","OPA1",35,0,10,0.0373761087210496,0.0373761087210496,0.0453,,FALSE
"XLOC_037082","ATP13A3-DT",11,0,1,0.754070260031054,0.754070260031054,0.0893,,FALSE
"XLOC_037099","MUC20-OT1",84,0,5,0.0331432517418601,0.0331432517418601,0.0525666666666667,,FALSE
"XLOC_037121","NRROS",16,0,5,0.224400062254332,0.224400062254332,0.0885666666666667,,FALSE
"XLOC_037122","PAK2",10,0,7,0.826621716730225,0.826621716730225,0.0676,,FALSE
"XLOC_037123","SENP5",9,0,2,0.0282400899425808,0.0282400899425808,0.0715333333333333,,FALSE
"XLOC_037135","FYTTD1",12,0,8,0.268962914864283,0.268962914864283,0.0916333333333333,,FALSE
"XLOC_037137","LRCH3",15,0,2,0.341743652537212,0.341743652537212,0.152733333333333,,FALSE
"XLOC_037139","RPL35A",11,0,5,0.979680337531974,0.979680337531974,0.0268333333333333,,FALSE
"XLOC_037163","CRBN",22,0,12,0.000624206109521028,0.000624206109521028,0.0989333333333334,,FALSE
"XLOC_037165","SUMF1",9,0,4,0.00114891334569044,0.00114891334569044,0.1425,,FALSE
"XLOC_037191","RAD18",11,0,4,0.139984251290848,0.139984251290848,0.0649666666666667,,FALSE
"XLOC_037192","SRGAP3",51,0,7,0.436337333091106,0.436337333091106,0.0495666666666667,,FALSE
"XLOC_037195","CAMK1",7,0,1,0.839639206607518,0.839639206607518,0.1348,,FALSE
"XLOC_037196","TADA3",7,0,1,0.869773808292523,0.869773808292523,0.0125333333333333,,FALSE
"XLOC_037198","RPUSD3",15,0,1,0.408195139321286,0.408195139321286,0.0463666666666667,,FALSE
"XLOC_037202","EMC3",18,0,10,0.98798135643707,0.98798135643707,0.0512333333333333,,FALSE
"XLOC_037209","SEC13",34,0,20,0.00271394650489162,0.00271394650489162,0.0573,,FALSE
"XLOC_037217","XLOC_037217",25,0,24,0.634448519060429,0.634448519060429,0.0827,,FALSE
"XLOC_037222","VGLL4",9,0,1,0.909385880335176,0.909385880335176,0.0306000000000001,,FALSE
"XLOC_037223","TAMM41",12,0,3,0.417326205304314,0.417326205304314,0.2058,,FALSE
"XLOC_037227","TIMP4",6,0,4,0.8709947112549,0.8709947112549,0.148433333333333,,FALSE
"XLOC_037230","XLOC_037230",7,0,7,0.973917175716937,0.973917175716937,0.118766666666667,,FALSE
"XLOC_037234","RAF1",62,0,14,0.00176226076126587,0.00176226076126587,0.0773666666666667,,FALSE
"XLOC_037238","RPL32",9,0,2,0.913030977232709,0.913030977232709,0.0137333333333333,,FALSE
"XLOC_037240","IQSEC1",8,0,0,0.936835596833472,0.936835596833472,0.0962333333333333,,FALSE
"XLOC_037242","NUP210",13,0,7,0.167631971163682,0.167631971163682,0.1541,,FALSE
"XLOC_037260","MRPS25",23,0,1,0.890516147708485,0.890516147708485,0.0745,,FALSE
"XLOC_037264","SH3BP5",20,0,12,0.846966628918081,0.846966628918081,0.0715,,FALSE
"XLOC_037266","METTL6",25,0,7,0.716503290348107,0.716503290348107,0.0807,,FALSE
"XLOC_037270","HACL1",12,0,4,0.138119212522889,0.138119212522889,0.1066,,FALSE
"XLOC_037271","ANKRD28",27,0,13,0.000534187233039429,0.000534187233039429,0.110833333333333,,FALSE
"XLOC_037274","DPH3",4,0,1,0.809785279284418,0.809785279284418,0.0302,,FALSE
"XLOC_037276","RFTN1",17,0,7,0.0156064301123849,0.0156064301123849,0.0364333333333333,,FALSE
"XLOC_037281","TBC1D5",49,0,13,0.164827220792093,0.164827220792093,0.0477333333333333,,FALSE
"XLOC_037293","SGO1",13,0,4,0.990252995352296,0.990252995352296,0.1153,,FALSE
"XLOC_037307","NKIRAS1",8,0,1,0.290009785714146,0.290009785714146,0.1241,,FALSE
"XLOC_037317","TOP2B",19,0,14,0.000209224918991462,0.000209224918991462,0.0731666666666667,,FALSE
"XLOC_037319","NGLY1",20,0,10,0.183190120016525,0.183190120016525,0.142566666666667,,FALSE
"XLOC_037326","SLC4A7",11,0,1,0.752802219225599,0.752802219225599,0.0724,,FALSE
"XLOC_037333","AZI2",18,0,9,0.647028551426597,0.647028551426597,0.0467333333333333,,FALSE
"XLOC_037353","DYNC1LI1",8,0,3,0.185618613337497,0.185618613337497,0.0578,,FALSE
"XLOC_037358","GLB1",50,0,34,0.000900896747146767,0.000900896747146767,0.1028,,FALSE
"XLOC_037363","UBP1",16,0,4,0.755949131304359,0.755949131304359,0.0814333333333333,,FALSE
"XLOC_037365","CLASP2",21,0,5,0.052030290172046,0.052030290172046,0.111966666666667,,FALSE
"XLOC_037379","TRANK1",8,0,2,0.849099780879459,0.849099780879459,0.102266666666667,,FALSE
"XLOC_037383","EPM2AIP1",7,0,4,0.246518079406165,0.246518079406165,0.1828,,FALSE
"XLOC_037385","LRRFIP2",29,0,12,0.7167487630214,0.7167487630214,0.0558,,FALSE
"XLOC_037390","ITGA9-AS1",15,0,0,0.917896308399457,0.917896308399457,0.1627,,FALSE
"XLOC_037394","ACAA1",22,0,4,0.0123710404910309,0.0123710404910309,0.0412,,FALSE
"XLOC_037405","GORASP1",50,0,3,0.00128200924806654,0.00128200924806654,0.0528666666666667,,FALSE
"XLOC_037407","XIRP1",3,0,0,0.524278895009885,0.524278895009885,0.1371,,FALSE
"XLOC_037425","ULK4",11,0,4,0.000102321172227536,0.000102321172227536,0.2838,,FALSE
"XLOC_037436","SEC22C",25,0,11,0.171424877606124,0.171424877606124,0.0351666666666667,,FALSE
"XLOC_037440","CCDC13",16,0,9,0.020040065026089,0.020040065026089,0.0368333333333333,,FALSE
"XLOC_037446","ANO10",14,0,3,0.900253997592846,0.900253997592846,0.0920333333333333,,FALSE
"XLOC_037472","FYCO1",6,0,1,0.395879622407298,0.395879622407298,0.0832666666666667,,FALSE
"XLOC_037475","CCR1",8,0,8,0.990252995352296,0.990252995352296,0.0463,,FALSE
"XLOC_037478","CCR5AS",7,0,5,0.94702042054899,0.94702042054899,0.0249333333333333,,FALSE
"XLOC_037488","CCDC12",14,0,2,0.268747016129933,0.268747016129933,0.0288,,FALSE
"XLOC_037489","SETD2",29,0,10,0.192344305093644,0.192344305093644,0.113166666666667,,FALSE
"XLOC_037490","KIF9",12,0,2,0.99777506356347,0.99777506356347,0.0504333333333333,,FALSE
"XLOC_037493","SCAP",12,0,0,0.105534472737178,0.105534472737178,0.1095,,FALSE
"XLOC_037494","ELP6",16,0,6,0.569106368056326,0.569106368056326,0.208566666666667,,FALSE
"XLOC_037497","SMARCC1",10,0,5,0.786920012223115,0.786920012223115,0.147433333333333,,FALSE
"XLOC_037506","NME6",24,0,5,0.030831559234215,0.030831559234215,0.0671333333333333,,FALSE
"XLOC_037510","CCDC51",7,0,0,0.766037789469579,0.766037789469579,0.2912,,FALSE
"XLOC_037511","SHISA5",21,0,4,0.997218785055414,0.997218785055414,0.0407333333333333,,FALSE
"XLOC_037512","PFKFB4",17,0,7,0.760004712834219,0.760004712834219,0.1045,,FALSE
"XLOC_037515","UQCRC1",20,0,11,0.197265785780459,0.197265785780459,0.0400333333333333,,FALSE
"XLOC_037517","SLC26A6",25,0,9,0.342326973519476,0.342326973519476,0.0705333333333333,,FALSE
"XLOC_037519","NCKIPSD",10,0,4,0.6491822709943,0.6491822709943,0.126866666666667,,FALSE
"XLOC_037520","IP6K2",27,0,7,0.00658892677546581,0.00658892677546581,0.0265666666666667,,FALSE
"XLOC_037521","PRKAR2A",7,0,2,0.741859200220266,0.741859200220266,0.0242666666666667,,FALSE
"XLOC_037522","SLC25A20",9,0,7,0.671776165690853,0.671776165690853,0.1731,,FALSE
"XLOC_037528","DALRD3",14,0,1,0.524998708883373,0.524998708883373,0.0869333333333333,,FALSE
"XLOC_037531","IMPDH2",33,0,7,0.69143639725616,0.69143639725616,0.0911333333333333,,FALSE
"XLOC_037532","QRICH1",18,0,9,0.780276940710711,0.780276940710711,0.0663666666666667,,FALSE
"XLOC_037533","QARS1",60,0,26,0.582955691433821,0.582955691433821,0.0848666666666667,,FALSE
"XLOC_037534","USP19",11,0,0,0.932121676207393,0.932121676207393,0.0711666666666667,,FALSE
"XLOC_037535","LAMB2",13,0,0,0.828735842964101,0.828735842964101,0.122333333333333,,FALSE
"XLOC_037540","C3orf62",48,0,32,0.113738694862957,0.113738694862957,0.0519666666666667,,FALSE
"XLOC_037542","RHOA",25,0,16,0.0817106524461279,0.0817106524461279,0.0413,,FALSE
"XLOC_037544","AMT",44,0,3,0.909127614312665,0.909127614312665,0.0743333333333334,,FALSE
"XLOC_037548","MST1",19,0,0,0.0837900798484608,0.0837900798484608,0.240833333333333,,FALSE
"XLOC_037549","AMIGO3",13,0,3,0.105600397706791,0.105600397706791,0.0499666666666667,,FALSE
"XLOC_037552","UBA7",30,0,20,0.0665062372514545,0.0665062372514545,0.0864666666666667,,FALSE
"XLOC_037553","TRAIP",8,0,0,0.89570868530609,0.89570868530609,0.0727,,FALSE
"XLOC_037562","IFRD2",32,0,7,0.890045561582989,0.890045561582989,0.0987666666666667,,FALSE
"XLOC_037564","HYAL2",9,0,0,0.937861138316201,0.937861138316201,0.0629333333333333,,FALSE
"XLOC_037565","RASSF1",9,0,1,0.567505741221549,0.567505741221549,0.2064,,FALSE
"XLOC_037567","NPRL2",21,0,3,0.874663599367324,0.874663599367324,0.150466666666667,,FALSE
"XLOC_037570","C3orf18",8,0,0,0.561895575323034,0.561895575323034,0.260133333333333,,FALSE
"XLOC_037578","DCAF1",9,0,5,0.866636328785544,0.866636328785544,0.0786333333333333,,FALSE
"XLOC_037588","PCBP4",20,0,1,0.69295589670626,0.69295589670626,0.0103666666666666,,FALSE
"XLOC_037589","RPL29",11,0,3,0.574009774194588,0.574009774194588,0.0104666666666666,,FALSE
"XLOC_037591","POC1A",8,0,6,0.886986093974939,0.886986093974939,0.238166666666667,,FALSE
"XLOC_037594","TLR9",20,0,1,0.137313122207233,0.137313122207233,0.00616666666666667,,FALSE
"XLOC_037595","WDR82",6,0,2,0.880744858413596,0.880744858413596,0.105,,FALSE
"XLOC_037599","BAP1",15,0,5,0.262580225872524,0.262580225872524,0.0173,,FALSE
"XLOC_037602","NT5DC2",15,0,4,0.0170910313770549,0.0170910313770549,0.114033333333333,,FALSE
"XLOC_037603","PBRM1",18,0,3,0.617506084274039,0.617506084274039,0.1174,,FALSE
"XLOC_037605","GLT8D1",17,0,7,0.262403325904502,0.262403325904502,0.150066666666667,,FALSE
"XLOC_037607","ITIH4",27,0,2,0.0064842977917637,0.0064842977917637,0.1094,,FALSE
"XLOC_037610","SFMBT1",26,0,14,0.533271001521324,0.533271001521324,0.125366666666667,,FALSE
"XLOC_037612","TKT",23,0,11,0.0359118359395449,0.0359118359395449,0.0624,,FALSE
"XLOC_037613","DCP1A",8,0,3,0.121729196764599,0.121729196764599,0.1944,,FALSE
"XLOC_037621","ACTR8",14,0,10,0.507485848908624,0.507485848908624,0.108366666666667,,FALSE
"XLOC_037631","WNT5A",6,0,0,0.864559088380593,0.864559088380593,0.0823,,FALSE
"XLOC_037638","ARHGEF3",19,0,10,0.000277367270762603,0.000277367270762603,0.0940333333333333,,FALSE
"XLOC_037647","ARF4",24,0,16,0.259003568863748,0.259003568863748,0.0401,,FALSE
"XLOC_037653","PDHB",11,0,3,0.768624982163804,0.768624982163804,0.0243333333333333,,FALSE
"XLOC_037684","PSMD6",14,0,3,0.627109161058397,0.627109161058397,0.0927666666666667,,FALSE
"XLOC_037694","LRIG1",4,0,2,0.865184617269651,0.865184617269651,0.146033333333333,,FALSE
"XLOC_037698","SUCLG2",8,0,5,0.924384929944842,0.924384929944842,0.0146666666666667,,FALSE
"XLOC_037701","EOGT",12,0,5,0.00352679192127505,0.00352679192127505,0.117333333333333,,FALSE
"XLOC_037702","TMF1",8,0,1,0.592425113942315,0.592425113942315,0.1308,,FALSE
"XLOC_037704","UBA3",16,0,6,0.012562919139354,0.012562919139354,0.0329666666666667,,FALSE
"XLOC_037706","FRMD4B",23,0,9,0.87815956466763,0.87815956466763,0.0429,,FALSE
"XLOC_037713","FOXP1",41,0,4,0.204437194845569,0.204437194845569,0.0386333333333333,,FALSE
"XLOC_037716","PROK2",3,0,1,0.997218785055414,0.997218785055414,0.01305,,FALSE
"XLOC_037717","LINC00877",16,0,3,0.970817958013182,0.970817958013182,0.131266666666667,,FALSE
"XLOC_037722","RYBP",4,0,0,0.843344484127383,0.843344484127383,0.0494,,FALSE
"XLOC_037725","SHQ1",5,0,2,0.291716820879593,0.291716820879593,0.2056,,FALSE
"XLOC_037743","FAM86DP",17,0,2,0.65669914683632,0.65669914683632,0.0844,,FALSE
"XLOC_037765","GBE1",6,0,1,0.297559504146498,0.297559504146498,0.0322,,FALSE
"XLOC_037792","PROS1",9,0,3,0.920063662688202,0.920063662688202,0.0576666666666667,,FALSE
"XLOC_037808","RIOX2",11,0,3,0.47561219011687,0.47561219011687,0.1132,,FALSE
"XLOC_037812","CLDND1",36,0,14,0.00970262544896652,0.00970262544896652,0.0491333333333334,,FALSE
"XLOC_037815","ST3GAL6-AS1",17,0,2,0.00127968648457023,0.00127968648457023,0.136566666666667,,FALSE
"XLOC_037820","XLOC_037820",5,0,3,0.111384547137244,0.111384547137244,0.2059,,FALSE
"XLOC_037826","TOMM70",7,0,4,0.732430239437666,0.732430239437666,0.0470333333333333,,FALSE
"XLOC_037831","SENP7",9,0,2,0.350917982151953,0.350917982151953,0.208666666666667,,FALSE
"XLOC_037845","CBLB",35,0,18,0.021235443272817,0.021235443272817,0.0904333333333333,,FALSE
"XLOC_037864","CD47",9,0,3,0.432738613624503,0.432738613624503,0.0113,,FALSE
"XLOC_037865","IFT57",5,0,0,0.900262985610363,0.900262985610363,0.1755,,FALSE
"XLOC_037901","ATG3",11,0,2,0.60340979661209,0.60340979661209,0.0724,,FALSE
"XLOC_037908","NEPRO",23,0,4,0.305245316258062,0.305245316258062,0.0786333333333334,,FALSE
"XLOC_037913","CFAP44",15,0,2,0.0720964342159236,0.0720964342159236,0.241266666666667,,FALSE
"XLOC_037917","NAA50",12,0,7,0.677693943720193,0.677693943720193,0.012,,FALSE
"XLOC_037941","B4GALT4",21,0,4,0.000170674806332937,0.000170674806332937,0.188166666666667,,FALSE
"XLOC_037944","TMEM39A",27,0,16,0.797419645511279,0.797419645511279,0.0691,,FALSE
"XLOC_037946","CD80",10,0,9,0.328616860510203,0.328616860510203,0.0720666666666667,,FALSE
"XLOC_037950","POPDC2",19,0,7,0.081672464347164,0.081672464347164,0.0614666666666667,,FALSE
"XLOC_037953","GSK3B",29,0,0,0.477750722449727,0.477750722449727,0.0517,,FALSE
"XLOC_037963","RABL3",8,0,4,0.518509157456656,0.518509157456656,0.114933333333333,,FALSE
"XLOC_037969","HCLS1",38,0,28,0.00542871671677427,0.00542871671677427,0.0191666666666667,,FALSE
"XLOC_037972","GOLGB1",41,0,5,0.483570481125694,0.483570481125694,0.108466666666667,,FALSE
"XLOC_037973","IQCB1",14,0,9,0.00784135204350735,0.00784135204350735,0.1014,,FALSE
"XLOC_037977","MIX23",7,0,0,0.627310155486385,0.627310155486385,0.127366666666667,,FALSE
"XLOC_037980","KPNA1",14,0,9,0.166837156359747,0.166837156359747,0.0503666666666667,,FALSE
"XLOC_037981","PARP9",27,0,22,9.73824902952096e-06,9.73824902952096e-06,0.1725,,FALSE
"XLOC_037982","HSPBAP1",7,0,2,0.344942707527929,0.344942707527929,0.1581,,FALSE
"XLOC_037985","HACD2",6,0,1,0.767462040941665,0.767462040941665,0.00940000000000007,,FALSE
"XLOC_037986","MYLK",23,0,7,0.397568916884628,0.397568916884628,0.158233333333333,,FALSE
"XLOC_037987","CCDC14",26,0,10,0.310289674850601,0.310289674850601,0.126866666666667,,FALSE
"XLOC_037992","ITGB5",16,0,6,0.709004432542591,0.709004432542591,0.0413,,FALSE
"XLOC_037998","SLC12A8",19,0,13,0.0777975894595014,0.0777975894595014,0.0911666666666667,,FALSE
"XLOC_038002","SNX4",10,0,6,0.869773808292523,0.869773808292523,0.0348666666666667,,FALSE
"XLOC_038022","TXNRD3",3,0,0,0.952223607925829,0.952223607925829,0.1952,,FALSE
"XLOC_038033","TPRA1",14,0,3,0.587703561766392,0.587703561766392,0.0526,,FALSE
"XLOC_038037","MGLL",17,0,5,0.786674236963885,0.786674236963885,0.0650666666666667,,FALSE
"XLOC_038038","RUVBL1",12,0,5,0.793250505985764,0.793250505985764,0.0439666666666667,,FALSE
"XLOC_038045","RPN1",17,0,10,0.879794049259658,0.879794049259658,0.0386666666666667,,FALSE
"XLOC_038057","RAB43",17,0,6,0.686176290295651,0.686176290295651,0.186933333333333,,FALSE
"XLOC_038059","CNBP",21,0,14,0.582010758746234,0.582010758746234,0.0309,,FALSE
"XLOC_038064","RPL32P3",9,0,1,0.802151828647872,0.802151828647872,0.1522,,FALSE
"XLOC_038067","MBD4",14,0,5,6.74086794597034e-07,6.74086794597034e-07,0.0904666666666667,,FALSE
"XLOC_038069","PLXND1",15,0,0,0.130963466257109,0.130963466257109,0.0424,,FALSE
"XLOC_038071","TMCC1",15,0,4,0.622691794797519,0.622691794797519,0.0538,,FALSE
"XLOC_038093","MRPL3",15,0,10,0.365676325414231,0.365676325414231,0.0249333333333334,,FALSE
"XLOC_038100","ACAD11",27,0,5,0.0639511305790836,0.0639511305790836,0.0594333333333333,,FALSE
"XLOC_038106","TOPBP1",17,0,8,0.498831994484345,0.498831994484345,0.128033333333333,,FALSE
"XLOC_038113","RYK",10,0,2,0.90543263931293,0.90543263931293,0.0483333333333333,,FALSE
"XLOC_038116","ANAPC13",6,0,2,0.254105406088941,0.254105406088941,0.0286,,FALSE
"XLOC_038128","STAG1",13,0,5,0.07910642867212,0.07910642867212,0.0733,,FALSE
"XLOC_038132","NCK1-DT",15,0,7,0.853947854311984,0.853947854311984,0.182733333333333,,FALSE
"XLOC_038138","DZIP1L",8,0,0,0.346514378307744,0.346514378307744,0.228233333333333,,FALSE
"XLOC_038142","DBR1",5,0,3,0.336174083853238,0.336174083853238,0.105033333333333,,FALSE
"XLOC_038144","CEP70",22,0,11,0.00419758055839493,0.00419758055839493,0.1144,,FALSE
"XLOC_038146","PIK3CB",19,0,7,4.68010733607392e-05,4.68010733607392e-05,0.0698,,FALSE
"XLOC_038156","COPB2",31,0,18,0.546460112740184,0.546460112740184,0.0985333333333333,,FALSE
"XLOC_038183","TFDP2",17,0,2,0.932124437198435,0.932124437198435,0.0960333333333333,,FALSE
"XLOC_038185","GK5",12,0,0,0.270106978710272,0.270106978710272,0.156333333333333,,FALSE
"XLOC_038186","XRN1",13,0,2,0.0154145798501203,0.0154145798501203,0.0971666666666667,,FALSE
"XLOC_038189","ATR",25,0,5,0.225170226133956,0.225170226133956,0.0656,,FALSE
"XLOC_038193","PCOLCE2",11,0,2,0.703046023144081,0.703046023144081,0.1143,,FALSE
"XLOC_038197","SLC9A9",9,1,6,4.26255872095803e-05,4.26255872095803e-05,0.180466666666667,0.180466666666667,TRUE
"XLOC_038213","PLSCR1",41,0,28,2.69484905288229e-05,2.69484905288229e-05,0.0685000000000001,,FALSE
"XLOC_038237","TM4SF1",5,0,2,0.714940667722983,0.714940667722983,0.0096,,FALSE
"XLOC_038245","COMMD2",9,0,5,0.0731178874697527,0.0731178874697527,0.1297,,FALSE
"XLOC_038255","SERP1",8,0,1,0.00400556767425458,0.00400556767425458,0.130166666666667,,FALSE
"XLOC_038260","SIAH2",4,0,1,0.736295834482186,0.736295834482186,0.114733333333333,,FALSE
"XLOC_038285","DHX36",20,0,8,0.728791963093493,0.728791963093493,0.0468,,FALSE
"XLOC_038302","C3orf33",21,0,6,0.00034203883339748,0.00034203883339748,0.0555333333333333,,FALSE
"XLOC_038309","SSR3",9,0,4,0.0124016123452035,0.0124016123452035,0.0593333333333333,,FALSE
"XLOC_038317","CCNL1",36,0,16,6.5529342469158e-06,6.5529342469158e-06,0.0522,,FALSE
"XLOC_038327","SHOX2",5,0,0,0.991230033961786,0.991230033961786,0.103166666666667,,FALSE
"XLOC_038335","RARRES1",5,0,1,0.490476522172779,0.490476522172779,0.311966666666667,,FALSE
"XLOC_038344","IFT80",26,0,2,0.788579007219764,0.788579007219764,0.0714333333333333,,FALSE
"XLOC_038346","KPNA4",17,0,8,0.245926293106427,0.245926293106427,0.0850333333333333,,FALSE
"XLOC_038378","PDCD10",22,0,10,0.0677327439193133,0.0677327439193133,0.0497333333333333,,FALSE
"XLOC_038398","PHC3",23,0,11,0.234536226920934,0.234536226920934,0.0835333333333333,,FALSE
"XLOC_038403","RPL22L1",4,0,0,0.000176519671919635,0.000176519671919635,0.0475333333333333,,FALSE
"XLOC_038404","EIF5A2",5,0,0,0.541569527147756,0.541569527147756,0.237966666666667,,FALSE
"XLOC_038408","TNIK",11,0,1,0.00129763352958849,0.00129763352958849,0.0541333333333333,,FALSE
"XLOC_038411","PLD1",19,0,7,0.462102361589374,0.462102361589374,0.0415333333333333,,FALSE
"XLOC_038417","TNFSF10",14,0,10,0.432999371150889,0.432999371150889,0.255166666666667,,FALSE
"XLOC_038420","NCEH1",11,0,7,0.9006464467297,0.9006464467297,0.0809666666666666,,FALSE
"XLOC_038444","TBL1XR1",21,0,5,0.0463433458126763,0.0463433458126763,0.0914333333333333,,FALSE
"XLOC_038464","GNB4",10,0,3,0.945181193030514,0.945181193030514,0.0105333333333333,,FALSE
"XLOC_038479","DNAJC19",11,0,0,0.787051915881291,0.787051915881291,0.0856333333333333,,FALSE
"XLOC_038497","DCUN1D1",5,0,2,0.936357558906574,0.936357558906574,0.0396666666666667,,FALSE
"XLOC_038499","MCCC1",15,0,6,1.24289868052633e-06,1.24289868052633e-06,0.0887333333333333,,FALSE
"XLOC_038500","LAMP3",18,0,15,0.638359041529957,0.638359041529957,0.0759333333333334,,FALSE
"XLOC_038506","MAP6D1",18,0,4,0.846038335498973,0.846038335498973,0.0772333333333333,,FALSE
"XLOC_038508","ABCC5",11,0,4,0.903149330277011,0.903149330277011,0.0501,,FALSE
"XLOC_038514","ALG3",13,0,3,0.850515615475369,0.850515615475369,0.0873333333333333,,FALSE
"XLOC_038527","TMEM41A",5,0,0,0.907403163331017,0.907403163331017,0.0293,,FALSE
"XLOC_038529","IGF2BP2",8,0,1,0.862565112480338,0.862565112480338,0.0940333333333333,,FALSE
"XLOC_038531","TRA2B",17,0,7,0.913030977232709,0.913030977232709,0.0535666666666667,,FALSE
"XLOC_038532","ETV5",15,0,3,0.856420216096739,0.856420216096739,0.119966666666667,,FALSE
"XLOC_038536","CRYGS",15,0,9,0.120438484802293,0.120438484802293,0.0564333333333333,,FALSE
"XLOC_038541","RFC4",17,0,8,0.654519562926056,0.654519562926056,0.0846666666666666,,FALSE
"XLOC_038545","RPL39L",2,0,0,0.812017311674181,0.812017311674181,0.0966666666666667,,FALSE
"XLOC_038550","BCL6",11,0,1,0.0146779203473449,0.0146779203473449,0.0851333333333333,,FALSE
"XLOC_038559","LPP-AS1",10,0,9,0.729820272027509,0.729820272027509,0.1081,,FALSE
"XLOC_038597","ATP13A3",25,0,9,2.01897200220256e-13,2.01897200220256e-13,0.0791,,FALSE
"XLOC_038602","TMEM44",13,0,0,0.796790396361089,0.796790396361089,0.0798333333333333,,FALSE
"XLOC_038604","LSG1",12,1,7,6.86293440312666e-05,6.86293440312666e-05,0.1917,0.1917,TRUE
"XLOC_038607","XXYLT1",3,0,0,0.673753598274898,0.673753598274898,0.0303666666666667,,FALSE
"XLOC_038610","ACAP2",14,0,2,0.855914582644881,0.855914582644881,0.0464666666666668,,FALSE
"XLOC_038612","PPP1R2",11,0,6,0.898483398394276,0.898483398394276,0.048,,FALSE
"XLOC_038620","TNK2",21,0,0,0.00148907030863617,0.00148907030863617,0.137066666666667,,FALSE
"XLOC_038625","TFRC",51,0,37,0.649861160961936,0.649861160961936,0.0729333333333333,,FALSE
"XLOC_038628","PCYT1A",70,0,48,0.0556501746248426,0.0556501746248426,0.0451,,FALSE
"XLOC_038631","UBXN7",7,0,5,0.618460342962364,0.618460342962364,0.130833333333333,,FALSE
"XLOC_038638","WDR53",11,0,7,0.794315105257657,0.794315105257657,0.0949666666666667,,FALSE
"XLOC_038647","NCBP2",18,0,13,1.57661662564068e-14,1.57661662564068e-14,0.147133333333333,,FALSE
"XLOC_038650","DLG1",45,0,6,0.115210110583196,0.115210110583196,0.087,,FALSE
"XLOC_038657","BDH1",15,0,1,0.562014834663842,0.562014834663842,0.1145,,FALSE
"XLOC_038658","SDHAP4",15,0,4,0.34524792672321,0.34524792672321,0.176766666666667,,FALSE
"XLOC_038662","RUBCN",12,0,2,0.0677813339116106,0.0677813339116106,0.0682333333333333,,FALSE
"XLOC_038665","IQCG",13,0,4,0.33595307929055,0.33595307929055,0.118233333333333,,FALSE
"XLOC_038672","ZNF595",6,0,1,0.528900389359282,0.528900389359282,0.1234,,FALSE
"XLOC_038681","PIGG",33,0,11,0.0490261392316119,0.0490261392316119,0.0871333333333333,,FALSE
"XLOC_038683","PDE6B",5,0,1,0.0730412982090193,0.0730412982090193,0.1769,,FALSE
"XLOC_038684","MYL5",9,0,1,0.901652043201919,0.901652043201919,0.220866666666667,,FALSE
"XLOC_038685","PCGF3",10,0,1,0.01727405269245,0.01727405269245,0.134633333333333,,FALSE
"XLOC_038686","TMEM175",20,0,0,0.159725903454623,0.159725903454623,0.114133333333333,,FALSE
"XLOC_038687","IDUA",11,0,0,0.954214913303788,0.954214913303788,0.0481333333333333,,FALSE
"XLOC_038695","CTBP1-DT",7,0,1,0.426293074470256,0.426293074470256,0.0718333333333334,,FALSE
"XLOC_038696","MAEA",19,0,1,0.840917579764354,0.840917579764354,0.0320333333333333,,FALSE
"XLOC_038697","UVSSA",11,0,0,0.287811070419161,0.287811070419161,0.0869333333333333,,FALSE
"XLOC_038701","TACC3",17,0,2,0.699823732880122,0.699823732880122,0.1427,,FALSE
"XLOC_038703","NSD2",28,0,3,0.689036277818036,0.689036277818036,0.107466666666667,,FALSE
"XLOC_038710","CFAP99",34,0,8,0.518065522289188,0.518065522289188,0.0186333333333333,,FALSE
"XLOC_038712","SH3BP2",24,0,0,0.506548141722772,0.506548141722772,0.0546333333333333,,FALSE
"XLOC_038713","ADD1",23,0,0,0.00820593823667159,0.00820593823667159,0.0121666666666667,,FALSE
"XLOC_038717","HTT",19,0,2,0.329052301880407,0.329052301880407,0.109866666666667,,FALSE
"XLOC_038722","RGS12",21,0,1,0.767374108724773,0.767374108724773,0.0678666666666667,,FALSE
"XLOC_038735","ZBTB49",6,0,2,0.650360904313886,0.650360904313886,0.112366666666667,,FALSE
"XLOC_038739","STX18-AS1",21,0,3,0.707243325467574,0.707243325467574,0.233,,FALSE
"XLOC_038745","EVC",6,0,2,0.846605004167892,0.846605004167892,0.0796000000000001,,FALSE
"XLOC_038751","WFS1",13,0,0,0.0259560463316874,0.0259560463316874,0.209533333333333,,FALSE
"XLOC_038759","KIAA0232",8,0,4,0.926941707163422,0.926941707163422,0.0754333333333333,,FALSE
"XLOC_038760","TBC1D14",8,0,1,0.628857429823074,0.628857429823074,0.303,,FALSE
"XLOC_038763","TADA2B",5,0,2,0.0111355858526013,0.0111355858526013,0.142,,FALSE
"XLOC_038773","SH3TC1",23,0,2,0.627746295262837,0.627746295262837,0.0902,,FALSE
"XLOC_038777","TRMT44",7,0,0,0.515745911437807,0.515745911437807,0.058,,FALSE
"XLOC_038858","CPEB2",10,0,2,0.088295018756985,0.088295018756985,0.0402,,FALSE
"XLOC_038861","FAM200B",27,0,12,0.0070986778055651,0.0070986778055651,0.0497,,FALSE
"XLOC_038863","CD38",5,0,1,0.974936067664205,0.974936067664205,0.197066666666667,,FALSE
"XLOC_038870","LAP3",30,0,24,0.584728145723449,0.584728145723449,0.0273333333333333,,FALSE
"XLOC_038871","MED28",8,0,5,0.517506096707381,0.517506096707381,0.0589000000000001,,FALSE
"XLOC_038872","NCAPG",17,0,12,0.548599989465005,0.548599989465005,0.225866666666667,,FALSE
"XLOC_038881","PACRGL",23,0,2,0.307568398302184,0.307568398302184,0.0849333333333333,,FALSE
"XLOC_038898","SEPSECS-AS1",11,0,7,0.366137049333669,0.366137049333669,0.1075,,FALSE
"XLOC_038901","ZCCHC4",5,0,2,0.42282640534638,0.42282640534638,0.2054,,FALSE
"XLOC_038910","SMIM20",4,0,1,0.271527922906686,0.271527922906686,0.0277333333333333,,FALSE
"XLOC_038913","RBPJ",40,0,4,0.326102746532506,0.326102746532506,0.0541,,FALSE
"XLOC_038916","STIM2",12,0,3,0.0394019457553877,0.0394019457553877,0.198566666666667,,FALSE
"XLOC_038956","PGM2",13,0,9,0.522410511382905,0.522410511382905,0.1336,,FALSE
"XLOC_038958","TBC1D1",24,0,7,0.00130277744403478,0.00130277744403478,0.0328333333333333,,FALSE
"XLOC_038966","FAM114A1",14,0,9,0.00784135204350735,0.00784135204350735,0.167733333333333,,FALSE
"XLOC_038968","KLHL5",9,0,2,0.77772598650774,0.77772598650774,0.0557333333333333,,FALSE
"XLOC_038975","LIAS",16,0,1,0.88810788505925,0.88810788505925,0.180166666666667,,FALSE
"XLOC_038977","UGDH-AS1",2,0,0,0.916364673753762,0.916364673753762,0.1444,,FALSE
"XLOC_038987","N4BP2",9,0,5,0.0115065510127646,0.0115065510127646,0.0785333333333333,,FALSE
"XLOC_038992","RHOH",12,0,4,0.894243528381701,0.894243528381701,0.195066666666667,,FALSE
"XLOC_039005","UCHL1",10,0,0,0.0630066455042849,0.0630066455042849,0.028,,FALSE
"XLOC_039011","TMEM33",12,0,5,0.844685578986975,0.844685578986975,0.0294666666666667,,FALSE
"XLOC_039013","SLC30A9",11,0,8,0.788740548338064,0.788740548338064,0.0686333333333333,,FALSE
"XLOC_039031","GUF1",8,0,4,0.489217402261026,0.489217402261026,0.1097,,FALSE
"XLOC_039041","ATP10D",11,0,5,0.426270950361883,0.426270950361883,0.148466666666667,,FALSE
"XLOC_039047","SLAIN2",8,0,4,0.965542362006125,0.965542362006125,0.0714,,FALSE
"XLOC_039050","OCIAD1",42,0,20,0.00107643400986604,0.00107643400986604,0.0242,,FALSE
"XLOC_039060","DCUN1D4",18,0,4,0.412172473236078,0.412172473236078,0.267233333333333,,FALSE
"XLOC_039063","SPATA18",9,0,0,0.337929166455104,0.337929166455104,0.3493,,FALSE
"XLOC_039067","DANCR",15,0,1,0.81407159993967,0.81407159993967,0.215966666666667,,FALSE
"XLOC_039071","FIP1L1",31,0,15,0.121150874170761,0.121150874170761,0.1151,,FALSE
"XLOC_039093","SRD5A3",15,0,3,0.88810788505925,0.88810788505925,0.0351666666666666,,FALSE
"XLOC_039094","TMEM165",14,0,2,0.0512228800204821,0.0512228800204821,0.0649666666666667,,FALSE
"XLOC_039099","EXOC1",14,0,8,0.913285123864202,0.913285123864202,0.0660333333333333,,FALSE
"XLOC_039109","SRP72",20,0,13,0.000359535028657064,0.000359535028657064,0.0894666666666667,,FALSE
"XLOC_039116","REST",8,0,0,0.930224159886062,0.930224159886062,0.113433333333333,,FALSE
"XLOC_039118","POLR2B",23,0,13,0.0171250836442297,0.0171250836442297,0.0305666666666667,,FALSE
"XLOC_039167","UBA6-DT",10,0,1,0.202404434472123,0.202404434472123,0.130266666666667,,FALSE
"XLOC_039215","RUFY3",18,0,5,0.19056668685635,0.19056668685635,0.0865666666666667,,FALSE
"XLOC_039217","MOB1B",10,0,2,0.855274519472264,0.855274519472264,0.0351,,FALSE
"XLOC_039233","CXCL8",17,0,15,0.00177175054667415,0.00177175054667415,0.0259999999999999,,FALSE
"XLOC_039234","CXCL6",3,0,2,0.45818322094875,0.45818322094875,0.0350666666666667,,FALSE
"XLOC_039236","CXCL1",5,0,5,0.705899742126659,0.705899742126659,0.0563000000000001,,FALSE
"XLOC_039241","MTHFD2L",13,0,5,0.978855871078231,0.978855871078231,0.0749,,FALSE
"XLOC_039243","EREG",3,0,0,0.899627652894745,0.899627652894745,0.0205,,FALSE
"XLOC_039247","PARM1",5,0,3,0.530232976139124,0.530232976139124,0.183066666666667,,FALSE
"XLOC_039252","THAP6",13,0,7,0.835672028010037,0.835672028010037,0.123366666666667,,FALSE
"XLOC_039254","USO1",16,0,12,0.0760934498922856,0.0760934498922856,0.0768666666666667,,FALSE
"XLOC_039259","FAM47E",10,0,1,0.631249872371004,0.631249872371004,0.0315,,FALSE
"XLOC_039267","SEPTIN11",16,0,6,0.927139277834973,0.927139277834973,0.0549333333333333,,FALSE
"XLOC_039280","LINC01094",16,0,1,0.866597158292662,0.866597158292662,0.0751,,FALSE
"XLOC_039306","ENOPH1",9,0,7,7.84662891474891e-05,7.84662891474891e-05,0.0416,,FALSE
"XLOC_039313","COPS4",13,0,8,6.06677933567072e-07,6.06677933567072e-07,0.0750666666666667,,FALSE
"XLOC_039317","MRPS18C",9,0,1,5.07189976322931e-05,5.07189976322931e-05,0.0982333333333333,,FALSE
"XLOC_039320","GPAT3",21,0,15,0.0521556621490033,0.0521556621490033,0.0425,,FALSE
"XLOC_039329","ARHGAP24",8,0,2,0.961052653632672,0.961052653632672,0.205033333333333,,FALSE
"XLOC_039345","SPP1",86,0,79,5.82944315157797e-08,5.82944315157797e-08,0.021,,FALSE
"XLOC_039347","PKD2",8,0,2,0.094354714921023,0.094354714921023,0.144633333333333,,FALSE
"XLOC_039352","HERC6",17,0,10,0.0146463592615541,0.0146463592615541,0.0744,,FALSE
"XLOC_039353","HERC5",10,0,6,0.11182843315808,0.11182843315808,0.1209,,FALSE
"XLOC_039354","HERC3",14,0,9,0.473301974785913,0.473301974785913,0.0954666666666667,,FALSE
"XLOC_039377","SMARCAD1",14,0,8,0.984372616019739,0.984372616019739,0.167166666666667,,FALSE
"XLOC_039380","PDLIM5",20,0,8,0.00378183172357127,0.00378183172357127,0.0849666666666667,,FALSE
"XLOC_039393","RAP1GDS1",30,0,15,0.0309971079677076,0.0309971079677076,0.0261,,FALSE
"XLOC_039401","METAP1",15,0,6,0.129270904681565,0.129270904681565,0.128433333333333,,FALSE
"XLOC_039406","DAPP1",14,0,12,0.071580476851293,0.071580476851293,0.0541333333333333,,FALSE
"XLOC_039412","FLJ20021",3,0,0,0.261194207452109,0.261194207452109,0.0952333333333333,,FALSE
"XLOC_039417","NFKB1",26,0,15,0.0788143382625795,0.0788143382625795,0.0686333333333333,,FALSE
"XLOC_039423","CISD2",6,0,2,0.408195139321286,0.408195139321286,0.0922000000000001,,FALSE
"XLOC_039438","TET2",10,0,2,0.672031105619573,0.672031105619573,0.0067,,FALSE
"XLOC_039445","GSTCD",6,0,1,0.0959802844501057,0.0959802844501057,0.125433333333333,,FALSE
"XLOC_039447","AIMP1",16,0,3,0.0976841171536361,0.0976841171536361,0.0366666666666667,,FALSE
"XLOC_039452","SGMS2",9,0,2,0.120610517842794,0.120610517842794,0.0792666666666667,,FALSE
"XLOC_039455","HADH",15,0,5,0.971102348255662,0.971102348255662,0.0759666666666667,,FALSE
"XLOC_039458","RPL34",9,0,4,0.99599592947764,0.99599592947764,0.0375333333333333,,FALSE
"XLOC_039459","OSTC",9,0,7,0.519207634272246,0.519207634272246,0.0286,,FALSE
"XLOC_039463","SEC24B",14,0,11,0.0995561001568503,0.0995561001568503,0.0948333333333333,,FALSE
"XLOC_039466","MCUB",5,0,0,0.458458822715083,0.458458822715083,0.0619666666666666,,FALSE
"XLOC_039495","ALPK1",27,0,11,0.0276805549599619,0.0276805549599619,0.0336666666666667,,FALSE
"XLOC_039500","LARP7",40,0,12,0.120530449194233,0.120530449194233,0.0702333333333333,,FALSE
"XLOC_039503","ANK2",33,0,4,0.800272996867487,0.800272996867487,0.131933333333333,,FALSE
"XLOC_039531","SNHG8",15,0,1,4.92231877851665e-05,4.92231877851665e-05,0.1548,,FALSE
"XLOC_039539","USP53",8,0,1,0.692402002646566,0.692402002646566,0.1405,,FALSE
"XLOC_039543","SEPTIN7P14",19,0,0,0.898179545218969,0.898179545218969,0.0966666666666667,,FALSE
"XLOC_039557","EXOSC9",22,0,12,0.391424851331918,0.391424851331918,0.127,,FALSE
"XLOC_039560","KIAA1109",36,0,4,0.505081984413453,0.505081984413453,0.0647,,FALSE
"XLOC_039568","SPRY1",6,0,1,0.976557411325462,0.976557411325462,0.2164,,FALSE
"XLOC_039569","LINC01091",27,0,8,0.233646915351441,0.233646915351441,0.0902666666666667,,FALSE
"XLOC_039584","PLK4",10,0,6,0.118442649416977,0.118442649416977,0.114833333333333,,FALSE
"XLOC_039587","LARP1B",21,0,10,0.749804014394886,0.749804014394886,0.0691,,FALSE
"XLOC_039592","JADE1",12,0,2,0.613012105933594,0.613012105933594,0.162833333333333,,FALSE
"XLOC_039595","C4orf33",7,0,2,0.448318430497259,0.448318430497259,0.138,,FALSE
"XLOC_039634","NOCT",5,1,2,2.24398753836272e-06,2.24398753836272e-06,0.1772,0.1772,FALSE
"XLOC_039641","NAA15",11,0,4,0.0143086910552903,0.0143086910552903,0.0633,,FALSE
"XLOC_039643","RAB33B",3,0,0,0.98354816604767,0.98354816604767,0.112266666666667,,FALSE
"XLOC_039652","ELMOD2",8,0,0,0.302137041376225,0.302137041376225,0.0833333333333333,,FALSE
"XLOC_039656","ZNF330",9,0,3,0.313913411000769,0.313913411000769,0.0399333333333333,,FALSE
"XLOC_039659","IL15",13,0,6,0.199045859144192,0.199045859144192,0.1112,,FALSE
"XLOC_039664","USP38",9,0,1,0.664248103575839,0.664248103575839,0.124566666666667,,FALSE
"XLOC_039667","GAB1",12,0,0,0.677195955203642,0.677195955203642,0.173066666666667,,FALSE
"XLOC_039670","SMARCA5",12,0,9,0.0381769297510067,0.0381769297510067,0.032,,FALSE
"XLOC_039680","ABCE1",23,0,17,0.0197402092084843,0.0197402092084843,0.0834333333333333,,FALSE
"XLOC_039685","MMAA",12,0,3,0.081016123692729,0.081016123692729,0.1232,,FALSE
"XLOC_039706","TMEM184C",13,0,10,0.846504381866411,0.846504381866411,0.0637666666666667,,FALSE
"XLOC_039727","RPS3A",17,0,10,0.277387474227359,0.277387474227359,0.0363,,FALSE
"XLOC_039745","ARFIP1",22,0,15,0.0740319588004539,0.0740319588004539,0.0695666666666667,,FALSE
"XLOC_039749","TRIM2",15,0,0,0.916736667971924,0.916736667971924,0.2493,,FALSE
"XLOC_039751","XLOC_039751",2,0,0,0.851219588538504,0.851219588538504,0.0565666666666667,,FALSE
"XLOC_039753","TLR2",28,0,23,0.257799427486267,0.257799427486267,0.0504333333333333,,FALSE
"XLOC_039776","TDO2",11,0,6,0.913700156755084,0.913700156755084,0.159433333333333,,FALSE
"XLOC_039793","GASK1B-AS1",26,0,7,0.00285292787628194,0.00285292787628194,0.0616666666666667,,FALSE
"XLOC_039800","ETFDH",32,0,4,3.39188923727881e-07,3.39188923727881e-07,0.102266666666667,,FALSE
"XLOC_039801","FNIP2",13,0,7,0.228978041290801,0.228978041290801,0.0974,,FALSE
"XLOC_039804","RAPGEF2",23,0,10,0.630462981424556,0.630462981424556,0.0671666666666667,,FALSE
"XLOC_039818","TMA16",9,1,5,0.0403943314205533,0.0403943314205533,0.1999,0.1999,FALSE
"XLOC_039838","KLHL2",16,0,9,0.553413279698024,0.553413279698024,0.0971333333333333,,FALSE
"XLOC_039840","MSMO1",13,0,10,0.623866532210296,0.623866532210296,0.0865666666666667,,FALSE
"XLOC_039850","PALLD",13,0,2,0.540747551805256,0.540747551805256,0.0534666666666667,,FALSE
"XLOC_039859","CLCN3",18,0,10,0.272179568812099,0.272179568812099,0.0791666666666667,,FALSE
"XLOC_039876","GALNT7",15,0,10,1.22426879722101e-05,1.22426879722101e-05,0.147966666666667,,FALSE
"XLOC_039885","CEP44",10,0,2,0.0295452215246064,0.0295452215246064,0.263466666666667,,FALSE
"XLOC_039898","SPCS3",4,0,0,0.663710181539742,0.663710181539742,0.0256999999999999,,FALSE
"XLOC_039920","WWC2",11,0,3,0.88810788505925,0.88810788505925,0.1471,,FALSE
"XLOC_039922","CDKN2AIP",5,0,2,0.102567410291079,0.102567410291079,0.164266666666667,,FALSE
"XLOC_039926","TRAPPC11",19,0,9,0.898813249608922,0.898813249608922,0.0851666666666667,,FALSE
"XLOC_039937","IRF2-DT",3,0,0,0.959585313572674,0.959585313572674,0.0293000000000001,,FALSE
"XLOC_039938","PRIMPOL",12,0,6,0.291033718612518,0.291033718612518,0.146366666666667,,FALSE
"XLOC_039947","SNX25",7,0,2,0.186521160016435,0.186521160016435,0.268866666666667,,FALSE
"XLOC_039949","ANKRD37",6,0,0,0.710362957271047,0.710362957271047,0.0484666666666667,,FALSE
"XLOC_039986","FRG1",8,0,3,0.897565030419817,0.897565030419817,0.0933333333333333,,FALSE
"XLOC_040013","ABCA11P",14,0,6,0.893797928580467,0.893797928580467,0.0224,,FALSE
"XLOC_040017","ATP5ME",5,0,1,0.340162042163829,0.340162042163829,0.0223,,FALSE
"XLOC_040018","SLC49A3",9,0,0,0.913030977232709,0.913030977232709,0.0391333333333333,,FALSE
"XLOC_040026","GAK",21,0,1,0.0646131735726043,0.0646131735726043,0.0334666666666667,,FALSE
"XLOC_040031","SPON2",12,0,0,0.000227289249147444,0.000227289249147444,0.0196,,FALSE
"XLOC_040032","CTBP1",19,0,1,0.408495139116241,0.408495139116241,0.0317,,FALSE
"XLOC_040038","TMEM129",6,0,0,0.00586519048200626,0.00586519048200626,0.109733333333333,,FALSE
"XLOC_040039","LETM1",5,0,0,0.959531313519163,0.959531313519163,0.0548333333333333,,FALSE
"XLOC_040041","POLN",16,0,3,0.966616014924391,0.966616014924391,0.0651666666666667,,FALSE
"XLOC_040042","MXD4",5,0,0,0.55017853684065,0.55017853684065,0.108933333333333,,FALSE
"XLOC_040043","ZFYVE28",7,0,0,0.159015379316474,0.159015379316474,0.113066666666667,,FALSE
"XLOC_040049","TNIP2",8,0,2,0.488168481017099,0.488168481017099,0.0795,,FALSE
"XLOC_040052","NOP14",7,0,4,0.121376382640153,0.121376382640153,0.1223,,FALSE
"XLOC_040055","LRPAP1",8,0,2,0.130304027923463,0.130304027923463,0.00843333333333335,,FALSE
"XLOC_040090","MRFAP1L1",3,0,3,0.233043012675865,0.233043012675865,0.0531666666666667,,FALSE
"XLOC_040094","GRPEL1",3,0,2,0.992965244118601,0.992965244118601,0.0242,,FALSE
"XLOC_040102","ACOX3",12,1,6,0.00170339733080403,0.00170339733080403,0.161,0.161,TRUE
"XLOC_040119","SLC2A9",26,0,19,0.000333051391821867,0.000333051391821867,0.0783,,FALSE
"XLOC_040122","WDR1",19,0,5,0.457827685757707,0.457827685757707,0.0539000000000001,,FALSE
"XLOC_040135","ZNF518B",7,0,4,0.821660695744886,0.821660695744886,0.1004,,FALSE
"XLOC_040144","RAB28",8,0,2,0.618460342962364,0.618460342962364,0.0725999999999999,,FALSE
"XLOC_040148","BOD1L1",14,0,9,0.138954518894256,0.138954518894256,0.0763,,FALSE
"XLOC_040161","FBXL5",38,0,26,0.00602576585764019,0.00602576585764019,0.0337333333333333,,FALSE
"XLOC_040167","TAPT1",16,0,4,0.20131131532109,0.20131131532109,0.0608666666666667,,FALSE
"XLOC_040175","QDPR",9,0,2,0.603958338708425,0.603958338708425,0.0433333333333333,,FALSE
"XLOC_040180","DCAF16",3,0,1,0.824160303117513,0.824160303117513,0.0623,,FALSE
"XLOC_040181","LCORL",13,0,2,0.887583835474783,0.887583835474783,0.190633333333333,,FALSE
"XLOC_040200","DHX15",23,0,17,0.175761983405593,0.175761983405593,0.0544333333333333,,FALSE
"XLOC_040206","SEPSECS",13,0,1,0.891372819470016,0.891372819470016,0.193366666666667,,FALSE
"XLOC_040213","SEL1L3",18,0,7,0.716412772941402,0.716412772941402,0.0893,,FALSE
"XLOC_040242","ARAP2",15,0,6,0.747619894538212,0.747619894538212,0.0339666666666667,,FALSE
"XLOC_040262","TLR1",23,0,15,0.811636155100272,0.811636155100272,0.073,,FALSE
"XLOC_040265","RFC1",18,0,10,0.445396248559046,0.445396248559046,0.100066666666667,,FALSE
"XLOC_040267","RPL9",18,0,7,0.0193034973125472,0.0193034973125472,0.1094,,FALSE
"XLOC_040268","UGDH",14,0,6,0.33295007523886,0.33295007523886,0.1034,,FALSE
"XLOC_040270","SMIM14",7,0,3,0.974761793942341,0.974761793942341,0.0211333333333333,,FALSE
"XLOC_040274","PDS5A",14,0,7,0.952492655340824,0.952492655340824,0.0710666666666667,,FALSE
"XLOC_040279","RBM47",20,0,6,0.762844180589767,0.762844180589767,0.0683666666666667,,FALSE
"XLOC_040282","APBB2",22,0,1,0.262925112100685,0.262925112100685,0.0611666666666667,,FALSE
"XLOC_040306","GNPDA2",8,0,2,0.899090190401088,0.899090190401088,0.224533333333333,,FALSE
"XLOC_040324","NFXL1",8,0,2,0.0227911170972772,0.0227911170972772,0.2532,,FALSE
"XLOC_040329","TEC",6,0,2,0.965862701971108,0.965862701971108,0.1132,,FALSE
"XLOC_040330","FRYL",17,0,3,0.529644539583067,0.529644539583067,0.115433333333333,,FALSE
"XLOC_040354","USP46",4,0,0,0.863480226741639,0.863480226741639,0.1071,,FALSE
"XLOC_040358","SCFD2",7,0,5,0.0267107355171053,0.0267107355171053,0.0846666666666666,,FALSE
"XLOC_040376","CLOCK",11,0,2,0.653806579421748,0.653806579421748,0.151766666666667,,FALSE
"XLOC_040385","AASDH",13,0,7,0.908326033043304,0.908326033043304,0.1742,,FALSE
"XLOC_040397","IGFBP7",3,0,1,0.990252995352296,0.990252995352296,0.067,,FALSE
"XLOC_040435","CENPC",9,0,3,0.608351274515893,0.608351274515893,0.0789,,FALSE
"XLOC_040437","UBA6",8,0,5,0.607131720358759,0.607131720358759,0.0489,,FALSE
"XLOC_040453","YTHDC1",14,0,8,0.922374456352358,0.922374456352358,0.0688666666666667,,FALSE
"XLOC_040488","GRSF1",13,0,9,0.685362532527885,0.685362532527885,0.0984333333333333,,FALSE
"XLOC_040497","COX18",7,0,2,0.702305671703384,0.702305671703384,0.113966666666667,,FALSE
"XLOC_040498","ANKRD17",23,0,14,0.0062942540299822,0.0062942540299822,0.0694666666666667,,FALSE
"XLOC_040507","CXCL3",5,0,5,0.144905392328151,0.144905392328151,0.00893333333333333,,FALSE
"XLOC_040510","CXCL2",5,0,2,0.00564617771911916,0.00564617771911916,0.0377,,FALSE
"XLOC_040522","RCHY1",11,0,1,0.283422281217086,0.283422281217086,0.0581,,FALSE
"XLOC_040524","G3BP2",43,0,9,0.153945917582286,0.153945917582286,0.0568666666666667,,FALSE
"XLOC_040527","NAAA",33,0,20,0.203779123522344,0.203779123522344,0.0666,,FALSE
"XLOC_040528","CXCL9",2,0,1,0.179463126153532,0.179463126153532,0.2572,,FALSE
"XLOC_040529","CXCL10",7,0,7,0.375778083559708,0.375778083559708,0.0563333333333333,,FALSE
"XLOC_040530","CXCL11",3,0,2,0.940055733688245,0.940055733688245,0.255866666666667,,FALSE
"XLOC_040532","NUP54",30,0,13,0.266139393987899,0.266139393987899,0.0276333333333333,,FALSE
"XLOC_040533","SCARB2",31,0,6,0.0640378832170598,0.0640378832170598,0.0675,,FALSE
"XLOC_040546","CCNI",12,0,4,0.309068080053587,0.309068080053587,0.0772333333333333,,FALSE
"XLOC_040555","CNOT6L",14,0,7,0.921820508941767,0.921820508941767,0.0500333333333333,,FALSE
"XLOC_040569","ANTXR2",15,0,8,0.399875680814258,0.399875680814258,0.0802,,FALSE
"XLOC_040573","RASGEF1B",17,0,6,0.709238835005624,0.709238835005624,0.0669666666666667,,FALSE
"XLOC_040579","HNRNPD",20,0,9,0.14614502996203,0.14614502996203,0.0478,,FALSE
"XLOC_040582","HNRNPDL",14,0,9,0.0870548308729954,0.0870548308729954,0.0294666666666667,,FALSE
"XLOC_040590","SEC31A",80,0,41,1.0192470342795e-07,1.0192470342795e-07,0.0656666666666667,,FALSE
"XLOC_040591","LIN54",10,0,2,0.67835094344181,0.67835094344181,0.0462666666666667,,FALSE
"XLOC_040593","PLAC8",7,0,4,0.317623351412995,0.317623351412995,0.2118,,FALSE
"XLOC_040596","HPSE",9,0,3,0.700721530601802,0.700721530601802,0.0975666666666667,,FALSE
"XLOC_040599","HELQ",8,0,5,0.79620163462196,0.79620163462196,0.1184,,FALSE
"XLOC_040600","ABRAXAS1",6,0,1,1.5111111039455e-05,1.5111111039455e-05,0.367433333333333,,FALSE
"XLOC_040607","WDFY3",19,0,8,0.459037909849855,0.459037909849855,0.0718,,FALSE
"XLOC_040614","C4orf36",8,0,0,0.374897761074982,0.374897761074982,0.3277,,FALSE
"XLOC_040620","HSD17B13",17,0,11,0.796048996834305,0.796048996834305,0.0953666666666667,,FALSE
"XLOC_040628","ABCG2",8,0,4,0.948847646958308,0.948847646958308,0.143133333333333,,FALSE
"XLOC_040631","PPM1K",10,0,2,0.0111037610061789,0.0111037610061789,0.100733333333333,,FALSE
"XLOC_040640","FAM13A",17,0,3,0.165639855677691,0.165639855677691,0.242233333333333,,FALSE
"XLOC_040642","SNCA",12,0,0,0.806208985380417,0.806208985380417,0.0293,,FALSE
"XLOC_040670","EIF4E",20,0,13,0.0414467437935968,0.0414467437935968,0.1277,,FALSE
"XLOC_040675","ADH5",14,0,4,0.566475389800555,0.566475389800555,0.0722333333333333,,FALSE
"XLOC_040683","TRMT10A",7,0,2,0.306136782794246,0.306136782794246,0.246333333333333,,FALSE
"XLOC_040687","DNAJB14",13,0,3,0.914421499368789,0.914421499368789,0.0703333333333333,,FALSE
"XLOC_040689","H2AZ1",11,0,5,0.582925916735955,0.582925916735955,0.0533999999999999,,FALSE
"XLOC_040697","PPP3CA",6,0,0,0.845707163510667,0.845707163510667,0.1304,,FALSE
"XLOC_040703","SLC39A8",38,0,15,0.125957299429266,0.125957299429266,0.0752,,FALSE
"XLOC_040705","MANBA",40,0,26,0.000179967152069358,0.000179967152069358,0.0994666666666667,,FALSE
"XLOC_040706","UBE2D3",49,0,29,0.00153890361345505,0.00153890361345505,0.0483333333333333,,FALSE
"XLOC_040709","SLC9B2",24,0,8,0.139075578852876,0.139075578852876,0.1552,,FALSE
"XLOC_040721","PPA2",25,0,9,0.931767562788858,0.931767562788858,0.0508333333333333,,FALSE
"XLOC_040725","INTS12",15,0,10,0.351086885568591,0.351086885568591,0.0831333333333333,,FALSE
"XLOC_040729","TBCK",17,0,5,0.885988384625096,0.885988384625096,0.0396,,FALSE
"XLOC_040734","PAPSS1",19,0,13,0.000406838479567231,0.000406838479567231,0.0755333333333333,,FALSE
"XLOC_040748","CASP6",8,0,2,0.709310025969208,0.709310025969208,0.130566666666667,,FALSE
"XLOC_040769","ZGRF1",12,0,2,0.486738460598299,0.486738460598299,0.222733333333333,,FALSE
"XLOC_040778","XLOC_040778",2,0,0,0.0129041568742261,0.0129041568742261,0.0469666666666667,,FALSE
"XLOC_040779","CAMK2D",21,0,10,0.480614252050057,0.480614252050057,0.109333333333333,,FALSE
"XLOC_040804","SEC24D",21,0,12,2.20258309084047e-05,2.20258309084047e-05,0.105966666666667,,FALSE
"XLOC_040809","GTF2IP12",10,0,0,0.260876134590933,0.260876134590933,0.224966666666667,,FALSE
"XLOC_040814","MAD2L1",5,0,1,0.767462040941665,0.767462040941665,0.109033333333333,,FALSE
"XLOC_040820","TNIP3",11,0,6,0.164923216900961,0.164923216900961,0.0282,,FALSE
"XLOC_040824","ANXA5",39,0,31,2.7622190316204e-06,2.7622190316204e-06,0.0224666666666667,,FALSE
"XLOC_040827","BBS7",7,0,3,0.811584850091603,0.811584850091603,0.143966666666667,,FALSE
"XLOC_040849","ANKRD50",2,0,0,0.548649716394897,0.548649716394897,0.0601333333333334,,FALSE
"XLOC_040861","MFSD8",39,0,6,0.12181463778861,0.12181463778861,0.0947,,FALSE
"XLOC_040865","XLOC_040865",2,0,2,0.0297500613610593,0.0297500613610593,0.0598,,FALSE
"XLOC_040867","SCLT1",16,0,9,0.691776637226532,0.691776637226532,0.164733333333333,,FALSE
"XLOC_040913","ELF2",15,1,4,0.0262294197798751,0.0262294197798751,0.181566666666667,0.181566666666667,TRUE
"XLOC_040917","MGARP",14,0,4,0.760453222253583,0.760453222253583,0.191866666666667,,FALSE
"XLOC_040921","SETD7",7,0,1,0.276288907513295,0.276288907513295,0.0680666666666667,,FALSE
"XLOC_040940","LINC02432",9,0,0,0.834588701095141,0.834588701095141,0.0505333333333333,,FALSE
"XLOC_040955","ANAPC10",21,0,6,0.313235262275813,0.313235262275813,0.112066666666667,,FALSE
"XLOC_040973","SLC10A7",10,0,5,0.342467222194322,0.342467222194322,0.118833333333333,,FALSE
"XLOC_040993","LRBA",15,0,5,0.517049946657387,0.517049946657387,0.162666666666667,,FALSE
"XLOC_041000","GATB",16,0,8,0.943755097394468,0.943755097394468,0.0466333333333333,,FALSE
"XLOC_041012","FBXW7",13,0,3,0.798471012109576,0.798471012109576,0.1022,,FALSE
"XLOC_041028","PLRG1",15,0,7,0.528900389359282,0.528900389359282,0.0391,,FALSE
"XLOC_041050","CTSO",11,0,4,0.732556564580881,0.732556564580881,0.121133333333333,,FALSE
"XLOC_041053","PDGFC",11,0,4,0.965542362006125,0.965542362006125,0.0571,,FALSE
"XLOC_041065","GASK1B",12,0,5,0.661494519208682,0.661494519208682,0.0636333333333333,,FALSE
"XLOC_041069","C4orf46",4,0,4,0.919856005120508,0.919856005120508,0.151666666666667,,FALSE
"XLOC_041070","PPID",7,0,5,0.611096228553495,0.611096228553495,0.0579333333333333,,FALSE
"XLOC_041082","NAF1",7,0,1,0.549810111760062,0.549810111760062,0.0415,,FALSE
"XLOC_041113","DDX60",23,1,13,0.000135737619226752,0.000135737619226752,0.1735,0.1735,TRUE
"XLOC_041114","DDX60L",43,0,31,2.52906364735801e-06,2.52906364735801e-06,0.0327,,FALSE
"XLOC_041120","SH3RF1",4,0,2,0.906311229244829,0.906311229244829,0.0679,,FALSE
"XLOC_041122","NEK1",22,0,1,0.546735479635418,0.546735479635418,0.119366666666667,,FALSE
"XLOC_041123","HPF1",4,0,1,0.479970637621383,0.479970637621383,0.3049,,FALSE
"XLOC_041158","FBXO8",6,0,2,6.55950317601107e-05,6.55950317601107e-05,0.0724,,FALSE
"XLOC_041160","HPGD",14,0,6,0.594152204770814,0.594152204770814,0.1005,,FALSE
"XLOC_041204","DCTD",23,0,12,0.0166670600675183,0.0166670600675183,0.1008,,FALSE
"XLOC_041215","RWDD4",7,0,2,0.541145020895515,0.541145020895515,0.0690666666666667,,FALSE
"XLOC_041223","IRF2",30,0,19,0.174693235536239,0.174693235536239,0.231566666666667,,FALSE
"XLOC_041230","ACSL1",38,0,32,1.36016144031859e-07,1.36016144031859e-07,0.0375666666666667,,FALSE
"XLOC_041232","MIR3945HG",9,0,5,0.150226710821143,0.150226710821143,0.0324333333333333,,FALSE
"XLOC_041239","CFAP97",5,0,3,0.732430239437666,0.732430239437666,0.0729666666666666,,FALSE
"XLOC_041241","UFSP2",9,0,2,0.855274519472264,0.855274519472264,0.103366666666667,,FALSE
"XLOC_041287","SDHA",49,0,14,0.000286378865279546,0.000286378865279546,0.0532,,FALSE
"XLOC_041289","EXOC3",16,0,7,0.746541042059866,0.746541042059866,0.0848,,FALSE
"XLOC_041290","SLC9A3-AS1",13,0,0,0.968005117855617,0.968005117855617,0.126033333333333,,FALSE
"XLOC_041297","TRIP13",8,0,3,0.917406202515603,0.917406202515603,0.122133333333333,,FALSE
"XLOC_041310","NDUFS6",4,0,2,0.682635792810747,0.682635792810747,0.0993666666666667,,FALSE
"XLOC_041334","ICE1",7,0,4,0.757478715066789,0.757478715066789,0.131966666666667,,FALSE
"XLOC_041342","SRD5A1",6,0,2,0.759652337310894,0.759652337310894,0.103966666666667,,FALSE
"XLOC_041343","TENT4A",7,0,0,0.472628217846978,0.472628217846978,0.1241,,FALSE
"XLOC_041355","MTRR",32,0,18,0.472299525052652,0.472299525052652,0.11,,FALSE
"XLOC_041382","CCT5",25,0,16,0.00279878488243916,0.00279878488243916,0.0328,,FALSE
"XLOC_041385","MARCHF6",18,1,10,0.000434741291160117,0.000434741291160117,0.152533333333333,0.152533333333333,TRUE
"XLOC_041400","TRIO",19,0,0,0.61914137710635,0.61914137710635,0.0743333333333333,,FALSE
"XLOC_041401","OTULINL",6,0,4,0.974821538229611,0.974821538229611,0.0621333333333334,,FALSE
"XLOC_041403","OTULIN",7,0,2,0.442101318862511,0.442101318862511,0.1989,,FALSE
"XLOC_041420","BASP1",2,0,0,0.340149385109666,0.340149385109666,0.00713333333333333,,FALSE
"XLOC_041494","C5orf22",13,0,7,0.050589904675617,0.050589904675617,0.129533333333333,,FALSE
"XLOC_041509","SUB1",14,0,3,0.00619704254083921,0.00619704254083921,0.0534333333333333,,FALSE
"XLOC_041516","TARS1",21,0,15,2.17827322870567e-05,2.17827322870567e-05,0.1232,,FALSE
"XLOC_041524","RAI14",15,0,4,0.993238030567426,0.993238030567426,0.0745666666666666,,FALSE
"XLOC_041528","DNAJC21",13,1,3,0.0045943579563193,0.0045943579563193,0.189966666666667,0.189966666666667,TRUE
"XLOC_041532","IL7R",21,0,15,0.616601089274283,0.616601089274283,0.0736,,FALSE
"XLOC_041534","SKP2",17,0,3,0.353938272481216,0.353938272481216,0.3385,,FALSE
"XLOC_041540","SLC1A3",50,0,19,0.000544322934777531,0.000544322934777531,0.0653,,FALSE
"XLOC_041541","NIPBL",24,0,17,2.64010633306779e-06,2.64010633306779e-06,0.0826,,FALSE
"XLOC_041549","WDR70",7,2,2,1.96995744464588e-05,1.96995744464588e-05,0.278766666666667,0.278766666666667,FALSE
"XLOC_041569","PTGER4",5,0,1,0.347934501538029,0.347934501538029,0.103966666666667,,FALSE
"XLOC_041576","C5orf51",12,0,4,0.0031344935503224,0.0031344935503224,0.0652,,FALSE
"XLOC_041590","ZNF131",26,0,12,0.795732487514337,0.795732487514337,0.0973,,FALSE
"XLOC_041599","NNT",30,0,12,0.00950642411935416,0.00950642411935416,0.0686,,FALSE
"XLOC_041613","PARP8",25,0,10,0.870379368261923,0.870379368261923,0.104833333333333,,FALSE
"XLOC_041624","PELO",13,0,5,0.647028551426597,0.647028551426597,0.160966666666667,,FALSE
"XLOC_041631","NDUFS4",8,0,4,0.913030977232709,0.913030977232709,0.00959999999999994,,FALSE
"XLOC_041635","LINC01033",15,0,0,0.707467114062889,0.707467114062889,0.265266666666667,,FALSE
"XLOC_041652","MTREX",18,0,14,0.00880899187663806,0.00880899187663806,0.0606333333333333,,FALSE
"XLOC_041668","SETD9",8,0,0,0.947085761204881,0.947085761204881,0.0588333333333333,,FALSE
"XLOC_041672","GPBP1",31,0,23,0.000473010647579623,0.000473010647579623,0.0618666666666667,,FALSE
"XLOC_041691","NDUFAF2",7,0,2,0.876511956623,0.876511956623,0.0524,,FALSE
"XLOC_041699","KIF2A",35,0,11,5.59749579600782e-05,5.59749579600782e-05,0.0803666666666667,,FALSE
"XLOC_041709","CWC27",22,0,2,0.8902751194729,0.8902751194729,0.146766666666667,,FALSE
"XLOC_041713","PPWD1",13,0,7,0.819709358999385,0.819709358999385,0.0180333333333333,,FALSE
"XLOC_041714","TRAPPC13",18,0,9,0.869889405437648,0.869889405437648,0.0906666666666666,,FALSE
"XLOC_041715","NLN",18,0,12,1.47370922730841e-06,1.47370922730841e-06,0.0706666666666667,,FALSE
"XLOC_041717","ERBIN",20,0,10,0.433111264350108,0.433111264350108,0.0670333333333333,,FALSE
"XLOC_041720","SREK1",20,0,7,0.089435249739406,0.089435249739406,0.0904,,FALSE
"XLOC_041732","PIK3R1",8,0,0,0.973164590618576,0.973164590618576,0.0289333333333333,,FALSE
"XLOC_041736","SLC30A5",16,0,8,0.341906410887938,0.341906410887938,0.0719333333333333,,FALSE
"XLOC_041738","CCNB1",12,0,9,0.0148069673873424,0.0148069673873424,0.0405,,FALSE
"XLOC_041739","CENPH",5,0,2,0.239862910082967,0.239862910082967,0.0652333333333333,,FALSE
"XLOC_041740","MRPS36",4,0,2,5.10988864362371e-07,5.10988864362371e-07,0.101066666666667,,FALSE
"XLOC_041741","CDK7",17,0,6,0.349946258299981,0.349946258299981,0.0811,,FALSE
"XLOC_041744","RAD17",18,0,7,0.718891143598355,0.718891143598355,0.0943,,FALSE
"XLOC_041748","GTF2H2C",21,0,10,0.126793081202066,0.126793081202066,0.156966666666667,,FALSE
"XLOC_041756","GTF2H2B",12,0,8,0.460120850885918,0.460120850885918,0.0703333333333333,,FALSE
"XLOC_041759","SERF1A",6,0,0,0.851580915257839,0.851580915257839,0.0923666666666667,,FALSE
"XLOC_041760","SMN1",13,0,7,0.467852340647619,0.467852340647619,0.0539333333333333,,FALSE
"XLOC_041765","MCCC2",40,0,6,0.000615645244900202,0.000615645244900202,0.0820666666666667,,FALSE
"XLOC_041769","PTCD2",9,0,1,0.848659726667561,0.848659726667561,0.288966666666667,,FALSE
"XLOC_041775","TNPO1",27,0,13,0.502547433498691,0.502547433498691,0.0503666666666667,,FALSE
"XLOC_041777","FCHO2",6,0,1,0.622303863582399,0.622303863582399,0.1574,,FALSE
"XLOC_041786","BTF3",14,0,2,0.487059610059865,0.487059610059865,0.0106333333333333,,FALSE
"XLOC_041788","UTP15",8,0,2,0.748947368239364,0.748947368239364,0.0338666666666667,,FALSE
"XLOC_041794","HEXB",17,0,5,0.283405520782114,0.283405520782114,0.0298666666666667,,FALSE
"XLOC_041795","NSA2",7,0,2,0.874451685271025,0.874451685271025,0.0215333333333333,,FALSE
"XLOC_041803","HMGCR",39,0,28,0.0928420177193684,0.0928420177193684,0.0636666666666667,,FALSE
"XLOC_041805","POLK",23,0,9,0.889120996695239,0.889120996695239,0.0869333333333333,,FALSE
"XLOC_041814","IQGAP2",25,0,11,0.0826657319238099,0.0826657319238099,0.0964,,FALSE
"XLOC_041823","AGGF1",40,0,3,0.661454110486659,0.661454110486659,0.0622333333333334,,FALSE
"XLOC_041845","TENT2",56,0,44,4.90112714716009e-06,4.90112714716009e-06,0.0826,,FALSE
"XLOC_041856","ZFYVE16",28,0,16,1.13365350653015e-11,1.13365350653015e-11,0.0786666666666667,,FALSE
"XLOC_041857","FAM151B",7,0,2,0.43596672636349,0.43596672636349,0.0591666666666667,,FALSE
"XLOC_041860","MSH3",7,0,2,0.758938671838026,0.758938671838026,0.0642666666666667,,FALSE
"XLOC_041863","ZCCHC9",11,0,5,0.0507590927202568,0.0507590927202568,0.120766666666667,,FALSE
"XLOC_041867","ATG10",8,0,2,0.990358548317707,0.990358548317707,0.223966666666667,,FALSE
"XLOC_041901","RASA1",12,0,7,0.328536847444479,0.328536847444479,0.0604333333333333,,FALSE
"XLOC_041904","TMEM161B-DT",40,0,3,0.579468671563144,0.579468671563144,0.165666666666667,,FALSE
"XLOC_041948","ARSK",4,0,0,0.992965244118601,0.992965244118601,0.0734666666666667,,FALSE
"XLOC_041951","RHOBTB3",11,0,3,0.913440287180009,0.913440287180009,0.113433333333333,,FALSE
"XLOC_041960","CAST",69,0,30,1.39211113655833e-08,1.39211113655833e-08,0.0445666666666666,,FALSE
"XLOC_041963","ERAP2",14,0,4,0.237946082653016,0.237946082653016,0.0381,,FALSE
"XLOC_041964","LNPEP",10,0,7,0.0761014347916828,0.0761014347916828,0.0463666666666667,,FALSE
"XLOC_041994","FAM174A",3,0,0,0.787254670565218,0.787254670565218,0.0182333333333333,,FALSE
"XLOC_042004","PAM",28,0,12,0.489217402261026,0.489217402261026,0.0314,,FALSE
"XLOC_042006","PPIP5K2",24,0,10,0.326285905055389,0.326285905055389,0.0575333333333333,,FALSE
"XLOC_042020","FER",8,0,2,0.80004078426899,0.80004078426899,0.136866666666667,,FALSE
"XLOC_042029","SLC25A46",8,0,1,0.81407159993967,0.81407159993967,0.0382666666666667,,FALSE
"XLOC_042032","WDR36",8,0,6,0.160595445098815,0.160595445098815,0.1502,,FALSE
"XLOC_042038","EPB41L4A-AS1",7,0,0,0.480568773010468,0.480568773010468,0.298433333333333,,FALSE
"XLOC_042046","APC",21,0,5,0.00334479528093279,0.00334479528093279,0.104533333333333,,FALSE
"XLOC_042049","DCP2",11,0,2,0.205949623730918,0.205949623730918,0.0498000000000001,,FALSE
"XLOC_042052","YTHDC2",8,0,2,0.330800261176619,0.330800261176619,0.1124,,FALSE
"XLOC_042069","COMMD10",12,0,7,0.938897714243193,0.938897714243193,0.0486666666666667,,FALSE
"XLOC_042086","DMXL1",20,0,6,0.000542872018705577,0.000542872018705577,0.0689666666666666,,FALSE
"XLOC_042089","TNFAIP8",56,0,24,1.10469081476515e-27,1.10469081476515e-27,0.1108,,FALSE
"XLOC_042092","PRR16",6,0,1,0.261931703295738,0.261931703295738,0.295733333333333,,FALSE
"XLOC_042100","SRFBP1",5,0,4,0.0263701708244268,0.0263701708244268,0.0971666666666666,,FALSE
"XLOC_042106","SNX2",25,0,16,0.0113026779674237,0.0113026779674237,0.0751333333333333,,FALSE
"XLOC_042107","SNX24",12,0,4,0.510301752910693,0.510301752910693,0.0871666666666667,,FALSE
"XLOC_042112","CSNK1G3",9,0,0,0.226892315872402,0.226892315872402,0.0546,,FALSE
"XLOC_042125","GRAMD2B",14,0,2,0.256378521972285,0.256378521972285,0.1351,,FALSE
"XLOC_042126","PHAX",7,0,4,0.94186614342112,0.94186614342112,0.0795333333333333,,FALSE
"XLOC_042128","LMNB1",6,0,0,0.921820508941767,0.921820508941767,0.121366666666667,,FALSE
"XLOC_042134","PRRC1",7,0,3,0.702052286099615,0.702052286099615,0.128233333333333,,FALSE
"XLOC_042142","ISOC1",4,0,3,0.613407921736245,0.613407921736245,0.0843666666666667,,FALSE
"XLOC_042156","LYRM7",4,0,1,0.963634619285646,0.963634619285646,0.129533333333333,,FALSE
"XLOC_042157","CDC42SE2",16,0,7,0.647866899338363,0.647866899338363,0.142466666666667,,FALSE
"XLOC_042169","SLC22A5",17,0,0,0.842735078624361,0.842735078624361,0.233733333333333,,FALSE
"XLOC_042170","IRF1-AS1",25,1,6,0.0274521369431817,0.0274521369431817,0.266233333333333,0.266233333333333,FALSE
"XLOC_042178","UQCRQ",7,0,1,0.916485893703757,0.916485893703757,0.0089,,FALSE
"XLOC_042186","HSPA4",11,0,9,0.901327490570256,0.901327490570256,0.0688666666666667,,FALSE
"XLOC_042200","UBE2B",10,0,4,0.0249859923417773,0.0249859923417773,0.0393333333333333,,FALSE
"XLOC_042206","JADE2",12,0,0,0.0807833802070358,0.0807833802070358,0.292,,FALSE
"XLOC_042207","SEC24A",6,0,3,0.109225674352248,0.109225674352248,0.139966666666667,,FALSE
"XLOC_042210","DDX46",24,0,6,0.106826671598904,0.106826671598904,0.0777,,FALSE
"XLOC_042211","TXNDC15",9,0,0,0.891372819470016,0.891372819470016,0.0945333333333333,,FALSE
"XLOC_042221","SLC25A48",19,0,3,0.866636328785544,0.866636328785544,0.0596,,FALSE
"XLOC_042224","TGFBI",27,0,14,2.30051231234066e-09,2.30051231234066e-09,0.0609666666666667,,FALSE
"XLOC_042226","SMAD5",11,0,4,0.0258142687123091,0.0258142687123091,0.160633333333333,,FALSE
"XLOC_042242","KIF20A",8,0,4,0.607756699439728,0.607756699439728,0.146866666666667,,FALSE
"XLOC_042243","FAM53C",7,0,1,0.956231211161966,0.956231211161966,0.0189,,FALSE
"XLOC_042244","KDM3B",15,0,9,0.381952848020108,0.381952848020108,0.139866666666667,,FALSE
"XLOC_042249","CTNNA1",42,0,24,0.0325735611221764,0.0325735611221764,0.0873333333333333,,FALSE
"XLOC_042255","MATR3",57,0,24,0.0229401918194255,0.0229401918194255,0.0549,,FALSE
"XLOC_042259","PAIP2",7,0,4,0.205940715358544,0.205940715358544,0.0881000000000001,,FALSE
"XLOC_042265","UBE2D2",9,0,3,0.651167169922535,0.651167169922535,0.0531333333333333,,FALSE
"XLOC_042266","CXXC5",15,0,4,0.100555293596513,0.100555293596513,0.0684333333333333,,FALSE
"XLOC_042272","PURA",5,0,2,0.784597614408777,0.784597614408777,0.154233333333333,,FALSE
"XLOC_042278","ANKHD1",40,0,16,0.0195743325375063,0.0195743325375063,0.0437333333333333,,FALSE
"XLOC_042284","IK",9,0,3,0.347130931231773,0.347130931231773,0.0189666666666667,,FALSE
"XLOC_042285","WDR55",12,0,7,0.694717996467261,0.694717996467261,0.0992333333333333,,FALSE
"XLOC_042286","HARS2",28,0,13,0.306501140171491,0.306501140171491,0.0193333333333333,,FALSE
"XLOC_042315","PCDHGA1",47,0,1,0.471845087445288,0.471845087445288,0.0429,,FALSE
"XLOC_042323","RELL2",4,0,0,0.948186974774344,0.948186974774344,0.175066666666667,,FALSE
"XLOC_042326","DELE1",20,0,15,0.628857429823074,0.628857429823074,0.0556666666666667,,FALSE
"XLOC_042328","RNF14",29,0,20,0.0471198382552197,0.0471198382552197,0.0504666666666667,,FALSE
"XLOC_042329","NDFIP1",6,0,2,0.00123308111717914,0.00123308111717914,0.0556,,FALSE
"XLOC_042338","ARHGAP26",31,0,16,0.117653600145143,0.117653600145143,0.1199,,FALSE
"XLOC_042360","TCERG1",24,0,8,0.47598715568907,0.47598715568907,0.0347333333333333,,FALSE
"XLOC_042379","FBXO38",35,1,20,0.000588082589182076,0.000588082589182076,0.159666666666667,0.159666666666667,FALSE
"XLOC_042385","ABLIM3",7,0,0,0.0253774674862603,0.0253774674862603,0.272733333333333,,FALSE
"XLOC_042387","GRPEL2",6,0,2,0.81503117887198,0.81503117887198,0.0723,,FALSE
"XLOC_042397","SLC26A2",2,0,0,0.89038718550668,0.89038718550668,0.00813333333333333,,FALSE
"XLOC_042403","TCOF1",16,0,1,0.378718803926757,0.378718803926757,0.164766666666667,,FALSE
"XLOC_042412","GPX3",10,0,5,0.622016125011231,0.622016125011231,0.0062,,FALSE
"XLOC_042415","GM2A",32,0,32,0.00636028033743435,0.00636028033743435,0.0684333333333333,,FALSE
"XLOC_042424","G3BP1",44,0,10,0.00682715139180309,0.00682715139180309,0.0178333333333333,,FALSE
"XLOC_042431","MFAP3",23,0,1,0.464782176293865,0.464782176293865,0.0487,,FALSE
"XLOC_042434","SAP30L",8,0,0,0.00736912558056096,0.00736912558056096,0.0885,,FALSE
"XLOC_042436","LARP1",17,0,1,0.709004432542591,0.709004432542591,0.0609333333333333,,FALSE
"XLOC_042442","CNOT8",29,0,7,0.000996257861630648,0.000996257861630648,0.0871,,FALSE
"XLOC_042443","MRPL22",8,0,1,0.00839784666163836,0.00839784666163836,0.1102,,FALSE
"XLOC_042456","CYFIP2",14,0,0,0.874663599367324,0.874663599367324,0.0898333333333333,,FALSE
"XLOC_042477","UBLCP1",8,0,6,0.153722249671864,0.153722249671864,0.0560666666666667,,FALSE
"XLOC_042482","TTC1",15,0,2,0.00185969782351812,0.00185969782351812,0.0719666666666666,,FALSE
"XLOC_042500","CCNG1",19,0,11,0.000111222955305353,0.000111222955305353,0.1183,,FALSE
"XLOC_042502","MAT2B",31,0,3,0.15154890449138,0.15154890449138,0.0911,,FALSE
"XLOC_042515","RARS1",15,0,11,0.879131537484727,0.879131537484727,0.0581333333333333,,FALSE
"XLOC_042525","SPDL1",18,0,10,0.631280329955492,0.631280329955492,0.184033333333333,,FALSE
"XLOC_042526","DOCK2",34,0,25,0.00476246178171226,0.00476246178171226,0.0749666666666667,,FALSE
"XLOC_042544","NPM1",34,0,13,0.281856255317352,0.281856255317352,0.0308,,FALSE
"XLOC_042557","ERGIC1",27,0,6,0.80359518180426,0.80359518180426,0.100466666666667,,FALSE
"XLOC_042559","RPL26L1",6,0,2,0.278874681062624,0.278874681062624,0.154366666666667,,FALSE
"XLOC_042564","CREBRF",8,0,2,0.886967879207699,0.886967879207699,0.0430666666666667,,FALSE
"XLOC_042574","CPEB4",12,0,0,0.885907954415113,0.885907954415113,0.0463666666666667,,FALSE
"XLOC_042593","SFXN1",12,0,4,0.902181942908144,0.902181942908144,0.0923333333333334,,FALSE
"XLOC_042610","FAF2",9,0,5,0.702251375940968,0.702251375940968,0.0748,,FALSE
"XLOC_042617","ZNF346",10,0,1,0.971656286955492,0.971656286955492,0.1741,,FALSE
"XLOC_042620","NSD1",21,0,1,0.985335697137871,0.985335697137871,0.105766666666667,,FALSE
"XLOC_042623","PRELID1",9,0,1,0.842735078624361,0.842735078624361,0.0709666666666666,,FALSE
"XLOC_042625","RGS14",7,0,0,0.951640243811898,0.951640243811898,0.0412666666666667,,FALSE
"XLOC_042627","GRK6",8,0,0,0.0203193458399017,0.0203193458399017,0.0351,,FALSE
"XLOC_042631","TMED9",5,0,1,0.551389221625255,0.551389221625255,0.00243333333333333,,FALSE
"XLOC_042632","B4GALT7",8,0,0,0.945350640761948,0.945350640761948,0.0172333333333333,,FALSE
"XLOC_042636","XLOC_042636",8,0,2,0.785989299452455,0.785989299452455,0.0768,,FALSE
"XLOC_042641","FAM153CP",3,0,0,0.826621716730225,0.826621716730225,0.0804333333333334,,FALSE
"XLOC_042643","RMND5B",14,0,3,0.524837354403027,0.524837354403027,0.0841666666666667,,FALSE
"XLOC_042645","HNRNPAB",11,0,3,8.39127010530085e-05,8.39127010530085e-05,0.0468333333333333,,FALSE
"XLOC_042655","ZNF879",2,0,0,0.913601559578427,0.913601559578427,0.0901333333333334,,FALSE
"XLOC_042660","RUFY1",18,0,4,0.0437690178026476,0.0437690178026476,0.0944666666666667,,FALSE
"XLOC_042665","HMGB3P22",55,0,17,0.00919911201508509,0.00919911201508509,0.1223,,FALSE
"XLOC_042668","SQSTM1",23,0,9,0.00608157977537086,0.00608157977537086,0.0502333333333334,,FALSE
"XLOC_042677","CNOT6",10,0,4,0.496794774753408,0.496794774753408,0.1338,,FALSE
"XLOC_042681","LINC00847",21,0,5,0.00269318130960401,0.00269318130960401,0.0204,,FALSE
"XLOC_042695","TRIM41",8,0,0,0.963634619285646,0.963634619285646,0.0385333333333333,,FALSE
"XLOC_042696","CTC-338M12.4",8,0,0,0.549479099707335,0.549479099707335,0.0825333333333333,,FALSE
"XLOC_042706","CCDC127",5,0,2,0.940308132774976,0.940308132774976,0.135566666666667,,FALSE
"XLOC_042716","ZDHHC11",28,0,4,0.953197231168096,0.953197231168096,0.0544333333333334,,FALSE
"XLOC_042720","SLC12A7",6,0,0,0.932764197972199,0.932764197972199,0.0257333333333333,,FALSE
"XLOC_042725","CLPTM1L",15,0,1,0.796048996834305,0.796048996834305,0.0460666666666667,,FALSE
"XLOC_042734","PDCD6P1",14,0,0,0.505766305039489,0.505766305039489,0.1103,,FALSE
"XLOC_042737","MRPL36",6,0,2,0.627074995571418,0.627074995571418,0.0360666666666667,,FALSE
"XLOC_042769","NSUN2",15,0,9,0.541569527147756,0.541569527147756,0.0456666666666667,,FALSE
"XLOC_042782","FASTKD3",9,0,7,0.9659375568828,0.9659375568828,0.0718333333333333,,FALSE
"XLOC_042808","ATPSCKMT",7,0,4,0.90137267315621,0.90137267315621,0.233066666666667,,FALSE
"XLOC_042822","DAP",5,0,0,0.661512649269727,0.661512649269727,0.00436666666666667,,FALSE
"XLOC_042837","ANKH",9,0,2,0.00388654696004813,0.00388654696004813,0.0801333333333333,,FALSE
"XLOC_042852","MYO10",18,0,8,0.00426713810566784,0.00426713810566784,0.126066666666667,,FALSE
"XLOC_042945","DROSHA",18,0,7,0.0195965396662932,0.0195965396662932,0.134633333333333,,FALSE
"XLOC_042956","GOLPH3",4,0,1,0.682635792810747,0.682635792810747,0.00476666666666667,,FALSE
"XLOC_042957","MTMR12",6,0,0,0.954057469152211,0.954057469152211,0.1665,,FALSE
"XLOC_042959","ZFR",19,0,16,0.0514406257246561,0.0514406257246561,0.0643333333333334,,FALSE
"XLOC_042972","AMACR",11,0,0,0.775404829039688,0.775404829039688,0.152733333333333,,FALSE
"XLOC_042980","RAD1",11,0,5,0.959414001279495,0.959414001279495,0.0873,,FALSE
"XLOC_042991","LMBRD2",4,0,1,0.98798135643707,0.98798135643707,0.0561,,FALSE
"XLOC_042993","NADK2",11,0,4,0.133644295826166,0.133644295826166,0.202366666666667,,FALSE
"XLOC_043000","CPLANE1",15,0,0,0.0141874978550601,0.0141874978550601,0.2734,,FALSE
"XLOC_043002","NUP155",15,1,9,8.41207376768693e-05,8.41207376768693e-05,0.249533333333333,0.249533333333333,TRUE
"XLOC_043019","RICTOR",9,0,1,0.670817395457414,0.670817395457414,0.141266666666667,,FALSE
"XLOC_043021","FYB1",27,0,15,3.65023868044073e-07,3.65023868044073e-07,0.0679333333333333,,FALSE
"XLOC_043023","C9",47,0,27,0.207250300524414,0.207250300524414,0.0870333333333334,,FALSE
"XLOC_043032","PRKAA1",11,0,5,0.100562294445915,0.100562294445915,0.1156,,FALSE
"XLOC_043034","RPL37",7,0,2,0.0979305958098185,0.0979305958098185,0.000399999999999956,,FALSE
"XLOC_043042","OXCT1",4,0,4,0.75811928304565,0.75811928304565,0.228,,FALSE
"XLOC_043052","XLOC_043052",4,0,1,0.972323078547924,0.972323078547924,0.183966666666667,,FALSE
"XLOC_043060","HMGCS1",19,0,12,0.792515708364927,0.792515708364927,0.0618666666666667,,FALSE
"XLOC_043062","TMEM267",11,0,7,0.991354803811068,0.991354803811068,0.0663,,FALSE
"XLOC_043063","C5orf34",7,0,3,0.778668427603964,0.778668427603964,0.154333333333333,,FALSE
"XLOC_043065","PAIP1",10,0,4,0.482393894114744,0.482393894114744,0.0283000000000001,,FALSE
"XLOC_043075","EMB",6,1,3,3.64439820425664e-05,3.64439820425664e-05,0.247633333333333,0.247633333333333,TRUE
"XLOC_043096","MOCS2",9,0,1,0.000222987366631007,0.000222987366631007,0.0519,,FALSE
"XLOC_043115","DHX29",6,0,4,0.998259432595307,0.998259432595307,0.0476666666666667,,FALSE
"XLOC_043120","SLC38A9",30,0,17,0.284800302769008,0.284800302769008,0.157833333333333,,FALSE
"XLOC_043123","IL6ST",10,0,1,0.5717637076802,0.5717637076802,0.106333333333333,,FALSE
"XLOC_043138","MIER3",7,0,1,0.779399912194264,0.779399912194264,0.183566666666667,,FALSE
"XLOC_043148","PLK2",10,0,0,0.0637049216906062,0.0637049216906062,0.284366666666667,,FALSE
"XLOC_043153","PDE4D",21,0,4,0.82678798731603,0.82678798731603,0.1817,,FALSE
"XLOC_043158","DEPDC1B",8,0,4,0.145605828563934,0.145605828563934,0.342,,FALSE
"XLOC_043160","ELOVL7",13,0,6,0.860720821935366,0.860720821935366,0.0604,,FALSE
"XLOC_043161","ERCC8",25,0,1,0.480614252050057,0.480614252050057,0.108333333333333,,FALSE
"XLOC_043164","SMIM15",5,0,3,0.613769785033794,0.613769785033794,0.0482,,FALSE
"XLOC_043172","DIMT1",17,1,2,1.02781397448389e-06,1.02781397448389e-06,0.271033333333333,0.271033333333333,TRUE
"XLOC_043184","CENPK",21,0,7,0.290009785714146,0.290009785714146,0.238766666666667,,FALSE
"XLOC_043185","TRIM23",7,0,2,0.722442481847944,0.722442481847944,0.0799666666666667,,FALSE
"XLOC_043215","CCDC125",18,0,10,0.907891196588032,0.907891196588032,0.1371,,FALSE
"XLOC_043216","AK6",25,0,2,0.0147227046100388,0.0147227046100388,0.073,,FALSE
"XLOC_043231","NAIP",16,0,7,0.666958479124943,0.666958479124943,0.143,,FALSE
"XLOC_043232","GTF2H2",18,0,8,0.257032629198117,0.257032629198117,0.0717333333333333,,FALSE
"XLOC_043243","MRPS27",33,1,7,2.12675474602299e-05,2.12675474602299e-05,0.1782,0.1782,TRUE
"XLOC_043245","ZNF366",6,0,3,0.984332185565795,0.984332185565795,0.0677666666666666,,FALSE
"XLOC_043259","ANKRA2",7,0,3,0.0543186737369147,0.0543186737369147,0.2349,,FALSE
"XLOC_043267","ENC1",5,0,0,0.958546091050458,0.958546091050458,0.0117333333333333,,FALSE
"XLOC_043268","GFM2",21,0,14,0.458013372433397,0.458013372433397,0.0301333333333333,,FALSE
"XLOC_043279","CERT1",27,0,3,5.17292376401487e-05,5.17292376401487e-05,0.1205,,FALSE
"XLOC_043282","POC5",12,0,2,0.973397949735156,0.973397949735156,0.0534333333333333,,FALSE
"XLOC_043299","WDR41",36,0,17,1.2730363682259e-05,1.2730363682259e-05,0.0786666666666667,,FALSE
"XLOC_043301","TBCA",12,2,2,0.000139931543774976,0.000139931543774976,0.255933333333333,0.255933333333333,TRUE
"XLOC_043303","AP3B1",40,0,16,0.320002983383124,0.320002983383124,0.0624666666666667,,FALSE
"XLOC_043306","LHFPL2",10,0,3,0.790418005056494,0.790418005056494,0.0143666666666667,,FALSE
"XLOC_043309","ARSB",7,0,2,0.776315643854488,0.776315643854488,0.0675,,FALSE
"XLOC_043314","HOMER1",7,0,3,0.486571919586464,0.486571919586464,0.0821333333333333,,FALSE
"XLOC_043346","SSBP2",15,0,6,0.0591847590280492,0.0591847590280492,0.1348,,FALSE
"XLOC_043350","RPS23",10,0,3,0.5286488337543,0.5286488337543,0.0231666666666667,,FALSE
"XLOC_043357","TMEM167A",9,0,4,0.706964056914993,0.706964056914993,0.0213333333333333,,FALSE
"XLOC_043385","CCNH",16,0,6,0.191707507683174,0.191707507683174,0.1422,,FALSE
"XLOC_043392","TMEM161B",23,2,16,0.00126276915865804,0.00126276915865804,0.190633333333333,0.190633333333333,TRUE
"XLOC_043398","MEF2C",37,0,15,0.984372616019739,0.984372616019739,0.077,,FALSE
"XLOC_043405","CETN3",5,1,1,0.000981055562185701,0.000981055562185701,0.1911,0.1755,FALSE
"XLOC_043407","LYSMD3",4,0,2,0.871464064668716,0.871464064668716,0.0722,,FALSE
"XLOC_043409","LUCAT1",61,0,10,0.0169093862657007,0.0169093862657007,0.0486666666666667,,FALSE
"XLOC_043414","ARRDC3",7,0,2,0.00619704254083921,0.00619704254083921,0.0169,,FALSE
"XLOC_043429","MCTP1",50,0,39,0.0826657319238099,0.0826657319238099,0.0349,,FALSE
"XLOC_043432","TTC37",29,2,17,2.85281244426782e-06,2.85281244426782e-06,0.248933333333333,0.248933333333333,TRUE
"XLOC_043438","ELL2",12,0,5,0.0165646085540635,0.0165646085540635,0.0445333333333333,,FALSE
"XLOC_043446","ERAP1",21,0,16,0.195842003049467,0.195842003049467,0.0627,,FALSE
"XLOC_043451","RIOK2",8,0,2,0.474501658905826,0.474501658905826,0.159733333333333,,FALSE
"XLOC_043466","CHD1",16,0,7,0.625497025235626,0.625497025235626,0.104166666666667,,FALSE
"XLOC_043483","ST8SIA4",7,0,4,0.191075858684184,0.191075858684184,0.0461,,FALSE
"XLOC_043490","GIN1",7,0,2,0.0651376656308335,0.0651376656308335,0.128633333333333,,FALSE
"XLOC_043518","PJA2",9,0,6,0.448318430497259,0.448318430497259,0.0612666666666667,,FALSE
"XLOC_043535","STARD4",24,0,17,0.268962914864283,0.268962914864283,0.0515333333333333,,FALSE
"XLOC_043537","NREP",16,0,10,0.069855129524413,0.069855129524413,0.335,,FALSE
"XLOC_043555","CCDC112",3,0,0,0.918834052700237,0.918834052700237,0.130966666666667,,FALSE
"XLOC_043559","FEM1C",4,0,3,0.933785276900898,0.933785276900898,0.124066666666667,,FALSE
"XLOC_043560","TICAM2",7,0,1,0.938271369526167,0.938271369526167,0.104933333333333,,FALSE
"XLOC_043564","ATG12",14,0,2,0.981223855852554,0.981223855852554,0.0265666666666667,,FALSE
"XLOC_043582","DTWD2",3,0,0,0.99599592947764,0.99599592947764,0.131433333333333,,FALSE
"XLOC_043591","XLOC_043591",5,0,4,0.300258156463512,0.300258156463512,0.139666666666667,,FALSE
"XLOC_043607","PPIC",3,0,1,0.9689669952926,0.9689669952926,0.0071,,FALSE
"XLOC_043609","CEP120",20,0,0,0.77514442748715,0.77514442748715,0.2197,,FALSE
"XLOC_043651","SLC12A2-DT",23,0,0,0.00125148334542845,0.00125148334542845,0.2546,,FALSE
"XLOC_043652","FBN2",11,0,7,0.656537241494792,0.656537241494792,0.110366666666667,,FALSE
"XLOC_043661","HINT1",16,0,5,2.17282710454549e-08,2.17282710454549e-08,0.0343333333333334,,FALSE
"XLOC_043663","RAPGEF6",17,0,2,0.0667338464709859,0.0667338464709859,0.065,,FALSE
"XLOC_043665","MEIKIN",16,0,7,0.773706434832768,0.773706434832768,0.2472,,FALSE
"XLOC_043669","P4HA2",21,0,13,0.477638918512439,0.477638918512439,0.168033333333333,,FALSE
"XLOC_043673","IRF1",40,0,12,0.0569288251745715,0.0569288251745715,0.123066666666667,,FALSE
"XLOC_043677","SEPTIN8",12,0,1,0.968190480968124,0.968190480968124,0.0898333333333333,,FALSE
"XLOC_043681","AFF4",10,0,3,0.885907954415113,0.885907954415113,0.107333333333333,,FALSE
"XLOC_043684","ZCCHC10",13,0,7,0.926229844357705,0.926229844357705,0.0380666666666667,,FALSE
"XLOC_043692","C5orf15",8,0,6,0.00107470429652888,0.00107470429652888,0.0634333333333332,,FALSE
"XLOC_043693","VDAC1",18,0,15,0.00432863825886829,0.00432863825886829,0.0703333333333333,,FALSE
"XLOC_043695","SKP1",42,0,17,0.094734140847317,0.094734140847317,0.0265333333333333,,FALSE
"XLOC_043701","SAR1B",13,0,3,0.533095119390448,0.533095119390448,0.1194,,FALSE
"XLOC_043714","MACROH2A1",55,0,42,1.41997737996311e-08,1.41997737996311e-08,0.125666666666667,,FALSE
"XLOC_043735","HNRNPA0",2,0,1,0.981223855852554,0.981223855852554,0.0922666666666667,,FALSE
"XLOC_043738","FAM13B",33,0,25,0.314194809670394,0.314194809670394,0.0742,,FALSE
"XLOC_043742","BRD8",36,0,23,0.0441227911582799,0.0441227911582799,0.1561,,FALSE
"XLOC_043743","CDC23",10,0,4,0.909438647829614,0.909438647829614,0.0441666666666667,,FALSE
"XLOC_043750","ETF1",18,0,10,0.00119037176308776,0.00119037176308776,0.0542666666666667,,FALSE
"XLOC_043751","HSPA9",28,0,10,0.2911411661038,0.2911411661038,0.047,,FALSE
"XLOC_043754","SIL1",14,0,5,0.470626661012278,0.470626661012278,0.0464,,FALSE
"XLOC_043761","DNAJC18",11,0,2,0.939112435308058,0.939112435308058,0.1646,,FALSE
"XLOC_043762","STING1",21,0,7,0.815224096325349,0.815224096325349,0.0374333333333333,,FALSE
"XLOC_043772","PFDN1",15,0,10,0.194300587845544,0.194300587845544,0.0159333333333333,,FALSE
"XLOC_043778","SRA1",7,0,1,0.826382916582078,0.826382916582078,0.0774666666666667,,FALSE
"XLOC_043779","APBB3",20,0,3,0.0495677115882029,0.0495677115882029,0.145033333333333,,FALSE
"XLOC_043780","CD14",7,0,4,0.052885145610724,0.052885145610724,0.167166666666667,,FALSE
"XLOC_043782","DND1",27,0,6,0.847654886766692,0.847654886766692,0.0289333333333333,,FALSE
"XLOC_043800","DIAPH1",10,0,2,0.980610112718246,0.980610112718246,0.0366,,FALSE
"XLOC_043801","HDAC3",18,0,5,0.502714852156207,0.502714852156207,0.0734666666666667,,FALSE
"XLOC_043802","FCHSD1",10,0,1,0.958993123121087,0.958993123121087,0.132166666666667,,FALSE
"XLOC_043803","ARAP3",7,0,0,0.188531499971546,0.188531499971546,0.0319333333333334,,FALSE
"XLOC_043811","GNPDA1",15,0,5,0.202285159796725,0.202285159796725,0.100033333333333,,FALSE
"XLOC_043820","NR3C1",16,0,3,0.705499030587363,0.705499030587363,0.0272666666666666,,FALSE
"XLOC_043831","PRELID2",8,0,0,0.771363375125734,0.771363375125734,0.205,,FALSE
"XLOC_043835","LARS1",47,0,27,0.300258156463512,0.300258156463512,0.0651,,FALSE
"XLOC_043845","DPYSL3",9,0,2,0.600648649149715,0.600648649149715,0.133433333333333,,FALSE
"XLOC_043846","JAKMIP2",30,0,27,0.0205593483834728,0.0205593483834728,0.126133333333333,,FALSE
"XLOC_043867","CSNK1A1",24,0,14,0.785830724857248,0.785830724857248,0.0267,,FALSE
"XLOC_043877","CSF1R",25,0,18,0.0372110499192858,0.0372110499192858,0.111366666666667,,FALSE
"XLOC_043881","CD74",32,0,22,0.199814278929453,0.199814278929453,0.0823666666666667,,FALSE
"XLOC_043887","RBM22",12,0,7,0.00291150793815064,0.00291150793815064,0.123066666666667,,FALSE
"XLOC_043888","DCTN4",20,0,6,0.355070567323014,0.355070567323014,0.0707666666666667,,FALSE
"XLOC_043892","TNIP1",20,0,3,0.874195004062368,0.874195004062368,0.0206,,FALSE
"XLOC_043895","CCDC69",7,0,1,0.957443109649924,0.957443109649924,0.0156333333333333,,FALSE
"XLOC_043903","SPARC",22,0,15,0.767462040941665,0.767462040941665,0.0303333333333333,,FALSE
"XLOC_043906","ATOX1",13,0,7,0.998259432595307,0.998259432595307,0.00593333333333333,,FALSE
"XLOC_043915","FAM114A2",22,1,8,0.000418088960135692,0.000418088960135692,0.161,0.161,TRUE
"XLOC_043924","GEMIN5",5,0,4,0.974821538229611,0.974821538229611,0.0996666666666667,,FALSE
"XLOC_043930","HAVCR1",41,0,27,0.639173714803199,0.639173714803199,0.0432,,FALSE
"XLOC_043951","RNF145",17,0,7,0.00585733819342201,0.00585733819342201,0.0599333333333333,,FALSE
"XLOC_043959","PWWP2A",7,0,2,0.884546305982336,0.884546305982336,0.0964666666666667,,FALSE
"XLOC_043964","SLU7",17,0,9,0.297456694092857,0.297456694092857,0.0901,,FALSE
"XLOC_043972","NUDCD2",4,0,0,0.209895349104008,0.209895349104008,0.0837,,FALSE
"XLOC_044010","LCP2",10,0,2,0.950258090429188,0.950258090429188,0.0504,,FALSE
"XLOC_044014","KCNMB1",5,0,3,0.928925245954267,0.928925245954267,0.128433333333333,,FALSE
"XLOC_044023","STK10",24,0,12,0.262925112100685,0.262925112100685,0.0537666666666667,,FALSE
"XLOC_044027","SH3PXD2B",5,0,0,0.916485893703757,0.916485893703757,0.0640999999999999,,FALSE
"XLOC_044048","BOD1",8,0,2,0.923926402218184,0.923926402218184,0.0198,,FALSE
"XLOC_044060","THOC3",7,0,1,0.763610881240513,0.763610881240513,0.0581666666666666,,FALSE
"XLOC_044065","KIAA1191",24,0,15,0.282655440752186,0.282655440752186,0.0386,,FALSE
"XLOC_044066","NOP16",16,0,9,0.796048996834305,0.796048996834305,0.0300666666666667,,FALSE
"XLOC_044067","CLTB",8,0,1,0.546460112740184,0.546460112740184,0.0271999999999999,,FALSE
"XLOC_044068","RNF44",7,0,0,0.969014248361683,0.969014248361683,0.0422,,FALSE
"XLOC_044076","UIMC1",21,0,9,0.674659942501769,0.674659942501769,0.1134,,FALSE
"XLOC_044078","RAB24",16,0,1,0.0271122686224493,0.0271122686224493,0.1215,,FALSE
"XLOC_044079","LMAN2",10,0,1,0.328480979191657,0.328480979191657,0.0131333333333333,,FALSE
"XLOC_044083","DBN1",8,0,0,0.706574244611335,0.706574244611335,0.156266666666667,,FALSE
"XLOC_044085","PDLIM7",17,0,4,0.72993056226133,0.72993056226133,0.0665333333333333,,FALSE
"XLOC_044086","DOK3",12,0,0,0.368991252370315,0.368991252370315,0.0795666666666667,,FALSE
"XLOC_044087","DDX41",24,0,8,0.00801730492240665,0.00801730492240665,0.108466666666667,,FALSE
"XLOC_044088","FAM193B",19,0,1,0.139414195663464,0.139414195663464,0.0582,,FALSE
"XLOC_044095","NHP2",6,0,3,0.645342103203608,0.645342103203608,0.0363,,FALSE
"XLOC_044098","PHYKPL",20,0,3,0.84648766093446,0.84648766093446,0.0322,,FALSE
"XLOC_044099","COL23A1",5,0,0,0.965674046979597,0.965674046979597,0.0935333333333333,,FALSE
"XLOC_044101","CLK4",23,0,12,0.944285407875763,0.944285407875763,0.0851,,FALSE
"XLOC_044103","ZNF354A",5,0,4,0.128982519399165,0.128982519399165,0.350533333333333,,FALSE
"XLOC_044116","XLOC_044116",2,0,1,0.856294448974719,0.856294448974719,0.235533333333333,,FALSE
"XLOC_044118","HNRNPH1",60,0,21,0.355070567323014,0.355070567323014,0.0471,,FALSE
"XLOC_044121","MGAT4B",22,0,0,0.342562575112426,0.342562575112426,0.0431666666666667,,FALSE
"XLOC_044123","MRNIP",30,0,3,0.427643567533014,0.427643567533014,0.0607333333333334,,FALSE
"XLOC_044125","RNF130",12,0,4,0.789774206073538,0.789774206073538,0.0372333333333333,,FALSE
"XLOC_044133","MAPK9",14,0,3,0.788063352740833,0.788063352740833,0.0632666666666667,,FALSE
"XLOC_044141","MGAT1",32,0,10,0.710491129016279,0.710491129016279,0.0354666666666666,,FALSE
"XLOC_044144","ZFP62",7,0,3,0.97055162399403,0.97055162399403,0.1443,,FALSE
"XLOC_044155","RACK1",45,0,18,0.728980749141789,0.728980749141789,0.0437,,FALSE
"XLOC_044156","TRIM52",10,0,2,0.858980425935921,0.858980425935921,0.1023,,FALSE
"XLOC_044163","IRF4",7,0,1,0.42411859021332,0.42411859021332,0.130866666666667,,FALSE
"XLOC_044176","GMDS-DT",27,0,1,0.0872832455970795,0.0872832455970795,0.1495,,FALSE
"XLOC_044183","LINC01011",17,0,6,0.932124437198435,0.932124437198435,0.0876333333333333,,FALSE
"XLOC_044189","RIPK1",16,0,0,0.432738613624503,0.432738613624503,0.0958666666666667,,FALSE
"XLOC_044190","BPHL",10,0,2,0.196485101975671,0.196485101975671,0.0946666666666667,,FALSE
"XLOC_044203","PRPF4B",21,0,12,0.820123098437759,0.820123098437759,0.0735666666666667,,FALSE
"XLOC_044215","CDYL",9,0,4,0.127872247143462,0.127872247143462,0.0600666666666667,,FALSE
"XLOC_044226","LY86",3,0,2,0.918167242139083,0.918167242139083,0.006,,FALSE
"XLOC_044233","RREB1",8,0,0,0.919779778746326,0.919779778746326,0.0856333333333333,,FALSE
"XLOC_044237","RIOK1",9,0,5,0.832934934290637,0.832934934290637,0.0896666666666667,,FALSE
"XLOC_044254","GCNT2",12,0,2,0.418667862561984,0.418667862561984,0.1517,,FALSE
"XLOC_044259","TMEM14C",6,0,2,0.0333980303333939,0.0333980303333939,0.0282333333333333,,FALSE
"XLOC_044260","TMEM14B",25,1,9,1.36016144031859e-07,1.36016144031859e-07,0.158766666666667,0.158766666666667,TRUE
"XLOC_044273","XLOC_044273",10,0,8,0.702052286099615,0.702052286099615,0.493366666666667,,FALSE
"XLOC_044275","HIVEP1",10,0,1,0.834509393693747,0.834509393693747,0.0895333333333333,,FALSE
"XLOC_044286","SIRT5",18,0,1,0.495050766715348,0.495050766715348,0.0998333333333333,,FALSE
"XLOC_044293","CD83",20,0,19,0.0414124733221407,0.0414124733221407,0.0481,,FALSE
"XLOC_044306","MYLIP",4,0,2,0.658244073398503,0.658244073398503,0.189833333333333,,FALSE
"XLOC_044311","GMPR",5,1,2,0.0252410648194897,0.0252410648194897,0.158666666666667,0.158666666666667,FALSE
"XLOC_044312","ATXN1-AS1",5,0,0,0.589353748966226,0.589353748966226,0.190133333333333,,FALSE
"XLOC_044324","KDM1B",6,0,1,0.951533463995647,0.951533463995647,0.0729333333333334,,FALSE
"XLOC_044326","RNF144B",7,0,6,0.766172996387615,0.766172996387615,0.105333333333333,,FALSE
"XLOC_044338","E2F3",4,0,2,0.940308132774976,0.940308132774976,0.106633333333333,,FALSE
"XLOC_044341","CDKAL1",12,0,8,0.497827727007381,0.497827727007381,0.1558,,FALSE
"XLOC_044359","MRS2",11,0,6,0.910838644066982,0.910838644066982,0.0552333333333333,,FALSE
"XLOC_044360","ALDH5A1",8,0,0,0.313728502230613,0.313728502230613,0.0537,,FALSE
"XLOC_044379","CARMIL1",6,0,1,0.46453832995084,0.46453832995084,0.131933333333333,,FALSE
"XLOC_044386","TRIM38",14,0,13,0.0962128781578061,0.0962128781578061,0.0420333333333333,,FALSE
"XLOC_044394","HFE",11,0,1,0.0508027039737205,0.0508027039737205,0.0366,,FALSE
"XLOC_044407","H3C6",2,0,2,0.473301974785913,0.473301974785913,0.238566666666667,,FALSE
"XLOC_044413","BTN3A2",20,0,4,0.00175985002780401,0.00175985002780401,0.0471333333333333,,FALSE
"XLOC_044414","BTN2A2",24,0,8,0.265601909240566,0.265601909240566,0.1248,,FALSE
"XLOC_044415","BTN3A1",16,0,6,0.706842115117148,0.706842115117148,0.0732,,FALSE
"XLOC_044417","BTN3A3",20,1,7,0.00877625741731804,0.00877625741731804,0.1826,0.1826,TRUE
"XLOC_044418","BTN2A1",15,1,11,0.000226689898742573,0.000226689898742573,0.18,0.18,FALSE
"XLOC_044469","ZKSCAN8",3,0,0,0.581747478975205,0.581747478975205,0.0544333333333333,,FALSE
"XLOC_044474","ZSCAN9",7,0,5,0.024176064236244,0.024176064236244,0.2961,,FALSE
"XLOC_044476","ZSCAN26",14,0,5,0.127307859720005,0.127307859720005,0.293866666666667,,FALSE
"XLOC_044515","HLA-F",16,0,1,0.659527348999989,0.659527348999989,0.0651333333333333,,FALSE
"XLOC_044522","HLA-H",18,0,11,0.668564381648873,0.668564381648873,0.108433333333333,,FALSE
"XLOC_044534","POLR1H",7,0,2,0.326195377384251,0.326195377384251,0.0804666666666667,,FALSE
"XLOC_044535","PPP1R11",7,0,2,0.41377854124817,0.41377854124817,0.0403,,FALSE
"XLOC_044540","HLA-L",8,0,0,0.0164272832143467,0.0164272832143467,0.144766666666667,,FALSE
"XLOC_044541","TRIM39",26,0,5,0.919779778746326,0.919779778746326,0.0372333333333333,,FALSE
"XLOC_044548","HLA-E",7,0,5,0.885829517746209,0.885829517746209,0.0727,,FALSE
"XLOC_044550","PRR3",7,0,4,0.653809599008295,0.653809599008295,0.1417,,FALSE
"XLOC_044551","ABCF1",17,0,11,0.527455531892521,0.527455531892521,0.0939333333333333,,FALSE
"XLOC_044555","ATAT1",11,0,0,0.335803890316042,0.335803890316042,0.225966666666667,,FALSE
"XLOC_044557","C6orf136",10,0,0,0.382541345045616,0.382541345045616,0.0531,,FALSE
"XLOC_044559","TUBB",11,0,5,0.33741849288961,0.33741849288961,0.0800666666666667,,FALSE
"XLOC_044564","DDR1",12,0,0,0.443730353039554,0.443730353039554,0.205466666666667,,FALSE
"XLOC_044565","GTF2H4",21,0,3,0.935498182078581,0.935498182078581,0.0402333333333333,,FALSE
"XLOC_044573","TCF19",6,0,3,0.472299525052652,0.472299525052652,0.102333333333333,,FALSE
"XLOC_044584","MICA",24,0,6,0.118479625413534,0.118479625413534,0.189866666666667,,FALSE
"XLOC_044592","TNF",4,0,4,0.904809583452084,0.904809583452084,0.0579333333333333,,FALSE
"XLOC_044593","LST1",32,0,16,0.560858140579022,0.560858140579022,0.0196333333333333,,FALSE
"XLOC_044594","AIF1",13,0,10,0.130464981266277,0.130464981266277,0.0201666666666667,,FALSE
"XLOC_044601","CSNK2B",21,0,8,0.109138157321846,0.109138157321846,0.0243666666666667,,FALSE
"XLOC_044604","MSH5",25,0,3,0.240175945014496,0.240175945014496,0.135233333333333,,FALSE
"XLOC_044605","HSPA1A",3,0,2,0.979680337531974,0.979680337531974,0.0466333333333333,,FALSE
"XLOC_044606","HSPA1B",14,0,5,0.000152407186599668,0.000152407186599668,0.166433333333333,,FALSE
"XLOC_044608","C2",49,0,24,7.13706464793165e-06,7.13706464793165e-06,0.165933333333333,,FALSE
"XLOC_044609","SKIV2L",15,0,2,0.724075464040643,0.724075464040643,0.0898666666666667,,FALSE
"XLOC_044610","STK19",25,0,4,0.495692252997903,0.495692252997903,0.141633333333333,,FALSE
"XLOC_044616","PPT2",12,0,0,0.154894735838722,0.154894735838722,0.415,,FALSE
"XLOC_044622","HLA-DRA",11,1,11,4.57512865177999e-19,4.57512865177999e-19,0.194066666666667,0.194066666666667,TRUE
"XLOC_044627","PSMB8-AS1",13,0,5,0.0230642771210014,0.0230642771210014,0.1334,,FALSE
"XLOC_044630","BRD2",27,0,7,0.43323435560817,0.43323435560817,0.0528333333333333,,FALSE
"XLOC_044636","SLC39A7",9,0,6,0.797419645511279,0.797419645511279,0.0523666666666667,,FALSE
"XLOC_044639","RING1",2,0,0,3.5477695835867e-12,3.5477695835867e-12,0.130033333333333,,FALSE
"XLOC_044643","RPS18",11,0,8,0.669600405599727,0.669600405599727,0.00106666666666666,,FALSE
"XLOC_044645","PFDN6",8,1,1,3.77020684795584e-20,3.77020684795584e-20,0.239933333333333,0.239933333333333,FALSE
"XLOC_044649","PHF1",11,0,0,0.0767873631398613,0.0767873631398613,0.0482666666666667,,FALSE
"XLOC_044651","ZBTB9",3,0,0,0.6433267006173,0.6433267006173,0.0893666666666666,,FALSE
"XLOC_044662","HMGA1",8,0,2,0.387278854919528,0.387278854919528,0.0968333333333333,,FALSE
"XLOC_044664","XLOC_044664",12,0,8,0.102683590768233,0.102683590768233,0.234633333333333,,FALSE
"XLOC_044672","UHRF1BP1",4,0,3,0.907403163331017,0.907403163331017,0.0191,,FALSE
"XLOC_044677","ZNF76",14,0,6,0.69220038712838,0.69220038712838,0.140733333333333,,FALSE
"XLOC_044678","DEF6",2,0,0,0.618462131696315,0.618462131696315,0.086,,FALSE
"XLOC_044679","PPARD",15,0,12,0.442300518077001,0.442300518077001,0.0687666666666666,,FALSE
"XLOC_044681","FANCE",12,0,4,0.118006768114432,0.118006768114432,0.0940333333333333,,FALSE
"XLOC_044694","MAPK14",17,0,8,0.856075236545589,0.856075236545589,0.0753,,FALSE
"XLOC_044695","MAPK13",6,0,2,0.974516085232576,0.974516085232576,0.0336333333333333,,FALSE
"XLOC_044696","BRPF3",12,0,2,0.0646131735726043,0.0646131735726043,0.1052,,FALSE
"XLOC_044700","KCTD20",14,0,5,0.637011615633945,0.637011615633945,0.0476666666666667,,FALSE
"XLOC_044702","SRSF3",22,0,16,0.000103027680787208,0.000103027680787208,0.0546,,FALSE
"XLOC_044709","C6orf89",8,0,5,0.0196947644038272,0.0196947644038272,0.0748666666666667,,FALSE
"XLOC_044711","FGD2",11,1,0,0.0173804972922465,0.0173804972922465,0.359866666666667,0.359866666666667,FALSE
"XLOC_044715","TBC1D22B",5,0,5,0.464297344849244,0.464297344849244,0.1311,,FALSE
"XLOC_044716","RNF8",9,0,1,0.000375741784804225,0.000375741784804225,0.0892,,FALSE
"XLOC_044717","CMTR1",9,0,3,0.20519197074562,0.20519197074562,0.0647,,FALSE
"XLOC_044764","UBR2",12,0,9,0.105976774598372,0.105976774598372,0.1355,,FALSE
"XLOC_044768","RPL7L1",23,0,15,0.0576726031750636,0.0576726031750636,0.0705,,FALSE
"XLOC_044770","CNPY3",8,0,7,0.954214913303788,0.954214913303788,0.0292666666666667,,FALSE
"XLOC_044773","PPP2R5D",9,0,1,0.737104500783785,0.737104500783785,0.0531666666666666,,FALSE
"XLOC_044776","KLC4",17,0,2,0.951680499958375,0.951680499958375,0.109533333333333,,FALSE
"XLOC_044779","CUL9",21,0,3,0.139145793538813,0.139145793538813,0.145666666666667,,FALSE
"XLOC_044787","ABCC10",9,0,0,0.0167427813279096,0.0167427813279096,0.0467666666666667,,FALSE
"XLOC_044791","TJAP1",12,0,1,0.00580806874362634,0.00580806874362634,0.114466666666667,,FALSE
"XLOC_044792","POLR1C",18,1,10,6.80641518226142e-09,6.80641518226142e-09,0.196133333333333,0.196133333333333,TRUE
"XLOC_044797","VEGFA",12,0,0,0.233062251256413,0.233062251256413,0.0672333333333333,,FALSE
"XLOC_044801","C6orf223",4,0,0,0.782440545705398,0.782440545705398,0.173533333333333,,FALSE
"XLOC_044803","TMEM63B",6,0,0,0.602622402517027,0.602622402517027,0.148933333333333,,FALSE
"XLOC_044807","SLC29A1",61,0,44,0.0490261392316119,0.0490261392316119,0.0240666666666667,,FALSE
"XLOC_044828","MEP1A",6,0,2,0.689689459680949,0.689689459680949,0.0858,,FALSE
"XLOC_044840","CENPQ",7,0,6,0.300924414657367,0.300924414657367,0.1838,,FALSE
"XLOC_044857","EFHC1",25,0,2,0.960113322740593,0.960113322740593,0.0923666666666667,,FALSE
"XLOC_044859","TRAM2-AS1",13,0,0,0.159326857520384,0.159326857520384,0.245466666666667,,FALSE
"XLOC_044862","TMEM14A",2,0,2,0.994891687704392,0.994891687704392,0.0579333333333334,,FALSE
"XLOC_044865","FBXO9",9,0,1,0.435445405622702,0.435445405622702,0.0738666666666667,,FALSE
"XLOC_044892","KIAA1586",3,0,1,0.781388462419388,0.781388462419388,0.227666666666667,,FALSE
"XLOC_044893","ZNF451",13,0,3,0.828735842964101,0.828735842964101,0.105266666666667,,FALSE
"XLOC_044895","PRIM2",9,0,3,0.280336759899468,0.280336759899468,0.101433333333333,,FALSE
"XLOC_044913","PTP4A1",9,0,5,0.988207934059466,0.988207934059466,0.0688666666666667,,FALSE
"XLOC_044914","PHF3",14,0,5,0.691776637226532,0.691776637226532,0.0934666666666667,,FALSE
"XLOC_044933","FAM135A",16,0,2,0.945544122147522,0.945544122147522,0.0867333333333333,,FALSE
"XLOC_044935","SDHAF4",2,0,0,0.800714020749246,0.800714020749246,0.0123666666666667,,FALSE
"XLOC_044937","SMAP1",9,0,4,0.47733614477096,0.47733614477096,0.0910666666666667,,FALSE
"XLOC_044946","OGFRL1",7,0,4,0.530210739989512,0.530210739989512,0.161833333333333,,FALSE
"XLOC_044962","MTO1",43,0,8,0.0114160989668031,0.0114160989668031,0.0956666666666667,,FALSE
"XLOC_044967","CD109",20,0,16,0.44290166453824,0.44290166453824,0.0915333333333333,,FALSE
"XLOC_044979","SENP6",27,0,15,0.0389996565174383,0.0389996565174383,0.0568,,FALSE
"XLOC_044982","MYO6",22,0,14,0.488825108043547,0.488825108043547,0.2074,,FALSE
"XLOC_045004","TTK",11,0,6,0.0377200988766024,0.0377200988766024,0.317066666666667,,FALSE
"XLOC_045017","DOP1A",6,0,1,0.842268341646897,0.842268341646897,0.0818,,FALSE
"XLOC_045018","RWDD2A",6,0,5,0.310831397936516,0.310831397936516,0.122866666666667,,FALSE
"XLOC_045023","CYB5R4",7,0,4,0.0952797460620074,0.0952797460620074,0.0405666666666666,,FALSE
"XLOC_045033","NT5E",8,0,4,0.752958032598951,0.752958032598951,0.246933333333333,,FALSE
"XLOC_045045","ZNF292",5,0,0,0.953197231168096,0.953197231168096,0.0640999999999999,,FALSE
"XLOC_045047","SMIM8",7,0,0,0.294708655714964,0.294708655714964,0.156366666666667,,FALSE
"XLOC_045050","CFAP206",16,0,12,0.268468185151153,0.268468185151153,0.0906666666666667,,FALSE
"XLOC_045052","ORC3",19,0,16,0.184259618913378,0.184259618913378,0.1549,,FALSE
"XLOC_045064","PNRC1",6,0,4,0.424698325398576,0.424698325398576,0.0365666666666666,,FALSE
"XLOC_045068","ANKRD6",16,0,2,0.00361415674157306,0.00361415674157306,0.255966666666667,,FALSE
"XLOC_045101","MANEA",8,0,0,0.981303031588092,0.981303031588092,0.0547333333333333,,FALSE
"XLOC_045105","UFL1",6,0,5,0.0300307213244247,0.0300307213244247,0.1364,,FALSE
"XLOC_045119","TSTD3",8,0,1,0.650213856132615,0.650213856132615,0.278866666666667,,FALSE
"XLOC_045148","CRYBG1",11,0,8,0.0193043372111177,0.0193043372111177,0.106833333333333,,FALSE
"XLOC_045158","MTRES1",5,0,1,0.0356737613040068,0.0356737613040068,0.183333333333333,,FALSE
"XLOC_045176","AFG1L",7,0,2,0.170610651159048,0.170610651159048,0.2256,,FALSE
"XLOC_045184","ARMC2",5,0,1,0.787051915881291,0.787051915881291,0.165666666666667,,FALSE
"XLOC_045186","CEP57L1",54,0,26,0.0323241437189837,0.0323241437189837,0.0798333333333333,,FALSE
"XLOC_045190","SMPD2",3,0,0,0.973440286241923,0.973440286241923,0.0373666666666667,,FALSE
"XLOC_045192","FIG4",62,0,17,0.011624498136706,0.011624498136706,0.0454,,FALSE
"XLOC_045194","CDC40",8,0,6,0.417101413797234,0.417101413797234,0.0879333333333333,,FALSE
"XLOC_045201","AMD1",15,0,8,0.570781413423342,0.570781413423342,0.0464666666666667,,FALSE
"XLOC_045207","GTF3C6",6,0,5,0.905884665012701,0.905884665012701,0.0740333333333333,,FALSE
"XLOC_045208","RPF2",6,0,3,0.8735760369743,0.8735760369743,0.119366666666667,,FALSE
"XLOC_045210","MFSD4B",15,0,0,0.569185513553989,0.569185513553989,0.0609,,FALSE
"XLOC_045236","HDAC2-AS2",11,0,2,0.50670027552216,0.50670027552216,0.1796,,FALSE
"XLOC_045241","DSE",19,0,4,0.452120419055268,0.452120419055268,0.0728,,FALSE
"XLOC_045245","RWDD1",7,0,2,0.194300587845544,0.194300587845544,0.0402,,FALSE
"XLOC_045254","DCBLD1",7,0,0,0.336507425162809,0.336507425162809,0.111766666666667,,FALSE
"XLOC_045256","NUS1",6,0,5,0.586485659918108,0.586485659918108,0.119533333333333,,FALSE
"XLOC_045264","ASF1A",3,0,2,0.181212372920352,0.181212372920352,0.0179333333333334,,FALSE
"XLOC_045282","HSF2",7,0,4,0.957000430028302,0.957000430028302,0.203133333333333,,FALSE
"XLOC_045284","PKIB",11,0,4,0.830054063999855,0.830054063999855,0.2065,,FALSE
"XLOC_045288","SMPDL3A",4,0,2,0.966218929547012,0.966218929547012,0.0439666666666667,,FALSE
"XLOC_045295","RNF217",10,0,0,0.0181859413017222,0.0181859413017222,0.167733333333333,,FALSE
"XLOC_045296","TPD52L1",12,0,1,0.224738520747096,0.224738520747096,0.3256,,FALSE
"XLOC_045300","NCOA7",14,2,4,5.41945478936502e-11,5.41945478936502e-11,0.522466666666667,0.522466666666667,FALSE
"XLOC_045310","RNF146",13,0,7,0.847080834385259,0.847080834385259,0.0992666666666667,,FALSE
"XLOC_045329","AKAP7",13,0,4,0.256737133751229,0.256737133751229,0.2297,,FALSE
"XLOC_045351","RPS12",6,0,5,0.0108425927102902,0.0108425927102902,0.0503,,FALSE
"XLOC_045361","TBPL1",7,0,0,0.0627005613808175,0.0627005613808175,0.124233333333333,,FALSE
"XLOC_045369","LINC01010",92,0,79,0.00490811777969697,0.00490811777969697,0.0185333333333333,,FALSE
"XLOC_045391","PEX7",7,0,0,0.895582837225462,0.895582837225462,0.0190333333333333,,FALSE
"XLOC_045399","TNFAIP3",15,0,10,0.981303031588092,0.981303031588092,0.0380666666666666,,FALSE
"XLOC_045405","HEBP2",3,0,0,0.792859129651891,0.792859129651891,0.121833333333333,,FALSE
"XLOC_045408","CCDC28A",2,0,2,0.855523533968993,0.855523533968993,0.00366666666666671,,FALSE
"XLOC_045411","ABRACL",5,0,4,0.436357582364858,0.436357582364858,0.0186333333333333,,FALSE
"XLOC_045427","VTA1",8,0,5,0.564845562985891,0.564845562985891,0.163333333333333,,FALSE
"XLOC_045433","AIG1",16,0,9,0.498534111122211,0.498534111122211,0.1565,,FALSE
"XLOC_045438","PEX3",8,0,1,0.862565112480338,0.862565112480338,0.166166666666667,,FALSE
"XLOC_045440","PHACTR2",23,0,9,0.440003463125922,0.440003463125922,0.1657,,FALSE
"XLOC_045446","UTRN",15,0,8,0.633042027099418,0.633042027099418,0.0631333333333333,,FALSE
"XLOC_045462","STXBP5",12,1,7,4.16241364792214e-07,4.16241364792214e-07,0.2176,0.2176,TRUE
"XLOC_045470","UST",3,0,1,0.660195092674931,0.660195092674931,0.217966666666667,,FALSE
"XLOC_045472","TAB2",14,0,8,0.807412416394729,0.807412416394729,0.0636666666666667,,FALSE
"XLOC_045478","GINM1",6,0,3,0.745310450076175,0.745310450076175,0.0315,,FALSE
"XLOC_045483","PCMT1",17,0,8,0.036655332519542,0.036655332519542,0.0507333333333333,,FALSE
"XLOC_045503","MTHFD1L",15,0,11,0.0253949548789162,0.0253949548789162,0.142,,FALSE
"XLOC_045512","ESR1",6,0,0,0.953197231168096,0.953197231168096,0.0829666666666666,,FALSE
"XLOC_045538","SCAF8",29,0,13,0.000486313333469791,0.000486313333469791,0.1204,,FALSE
"XLOC_045545","ARID1B",39,0,7,0.25608559971779,0.25608559971779,0.0852,,FALSE
"XLOC_045551","SNX9",22,0,4,0.91416483640728,0.91416483640728,0.0800000000000001,,FALSE
"XLOC_045554","SYNJ2",8,0,3,0.620479393171289,0.620479393171289,0.159566666666667,,FALSE
"XLOC_045557","TULP4",7,0,0,0.97055162399403,0.97055162399403,0.0746666666666667,,FALSE
"XLOC_045562","SYTL3",18,1,15,0.000359770125115378,0.000359770125115378,0.274566666666667,0.274566666666667,TRUE
"XLOC_045573","WTAP",26,0,18,1.32936956514589e-06,1.32936956514589e-06,0.063,,FALSE
"XLOC_045574","ACAT2",14,0,13,0.806103656865475,0.806103656865475,0.0381333333333334,,FALSE
"XLOC_045575","MRPL18",11,0,8,0.945963893751699,0.945963893751699,0.0984333333333333,,FALSE
"XLOC_045578","IGF2R",18,0,7,0.300258156463512,0.300258156463512,0.1017,,FALSE
"XLOC_045588","MAP3K4",14,0,5,0.818925726544218,0.818925726544218,0.0751,,FALSE
"XLOC_045594","QKI",17,0,3,0.51290091117819,0.51290091117819,0.1262,,FALSE
"XLOC_045620","CEP43",17,0,7,0.871464064668716,0.871464064668716,0.1248,,FALSE
"XLOC_045629","AFDN",18,0,2,0.129914907731754,0.129914907731754,0.0984333333333334,,FALSE
"XLOC_045647","ERMARD",22,0,9,0.603331297607411,0.603331297607411,0.139833333333333,,FALSE
"XLOC_045658","FAM120B",13,0,10,0.377245018371705,0.377245018371705,0.0717,,FALSE
"XLOC_045662","TBP",10,0,7,0.714017597087842,0.714017597087842,0.143433333333333,,FALSE
"XLOC_045673","EXOC2",8,0,6,0.631249872371004,0.631249872371004,0.1319,,FALSE
"XLOC_045688","GMDS",7,0,0,0.10230881603861,0.10230881603861,0.1244,,FALSE
"XLOC_045693","SERPINB1",11,0,7,0.0498705766180377,0.0498705766180377,0.0415666666666667,,FALSE
"XLOC_045696","SERPINB9",5,0,4,0.0738832331613176,0.0738832331613176,0.0638333333333333,,FALSE
"XLOC_045698","SERPINB6",27,0,7,0.547383267215876,0.547383267215876,0.00906666666666667,,FALSE
"XLOC_045704","TUBB2A",7,0,1,0.898174103246595,0.898174103246595,0.0715333333333333,,FALSE
"XLOC_045711","PXDC1",5,0,1,0.138226849175279,0.138226849175279,0.131466666666667,,FALSE
"XLOC_045717","ECI2",11,0,2,0.877325460747664,0.877325460747664,0.0091,,FALSE
"XLOC_045724","RPP40",7,0,2,0.613029441719917,0.613029441719917,0.1309,,FALSE
"XLOC_045727","LYRM4",11,0,7,0.964524037015369,0.964524037015369,0.0464333333333333,,FALSE
"XLOC_045738","F13A1",4,0,1,0.523033214391142,0.523033214391142,0.0196666666666667,,FALSE
"XLOC_045742","BTF3P7",22,0,12,0.631249872371004,0.631249872371004,0.0921333333333333,,FALSE
"XLOC_045749","SSR1",17,0,5,0.318720356006551,0.318720356006551,0.0574,,FALSE
"XLOC_045756","TXNDC5",25,0,11,0.316864263400316,0.316864263400316,0.0451,,FALSE
"XLOC_045759","SLC35B3",14,0,10,0.523787599493112,0.523787599493112,0.1076,,FALSE
"XLOC_045780","NEDD9",17,0,5,0.82678798731603,0.82678798731603,0.102366666666667,,FALSE
"XLOC_045782","ADTRP",15,0,8,0.468828630543248,0.468828630543248,0.1456,,FALSE
"XLOC_045787","TBC1D7",27,0,3,0.497091748607748,0.497091748607748,0.150633333333333,,FALSE
"XLOC_045791","RANBP9",6,0,4,0.0109078440912331,0.0109078440912331,0.1388,,FALSE
"XLOC_045793","MCUR1",4,0,1,0.77173833491898,0.77173833491898,0.0622666666666667,,FALSE
"XLOC_045806","DTNBP1",10,0,2,0.518538001608621,0.518538001608621,0.0592333333333333,,FALSE
"XLOC_045811","ATXN1",19,0,5,0.451290392267029,0.451290392267029,0.0530666666666667,,FALSE
"XLOC_045818","NUP153",8,0,5,0.989191405691663,0.989191405691663,0.0849,,FALSE
"XLOC_045821","KIF13A",9,0,0,0.961686927682444,0.961686927682444,0.0584666666666667,,FALSE
"XLOC_045823","TPMT",13,0,12,0.530566195149341,0.530566195149341,0.0717,,FALSE
"XLOC_045824","DEK",16,0,5,0.948942883822843,0.948942883822843,0.0437,,FALSE
"XLOC_045861","TDP2",19,0,17,1.56315248587765e-05,1.56315248587765e-05,0.0771,,FALSE
"XLOC_045862","C6orf62",17,0,16,0.55947072197461,0.55947072197461,0.0275333333333333,,FALSE
"XLOC_045868","CMAHP",17,0,5,0.805151924670902,0.805151924670902,0.143133333333333,,FALSE
"XLOC_045896","H4C8",3,0,1,0.976655726009644,0.976655726009644,0.1041,,FALSE
"XLOC_045901","ZNF322",5,0,0,0.196372144120553,0.196372144120553,0.129833333333333,,FALSE
"XLOC_045910","H2BC12",2,0,1,0.853330335070106,0.853330335070106,0.0253666666666668,,FALSE
"XLOC_045914","ZNF184",3,0,0,0.821789938537733,0.821789938537733,0.188633333333333,,FALSE
"XLOC_045933","ZSCAN16-AS1",4,0,0,0.880116522066392,0.880116522066392,0.1245,,FALSE
"XLOC_045953","TRIM27",9,0,2,0.486571919586464,0.486571919586464,0.0794,,FALSE
"XLOC_045974","UBD",11,0,0,0.963634619285646,0.963634619285646,0.111,,FALSE
"XLOC_046001","TRIM26",7,0,0,0.611960067544726,0.611960067544726,0.129833333333333,,FALSE
"XLOC_046003","HCG17",32,0,3,0.0107162665246229,0.0107162665246229,0.1512,,FALSE
"XLOC_046008","PPP1R10",7,0,0,0.951494759895179,0.951494759895179,0.0162,,FALSE
"XLOC_046009","DHX16",8,0,4,0.969596942163211,0.969596942163211,0.100866666666667,,FALSE
"XLOC_046011","NRM",8,0,3,0.618347386401123,0.618347386401123,0.0956333333333333,,FALSE
"XLOC_046015","FLOT1",15,0,3,0.291272506947273,0.291272506947273,0.0258333333333333,,FALSE
"XLOC_046017","IER3",3,0,1,0.717044668998098,0.717044668998098,0.0155333333333333,,FALSE
"XLOC_046033","HLA-C",17,0,10,0.101094076144909,0.101094076144909,0.0325666666666666,,FALSE
"XLOC_046037","HLA-B",20,0,10,0.926001954467087,0.926001954467087,0.0223333333333334,,FALSE
"XLOC_046045","DDX39B",32,0,12,0.62516285049026,0.62516285049026,0.0396666666666667,,FALSE
"XLOC_046048","LTB",4,0,0,0.773940956129669,0.773940956129669,0.169466666666667,,FALSE
"XLOC_046051","BAG6",32,0,3,6.2037284966077e-08,6.2037284966077e-08,0.0239,,FALSE
"XLOC_046053","GPANK1",8,0,2,0.974821538229611,0.974821538229611,0.0302333333333333,,FALSE
"XLOC_046055","ABHD16A",23,0,10,0.0103250347993174,0.0103250347993174,0.0469666666666667,,FALSE
"XLOC_046058","DDAH2",24,0,10,0.0480830043103395,0.0480830043103395,0.0523666666666667,,FALSE
"XLOC_046062","VARS1",15,0,3,0.952492655340824,0.952492655340824,0.0274,,FALSE
"XLOC_046064","LSM2",5,0,3,0.306378554941649,0.306378554941649,0.136433333333333,,FALSE
"XLOC_046067","NEU1",11,0,4,0.000133396057371384,0.000133396057371384,0.0251666666666667,,FALSE
"XLOC_046069","EHMT2",7,0,0,0.751299333603005,0.751299333603005,0.117533333333333,,FALSE
"XLOC_046072","NELFE",14,0,3,0.793875925666461,0.793875925666461,0.0504333333333333,,FALSE
"XLOC_046077","TNXB",17,0,8,0.577596902401843,0.577596902401843,0.158066666666667,,FALSE
"XLOC_046081","AGPAT1",9,0,5,0.973164590618576,0.973164590618576,0.0791333333333333,,FALSE
"XLOC_046083","PBX2",16,0,4,0.272556438494283,0.272556438494283,0.1374,,FALSE
"XLOC_046090","HLA-DRB1",13,0,9,1.33939187054569e-06,1.33939187054569e-06,0.0430666666666667,,FALSE
"XLOC_046091","HLA-DQB1",12,0,4,6.68166358400891e-07,6.68166358400891e-07,0.00863333333333338,,FALSE
"XLOC_046096","HLA-DOB",9,0,1,0.940629297517491,0.940629297517491,0.0859,,FALSE
"XLOC_046097","PSMB8",13,0,8,0.643075457599176,0.643075457599176,0.0184666666666667,,FALSE
"XLOC_046098","TAP1",20,0,17,0.00305626592972107,0.00305626592972107,0.0209,,FALSE
"XLOC_046101","HLA-DMB",26,0,13,0.261123506250683,0.261123506250683,0.0172333333333333,,FALSE
"XLOC_046103","HLA-DOA",6,0,0,0.357312961099296,0.357312961099296,0.0374666666666667,,FALSE
"XLOC_046104","HLA-DPA1",16,0,8,0.474467371101818,0.474467371101818,0.0375333333333333,,FALSE
"XLOC_046107","HLA-DPA3",8,0,7,0.953326267952415,0.953326267952415,0.0703,,FALSE
"XLOC_046109","RXRB",8,0,3,0.779719936560831,0.779719936560831,0.0423333333333333,,FALSE
"XLOC_046112","VPS52",31,0,22,0.0335225982744067,0.0335225982744067,0.0463,,FALSE
"XLOC_046113","WDR46",14,0,6,0.613769785033794,0.613769785033794,0.0664,,FALSE
"XLOC_046114","RGL2",11,0,1,0.917896308399457,0.917896308399457,0.0563,,FALSE
"XLOC_046115","TAPBP",16,0,9,0.00138972937433655,0.00138972937433655,0.0848333333333333,,FALSE
"XLOC_046116","ZBTB22",2,0,0,0.148412851476349,0.148412851476349,0.243066666666667,,FALSE
"XLOC_046117","DAXX",27,0,21,0.104979401494424,0.104979401494424,0.0485666666666667,,FALSE
"XLOC_046121","CUTA",11,0,2,0.458895941259668,0.458895941259668,0.0431333333333333,,FALSE
"XLOC_046124","BAK1",8,0,7,5.6695413271967e-07,5.6695413271967e-07,0.161866666666667,,FALSE
"XLOC_046126","UQCC2",10,0,6,0.474422367943888,0.474422367943888,0.0681333333333333,,FALSE
"XLOC_046128","LEMD2",10,0,0,0.0164468699335589,0.0164468699335589,0.0527666666666667,,FALSE
"XLOC_046134","SMIM29",8,0,1,0.148433602753723,0.148433602753723,0.0306666666666667,,FALSE
"XLOC_046136","NUDT3",15,0,7,0.710698513999162,0.710698513999162,0.00556666666666661,,FALSE
"XLOC_046141","TAF11",14,0,3,0.247706825786857,0.247706825786857,0.0269,,FALSE
"XLOC_046150","FKBP5",17,0,15,0.0641182143174053,0.0641182143174053,0.129666666666667,,FALSE
"XLOC_046155","SRPK1",16,0,9,2.81707215011963e-06,2.81707215011963e-06,0.141233333333333,,FALSE
"XLOC_046164","STK38",10,0,9,0.647752761579853,0.647752761579853,0.0640666666666667,,FALSE
"XLOC_046173","MTCH1",34,0,4,0.923947682330388,0.923947682330388,0.0093,,FALSE
"XLOC_046174","TMEM217",14,0,0,0.0112851068659741,0.0112851068659741,0.0973666666666667,,FALSE
"XLOC_046177","CCDC167",2,0,2,0.853947854311984,0.853947854311984,0.00463333333333333,,FALSE
"XLOC_046184","BTBD9",7,0,2,0.92678811007788,0.92678811007788,0.0812333333333333,,FALSE
"XLOC_046185","GLO1",10,0,9,0.0742915319787386,0.0742915319787386,0.1133,,FALSE
"XLOC_046205","UNC5CL",16,0,1,0.477622945270695,0.477622945270695,0.0769333333333334,,FALSE
"XLOC_046207","TREML1",16,0,12,0.800714020749246,0.800714020749246,0.0651333333333333,,FALSE
"XLOC_046210","TREML3P",13,0,6,0.984652587825055,0.984652587825055,0.0834,,FALSE
"XLOC_046217","TFEB",17,1,0,0.00290862890763385,0.00290862890763385,0.1602,0.1602,FALSE
"XLOC_046221","USP49",13,0,4,0.855519460540634,0.855519460540634,0.0847666666666665,,FALSE
"XLOC_046222","CCND3",15,0,1,0.373786996391379,0.373786996391379,0.0131333333333333,,FALSE
"XLOC_046227","MRPS10",12,0,12,0.637786163795653,0.637786163795653,0.0881,,FALSE
"XLOC_046236","PEX6",4,0,3,0.974199003273824,0.974199003273824,0.0675333333333333,,FALSE
"XLOC_046240","CUL7",30,0,6,0.559052412901645,0.559052412901645,0.0626333333333333,,FALSE
"XLOC_046248","YIPF3",23,0,11,0.884680258875564,0.884680258875564,0.0307666666666667,,FALSE
"XLOC_046250","XPO5",14,0,6,0.0395680342227585,0.0395680342227585,0.0791333333333333,,FALSE
"XLOC_046253","GTPBP2",20,0,10,0.444291374598857,0.444291374598857,0.0504333333333333,,FALSE
"XLOC_046262","MRPL14",4,0,3,0.201725560866061,0.201725560866061,0.155466666666667,,FALSE
"XLOC_046264","NFKBIE",5,0,2,0.974613497648237,0.974613497648237,0.0550333333333333,,FALSE
"XLOC_046266","AARS2",2,0,0,0.620733279389941,0.620733279389941,0.0278333333333334,,FALSE
"XLOC_046267","SUPT3H",9,0,2,0.953705676217044,0.953705676217044,0.1417,,FALSE
"XLOC_046278","PLA2G7",22,0,21,0.73824116373822,0.73824116373822,0.0578333333333333,,FALSE
"XLOC_046319","MCM3",22,0,19,0.997654398175436,0.997654398175436,0.0641333333333333,,FALSE
"XLOC_046334","CILK1",3,0,0,0.247706825786857,0.247706825786857,0.1924,,FALSE
"XLOC_046341","ELOVL5",18,1,15,0.0205496698790442,0.0205496698790442,0.158733333333333,0.158733333333333,TRUE
"XLOC_046345","GCLC",20,0,8,0.00564617771911916,0.00564617771911916,0.0441666666666667,,FALSE
"XLOC_046364","DST",29,0,1,0.618907855076919,0.618907855076919,0.0673,,FALSE
"XLOC_046367","RAB23",4,0,3,0.442101318862511,0.442101318862511,0.1171,,FALSE
"XLOC_046372","GUSBP4",10,0,3,0.855866032551808,0.855866032551808,0.122266666666667,,FALSE
"XLOC_046405","LMBRD1",24,1,12,0.0301069966297253,0.0301069966297253,0.154433333333333,0.154433333333333,TRUE
"XLOC_046432","EEF1A1",40,0,25,6.19370173933491e-07,6.19370173933491e-07,0.0249,,FALSE
"XLOC_046435","SLC17A5",8,0,6,0.262925112100685,0.262925112100685,0.143966666666667,,FALSE
"XLOC_046442","COX7A2",12,0,6,0.0908635562504698,0.0908635562504698,0.0384,,FALSE
"XLOC_046443","TMEM30A",12,0,8,0.391983669744991,0.391983669744991,0.0608,,FALSE
"XLOC_046461","HMGN3",10,0,8,0.506639155715547,0.506639155715547,0.0132,,FALSE
"XLOC_046480","TENT5A",8,0,3,0.767462040941665,0.767462040941665,0.0629000000000001,,FALSE
"XLOC_046486","IBTK",28,0,19,2.81611652964882e-09,2.81611652964882e-09,0.0889333333333333,,FALSE
"XLOC_046492","PGM3",19,0,9,0.0188702585135984,0.0188702585135984,0.2043,,FALSE
"XLOC_046496","CEP162",7,0,2,0.221544787059364,0.221544787059364,0.3481,,FALSE
"XLOC_046506","SNX14",163,0,42,0.195283712146558,0.195283712146558,0.0179333333333333,,FALSE
"XLOC_046525","RARS2",59,0,20,0.0125648750708489,0.0125648750708489,0.0634,,FALSE
"XLOC_046526","AKIRIN2",4,0,2,0.844700336914226,0.844700336914226,0.1098,,FALSE
"XLOC_046532","RNGTT",8,0,4,0.681591080761359,0.681591080761359,0.067,,FALSE
"XLOC_046540","UBE2J1",7,0,6,0.87665040208815,0.87665040208815,0.0602666666666667,,FALSE
"XLOC_046545","MDN1",7,0,5,0.998979065849326,0.998979065849326,0.0829666666666667,,FALSE
"XLOC_046550","MAP3K7",16,0,12,0.130473694225284,0.130473694225284,0.0729666666666667,,FALSE
"XLOC_046582","FBXL4",8,0,6,0.946096472778915,0.946096472778915,0.108933333333333,,FALSE
"XLOC_046584","COQ3",4,0,3,0.140464217519925,0.140464217519925,0.136666666666667,,FALSE
"XLOC_046585","PNISR",26,0,15,0.0482955546913606,0.0482955546913606,0.0789666666666667,,FALSE
"XLOC_046586","USP45",10,0,2,0.966616014924391,0.966616014924391,0.160866666666667,,FALSE
"XLOC_046587","CCNC",23,0,10,0.624140095261133,0.624140095261133,0.118266666666667,,FALSE
"XLOC_046593","ASCC3",14,0,8,0.900262985610363,0.900262985610363,0.0463666666666667,,FALSE
"XLOC_046610","PREP",9,0,7,0.171424877606124,0.171424877606124,0.0528333333333333,,FALSE
"XLOC_046614","ATG5",13,0,4,0.0451929930396244,0.0451929930396244,0.0557666666666667,,FALSE
"XLOC_046618","RTN4IP1",2,0,0,0.187558996981186,0.187558996981186,0.162533333333333,,FALSE
"XLOC_046625","PDSS2",4,0,4,0.926120477003213,0.926120477003213,0.0988666666666667,,FALSE
"XLOC_046629","SEC63",22,0,14,0.693910979372814,0.693910979372814,0.0465333333333333,,FALSE
"XLOC_046634","OSTM1",7,0,3,0.73037740900868,0.73037740900868,0.0473666666666667,,FALSE
"XLOC_046635","SNX3",5,0,2,0.87815956466763,0.87815956466763,0.0968666666666666,,FALSE
"XLOC_046645","SESN1",9,1,3,0.00237126964362705,0.00237126964362705,0.2499,0.2499,TRUE
"XLOC_046649","CD164",28,0,24,0.00418437678588839,0.00418437678588839,0.0880666666666667,,FALSE
"XLOC_046652","AK9",14,0,3,0.668145179939151,0.668145179939151,0.0963666666666667,,FALSE
"XLOC_046655","METTL24",10,0,8,0.125600099161612,0.125600099161612,0.156666666666667,,FALSE
"XLOC_046656","SLC22A16",16,0,10,0.833992315469281,0.833992315469281,0.1673,,FALSE
"XLOC_046659","CDK19",7,0,0,0.711303373594467,0.711303373594467,0.0666000000000001,,FALSE
"XLOC_046666","REV3L",12,0,3,0.126346339275148,0.126346339275148,0.102666666666667,,FALSE
"XLOC_046669","TRAF3IP2",21,0,8,6.26697208268572e-07,6.26697208268572e-07,0.100166666666667,,FALSE
"XLOC_046670","FYN",26,0,4,0.0647445777142512,0.0647445777142512,0.0348,,FALSE
"XLOC_046672","TUBE1",16,0,7,0.135402842913491,0.135402842913491,0.205933333333333,,FALSE
"XLOC_046687","LINC02541",27,0,22,0.0690667271032144,0.0690667271032144,0.115633333333333,,FALSE
"XLOC_046690","HDAC2",27,0,12,0.0120159092410486,0.0120159092410486,0.0369,,FALSE
"XLOC_046708","TSPYL1",4,0,2,0.917723018083722,0.917723018083722,0.0840666666666667,,FALSE
"XLOC_046714","ZUP1",10,1,10,1.08954820013583e-06,1.08954820013583e-06,0.207233333333333,0.189033333333333,TRUE
"XLOC_046719","ROS1",8,0,3,0.243391668209366,0.243391668209366,0.3644,,FALSE
"XLOC_046724","CEP85L",6,0,0,0.00812355657445247,0.00812355657445247,0.325033333333333,,FALSE
"XLOC_046741","SERINC1",17,0,17,0.335848449768542,0.335848449768542,0.0596666666666667,,FALSE
"XLOC_046749","HDDC2",17,0,8,0.00169524488243961,0.00169524488243961,0.109433333333333,,FALSE
"XLOC_046758","ECHDC1",23,0,12,0.118442649416977,0.118442649416977,0.0919,,FALSE
"XLOC_046773","ARHGAP18",21,0,17,0.000124670180160699,0.000124670180160699,0.0903666666666667,,FALSE
"XLOC_046781","EPB41L2",33,0,11,0.0301831131309626,0.0301831131309626,0.0733666666666667,,FALSE
"XLOC_046783","MED23",14,0,7,0.36662566497857,0.36662566497857,0.1326,,FALSE
"XLOC_046802","VNN1",7,0,6,0.932124437198435,0.932124437198435,0.1147,,FALSE
"XLOC_046804","VNN2",17,0,6,0.54578981404421,0.54578981404421,0.173833333333333,,FALSE
"XLOC_046805","SLC18B1",7,0,4,0.454783966219166,0.454783966219166,0.092,,FALSE
"XLOC_046816","SGK1",46,0,26,0.00290862890763385,0.00290862890763385,0.0897,,FALSE
"XLOC_046825","HBS1L",23,2,15,1.14478695041819e-10,1.14478695041819e-10,0.2003,0.2003,TRUE
"XLOC_046828","AHI1",50,0,1,0.0544036825131473,0.0544036825131473,0.0879,,FALSE
"XLOC_046837","MTFR2",6,0,1,0.316357232185299,0.316357232185299,0.122866666666667,,FALSE
"XLOC_046838","BCLAF1",33,0,20,0.0785088719724783,0.0785088719724783,0.155366666666667,,FALSE
"XLOC_046843","MAP3K5",13,0,11,0.618881536911498,0.618881536911498,0.0730666666666667,,FALSE
"XLOC_046850","IFNGR1",37,0,26,0.156056772722714,0.156056772722714,0.0687333333333333,,FALSE
"XLOC_046862","NHSL1",5,0,0,0.779719936560831,0.779719936560831,0.201033333333333,,FALSE
"XLOC_046867","REPS1",22,0,5,0.517777349910742,0.517777349910742,0.0640666666666667,,FALSE
"XLOC_046876","XLOC_046876",17,0,4,0.48552139441311,0.48552139441311,0.1807,,FALSE
"XLOC_046884","HIVEP2",7,0,3,0.677501396585175,0.677501396585175,0.108533333333333,,FALSE
"XLOC_046893","PLAGL1",30,0,6,0.158394350791625,0.158394350791625,0.0421666666666667,,FALSE
"XLOC_046907","SHPRH",10,0,2,0.709055614968237,0.709055614968237,0.106733333333333,,FALSE
"XLOC_046912","STXBP5-AS1",29,0,9,0.144999152263355,0.144999152263355,0.126733333333333,,FALSE
"XLOC_046927","ZC3H12D",5,0,0,0.545520657787886,0.545520657787886,0.0926,,FALSE
"XLOC_046930","PPIL4",11,0,10,0.233043012675865,0.233043012675865,0.128366666666667,,FALSE
"XLOC_046933","KATNA1",10,0,5,0.910838644066982,0.910838644066982,0.127333333333333,,FALSE
"XLOC_046934","LATS1",5,0,0,0.823341218688732,0.823341218688732,0.02,,FALSE
"XLOC_046935","NUP43",12,0,7,0.0226393827625711,0.0226393827625711,0.1071,,FALSE
"XLOC_046954","RMND1",19,0,1,0.960514563378101,0.960514563378101,0.117733333333333,,FALSE
"XLOC_046959","SYNE1",38,0,3,0.27100217600601,0.27100217600601,0.075,,FALSE
"XLOC_046963","MTRF1L",10,0,2,1.35152511699805e-05,1.35152511699805e-05,0.106033333333333,,FALSE
"XLOC_046969","IPCEF1",14,0,9,0.521409375831492,0.521409375831492,0.141166666666667,,FALSE
"XLOC_046995","SERAC1",17,0,3,0.473301974785913,0.473301974785913,0.1176,,FALSE
"XLOC_047001","DYNLT1",7,0,7,0.301962133456755,0.301962133456755,0.0110333333333333,,FALSE
"XLOC_047004","EZR",6,0,3,0.785830724857248,0.785830724857248,0.116733333333333,,FALSE
"XLOC_047009","TAGAP",8,0,4,0.134278169645183,0.134278169645183,0.272366666666667,,FALSE
"XLOC_047015","SOD2",56,0,50,0.197265785780459,0.197265785780459,0.0509666666666667,,FALSE
"XLOC_047018","TCP1",25,0,12,0.0418062679933413,0.0418062679933413,0.0773,,FALSE
"XLOC_047061","SFT2D1",10,0,7,0.0694923988247885,0.0694923988247885,0.0467,,FALSE
"XLOC_047063","RPS6KA2",30,0,2,0.129219183307715,0.129219183307715,0.057,,FALSE
"XLOC_047101","PHF10",8,0,4,0.969596942163211,0.969596942163211,0.0383666666666667,,FALSE
"XLOC_047110","XLOC_047110",2,0,1,0.893957531712407,0.893957531712407,0.0332333333333333,,FALSE
"XLOC_047111","PSMB1",7,0,7,0.960941641532809,0.960941641532809,0.0772,,FALSE
"XLOC_047112","PDCD2",17,0,5,0.729146699401411,0.729146699401411,0.0434333333333333,,FALSE
"XLOC_047118","XLOC_047118",17,0,12,0.0581767496347775,0.0581767496347775,0.0472666666666667,,FALSE
"XLOC_047120","FAM20C",5,0,0,0.946635799413517,0.946635799413517,0.0706333333333333,,FALSE
"XLOC_047127","PRKAR1B-AS1",4,0,3,0.947870593053459,0.947870593053459,0.0246999999999999,,FALSE
"XLOC_047128","DNAAF5",8,0,2,0.908326033043304,0.908326033043304,0.0507333333333334,,FALSE
"XLOC_047129","SUN1",32,0,6,0.0149798493597257,0.0149798493597257,0.0512333333333333,,FALSE
"XLOC_047141","PSMG3-AS1",8,0,1,0.91367161033189,0.91367161033189,0.0634333333333333,,FALSE
"XLOC_047146","NUDT1",9,0,1,0.914566395027668,0.914566395027668,0.0653666666666667,,FALSE
"XLOC_047148","EIF3B",29,0,18,0.000134316139676102,0.000134316139676102,0.0819333333333333,,FALSE
"XLOC_047154","TTYH3",7,0,0,0.946114121450942,0.946114121450942,0.0514,,FALSE
"XLOC_047166","FOXK1",3,0,0,0.654719015478977,0.654719015478977,0.114866666666667,,FALSE
"XLOC_047169","RNF216P1",21,0,12,0.397270499107196,0.397270499107196,0.0831,,FALSE
"XLOC_047172","WIPI2",14,0,3,0.993770723444116,0.993770723444116,0.0378333333333333,,FALSE
"XLOC_047180","FSCN1",4,0,1,0.923016705910035,0.923016705910035,0.0408333333333333,,FALSE
"XLOC_047183","CCZ1",11,1,5,0.0351430226313972,0.0351430226313972,0.3038,0.3038,FALSE
"XLOC_047192","ZDHHC4",12,0,3,0.366204962606994,0.366204962606994,0.0486666666666667,,FALSE
"XLOC_047193","C7orf26",6,0,0,0.974821538229611,0.974821538229611,0.0589666666666667,,FALSE
"XLOC_047195","ZNF316",3,1,0,0.00974371984314189,0.00974371984314189,0.2695,0.250766666666667,FALSE
"XLOC_047197","PMS2CL",6,0,2,0.183032784534833,0.183032784534833,0.110133333333333,,FALSE
"XLOC_047200","C1GALT1",10,0,4,0.837525269747742,0.837525269747742,0.0601666666666667,,FALSE
"XLOC_047203","MIOS",14,0,6,0.263356427981653,0.263356427981653,0.133166666666667,,FALSE
"XLOC_047205","UMAD1",18,0,7,0.10346780891839,0.10346780891839,0.1902,,FALSE
"XLOC_047225","PHF14",16,1,6,0.00206953115835937,0.00206953115835937,0.1833,0.1833,FALSE
"XLOC_047228","TMEM106B",8,0,1,0.966616014924391,0.966616014924391,0.0432666666666667,,FALSE
"XLOC_047233","SCIN",5,0,1,0.710108445787887,0.710108445787887,0.147466666666667,,FALSE
"XLOC_047249","BZW2",15,0,12,0.0252898504584892,0.0252898504584892,0.105133333333333,,FALSE
"XLOC_047259","HDAC9",38,0,21,0.281182662773726,0.281182662773726,0.1531,,FALSE
"XLOC_047267","MACC1-DT",8,0,2,0.959271766804288,0.959271766804288,0.0790333333333333,,FALSE
"XLOC_047269","ITGB8",10,0,5,0.961457612440893,0.961457612440893,0.0683666666666667,,FALSE
"XLOC_047274","ABCB5",7,0,1,0.0928420177193684,0.0928420177193684,0.354766666666667,,FALSE
"XLOC_047285","IL6",8,0,1,0.0154267132393932,0.0154267132393932,0.0199,,FALSE
"XLOC_047294","GPNMB",61,0,51,5.54339290706083e-08,5.54339290706083e-08,0.0591,,FALSE
"XLOC_047301","CCDC126",9,0,4,0.00118061370008218,0.00118061370008218,0.367633333333333,,FALSE
"XLOC_047304","FAM221A",8,0,3,0.125561340730115,0.125561340730115,0.450566666666667,,FALSE
"XLOC_047317","CBX3",12,0,5,0.980610112718246,0.980610112718246,0.0219666666666667,,FALSE
"XLOC_047319","SNX10",26,0,18,0.132549432937675,0.132549432937675,0.0397333333333333,,FALSE
"XLOC_047320","XLOC_047320",16,0,0,0.814242376048705,0.814242376048705,0.149,,FALSE
"XLOC_047327","HOTAIRM1",8,0,0,0.263393513810586,0.263393513810586,0.502066666666667,,FALSE
"XLOC_047340","TAX1BP1",34,0,24,0.182641642049286,0.182641642049286,0.0356666666666667,,FALSE
"XLOC_047343","CREB5",12,0,0,0.973588362325081,0.973588362325081,0.0502,,FALSE
"XLOC_047348","CHN2",10,0,3,0.621834780963655,0.621834780963655,0.116366666666667,,FALSE
"XLOC_047356","FKBP14-AS1",9,0,0,0.945350640761948,0.945350640761948,0.0460333333333333,,FALSE
"XLOC_047362","XLOC_047362",3,0,2,0.61607904917162,0.61607904917162,0.280566666666667,,FALSE
"XLOC_047367","GARS1",32,0,2,0.290989954354565,0.290989954354565,0.0962333333333333,,FALSE
"XLOC_047378","AVL9",9,0,1,0.90389458711684,0.90389458711684,0.0358666666666666,,FALSE
"XLOC_047381","LINC00997",5,0,3,0.745390741368342,0.745390741368342,0.2215,,FALSE
"XLOC_047387","FKBP9",10,0,3,0.148207341427372,0.148207341427372,0.143533333333333,,FALSE
"XLOC_047389","BBS9",14,0,0,0.717044668998098,0.717044668998098,0.31,,FALSE
"XLOC_047405","SEPTIN7",30,0,17,0.60340979661209,0.60340979661209,0.0317999999999999,,FALSE
"XLOC_047413","EEPD1",3,0,1,0.981962693565035,0.981962693565035,0.0967666666666668,,FALSE
"XLOC_047416","ANLN",11,0,4,0.262925112100685,0.262925112100685,0.0880333333333334,,FALSE
"XLOC_047428","GPR141",16,0,4,0.93044615523729,0.93044615523729,0.173833333333333,,FALSE
"XLOC_047431","STARD3NL",13,0,10,0.487419719003189,0.487419719003189,0.0622333333333333,,FALSE
"XLOC_047434","TRG-AS1",19,0,4,0.914566395027668,0.914566395027668,0.0801,,FALSE
"XLOC_047437","YAE1",6,0,3,0.724865121689104,0.724865121689104,0.0477000000000001,,FALSE
"XLOC_047438","RALA",9,0,5,0.0761949292334992,0.0761949292334992,0.0875333333333332,,FALSE
"XLOC_047444","CDK13",22,0,5,0.898646800687559,0.898646800687559,0.0580333333333333,,FALSE
"XLOC_047455","MRPL32",7,0,5,0.0408641356776914,0.0408641356776914,0.0135333333333333,,FALSE
"XLOC_047462","STK17A",8,0,4,0.603815897904179,0.603815897904179,0.0511666666666667,,FALSE
"XLOC_047463","BLVRA",15,0,12,0.0501262806511574,0.0501262806511574,0.0813666666666667,,FALSE
"XLOC_047466","UBE2D4",11,0,0,0.963634619285646,0.963634619285646,0.0748333333333333,,FALSE
"XLOC_047469","DBNL",22,0,3,0.368201208043297,0.368201208043297,0.0437333333333333,,FALSE
"XLOC_047471","YKT6",15,0,0,0.112230736015439,0.112230736015439,0.0577,,FALSE
"XLOC_047475","OGDH",12,0,5,0.577552380446362,0.577552380446362,0.0448,,FALSE
"XLOC_047476","ZMIZ2",16,0,3,0.67684423436612,0.67684423436612,0.0565,,FALSE
"XLOC_047477","PPIA",16,0,6,0.768625505898828,0.768625505898828,0.0174666666666666,,FALSE
"XLOC_047508","C7orf57",7,0,4,0.952492655340824,0.952492655340824,0.154166666666667,,FALSE
"XLOC_047509","UPP1",18,0,8,0.0679519089329513,0.0679519089329513,0.0571666666666667,,FALSE
"XLOC_047519","IKZF1",18,0,2,0.269364948207731,0.269364948207731,0.1385,,FALSE
"XLOC_047554","LANCL2",6,0,3,0.965148534949495,0.965148534949495,0.0609333333333333,,FALSE
"XLOC_047570","ZNF713",27,0,9,0.239832188453731,0.239832188453731,0.0353333333333333,,FALSE
"XLOC_047571","CCT6A",19,0,14,0.0621543758000216,0.0621543758000216,0.0414333333333333,,FALSE
"XLOC_047574","SUMF2",31,0,17,0.00400514354601427,0.00400514354601427,0.0872333333333333,,FALSE
"XLOC_047671","ZNF107",14,0,4,0.44847995063257,0.44847995063257,0.1439,,FALSE
"XLOC_047674","ZNF138",6,0,3,0.141894819610035,0.141894819610035,0.3976,,FALSE
"XLOC_047692","CCT6P1",14,0,3,0.884914686615661,0.884914686615661,0.1618,,FALSE
"XLOC_047700","ASL",25,0,7,0.292957965776121,0.292957965776121,0.0678333333333333,,FALSE
"XLOC_047701","XLOC_047701",2,0,2,0.960785989318253,0.960785989318253,0.579133333333333,,FALSE
"XLOC_047702","TPST1",6,0,2,0.865964505556059,0.865964505556059,0.0908,,FALSE
"XLOC_047708","KCTD7",48,0,30,0.0108368967408491,0.0108368967408491,0.0614666666666667,,FALSE
"XLOC_047715","TMEM248",6,0,1,0.82397052089862,0.82397052089862,0.0957333333333333,,FALSE
"XLOC_047719","STAG3L4",15,0,5,0.270652646744058,0.270652646744058,0.0824666666666667,,FALSE
"XLOC_047739","SBDSP1",10,1,7,0.00638794521846613,0.00638794521846613,0.2828,0.2828,FALSE
"XLOC_047751","GTF2IP4",14,0,12,0.0100118485385241,0.0100118485385241,0.125833333333333,,FALSE
"XLOC_047759","BUD23",20,0,4,0.542736539803822,0.542736539803822,0.0171666666666667,,FALSE
"XLOC_047767","EIF4H",12,0,3,0.686614639246127,0.686614639246127,0.0859333333333333,,FALSE
"XLOC_047769","LAT2",29,0,21,0.00172982254640243,0.00172982254640243,0.0409333333333333,,FALSE
"XLOC_047774","GTF2I",41,0,25,0.702251375940968,0.702251375940968,0.0919333333333333,,FALSE
"XLOC_047775","NCF1",10,0,0,0.0120747986301886,0.0120747986301886,0.013,,FALSE
"XLOC_047787","STAG3L1",30,0,3,0.0248849135000618,0.0248849135000618,0.168933333333333,,FALSE
"XLOC_047791","RHBDD2",8,0,4,0.470630049267187,0.470630049267187,0.0471,,FALSE
"XLOC_047792","POR",19,0,1,0.457554519525132,0.457554519525132,0.0709,,FALSE
"XLOC_047799","HSPB1",15,0,1,0.0270086773049309,0.0270086773049309,0.0734333333333333,,FALSE
"XLOC_047802","ZP3",7,1,2,0.0352894357474678,0.0352894357474678,0.300633333333333,0.300633333333333,TRUE
"XLOC_047803","DTX2",21,0,2,0.477264213683837,0.477264213683837,0.113866666666667,,FALSE
"XLOC_047810","DTX2P1-UPK3BP1-PMS2P11",15,0,0,0.864704113784313,0.864704113784313,0.0937666666666667,,FALSE
"XLOC_047813","XLOC_047813",5,0,4,0.0716517125986836,0.0716517125986836,0.0775666666666667,,FALSE
"XLOC_047815","PTPN12",33,0,19,6.19370173933491e-07,6.19370173933491e-07,0.0894333333333333,,FALSE
"XLOC_047816","RSBN1L",6,0,2,0.670817395457414,0.670817395457414,0.0807,,FALSE
"XLOC_047817","PHTF2",15,0,5,0.526372580475332,0.526372580475332,0.0311,,FALSE
"XLOC_047830","MAGI2-AS3",36,0,0,0.678223390641298,0.678223390641298,0.0913666666666667,,FALSE
"XLOC_047836","CD36",49,0,40,0.148498762520527,0.148498762520527,0.0978333333333333,,FALSE
"XLOC_047855","DMTF1",35,0,13,0.24229045085387,0.24229045085387,0.0573666666666666,,FALSE
"XLOC_047861","DBF4",13,0,7,0.166435924601039,0.166435924601039,0.147666666666667,,FALSE
"XLOC_047877","GTPBP10",37,0,7,0.341420203883543,0.341420203883543,0.105533333333333,,FALSE
"XLOC_047883","AKAP9",25,0,5,0.74532881923858,0.74532881923858,0.0828,,FALSE
"XLOC_047885","ANKIB1",8,0,1,0.481917595720512,0.481917595720512,0.0324666666666667,,FALSE
"XLOC_047888","RBM48",7,0,5,0.613908764374286,0.613908764374286,0.1147,,FALSE
"XLOC_047892","VPS50",24,0,7,0.858746007709801,0.858746007709801,0.0832333333333333,,FALSE
"XLOC_047905","CASD1",7,0,2,0.861026462773067,0.861026462773067,0.1485,,FALSE
"XLOC_047932","SDHAF3",4,0,0,0.950055634922515,0.950055634922515,0.173633333333333,,FALSE
"XLOC_047946","TRRAP",9,0,2,0.82397052089862,0.82397052089862,0.0477666666666666,,FALSE
"XLOC_047949","ARPC1A",41,0,18,0.137313122207233,0.137313122207233,0.0421333333333333,,FALSE
"XLOC_047950","BUD31",13,0,7,0.101996495550178,0.101996495550178,0.0337,,FALSE
"XLOC_047951","CPSF4",10,0,1,0.770522174946161,0.770522174946161,0.0952,,FALSE
"XLOC_047952","ZNF789",10,0,2,0.268815368335277,0.268815368335277,0.0675,,FALSE
"XLOC_047953","ZKSCAN5",9,0,6,0.961790203410798,0.961790203410798,0.0733,,FALSE
"XLOC_047954","ZNF655",28,0,4,0.00260740296019743,0.00260740296019743,0.0412,,FALSE
"XLOC_047955","ZSCAN25",9,0,2,0.182295289252667,0.182295289252667,0.2909,,FALSE
"XLOC_047968","ZKSCAN1",6,0,1,0.87050986753552,0.87050986753552,0.1277,,FALSE
"XLOC_047970","COPS6",12,0,5,0.0297809754903334,0.0297809754903334,0.084,,FALSE
"XLOC_047971","AP4M1",13,0,1,0.957563567332811,0.957563567332811,0.199333333333333,,FALSE
"XLOC_047972","CNPY4",6,0,1,0.812017311674181,0.812017311674181,0.0863333333333333,,FALSE
"XLOC_047975","LAMTOR4",12,0,2,0.035321259979795,0.035321259979795,0.0108,,FALSE
"XLOC_047976","STAG3",19,0,7,0.135731915726346,0.135731915726346,0.0894,,FALSE
"XLOC_047978","STAG3L5P",46,0,11,0.225454632432294,0.225454632432294,0.0334333333333333,,FALSE
"XLOC_047987","MOSPD3",7,0,0,0.443376300262128,0.443376300262128,0.0569333333333334,,FALSE
"XLOC_047988","GNB2",11,0,0,0.0445929105234905,0.0445929105234905,0.0525,,FALSE
"XLOC_047989","POP7",2,0,1,0.890249321587228,0.890249321587228,0.0075,,FALSE
"XLOC_047992","SLC12A9",13,0,1,0.873781157601674,0.873781157601674,0.0658666666666667,,FALSE
"XLOC_047993","TRIP6",10,0,1,1.03527824672986e-07,1.03527824672986e-07,0.1128,,FALSE
"XLOC_047994","SRRT",18,0,1,8.77163250199731e-05,8.77163250199731e-05,0.0804333333333333,,FALSE
"XLOC_047999","TRIM56",3,0,0,0.498050216706801,0.498050216706801,0.0590666666666667,,FALSE
"XLOC_048000","SERPINE1",7,0,6,0.980533589539453,0.980533589539453,0.0804000000000001,,FALSE
"XLOC_048001","AP1S1",5,0,1,0.912363767844822,0.912363767844822,0.0748333333333333,,FALSE
"XLOC_048003","ZNHIT1",4,0,1,0.188598276490366,0.188598276490366,0.0435333333333333,,FALSE
"XLOC_048009","CUX1",14,0,2,0.813509831693498,0.813509831693498,0.0955333333333334,,FALSE
"XLOC_048011","SH2B2",3,0,0,0.677195955203642,0.677195955203642,0.124366666666667,,FALSE
"XLOC_048016","ORAI2",6,0,0,0.849099780879459,0.849099780879459,0.0697,,FALSE
"XLOC_048028","PMPCB",34,0,15,0.142305441552654,0.142305441552654,0.0206,,FALSE
"XLOC_048036","KMT2E",19,0,3,0.465644364185205,0.465644364185205,0.1809,,FALSE
"XLOC_048045","RINT1",9,0,6,0.258227031335502,0.258227031335502,0.254533333333333,,FALSE
"XLOC_048057","PIK3CG",11,0,7,0.851505827290827,0.851505827290827,0.0479666666666667,,FALSE
"XLOC_048058","PRKAR2B",4,0,2,0.801768515075323,0.801768515075323,0.0909333333333333,,FALSE
"XLOC_048059","HBP1",30,0,19,0.000995371690638841,0.000995371690638841,0.0725333333333333,,FALSE
"XLOC_048062","DUS4L",41,0,13,0.149126141057803,0.149126141057803,0.0491666666666667,,FALSE
"XLOC_048065","CBLL1",6,0,2,0.460120850885918,0.460120850885918,0.175666666666667,,FALSE
"XLOC_048067","DLD",33,0,25,0.0541960555024185,0.0541960555024185,0.0357333333333333,,FALSE
"XLOC_048070","DNAJB9",4,0,2,0.944033973476872,0.944033973476872,0.0135333333333333,,FALSE
"XLOC_048082","ZNF277",14,0,7,0.129589079993097,0.129589079993097,0.136233333333333,,FALSE
"XLOC_048085","IFRD1",28,0,6,0.814301424512509,0.814301424512509,0.141366666666667,,FALSE
"XLOC_048095","MDFIC",7,0,1,0.346891283192254,0.346891283192254,0.0478,,FALSE
"XLOC_048099","TES",13,0,5,0.486486732199554,0.486486732199554,0.135,,FALSE
"XLOC_048103","MET",7,0,1,0.992965244118601,0.992965244118601,0.106466666666667,,FALSE
"XLOC_048104","CAPZA2",25,0,16,0.070072947511715,0.070072947511715,0.0269666666666667,,FALSE
"XLOC_048106","ST7",29,0,12,0.232232260391927,0.232232260391927,0.0994333333333333,,FALSE
"XLOC_048117","ING3",7,0,5,0.978063108677632,0.978063108677632,0.0472333333333333,,FALSE
"XLOC_048118","CPED1",11,0,5,0.870393255626179,0.870393255626179,0.1745,,FALSE
"XLOC_048159","ARF5",8,0,1,0.232605902465438,0.232605902465438,0.0168999999999999,,FALSE
"XLOC_048160","SND1",23,0,16,0.224602817665608,0.224602817665608,0.0675666666666667,,FALSE
"XLOC_048180","CALU",17,0,13,0.752958032598951,0.752958032598951,0.0480333333333334,,FALSE
"XLOC_048184","ATP6V1F",3,0,3,0.961241765192673,0.961241765192673,0.0118,,FALSE
"XLOC_048186","IRF5",18,0,1,0.471007807530198,0.471007807530198,0.0382333333333333,,FALSE
"XLOC_048191","TSPAN33",5,0,3,0.875829175542798,0.875829175542798,0.0448,,FALSE
"XLOC_048199","NRF1",10,0,4,0.945963893751699,0.945963893751699,0.113933333333333,,FALSE
"XLOC_048204","KLHDC10",4,0,0,0.839010863403824,0.839010863403824,0.107933333333333,,FALSE
"XLOC_048224","MKLN1",18,0,9,0.730033436179424,0.730033436179424,0.0646333333333333,,FALSE
"XLOC_048238","EXOC4",22,0,10,0.914566395027668,0.914566395027668,0.0786666666666667,,FALSE
"XLOC_048251","TMEM140",5,0,2,0.66581994354719,0.66581994354719,0.0141,,FALSE
"XLOC_048256","NUP205",9,0,1,0.0855709395070472,0.0855709395070472,0.0606666666666666,,FALSE
"XLOC_048259","STMP1",3,0,1,0.914551816141193,0.914551816141193,0.0023,,FALSE
"XLOC_048284","TRIM24",13,0,10,0.0714255727795543,0.0714255727795543,0.0701666666666667,,FALSE
"XLOC_048291","FMC1",20,0,6,0.220389737366974,0.220389737366974,0.0960666666666667,,FALSE
"XLOC_048296","TBXAS1",24,0,11,0.331901264707485,0.331901264707485,0.101433333333333,,FALSE
"XLOC_048306","ADCK2",22,0,5,0.782490242082922,0.782490242082922,0.0167666666666666,,FALSE
"XLOC_048312","AGK",23,0,5,0.00672152224978254,0.00672152224978254,0.1912,,FALSE
"XLOC_048315","SSBP1",16,0,5,0.353131815159561,0.353131815159561,0.0343333333333332,,FALSE
"XLOC_048322","MGAM",10,0,4,0.970404842401032,0.970404842401032,0.127466666666667,,FALSE
"XLOC_048409","EPHB6",12,0,0,0.999648080742174,0.999648080742174,0.0508,,FALSE
"XLOC_048416","GSTK1",14,0,9,0.391424851331918,0.391424851331918,0.0297666666666667,,FALSE
"XLOC_048423","ZYX",16,0,6,0.669127509713298,0.669127509713298,0.0433,,FALSE
"XLOC_048425","EPHA1-AS1",7,0,3,0.48552139441311,0.48552139441311,0.1313,,FALSE
"XLOC_048452","ARHGEF35-AS1",8,0,0,0.625497025235626,0.625497025235626,0.205866666666667,,FALSE
"XLOC_048477","CUL1",21,0,11,0.00830407475556951,0.00830407475556951,0.1146,,FALSE
"XLOC_048487","ZNF398",6,0,2,0.443536948824238,0.443536948824238,0.0361666666666667,,FALSE
"XLOC_048490","ZNF783",11,0,1,0.878590981217582,0.878590981217582,0.0734333333333333,,FALSE
"XLOC_048497","ZNF862",7,0,2,0.538530225309458,0.538530225309458,0.281,,FALSE
"XLOC_048502","ZBED6CL",6,0,0,0.953197231168096,0.953197231168096,0.0576,,FALSE
"XLOC_048503","REPIN1",25,0,1,1.03787362306658e-05,1.03787362306658e-05,0.0519333333333333,,FALSE
"XLOC_048507","GIMAP4",5,0,4,0.288326446348355,0.288326446348355,0.076,,FALSE
"XLOC_048508","GIMAP2",5,0,3,0.285663079785024,0.285663079785024,0.0492666666666667,,FALSE
"XLOC_048509","GIMAP1",10,0,2,0.123598643633663,0.123598643633663,0.205033333333333,,FALSE
"XLOC_048511","AOC1",3,0,0,0.357662198354231,0.357662198354231,0.0950666666666667,,FALSE
"XLOC_048513","ABCB8",18,0,0,0.487037234728818,0.487037234728818,0.0680333333333333,,FALSE
"XLOC_048514","ASIC3",9,0,0,0.874663599367324,0.874663599367324,0.209733333333333,,FALSE
"XLOC_048515","SLC4A2",19,0,0,0.0332051478670942,0.0332051478670942,0.0484333333333334,,FALSE
"XLOC_048516","AGAP3",24,0,1,0.0125789339476852,0.0125789339476852,0.0659666666666666,,FALSE
"XLOC_048517","CHPF2",11,0,0,0.548969277811021,0.548969277811021,0.242166666666667,,FALSE
"XLOC_048519","NUB1",28,0,19,0.000152736367532226,0.000152736367532226,0.0593333333333333,,FALSE
"XLOC_048523","XLOC_048523",7,0,6,0.889621062283682,0.889621062283682,0.0967333333333334,,FALSE
"XLOC_048528","GALNT11",22,0,11,0.338356477589964,0.338356477589964,0.106166666666667,,FALSE
"XLOC_048545","PAXIP1-AS2",13,0,5,0.780440639856124,0.780440639856124,0.0952666666666667,,FALSE
"XLOC_048556","INSIG1",16,0,11,1.66448218712766e-32,1.66448218712766e-32,0.1274,,FALSE
"XLOC_048563","RBM33",9,0,0,0.993393507728989,0.993393507728989,0.0262,,FALSE
"XLOC_048575","UBE3C",23,0,17,0.136080884475538,0.136080884475538,0.0723666666666667,,FALSE
"XLOC_048577","DNAJB6",30,0,15,9.25990232576378e-06,9.25990232576378e-06,0.0388,,FALSE
"XLOC_048592","DYNC2I1",5,0,0,0.767793881395163,0.767793881395163,0.164633333333333,,FALSE
"XLOC_048596","XLOC_048596",6,0,2,0.804153395338107,0.804153395338107,0.193966666666667,,FALSE
"XLOC_048597","XLOC_048597",6,0,4,0.717376628191552,0.717376628191552,0.0665666666666667,,FALSE
"XLOC_048612","ZFAND2A",8,0,2,0.906192437170262,0.906192437170262,0.0234333333333333,,FALSE
"XLOC_048613","MICALL2",15,0,0,0.815224096325349,0.815224096325349,0.0939333333333333,,FALSE
"XLOC_048615","INTS1",7,0,0,0.679544764634978,0.679544764634978,0.0553,,FALSE
"XLOC_048622","MAD1L1",30,0,14,0.110325768213648,0.110325768213648,0.160733333333333,,FALSE
"XLOC_048624","SNX8",10,0,3,0.400819474266267,0.400819474266267,0.0892333333333333,,FALSE
"XLOC_048629","GNA12",9,0,1,0.158975913659713,0.158975913659713,0.0284666666666666,,FALSE
"XLOC_048648","TNRC18",9,0,0,0.891933345131579,0.891933345131579,0.091,,FALSE
"XLOC_048652","ACTB",31,0,20,1.94082537172158e-27,1.94082537172158e-27,0.144733333333333,,FALSE
"XLOC_048660","EIF2AK1",13,0,5,4.71661912711676e-05,4.71661912711676e-05,0.111933333333333,,FALSE
"XLOC_048665","DAGLB",16,0,5,0.0838877751793487,0.0838877751793487,0.0849333333333333,,FALSE
"XLOC_048671","CCZ1B",17,0,4,0.991839806564682,0.991839806564682,0.0344333333333333,,FALSE
"XLOC_048687","RPA3",7,0,2,0.936357558906574,0.936357558906574,0.0709333333333333,,FALSE
"XLOC_048693","ICA1",16,0,7,0.533187272251513,0.533187272251513,0.1349,,FALSE
"XLOC_048725","ANKMY2",6,0,2,0.736295834482186,0.736295834482186,0.0351,,FALSE
"XLOC_048735","SNX13",15,0,4,0.783492900727331,0.783492900727331,0.0845666666666667,,FALSE
"XLOC_048745","POLR1F",2,0,2,0.0627834293722818,0.0627834293722818,0.195966666666667,,FALSE
"XLOC_048749","MACC1",10,0,1,0.286513547749329,0.286513547749329,0.148166666666667,,FALSE
"XLOC_048757","CDCA7L",10,0,6,0.875148103471794,0.875148103471794,0.225566666666667,,FALSE
"XLOC_048759","STEAP1B",12,0,1,0.405298688644579,0.405298688644579,0.252266666666667,,FALSE
"XLOC_048765","FAM126A",19,0,6,0.0225622077410352,0.0225622077410352,0.0749,,FALSE
"XLOC_048770","TRA2A",12,0,3,0.20269908023279,0.20269908023279,0.0362333333333333,,FALSE
"XLOC_048781","GSDME",17,0,4,0.760506077755622,0.760506077755622,0.116366666666667,,FALSE
"XLOC_048783","OSBPL3",17,0,5,0.11275882496644,0.11275882496644,0.109133333333333,,FALSE
"XLOC_048785","CYCS",6,0,2,0.00748579970438696,0.00748579970438696,0.0445,,FALSE
"XLOC_048799","HNRNPA2B1",54,0,34,0.0340289608851557,0.0340289608851557,0.0333666666666667,,FALSE
"XLOC_048804","SKAP2",7,0,4,0.018332138800563,0.018332138800563,0.105433333333333,,FALSE
"XLOC_048825","JAZF1",5,0,0,0.966616014924391,0.966616014924391,0.100833333333333,,FALSE
"XLOC_048829","CPVL",17,0,15,0.522861171372868,0.522861171372868,0.0165333333333333,,FALSE
"XLOC_048837","SCRN1",4,0,0,0.724075464040643,0.724075464040643,0.104266666666667,,FALSE
"XLOC_048845","NOD1",9,0,2,0.968451408607522,0.968451408607522,0.147166666666667,,FALSE
"XLOC_048846","GGCT",55,0,12,0.400118827942035,0.400118827942035,0.0307,,FALSE
"XLOC_048859","KBTBD2",8,0,5,0.162758387291411,0.162758387291411,0.117733333333333,,FALSE
"XLOC_048862","NT5C3A",20,2,14,1.65192865141257e-08,1.65192865141257e-08,0.210033333333333,0.210033333333333,TRUE
"XLOC_048865","RP9",5,0,0,0.916731661557692,0.916731661557692,0.0305666666666667,,FALSE
"XLOC_048875","DPY19L1",10,1,3,0.00107289852192972,0.00107289852192972,0.160566666666667,0.1565,TRUE
"XLOC_048885","HERPUD2",18,0,9,0.00605684317691849,0.00605684317691849,0.0919,,FALSE
"XLOC_048896","AOAH",17,0,10,0.0149940108654001,0.0149940108654001,0.0927,,FALSE
"XLOC_048899","ELMO1",25,0,14,3.48906934838521e-08,3.48906934838521e-08,0.128866666666667,,FALSE
"XLOC_048927","VPS41",22,0,13,0.194123213250837,0.194123213250837,0.0426,,FALSE
"XLOC_048950","C7orf25",21,0,4,0.0946698602893208,0.0946698602893208,0.0922666666666667,,FALSE
"XLOC_048955","COA1",33,0,21,0.000375741784804225,0.000375741784804225,0.112766666666667,,FALSE
"XLOC_048957","MRPS24",16,0,3,0.757201022186141,0.757201022186141,0.0632,,FALSE
"XLOC_048958","POLR2J4",17,0,7,0.863480226741639,0.863480226741639,0.0919,,FALSE
"XLOC_048962","POLD2",15,0,2,0.950222375032618,0.950222375032618,0.014,,FALSE
"XLOC_048968","NUDCD3",12,0,5,0.945963893751699,0.945963893751699,0.0493333333333333,,FALSE
"XLOC_048972","DDX56",11,0,7,0.860045790207458,0.860045790207458,0.0488666666666667,,FALSE
"XLOC_048973","TMED4",8,0,3,0.916223947791855,0.916223947791855,0.0851000000000001,,FALSE
"XLOC_048975","H2AZ2",10,0,2,0.506663368640901,0.506663368640901,0.0233,,FALSE
"XLOC_048976","PURB",10,0,9,0.0514406257246561,0.0514406257246561,0.0770666666666667,,FALSE
"XLOC_048978","MYO1G",12,0,4,0.0403062658183714,0.0403062658183714,0.0997,,FALSE
"XLOC_048979","SNHG15",14,0,2,0.00249003607889643,0.00249003607889643,0.128066666666667,,FALSE
"XLOC_048981","TBRG4",27,0,12,0.0537122501723737,0.0537122501723737,0.0577333333333333,,FALSE
"XLOC_048986","SEPTIN7P2",19,0,1,0.683201246909068,0.683201246909068,0.1785,,FALSE
"XLOC_048999","TNS3",22,0,13,6.91155643290874e-07,6.91155643290874e-07,0.0761333333333333,,FALSE
"XLOC_049001","HUS1",17,0,13,0.0367401732707447,0.0367401732707447,0.132733333333333,,FALSE
"XLOC_049016","FIGNL1",13,0,1,0.796515326539941,0.796515326539941,0.1239,,FALSE
"XLOC_049018","GRB10",22,0,0,0.835672028010037,0.835672028010037,0.0743,,FALSE
"XLOC_049022","COBL",9,0,0,0.884546305982336,0.884546305982336,0.3409,,FALSE
"XLOC_049038","SEC61G",7,0,1,0.912552469609863,0.912552469609863,0.00193333333333334,,FALSE
"XLOC_049042","VOPP1",16,0,5,0.837265767553421,0.837265767553421,0.0691,,FALSE
"XLOC_049050","PSPH",12,0,2,0.945181193030514,0.945181193030514,0.0897,,FALSE
"XLOC_049052","CHCHD2",4,0,3,0.488927207335494,0.488927207335494,0.0458666666666667,,FALSE
"XLOC_049142","ZNF680",6,0,2,0.771820464189343,0.771820464189343,0.158833333333333,,FALSE
"XLOC_049154","ZNF117",7,0,2,0.965674046979597,0.965674046979597,0.155733333333333,,FALSE
"XLOC_049165","GUSB",24,0,13,0.124832854084248,0.124832854084248,0.00883333333333333,,FALSE
"XLOC_049169","LINC00174",12,0,0,0.787051915881291,0.787051915881291,0.1937,,FALSE
"XLOC_049172","RABGEF1P1",15,0,3,0.334473642203705,0.334473642203705,0.163466666666667,,FALSE
"XLOC_049180","SBDS",6,0,4,0.81665044940619,0.81665044940619,0.0827333333333334,,FALSE
"XLOC_049183","PMS2P4",23,0,2,0.70333276699298,0.70333276699298,0.0832333333333333,,FALSE
"XLOC_049203","TYW1B",4,0,3,0.717044668998098,0.717044668998098,0.349933333333333,,FALSE
"XLOC_049208","NSUN5P2",5,0,1,0.97500533562445,0.97500533562445,0.106,,FALSE
"XLOC_049210","STAG3L3",12,0,6,0.863372511918508,0.863372511918508,0.181166666666667,,FALSE
"XLOC_049218","NSUN5",7,0,1,0.865923239960182,0.865923239960182,0.175966666666667,,FALSE
"XLOC_049223","BCL7B",14,0,4,0.875715892513056,0.875715892513056,0.0641333333333334,,FALSE
"XLOC_049224","TBL2",15,0,1,0.851106528290217,0.851106528290217,0.1227,,FALSE
"XLOC_049228","STX1A",10,0,0,0.987386661522681,0.987386661522681,0.163866666666667,,FALSE
"XLOC_049230","ABHD11",13,0,0,0.416228089256517,0.416228089256517,0.126866666666667,,FALSE
"XLOC_049234","RFC2",15,0,3,0.100764368397827,0.100764368397827,0.0393666666666667,,FALSE
"XLOC_049240","GTF2IRD2",14,0,3,0.0157256564485959,0.0157256564485959,0.3181,,FALSE
"XLOC_049242","RCC1L",6,0,0,0.477690584407183,0.477690584407183,0.00796666666666667,,FALSE
"XLOC_049244","GTF2IP1",10,1,2,0.000925738004640471,0.000925738004640471,0.363666666666667,0.363666666666667,FALSE
"XLOC_049252","POM121C",10,0,1,0.984395503086855,0.984395503086855,0.100266666666667,,FALSE
"XLOC_049253","PMS2P3",9,0,0,0.989085804246255,0.989085804246255,0.1808,,FALSE
"XLOC_049255","HIP1",4,0,0,0.351055135545844,0.351055135545844,0.0144,,FALSE
"XLOC_049258","CCL24",3,0,2,0.363598908682486,0.363598908682486,0.0405666666666667,,FALSE
"XLOC_049259","TMEM120A",14,0,1,0.254426225803163,0.254426225803163,0.0876,,FALSE
"XLOC_049260","STYXL1",17,0,8,0.0174925902223092,0.0174925902223092,0.0838333333333333,,FALSE
"XLOC_049270","POMZP3",7,0,3,0.0779610052320705,0.0779610052320705,0.165633333333333,,FALSE
"XLOC_049282","GSAP",23,0,12,0.710270679747439,0.710270679747439,0.0245666666666667,,FALSE
"XLOC_049284","APTR",9,0,0,0.40128005015697,0.40128005015697,0.0526333333333333,,FALSE
"XLOC_049298","SEMA3C",13,0,7,0.970404842401032,0.970404842401032,0.0852666666666667,,FALSE
"XLOC_049303","HGF",10,0,2,0.702792220091699,0.702792220091699,0.1414,,FALSE
"XLOC_049309","SEMA3A",7,0,4,0.966616014924391,0.966616014924391,0.0566,,FALSE
"XLOC_049320","TMEM243",8,0,1,0.981303031588092,0.981303031588092,0.0959666666666666,,FALSE
"XLOC_049322","TP53TG1",16,0,1,0.259649711677226,0.259649711677226,0.1868,,FALSE
"XLOC_049323","ABCB4",13,0,5,0.94200363132035,0.94200363132035,0.144233333333333,,FALSE
"XLOC_049325","SLC25A40",18,0,10,0.355231443001956,0.355231443001956,0.0705,,FALSE
"XLOC_049326","SRI",10,0,2,0.0689793419651033,0.0689793419651033,0.322633333333333,,FALSE
"XLOC_049340","XLOC_049340",4,1,0,0.0427893261029855,0.0427893261029855,0.164266666666667,0.164266666666667,FALSE
"XLOC_049345","MTERF1",9,0,4,0.970776236013444,0.970776236013444,0.1251,,FALSE
"XLOC_049346","CYP51A1",70,0,15,0.153058029326783,0.153058029326783,0.0601666666666666,,FALSE
"XLOC_049350","PEX1",12,0,2,0.993393507728989,0.993393507728989,0.0838666666666667,,FALSE
"XLOC_049352","FAM133B",18,0,11,0.844369043182671,0.844369043182671,0.1684,,FALSE
"XLOC_049353","CDK6",3,0,0,0.81407159993967,0.81407159993967,0.109633333333333,,FALSE
"XLOC_049358","SAMD9L",16,0,12,0.168575761435066,0.168575761435066,0.1284,,FALSE
"XLOC_049364","TFPI2",7,0,2,0.0711811002929545,0.0711811002929545,0.138266666666667,,FALSE
"XLOC_049366","BET1",8,0,2,0.450052084311183,0.450052084311183,0.0441,,FALSE
"XLOC_049376","PON2",12,0,1,0.66554134039464,0.66554134039464,0.0644,,FALSE
"XLOC_049378","SLC25A13",18,0,11,0.0338030215706703,0.0338030215706703,0.0730666666666667,,FALSE
"XLOC_049380","SEM1",12,0,1,0.867331990875884,0.867331990875884,0.00243333333333333,,FALSE
"XLOC_049387","ASNS",20,0,2,0.923884706440672,0.923884706440672,0.0253333333333333,,FALSE
"XLOC_049393","TECPR1",13,0,0,0.829823516599,0.829823516599,0.110966666666667,,FALSE
"XLOC_049407","PTCD1",17,0,5,0.909919727524957,0.909919727524957,0.00530000000000003,,FALSE
"XLOC_049409","FAM200A",2,0,1,0.930224159886062,0.930224159886062,0.0442333333333333,,FALSE
"XLOC_049414","TRIM4",6,0,1,0.981303422659522,0.981303422659522,0.127133333333333,,FALSE
"XLOC_049417","ZNF3",15,0,4,0.814963238998284,0.814963238998284,0.112566666666667,,FALSE
"XLOC_049418","MCM7",26,0,19,0.000381562649865778,0.000381562649865778,0.0919,,FALSE
"XLOC_049419","TAF6",43,0,1,0.858980425935921,0.858980425935921,0.120233333333333,,FALSE
"XLOC_049422","TRAPPC14",9,0,0,0.205068607988806,0.205068607988806,0.0482666666666666,,FALSE
"XLOC_049423","GAL3ST4",3,0,1,0.940629297517491,0.940629297517491,0.2826,,FALSE
"XLOC_049426","PMS2P1",39,0,2,0.665746337467349,0.665746337467349,0.1806,,FALSE
"XLOC_049430","PPP1R35",4,0,0,0.603424341257211,0.603424341257211,0.200333333333333,,FALSE
"XLOC_049434","SAP25",15,0,0,0.409126360867853,0.409126360867853,0.0666,,FALSE
"XLOC_049438","GIGYF1",5,0,0,0.806208985380417,0.806208985380417,0.0277,,FALSE
"XLOC_049452","PLOD3",18,0,3,0.001818912363683,0.001818912363683,0.0608666666666666,,FALSE
"XLOC_049453","CLDN15",4,0,0,0.706964056914993,0.706964056914993,0.113133333333333,,FALSE
"XLOC_049454","FIS1",10,0,1,0.311717020229771,0.311717020229771,0.0165666666666667,,FALSE
"XLOC_049457","IFT22",10,0,2,0.0190861673547592,0.0190861673547592,0.263633333333333,,FALSE
"XLOC_049473","ALKBH4",3,0,0,0.628254050070482,0.628254050070482,0.233233333333333,,FALSE
"XLOC_049475","RASA4B",6,0,0,0.868279163639643,0.868279163639643,0.0693,,FALSE
"XLOC_049476","POLR2J3",63,0,26,0.000361865548709532,0.000361865548709532,0.0433333333333333,,FALSE
"XLOC_049477","XLOC_049477",2,0,0,0.478090690356261,0.478090690356261,0.273333333333333,,FALSE
"XLOC_049487","DNAJC2",18,0,9,0.0613799398621857,0.0613799398621857,0.158666666666667,,FALSE
"XLOC_049499","SRPK2",23,0,10,0.629451099495709,0.629451099495709,0.0689333333333333,,FALSE
"XLOC_049500","PUS7",8,0,6,0.833939454877727,0.833939454877727,0.143233333333333,,FALSE
"XLOC_049503","ATXN7L1",12,0,3,0.306136782794246,0.306136782794246,0.105333333333333,,FALSE
"XLOC_049504","SYPL1",8,0,8,0.919779778746326,0.919779778746326,0.0211666666666667,,FALSE
"XLOC_049505","NAMPT",47,0,6,1.37158631221792e-09,1.37158631221792e-09,0.0658333333333333,,FALSE
"XLOC_049512","COG5",9,0,4,0.422827063401777,0.422827063401777,0.1074,,FALSE
"XLOC_049516","CBLL1-AS1",4,0,0,0.986958710691666,0.986958710691666,0.136533333333333,,FALSE
"XLOC_049521","NRCAM",8,0,0,0.399875680814258,0.399875680814258,0.2844,,FALSE
"XLOC_049522","PNPLA8",19,0,7,0.94186614342112,0.94186614342112,0.0831333333333333,,FALSE
"XLOC_049532","IMMP2L",8,0,1,0.507729362511125,0.507729362511125,0.242866666666667,,FALSE
"XLOC_049534","DOCK4",15,0,1,0.898677686232111,0.898677686232111,0.0881,,FALSE
"XLOC_049541","TMEM168",10,0,7,0.233780881012975,0.233780881012975,0.0620666666666667,,FALSE
"XLOC_049559","TFEC",26,0,20,0.353860213775894,0.353860213775894,0.106266666666667,,FALSE
"XLOC_049598","FAM3C",6,1,4,1.65192865141257e-08,1.65192865141257e-08,0.188833333333333,0.188833333333333,TRUE
"XLOC_049614","NDUFA5",19,0,1,0.897565030419817,0.897565030419817,0.0519666666666667,,FALSE
"XLOC_049617","WASL",3,0,2,0.514349914851949,0.514349914851949,0.191566666666667,,FALSE
"XLOC_049624","POT1",27,0,8,0.527136511154069,0.527136511154069,0.0649666666666667,,FALSE
"XLOC_049632","ZNF800",6,0,0,0.257904986374568,0.257904986374568,0.169233333333333,,FALSE
"XLOC_049643","RBM28",7,0,3,0.408195139321286,0.408195139321286,0.0655,,FALSE
"XLOC_049645","IMPDH1",16,0,0,0.0243195931004774,0.0243195931004774,0.0631333333333333,,FALSE
"XLOC_049656","KCP",10,0,0,0.587198342443892,0.587198342443892,0.0500333333333333,,FALSE
"XLOC_049673","UBE2H",8,0,1,0.795511633542557,0.795511633542557,0.0929,,FALSE
"XLOC_049674","ZC3HC1",12,0,5,0.803266966165564,0.803266966165564,0.0338,,FALSE
"XLOC_049675","TMEM209",11,0,9,0.78674025010323,0.78674025010323,0.0975,,FALSE
"XLOC_049676","CEP41",16,0,2,0.604548389368585,0.604548389368585,0.174233333333333,,FALSE
"XLOC_049680","COPG2",3,0,1,0.704955197469731,0.704955197469731,0.0163333333333333,,FALSE
"XLOC_049684","LINC-PINT",33,0,9,0.0489777586361356,0.0489777586361356,0.0754333333333333,,FALSE
"XLOC_049689","MKLN1-AS",14,0,2,0.0310457035504216,0.0310457035504216,0.143733333333333,,FALSE
"XLOC_049691","PODXL",5,0,0,0.960640972419613,0.960640972419613,0.0803666666666666,,FALSE
"XLOC_049697","CHCHD3",9,0,4,0.331403681166373,0.331403681166373,0.0497333333333333,,FALSE
"XLOC_049702","SLC35B4",4,0,0,0.0998250736345684,0.0998250736345684,0.0463,,FALSE
"XLOC_049705","AKR1B1",24,0,14,4.93696487182956e-06,4.93696487182956e-06,0.0873666666666667,,FALSE
"XLOC_049708","CYREN",16,0,8,0.373173482549629,0.373173482549629,0.102733333333333,,FALSE
"XLOC_049709","WDR91",19,0,3,0.00455467748413709,0.00455467748413709,0.0608,,FALSE
"XLOC_049712","CNOT4",11,0,7,0.5926880963305,0.5926880963305,0.2176,,FALSE
"XLOC_049736","ZC3HAV1",11,0,9,3.6686790054696e-06,3.6686790054696e-06,0.2083,,FALSE
"XLOC_049745","PARP12",20,0,9,0.848881340921322,0.848881340921322,0.0904333333333333,,FALSE
"XLOC_049746","KDM7A",3,0,1,0.169815071166775,0.169815071166775,0.0993,,FALSE
"XLOC_049749","SLC37A3",19,0,2,0.82397052089862,0.82397052089862,0.0904333333333334,,FALSE
"XLOC_049752","MKRN1",19,0,6,0.276448539034811,0.276448539034811,0.0998333333333333,,FALSE
"XLOC_049755","BRAF",19,0,2,0.916485893703757,0.916485893703757,0.0504,,FALSE
"XLOC_049770","CLEC5A",36,0,33,0.000191999345697089,0.000191999345697089,0.0733666666666667,,FALSE
"XLOC_049801","TCAF1",5,0,1,0.799690222860435,0.799690222860435,0.0883666666666666,,FALSE
"XLOC_049812","TPK1",29,0,22,0.270106978710272,0.270106978710272,0.111133333333333,,FALSE
"XLOC_049825","EZH2",29,0,11,0.0703582680836357,0.0703582680836357,0.140566666666667,,FALSE
"XLOC_049828","PDIA4",7,0,5,0.471692542599291,0.471692542599291,0.0372666666666667,,FALSE
"XLOC_049837","ZNF746",5,0,0,0.947218379771423,0.947218379771423,0.0629333333333333,,FALSE
"XLOC_049855","GIMAP6",3,0,1,0.98841500485423,0.98841500485423,0.184766666666667,,FALSE
"XLOC_049858","XLOC_049858",8,0,8,0.10346780891839,0.10346780891839,0.301866666666667,,FALSE
"XLOC_049859","TMEM176B",9,0,5,0.0931257797847277,0.0931257797847277,0.0393999999999999,,FALSE
"XLOC_049862","ATG9B",10,0,0,0.974516085232576,0.974516085232576,0.172533333333333,,FALSE
"XLOC_049864","CDK5",4,0,0,0.89016821450764,0.89016821450764,0.0204,,FALSE
"XLOC_049866","FASTK",16,0,1,0.353938272481216,0.353938272481216,0.0557,,FALSE
"XLOC_049867","TMUB1",6,0,0,0.812507306772624,0.812507306772624,0.0422666666666667,,FALSE
"XLOC_049871","ABCF2-H2BE1",23,0,20,0.67089303514825,0.67089303514825,0.106633333333333,,FALSE
"XLOC_049877","RHEB",14,0,7,0.779959947862392,0.779959947862392,0.0236333333333333,,FALSE
"XLOC_049878","PRKAG2",37,0,6,0.75501423659596,0.75501423659596,0.0567333333333333,,FALSE
"XLOC_049881","KMT2C",62,0,10,0.0578062360840802,0.0578062360840802,0.0720333333333333,,FALSE
"XLOC_049897","PAXIP1",7,0,1,0.673283497861904,0.673283497861904,0.102266666666667,,FALSE
"XLOC_049905","XLOC_049905",9,0,4,0.196927358657838,0.196927358657838,0.230233333333333,,FALSE
"XLOC_049911","LMBR1",18,0,3,0.0511921427070834,0.0511921427070834,0.0715666666666667,,FALSE
"XLOC_049923","NCAPG2",24,0,17,0.300951001393652,0.300951001393652,0.0677333333333333,,FALSE
"XLOC_049924","ESYT2",10,0,5,0.795891402503416,0.795891402503416,0.0648666666666667,,FALSE
"XLOC_049940","CLN8",28,0,5,2.19553772737039e-10,2.19553772737039e-10,0.197,,FALSE
"XLOC_049965","MCPH1",27,0,2,0.603836632461214,0.603836632461214,0.134266666666667,,FALSE
"XLOC_049966","AGPAT5",9,0,6,0.0253013818852634,0.0253013818852634,0.113933333333333,,FALSE
"XLOC_050024","ERI1",6,0,0,0.86236189629671,0.86236189629671,0.1279,,FALSE
"XLOC_050032","TNKS",9,0,4,0.0468848198284016,0.0468848198284016,0.1156,,FALSE
"XLOC_050035","MSRA",6,0,0,0.281388850966165,0.281388850966165,0.0100333333333333,,FALSE
"XLOC_050061","FDFT1",25,0,11,0.370237658151681,0.370237658151681,0.0696,,FALSE
"XLOC_050073","XLOC_050073",6,0,6,0.974516085232576,0.974516085232576,0.170666666666667,,FALSE
"XLOC_050121","PCM1",52,0,33,0.000846251982679186,0.000846251982679186,0.0603333333333333,,FALSE
"XLOC_050124","NAT1",9,0,2,0.599579006749052,0.599579006749052,0.0301666666666667,,FALSE
"XLOC_050139","INTS10",25,0,9,0.573465506271657,0.573465506271657,0.1176,,FALSE
"XLOC_050140","LPL",20,0,13,0.142582783798681,0.142582783798681,0.1018,,FALSE
"XLOC_050142","ATP6V1B2",12,0,6,0.265753578241888,0.265753578241888,0.0327,,FALSE
"XLOC_050153","XPO7",11,0,6,0.95248245153753,0.95248245153753,0.116933333333333,,FALSE
"XLOC_050157","FHIP2B",12,0,0,0.818961473915176,0.818961473915176,0.0605333333333333,,FALSE
"XLOC_050159","BMP1",17,0,1,0.0422283690047393,0.0422283690047393,0.0629,,FALSE
"XLOC_050160","POLR3D",5,0,0,0.960991165787216,0.960991165787216,0.0500333333333334,,FALSE
"XLOC_050164","PPP3CC",12,0,5,0.988365426240639,0.988365426240639,0.100033333333333,,FALSE
"XLOC_050166","SORBS3",17,0,0,0.155036997163509,0.155036997163509,0.122933333333333,,FALSE
"XLOC_050168","PDLIM2",20,0,1,0.00783071164655011,0.00783071164655011,0.2428,,FALSE
"XLOC_050169","CCAR2",13,0,1,0.0656579305892925,0.0656579305892925,0.0726,,FALSE
"XLOC_050180","CHMP7",10,0,2,0.570319577668854,0.570319577668854,0.0657333333333333,,FALSE
"XLOC_050182","R3HCC1",8,0,3,0.0116254351981217,0.0116254351981217,0.0966,,FALSE
"XLOC_050187","SLC25A37",12,0,2,0.972960469424683,0.972960469424683,0.0826666666666667,,FALSE
"XLOC_050189","ADAM28",26,0,17,0.146860656886741,0.146860656886741,0.212133333333333,,FALSE
"XLOC_050190","ADAMDEC1",23,0,22,0.038344848430287,0.038344848430287,0.0759,,FALSE
"XLOC_050196","DOCK5",11,0,1,0.46779284325144,0.46779284325144,0.127033333333333,,FALSE
"XLOC_050198","CDCA2",8,0,3,0.900694816799839,0.900694816799839,0.1764,,FALSE
"XLOC_050203","PPP2R2A",24,0,9,0.122466206092071,0.122466206092071,0.0835333333333333,,FALSE
"XLOC_050204","BNIP3L",7,0,2,0.92105257774113,0.92105257774113,0.0738333333333333,,FALSE
"XLOC_050207","DPYSL2",15,0,8,0.54555640333639,0.54555640333639,0.161133333333333,,FALSE
"XLOC_050213","PTK2B",21,1,9,1.31057426419227e-08,1.31057426419227e-08,0.225333333333333,0.225333333333333,FALSE
"XLOC_050222","ESCO2",13,0,7,0.00127537739719521,0.00127537739719521,0.206466666666667,,FALSE
"XLOC_050227","ELP3",18,0,10,0.538908030858267,0.538908030858267,0.141866666666667,,FALSE
"XLOC_050236","EXTL3",14,0,0,0.00532070541613952,0.00532070541613952,0.155666666666667,,FALSE
"XLOC_050239","HMBOX1",11,0,0,0.76209413100427,0.76209413100427,0.0909333333333334,,FALSE
"XLOC_050256","LEPROTL1",17,0,5,0.823750641916131,0.823750641916131,0.0436,,FALSE
"XLOC_050266","UBXN8",10,0,6,0.493859882621756,0.493859882621756,0.0358666666666667,,FALSE
"XLOC_050277","XLOC_050277",8,0,1,0.730473559266368,0.730473559266368,0.128333333333333,,FALSE
"XLOC_050308","ERLIN2",11,0,2,0.747624429750433,0.747624429750433,0.0703666666666667,,FALSE
"XLOC_050309","PLPBP",13,0,5,0.136080884475538,0.136080884475538,0.137533333333333,,FALSE
"XLOC_050318","ASH2L",19,0,9,0.614168481802281,0.614168481802281,0.113433333333333,,FALSE
"XLOC_050323","DDHD2",20,0,3,0.716065072146228,0.716065072146228,0.1031,,FALSE
"XLOC_050330","TACC1",19,0,3,0.897900042463252,0.897900042463252,0.0759666666666667,,FALSE
"XLOC_050333","PLEKHA2",12,0,3,0.612902754676527,0.612902754676527,0.0442333333333333,,FALSE
"XLOC_050335","ADAM9",44,0,19,0.00102634768003246,0.00102634768003246,0.0337,,FALSE
"XLOC_050341","IDO1",10,0,3,0.000381562649865778,0.000381562649865778,0.1051,,FALSE
"XLOC_050354","GOLGA7",25,0,4,1.98003670641316e-10,1.98003670641316e-10,0.108866666666667,,FALSE
"XLOC_050358","GPAT4",15,0,6,0.403797882180496,0.403797882180496,0.0266666666666667,,FALSE
"XLOC_050365","AP3M2",15,0,4,0.6583214170463,0.6583214170463,0.2042,,FALSE
"XLOC_050366","IKBKB",33,0,5,0.555299461588268,0.555299461588268,0.0196,,FALSE
"XLOC_050367","POLB",11,0,3,0.74207271564043,0.74207271564043,0.229566666666667,,FALSE
"XLOC_050368","VDAC3",21,0,12,9.52034883346724e-05,9.52034883346724e-05,0.0184666666666666,,FALSE
"XLOC_050370","SMIM19",10,0,3,0.947870593053459,0.947870593053459,0.1164,,FALSE
"XLOC_050374","HOOK3",26,0,11,0.094734140847317,0.094734140847317,0.0186666666666667,,FALSE
"XLOC_050377","HGSNAT",14,0,6,0.706565900139516,0.706565900139516,0.084,,FALSE
"XLOC_050408","SPIDR",37,0,25,0.0736541812836966,0.0736541812836966,0.135033333333333,,FALSE
"XLOC_050412","MCM4",27,0,14,0.0296128427518683,0.0296128427518683,0.178266666666667,,FALSE
"XLOC_050452","RGS20",7,0,0,0.313235262275813,0.313235262275813,0.127866666666667,,FALSE
"XLOC_050457","MRPL15",5,0,3,0.577221303373424,0.577221303373424,0.0551333333333333,,FALSE
"XLOC_050471","TGS1",11,0,10,0.0137223353487264,0.0137223353487264,0.180033333333333,,FALSE
"XLOC_050472","LYN",20,0,16,0.313497398613562,0.313497398613562,0.0264333333333333,,FALSE
"XLOC_050475","CHCHD7",23,0,10,0.382010394501565,0.382010394501565,0.0606,,FALSE
"XLOC_050490","FAM110B",4,0,0,0.900833886330195,0.900833886330195,0.0354333333333333,,FALSE
"XLOC_050494","SDCBP",40,0,31,0.026595595230176,0.026595595230176,0.04,,FALSE
"XLOC_050503","RAB2A",14,0,5,0.679100995614805,0.679100995614805,0.0336666666666667,,FALSE
"XLOC_050518","YTHDF3",15,0,5,0.0554078149442568,0.0554078149442568,0.0804333333333334,,FALSE
"XLOC_050535","MTFR1",12,0,3,0.221705239686977,0.221705239686977,0.187933333333333,,FALSE
"XLOC_050537","DNAJC5B",10,0,7,0.826595184954841,0.826595184954841,0.0926,,FALSE
"XLOC_050541","RRS1",16,0,0,0.701736950972416,0.701736950972416,0.137466666666667,,FALSE
"XLOC_050544","C8orf44-SGK3",31,0,13,0.46695334066835,0.46695334066835,0.0677,,FALSE
"XLOC_050546","CSPP1",36,0,4,0.0599304934952915,0.0599304934952915,0.176533333333333,,FALSE
"XLOC_050573","MSC-AS1",31,0,20,0.00224715988325738,0.00224715988325738,0.0689666666666667,,FALSE
"XLOC_050584","RDH10",6,0,3,0.718405437719191,0.718405437719191,0.0968333333333333,,FALSE
"XLOC_050592","TMEM70",5,0,1,0.972053629850862,0.972053629850862,0.0573666666666667,,FALSE
"XLOC_050617","ZC2HC1A",5,0,1,0.719694031144344,0.719694031144344,0.1291,,FALSE
"XLOC_050633","ZBTB10",9,0,4,0.993393507728989,0.993393507728989,0.1529,,FALSE
"XLOC_050640","XLOC_050640",6,0,1,0.778566253284551,0.778566253284551,0.141433333333333,,FALSE
"XLOC_050644","FABP5",7,0,5,0.99565514368958,0.99565514368958,0.0268333333333333,,FALSE
"XLOC_050662","LRRCC1",9,0,5,0.104979401494424,0.104979401494424,0.336766666666667,,FALSE
"XLOC_050666","CA2",13,0,10,0.773725132130567,0.773725132130567,0.0371666666666667,,FALSE
"XLOC_050675","WWP1",16,0,9,0.355070567323014,0.355070567323014,0.106633333333333,,FALSE
"XLOC_050677","CPNE3",14,0,5,0.123572351570901,0.123572351570901,0.105366666666667,,FALSE
"XLOC_050685","RIPK2",10,0,8,0.647028551426597,0.647028551426597,0.0264333333333333,,FALSE
"XLOC_050687","OSGIN2",8,0,4,0.001046179321078,0.001046179321078,0.136733333333333,,FALSE
"XLOC_050688","DECR1",29,0,15,0.3782964858731,0.3782964858731,0.0501666666666667,,FALSE
"XLOC_050694","OTUD6B",9,0,1,0.919248292597305,0.919248292597305,0.0362666666666667,,FALSE
"XLOC_050709","CIBAR1",11,0,1,0.897565030419817,0.897565030419817,0.0454666666666666,,FALSE
"XLOC_050716","PDP1",6,0,0,0.502649873004187,0.502649873004187,0.0546,,FALSE
"XLOC_050726","DPY19L4",12,0,5,0.417442420350845,0.417442420350845,0.118166666666667,,FALSE
"XLOC_050727","INTS8",21,0,5,0.00918262898396087,0.00918262898396087,0.121233333333333,,FALSE
"XLOC_050730","NDUFAF6",21,0,4,0.630983496937175,0.630983496937175,0.0534666666666667,,FALSE
"XLOC_050734","PLEKHF2",5,0,3,0.101244797741154,0.101244797741154,0.1451,,FALSE
"XLOC_050740","PTDSS1",13,0,8,0.742587133248506,0.742587133248506,0.0945333333333333,,FALSE
"XLOC_050741","SDC2",19,0,14,0.162628956778672,0.162628956778672,0.0656333333333333,,FALSE
"XLOC_050742","CPQ",43,0,37,0.0920455794744255,0.0920455794744255,0.0368333333333333,,FALSE
"XLOC_050747","LAPTM4B",4,0,2,0.82678798731603,0.82678798731603,0.0153333333333333,,FALSE
"XLOC_050754","POP1",9,0,6,0.16725171923082,0.16725171923082,0.134033333333333,,FALSE
"XLOC_050765","VPS13B",23,0,6,0.819570169160538,0.819570169160538,0.159366666666667,,FALSE
"XLOC_050772","SPAG1",13,0,6,0.905519274642624,0.905519274642624,0.0829333333333333,,FALSE
"XLOC_050808","MAILR",30,0,17,0.47694399054411,0.47694399054411,0.0735,,FALSE
"XLOC_050811","LINC01181",9,0,8,0.660581150672327,0.660581150672327,0.0911333333333333,,FALSE
"XLOC_050815","BAALC",11,0,3,0.546362829543278,0.546362829543278,0.0510333333333333,,FALSE
"XLOC_050820","DCAF13",17,0,12,0.0127869788673152,0.0127869788673152,0.103966666666667,,FALSE
"XLOC_050824","DCSTAMP",43,0,40,0.0998250736345684,0.0998250736345684,0.049,,FALSE
"XLOC_050832","OXR1",20,0,8,0.408195139321286,0.408195139321286,0.131133333333333,,FALSE
"XLOC_050840","EMC2",10,0,4,0.976812478543819,0.976812478543819,0.025,,FALSE
"XLOC_050846","ENY2",17,0,6,0.954057469152211,0.954057469152211,0.0542333333333334,,FALSE
"XLOC_050849","EBAG9",9,0,4,0.616055757849437,0.616055757849437,0.155533333333333,,FALSE
"XLOC_050873","UTP23",8,0,4,0.577837423066284,0.577837423066284,0.0623,,FALSE
"XLOC_050883","MED30",4,0,0,0.850292800199638,0.850292800199638,0.0585666666666667,,FALSE
"XLOC_050906","ZHX2",3,0,1,0.749063811759136,0.749063811759136,0.0845666666666667,,FALSE
"XLOC_050909","TBC1D31",12,0,3,0.964340599374598,0.964340599374598,0.1653,,FALSE
"XLOC_050922","NTAQ1",11,0,2,0.581185333504874,0.581185333504874,0.1589,,FALSE
"XLOC_050925","FAM91A1",13,0,6,0.432072444101542,0.432072444101542,0.0723666666666666,,FALSE
"XLOC_050932","TRMT12",4,0,1,2.25601767423785e-05,2.25601767423785e-05,0.232266666666667,,FALSE
"XLOC_050933","RNF139",4,0,1,0.944285407875763,0.944285407875763,0.047,,FALSE
"XLOC_050939","SQLE",20,0,16,0.429305746136364,0.429305746136364,0.045,,FALSE
"XLOC_050941","NSMCE2",18,0,10,0.60370563851552,0.60370563851552,0.0744666666666667,,FALSE
"XLOC_050943","TRIB1",7,0,4,0.6491822709943,0.6491822709943,0.0425666666666667,,FALSE
"XLOC_050960","MYC",9,0,2,0.978534517761101,0.978534517761101,0.0381666666666666,,FALSE
"XLOC_050961","PVT1",81,0,5,0.103309456488294,0.103309456488294,0.108633333333333,,FALSE
"XLOC_050983","EFR3A",13,0,6,0.340083915082404,0.340083915082404,0.110033333333333,,FALSE
"XLOC_050985","PHF20L1",23,0,4,4.21468293843227e-05,4.21468293843227e-05,0.1213,,FALSE
"XLOC_051008","KHDRBS3",11,1,0,0.0146779203473449,0.0146779203473449,0.190033333333333,0.190033333333333,FALSE
"XLOC_051018","CHRAC1",5,0,1,0.0514690807805623,0.0514690807805623,0.1227,,FALSE
"XLOC_051023","DENND3",19,0,1,0.400845401323752,0.400845401323752,0.0669666666666667,,FALSE
"XLOC_051054","LY6E",15,0,4,0.164073274239538,0.164073274239538,0.0105666666666667,,FALSE
"XLOC_051059","ZFP41",14,0,0,0.660447364278012,0.660447364278012,0.174466666666667,,FALSE
"XLOC_051066","GSDMD",15,0,1,0.46763449497049,0.46763449497049,0.244,,FALSE
"XLOC_051070","ZNF623",5,0,2,0.981303031588092,0.981303031588092,0.0569666666666667,,FALSE
"XLOC_051071","ZNF707",19,0,0,0.26648705102771,0.26648705102771,0.0902333333333333,,FALSE
"XLOC_051078","GRINA",9,0,1,0.000235420942149894,0.000235420942149894,0.0281333333333333,,FALSE
"XLOC_051082","GPAA1",22,0,6,1.03755624256481e-07,1.03755624256481e-07,0.0837,,FALSE
"XLOC_051083","CYC1",6,0,2,0.953197231168096,0.953197231168096,0.0627,,FALSE
"XLOC_051084","MAF1",6,0,0,0.880023033186853,0.880023033186853,0.1012,,FALSE
"XLOC_051087","MROH1",12,0,1,0.807625071442415,0.807625071442415,0.0983666666666667,,FALSE
"XLOC_051089","HSF1",13,0,0,0.837293914960518,0.837293914960518,0.0310666666666667,,FALSE
"XLOC_051090","SLC52A2",19,0,0,0.183190120016525,0.183190120016525,0.158433333333333,,FALSE
"XLOC_051095","KIFC2",6,0,0,0.140672201263937,0.140672201263937,0.123666666666667,,FALSE
"XLOC_051096","PPP1R16A",9,0,0,0.767793881395163,0.767793881395163,0.165833333333333,,FALSE
"XLOC_051097","GPT",4,0,0,0.35903476293155,0.35903476293155,0.2254,,FALSE
"XLOC_051107","ZNF7",20,0,9,0.277280405672015,0.277280405672015,0.0798333333333333,,FALSE
"XLOC_051112","C8orf33",10,0,5,0.244016284787944,0.244016284787944,0.0982666666666667,,FALSE
"XLOC_051118","RPL23AP53",5,0,4,0.987062498764055,0.987062498764055,0.0391333333333334,,FALSE
"XLOC_051126","ERICH1",10,0,1,0.728684448472611,0.728684448472611,0.0294666666666667,,FALSE
"XLOC_051232","MFHAS1",4,0,0,0.776315643854488,0.776315643854488,0.0828666666666666,,FALSE
"XLOC_051254","SOX7",10,0,3,0.992965244118601,0.992965244118601,0.0344,,FALSE
"XLOC_051273","CTSB",111,0,82,0.0158603567987715,0.0158603567987715,0.0702,,FALSE
"XLOC_051313","LONRF1",11,0,4,8.79175910584602e-05,8.79175910584602e-05,0.1325,,FALSE
"XLOC_051329","MSR1",16,0,12,0.809460668613161,0.809460668613161,0.0607666666666667,,FALSE
"XLOC_051336","CNOT7",19,0,8,0.225972928475934,0.225972928475934,0.0852,,FALSE
"XLOC_051345","ASAH1",72,0,29,0.127515040751405,0.127515040751405,0.0471333333333333,,FALSE
"XLOC_051350","PSD3",39,0,23,0.435905663096089,0.435905663096089,0.0958333333333333,,FALSE
"XLOC_051355","CSGALNACT1",10,0,0,0.986958710691666,0.986958710691666,0.0700666666666667,,FALSE
"XLOC_051366","DOK2",7,0,3,0.0130755060881493,0.0130755060881493,0.1202,,FALSE
"XLOC_051369","REEP4",6,0,0,0.806208985380417,0.806208985380417,0.0602666666666667,,FALSE
"XLOC_051379","BIN3",16,0,6,0.254343554266764,0.254343554266764,0.076,,FALSE
"XLOC_051381","EGR3",5,0,0,0.618439074287245,0.618439074287245,0.0921333333333333,,FALSE
"XLOC_051389","TNFRSF10D",3,0,3,0.940308132774976,0.940308132774976,0.0323666666666667,,FALSE
"XLOC_051390","TNFRSF10A",6,0,3,0.13039188012013,0.13039188012013,0.111066666666667,,FALSE
"XLOC_051392","LOXL2",17,0,4,0.337749752308387,0.337749752308387,0.0501,,FALSE
"XLOC_051415","KCTD9",19,0,9,0.390501499485375,0.390501499485375,0.0584333333333333,,FALSE
"XLOC_051429","TRIM35",3,0,0,0.985105142170181,0.985105142170181,0.0223666666666667,,FALSE
"XLOC_051431","CLU",27,0,12,0.0868326399275952,0.0868326399275952,0.0551,,FALSE
"XLOC_051434","CCDC25",10,0,2,6.31337402815356e-05,6.31337402815356e-05,0.0987333333333333,,FALSE
"XLOC_051435","PBK",7,0,6,0.887583835474783,0.887583835474783,0.232966666666667,,FALSE
"XLOC_051446","INTS9",25,0,11,0.628668237691666,0.628668237691666,0.0939,,FALSE
"XLOC_051451","DUSP4",2,0,0,0.98798135643707,0.98798135643707,0.0062,,FALSE
"XLOC_051458","SARAF",17,0,7,0.301875976454561,0.301875976454561,0.0471,,FALSE
"XLOC_051469","GTF2E2",3,0,0,0.90620940734232,0.90620940734232,0.0108666666666667,,FALSE
"XLOC_051472","PPP2CB",7,0,2,0.228978041290801,0.228978041290801,0.0194666666666667,,FALSE
"XLOC_051487","TTI2",10,0,7,0.553413279698024,0.553413279698024,0.175666666666667,,FALSE
"XLOC_051511","XLOC_051511",18,0,15,0.0127202068153765,0.0127202068153765,0.0887,,FALSE
"XLOC_051520","BRF2",3,0,0,0.96478327194087,0.96478327194087,0.0446333333333333,,FALSE
"XLOC_051521","RAB11FIP1",9,0,4,0.738929408526597,0.738929408526597,0.0925333333333333,,FALSE
"XLOC_051528","PLPP5",26,0,16,0.0157282707526662,0.0157282707526662,0.0432666666666667,,FALSE
"XLOC_051529","NSD3",16,1,6,0.000430292806223703,0.000430292806223703,0.192933333333333,0.192933333333333,TRUE
"XLOC_051530","FGFR1",49,0,2,0.000254512542096883,0.000254512542096883,0.0648,,FALSE
"XLOC_051540","TM2D2",12,0,6,0.94433629665716,0.94433629665716,0.0148,,FALSE
"XLOC_051575","SLC20A2",16,0,7,0.917743162458703,0.917743162458703,0.0767333333333333,,FALSE
"XLOC_051580","THAP1",5,0,3,0.123628217950292,0.123628217950292,0.05,,FALSE
"XLOC_051581","RNF170",11,0,4,0.697590094689346,0.697590094689346,0.125866666666667,,FALSE
"XLOC_051609","CEBPD",3,0,2,0.908949327347982,0.908949327347982,0.103633333333333,,FALSE
"XLOC_051610","PRKDC",24,0,18,0.000267500250086568,0.000267500250086568,0.0877333333333333,,FALSE
"XLOC_051634","PCMTD1",10,0,3,1.85204128486629e-05,1.85204128486629e-05,0.148833333333333,,FALSE
"XLOC_051637","ST18",12,0,1,0.775773395627279,0.775773395627279,0.337866666666667,,FALSE
"XLOC_051640","RB1CC1",13,0,6,0.571939682478143,0.571939682478143,0.157033333333333,,FALSE
"XLOC_051646","ATP6V1H",31,0,18,0.077666933046784,0.077666933046784,0.0203333333333333,,FALSE
"XLOC_051649","TCEA1",49,0,31,0.0027273545889588,0.0027273545889588,0.0619,,FALSE
"XLOC_051659","TMEM68",18,0,7,0.913030977232709,0.913030977232709,0.0709666666666667,,FALSE
"XLOC_051664","RPS20",17,0,4,0.660160259707143,0.660160259707143,0.0438,,FALSE
"XLOC_051672","PENK",14,0,1,0.353131815159561,0.353131815159561,0.246666666666667,,FALSE
"XLOC_051687","NSMAF",50,0,35,0.194629477963685,0.194629477963685,0.1162,,FALSE
"XLOC_051705","ASPH",37,0,12,0.0142633654982527,0.0142633654982527,0.0468,,FALSE
"XLOC_051737","ARMC1",9,0,6,0.976655726009644,0.976655726009644,0.0813,,FALSE
"XLOC_051738","PDE7A",15,0,8,0.326093381414632,0.326093381414632,0.0545333333333333,,FALSE
"XLOC_051750","SNHG6",10,0,4,0.846605004167892,0.846605004167892,0.100166666666667,,FALSE
"XLOC_051752","COPS5",17,0,11,0.781577793681355,0.781577793681355,0.0204666666666667,,FALSE
"XLOC_051755","ARFGEF1",11,0,5,0.0223405301989807,0.0223405301989807,0.0541,,FALSE
"XLOC_051776","NCOA2",8,0,1,0.279239302190728,0.279239302190728,0.0887333333333333,,FALSE
"XLOC_051781","TRAM1",13,0,8,0.905884665012701,0.905884665012701,0.0422,,FALSE
"XLOC_051789","MSC",3,0,3,0.729731490631227,0.729731490631227,0.0328,,FALSE
"XLOC_051802","RPL7",15,0,11,0.882829288972686,0.882829288972686,0.00803333333333334,,FALSE
"XLOC_051805","STAU2",49,0,22,0.00958862732832369,0.00958862732832369,0.0739666666666667,,FALSE
"XLOC_051809","ELOC",21,0,8,0.878590981217582,0.878590981217582,0.0730333333333333,,FALSE
"XLOC_051840","MRPS28",31,0,17,0.000995371690638841,0.000995371690638841,0.0491,,FALSE
"XLOC_051860","FABP4",6,0,3,0.335848449768542,0.335848449768542,0.0782333333333333,,FALSE
"XLOC_051866","IMPA1",18,0,8,0.905519274642624,0.905519274642624,0.0700666666666667,,FALSE
"XLOC_051868","ZFAND1",26,0,13,0.476928319042522,0.476928319042522,0.118833333333333,,FALSE
"XLOC_051869","SNX16",10,0,2,0.00165297295453353,0.00165297295453353,0.068,,FALSE
"XLOC_051905","RMDN1",24,0,11,0.546460112740184,0.546460112740184,0.0530666666666667,,FALSE
"XLOC_051922","RIPK2-DT",34,0,1,0.741312255445852,0.741312255445852,0.0791333333333333,,FALSE
"XLOC_051925","NBN",45,0,36,0.000733125107100712,0.000733125107100712,0.0894666666666667,,FALSE
"XLOC_051932","PIP4P2",10,0,6,0.545326405569202,0.545326405569202,0.178066666666667,,FALSE
"XLOC_051946","TRIQK",20,0,4,0.361645917759108,0.361645917759108,0.0853,,FALSE
"XLOC_051951","RBM12B",6,0,0,0.87050986753552,0.87050986753552,0.1728,,FALSE
"XLOC_051960","GEM",15,0,11,0.0458099706599774,0.0458099706599774,0.0697,,FALSE
"XLOC_051967","CCNE2",14,0,10,0.176640342269825,0.176640342269825,0.2397,,FALSE
"XLOC_051981","UQCRB",9,0,2,0.544930072696107,0.544930072696107,0.0580666666666667,,FALSE
"XLOC_051982","MTERF3",5,0,1,0.811726996956637,0.811726996956637,0.230933333333333,,FALSE
"XLOC_051997","RPL30",14,0,4,0.99599592947764,0.99599592947764,0.0173,,FALSE
"XLOC_051999","RIDA",4,0,1,0.579468671563144,0.579468671563144,0.0599,,FALSE
"XLOC_052000","NIPAL2",13,3,6,6.60718819882144e-12,6.60718819882144e-12,0.237966666666667,0.237966666666667,TRUE
"XLOC_052001","STK3",19,0,12,0.399025431691336,0.399025431691336,0.0335333333333333,,FALSE
"XLOC_052019","COX6C",12,0,5,0.0373524726752414,0.0373524726752414,0.0559,,FALSE
"XLOC_052024","RNF19A",38,0,26,0.000975507529961882,0.000975507529961882,0.0323333333333333,,FALSE
"XLOC_052026","ANKRD46",12,0,4,0.255292504742402,0.255292504742402,0.161866666666667,,FALSE
"XLOC_052028","PABPC1",44,0,15,0.328892071518785,0.328892071518785,0.0402666666666667,,FALSE
"XLOC_052036","YWHAZ",27,0,14,0.001818912363683,0.001818912363683,0.0675666666666667,,FALSE
"XLOC_052039","ZNF706",15,0,5,0.2723548992656,0.2723548992656,0.0245666666666667,,FALSE
"XLOC_052054","RRM2B",10,0,6,0.938271369526167,0.938271369526167,0.136066666666667,,FALSE
"XLOC_052056","UBR5",20,0,12,0.15145593521517,0.15145593521517,0.124533333333333,,FALSE
"XLOC_052061","AZIN1",47,0,37,0.112465104789402,0.112465104789402,0.0347333333333333,,FALSE
"XLOC_052077","LRP12",6,0,2,7.71882183903174e-13,7.71882183903174e-13,0.1089,,FALSE
"XLOC_052078","XLOC_052078",4,0,4,0.950258090429188,0.950258090429188,0.0838,,FALSE
"XLOC_052100","EIF3E",37,0,10,2.21186513081142e-07,2.21186513081142e-07,0.0637333333333333,,FALSE
"XLOC_052123","TRPS1",14,0,5,0.43596672636349,0.43596672636349,0.2504,,FALSE
"XLOC_052127","EIF3H",19,0,10,1.39033769237332e-07,1.39033769237332e-07,0.0536,,FALSE
"XLOC_052128","RAD21",27,0,11,4.35131459223864e-15,4.35131459223864e-15,0.118,,FALSE
"XLOC_052130","EXT1",12,0,7,0.390221594137702,0.390221594137702,0.192733333333333,,FALSE
"XLOC_052140","ENPP2",9,0,5,0.980610112718246,0.980610112718246,0.0696666666666667,,FALSE
"XLOC_052143","TAF2",36,0,4,0.95900974275519,0.95900974275519,0.0708333333333333,,FALSE
"XLOC_052144","DSCC1",4,0,2,0.000404260004741362,0.000404260004741362,0.3539,,FALSE
"XLOC_052149","SNTB1",8,0,4,1.41704112988173e-07,1.41704112988173e-07,0.0829,,FALSE
"XLOC_052162","DERL1",10,0,5,0.10241999319889,0.10241999319889,0.1777,,FALSE
"XLOC_052167","C8orf76",33,0,18,0.189562954022359,0.189562954022359,0.0856,,FALSE
"XLOC_052168","ATAD2",13,0,8,0.512119411528413,0.512119411528413,0.0883333333333333,,FALSE
"XLOC_052182","TATDN1",20,0,6,0.4807729009223,0.4807729009223,0.1193,,FALSE
"XLOC_052183","MTSS1",16,0,5,0.106113078237829,0.106113078237829,0.0912666666666667,,FALSE
"XLOC_052188","WASHC5",21,0,14,0.604327730210137,0.604327730210137,0.0667333333333333,,FALSE
"XLOC_052215","CYRIB",48,0,26,0.0509893567235624,0.0509893567235624,0.0802666666666667,,FALSE
"XLOC_052219","ASAP1",32,0,18,0.0175200344997105,0.0175200344997105,0.0907,,FALSE
"XLOC_052228","XLOC_052228",7,0,7,0.870393255626179,0.870393255626179,0.109833333333333,,FALSE
"XLOC_052233","TMEM71",10,0,4,0.796900509834466,0.796900509834466,0.125533333333333,,FALSE
"XLOC_052236","SLA",17,0,5,0.00401248321771384,0.00401248321771384,0.105366666666667,,FALSE
"XLOC_052238","NDRG1",29,0,1,0.351912129467365,0.351912129467365,0.0510333333333333,,FALSE
"XLOC_052240","ST3GAL1",15,0,1,0.106048190336126,0.106048190336126,0.0761333333333333,,FALSE
"XLOC_052250","ZFAT",10,0,1,0.267365968918527,0.267365968918527,0.0661666666666667,,FALSE
"XLOC_052275","AGO2",12,0,2,0.615989433122273,0.615989433122273,0.113033333333333,,FALSE
"XLOC_052276","PTK2",34,0,7,0.0433348566828785,0.0433348566828785,0.100033333333333,,FALSE
"XLOC_052279","DENND3-AS1",6,0,3,0.946114121450942,0.946114121450942,0.166833333333333,,FALSE
"XLOC_052280","SLC45A4",4,0,0,0.333670912723537,0.333670912723537,0.221833333333333,,FALSE
"XLOC_052294","JRK",7,0,0,0.236156630973992,0.236156630973992,0.350566666666667,,FALSE
"XLOC_052299","LYNX1-SLURP2",3,0,0,0.505081984413453,0.505081984413453,0.0521333333333333,,FALSE
"XLOC_052311","TOP1MT",10,0,1,0.326781410715353,0.326781410715353,0.172066666666667,,FALSE
"XLOC_052317","MROH6",9,0,0,0.55987895955793,0.55987895955793,0.2349,,FALSE
"XLOC_052318","NAPRT",13,0,0,0.0776694550086363,0.0776694550086363,0.102433333333333,,FALSE
"XLOC_052319","EEF1D",43,0,3,0.069206504868797,0.069206504868797,0.0329666666666667,,FALSE
"XLOC_052321","GFUS",17,0,3,0.862670762317248,0.862670762317248,0.0433333333333333,,FALSE
"XLOC_052325","FAM83H",3,0,0,0.767196071737796,0.767196071737796,0.0492333333333334,,FALSE
"XLOC_052328","SCRIB",9,0,0,0.692798988759731,0.692798988759731,0.1395,,FALSE
"XLOC_052329","PUF60",23,0,8,0.216738723883883,0.216738723883883,0.0388,,FALSE
"XLOC_052330","NRBP2",10,0,0,0.421095589741715,0.421095589741715,0.0853333333333333,,FALSE
"XLOC_052332","PLEC",11,0,0,0.746369780815212,0.746369780815212,0.0340333333333334,,FALSE
"XLOC_052334","PARP10",19,0,0,0.0852723816500887,0.0852723816500887,0.0436,,FALSE
"XLOC_052338","SHARPIN",9,0,1,0.653362465366774,0.653362465366774,0.0508333333333333,,FALSE
"XLOC_052340","BOP1",6,0,1,0.877512310439331,0.877512310439331,0.0425333333333333,,FALSE
"XLOC_052341","DGAT1",10,1,2,9.34263852149126e-08,9.34263852149126e-08,0.262933333333333,0.262933333333333,TRUE
"XLOC_052344","CPSF1",13,1,3,0.000246991348460729,0.000246991348460729,0.1764,0.1764,TRUE
"XLOC_052346","VPS28",17,0,4,0.00016284278502847,0.00016284278502847,0.0931333333333333,,FALSE
"XLOC_052349","CYHR1",11,0,0,0.598957921427118,0.598957921427118,0.0914333333333334,,FALSE
"XLOC_052352","RECQL4",11,0,0,0.405296917787635,0.405296917787635,0.235433333333333,,FALSE
"XLOC_052358","RPL8",18,0,6,0.342281326173826,0.342281326173826,0.022,,FALSE
"XLOC_052359","COMMD5",6,0,0,0.948847646958308,0.948847646958308,0.0577,,FALSE
"XLOC_052363","ZNF252P",8,0,1,0.175078438629139,0.175078438629139,0.116433333333333,,FALSE
"XLOC_052368","DOCK8",41,0,23,0.470092336375136,0.470092336375136,0.0532666666666667,,FALSE
"XLOC_052369","KANK1",45,0,21,0.0377200988766024,0.0377200988766024,0.0924333333333333,,FALSE
"XLOC_052381","SMARCA2",45,0,14,0.717090630956153,0.717090630956153,0.113866666666667,,FALSE
"XLOC_052399","RCL1",8,0,7,0.0795597969107474,0.0795597969107474,0.3158,,FALSE
"XLOC_052401","JAK2",10,1,6,0.0468848198284016,0.0468848198284016,0.1622,0.1622,TRUE
"XLOC_052415","CD274",11,0,7,0.00289542339903439,0.00289542339903439,0.0813666666666667,,FALSE
"XLOC_052416","PDCD1LG2",5,0,4,0.883475027811519,0.883475027811519,0.162133333333333,,FALSE
"XLOC_052418","RIC1",12,0,5,0.72993056226133,0.72993056226133,0.0603,,FALSE
"XLOC_052427","UHRF2",14,0,4,0.00329194325270939,0.00329194325270939,0.1194,,FALSE
"XLOC_052436","KDM4C",23,0,11,0.160318411829991,0.160318411829991,0.0621333333333333,,FALSE
"XLOC_052484","CNTLN",6,0,3,0.922272454194852,0.922272454194852,0.0910666666666667,,FALSE
"XLOC_052493","DENND4C",10,0,1,0.844365077831274,0.844365077831274,0.0755666666666667,,FALSE
"XLOC_052503","FOCAD",16,0,9,0.29173730961905,0.29173730961905,0.0825666666666667,,FALSE
"XLOC_052517","MTAP",33,0,2,0.720584720171834,0.720584720171834,0.180833333333333,,FALSE
"XLOC_052540","IFT74",13,0,6,0.00672402993236838,0.00672402993236838,0.107766666666667,,FALSE
"XLOC_052564","ACO1",9,0,6,0.69058910382743,0.69058910382743,0.0448666666666667,,FALSE
"XLOC_052565","SMIM27",6,0,0,0.822849212648376,0.822849212648376,0.00929999999999997,,FALSE
"XLOC_052571","DNAJA1",19,0,17,0.432517755450743,0.432517755450743,0.127433333333333,,FALSE
"XLOC_052575","CHMP5",15,0,14,0.00216343127054274,0.00216343127054274,0.179233333333333,,FALSE
"XLOC_052576","NFX1",20,0,18,0.0743510230995112,0.0743510230995112,0.0497666666666667,,FALSE
"XLOC_052595","PRSS3",4,0,0,0.994734289754542,0.994734289754542,0.911133333333333,,FALSE
"XLOC_052603","UBAP1",10,0,7,0.981708877732466,0.981708877732466,0.0874,,FALSE
"XLOC_052606","NUDT2",5,0,2,0.968451408607522,0.968451408607522,0.1046,,FALSE
"XLOC_052611","GALT",37,0,6,0.823750641916131,0.823750641916131,0.0848666666666667,,FALSE
"XLOC_052616","DNAJB5",11,0,1,0.87050986753552,0.87050986753552,0.0245333333333333,,FALSE
"XLOC_052622","UNC13B",6,0,2,0.98798135643707,0.98798135643707,0.0757,,FALSE
"XLOC_052627","TESK1",6,0,0,0.223795608732475,0.223795608732475,0.0944333333333333,,FALSE
"XLOC_052631","CCDC107",6,0,0,0.512853093157093,0.512853093157093,0.0545666666666667,,FALSE
"XLOC_052634","CREB3",9,0,9,0.838762744709333,0.838762744709333,0.0429666666666666,,FALSE
"XLOC_052644","GLIPR2",15,0,10,0.292705461419781,0.292705461419781,0.0127666666666667,,FALSE
"XLOC_052645","CLTA",11,0,3,0.0735440208162853,0.0735440208162853,0.0647666666666666,,FALSE
"XLOC_052647","MELK",37,0,28,0.179184524918358,0.179184524918358,0.0737333333333334,,FALSE
"XLOC_052653","EBLN3P",14,0,3,0.829630171692009,0.829630171692009,0.099,,FALSE
"XLOC_052654","ZCCHC7",13,0,11,0.784740506151585,0.784740506151585,0.0913,,FALSE
"XLOC_052657","GRHPR",15,0,3,0.464684728003007,0.464684728003007,0.0879,,FALSE
"XLOC_052662","TRMT10B",15,0,11,0.988818445164296,0.988818445164296,0.1287,,FALSE
"XLOC_052663","DCAF10",5,0,2,0.739669217247604,0.739669217247604,0.1049,,FALSE
"XLOC_052697","ANKRD20A2P",18,0,0,0.478090690356261,0.478090690356261,0.1384,,FALSE
"XLOC_052705","FRG1HP",24,0,10,0.900262985610363,0.900262985610363,0.0296666666666667,,FALSE
"XLOC_052756","LINC01410",8,0,2,0.299956164668091,0.299956164668091,0.3188,,FALSE
"XLOC_052789","CBWD5",33,0,10,0.129594720769806,0.129594720769806,0.1495,,FALSE
"XLOC_052815","CBWD3",23,0,7,0.0544036825131473,0.0544036825131473,0.1044,,FALSE
"XLOC_052823","PABIR1",4,0,3,0.96691606329711,0.96691606329711,0.0794,,FALSE
"XLOC_052824","FXN",29,0,4,0.17155403695867,0.17155403695867,0.121766666666667,,FALSE
"XLOC_052831","SMC5",5,0,1,0.991839806564682,0.991839806564682,0.0383333333333333,,FALSE
"XLOC_052843","LINC01504",7,0,2,0.963634619285646,0.963634619285646,0.0882,,FALSE
"XLOC_052848","ANXA1",30,0,24,5.67370429548456e-06,5.67370429548456e-06,0.0585333333333333,,FALSE
"XLOC_052863","GCNT1",13,0,8,0.292324555236137,0.292324555236137,0.1719,,FALSE
"XLOC_052878","CEP78",14,0,2,0.189307398078271,0.189307398078271,0.1635,,FALSE
"XLOC_052882","TLE4",18,0,2,0.621633406987971,0.621633406987971,0.0661333333333333,,FALSE
"XLOC_052907","IDNK",6,0,3,0.728453133809566,0.728453133809566,0.1375,,FALSE
"XLOC_052911","RMI1",4,0,2,0.675655076772466,0.675655076772466,0.150566666666667,,FALSE
"XLOC_052939","DAPK1",21,0,6,0.0127920511616532,0.0127920511616532,0.0450666666666667,,FALSE
"XLOC_052942","CTSL",45,0,11,0.00959156547691136,0.00959156547691136,0.00869999999999999,,FALSE
"XLOC_052957","SPIN1",14,0,10,0.131575624203059,0.131575624203059,0.0635333333333333,,FALSE
"XLOC_052963","SECISBP2",11,0,2,0.787051915881291,0.787051915881291,0.121066666666667,,FALSE
"XLOC_052974","SYK",11,0,7,0.355070567323014,0.355070567323014,0.0638,,FALSE
"XLOC_053000","CARD19",9,0,2,0.177736164337139,0.177736164337139,0.0225,,FALSE
"XLOC_053012","PTPDC1",3,0,0,0.557176674651065,0.557176674651065,0.231933333333333,,FALSE
"XLOC_053017","MFSD14B",17,0,14,0.384517685421882,0.384517685421882,0.0621333333333333,,FALSE
"XLOC_053038","ERCC6L2",28,0,5,0.000239673627065091,0.000239673627065091,0.167933333333333,,FALSE
"XLOC_053058","TDRD7",12,0,11,0.0427566720693804,0.0427566720693804,0.0841333333333333,,FALSE
"XLOC_053060","NCBP1",15,0,12,0.950281774231946,0.950281774231946,0.0358333333333333,,FALSE
"XLOC_053065","ANP32B",7,0,5,0.244088356865122,0.244088356865122,0.115866666666667,,FALSE
"XLOC_053071","GALNT12",11,0,8,0.892359544475721,0.892359544475721,0.0557333333333333,,FALSE
"XLOC_053074","TGFBR1",10,0,2,0.786192163688404,0.786192163688404,0.1068,,FALSE
"XLOC_053084","STX17",8,0,2,0.745128164921746,0.745128164921746,0.1585,,FALSE
"XLOC_053085","INVS",8,0,1,0.0853672094666815,0.0853672094666815,0.0968,,FALSE
"XLOC_053088","MSANTD3",18,0,10,0.939591875108204,0.939591875108204,0.0397,,FALSE
"XLOC_053096","ZNF189",6,0,3,0.946114121450942,0.946114121450942,0.0350666666666667,,FALSE
"XLOC_053107","SMC2",19,0,17,0.89616090090945,0.89616090090945,0.0898333333333333,,FALSE
"XLOC_053116","NIPSNAP3A",8,0,7,0.22328972641071,0.22328972641071,0.0711666666666666,,FALSE
"XLOC_053121","SLC44A1",13,0,6,0.442259888326946,0.442259888326946,0.1254,,FALSE
"XLOC_053123","FSD1L",18,0,12,0.0211218388820035,0.0211218388820035,0.0999666666666667,,FALSE
"XLOC_053125","FKTN",27,0,6,0.884857534535328,0.884857534535328,0.197633333333333,,FALSE
"XLOC_053128","TMEM38B",14,0,10,0.471007807530198,0.471007807530198,0.0858,,FALSE
"XLOC_053137","RAD23B",9,0,4,0.288133001663541,0.288133001663541,0.0594333333333333,,FALSE
"XLOC_053145","ABITRAM",4,0,0,0.179776013064382,0.179776013064382,0.0244666666666667,,FALSE
"XLOC_053148","PALM2AKAP2",12,0,3,0.826382916582078,0.826382916582078,0.0665666666666667,,FALSE
"XLOC_053155","DNAJC25",8,0,4,0.919759862312485,0.919759862312485,0.0163,,FALSE
"XLOC_053158","UGCG",12,0,7,0.965706561684158,0.965706561684158,0.0843,,FALSE
"XLOC_053164","HSDL2",8,0,5,0.380478121746822,0.380478121746822,0.0743666666666666,,FALSE
"XLOC_053166","SNX30",2,0,0,0.934766310588563,0.934766310588563,0.0806,,FALSE
"XLOC_053169","SLC31A2",10,0,9,0.557527895485959,0.557527895485959,0.0425,,FALSE
"XLOC_053170","SLC31A1",9,0,9,0.743903084860313,0.743903084860313,0.0149666666666667,,FALSE
"XLOC_053171","PRPF4",15,0,13,8.44234723160507e-05,8.44234723160507e-05,0.1151,,FALSE
"XLOC_053174","RGS3",15,0,1,0.413357322880896,0.413357322880896,0.0702,,FALSE
"XLOC_053177","ZNF618",7,0,0,0.511632986426856,0.511632986426856,0.203066666666667,,FALSE
"XLOC_053184","ATP6V1G1",8,0,2,0.516903241852161,0.516903241852161,0.0600999999999999,,FALSE
"XLOC_053206","CUTALP",14,0,0,0.671589766496791,0.671589766496791,0.1504,,FALSE
"XLOC_053207","CNTRL",36,0,7,0.0164977790480469,0.0164977790480469,0.0687,,FALSE
"XLOC_053209","GSN",22,0,10,0.00424236517985796,0.00424236517985796,0.0488333333333333,,FALSE
"XLOC_053214","MRRF",20,0,10,0.920295024264178,0.920295024264178,0.0973,,FALSE
"XLOC_053215","PTGS1",38,0,33,0.000413213411326372,0.000413213411326372,0.129033333333333,,FALSE
"XLOC_053231","RABGAP1",8,0,1,0.946996497254359,0.946996497254359,0.0541,,FALSE
"XLOC_053240","NEK6",39,0,28,0.136929357012431,0.136929357012431,0.0624666666666667,,FALSE
"XLOC_053252","RABEPK",12,0,7,0.00374974557804281,0.00374974557804281,0.0843,,FALSE
"XLOC_053254","GAPVD1",22,0,6,0.0228482718064762,0.0228482718064762,0.0787666666666667,,FALSE
"XLOC_053260","PBX3",26,0,17,0.521698199131748,0.521698199131748,0.0928333333333333,,FALSE
"XLOC_053263","MVB12B",6,0,0,0.176410314130939,0.176410314130939,0.164633333333333,,FALSE
"XLOC_053270","ZBTB43",6,1,3,0.000345835658317239,0.000345835658317239,0.229933333333333,0.229933333333333,FALSE
"XLOC_053276","SLC2A8",12,0,1,0.357448132402352,0.357448132402352,0.1474,,FALSE
"XLOC_053278","LRSAM1",29,0,0,0.886552743845682,0.886552743845682,0.134733333333333,,FALSE
"XLOC_053280","STXBP1",17,0,2,0.017844314075138,0.017844314075138,0.1464,,FALSE
"XLOC_053284","CDK9",7,0,2,0.0246317630183784,0.0246317630183784,0.0549,,FALSE
"XLOC_053285","FPGS",18,0,0,0.858117334978056,0.858117334978056,0.118133333333333,,FALSE
"XLOC_053288","SLC25A25",11,0,1,0.976409739806505,0.976409739806505,0.1194,,FALSE
"XLOC_053291","BBLN",5,0,1,0.696502812484477,0.696502812484477,0.0104000000000001,,FALSE
"XLOC_053298","URM1",5,0,1,0.165135961740142,0.165135961740142,0.2311,,FALSE
"XLOC_053300","CERCAM",7,0,0,0.931767562788858,0.931767562788858,0.0211666666666667,,FALSE
"XLOC_053303","ODF2",25,0,16,0.609973681588274,0.609973681588274,0.0732666666666667,,FALSE
"XLOC_053304","GLE1",22,0,11,0.0105700733707835,0.0105700733707835,0.165466666666667,,FALSE
"XLOC_053306","SPTAN1",41,0,14,0.000472418551599926,0.000472418551599926,0.0482666666666667,,FALSE
"XLOC_053309","SET",14,0,4,0.364595143516717,0.364595143516717,0.0440333333333333,,FALSE
"XLOC_053313","TBC1D13",4,0,0,0.982266521621441,0.982266521621441,0.0251666666666667,,FALSE
"XLOC_053316","PHYHD1",31,0,15,0.428958314262611,0.428958314262611,0.0618,,FALSE
"XLOC_053317","MIGA2",9,0,0,0.678356932583771,0.678356932583771,0.0534,,FALSE
"XLOC_053320","PTPA",22,0,2,0.470129223316006,0.470129223316006,0.0370333333333333,,FALSE
"XLOC_053323","LINC02913",15,0,2,0.125521573385841,0.125521573385841,0.1138,,FALSE
"XLOC_053325","LINC00963",40,0,5,0.000549233085631524,0.000549233085631524,0.0542333333333333,,FALSE
"XLOC_053327","NTMT1",10,0,3,0.43596672636349,0.43596672636349,0.0887333333333334,,FALSE
"XLOC_053331","TOR1B",4,0,1,0.723165781138001,0.723165781138001,0.0154,,FALSE
"XLOC_053336","GPR107",11,0,4,0.249455763100757,0.249455763100757,0.0845333333333333,,FALSE
"XLOC_053342","FUBP3",8,0,1,0.231608740182565,0.231608740182565,0.1352,,FALSE
"XLOC_053346","EXOSC2",19,0,2,0.335803890316042,0.335803890316042,0.144666666666667,,FALSE
"XLOC_053351","NUP214",37,0,14,0.0269128265082797,0.0269128265082797,0.0798333333333333,,FALSE
"XLOC_053359","POMT1",43,1,1,0.0218611885863255,0.0218611885863255,0.171066666666667,0.171066666666667,FALSE
"XLOC_053374","GTF3C5",9,0,1,0.942659169613354,0.942659169613354,0.0692333333333333,,FALSE
"XLOC_053381","RPL7A",18,0,11,0.766173209013543,0.766173209013543,0.0294666666666667,,FALSE
"XLOC_053382","SURF2",3,0,0,0.796900509834466,0.796900509834466,0.1468,,FALSE
"XLOC_053395","RXRA",7,0,2,0.961577953255368,0.961577953255368,0.0750333333333334,,FALSE
"XLOC_053423","PMPCA",12,0,4,0.570319577668854,0.570319577668854,0.0600333333333334,,FALSE
"XLOC_053427","EGFL7",3,0,1,0.916446218551001,0.916446218551001,0.0202,,FALSE
"XLOC_053431","TMEM141",25,0,0,0.185618613337497,0.185618613337497,0.0391333333333334,,FALSE
"XLOC_053434","TRAF2",6,0,1,0.766172996387615,0.766172996387615,0.0231666666666667,,FALSE
"XLOC_053437","C8G",5,0,0,0.0921264261531344,0.0921264261531344,0.61,,FALSE
"XLOC_053440","PTGDS",13,0,0,0.33895921681553,0.33895921681553,0.0213666666666666,,FALSE
"XLOC_053441","PAXX",7,0,0,0.788306346492831,0.788306346492831,0.0544666666666667,,FALSE
"XLOC_053447","MAN1B1",29,0,1,0.266742141221884,0.266742141221884,0.0829,,FALSE
"XLOC_053450","SSNA1",4,0,0,0.81547467090513,0.81547467090513,0.0246,,FALSE
"XLOC_053451","NDOR1",7,0,0,0.77173833491898,0.77173833491898,0.091,,FALSE
"XLOC_053463","ARRDC1",38,0,0,0.0312562912978827,0.0312562912978827,0.0409333333333333,,FALSE
"XLOC_053478","CBWD1",40,0,23,5.06681169442466e-07,5.06681169442466e-07,0.0868,,FALSE
"XLOC_053495","PUM3",18,0,17,0.194300587845544,0.194300587845544,0.164,,FALSE
"XLOC_053502","GLIS3",15,0,4,0.0215833990429774,0.0215833990429774,0.0626333333333333,,FALSE
"XLOC_053508","AK3",8,0,4,0.992351431444676,0.992351431444676,0.0519,,FALSE
"XLOC_053517","RLN2",11,0,7,0.69909770714189,0.69909770714189,0.0164333333333333,,FALSE
"XLOC_053520","XLOC_053520",6,0,3,0.661512649269727,0.661512649269727,0.2807,,FALSE
"XLOC_053522","ERMP1",24,0,3,0.24229045085387,0.24229045085387,0.0718666666666666,,FALSE
"XLOC_053525","RANBP6",5,0,4,0.566692331123539,0.566692331123539,0.0279,,FALSE
"XLOC_053566","TTC39B",29,0,22,0.281538487771939,0.281538487771939,0.0715333333333333,,FALSE
"XLOC_053568","PSIP1",15,0,6,0.266655393719068,0.266655393719068,0.1913,,FALSE
"XLOC_053583","HAUS6",8,0,6,0.481814054979851,0.481814054979851,0.153,,FALSE
"XLOC_053585","PLIN2",20,0,15,0.405685634760465,0.405685634760465,0.0689333333333333,,FALSE
"XLOC_053648","PLAA",9,0,3,0.00345459424967357,0.00345459424967357,0.127433333333333,,FALSE
"XLOC_053652","MOB3B",19,0,12,0.592460538532662,0.592460538532662,0.0753333333333333,,FALSE
"XLOC_053671","DDX58",42,0,29,9.79962401936431e-07,9.79962401936431e-07,0.0853,,FALSE
"XLOC_053680","APTX",55,0,23,0.000306892342577454,0.000306892342577454,0.0919,,FALSE
"XLOC_053682","B4GALT1",6,0,4,0.174038006075503,0.174038006075503,0.0644666666666667,,FALSE
"XLOC_053683","BAG1",11,0,1,0.0143769012206628,0.0143769012206628,0.0945666666666667,,FALSE
"XLOC_053686","AQP3",6,0,0,0.992965244118601,0.992965244118601,0.0043333333333333,,FALSE
"XLOC_053687","NOL6",8,0,5,0.633980207583433,0.633980207583433,0.0773333333333333,,FALSE
"XLOC_053696","UBAP2",35,0,11,0.024115453969611,0.024115453969611,0.0975333333333334,,FALSE
"XLOC_053699","DCAF12",10,0,7,0.0354503517033335,0.0354503517033335,0.133833333333333,,FALSE
"XLOC_053710","FAM219A",7,0,0,0.746369780815212,0.746369780815212,0.144733333333333,,FALSE
"XLOC_053715","DCTN3",10,0,1,0.563042505703102,0.563042505703102,0.00843333333333333,,FALSE
"XLOC_053717","SIGMAR1",13,0,0,0.527136511154069,0.527136511154069,0.0968999999999999,,FALSE
"XLOC_053718","CCL27",6,0,0,0.114319574863219,0.114319574863219,0.130733333333333,,FALSE
"XLOC_053730","VCP",65,0,22,1.21172460566669e-05,1.21172460566669e-05,0.0569333333333334,,FALSE
"XLOC_053731","PIGO",17,0,11,0.332341073895097,0.332341073895097,0.0931666666666667,,FALSE
"XLOC_053732","STOML2",13,0,8,0.56487423192333,0.56487423192333,0.0339,,FALSE
"XLOC_053733","FAM214B",9,0,1,0.679544764634978,0.679544764634978,0.0803,,FALSE
"XLOC_053739","CD72",12,0,2,0.935763820636402,0.935763820636402,0.2508,,FALSE
"XLOC_053743","TLN1",16,0,8,0.770791220103266,0.770791220103266,0.075,,FALSE
"XLOC_053744","GBA2",13,0,6,0.0275842228135135,0.0275842228135135,0.0541,,FALSE
"XLOC_053748","HINT2",8,0,0,0.48249864069511,0.48249864069511,0.0478666666666667,,FALSE
"XLOC_053761","RNF38",10,0,3,0.930092676253847,0.930092676253847,0.1133,,FALSE
"XLOC_053774","FBXO10",39,0,16,0.0778817820607048,0.0778817820607048,0.0211666666666667,,FALSE
"XLOC_053792","GLIDR",14,0,0,0.965702257668466,0.965702257668466,0.109733333333333,,FALSE
"XLOC_053810","CBWD6",20,0,10,0.62151991965577,0.62151991965577,0.165133333333333,,FALSE
"XLOC_053865","XLOC_053865",2,0,0,0.628396044813741,0.628396044813741,0.336666666666667,,FALSE
"XLOC_053902","CYP4F59P",14,0,1,0.15330276618152,0.15330276618152,0.130733333333333,,FALSE
"XLOC_053926","LINC01506",6,0,0,0.0211766503433652,0.0211766503433652,0.135566666666667,,FALSE
"XLOC_053936","PTAR1",7,0,1,0.908326033043304,0.908326033043304,0.0836,,FALSE
"XLOC_053950","CEMIP2",15,0,4,0.585853454172994,0.585853454172994,0.0685333333333333,,FALSE
"XLOC_053951","ABHD17B",2,0,0,0.669127509713298,0.669127509713298,0.0324333333333333,,FALSE
"XLOC_053956","XLOC_053956",27,0,27,0.0826657319238099,0.0826657319238099,0.0293,,FALSE
"XLOC_053958","ZFAND5",10,0,5,0.915787788779961,0.915787788779961,0.0759333333333333,,FALSE
"XLOC_053963","ALDH1A1",7,0,3,0.89570868530609,0.89570868530609,0.0512666666666667,,FALSE
"XLOC_053973","CARNMT1",4,0,1,0.918689096734378,0.918689096734378,0.104766666666667,,FALSE
"XLOC_053976","NMRK1",13,0,8,0.201725560866061,0.201725560866061,0.103633333333333,,FALSE
"XLOC_053981","RFK",6,1,1,0.00457882200519377,0.00457882200519377,0.1771,0.150333333333333,FALSE
"XLOC_053989","GNAQ",3,0,2,0.38544495059984,0.38544495059984,0.164566666666667,,FALSE
"XLOC_054018","UBQLN1",11,0,7,0.844369043182671,0.844369043182671,0.0801,,FALSE
"XLOC_054021","C9orf64",5,0,3,0.060065918159149,0.060065918159149,0.124733333333333,,FALSE
"XLOC_054022","HNRNPK",35,0,24,6.05775229152751e-06,6.05775229152751e-06,0.0733666666666667,,FALSE
"XLOC_054023","SLC28A3",24,0,22,0.11261661502366,0.11261661502366,0.0249666666666667,,FALSE
"XLOC_054030","GOLM1",8,0,1,0.681995263560294,0.681995263560294,0.0332333333333333,,FALSE
"XLOC_054034","TUT7",23,0,17,0.000339382206723949,0.000339382206723949,0.1035,,FALSE
"XLOC_054068","SEMA4D",15,0,0,0.254538175588106,0.254538175588106,0.119666666666667,,FALSE
"XLOC_054077","DIRAS2",3,0,1,0.949725331856382,0.949725331856382,0.0788333333333333,,FALSE
"XLOC_054089","SPTLC1",24,0,9,0.0153727144224019,0.0153727144224019,0.1198,,FALSE
"XLOC_054092","IARS1",56,0,26,1.12370527490113e-21,1.12370527490113e-21,0.0924333333333333,,FALSE
"XLOC_054094","NOL8",29,0,5,0.467852340647619,0.467852340647619,0.0327333333333333,,FALSE
"XLOC_054112","NINJ1",8,0,5,0.817156339573018,0.817156339573018,0.117133333333333,,FALSE
"XLOC_054115","FAM120AOS",17,0,8,0.873096069557099,0.873096069557099,0.0414666666666667,,FALSE
"XLOC_054126","FBP1",10,0,6,0.911340114492417,0.911340114492417,0.0433,,FALSE
"XLOC_054137","LINC00476",9,0,0,0.839639206607518,0.839639206607518,0.1866,,FALSE
"XLOC_054147","PRXL2C",4,0,0,0.942659169613354,0.942659169613354,0.119666666666667,,FALSE
"XLOC_054148","ZNF510",5,0,1,0.929557815979013,0.929557815979013,0.199066666666667,,FALSE
"XLOC_054150","MFSD14C",10,0,0,0.919515587330832,0.919515587330832,0.174233333333333,,FALSE
"XLOC_054163","TSTD2",7,0,2,0.898174103246595,0.898174103246595,0.109833333333333,,FALSE
"XLOC_054165","XPA",4,0,0,0.656740159072329,0.656740159072329,0.0412,,FALSE
"XLOC_054167","TRMO",6,0,3,0.778566253284551,0.778566253284551,0.1185,,FALSE
"XLOC_054173","TBC1D2",6,0,1,0.243391668209366,0.243391668209366,0.0509,,FALSE
"XLOC_054187","ERP44",22,0,8,0.302532653450535,0.302532653450535,0.0909666666666667,,FALSE
"XLOC_054191","TEX10",15,0,12,0.0738073952687478,0.0738073952687478,0.1299,,FALSE
"XLOC_054220","ABCA1",11,0,7,3.56127526066751e-05,3.56127526066751e-05,0.1092,,FALSE
"XLOC_054236","KLF4",5,0,0,0.415237278029212,0.415237278029212,0.178566666666667,,FALSE
"XLOC_054249","ELP1",39,0,7,0.699991078974213,0.699991078974213,0.0727666666666667,,FALSE
"XLOC_054250","CTNNAL1",9,0,6,0.403353361585474,0.403353361585474,0.142666666666667,,FALSE
"XLOC_054251","TMEM245",4,0,0,0.504998764181952,0.504998764181952,0.148666666666667,,FALSE
"XLOC_054263","TXN",7,0,4,0.0186224226191151,0.0186224226191151,0.00176666666666667,,FALSE
"XLOC_054268","LPAR1",18,0,14,0.158245144046327,0.158245144046327,0.162,,FALSE
"XLOC_054273","ECPAS",25,0,18,0.026595595230176,0.026595595230176,0.0984666666666667,,FALSE
"XLOC_054275","PTGR1",12,0,4,0.998259432595307,0.998259432595307,0.0204333333333333,,FALSE
"XLOC_054282","SUSD1",15,0,7,0.522410511382905,0.522410511382905,0.0783,,FALSE
"XLOC_054284","PTBP3",10,0,6,0.65371761041392,0.65371761041392,0.110266666666667,,FALSE
"XLOC_054290","INIP",10,0,7,0.000552003500427564,0.000552003500427564,0.0713666666666667,,FALSE
"XLOC_054302","FKBP15",38,0,24,0.648678007216562,0.648678007216562,0.0472666666666667,,FALSE
"XLOC_054306","HDHD3",3,0,0,0.752958032598951,0.752958032598951,0.228966666666667,,FALSE
"XLOC_054307","ALAD",13,0,6,0.897900042463252,0.897900042463252,0.0476,,FALSE
"XLOC_054317","WHRN",8,0,0,0.963634619285646,0.963634619285646,0.198533333333333,,FALSE
"XLOC_054326","TNC",18,0,5,0.724075464040643,0.724075464040643,0.0733666666666667,,FALSE
"XLOC_054343","CDK5RAP2",43,0,15,0.471007807530198,0.471007807530198,0.0844666666666667,,FALSE
"XLOC_054345","FBXW2",13,0,7,0.255247604736112,0.255247604736112,0.0780666666666667,,FALSE
"XLOC_054347","PSMD5",11,0,5,0.501542084614724,0.501542084614724,0.115933333333333,,FALSE
"XLOC_054349","TRAF1",18,0,15,0.000221525464105993,0.000221525464105993,0.0411666666666667,,FALSE
"XLOC_054350","C5",18,0,6,0.00199822716812903,0.00199822716812903,0.1279,,FALSE
"XLOC_054351","RAB14",4,0,3,0.670303247112498,0.670303247112498,0.0696333333333333,,FALSE
"XLOC_054354","STOM",5,0,3,0.363941931846197,0.363941931846197,0.153133333333333,,FALSE
"XLOC_054376","MIR600HG",10,1,1,0.0193587477286699,0.0193587477286699,0.275833333333333,0.275833333333333,TRUE
"XLOC_054377","DENND1A",13,0,5,0.853947854311984,0.853947854311984,0.1442,,FALSE
"XLOC_054384","PSMB7",12,0,8,0.954872574627812,0.954872574627812,0.0593666666666667,,FALSE
"XLOC_054389","RPL35",9,0,6,0.902413820125664,0.902413820125664,0.0327666666666667,,FALSE
"XLOC_054394","PPP6C",12,0,9,0.935817363866426,0.935817363866426,0.0410666666666666,,FALSE
"XLOC_054396","HSPA5",25,0,16,0.424161936679909,0.424161936679909,0.0582,,FALSE
"XLOC_054400","MAPKAP1",23,0,5,0.433111264350108,0.433111264350108,0.0316,,FALSE
"XLOC_054411","RPL12",10,0,6,3.54589587132295e-09,3.54589587132295e-09,0.0728,,FALSE
"XLOC_054413","NIBAN2",6,0,0,0.366405889398589,0.366405889398589,0.0602666666666667,,FALSE
"XLOC_054414","PTRH1",7,0,0,0.939112435308058,0.939112435308058,0.0932,,FALSE
"XLOC_054415","TOR2A",7,0,0,0.292856834974107,0.292856834974107,0.0347666666666667,,FALSE
"XLOC_054418","ENG",7,0,2,0.781696426112859,0.781696426112859,0.0429,,FALSE
"XLOC_054421","AK1",27,0,3,0.880371644745501,0.880371644745501,0.0881666666666667,,FALSE
"XLOC_054423","ST6GALNAC4",8,0,1,0.94433629665716,0.94433629665716,0.0364666666666667,,FALSE
"XLOC_054425","DPM2",5,0,3,0.660195092674931,0.660195092674931,0.00663333333333334,,FALSE
"XLOC_054431","PTGES2",19,0,1,0.373172732841759,0.373172732841759,0.273033333333333,,FALSE
"XLOC_054432","CIZ1",23,0,2,0.594530973751961,0.594530973751961,0.0479666666666667,,FALSE
"XLOC_054435","GOLGA2",22,0,0,0.104979401494424,0.104979401494424,0.0392333333333333,,FALSE
"XLOC_054441","DYNC2I2",4,0,0,0.983572807706711,0.983572807706711,0.0128,,FALSE
"XLOC_054443","ZDHHC12",5,0,1,0.621834780963655,0.621834780963655,0.0158666666666666,,FALSE
"XLOC_054446","SPOUT1",12,0,3,0.115031038640406,0.115031038640406,0.120233333333333,,FALSE
"XLOC_054449","SH3GLB2",11,0,0,0.898646800687559,0.898646800687559,0.101166666666667,,FALSE
"XLOC_054451","CRAT",19,0,0,0.0022886363120663,0.0022886363120663,0.0695333333333333,,FALSE
"XLOC_054462","TOR1A",7,0,3,0.897565030419817,0.897565030419817,0.0735666666666667,,FALSE
"XLOC_054463","C9orf78",8,0,3,0.678648675012349,0.678648675012349,0.0573333333333333,,FALSE
"XLOC_054466","FNBP1",12,0,3,0.300340880938455,0.300340880938455,0.128133333333333,,FALSE
"XLOC_054477","FAM78A",5,0,1,0.377245018371705,0.377245018371705,0.0631,,FALSE
"XLOC_054481","UCK1",9,0,0,0.85609012173926,0.85609012173926,0.0758333333333333,,FALSE
"XLOC_054482","RAPGEF1",10,0,2,0.766999373600226,0.766999373600226,0.0651,,FALSE
"XLOC_054486","MED27",9,0,4,0.182428005156127,0.182428005156127,0.0287333333333333,,FALSE
"XLOC_054488","TTF1",6,0,3,0.525518693867467,0.525518693867467,0.0979,,FALSE
"XLOC_054489","DDX31",5,0,3,0.966616014924391,0.966616014924391,0.104233333333333,,FALSE
"XLOC_054492","TSC1",35,0,3,0.756518473148865,0.756518473148865,0.1252,,FALSE
"XLOC_054494","RALGDS",30,0,5,0.723165781138001,0.723165781138001,0.0559,,FALSE
"XLOC_054498","SURF6",2,0,0,0.320734683151739,0.320734683151739,0.0397,,FALSE
"XLOC_054502","SURF4",7,0,2,0.699991078974213,0.699991078974213,0.0331,,FALSE
"XLOC_054504","SLC2A6",10,0,6,0.244088356865122,0.244088356865122,0.0560333333333333,,FALSE
"XLOC_054509","SARDH",5,0,0,0.969605605436773,0.969605605436773,0.0112333333333333,,FALSE
"XLOC_054532","CAMSAP1",9,0,1,0.999298645174384,0.999298645174384,0.0874333333333333,,FALSE
"XLOC_054533","UBAC1",7,0,1,0.634983100230509,0.634983100230509,0.0272333333333333,,FALSE
"XLOC_054536","TMEM250",4,0,0,0.997218785055414,0.997218785055414,0.262633333333333,,FALSE
"XLOC_054541","DNLZ",13,0,1,0.96677744783517,0.96677744783517,0.0692,,FALSE
"XLOC_054542","SNAPC4",7,0,0,0.995443287044217,0.995443287044217,0.1337,,FALSE
"XLOC_054544","INPP5E",5,0,0,0.679556442370439,0.679556442370439,0.112266666666667,,FALSE
"XLOC_054545","SEC16A",15,0,1,0.0352894357474678,0.0352894357474678,0.051,,FALSE
"XLOC_054546","NOTCH1",11,0,0,0.917696807163661,0.917696807163661,0.0985,,FALSE
"XLOC_054552","SNHG7",10,0,0,0.280036642982651,0.280036642982651,0.202733333333333,,FALSE
"XLOC_054563","FBXW5",8,0,0,0.883563548223817,0.883563548223817,0.0179,,FALSE
"XLOC_054565","ABCA2",13,0,0,0.570318022638356,0.570318022638356,0.0748333333333333,,FALSE
"XLOC_054570","DPP7",17,0,4,0.533689662683507,0.533689662683507,0.0333666666666667,,FALSE
"XLOC_054574","TPRN",4,0,0,0.365396847813221,0.365396847813221,0.0621333333333334,,FALSE
"XLOC_054582","NSMF",8,0,0,0.939917804125654,0.939917804125654,0.0286333333333333,,FALSE
"XLOC_054584","DPH7",12,0,1,0.303977032293896,0.303977032293896,0.0937,,FALSE
"XLOC_054593","MT-RNR1",21,0,21,0.985105142170181,0.985105142170181,0.0368333333333334,,FALSE
"XLOC_054595","MT-CO1",22,0,18,0.494522100458772,0.494522100458772,0.0400333333333333,,FALSE
"XLOC_054597","MT-ND5",16,0,15,1.47735233209282e-19,1.47735233209282e-19,0.0890666666666667,,FALSE
"XLOC_054607","PLCXD1",6,0,0,0.546509380765484,0.546509380765484,0.258433333333333,,FALSE
"XLOC_054612","CSF2RA",23,0,12,0.463587758992613,0.463587758992613,0.0402666666666667,,FALSE
"XLOC_054623","CD99P1",7,0,0,0.254105406088941,0.254105406088941,0.309833333333333,,FALSE
"XLOC_054624","CD99",16,0,3,0.940629297517491,0.940629297517491,0.0797666666666667,,FALSE
"XLOC_054661","TBL1X",9,0,0,0.424698325398576,0.424698325398576,0.0441666666666666,,FALSE
"XLOC_054669","HCCS",6,0,4,4.94093635697558e-06,4.94093635697558e-06,0.1428,,FALSE
"XLOC_054672","MSL3",40,0,5,0.158996980740941,0.158996980740941,0.154866666666667,,FALSE
"XLOC_054675","PRPS2",9,0,7,2.12355789547352e-08,2.12355789547352e-08,0.1367,,FALSE
"XLOC_054679","TMSB4X",7,0,6,0.259465855839004,0.259465855839004,0.000433333333333397,,FALSE
"XLOC_054689","TCEANC",8,0,4,0.276301719847057,0.276301719847057,0.386933333333333,,FALSE
"XLOC_054690","RAB9A",4,0,2,0.888565765320732,0.888565765320732,0.0442,,FALSE
"XLOC_054691","OFD1",23,0,7,0.637786163795653,0.637786163795653,0.0700666666666667,,FALSE
"XLOC_054696","MOSPD2",10,0,6,0.321497247047014,0.321497247047014,0.0680666666666667,,FALSE
"XLOC_054699","CA5BP1",14,0,4,0.169014204935777,0.169014204935777,0.0314333333333333,,FALSE
"XLOC_054709","SYAP1",5,0,3,0.968190480968124,0.968190480968124,0.0253333333333333,,FALSE
"XLOC_054719","SCML1",8,0,2,0.632228824208335,0.632228824208335,0.149266666666667,,FALSE
"XLOC_054728","PDHA1",14,0,3,0.835672028010037,0.835672028010037,0.0323,,FALSE
"XLOC_054738","SMS",7,0,3,0.171146416887312,0.171146416887312,0.0485,,FALSE
"XLOC_054749","PRDX4",6,0,3,0.80004078426899,0.80004078426899,0.0747333333333333,,FALSE
"XLOC_054751","SAT1",18,0,16,0.192323646549866,0.192323646549866,0.0831666666666667,,FALSE
"XLOC_054753","EIF2S3",16,0,13,0.524998708883373,0.524998708883373,0.0749,,FALSE
"XLOC_054755","ZFX",14,0,5,0.0113059433174507,0.0113059433174507,0.1254,,FALSE
"XLOC_054763","POLA1",13,0,7,0.781696426112859,0.781696426112859,0.121266666666667,,FALSE
"XLOC_054800","GK",23,0,14,0.60340979661209,0.60340979661209,0.0328333333333333,,FALSE
"XLOC_054832","PRRG1",9,0,3,0.759652337310894,0.759652337310894,0.130366666666667,,FALSE
"XLOC_054838","CYBB",30,0,25,0.162628956778672,0.162628956778672,0.0664333333333333,,FALSE
"XLOC_054850","MID1IP1",4,0,0,0.706258677912286,0.706258677912286,0.214233333333333,,FALSE
"XLOC_054863","ATP6AP2",42,0,17,0.128065795012449,0.128065795012449,0.0705666666666667,,FALSE
"XLOC_054870","USP9X",17,0,12,0.0255743145319397,0.0255743145319397,0.0501,,FALSE
"XLOC_054874","DDX3X",54,0,13,0.000106717788087443,0.000106717788087443,0.0724666666666667,,FALSE
"XLOC_054877","GPR34",4,0,3,0.959271766804288,0.959271766804288,0.0670333333333333,,FALSE
"XLOC_054895","KDM6A",30,0,6,0.0183994283875443,0.0183994283875443,0.1755,,FALSE
"XLOC_054901","KRBOX4",16,0,14,0.801351526909257,0.801351526909257,0.206366666666667,,FALSE
"XLOC_054904","RP2",5,0,5,0.965706561684158,0.965706561684158,0.0342000000000001,,FALSE
"XLOC_054911","UBA1",25,0,19,0.0299301785834754,0.0299301785834754,0.0389,,FALSE
"XLOC_054913","CDK16",24,0,3,0.0118971777003868,0.0118971777003868,0.037,,FALSE
"XLOC_054914","USP11",15,0,5,0.517049946657387,0.517049946657387,0.0946666666666667,,FALSE
"XLOC_054920","TIMP1",10,0,6,0.900872810967496,0.900872810967496,0.0550333333333333,,FALSE
"XLOC_054925","ZNF81",5,0,1,0.393203328006353,0.393203328006353,0.3582,,FALSE
"XLOC_054945","FTSJ1",18,0,8,7.29232827435782e-05,7.29232827435782e-05,0.111433333333333,,FALSE
"XLOC_054946","PORCN",14,0,3,0.162430441510881,0.162430441510881,0.131233333333333,,FALSE
"XLOC_054947","EBP",15,0,8,0.841721748322067,0.841721748322067,0.0206,,FALSE
"XLOC_054949","RBM3",19,0,11,0.00261563199542734,0.00261563199542734,0.0408,,FALSE
"XLOC_054950","WDR13",11,0,2,0.887820828007027,0.887820828007027,0.0397,,FALSE
"XLOC_054956","HDAC6",41,0,5,0.0646131735726043,0.0646131735726043,0.1139,,FALSE
"XLOC_054958","PQBP1",18,0,5,0.16866691809289,0.16866691809289,0.0951333333333333,,FALSE
"XLOC_054965","PLP2",3,0,1,0.194300587845544,0.194300587845544,0.0207333333333334,,FALSE
"XLOC_054967","CCDC22",3,0,0,0.707467114062889,0.707467114062889,0.00539999999999996,,FALSE
"XLOC_055006","MAGED1",12,0,4,0.671589766496791,0.671589766496791,0.0627666666666667,,FALSE
"XLOC_055052","GNL3L",15,0,7,0.870393255626179,0.870393255626179,0.0713,,FALSE
"XLOC_055055","MAGED2",25,0,17,0.801325982039292,0.801325982039292,0.0419666666666667,,FALSE
"XLOC_055071","RRAGB",9,0,6,0.968190480968124,0.968190480968124,0.111666666666667,,FALSE
"XLOC_055074","KLF8",8,0,2,0.529689466672155,0.529689466672155,0.128833333333333,,FALSE
"XLOC_055075","UBQLN2",4,0,3,0.924088523342383,0.924088523342383,0.1277,,FALSE
"XLOC_055077","NBDY",5,0,3,0.866418037986408,0.866418037986408,0.0418,,FALSE
"XLOC_055102","MSN",33,0,30,0.151947119214463,0.151947119214463,0.0762,,FALSE
"XLOC_055118","STARD8",2,0,0,0.992965244118601,0.992965244118601,0.00146666666666673,,FALSE
"XLOC_055130","IGBP1",7,0,5,0.0316853002318411,0.0316853002318411,0.0598666666666667,,FALSE
"XLOC_055136","KIF4A",10,0,8,0.579172286495381,0.579172286495381,0.0815666666666667,,FALSE
"XLOC_055143","FOXO4",3,0,0,0.98798135643707,0.98798135643707,0.0281333333333333,,FALSE
"XLOC_055144","MED12",43,0,1,0.0577526256072299,0.0577526256072299,0.142866666666667,,FALSE
"XLOC_055147","NONO",47,0,19,0.423021522939558,0.423021522939558,0.0491666666666667,,FALSE
"XLOC_055150","TAF1",17,0,4,0.729820272027509,0.729820272027509,0.187733333333333,,FALSE
"XLOC_055152","OGT",20,0,12,0.00195413370879066,0.00195413370879066,0.1054,,FALSE
"XLOC_055164","PIN4",8,0,1,0.819219794894311,0.819219794894311,0.0946,,FALSE
"XLOC_055184","JPX",57,0,12,0.461558739328919,0.461558739328919,0.3834,,FALSE
"XLOC_055203","UPRT",10,0,7,0.944342839736926,0.944342839736926,0.0989666666666667,,FALSE
"XLOC_055223","COX7B",5,0,1,0.934421424398704,0.934421424398704,0.0193333333333333,,FALSE
"XLOC_055224","ATP7A",51,0,16,0.130304027923463,0.130304027923463,0.0368333333333333,,FALSE
"XLOC_055240","SH3BGRL",18,0,18,0.965542362006125,0.965542362006125,0.0543,,FALSE
"XLOC_055312","CSTF2",6,0,4,0.852625360379931,0.852625360379931,0.0884333333333333,,FALSE
"XLOC_055317","CENPI",8,0,2,0.872676321195478,0.872676321195478,0.197033333333333,,FALSE
"XLOC_055321","RPL36A",15,0,5,0.890194049451925,0.890194049451925,0.0654,,FALSE
"XLOC_055322","ARMCX4",7,0,0,0.8719938850601,0.8719938850601,0.139333333333333,,FALSE
"XLOC_055340","ARMCX5",34,0,13,0.00160917901133152,0.00160917901133152,0.1398,,FALSE
"XLOC_055361","BEX3",4,0,0,0.892668014034268,0.892668014034268,0.0181666666666667,,FALSE
"XLOC_055364","TCEAL4",10,0,3,0.766341482918429,0.766341482918429,0.0726,,FALSE
"XLOC_055366","TCEAL3",11,0,5,0.56515047447856,0.56515047447856,0.0422,,FALSE
"XLOC_055375","FAM199X",6,0,4,0.774025819831009,0.774025819831009,0.173733333333333,,FALSE
"XLOC_055399","MID2",7,0,3,0.968190480968124,0.968190480968124,0.0915333333333333,,FALSE
"XLOC_055402","ATG4A",11,0,6,0.974821538229611,0.974821538229611,0.148833333333333,,FALSE
"XLOC_055414","TMEM164",8,0,0,0.272070973357282,0.272070973357282,0.0664333333333333,,FALSE
"XLOC_055426","ALG13",31,0,6,0.475962646443077,0.475962646443077,0.0413666666666667,,FALSE
"XLOC_055460","PLS3",6,1,3,0.00412216545752744,0.00412216545752744,0.1896,0.157,FALSE
"XLOC_055484","LONRF3",5,0,0,0.975365666504247,0.975365666504247,0.0229,,FALSE
"XLOC_055495","SLC25A5",8,0,6,0.292957965776121,0.292957965776121,0.0113,,FALSE
"XLOC_055496","UBE2A",13,0,6,0.706011475427257,0.706011475427257,0.0565,,FALSE
"XLOC_055508","MCTS1",6,0,2,0.530582523372097,0.530582523372097,0.0367666666666667,,FALSE
"XLOC_055539","XIAP",13,0,4,0.16985441126551,0.16985441126551,0.0658333333333333,,FALSE
"XLOC_055541","STAG2",32,0,11,0.000783012917184375,0.000783012917184375,0.0586,,FALSE
"XLOC_055561","OCRL",9,0,2,0.852723948388825,0.852723948388825,0.0942666666666667,,FALSE
"XLOC_055565","UTP14A",11,0,9,0.00153446573071855,0.00153446573071855,0.175866666666667,,FALSE
"XLOC_055571","RBMX2",6,1,3,2.8032991581327e-06,2.8032991581327e-06,0.167233333333333,0.167233333333333,TRUE
"XLOC_055587","STK26",13,0,10,0.77514442748715,0.77514442748715,0.1214,,FALSE
"XLOC_055599","PHF6",12,0,7,0.00682533347634488,0.00682533347634488,0.116666666666667,,FALSE
"XLOC_055600","HPRT1",3,0,1,1.29900432694659e-07,1.29900432694659e-07,0.0578000000000001,,FALSE
"XLOC_055606","PABIR3",17,0,2,0.205940715358544,0.205940715358544,0.1227,,FALSE
"XLOC_055622","INTS6L",10,0,4,0.75509931986821,0.75509931986821,0.129466666666667,,FALSE
"XLOC_055627","SLC9A6",19,0,1,0.407451440675218,0.407451440675218,0.226566666666667,,FALSE
"XLOC_055629","FHL1",15,0,4,0.424923937191977,0.424923937191977,0.161533333333333,,FALSE
"XLOC_055632","HTATSF1",7,0,5,0.380063887766225,0.380063887766225,0.149666666666667,,FALSE
"XLOC_055705","FMR1",28,0,1,0.0349211282396222,0.0349211282396222,0.0531,,FALSE
"XLOC_055714","EOLA1",13,0,2,0.376587899784938,0.376587899784938,0.221966666666667,,FALSE
"XLOC_055729","MAMLD1",10,0,1,0.773565085600947,0.773565085600947,0.0678,,FALSE
"XLOC_055730","MTM1",16,0,4,0.887796344626352,0.887796344626352,0.106166666666667,,FALSE
"XLOC_055731","MTMR1",12,0,4,0.338979865001365,0.338979865001365,0.0857,,FALSE
"XLOC_055740","VMA21",3,0,1,0.90069133379966,0.90069133379966,0.0472333333333333,,FALSE
"XLOC_055758","NSDHL",8,0,6,0.969553821655179,0.969553821655179,0.116833333333333,,FALSE
"XLOC_055759","ZNF185",12,0,3,0.584032328427345,0.584032328427345,0.130066666666667,,FALSE
"XLOC_055767","ZNF275",3,0,0,0.865808449360086,0.865808449360086,0.1635,,FALSE
"XLOC_055777","SLC6A8",7,0,0,0.901652043201919,0.901652043201919,0.0146333333333333,,FALSE
"XLOC_055780","SSR4",13,0,4,1.42753636797998e-08,1.42753636797998e-08,0.0483666666666667,,FALSE
"XLOC_055793","EMD",15,0,0,0.834509393693747,0.834509393693747,0.0268,,FALSE
"XLOC_055794","RPL10",19,0,7,0.887636785194074,0.887636785194074,0.0379666666666666,,FALSE
"XLOC_055795","TAFAZZIN",29,0,1,0.722991892537311,0.722991892537311,0.0694333333333333,,FALSE
"XLOC_055796","ATP6AP1",25,0,14,2.9394449745506e-18,2.9394449745506e-18,0.0881666666666667,,FALSE
"XLOC_055797","GDI1",16,0,3,0.158116948059054,0.158116948059054,0.0313333333333333,,FALSE
"XLOC_055798","FAM50A",8,0,1,0.333670912723537,0.333670912723537,0.0284,,FALSE
"XLOC_055800","PLXNA3",7,0,0,0.814963238998284,0.814963238998284,0.0282333333333333,,FALSE
"XLOC_055801","IKBKG",19,0,0,0.211497175868375,0.211497175868375,0.0371,,FALSE
"XLOC_055808","DKC1",34,1,14,0.0483687788317366,0.0483687788317366,0.157033333333333,0.157033333333333,TRUE
"XLOC_055811","FUNDC2",8,0,1,0.966820450089774,0.966820450089774,0.0176666666666667,,FALSE
"XLOC_055812","BRCC3",7,0,1,0.742105965414482,0.742105965414482,0.110366666666667,,FALSE
"XLOC_055814","VBP1",4,0,3,0.930212351138503,0.930212351138503,0.111833333333333,,FALSE
"XLOC_055824","VAMP7",11,0,9,0.898646800687559,0.898646800687559,0.0794333333333333,,FALSE
"XLOC_055825","IL9R",18,0,0,0.916446218551001,0.916446218551001,0.0491333333333333,,FALSE
"XLOC_055832","CRLF2",6,0,2,0.928553649080418,0.928553649080418,0.259766666666667,,FALSE
"XLOC_055837","DHRSX",12,0,1,0.493859882621756,0.493859882621756,0.092,,FALSE
"XLOC_055842","ARSD",6,0,0,0.968451408607522,0.968451408607522,0.0588,,FALSE
"XLOC_055848","PRKX",5,0,1,0.0281120608178798,0.0281120608178798,0.1133,,FALSE
"XLOC_055850","XLOC_055850",26,0,1,0.459114218039837,0.459114218039837,0.0764,,FALSE
"XLOC_055854","XLOC_055854",4,0,1,0.791191020986502,0.791191020986502,0.0551333333333333,,FALSE
"XLOC_055860","PUDP",8,1,5,0.0313346113860938,0.0313346113860938,0.1695,0.1695,TRUE
"XLOC_055866","ANOS1",6,0,3,0.268886974234339,0.268886974234339,0.1816,,FALSE
"XLOC_055900","TRAPPC2",8,0,1,0.933002214911758,0.933002214911758,0.128133333333333,,FALSE
"XLOC_055903","GEMIN8",7,0,2,0.936147739750046,0.936147739750046,0.141966666666667,,FALSE
"XLOC_055910","PIGA",14,0,5,0.0863107041923478,0.0863107041923478,0.136666666666667,,FALSE
"XLOC_055912","PIR",9,0,4,0.00166954000570452,0.00166954000570452,0.0482666666666666,,FALSE
"XLOC_055917","AP1S2",11,0,3,0.273532305833877,0.273532305833877,0.0708666666666667,,FALSE
"XLOC_055923","CTPS2",8,0,5,0.888565765320732,0.888565765320732,0.139266666666667,,FALSE
"XLOC_055925","RBBP7",18,0,7,0.764870089337262,0.764870089337262,0.0393666666666667,,FALSE
"XLOC_055943","PHKA2",8,0,0,0.636799021596153,0.636799021596153,0.0411333333333333,,FALSE
"XLOC_055948","SH3KBP1",11,0,7,0.853996706084661,0.853996706084661,0.0659333333333333,,FALSE
"XLOC_055949","BCLAF3",7,0,3,0.11263444430863,0.11263444430863,0.167166666666667,,FALSE
"XLOC_055953","EIF1AX",4,0,2,0.197832751435398,0.197832751435398,0.0520333333333333,,FALSE
"XLOC_055956","RPS6KA3",25,0,13,0.933601053093554,0.933601053093554,0.0332333333333333,,FALSE
"XLOC_055968","ACOT9",16,0,8,0.374897761074982,0.374897761074982,0.0765666666666667,,FALSE
"XLOC_055970","APOO",11,0,3,0.14090856577526,0.14090856577526,0.1422,,FALSE
"XLOC_055972","KLHL15",3,0,0,0.997218785055414,0.997218785055414,0.0535,,FALSE
"XLOC_056025","DYNLT3",5,0,2,0.315646781550267,0.315646781550267,0.0228333333333333,,FALSE
"XLOC_056027","SRPX",6,0,0,0.702792220091699,0.702792220091699,0.0823333333333333,,FALSE
"XLOC_056028","RPGR",18,0,7,0.81152215614453,0.81152215614453,0.139866666666667,,FALSE
"XLOC_056046","BCOR",20,1,8,1.07791612612336e-06,1.07791612612336e-06,0.1701,0.1701,TRUE
"XLOC_056060","CASK",23,0,4,0.876511956623,0.876511956623,0.0914,,FALSE
"XLOC_056076","NDP",8,0,7,1.11913184894394e-06,1.11913184894394e-06,0.176,,FALSE
"XLOC_056108","NDUFB11",8,0,0,0.683534819788114,0.683534819788114,0.004,,FALSE
"XLOC_056115","ZNF41",7,0,3,0.926435538975796,0.926435538975796,0.252233333333333,,FALSE
"XLOC_056118","SYN1",11,0,0,0.0155575731276061,0.0155575731276061,0.188733333333333,,FALSE
"XLOC_056119","ELK1",4,0,0,0.301800161315252,0.301800161315252,0.117066666666667,,FALSE
"XLOC_056120","UXT",7,0,2,0.992685949812797,0.992685949812797,0.00826666666666664,,FALSE
"XLOC_056148","TIMM17B",11,0,2,0.650213856132615,0.650213856132615,0.0631333333333333,,FALSE
"XLOC_056149","SLC35A2",13,0,0,0.880744858413596,0.880744858413596,0.0465,,FALSE
"XLOC_056150","PIM2",6,0,5,0.941387568028724,0.941387568028724,0.0349666666666666,,FALSE
"XLOC_056151","OTUD5",10,0,4,9.59406964759876e-11,9.59406964759876e-11,0.147133333333333,,FALSE
"XLOC_056154","GRIPAP1",20,0,8,0.336568123481515,0.336568123481515,0.0603666666666667,,FALSE
"XLOC_056156","PRAF2",37,0,3,0.577951613338369,0.577951613338369,0.0571999999999999,,FALSE
"XLOC_056162","SYP",9,0,0,0.997218785055414,0.997218785055414,0.0479,,FALSE
"XLOC_056211","FAM156A",14,0,1,0.941883923282201,0.941883923282201,0.134666666666667,,FALSE
"XLOC_056217","KDM5C",21,0,0,0.130638502042666,0.130638502042666,0.0792666666666667,,FALSE
"XLOC_056221","IQSEC2",19,0,0,0.856377503190988,0.856377503190988,0.0684666666666667,,FALSE
"XLOC_056223","SMC1A",16,0,8,0.0982275826690672,0.0982275826690672,0.0723333333333333,,FALSE
"XLOC_056225","HSD17B10",10,0,1,0.829254873156149,0.829254873156149,0.119133333333333,,FALSE
"XLOC_056227","HUWE1",38,0,25,0.00136511041239376,0.00136511041239376,0.0665666666666667,,FALSE
"XLOC_056231","PHF8",19,0,1,0.331951304357541,0.331951304357541,0.142,,FALSE
"XLOC_056241","FAM104B",9,0,3,0.312139930058,0.312139930058,0.1192,,FALSE
"XLOC_056257","SPIN2B",4,0,0,0.593059670819907,0.593059670819907,0.250166666666667,,FALSE
"XLOC_056264","LINC01278",27,0,5,0.726040479848642,0.726040479848642,0.0830666666666667,,FALSE
"XLOC_056267","ARHGEF9",28,0,6,0.0183653472236088,0.0183653472236088,0.171033333333333,,FALSE
"XLOC_056282","LAS1L",30,0,16,4.58738374369632e-05,4.58738374369632e-05,0.1443,,FALSE
"XLOC_056287","VSIG4",21,0,18,0.728522319591956,0.728522319591956,0.0223666666666667,,FALSE
"XLOC_056301","PJA1",9,0,4,0.0312562912978827,0.0312562912978827,0.0560666666666667,,FALSE
"XLOC_056313","PDZD11",8,1,4,2.98986855246614e-06,2.98986855246614e-06,0.212966666666667,0.212966666666667,TRUE
"XLOC_056321","SNX12",11,0,6,0.300258156463512,0.300258156463512,0.0413666666666667,,FALSE
"XLOC_056325","CXorf65",21,0,9,0.535510310352939,0.535510310352939,0.0115,,FALSE
"XLOC_056327","ZMYM3",7,0,3,0.102718661937494,0.102718661937494,0.237733333333333,,FALSE
"XLOC_056344","RPS4X",10,0,5,5.9234788101245e-07,5.9234788101245e-07,0.066,,FALSE
"XLOC_056346","CITED1",48,0,5,0.0451929930396244,0.0451929930396244,0.120633333333333,,FALSE
"XLOC_056348","PHKA1",5,0,1,0.970427107972191,0.970427107972191,0.217166666666667,,FALSE
"XLOC_056363","FTX",49,0,4,0.990252995352296,0.990252995352296,0.089,,FALSE
"XLOC_056378","ABCB7",22,0,11,0.131478246171648,0.131478246171648,0.1126,,FALSE
"XLOC_056392","ATRX",20,0,5,0.336256195022388,0.336256195022388,0.0546333333333333,,FALSE
"XLOC_056393","MAGT1",17,0,10,0.764870089337262,0.764870089337262,0.0803333333333334,,FALSE
"XLOC_056395","TAF9B",5,0,4,0.509793715934981,0.509793715934981,0.333966666666667,,FALSE
"XLOC_056411","HMGN5",8,0,2,0.313235262275813,0.313235262275813,0.1663,,FALSE
"XLOC_056420","HDX",10,0,4,0.706789504754565,0.706789504754565,0.2601,,FALSE
"XLOC_056426","CHM",8,0,4,0.93519538599267,0.93519538599267,0.0871,,FALSE
"XLOC_056499","BTK",32,0,10,0.0129003298477886,0.0129003298477886,0.0879333333333334,,FALSE
"XLOC_056500","GLA",22,0,11,0.167709756090702,0.167709756090702,0.0135,,FALSE
"XLOC_056503","ARMCX6",8,0,5,0.776783888030378,0.776783888030378,0.025,,FALSE
"XLOC_056525","NXF3",9,0,5,0.985444248532642,0.985444248532642,0.147866666666667,,FALSE
"XLOC_056537","MORF4L2",24,0,21,0.00175891073672193,0.00175891073672193,0.0489333333333333,,FALSE
"XLOC_056546","SLC25A53",4,0,3,0.936357558906574,0.936357558906574,0.1181,,FALSE
"XLOC_056560","TSC22D3",5,0,0,0.863488524026527,0.863488524026527,0.0413333333333333,,FALSE
"XLOC_056565","PSMD10",9,0,4,0.793875925666461,0.793875925666461,0.0830666666666667,,FALSE
"XLOC_056570","KCNE5",30,0,16,5.07839416916451e-05,5.07839416916451e-05,0.0550333333333333,,FALSE
"XLOC_056624","STEEP1",4,0,1,0.012355132313473,0.012355132313473,0.0278333333333333,,FALSE
"XLOC_056626","SEPTIN6",10,0,2,0.089645532573626,0.089645532573626,0.143066666666667,,FALSE
"XLOC_056629","UPF3B",6,0,4,0.965157917555079,0.965157917555079,0.0630666666666667,,FALSE
"XLOC_056641","LAMP2",20,0,19,8.91035211042977e-07,8.91035211042977e-07,0.0264,,FALSE
"XLOC_056643","CUL4B",28,0,6,0.00164115276146445,0.00164115276146445,0.0612333333333333,,FALSE
"XLOC_056665","THOC2",24,0,9,0.064436562100221,0.064436562100221,0.0725666666666667,,FALSE
"XLOC_056697","ZDHHC9",9,0,4,0.645650241132045,0.645650241132045,0.0841333333333333,,FALSE
"XLOC_056699","ELF4",2,0,0,0.622016125011231,0.622016125011231,0.144066666666667,,FALSE
"XLOC_056700","AIFM1",26,0,3,0.15649612460665,0.15649612460665,0.1074,,FALSE
"XLOC_056705","ENOX2",13,0,6,0.572540424352951,0.572540424352951,0.212366666666667,,FALSE
"XLOC_056720","RAP2C",8,0,3,0.206779428417601,0.206779428417601,0.0892333333333333,,FALSE
"XLOC_056721","MBNL3",9,0,2,0.933293627566441,0.933293627566441,0.157733333333333,,FALSE
"XLOC_056732","GPC3",6,1,4,8.16550063963217e-09,8.16550063963217e-09,0.586866666666667,0.586866666666667,TRUE
"XLOC_056742","PABIR2",12,0,5,0.403436520675705,0.403436520675705,0.0972333333333333,,FALSE
"XLOC_056744","MOSPD1",14,0,12,1.95892719098559e-05,1.95892719098559e-05,0.0907,,FALSE
"XLOC_056748","RTL8A",3,0,1,0.644180658919805,0.644180658919805,0.0825,,FALSE
"XLOC_056775","MMGT1",5,0,2,0.797419645511279,0.797419645511279,0.099,,FALSE
"XLOC_056778","MAP7D3",9,0,4,0.787305183886527,0.787305183886527,0.135166666666667,,FALSE
"XLOC_056781","ARHGEF6",5,0,4,0.908946431571738,0.908946431571738,0.0913,,FALSE
"XLOC_056785","RBMX",27,0,21,0.776663275167897,0.776663275167897,0.0540333333333333,,FALSE
"XLOC_056798","ATP11C",7,0,1,0.707637097863827,0.707637097863827,0.0768,,FALSE
"XLOC_056862","IDS",37,0,16,0.301495760135557,0.301495760135557,0.0277333333333333,,FALSE
"XLOC_056866","TMEM185A",10,0,1,0.738731404474331,0.738731404474331,0.0887666666666666,,FALSE
"XLOC_056870","EOLA2",10,0,6,0.595914611235203,0.595914611235203,0.0508666666666667,,FALSE
"XLOC_056872","CD99L2",9,0,2,0.000451617262017229,0.000451617262017229,0.0347333333333333,,FALSE
"XLOC_056893","CETN2",3,0,1,0.966616014924391,0.966616014924391,0.0529666666666667,,FALSE
"XLOC_056903","TREX2",13,0,2,0.377529664367314,0.377529664367314,0.0446,,FALSE
"XLOC_056904","CCNQ",8,0,0,0.155439655297616,0.155439655297616,0.143666666666667,,FALSE
"XLOC_056907","BCAP31",30,0,17,0.0559743743440335,0.0559743743440335,0.0405333333333333,,FALSE
"XLOC_056909","IDH3G",18,0,7,0.0472975915467025,0.0472975915467025,0.0384333333333333,,FALSE
"XLOC_056911","L1CAM",47,0,1,0.0287014280677652,0.0287014280677652,0.0347333333333334,,FALSE
"XLOC_056915","IRAK1",14,0,1,0.0311111627370828,0.0311111627370828,0.0310666666666667,,FALSE
"XLOC_056917","MECP2",22,0,0,0.880116522066392,0.880116522066392,0.0761999999999999,,FALSE
"XLOC_056923","FLNA",21,0,0,0.871954906396824,0.871954906396824,0.0378333333333333,,FALSE
"XLOC_056926","CH17-340M24.3",2,0,1,0.487059610059865,0.487059610059865,0.0612666666666667,,FALSE
"XLOC_056928","UBL4A",9,0,5,0.233001798309265,0.233001798309265,0.0163333333333333,,FALSE
"XLOC_056929","SLC10A3",4,0,1,0.221529787054898,0.221529787054898,0.145066666666667,,FALSE
"XLOC_056931","FAM3A",17,0,0,0.0259560463316874,0.0259560463316874,0.0836,,FALSE
"XLOC_056932","G6PD",23,0,0,0.0914965465102162,0.0914965465102162,0.0103,,FALSE
"XLOC_056939","GAB3",9,0,5,0.376533251917365,0.376533251917365,0.1846,,FALSE
"XLOC_056940","MPP1",29,0,20,0.101094076144909,0.101094076144909,0.0237,,FALSE
"XLOC_056943","F8",7,0,2,0.732556564580881,0.732556564580881,0.2188,,FALSE
"XLOC_056951","CLIC2",8,0,2,0.783063715889565,0.783063715889565,0.0263333333333333,,FALSE
"XLOC_056963","PLCXD1",6,0,0,0.546509380765484,0.546509380765484,0.258433333333333,,FALSE
"XLOC_056969","CSF2RA",23,0,13,0.334054142702936,0.334054142702936,0.1837,,FALSE
"XLOC_056980","CD99P1",7,0,0,0.254105406088941,0.254105406088941,0.309833333333333,,FALSE
"XLOC_056982","CD99",18,0,6,0.954121964915596,0.954121964915596,0.0641,,FALSE
"XLOC_056983","XGY2",12,0,9,0.981954507201818,0.981954507201818,0.0535,,FALSE
"XLOC_057120","TXLNGY",17,0,4,0.484484702734036,0.484484702734036,0.412633333333333,,FALSE
"XLOC_057231","VAMP7",7,0,4,0.247970287439291,0.247970287439291,0.343033333333333,,FALSE
"XLOC_057232","IL9R",18,0,0,0.916446218551001,0.916446218551001,0.0491333333333333,,FALSE
"XLOC_057244","DHRSX",12,0,1,0.600125015198397,0.600125015198397,0.114466666666667,,FALSE
