"isoform_id","gene_id","gene_name","T_dIF_n","T_q_i","T_q_g","T_is_switching","H_dIF_n","H_q_i","H_q_g","H_is_switching","in_T","in_H","T_significant","H_significant","present_in_both","same_direction","abs_dIF_delta"
"TCONS_00001887","XLOC_000432","PIGV",-0.000400000000000011,0.99997933918653,0.00277804257535363,FALSE,-0.00313333333333335,1,0.0371959141217356,FALSE,TRUE,TRUE,FALSE,FALSE,TRUE,TRUE,0.00273333333333334
"TCONS_00001888","XLOC_000432","PIGV",-0.0224333333333333,0.916735266846798,0.00277804257535363,FALSE,0.0238,0.907831427572433,0.0371959141217356,FALSE,TRUE,TRUE,FALSE,FALSE,TRUE,FALSE,0.0462333333333333
"TCONS_00001889","XLOC_000432","PIGV",-0.1566,0.399428585699064,0.00277804257535363,FALSE,-0.1732,0.0371959141217356,0.0371959141217356,TRUE,TRUE,TRUE,FALSE,TRUE,TRUE,TRUE,0.0166
"TCONS_00001890","XLOC_000432","PIGV",-0.0109333333333333,0.686672574903115,0.00277804257535363,FALSE,,,,,TRUE,FALSE,FALSE,FALSE,FALSE,,
"TCONS_00001891","XLOC_000432","PIGV",0.00783333333333333,0.968462977932917,0.00277804257535363,FALSE,-0.0114333333333333,1,0.0371959141217356,FALSE,TRUE,TRUE,FALSE,FALSE,TRUE,FALSE,0.0192666666666667
"TCONS_00001894","XLOC_000432","PIGV",0.0161333333333333,0.793373709336575,0.00277804257535363,FALSE,0.00706666666666667,1,0.0371959141217356,FALSE,TRUE,TRUE,FALSE,FALSE,TRUE,TRUE,0.00906666666666667
"TCONS_00001895","XLOC_000432","PIGV",-0.0222333333333333,0.410314523931341,0.00277804257535363,FALSE,-0.00556666666666667,1,0.0371959141217356,FALSE,TRUE,TRUE,FALSE,FALSE,TRUE,TRUE,0.0166666666666667
"TCONS_00001898","XLOC_000432","PIGV",0.00836666666666667,0.801612480500312,0.00277804257535363,FALSE,,,,,TRUE,FALSE,FALSE,FALSE,FALSE,,
"TCONS_00001899","XLOC_000432","PIGV",-0.0141333333333333,0.801111330444905,0.00277804257535363,FALSE,0.00536666666666667,0.888595757302343,0.0371959141217356,FALSE,TRUE,TRUE,FALSE,FALSE,TRUE,FALSE,0.0195
"TCONS_00021580","XLOC_000432","PIGV",-0.000400000000000001,0.998661221362307,0.00277804257535363,FALSE,-0.00333333333333333,1,0.0371959141217356,FALSE,TRUE,TRUE,FALSE,FALSE,TRUE,TRUE,0.00293333333333333
"TCONS_00021581","XLOC_000432","PIGV",0.151233333333333,0.00277804257535363,0.00277804257535363,TRUE,0.1153,0.354956115979778,0.0371959141217356,FALSE,TRUE,TRUE,TRUE,FALSE,TRUE,TRUE,0.0359333333333333
"TCONS_00023117","XLOC_000432","PIGV",0.00353333333333334,0.673319998289467,0.00277804257535363,FALSE,0.0184,0.784513683071249,0.0371959141217356,FALSE,TRUE,TRUE,FALSE,FALSE,TRUE,TRUE,0.0148666666666667
"TCONS_00023118","XLOC_000432","PIGV",0.0417333333333333,0.547872852177026,0.00277804257535363,FALSE,0.0169333333333333,1,0.0371959141217356,FALSE,TRUE,TRUE,FALSE,FALSE,TRUE,TRUE,0.0248
"TCONS_00002531","XLOC_000570","AGO3",0.0078,0.991832658746134,0.0438625729336258,FALSE,,,,,TRUE,FALSE,FALSE,FALSE,FALSE,,
"TCONS_00002532","XLOC_000570","AGO3",0.0798,0.759834373379824,0.0438625729336258,FALSE,,,,,TRUE,FALSE,FALSE,FALSE,FALSE,,
"TCONS_00002533","XLOC_000570","AGO3",-0.00743333333333334,0.955257583478351,0.0438625729336258,FALSE,,,,,TRUE,FALSE,FALSE,FALSE,FALSE,,
"TCONS_00002534","XLOC_000570","AGO3",-0.1663,0.0438625729336258,0.0438625729336258,TRUE,,,,,TRUE,FALSE,TRUE,FALSE,FALSE,,
"TCONS_00002536","XLOC_000570","AGO3",0.125166666666667,0.534620255456049,0.0438625729336258,FALSE,,,,,TRUE,FALSE,FALSE,FALSE,FALSE,,
"TCONS_00002537","XLOC_000570","AGO3",0.000999999999999999,0.99676959593367,0.0438625729336258,FALSE,,,,,TRUE,FALSE,FALSE,FALSE,FALSE,,
"TCONS_00023151","XLOC_000570","AGO3",-0.0198,0.952988467423942,0.0438625729336258,FALSE,,,,,TRUE,FALSE,FALSE,FALSE,FALSE,,
"TCONS_00027397","XLOC_000570","AGO3",-0.0202333333333333,0.977427350795743,0.0438625729336258,FALSE,,,,,TRUE,FALSE,FALSE,FALSE,FALSE,,
"TCONS_00003281","XLOC_000697","DMAP1",-0.00173333333333334,0.996325727349036,0.00210406304347888,FALSE,,,,,TRUE,FALSE,FALSE,FALSE,FALSE,,
"TCONS_00003283","XLOC_000697","DMAP1",0.0021,0.978726432579217,0.00210406304347888,FALSE,,,,,TRUE,FALSE,FALSE,FALSE,FALSE,,
"TCONS_00003284","XLOC_000697","DMAP1",-0.00506666666666666,1,0.00210406304347888,FALSE,,,,,TRUE,FALSE,FALSE,FALSE,FALSE,,
"TCONS_00003286","XLOC_000697","DMAP1",0.00106666666666667,0.945001443221406,0.00210406304347888,FALSE,,,,,TRUE,FALSE,FALSE,FALSE,FALSE,,
"TCONS_00003290","XLOC_000697","DMAP1",-0.170333333333333,0.143250649745148,0.00210406304347888,FALSE,,,,,TRUE,FALSE,FALSE,FALSE,FALSE,,
"TCONS_00003291","XLOC_000697","DMAP1",0.0138666666666667,0.727898564850323,0.00210406304347888,FALSE,,,,,TRUE,FALSE,FALSE,FALSE,FALSE,,
"TCONS_00003293","XLOC_000697","DMAP1",0.0223,0.782598148835789,0.00210406304347888,FALSE,,,,,TRUE,FALSE,FALSE,FALSE,FALSE,,
"TCONS_00021641","XLOC_000697","DMAP1",0.115833333333333,0.00210406304347888,0.00210406304347888,FALSE,,,,,TRUE,FALSE,FALSE,FALSE,FALSE,,
"TCONS_00024754","XLOC_000697","DMAP1",0.0108,0.807312289389779,0.00210406304347888,FALSE,,,,,TRUE,FALSE,FALSE,FALSE,FALSE,,
"TCONS_00004251","XLOC_000926","MIER1",-0.0306,0.720652932986542,9.01715274247998e-06,FALSE,,,,,TRUE,FALSE,FALSE,FALSE,FALSE,,
"TCONS_00004255","XLOC_000926","MIER1",-0.110466666666667,9.01715274247998e-06,9.01715274247998e-06,FALSE,,,,,TRUE,FALSE,FALSE,FALSE,FALSE,,
"TCONS_00004257","XLOC_000926","MIER1",-0.000366666666666654,0.988840976917968,9.01715274247998e-06,FALSE,,,,,TRUE,FALSE,FALSE,FALSE,FALSE,,
"TCONS_00004258","XLOC_000926","MIER1",0.163933333333333,0.0707226438126588,9.01715274247998e-06,FALSE,,,,,TRUE,FALSE,FALSE,FALSE,FALSE,,
"TCONS_00021688","XLOC_000926","MIER1",-0.00796666666666667,0.972756457406716,9.01715274247998e-06,FALSE,,,,,TRUE,FALSE,FALSE,FALSE,FALSE,,
"TCONS_00024888","XLOC_000926","MIER1",-0.00273333333333333,0.930330296472908,9.01715274247998e-06,FALSE,,,,,TRUE,FALSE,FALSE,FALSE,FALSE,,
"TCONS_00004780","XLOC_001033","PRKACB",0.142133333333333,0.30692589399405,0.0399997471634164,FALSE,,,,,TRUE,FALSE,FALSE,FALSE,FALSE,,
"TCONS_00004781","XLOC_001033","PRKACB",0.00243333333333333,0.987751356121868,0.0399997471634164,FALSE,,,,,TRUE,FALSE,FALSE,FALSE,FALSE,,
"TCONS_00004783","XLOC_001033","PRKACB",-0.186766666666667,0.0399997471634164,0.0399997471634164,TRUE,,,,,TRUE,FALSE,TRUE,FALSE,FALSE,,
"TCONS_00004789","XLOC_001033","PRKACB",0.0989666666666667,0.776809459570832,0.0399997471634164,FALSE,,,,,TRUE,FALSE,FALSE,FALSE,FALSE,,
"TCONS_00021712","XLOC_001033","PRKACB",-0.0109,0.909049687617228,0.0399997471634164,FALSE,,,,,TRUE,FALSE,FALSE,FALSE,FALSE,,
"TCONS_00021715","XLOC_001033","PRKACB",-0.0395666666666667,0.950488237811792,0.0399997471634164,FALSE,,,,,TRUE,FALSE,FALSE,FALSE,FALSE,,
"TCONS_00005874","XLOC_001285","CTTNBP2NL",-0.221033333333333,0.000771625932603552,0.000771625932603552,TRUE,,,,,TRUE,FALSE,TRUE,FALSE,FALSE,,
"TCONS_00005875","XLOC_001285","CTTNBP2NL",0.0278333333333333,0.697595060823305,0.000771625932603552,FALSE,,,,,TRUE,FALSE,FALSE,FALSE,FALSE,,
"TCONS_00005877","XLOC_001285","CTTNBP2NL",0.0203,0.784336661894409,0.000771625932603552,FALSE,,,,,TRUE,FALSE,FALSE,FALSE,FALSE,,
"TCONS_00021809","XLOC_001285","CTTNBP2NL",0.0296333333333333,0.148124604739794,0.000771625932603552,FALSE,,,,,TRUE,FALSE,FALSE,FALSE,FALSE,,
"TCONS_00025027","XLOC_001285","CTTNBP2NL",0.1451,0.115038340861193,0.000771625932603552,FALSE,,,,,TRUE,FALSE,FALSE,FALSE,FALSE,,
"TCONS_00006661","XLOC_001509","ADAMTSL4",0.00296666666666667,0.988404390870783,0.00195455045014198,FALSE,,,,,TRUE,FALSE,FALSE,FALSE,FALSE,,
"TCONS_00006662","XLOC_001509","ADAMTSL4",0.0134,0.913322340709172,0.00195455045014198,FALSE,,,,,TRUE,FALSE,FALSE,FALSE,FALSE,,
"TCONS_00006663","XLOC_001509","ADAMTSL4",0.136466666666667,0.0412206418922256,0.00195455045014198,FALSE,,,,,TRUE,FALSE,FALSE,FALSE,FALSE,,
"TCONS_00006664","XLOC_001509","ADAMTSL4",-0.0133333333333333,0.536956214895135,0.00195455045014198,FALSE,,,,,TRUE,FALSE,FALSE,FALSE,FALSE,,
"TCONS_00006668","XLOC_001509","ADAMTSL4",-0.0011,0.990730745351384,0.00195455045014198,FALSE,,,,,TRUE,FALSE,FALSE,FALSE,FALSE,,
"TCONS_00006669","XLOC_001509","ADAMTSL4",-0.133766666666667,0.00195455045014198,0.00195455045014198,FALSE,,,,,TRUE,FALSE,FALSE,FALSE,FALSE,,
"TCONS_00007369","XLOC_001671","TMEM79",0.204,0.140092783365161,0.0191039121600616,FALSE,,,,,TRUE,FALSE,FALSE,FALSE,FALSE,,
"TCONS_00007370","XLOC_001671","TMEM79",-0.292266666666667,0.0191039121600616,0.0191039121600616,TRUE,,,,,TRUE,FALSE,TRUE,FALSE,FALSE,,
"TCONS_00007371","XLOC_001671","TMEM79",0.0296333333333333,0.970245115301878,0.0191039121600616,FALSE,,,,,TRUE,FALSE,FALSE,FALSE,FALSE,,
"TCONS_00007372","XLOC_001671","TMEM79",0.0229,0.944096450162117,0.0191039121600616,FALSE,,,,,TRUE,FALSE,FALSE,FALSE,FALSE,,
"TCONS_00007375","XLOC_001671","TMEM79",0.0357666666666667,0.595327939945947,0.0191039121600616,FALSE,,,,,TRUE,FALSE,FALSE,FALSE,FALSE,,
"TCONS_00007503","XLOC_001699","CD1D",-0.0235,0.432814023231363,0.000485880790375984,FALSE,,,,,TRUE,FALSE,FALSE,FALSE,FALSE,,
"TCONS_00025272","XLOC_001699","CD1D",-0.0319,0.894032674656744,0.000485880790375984,FALSE,,,,,TRUE,FALSE,FALSE,FALSE,FALSE,,
"TCONS_00025273","XLOC_001699","CD1D",-0.159633333333333,0.102888042735413,0.000485880790375984,FALSE,,,,,TRUE,FALSE,FALSE,FALSE,FALSE,,
"TCONS_00027825","XLOC_001699","CD1D",0.0265333333333333,0.963093840986375,0.000485880790375984,FALSE,,,,,TRUE,FALSE,FALSE,FALSE,FALSE,,
"TCONS_00027826","XLOC_001699","CD1D",0.123566666666667,0.000485880790375984,0.000485880790375984,FALSE,,,,,TRUE,FALSE,FALSE,FALSE,FALSE,,
"TCONS_00027827","XLOC_001699","CD1D",0.0464333333333334,0.759724222307503,0.000485880790375984,FALSE,,,,,TRUE,FALSE,FALSE,FALSE,FALSE,,
"TCONS_00008498","XLOC_001946","RASAL2",0.0573333333333333,0.625167468826379,0.00445285415696598,FALSE,,,,,TRUE,FALSE,FALSE,FALSE,FALSE,,
"TCONS_00008499","XLOC_001946","RASAL2",0.0143666666666667,0.595327939945947,0.00445285415696598,FALSE,,,,,TRUE,FALSE,FALSE,FALSE,FALSE,,
"TCONS_00008501","XLOC_001946","RASAL2",-0.0133666666666667,0.801067676025568,0.00445285415696598,FALSE,,,,,TRUE,FALSE,FALSE,FALSE,FALSE,,
"TCONS_00008503","XLOC_001946","RASAL2",-0.1772,0.00445285415696598,0.00445285415696598,TRUE,,,,,TRUE,FALSE,TRUE,FALSE,FALSE,,
"TCONS_00008506","XLOC_001946","RASAL2",0.0433,0.0412661830395347,0.00445285415696598,FALSE,,,,,TRUE,FALSE,FALSE,FALSE,FALSE,,
"TCONS_00022021","XLOC_001946","RASAL2",0.0275666666666667,0.034317414433562,0.00445285415696598,FALSE,,,,,TRUE,FALSE,FALSE,FALSE,FALSE,,
"TCONS_00022023","XLOC_001946","RASAL2",0.108333333333333,0.337909835359159,0.00445285415696598,FALSE,,,,,TRUE,FALSE,FALSE,FALSE,FALSE,,
"TCONS_00022024","XLOC_001946","RASAL2",-0.0183,0.916809601311864,0.00445285415696598,FALSE,,,,,TRUE,FALSE,FALSE,FALSE,FALSE,,
"TCONS_00023495","XLOC_001946","RASAL2",0.0160333333333333,0.639191118154189,0.00445285415696598,FALSE,,,,,TRUE,FALSE,FALSE,FALSE,FALSE,,
"TCONS_00023496","XLOC_001946","RASAL2",-0.0705333333333334,0.656964380217641,0.00445285415696598,FALSE,,,,,TRUE,FALSE,FALSE,FALSE,FALSE,,
"TCONS_00010844","XLOC_002530","ENSG00000237250",0.0528,0.636777611582576,0.0476298384683979,FALSE,,,,,TRUE,FALSE,FALSE,FALSE,FALSE,,
"TCONS_00010845","XLOC_002530","ENSG00000237250",-0.023,0.873538676662205,0.0476298384683979,FALSE,,,,,TRUE,FALSE,FALSE,FALSE,FALSE,,
"TCONS_00025725","XLOC_002530","ENSG00000237250",0.198933333333333,0.0857013315566664,0.0476298384683979,FALSE,,,,,TRUE,FALSE,FALSE,FALSE,FALSE,,
"TCONS_00028058","XLOC_002530","ENSG00000237250",-0.2288,0.0476298384683979,0.0476298384683979,TRUE,,,,,TRUE,FALSE,TRUE,FALSE,FALSE,,
"TCONS_00011436","XLOC_002719","AURKAIP1",0.0101333333333333,0.204321970929969,7.79456516324864e-05,FALSE,,,,,TRUE,FALSE,FALSE,FALSE,FALSE,,
"TCONS_00011437","XLOC_002719","AURKAIP1",-0.0039,0.995445039862754,7.79456516324864e-05,FALSE,,,,,TRUE,FALSE,FALSE,FALSE,FALSE,,
"TCONS_00011438","XLOC_002719","AURKAIP1",0.115133333333333,7.79456516324864e-05,7.79456516324864e-05,FALSE,,,,,TRUE,FALSE,FALSE,FALSE,FALSE,,
"TCONS_00011439","XLOC_002719","AURKAIP1",0.0257,0.713654651603089,7.79456516324864e-05,FALSE,,,,,TRUE,FALSE,FALSE,FALSE,FALSE,,
"TCONS_00011440","XLOC_002719","AURKAIP1",0.0053,0.705426982340208,7.79456516324864e-05,FALSE,,,,,TRUE,FALSE,FALSE,FALSE,FALSE,,
"TCONS_00025798","XLOC_002719","AURKAIP1",-0.1538,0.107037365170634,7.79456516324864e-05,FALSE,,,,,TRUE,FALSE,FALSE,FALSE,FALSE,,
"TCONS_00012022","XLOC_002839","CTNNBIP1",-0.111533333333333,0.00240046949607213,0.00240046949607213,FALSE,,,,,TRUE,FALSE,FALSE,FALSE,FALSE,,
"TCONS_00012023","XLOC_002839","CTNNBIP1",0.143333333333333,0.0085958277617509,0.00240046949607213,FALSE,,,,,TRUE,FALSE,FALSE,FALSE,FALSE,,
"TCONS_00012025","XLOC_002839","CTNNBIP1",-0.0342333333333333,0.860892498378892,0.00240046949607213,FALSE,,,,,TRUE,FALSE,FALSE,FALSE,FALSE,,
"TCONS_00013250","XLOC_003170","TMEM234",-0.0074,0.91482451074442,0.00104561741336394,FALSE,-0.00456666666666667,0.836759199419137,0.00434759105414567,FALSE,TRUE,TRUE,FALSE,FALSE,TRUE,TRUE,0.00283333333333333
"TCONS_00013252","XLOC_003170","TMEM234",0.0032,0.965689136428036,0.00104561741336394,FALSE,0.0442,1,0.00434759105414567,FALSE,TRUE,TRUE,FALSE,FALSE,TRUE,TRUE,0.041
"TCONS_00013255","XLOC_003170","TMEM234",0.0100666666666667,0.985921576210407,0.00104561741336394,FALSE,0.0153,0.839137805209785,0.00434759105414567,FALSE,TRUE,TRUE,FALSE,FALSE,TRUE,TRUE,0.00523333333333332
"TCONS_00013257","XLOC_003170","TMEM234",0.0113666666666667,0.859908548059622,0.00104561741336394,FALSE,-0.0143666666666667,0.645801075251997,0.00434759105414567,FALSE,TRUE,TRUE,FALSE,FALSE,TRUE,FALSE,0.0257333333333333
"TCONS_00013258","XLOC_003170","TMEM234",0.000766666666666669,0.999779088939979,0.00104561741336394,FALSE,6.6666666666668e-05,1,0.00434759105414567,FALSE,TRUE,TRUE,FALSE,FALSE,TRUE,TRUE,0.000700000000000001
"TCONS_00013259","XLOC_003170","TMEM234",0.048,0.683343080833872,0.00104561741336394,FALSE,0.107866666666667,1,0.00434759105414567,FALSE,TRUE,TRUE,FALSE,FALSE,TRUE,TRUE,0.0598666666666666
"TCONS_00013260","XLOC_003170","TMEM234",-0.2684,0.00104561741336394,0.00104561741336394,TRUE,-0.2981,0.00434759105414567,0.00434759105414567,TRUE,TRUE,TRUE,TRUE,TRUE,TRUE,TRUE,0.0297000000000001
"TCONS_00013263","XLOC_003170","TMEM234",-0.00283333333333333,0.986567406345693,0.00104561741336394,FALSE,0.0204,1,0.00434759105414567,FALSE,TRUE,TRUE,FALSE,FALSE,TRUE,FALSE,0.0232333333333333
"TCONS_00023723","XLOC_003170","TMEM234",0.1982,0.123062639404866,0.00104561741336394,FALSE,0.125333333333333,1,0.00434759105414567,FALSE,TRUE,TRUE,FALSE,FALSE,TRUE,TRUE,0.0728666666666666
"TCONS_00025988","XLOC_003170","TMEM234",0.00686666666666667,0.926280700909862,0.00104561741336394,FALSE,,,,,TRUE,FALSE,FALSE,FALSE,FALSE,,
"TCONS_00013793","XLOC_003268","BMP8B",-0.110033333333333,5.54444956293e-05,5.54444956293e-05,FALSE,,,,,TRUE,FALSE,FALSE,FALSE,FALSE,,
"TCONS_00028219","XLOC_003268","BMP8B",0.110033333333333,0.00153165083973934,5.54444956293e-05,FALSE,,,,,TRUE,FALSE,FALSE,FALSE,FALSE,,
"TCONS_00013903","XLOC_003300","HIVEP3",0.1475,0.0131082312569603,0.0131082312569603,FALSE,,,,,TRUE,FALSE,FALSE,FALSE,FALSE,,
"TCONS_00013906","XLOC_003300","HIVEP3",0.0276333333333333,0.624380611219237,0.0131082312569603,FALSE,,,,,TRUE,FALSE,FALSE,FALSE,FALSE,,
"TCONS_00013909","XLOC_003300","HIVEP3",-0.0696666666666667,0.278816052700714,0.0131082312569603,FALSE,,,,,TRUE,FALSE,FALSE,FALSE,FALSE,,
"TCONS_00026178","XLOC_003300","HIVEP3",-0.1021,0.0423850328735539,0.0131082312569603,FALSE,,,,,TRUE,FALSE,FALSE,FALSE,FALSE,,
"TCONS_00014026","XLOC_003325","KDM4A-AS1",-0.0697333333333333,0.451349558063311,3.9639638655564e-06,FALSE,,,,,TRUE,FALSE,FALSE,FALSE,FALSE,,
"TCONS_00014027","XLOC_003325","KDM4A-AS1",-0.2065,3.9639638655564e-06,3.9639638655564e-06,TRUE,,,,,TRUE,FALSE,TRUE,FALSE,FALSE,,
"TCONS_00014028","XLOC_003325","KDM4A-AS1",0.0393,0.758985430482128,3.9639638655564e-06,FALSE,,,,,TRUE,FALSE,FALSE,FALSE,FALSE,,
"TCONS_00014029","XLOC_003325","KDM4A-AS1",-0.00733333333333333,0.986910186795181,3.9639638655564e-06,FALSE,,,,,TRUE,FALSE,FALSE,FALSE,FALSE,,
"TCONS_00014030","XLOC_003325","KDM4A-AS1",0.0141333333333333,0.847320606071632,3.9639638655564e-06,FALSE,,,,,TRUE,FALSE,FALSE,FALSE,FALSE,,
"TCONS_00014031","XLOC_003325","KDM4A-AS1",0.0178333333333333,0.771687841703304,3.9639638655564e-06,FALSE,,,,,TRUE,FALSE,FALSE,FALSE,FALSE,,
"TCONS_00014032","XLOC_003325","KDM4A-AS1",0.107766666666667,0.255584887760006,3.9639638655564e-06,FALSE,,,,,TRUE,FALSE,FALSE,FALSE,FALSE,,
"TCONS_00026217","XLOC_003325","KDM4A-AS1",0.103466666666667,0.733285055488738,3.9639638655564e-06,FALSE,,,,,TRUE,FALSE,FALSE,FALSE,FALSE,,
"TCONS_00026218","XLOC_003325","KDM4A-AS1",0.00103333333333333,0.804565083365699,3.9639638655564e-06,FALSE,,,,,TRUE,FALSE,FALSE,FALSE,FALSE,,
"TCONS_00014451","XLOC_003420","TTC39A",-0.2254,0.759724222307503,0.0160167957471636,FALSE,,,,,TRUE,FALSE,FALSE,FALSE,FALSE,,
"TCONS_00014454","XLOC_003420","TTC39A",-0.0696666666666667,0.534660523883358,0.0160167957471636,FALSE,,,,,TRUE,FALSE,FALSE,FALSE,FALSE,,
"TCONS_00014457","XLOC_003420","TTC39A",0.0278333333333333,0.835130966289514,0.0160167957471636,FALSE,,,,,TRUE,FALSE,FALSE,FALSE,FALSE,,
"TCONS_00014460","XLOC_003420","TTC39A",-0.0351666666666667,0.799999400093789,0.0160167957471636,FALSE,,,,,TRUE,FALSE,FALSE,FALSE,FALSE,,
"TCONS_00014461","XLOC_003420","TTC39A",-0.0362666666666667,0.999894199129116,0.0160167957471636,FALSE,,,,,TRUE,FALSE,FALSE,FALSE,FALSE,,
"TCONS_00014463","XLOC_003420","TTC39A",0.0178333333333333,0.846018171536422,0.0160167957471636,FALSE,,,,,TRUE,FALSE,FALSE,FALSE,FALSE,,
"TCONS_00014464","XLOC_003420","TTC39A",-0.0481666666666667,0.986708387948635,0.0160167957471636,FALSE,,,,,TRUE,FALSE,FALSE,FALSE,FALSE,,
"TCONS_00014465","XLOC_003420","TTC39A",-0.0534666666666667,0.895245275982548,0.0160167957471636,FALSE,,,,,TRUE,FALSE,FALSE,FALSE,FALSE,,
"TCONS_00023780","XLOC_003420","TTC39A",0.0430666666666667,0.233950386003039,0.0160167957471636,FALSE,,,,,TRUE,FALSE,FALSE,FALSE,FALSE,,
"TCONS_00028296","XLOC_003420","TTC39A",0.0817333333333334,0.763808828029284,0.0160167957471636,FALSE,,,,,TRUE,FALSE,FALSE,FALSE,FALSE,,
"TCONS_00028297","XLOC_003420","TTC39A",0.283433333333333,0.0160167957471636,0.0160167957471636,TRUE,,,,,TRUE,FALSE,TRUE,FALSE,FALSE,,
"TCONS_00014971","XLOC_003522","DOCK7",-0.0091,0.937910339651863,0.0344830478185717,FALSE,-0.0253,0.812982460002386,1.05762142053943e-06,FALSE,TRUE,TRUE,FALSE,FALSE,TRUE,TRUE,0.0162
"TCONS_00014985","XLOC_003522","DOCK7",-0.056,0.353296666715609,0.0344830478185717,FALSE,-0.0887333333333333,0.00601511901757881,1.05762142053943e-06,FALSE,TRUE,TRUE,FALSE,FALSE,TRUE,TRUE,0.0327333333333333
"TCONS_00014991","XLOC_003522","DOCK7",-0.0202333333333333,0.732585537555244,0.0344830478185717,FALSE,-0.0101333333333333,1,1.05762142053943e-06,FALSE,TRUE,TRUE,FALSE,FALSE,TRUE,TRUE,0.0101
"TCONS_00014999","XLOC_003522","DOCK7",0.331866666666667,0.449849327904875,0.0344830478185717,FALSE,0.414666666666667,1.69908084264478e-05,1.05762142053943e-06,TRUE,TRUE,TRUE,FALSE,TRUE,TRUE,TRUE,0.0828
"TCONS_00022463","XLOC_003522","DOCK7",0.00316666666666667,0.942170575822042,0.0344830478185717,FALSE,-0.00456666666666667,1,1.05762142053943e-06,FALSE,TRUE,TRUE,FALSE,FALSE,TRUE,FALSE,0.00773333333333334
"TCONS_00022464","XLOC_003522","DOCK7",-0.0406666666666667,0.568251809429468,0.0344830478185717,FALSE,-0.0262666666666667,0.911707704115323,1.05762142053943e-06,FALSE,TRUE,TRUE,FALSE,FALSE,TRUE,TRUE,0.0144
"TCONS_00026352","XLOC_003522","DOCK7",-0.0398666666666667,0.77380550197204,0.0344830478185717,FALSE,-0.0510666666666667,0.0130100461959251,1.05762142053943e-06,FALSE,TRUE,TRUE,FALSE,FALSE,TRUE,TRUE,0.0112
"TCONS_00026353","XLOC_003522","DOCK7",0.0202,0.525184291448421,0.0344830478185717,FALSE,-0.0018,1,1.05762142053943e-06,FALSE,TRUE,TRUE,FALSE,FALSE,TRUE,FALSE,0.022
"TCONS_00028323","XLOC_003522","DOCK7",-0.167833333333333,0.0344830478185717,0.0344830478185717,TRUE,-0.1782,1.05762142053943e-06,1.05762142053943e-06,TRUE,TRUE,TRUE,TRUE,TRUE,TRUE,TRUE,0.0103666666666666
"TCONS_00016354","XLOC_003886","TMIGD3",0.0822,0.689801625095927,0.0072938134545202,FALSE,,,,,TRUE,FALSE,FALSE,FALSE,FALSE,,
"TCONS_00016355","XLOC_003886","TMIGD3",-0.0287666666666667,0.554176708407437,0.0072938134545202,FALSE,,,,,TRUE,FALSE,FALSE,FALSE,FALSE,,
"TCONS_00016356","XLOC_003886","TMIGD3",0.132,0.383046802268651,0.0072938134545202,FALSE,,,,,TRUE,FALSE,FALSE,FALSE,FALSE,,
"TCONS_00016359","XLOC_003886","TMIGD3",-0.0173333333333333,0.583241661604871,0.0072938134545202,FALSE,,,,,TRUE,FALSE,FALSE,FALSE,FALSE,,
"TCONS_00016361","XLOC_003886","TMIGD3",-0.193933333333333,0.0072938134545202,0.0072938134545202,TRUE,,,,,TRUE,FALSE,TRUE,FALSE,FALSE,,
"TCONS_00016363","XLOC_003886","TMIGD3",-0.1095,0.255778133183627,0.0072938134545202,FALSE,,,,,TRUE,FALSE,FALSE,FALSE,FALSE,,
"TCONS_00023921","XLOC_003886","TMIGD3",0.0210333333333333,0.840208001728039,0.0072938134545202,FALSE,,,,,TRUE,FALSE,FALSE,FALSE,FALSE,,
"TCONS_00026541","XLOC_003886","TMIGD3",0.109133333333333,0.718492777722508,0.0072938134545202,FALSE,,,,,TRUE,FALSE,FALSE,FALSE,FALSE,,
"TCONS_00028445","XLOC_003886","TMIGD3",0.0025,0.983604977355794,0.0072938134545202,FALSE,,,,,TRUE,FALSE,FALSE,FALSE,FALSE,,
"TCONS_00018079","XLOC_004289","MEF2D",-0.117333333333333,0.00118437345909913,9.57612026289523e-07,FALSE,,,,,TRUE,FALSE,FALSE,FALSE,FALSE,,
"TCONS_00018080","XLOC_004289","MEF2D",0.00213333333333332,0.993188487329279,9.57612026289523e-07,FALSE,,,,,TRUE,FALSE,FALSE,FALSE,FALSE,,
"TCONS_00018081","XLOC_004289","MEF2D",0.1024,9.57612026289523e-07,9.57612026289523e-07,FALSE,,,,,TRUE,FALSE,FALSE,FALSE,FALSE,,
"TCONS_00018083","XLOC_004289","MEF2D",0.00243333333333333,0.965534795802965,9.57612026289523e-07,FALSE,,,,,TRUE,FALSE,FALSE,FALSE,FALSE,,
"TCONS_00018084","XLOC_004289","MEF2D",0.0092,0.686707379203282,9.57612026289523e-07,FALSE,,,,,TRUE,FALSE,FALSE,FALSE,FALSE,,
"TCONS_00019593","XLOC_004716","PHLDA3",0.251133333333333,1.05150104921314e-07,1.05150104921314e-07,TRUE,,,,,TRUE,FALSE,TRUE,FALSE,FALSE,,
"TCONS_00019595","XLOC_004716","PHLDA3",0.0110333333333333,0.500536731435056,1.05150104921314e-07,FALSE,,,,,TRUE,FALSE,FALSE,FALSE,FALSE,,
"TCONS_00019596","XLOC_004716","PHLDA3",-0.1279,0.167971701059289,1.05150104921314e-07,FALSE,,,,,TRUE,FALSE,FALSE,FALSE,FALSE,,
"TCONS_00019597","XLOC_004716","PHLDA3",-0.135133333333333,5.2022229510063e-05,1.05150104921314e-07,FALSE,,,,,TRUE,FALSE,FALSE,FALSE,FALSE,,
"TCONS_00019883","XLOC_004792","RAB7B",-0.0806333333333333,2.72448408323925e-09,2.11035858489732e-132,FALSE,,,,,TRUE,FALSE,FALSE,FALSE,FALSE,,
"TCONS_00019886","XLOC_004792","RAB7B",-0.0103666666666667,0.29941370361498,2.11035858489732e-132,FALSE,,,,,TRUE,FALSE,FALSE,FALSE,FALSE,,
"TCONS_00022983","XLOC_004792","RAB7B",0.0168666666666667,5.77966529328489e-05,2.11035858489732e-132,FALSE,,,,,TRUE,FALSE,FALSE,FALSE,FALSE,,
"TCONS_00024199","XLOC_004792","RAB7B",-0.154033333333333,1.5990475176085e-13,2.11035858489732e-132,TRUE,,,,,TRUE,FALSE,TRUE,FALSE,FALSE,,
"TCONS_00024201","XLOC_004792","RAB7B",0.106,2.11035858489732e-132,2.11035858489732e-132,FALSE,,,,,TRUE,FALSE,FALSE,FALSE,FALSE,,
"TCONS_00024202","XLOC_004792","RAB7B",0.0521,0.259090516143242,2.11035858489732e-132,FALSE,,,,,TRUE,FALSE,FALSE,FALSE,FALSE,,
"TCONS_00027102","XLOC_004792","RAB7B",0.0699666666666667,5.49690277658216e-07,2.11035858489732e-132,FALSE,,,,,TRUE,FALSE,FALSE,FALSE,FALSE,,
"TCONS_00019954","XLOC_004809","YOD1",0.242966666666667,0.0285865869151899,0.0285865869151899,TRUE,0.1777,0.00312587112855433,0.00312587112855433,TRUE,TRUE,TRUE,TRUE,TRUE,TRUE,TRUE,0.0652666666666667
"TCONS_00019955","XLOC_004809","YOD1",-0.242966666666667,0.0751757126589265,0.0285865869151899,FALSE,-0.1777,0.0573715191821745,0.00312587112855433,FALSE,TRUE,TRUE,FALSE,FALSE,TRUE,TRUE,0.0652666666666667
"TCONS_00020016","XLOC_004829","C1orf74",-0.2257,8.6507955232303e-07,8.6507955232303e-07,TRUE,,,,,TRUE,FALSE,TRUE,FALSE,FALSE,,
"TCONS_00020018","XLOC_004829","C1orf74",0.158933333333333,0.355657382327923,8.6507955232303e-07,FALSE,,,,,TRUE,FALSE,FALSE,FALSE,FALSE,,
"TCONS_00020019","XLOC_004829","C1orf74",0.0272333333333333,0.594372266234571,8.6507955232303e-07,FALSE,,,,,TRUE,FALSE,FALSE,FALSE,FALSE,,
"TCONS_00028709","XLOC_004829","C1orf74",0.0224666666666667,0.649242971535152,8.6507955232303e-07,FALSE,,,,,TRUE,FALSE,FALSE,FALSE,FALSE,,
"TCONS_00020824","XLOC_005050","C1orf198",0.1167,0.000389632530807727,0.000389632530807727,FALSE,,,,,TRUE,FALSE,FALSE,FALSE,FALSE,,
"TCONS_00020828","XLOC_005050","C1orf198",-0.00103333333333333,0.985342397015185,0.000389632530807727,FALSE,,,,,TRUE,FALSE,FALSE,FALSE,FALSE,,
"TCONS_00028769","XLOC_005050","C1orf198",-0.115933333333333,0.00619272171056221,0.000389632530807727,FALSE,,,,,TRUE,FALSE,FALSE,FALSE,FALSE,,
"TCONS_00029470","XLOC_005397","PLXDC2",0.0210666666666667,0.475792702086241,4.5897728849056e-09,FALSE,,,,,TRUE,FALSE,FALSE,FALSE,FALSE,,
"TCONS_00029471","XLOC_005397","PLXDC2",-0.129966666666667,7.59319853065335e-05,4.5897728849056e-09,FALSE,,,,,TRUE,FALSE,FALSE,FALSE,FALSE,,
"TCONS_00037636","XLOC_005397","PLXDC2",0.0243666666666667,0.000375002974857584,4.5897728849056e-09,FALSE,,,,,TRUE,FALSE,FALSE,FALSE,FALSE,,
"TCONS_00038405","XLOC_005397","PLXDC2",0.0857,4.5897728849056e-09,4.5897728849056e-09,FALSE,,,,,TRUE,FALSE,FALSE,FALSE,FALSE,,
"TCONS_00038926","XLOC_005397","PLXDC2",-0.00463333333333327,0.983604977355794,4.5897728849056e-09,FALSE,,,,,TRUE,FALSE,FALSE,FALSE,FALSE,,
"TCONS_00038927","XLOC_005397","PLXDC2",0.1105,0.0699217358014953,4.5897728849056e-09,FALSE,,,,,TRUE,FALSE,FALSE,FALSE,FALSE,,
"TCONS_00039379","XLOC_005397","PLXDC2",-0.0993666666666667,0.55543630094526,4.5897728849056e-09,FALSE,,,,,TRUE,FALSE,FALSE,FALSE,FALSE,,
"TCONS_00030516","XLOC_005743","REEP3",-0.1162,0.222382666186095,0.0489817831813935,FALSE,,,,,TRUE,FALSE,FALSE,FALSE,FALSE,,
"TCONS_00030517","XLOC_005743","REEP3",0.200066666666667,0.0489817831813935,0.0489817831813935,TRUE,,,,,TRUE,FALSE,TRUE,FALSE,FALSE,,
"TCONS_00038984","XLOC_005743","REEP3",-0.0839,0.552536240404048,0.0489817831813935,FALSE,,,,,TRUE,FALSE,FALSE,FALSE,FALSE,,
"TCONS_00030698","XLOC_005782","KIFBP",-0.0156666666666667,0.83794909896864,0.0266141169019544,FALSE,,,,,TRUE,FALSE,FALSE,FALSE,FALSE,,
"TCONS_00030699","XLOC_005782","KIFBP",0.0124,0.99631955106423,0.0266141169019544,FALSE,,,,,TRUE,FALSE,FALSE,FALSE,FALSE,,
"TCONS_00030700","XLOC_005782","KIFBP",0.00886666666666667,0.930677909542882,0.0266141169019544,FALSE,,,,,TRUE,FALSE,FALSE,FALSE,FALSE,,
"TCONS_00030704","XLOC_005782","KIFBP",-0.2374,0.0266141169019544,0.0266141169019544,TRUE,,,,,TRUE,FALSE,TRUE,FALSE,FALSE,,
"TCONS_00030707","XLOC_005782","KIFBP",0.165766666666667,0.0519333972268019,0.0266141169019544,FALSE,,,,,TRUE,FALSE,FALSE,FALSE,FALSE,,
"TCONS_00030709","XLOC_005782","KIFBP",0.0264666666666667,0.777786980371771,0.0266141169019544,FALSE,,,,,TRUE,FALSE,FALSE,FALSE,FALSE,,
"TCONS_00030710","XLOC_005782","KIFBP",0.0222,0.856960920867478,0.0266141169019544,FALSE,,,,,TRUE,FALSE,FALSE,FALSE,FALSE,,
"TCONS_00030970","XLOC_005842","PPP3CB-AS1",-0.00873333333333333,0.9700557269842,0.0203334488039757,FALSE,,,,,TRUE,FALSE,FALSE,FALSE,FALSE,,
"TCONS_00030971","XLOC_005842","PPP3CB-AS1",-0.0124666666666667,0.990561991876313,0.0203334488039757,FALSE,,,,,TRUE,FALSE,FALSE,FALSE,FALSE,,
"TCONS_00030972","XLOC_005842","PPP3CB-AS1",0.0224666666666667,0.911485775250552,0.0203334488039757,FALSE,,,,,TRUE,FALSE,FALSE,FALSE,FALSE,,
"TCONS_00030973","XLOC_005842","PPP3CB-AS1",0.0522,0.766541326763208,0.0203334488039757,FALSE,,,,,TRUE,FALSE,FALSE,FALSE,FALSE,,
"TCONS_00030974","XLOC_005842","PPP3CB-AS1",-0.0293666666666667,0.276826923931221,0.0203334488039757,FALSE,,,,,TRUE,FALSE,FALSE,FALSE,FALSE,,
"TCONS_00030975","XLOC_005842","PPP3CB-AS1",0.119233333333333,0.687652461142597,0.0203334488039757,FALSE,,,,,TRUE,FALSE,FALSE,FALSE,FALSE,,
"TCONS_00030976","XLOC_005842","PPP3CB-AS1",0.0119,0.992247824530523,0.0203334488039757,FALSE,,,,,TRUE,FALSE,FALSE,FALSE,FALSE,,
"TCONS_00030977","XLOC_005842","PPP3CB-AS1",0.0567333333333333,0.94029923948586,0.0203334488039757,FALSE,,,,,TRUE,FALSE,FALSE,FALSE,FALSE,,
"TCONS_00030979","XLOC_005842","PPP3CB-AS1",-0.00893333333333333,0.889478814124757,0.0203334488039757,FALSE,,,,,TRUE,FALSE,FALSE,FALSE,FALSE,,
"TCONS_00030987","XLOC_005842","PPP3CB-AS1",0.0744666666666667,0.635444085211413,0.0203334488039757,FALSE,,,,,TRUE,FALSE,FALSE,FALSE,FALSE,,
"TCONS_00037724","XLOC_005842","PPP3CB-AS1",-0.216233333333333,0.0203334488039757,0.0203334488039757,TRUE,,,,,TRUE,FALSE,TRUE,FALSE,FALSE,,
"TCONS_00038494","XLOC_005842","PPP3CB-AS1",0.0195333333333333,0.995503423616603,0.0203334488039757,FALSE,,,,,TRUE,FALSE,FALSE,FALSE,FALSE,,
"TCONS_00039012","XLOC_005842","PPP3CB-AS1",0.0321666666666667,0.920256194826434,0.0203334488039757,FALSE,,,,,TRUE,FALSE,FALSE,FALSE,FALSE,,
"TCONS_00039014","XLOC_005842","PPP3CB-AS1",-0.0774666666666667,0.893116890783793,0.0203334488039757,FALSE,,,,,TRUE,FALSE,FALSE,FALSE,FALSE,,
"TCONS_00039419","XLOC_005842","PPP3CB-AS1",-0.0243,0.72559506146455,0.0203334488039757,FALSE,,,,,TRUE,FALSE,FALSE,FALSE,FALSE,,
"TCONS_00031410","XLOC_005938","CCSER2",-0.0371333333333334,0.812435615316641,1.78635678886079e-06,FALSE,,,,,TRUE,FALSE,FALSE,FALSE,FALSE,,
"TCONS_00031414","XLOC_005938","CCSER2",-0.128133333333333,0.0320204038494706,1.78635678886079e-06,FALSE,,,,,TRUE,FALSE,FALSE,FALSE,FALSE,,
"TCONS_00037754","XLOC_005938","CCSER2",0.0836,0.73330744616119,1.78635678886079e-06,FALSE,,,,,TRUE,FALSE,FALSE,FALSE,FALSE,,
"TCONS_00038520","XLOC_005938","CCSER2",-0.00703333333333334,0.968476038292615,1.78635678886079e-06,FALSE,,,,,TRUE,FALSE,FALSE,FALSE,FALSE,,
"TCONS_00039050","XLOC_005938","CCSER2",0.105666666666667,1.78635678886079e-06,1.78635678886079e-06,FALSE,,,,,TRUE,FALSE,FALSE,FALSE,FALSE,,
"TCONS_00031630","XLOC_005989","IFIT3",-0.000633333333333335,0.993381262998684,5.69522916225001e-13,FALSE,,,,,TRUE,FALSE,FALSE,FALSE,FALSE,,
"TCONS_00031636","XLOC_005989","IFIT3",0.00226666666666667,0.962152113983413,5.69522916225001e-13,FALSE,,,,,TRUE,FALSE,FALSE,FALSE,FALSE,,
"TCONS_00031638","XLOC_005989","IFIT3",-0.035,0.973527713009061,5.69522916225001e-13,FALSE,,,,,TRUE,FALSE,FALSE,FALSE,FALSE,,
"TCONS_00031639","XLOC_005989","IFIT3",0.0759333333333333,0.558772053741821,5.69522916225001e-13,FALSE,,,,,TRUE,FALSE,FALSE,FALSE,FALSE,,
"TCONS_00031644","XLOC_005989","IFIT3",0.0993333333333333,0.819973930597807,5.69522916225001e-13,FALSE,,,,,TRUE,FALSE,FALSE,FALSE,FALSE,,
"TCONS_00037770","XLOC_005989","IFIT3",-0.176166666666667,0.00832593659900636,5.69522916225001e-13,TRUE,,,,,TRUE,FALSE,TRUE,FALSE,FALSE,,
"TCONS_00038537","XLOC_005989","IFIT3",0.0958,0.400760275644707,5.69522916225001e-13,FALSE,,,,,TRUE,FALSE,FALSE,FALSE,FALSE,,
"TCONS_00038538","XLOC_005989","IFIT3",0.00703333333333334,0.864892991539374,5.69522916225001e-13,FALSE,,,,,TRUE,FALSE,FALSE,FALSE,FALSE,,
"TCONS_00038540","XLOC_005989","IFIT3",-0.175533333333333,5.69522916225001e-13,5.69522916225001e-13,TRUE,,,,,TRUE,FALSE,TRUE,FALSE,FALSE,,
"TCONS_00038541","XLOC_005989","IFIT3",0.114633333333333,0.340566980336585,5.69522916225001e-13,FALSE,,,,,TRUE,FALSE,FALSE,FALSE,FALSE,,
"TCONS_00039439","XLOC_005989","IFIT3",-0.0164333333333333,0.831553285705676,5.69522916225001e-13,FALSE,,,,,TRUE,FALSE,FALSE,FALSE,FALSE,,
"TCONS_00031650","XLOC_005992","IFIT5",-0.225666666666667,1.07536328676476e-18,2.14102622024539e-22,TRUE,,,,,TRUE,FALSE,TRUE,FALSE,FALSE,,
"TCONS_00031652","XLOC_005992","IFIT5",-0.0258,0.477628529411057,2.14102622024539e-22,FALSE,,,,,TRUE,FALSE,FALSE,FALSE,FALSE,,
"TCONS_00031653","XLOC_005992","IFIT5",-0.0762333333333333,0.727776801095137,2.14102622024539e-22,FALSE,,,,,TRUE,FALSE,FALSE,FALSE,FALSE,,
"TCONS_00037771","XLOC_005992","IFIT5",0.194733333333333,0.247485211158802,2.14102622024539e-22,FALSE,,,,,TRUE,FALSE,FALSE,FALSE,FALSE,,
"TCONS_00037772","XLOC_005992","IFIT5",-0.0933333333333333,6.39614173763122e-07,2.14102622024539e-22,FALSE,,,,,TRUE,FALSE,FALSE,FALSE,FALSE,,
"TCONS_00038544","XLOC_005992","IFIT5",0.0460666666666667,0.451571443733608,2.14102622024539e-22,FALSE,,,,,TRUE,FALSE,FALSE,FALSE,FALSE,,
"TCONS_00038546","XLOC_005992","IFIT5",0.2691,2.14102622024539e-22,2.14102622024539e-22,TRUE,,,,,TRUE,FALSE,TRUE,FALSE,FALSE,,
"TCONS_00038549","XLOC_005992","IFIT5",-0.0877666666666667,0.991118046431388,2.14102622024539e-22,FALSE,,,,,TRUE,FALSE,FALSE,FALSE,FALSE,,
"TCONS_00038550","XLOC_005992","IFIT5",0.0033,0.675883035440019,2.14102622024539e-22,FALSE,,,,,TRUE,FALSE,FALSE,FALSE,FALSE,,
"TCONS_00033224","XLOC_006358","INPP5A",-0.2006,0.00719662132970144,0.00719662132970144,TRUE,,,,,TRUE,FALSE,TRUE,FALSE,FALSE,,
"TCONS_00033225","XLOC_006358","INPP5A",-0.0045,0.997608571188131,0.00719662132970144,FALSE,,,,,TRUE,FALSE,FALSE,FALSE,FALSE,,
"TCONS_00033228","XLOC_006358","INPP5A",0.112333333333333,0.23669958117589,0.00719662132970144,FALSE,,,,,TRUE,FALSE,FALSE,FALSE,FALSE,,
"TCONS_00033229","XLOC_006358","INPP5A",0.0566,0.812892419373697,0.00719662132970144,FALSE,,,,,TRUE,FALSE,FALSE,FALSE,FALSE,,
"TCONS_00033230","XLOC_006358","INPP5A",0.0542,0.463822747331395,0.00719662132970144,FALSE,,,,,TRUE,FALSE,FALSE,FALSE,FALSE,,
"TCONS_00034366","XLOC_006660","ARHGAP12",0.0782,0.914832720013447,0.00524744855908802,FALSE,,,,,TRUE,FALSE,FALSE,FALSE,FALSE,,
"TCONS_00034367","XLOC_006660","ARHGAP12",0.0656333333333333,0.537744392131859,0.00524744855908802,FALSE,,,,,TRUE,FALSE,FALSE,FALSE,FALSE,,
"TCONS_00034368","XLOC_006660","ARHGAP12",-0.0238,0.851870069765588,0.00524744855908802,FALSE,,,,,TRUE,FALSE,FALSE,FALSE,FALSE,,
"TCONS_00034369","XLOC_006660","ARHGAP12",-0.0568333333333333,0.78869236885735,0.00524744855908802,FALSE,,,,,TRUE,FALSE,FALSE,FALSE,FALSE,,
"TCONS_00034370","XLOC_006660","ARHGAP12",-0.107433333333333,0.00524744855908802,0.00524744855908802,FALSE,,,,,TRUE,FALSE,FALSE,FALSE,FALSE,,
"TCONS_00034372","XLOC_006660","ARHGAP12",-0.101433333333333,0.711907325012044,0.00524744855908802,FALSE,,,,,TRUE,FALSE,FALSE,FALSE,FALSE,,
"TCONS_00034373","XLOC_006660","ARHGAP12",-0.00736666666666667,0.971990381009141,0.00524744855908802,FALSE,,,,,TRUE,FALSE,FALSE,FALSE,FALSE,,
"TCONS_00034374","XLOC_006660","ARHGAP12",0.0551666666666667,0.7309476390191,0.00524744855908802,FALSE,,,,,TRUE,FALSE,FALSE,FALSE,FALSE,,
"TCONS_00034375","XLOC_006660","ARHGAP12",0.1109,0.673996552416749,0.00524744855908802,FALSE,,,,,TRUE,FALSE,FALSE,FALSE,FALSE,,
"TCONS_00035391","XLOC_006953","MICU1",0.120766666666667,0.0342720738421176,0.0342720738421176,FALSE,,,,,TRUE,FALSE,FALSE,FALSE,FALSE,,
"TCONS_00038120","XLOC_006953","MICU1",-0.0397333333333333,0.777786980371771,0.0342720738421176,FALSE,,,,,TRUE,FALSE,FALSE,FALSE,FALSE,,
"TCONS_00038122","XLOC_006953","MICU1",-0.1076,0.83608640304102,0.0342720738421176,FALSE,,,,,TRUE,FALSE,FALSE,FALSE,FALSE,,
"TCONS_00038125","XLOC_006953","MICU1",-0.0185,0.715748961298666,0.0342720738421176,FALSE,,,,,TRUE,FALSE,FALSE,FALSE,FALSE,,
"TCONS_00038771","XLOC_006953","MICU1",0.0343666666666667,0.879878508586682,0.0342720738421176,FALSE,,,,,TRUE,FALSE,FALSE,FALSE,FALSE,,
"TCONS_00039232","XLOC_006953","MICU1",0.00353333333333333,0.952861385745936,0.0342720738421176,FALSE,,,,,TRUE,FALSE,FALSE,FALSE,FALSE,,
"TCONS_00037273","XLOC_007417","FAM53B",-0.189566666666667,1.73273903826729e-05,1.73273903826729e-05,TRUE,,,,,TRUE,FALSE,TRUE,FALSE,FALSE,,
"TCONS_00037278","XLOC_007417","FAM53B",-0.0123,0.961197698322033,1.73273903826729e-05,FALSE,,,,,TRUE,FALSE,FALSE,FALSE,FALSE,,
"TCONS_00037279","XLOC_007417","FAM53B",0.0527666666666667,0.578221052079083,1.73273903826729e-05,FALSE,,,,,TRUE,FALSE,FALSE,FALSE,FALSE,,
"TCONS_00037280","XLOC_007417","FAM53B",0.0462666666666667,0.850125868645187,1.73273903826729e-05,FALSE,,,,,TRUE,FALSE,FALSE,FALSE,FALSE,,
"TCONS_00039364","XLOC_007417","FAM53B",0.106666666666667,0.673529700640757,1.73273903826729e-05,FALSE,,,,,TRUE,FALSE,FALSE,FALSE,FALSE,,
"TCONS_00039685","XLOC_007508","IFITM2",-0.0607,0.652123462353733,2.05730281510062e-89,FALSE,,,,,TRUE,FALSE,FALSE,FALSE,FALSE,,
"TCONS_00039689","XLOC_007508","IFITM2",0.0075,0.432375091224699,2.05730281510062e-89,FALSE,-0.132133333333333,0.00281928536086184,1.61600727027279e-09,FALSE,TRUE,TRUE,FALSE,FALSE,TRUE,FALSE,0.139633333333333
"TCONS_00039692","XLOC_007508","IFITM2",-0.0315,0.0437853336317575,2.05730281510062e-89,FALSE,-0.0341333333333333,0.786797350337691,1.61600727027279e-09,FALSE,TRUE,TRUE,FALSE,FALSE,TRUE,TRUE,0.00263333333333333
"TCONS_00039693","XLOC_007508","IFITM2",-0.00636666666666667,0.925411101383719,2.05730281510062e-89,FALSE,0.0170333333333333,0.937783062983841,1.61600727027279e-09,FALSE,TRUE,TRUE,FALSE,FALSE,TRUE,FALSE,0.0234
"TCONS_00039694","XLOC_007508","IFITM2",-0.1111,8.99751299637543e-09,2.05730281510062e-89,FALSE,-0.0576333333333333,1,1.61600727027279e-09,FALSE,TRUE,TRUE,FALSE,FALSE,TRUE,TRUE,0.0534666666666667
"TCONS_00039695","XLOC_007508","IFITM2",-0.0733333333333333,0.204793521739479,2.05730281510062e-89,FALSE,-0.139866666666667,0.28969527435644,1.61600727027279e-09,FALSE,TRUE,TRUE,FALSE,FALSE,TRUE,TRUE,0.0665333333333334
"TCONS_00039698","XLOC_007508","IFITM2",-0.0128,0.948798435540216,2.05730281510062e-89,FALSE,-0.00796666666666667,0.984404521891153,1.61600727027279e-09,FALSE,TRUE,TRUE,FALSE,FALSE,TRUE,TRUE,0.00483333333333333
"TCONS_00039700","XLOC_007508","IFITM2",-0.00726666666666667,0.793034279136369,2.05730281510062e-89,FALSE,-0.0139,0.990781728073224,1.61600727027279e-09,FALSE,TRUE,TRUE,FALSE,FALSE,TRUE,TRUE,0.00663333333333333
"TCONS_00039707","XLOC_007508","IFITM2",-0.0255333333333333,0.340566980336585,2.05730281510062e-89,FALSE,-0.0570666666666667,0.418058003256913,1.61600727027279e-09,FALSE,TRUE,TRUE,FALSE,FALSE,TRUE,TRUE,0.0315333333333333
"TCONS_00039729","XLOC_007508","IFITM2",0.289,2.05730281510062e-89,2.05730281510062e-89,TRUE,0.363,1.61600727027279e-09,1.61600727027279e-09,TRUE,TRUE,TRUE,TRUE,TRUE,TRUE,TRUE,0.074
"TCONS_00039733","XLOC_007508","IFITM2",0.0192,0.0183326812314834,2.05730281510062e-89,FALSE,0.0293333333333333,1.00864972310208e-07,1.61600727027279e-09,FALSE,TRUE,TRUE,FALSE,FALSE,TRUE,TRUE,0.0101333333333333
"TCONS_00040350","XLOC_007648","TRIM22",-0.1938,0.0312590531840407,0.00510977652340724,TRUE,,,,,TRUE,FALSE,TRUE,FALSE,FALSE,,
"TCONS_00040351","XLOC_007648","TRIM22",-0.0535666666666667,0.85997896216072,0.00510977652340724,FALSE,,,,,TRUE,FALSE,FALSE,FALSE,FALSE,,
"TCONS_00040352","XLOC_007648","TRIM22",0.0185333333333333,0.521925766158612,0.00510977652340724,FALSE,,,,,TRUE,FALSE,FALSE,FALSE,FALSE,,
"TCONS_00040356","XLOC_007648","TRIM22",-0.0284,0.80014533065444,0.00510977652340724,FALSE,,,,,TRUE,FALSE,FALSE,FALSE,FALSE,,
"TCONS_00054019","XLOC_007648","TRIM22",0.0801666666666667,0.00510977652340724,0.00510977652340724,FALSE,,,,,TRUE,FALSE,FALSE,FALSE,FALSE,,
"TCONS_00054020","XLOC_007648","TRIM22",-0.037,0.935777321191462,0.00510977652340724,FALSE,,,,,TRUE,FALSE,FALSE,FALSE,FALSE,,
"TCONS_00054782","XLOC_007648","TRIM22",0.0244333333333333,0.568080078751154,0.00510977652340724,FALSE,,,,,TRUE,FALSE,FALSE,FALSE,FALSE,,
"TCONS_00054783","XLOC_007648","TRIM22",0.1189,0.0318504052047921,0.00510977652340724,FALSE,,,,,TRUE,FALSE,FALSE,FALSE,FALSE,,
"TCONS_00054784","XLOC_007648","TRIM22",0.0559333333333333,0.0326631001799183,0.00510977652340724,FALSE,,,,,TRUE,FALSE,FALSE,FALSE,FALSE,,
"TCONS_00054786","XLOC_007648","TRIM22",-0.0331333333333333,0.961955691807914,0.00510977652340724,FALSE,,,,,TRUE,FALSE,FALSE,FALSE,FALSE,,
"TCONS_00040938","XLOC_007793","SAA1",0.0376333333333333,0.93760914133824,0.000167750186023527,FALSE,,,,,TRUE,FALSE,FALSE,FALSE,FALSE,,
"TCONS_00040939","XLOC_007793","SAA1",0.0562333333333333,1,0.000167750186023527,FALSE,,,,,TRUE,FALSE,FALSE,FALSE,FALSE,,
"TCONS_00040940","XLOC_007793","SAA1",0.1242,0.380093754496019,0.000167750186023527,FALSE,,,,,TRUE,FALSE,FALSE,FALSE,FALSE,,
"TCONS_00040941","XLOC_007793","SAA1",-0.218066666666667,0.000167750186023527,0.000167750186023527,TRUE,,,,,TRUE,FALSE,TRUE,FALSE,FALSE,,
"TCONS_00041690","XLOC_007960","ALKBH3",-0.0347333333333333,0.778897940077532,7.31029437853444e-10,FALSE,,,,,TRUE,FALSE,FALSE,FALSE,FALSE,,
"TCONS_00041691","XLOC_007960","ALKBH3",-0.0152666666666667,0.728485143181831,7.31029437853444e-10,FALSE,,,,,TRUE,FALSE,FALSE,FALSE,FALSE,,
"TCONS_00041692","XLOC_007960","ALKBH3",0.0165333333333333,0.845205901514669,7.31029437853444e-10,FALSE,,,,,TRUE,FALSE,FALSE,FALSE,FALSE,,
"TCONS_00041695","XLOC_007960","ALKBH3",0.0256333333333333,0.805976705348443,7.31029437853444e-10,FALSE,,,,,TRUE,FALSE,FALSE,FALSE,FALSE,,
"TCONS_00041697","XLOC_007960","ALKBH3",-0.1,0.0314664455535586,7.31029437853444e-10,FALSE,,,,,TRUE,FALSE,FALSE,FALSE,FALSE,,
"TCONS_00041699","XLOC_007960","ALKBH3",-0.0865,0.486681627624092,7.31029437853444e-10,FALSE,,,,,TRUE,FALSE,FALSE,FALSE,FALSE,,
"TCONS_00041700","XLOC_007960","ALKBH3",-0.000299999999999998,0.995396251023657,7.31029437853444e-10,FALSE,,,,,TRUE,FALSE,FALSE,FALSE,FALSE,,
"TCONS_00041705","XLOC_007960","ALKBH3",0.2671,7.31029437853444e-10,7.31029437853444e-10,TRUE,,,,,TRUE,FALSE,TRUE,FALSE,FALSE,,
"TCONS_00054117","XLOC_007960","ALKBH3",-0.0150666666666667,0.874401817297167,7.31029437853444e-10,FALSE,,,,,TRUE,FALSE,FALSE,FALSE,FALSE,,
"TCONS_00056590","XLOC_007960","ALKBH3",-0.0565,0.335924244725075,7.31029437853444e-10,FALSE,,,,,TRUE,FALSE,FALSE,FALSE,FALSE,,
"TCONS_00044776","XLOC_008595","RAB30-DT",0.0193333333333333,0.619837526284342,0.00885457522181186,FALSE,,,,,TRUE,FALSE,FALSE,FALSE,FALSE,,
"TCONS_00044777","XLOC_008595","RAB30-DT",-0.0037,0.986845464114966,0.00885457522181186,FALSE,,,,,TRUE,FALSE,FALSE,FALSE,FALSE,,
"TCONS_00044778","XLOC_008595","RAB30-DT",-0.051,0.379607026116724,0.00885457522181186,FALSE,,,,,TRUE,FALSE,FALSE,FALSE,FALSE,,
"TCONS_00044779","XLOC_008595","RAB30-DT",-0.0046,0.983604977355794,0.00885457522181186,FALSE,,,,,TRUE,FALSE,FALSE,FALSE,FALSE,,
"TCONS_00044780","XLOC_008595","RAB30-DT",0.1163,0.00885457522181186,0.00885457522181186,FALSE,,,,,TRUE,FALSE,FALSE,FALSE,FALSE,,
"TCONS_00044781","XLOC_008595","RAB30-DT",0.0369,0.457322994592174,0.00885457522181186,FALSE,,,,,TRUE,FALSE,FALSE,FALSE,FALSE,,
"TCONS_00044782","XLOC_008595","RAB30-DT",0.00640000000000002,0.991381669103301,0.00885457522181186,FALSE,,,,,TRUE,FALSE,FALSE,FALSE,FALSE,,
"TCONS_00044783","XLOC_008595","RAB30-DT",-0.00716666666666667,0.819289050375638,0.00885457522181186,FALSE,,,,,TRUE,FALSE,FALSE,FALSE,FALSE,,
"TCONS_00044784","XLOC_008595","RAB30-DT",-0.123033333333333,0.0685180730105751,0.00885457522181186,FALSE,,,,,TRUE,FALSE,FALSE,FALSE,FALSE,,
"TCONS_00044788","XLOC_008595","RAB30-DT",0.0209,0.806421224562095,0.00885457522181186,FALSE,,,,,TRUE,FALSE,FALSE,FALSE,FALSE,,
"TCONS_00044789","XLOC_008595","RAB30-DT",-0.0227,0.686682536949371,0.00885457522181186,FALSE,,,,,TRUE,FALSE,FALSE,FALSE,FALSE,,
"TCONS_00048006","XLOC_009327","RNF141",-0.143333333333333,0.00318956552634501,0.00318956552634501,FALSE,-0.181866666666667,0.137800136364966,0.000600624806173589,FALSE,TRUE,TRUE,FALSE,FALSE,TRUE,TRUE,0.0385333333333334
"TCONS_00048008","XLOC_009327","RNF141",-0.00763333333333334,0.887046351126313,0.00318956552634501,FALSE,-0.0171333333333333,1,0.000600624806173589,FALSE,TRUE,TRUE,FALSE,FALSE,TRUE,TRUE,0.0095
"TCONS_00048010","XLOC_009327","RNF141",0.00273333333333334,0.981594597687517,0.00318956552634501,FALSE,-0.0830333333333333,0.77709290679195,0.000600624806173589,FALSE,TRUE,TRUE,FALSE,FALSE,TRUE,FALSE,0.0857666666666667
"TCONS_00054424","XLOC_009327","RNF141",0.0550333333333333,0.707733484492677,0.00318956552634501,FALSE,0.0247000000000001,1,0.000600624806173589,FALSE,TRUE,TRUE,FALSE,FALSE,TRUE,TRUE,0.0303333333333333
"TCONS_00056000","XLOC_009327","RNF141",-0.0301,0.0710520527970585,0.00318956552634501,FALSE,,,,,TRUE,FALSE,FALSE,FALSE,FALSE,,
"TCONS_00056002","XLOC_009327","RNF141",0.123933333333333,0.24521613383614,0.00318956552634501,FALSE,0.2819,0.000600624806173589,0.000600624806173589,TRUE,TRUE,TRUE,FALSE,TRUE,TRUE,TRUE,0.157966666666667
"TCONS_00049672","XLOC_009761","MS4A6A",-0.0218666666666667,0.850663645548427,0.00503099295445464,FALSE,,,,,TRUE,FALSE,FALSE,FALSE,FALSE,,
"TCONS_00049673","XLOC_009761","MS4A6A",-0.00323333333333333,0.99570796564178,0.00503099295445464,FALSE,,,,,TRUE,FALSE,FALSE,FALSE,FALSE,,
"TCONS_00049674","XLOC_009761","MS4A6A",-0.0226666666666667,0.528385613592696,0.00503099295445464,FALSE,,,,,TRUE,FALSE,FALSE,FALSE,FALSE,,
"TCONS_00049675","XLOC_009761","MS4A6A",0.134933333333333,0.554210686249952,0.00503099295445464,FALSE,,,,,TRUE,FALSE,FALSE,FALSE,FALSE,,
"TCONS_00049677","XLOC_009761","MS4A6A",-0.0521666666666667,0.501926892639623,0.00503099295445464,FALSE,,,,,TRUE,FALSE,FALSE,FALSE,FALSE,,
"TCONS_00049678","XLOC_009761","MS4A6A",-0.00986666666666667,0.960345263229185,0.00503099295445464,FALSE,,,,,TRUE,FALSE,FALSE,FALSE,FALSE,,
"TCONS_00049683","XLOC_009761","MS4A6A",-0.00386666666666667,0.929304183978511,0.00503099295445464,FALSE,,,,,TRUE,FALSE,FALSE,FALSE,FALSE,,
"TCONS_00049684","XLOC_009761","MS4A6A",0.141566666666667,0.56217943468159,0.00503099295445464,FALSE,,,,,TRUE,FALSE,FALSE,FALSE,FALSE,,
"TCONS_00049685","XLOC_009761","MS4A6A",-0.0104666666666667,0.90476416358691,0.00503099295445464,FALSE,,,,,TRUE,FALSE,FALSE,FALSE,FALSE,,
"TCONS_00049686","XLOC_009761","MS4A6A",0.00366666666666667,0.944838058141312,0.00503099295445464,FALSE,,,,,TRUE,FALSE,FALSE,FALSE,FALSE,,
"TCONS_00049687","XLOC_009761","MS4A6A",-0.00126666666666667,0.994190724070396,0.00503099295445464,FALSE,,,,,TRUE,FALSE,FALSE,FALSE,FALSE,,
"TCONS_00054570","XLOC_009761","MS4A6A",0.0135,0.997261036700901,0.00503099295445464,FALSE,,,,,TRUE,FALSE,FALSE,FALSE,FALSE,,
"TCONS_00054571","XLOC_009761","MS4A6A",-0.0281,0.58501323529049,0.00503099295445464,FALSE,,,,,TRUE,FALSE,FALSE,FALSE,FALSE,,
"TCONS_00054573","XLOC_009761","MS4A6A",-0.0016,0.998424623971146,0.00503099295445464,FALSE,,,,,TRUE,FALSE,FALSE,FALSE,FALSE,,
"TCONS_00056176","XLOC_009761","MS4A6A",-0.110266666666667,0.00503099295445464,0.00503099295445464,FALSE,,,,,TRUE,FALSE,FALSE,FALSE,FALSE,,
"TCONS_00056177","XLOC_009761","MS4A6A",-0.0102,0.904544726992158,0.00503099295445464,FALSE,,,,,TRUE,FALSE,FALSE,FALSE,FALSE,,
"TCONS_00056179","XLOC_009761","MS4A6A",0.00903333333333333,0.987327989734497,0.00503099295445464,FALSE,,,,,TRUE,FALSE,FALSE,FALSE,FALSE,,
"TCONS_00056895","XLOC_009761","MS4A6A",0.0257666666666667,0.87508182572595,0.00503099295445464,FALSE,,,,,TRUE,FALSE,FALSE,FALSE,FALSE,,
"TCONS_00050460","XLOC_009868","BATF2",-0.141733333333333,0.075331878359633,0.00190101357838471,FALSE,,,,,TRUE,FALSE,FALSE,FALSE,FALSE,,
"TCONS_00050461","XLOC_009868","BATF2",0.127533333333333,0.00190101357838471,0.00190101357838471,FALSE,0.212866666666667,0.000333078570893019,0.000333078570893019,TRUE,TRUE,TRUE,FALSE,TRUE,TRUE,TRUE,0.0853333333333334
"TCONS_00050462","XLOC_009868","BATF2",0.0162666666666667,0.361783197290125,0.00190101357838471,FALSE,-0.00416666666666667,1,0.000333078570893019,FALSE,TRUE,TRUE,FALSE,FALSE,TRUE,FALSE,0.0204333333333333
"TCONS_00055231","XLOC_009868","BATF2",-0.0119,0.981737457158434,0.00190101357838471,FALSE,-0.1805,0.0409993085089746,0.000333078570893019,TRUE,TRUE,TRUE,FALSE,TRUE,TRUE,TRUE,0.1686
"TCONS_00051686","XLOC_010103","RSF1",-0.1064,0.0156839776931891,0.0156839776931891,FALSE,,,,,TRUE,FALSE,FALSE,FALSE,FALSE,,
"TCONS_00051689","XLOC_010103","RSF1",0.0343,0.693336175986114,0.0156839776931891,FALSE,,,,,TRUE,FALSE,FALSE,FALSE,FALSE,,
"TCONS_00051690","XLOC_010103","RSF1",0.1156,0.211861593555683,0.0156839776931891,FALSE,,,,,TRUE,FALSE,FALSE,FALSE,FALSE,,
"TCONS_00051692","XLOC_010103","RSF1",-0.0177,0.938318242992971,0.0156839776931891,FALSE,,,,,TRUE,FALSE,FALSE,FALSE,FALSE,,
"TCONS_00051700","XLOC_010103","RSF1",-0.00783333333333334,0.910645256760093,0.0156839776931891,FALSE,,,,,TRUE,FALSE,FALSE,FALSE,FALSE,,
"TCONS_00051701","XLOC_010103","RSF1",-0.00923333333333333,0.911634373659836,0.0156839776931891,FALSE,,,,,TRUE,FALSE,FALSE,FALSE,FALSE,,
"TCONS_00054630","XLOC_010103","RSF1",-0.0198,0.909607441444133,0.0156839776931891,FALSE,,,,,TRUE,FALSE,FALSE,FALSE,FALSE,,
"TCONS_00055256","XLOC_010103","RSF1",-0.00576666666666667,0.875577095545284,0.0156839776931891,FALSE,,,,,TRUE,FALSE,FALSE,FALSE,FALSE,,
"TCONS_00053824","XLOC_010603","SENCR",0.1428,0.0259092963235897,0.00123510742605725,FALSE,,,,,TRUE,FALSE,FALSE,FALSE,FALSE,,
"TCONS_00053825","XLOC_010603","SENCR",-0.1428,0.00123510742605725,0.00123510742605725,FALSE,,,,,TRUE,FALSE,FALSE,FALSE,FALSE,,
"TCONS_00057333","XLOC_010704","CCND2",0.00673333333333333,0.869753818318006,0.000889606162554215,FALSE,,,,,TRUE,FALSE,FALSE,FALSE,FALSE,,
"TCONS_00057342","XLOC_010704","CCND2",-0.0883666666666666,0.471997012107487,0.000889606162554215,FALSE,,,,,TRUE,FALSE,FALSE,FALSE,FALSE,,
"TCONS_00057344","XLOC_010704","CCND2",0.1843,0.000889606162554215,0.000889606162554215,TRUE,,,,,TRUE,FALSE,TRUE,FALSE,FALSE,,
"TCONS_00070436","XLOC_010704","CCND2",-0.00526666666666667,0.969495267560648,0.000889606162554215,FALSE,,,,,TRUE,FALSE,FALSE,FALSE,FALSE,,
"TCONS_00070437","XLOC_010704","CCND2",0.0161666666666667,0.896180538240401,0.000889606162554215,FALSE,,,,,TRUE,FALSE,FALSE,FALSE,FALSE,,
"TCONS_00070438","XLOC_010704","CCND2",-0.115633333333333,0.425372020456858,0.000889606162554215,FALSE,,,,,TRUE,FALSE,FALSE,FALSE,FALSE,,
"TCONS_00059871","XLOC_011237","SP1",0.0152,0.772437816683018,0.00401059719536786,FALSE,,,,,TRUE,FALSE,FALSE,FALSE,FALSE,,
"TCONS_00059872","XLOC_011237","SP1",0.182066666666667,0.00401059719536786,0.00401059719536786,TRUE,,,,,TRUE,FALSE,TRUE,FALSE,FALSE,,
"TCONS_00059873","XLOC_011237","SP1",-0.170466666666667,0.0332320195620357,0.00401059719536786,TRUE,,,,,TRUE,FALSE,TRUE,FALSE,FALSE,,
"TCONS_00059874","XLOC_011237","SP1",-0.0213666666666667,0.510796281675199,0.00401059719536786,FALSE,,,,,TRUE,FALSE,FALSE,FALSE,FALSE,,
"TCONS_00060221","XLOC_011306","DGKA",0.00796666666666667,0.91808905920178,0.0436218686598822,FALSE,,,,,TRUE,FALSE,FALSE,FALSE,FALSE,,
"TCONS_00060228","XLOC_011306","DGKA",0.0213666666666667,0.931382791341636,0.0436218686598822,FALSE,,,,,TRUE,FALSE,FALSE,FALSE,FALSE,,
"TCONS_00060232","XLOC_011306","DGKA",-0.0218,0.615626442096213,0.0436218686598822,FALSE,,,,,TRUE,FALSE,FALSE,FALSE,FALSE,,
"TCONS_00060233","XLOC_011306","DGKA",-0.0214,0.943787283442099,0.0436218686598822,FALSE,,,,,TRUE,FALSE,FALSE,FALSE,FALSE,,
"TCONS_00060242","XLOC_011306","DGKA",0.00703333333333333,0.95458736490621,0.0436218686598822,FALSE,,,,,TRUE,FALSE,FALSE,FALSE,FALSE,,
"TCONS_00060248","XLOC_011306","DGKA",0.0791333333333333,0.969020017036402,0.0436218686598822,FALSE,,,,,TRUE,FALSE,FALSE,FALSE,FALSE,,
"TCONS_00060249","XLOC_011306","DGKA",-0.00123333333333333,0.996567194811929,0.0436218686598822,FALSE,,,,,TRUE,FALSE,FALSE,FALSE,FALSE,,
"TCONS_00060253","XLOC_011306","DGKA",0.0127666666666667,0.992124677639766,0.0436218686598822,FALSE,,,,,TRUE,FALSE,FALSE,FALSE,FALSE,,
"TCONS_00060254","XLOC_011306","DGKA",0.000566666666666667,0.950384826957982,0.0436218686598822,FALSE,,,,,TRUE,FALSE,FALSE,FALSE,FALSE,,
"TCONS_00060258","XLOC_011306","DGKA",-0.0084,0.937225458403063,0.0436218686598822,FALSE,,,,,TRUE,FALSE,FALSE,FALSE,FALSE,,
"TCONS_00060260","XLOC_011306","DGKA",-0.0538666666666667,0.49078862546267,0.0436218686598822,FALSE,,,,,TRUE,FALSE,FALSE,FALSE,FALSE,,
"TCONS_00060262","XLOC_011306","DGKA",0.186333333333333,0.852208471686375,0.0436218686598822,FALSE,,,,,TRUE,FALSE,FALSE,FALSE,FALSE,,
"TCONS_00060263","XLOC_011306","DGKA",-0.0196333333333333,0.903708341419859,0.0436218686598822,FALSE,,,,,TRUE,FALSE,FALSE,FALSE,FALSE,,
"TCONS_00070637","XLOC_011306","DGKA",-0.000166666666666667,0.914632388014639,0.0436218686598822,FALSE,,,,,TRUE,FALSE,FALSE,FALSE,FALSE,,
"TCONS_00070638","XLOC_011306","DGKA",-0.2436,0.0436218686598822,0.0436218686598822,TRUE,,,,,TRUE,FALSE,TRUE,FALSE,FALSE,,
"TCONS_00072216","XLOC_011306","DGKA",-0.0119333333333333,0.929969306585722,0.0436218686598822,FALSE,,,,,TRUE,FALSE,FALSE,FALSE,FALSE,,
"TCONS_00072217","XLOC_011306","DGKA",0.0128666666666667,0.890562365840184,0.0436218686598822,FALSE,,,,,TRUE,FALSE,FALSE,FALSE,FALSE,,
"TCONS_00060287","XLOC_011310","SUOX",-0.0165,0.994458569480353,1.94068545328748e-05,FALSE,,,,,TRUE,FALSE,FALSE,FALSE,FALSE,,
"TCONS_00060288","XLOC_011310","SUOX",0.00213333333333333,0.96798122681822,1.94068545328748e-05,FALSE,,,,,TRUE,FALSE,FALSE,FALSE,FALSE,,
"TCONS_00060291","XLOC_011310","SUOX",-0.1284,0.452695245785442,1.94068545328748e-05,FALSE,,,,,TRUE,FALSE,FALSE,FALSE,FALSE,,
"TCONS_00060293","XLOC_011310","SUOX",-0.0136333333333334,0.965099260906411,1.94068545328748e-05,FALSE,,,,,TRUE,FALSE,FALSE,FALSE,FALSE,,
"TCONS_00060294","XLOC_011310","SUOX",-0.00656666666666667,1,1.94068545328748e-05,FALSE,,,,,TRUE,FALSE,FALSE,FALSE,FALSE,,
"TCONS_00060296","XLOC_011310","SUOX",-0.0102,0.993301531086783,1.94068545328748e-05,FALSE,,,,,TRUE,FALSE,FALSE,FALSE,FALSE,,
"TCONS_00060297","XLOC_011310","SUOX",0.0189,0.864475444862701,1.94068545328748e-05,FALSE,,,,,TRUE,FALSE,FALSE,FALSE,FALSE,,
"TCONS_00060301","XLOC_011310","SUOX",0.0476,0.7309476390191,1.94068545328748e-05,FALSE,,,,,TRUE,FALSE,FALSE,FALSE,FALSE,,
"TCONS_00072218","XLOC_011310","SUOX",0.109133333333333,1.94068545328748e-05,1.94068545328748e-05,FALSE,,,,,TRUE,FALSE,FALSE,FALSE,FALSE,,
"TCONS_00072220","XLOC_011310","SUOX",-0.0128,0.887103092431633,1.94068545328748e-05,FALSE,,,,,TRUE,FALSE,FALSE,FALSE,FALSE,,
"TCONS_00060448","XLOC_011323","IL23A",-0.1768,0.0123693512293699,6.42513378184985e-128,TRUE,,,,,TRUE,FALSE,TRUE,FALSE,FALSE,,
"TCONS_00060449","XLOC_011323","IL23A",-0.0835333333333333,0.96536450810981,6.42513378184985e-128,FALSE,,,,,TRUE,FALSE,FALSE,FALSE,FALSE,,
"TCONS_00060450","XLOC_011323","IL23A",0.2664,6.42513378184985e-128,6.42513378184985e-128,TRUE,,,,,TRUE,FALSE,TRUE,FALSE,FALSE,,
"TCONS_00061020","XLOC_011424","IRAK3",0.0425666666666667,0.656805630381947,2.87298911782658e-14,FALSE,,,,,TRUE,FALSE,FALSE,FALSE,FALSE,,
"TCONS_00061021","XLOC_011424","IRAK3",-0.254766666666667,0.000117923784145908,2.87298911782658e-14,TRUE,,,,,TRUE,FALSE,TRUE,FALSE,FALSE,,
"TCONS_00061022","XLOC_011424","IRAK3",-0.0143666666666667,0.897988066350533,2.87298911782658e-14,FALSE,,,,,TRUE,FALSE,FALSE,FALSE,FALSE,,
"TCONS_00071529","XLOC_011424","IRAK3",0.1734,2.87298911782658e-14,2.87298911782658e-14,TRUE,,,,,TRUE,FALSE,TRUE,FALSE,FALSE,,
"TCONS_00071530","XLOC_011424","IRAK3",0.0533666666666667,0.676700578079949,2.87298911782658e-14,FALSE,,,,,TRUE,FALSE,FALSE,FALSE,FALSE,,
"TCONS_00061299","XLOC_011473","THAP2",-0.0369,0.444641124326524,8.82928775226408e-36,FALSE,,,,,TRUE,FALSE,FALSE,FALSE,FALSE,,
"TCONS_00061300","XLOC_011473","THAP2",0.438533333333333,8.82928775226408e-36,8.82928775226408e-36,TRUE,,,,,TRUE,FALSE,TRUE,FALSE,FALSE,,
"TCONS_00061304","XLOC_011473","THAP2",-0.133166666666667,3.45668836355433e-10,8.82928775226408e-36,FALSE,,,,,TRUE,FALSE,FALSE,FALSE,FALSE,,
"TCONS_00070690","XLOC_011473","THAP2",-0.105833333333333,0.599123381729661,8.82928775226408e-36,FALSE,,,,,TRUE,FALSE,FALSE,FALSE,FALSE,,
"TCONS_00071548","XLOC_011473","THAP2",0.02,0.459540379780447,8.82928775226408e-36,FALSE,,,,,TRUE,FALSE,FALSE,FALSE,FALSE,,
"TCONS_00071549","XLOC_011473","THAP2",-0.0203333333333333,0.626124122423109,8.82928775226408e-36,FALSE,,,,,TRUE,FALSE,FALSE,FALSE,FALSE,,
"TCONS_00073321","XLOC_011473","THAP2",-0.141433333333333,0.000114840786326871,8.82928775226408e-36,FALSE,,,,,TRUE,FALSE,FALSE,FALSE,FALSE,,
"TCONS_00063002","XLOC_011890","PXN-AS1",-0.0685666666666667,0.902222242176865,0.0474176650428291,FALSE,,,,,TRUE,FALSE,FALSE,FALSE,FALSE,,
"TCONS_00063004","XLOC_011890","PXN-AS1",-0.1191,0.0474176650428291,0.0474176650428291,FALSE,,,,,TRUE,FALSE,FALSE,FALSE,FALSE,,
"TCONS_00063005","XLOC_011890","PXN-AS1",0.0111666666666667,0.94637632546248,0.0474176650428291,FALSE,,,,,TRUE,FALSE,FALSE,FALSE,FALSE,,
"TCONS_00063006","XLOC_011890","PXN-AS1",0.0615,0.902002157488473,0.0474176650428291,FALSE,,,,,TRUE,FALSE,FALSE,FALSE,FALSE,,
"TCONS_00063008","XLOC_011890","PXN-AS1",0.0149666666666667,0.963832720455414,0.0474176650428291,FALSE,,,,,TRUE,FALSE,FALSE,FALSE,FALSE,,
"TCONS_00063009","XLOC_011890","PXN-AS1",-0.0192,0.994190724070396,0.0474176650428291,FALSE,,,,,TRUE,FALSE,FALSE,FALSE,FALSE,,
"TCONS_00063011","XLOC_011890","PXN-AS1",0.00156666666666667,0.999136735239407,0.0474176650428291,FALSE,,,,,TRUE,FALSE,FALSE,FALSE,FALSE,,
"TCONS_00063013","XLOC_011890","PXN-AS1",0.114866666666667,0.866846697016075,0.0474176650428291,FALSE,,,,,TRUE,FALSE,FALSE,FALSE,FALSE,,
"TCONS_00070818","XLOC_011890","PXN-AS1",0.0226,0.899051243310507,0.0474176650428291,FALSE,,,,,TRUE,FALSE,FALSE,FALSE,FALSE,,
"TCONS_00064802","XLOC_012274","KLRC3",0.0257,0.935097765609806,0.00130874738949604,FALSE,,,,,TRUE,FALSE,FALSE,FALSE,FALSE,,
"TCONS_00064803","XLOC_012274","KLRC3",-0.122833333333333,0.00130874738949604,0.00130874738949604,FALSE,,,,,TRUE,FALSE,FALSE,FALSE,FALSE,,
"TCONS_00064804","XLOC_012274","KLRC3",0.0370333333333333,0.866900153346991,0.00130874738949604,FALSE,,,,,TRUE,FALSE,FALSE,FALSE,FALSE,,
"TCONS_00064807","XLOC_012274","KLRC3",-0.00756666666666667,0.934166524096289,0.00130874738949604,FALSE,,,,,TRUE,FALSE,FALSE,FALSE,FALSE,,
"TCONS_00064808","XLOC_012274","KLRC3",0.0308666666666667,0.503194623131026,0.00130874738949604,FALSE,,,,,TRUE,FALSE,FALSE,FALSE,FALSE,,
"TCONS_00064810","XLOC_012274","KLRC3",-0.0685333333333333,0.00724159643794311,0.00130874738949604,FALSE,,,,,TRUE,FALSE,FALSE,FALSE,FALSE,,
"TCONS_00064811","XLOC_012274","KLRC3",0.00936666666666666,0.962645710911422,0.00130874738949604,FALSE,,,,,TRUE,FALSE,FALSE,FALSE,FALSE,,
"TCONS_00064812","XLOC_012274","KLRC3",-0.00243333333333333,0.960416382687891,0.00130874738949604,FALSE,,,,,TRUE,FALSE,FALSE,FALSE,FALSE,,
"TCONS_00064813","XLOC_012274","KLRC3",-0.0622,0.802462317627671,0.00130874738949604,FALSE,,,,,TRUE,FALSE,FALSE,FALSE,FALSE,,
"TCONS_00064814","XLOC_012274","KLRC3",0.0313666666666667,0.556716708748474,0.00130874738949604,FALSE,,,,,TRUE,FALSE,FALSE,FALSE,FALSE,,
"TCONS_00072620","XLOC_012274","KLRC3",0.1022,0.755289842321636,0.00130874738949604,FALSE,,,,,TRUE,FALSE,FALSE,FALSE,FALSE,,
"TCONS_00065261","XLOC_012382","SOX5",-0.175733333333333,0.000371095102595793,0.000371095102595793,TRUE,,,,,TRUE,FALSE,TRUE,FALSE,FALSE,,
"TCONS_00065264","XLOC_012382","SOX5",0.00783333333333333,0.7873278840796,0.000371095102595793,FALSE,,,,,TRUE,FALSE,FALSE,FALSE,FALSE,,
"TCONS_00065276","XLOC_012382","SOX5",-0.0278,0.951523569242854,0.000371095102595793,FALSE,,,,,TRUE,FALSE,FALSE,FALSE,FALSE,,
"TCONS_00065277","XLOC_012382","SOX5",-0.0319,0.907210872288844,0.000371095102595793,FALSE,,,,,TRUE,FALSE,FALSE,FALSE,FALSE,,
"TCONS_00065279","XLOC_012382","SOX5",-0.00526666666666667,0.911485775250552,0.000371095102595793,FALSE,,,,,TRUE,FALSE,FALSE,FALSE,FALSE,,
"TCONS_00065280","XLOC_012382","SOX5",-0.0252333333333333,0.945446463226681,0.000371095102595793,FALSE,,,,,TRUE,FALSE,FALSE,FALSE,FALSE,,
"TCONS_00065282","XLOC_012382","SOX5",-0.0197333333333333,0.939108149907807,0.000371095102595793,FALSE,,,,,TRUE,FALSE,FALSE,FALSE,FALSE,,
"TCONS_00072635","XLOC_012382","SOX5",0.0968,0.527423951741377,0.000371095102595793,FALSE,,,,,TRUE,FALSE,FALSE,FALSE,FALSE,,
"TCONS_00072636","XLOC_012382","SOX5",0.0461666666666667,0.67477139153927,0.000371095102595793,FALSE,,,,,TRUE,FALSE,FALSE,FALSE,FALSE,,
"TCONS_00073475","XLOC_012382","SOX5",0.134733333333333,0.0189607691841506,0.000371095102595793,FALSE,,,,,TRUE,FALSE,FALSE,FALSE,FALSE,,
"TCONS_00073476","XLOC_012382","SOX5",0.0104,0.924211375217363,0.000371095102595793,FALSE,,,,,TRUE,FALSE,FALSE,FALSE,FALSE,,
"TCONS_00067033","XLOC_012762","PYM1",-0.177133333333333,0.00137886745605045,0.00137886745605045,TRUE,,,,,TRUE,FALSE,TRUE,FALSE,FALSE,,
"TCONS_00067034","XLOC_012762","PYM1",0.154733333333333,0.0756351694278243,0.00137886745605045,FALSE,,,,,TRUE,FALSE,FALSE,FALSE,FALSE,,
"TCONS_00067035","XLOC_012762","PYM1",0.0204,0.827287904738492,0.00137886745605045,FALSE,,,,,TRUE,FALSE,FALSE,FALSE,FALSE,,
"TCONS_00067038","XLOC_012762","PYM1",-0.000933333333333328,0.997604108898973,0.00137886745605045,FALSE,,,,,TRUE,FALSE,FALSE,FALSE,FALSE,,
"TCONS_00067039","XLOC_012762","PYM1",0.0129333333333333,0.669777247236844,0.00137886745605045,FALSE,,,,,TRUE,FALSE,FALSE,FALSE,FALSE,,
"TCONS_00071867","XLOC_012762","PYM1",-0.011,0.906761243760886,0.00137886745605045,FALSE,,,,,TRUE,FALSE,FALSE,FALSE,FALSE,,
"TCONS_00067361","XLOC_012803","NDUFA4L2",0.3989,0.0330444512631553,0.0330444512631553,TRUE,,,,,TRUE,FALSE,TRUE,FALSE,FALSE,,
"TCONS_00067362","XLOC_012803","NDUFA4L2",-0.3111,0.276605506659218,0.0330444512631553,FALSE,,,,,TRUE,FALSE,FALSE,FALSE,FALSE,,
"TCONS_00067363","XLOC_012803","NDUFA4L2",-0.0303333333333333,0.989509327429906,0.0330444512631553,FALSE,,,,,TRUE,FALSE,FALSE,FALSE,FALSE,,
"TCONS_00067364","XLOC_012803","NDUFA4L2",-0.0101333333333333,0.90493353623947,0.0330444512631553,FALSE,,,,,TRUE,FALSE,FALSE,FALSE,FALSE,,
"TCONS_00067365","XLOC_012803","NDUFA4L2",-0.000100000000000003,1,0.0330444512631553,FALSE,,,,,TRUE,FALSE,FALSE,FALSE,FALSE,,
"TCONS_00067367","XLOC_012803","NDUFA4L2",-0.0472333333333333,0.809182337857355,0.0330444512631553,FALSE,,,,,TRUE,FALSE,FALSE,FALSE,FALSE,,
"TCONS_00067992","XLOC_012969","PHLDA1",0.105933333333333,0.0072673735747716,0.0072673735747716,FALSE,,,,,TRUE,FALSE,FALSE,FALSE,FALSE,,
"TCONS_00072915","XLOC_012969","PHLDA1",-0.1048,0.0167362001331233,0.0072673735747716,FALSE,,,,,TRUE,FALSE,FALSE,FALSE,FALSE,,
"TCONS_00068277","XLOC_013030","KITLG",-0.2471,0.0591611051728173,0.000140077732962017,FALSE,,,,,TRUE,FALSE,FALSE,FALSE,FALSE,,
"TCONS_00068278","XLOC_013030","KITLG",0.294333333333333,0.000140077732962017,0.000140077732962017,TRUE,,,,,TRUE,FALSE,TRUE,FALSE,FALSE,,
"TCONS_00068279","XLOC_013030","KITLG",-0.0507,0.643769395114177,0.000140077732962017,FALSE,,,,,TRUE,FALSE,FALSE,FALSE,FALSE,,
"TCONS_00077203","XLOC_014509","CAB39L",-0.166466666666667,0.353648929361178,0.032724466578338,FALSE,,,,,TRUE,FALSE,FALSE,FALSE,FALSE,,
"TCONS_00077204","XLOC_014509","CAB39L",0.0056,0.985470275298301,0.032724466578338,FALSE,,,,,TRUE,FALSE,FALSE,FALSE,FALSE,,
"TCONS_00077206","XLOC_014509","CAB39L",0.0235,0.902932496122662,0.032724466578338,FALSE,,,,,TRUE,FALSE,FALSE,FALSE,FALSE,,
"TCONS_00078530","XLOC_014509","CAB39L",-0.00956666666666667,0.811380271267192,0.032724466578338,FALSE,,,,,TRUE,FALSE,FALSE,FALSE,FALSE,,
"TCONS_00078531","XLOC_014509","CAB39L",0.150633333333333,0.032724466578338,0.032724466578338,TRUE,,,,,TRUE,FALSE,TRUE,FALSE,FALSE,,
"TCONS_00078533","XLOC_014509","CAB39L",0.0196333333333333,0.897485534829602,0.032724466578338,FALSE,,,,,TRUE,FALSE,FALSE,FALSE,FALSE,,
"TCONS_00079028","XLOC_014509","CAB39L",-0.0358333333333333,0.901924984632879,0.032724466578338,FALSE,,,,,TRUE,FALSE,FALSE,FALSE,FALSE,,
"TCONS_00077815","XLOC_014729","DZIP1",-0.265166666666667,0.637855406629763,8.35364111839346e-06,FALSE,,,,,TRUE,FALSE,FALSE,FALSE,FALSE,,
"TCONS_00077816","XLOC_014729","DZIP1",0.00253333333333336,0.972785363778335,8.35364111839346e-06,FALSE,,,,,TRUE,FALSE,FALSE,FALSE,FALSE,,
"TCONS_00077818","XLOC_014729","DZIP1",-0.0844333333333333,0.941184803554503,8.35364111839346e-06,FALSE,,,,,TRUE,FALSE,FALSE,FALSE,FALSE,,
"TCONS_00077819","XLOC_014729","DZIP1",0.2989,8.35364111839346e-06,8.35364111839346e-06,TRUE,,,,,TRUE,FALSE,TRUE,FALSE,FALSE,,
"TCONS_00077820","XLOC_014729","DZIP1",0.0406666666666667,0.920224310248531,8.35364111839346e-06,FALSE,,,,,TRUE,FALSE,FALSE,FALSE,FALSE,,
"TCONS_00077821","XLOC_014729","DZIP1",0.00750000000000001,0.994862485490033,8.35364111839346e-06,FALSE,,,,,TRUE,FALSE,FALSE,FALSE,FALSE,,
"TCONS_00078011","XLOC_014800","TEX30",-0.176833333333333,0.00761324480235734,0.00761324480235734,TRUE,,,,,TRUE,FALSE,TRUE,FALSE,FALSE,,
"TCONS_00078013","XLOC_014800","TEX30",0.00343333333333334,0.952925336462814,0.00761324480235734,FALSE,,,,,TRUE,FALSE,FALSE,FALSE,FALSE,,
"TCONS_00078014","XLOC_014800","TEX30",-0.0338333333333333,0.378353989053315,0.00761324480235734,FALSE,,,,,TRUE,FALSE,FALSE,FALSE,FALSE,,
"TCONS_00078015","XLOC_014800","TEX30",0.106766666666667,0.305982099552539,0.00761324480235734,FALSE,,,,,TRUE,FALSE,FALSE,FALSE,FALSE,,
"TCONS_00078016","XLOC_014800","TEX30",0.0938666666666667,0.0159996007483042,0.00761324480235734,FALSE,,,,,TRUE,FALSE,FALSE,FALSE,FALSE,,
"TCONS_00078558","XLOC_014800","TEX30",-0.00126666666666667,0.986567406345693,0.00761324480235734,FALSE,,,,,TRUE,FALSE,FALSE,FALSE,FALSE,,
"TCONS_00079290","XLOC_014800","TEX30",0.00766666666666667,0.953692951898992,0.00761324480235734,FALSE,,,,,TRUE,FALSE,FALSE,FALSE,FALSE,,
"TCONS_00079552","XLOC_014975","TOX4",0.0037,0.832808122982773,0.000248167052093359,FALSE,,,,,TRUE,FALSE,FALSE,FALSE,FALSE,,
"TCONS_00079553","XLOC_014975","TOX4",-0.117433333333333,0.000248167052093359,0.000248167052093359,FALSE,,,,,TRUE,FALSE,FALSE,FALSE,FALSE,,
"TCONS_00079554","XLOC_014975","TOX4",-0.00276666666666667,0.97489480558896,0.000248167052093359,FALSE,,,,,TRUE,FALSE,FALSE,FALSE,FALSE,,
"TCONS_00088077","XLOC_014975","TOX4",0.0316333333333333,0.763908684370291,0.000248167052093359,FALSE,,,,,TRUE,FALSE,FALSE,FALSE,FALSE,,
"TCONS_00088078","XLOC_014975","TOX4",0.0121666666666667,0.983604977355794,0.000248167052093359,FALSE,,,,,TRUE,FALSE,FALSE,FALSE,FALSE,,
"TCONS_00088677","XLOC_014975","TOX4",-0.0052,0.947672737628581,0.000248167052093359,FALSE,,,,,TRUE,FALSE,FALSE,FALSE,FALSE,,
"TCONS_00089148","XLOC_014975","TOX4",0.112533333333333,0.116838415459924,0.000248167052093359,FALSE,,,,,TRUE,FALSE,FALSE,FALSE,FALSE,,
"TCONS_00089779","XLOC_014975","TOX4",0.0154,0.358087243329563,0.000248167052093359,FALSE,,,,,TRUE,FALSE,FALSE,FALSE,FALSE,,
"TCONS_00089780","XLOC_014975","TOX4",-0.0332666666666667,0.726753518505384,0.000248167052093359,FALSE,,,,,TRUE,FALSE,FALSE,FALSE,FALSE,,
"TCONS_00079983","XLOC_015144","RNF31",-0.0064,0.684918055563907,2.28318817083466e-15,FALSE,,,,,TRUE,FALSE,FALSE,FALSE,FALSE,,
"TCONS_00079984","XLOC_015144","RNF31",-0.1077,2.28318817083466e-15,2.28318817083466e-15,FALSE,,,,,TRUE,FALSE,FALSE,FALSE,FALSE,,
"TCONS_00079987","XLOC_015144","RNF31",-0.00653333333333333,0.464959724721867,2.28318817083466e-15,FALSE,,,,,TRUE,FALSE,FALSE,FALSE,FALSE,,
"TCONS_00079990","XLOC_015144","RNF31",-0.003,0.99375020835172,2.28318817083466e-15,FALSE,,,,,TRUE,FALSE,FALSE,FALSE,FALSE,,
"TCONS_00079991","XLOC_015144","RNF31",-0.00976666666666667,0.616632928610269,2.28318817083466e-15,FALSE,,,,,TRUE,FALSE,FALSE,FALSE,FALSE,,
"TCONS_00079992","XLOC_015144","RNF31",-0.0192333333333333,0.0453006994917587,2.28318817083466e-15,FALSE,,,,,TRUE,FALSE,FALSE,FALSE,FALSE,,
"TCONS_00079993","XLOC_015144","RNF31",-0.0198666666666667,0.0419950982838784,2.28318817083466e-15,FALSE,,,,,TRUE,FALSE,FALSE,FALSE,FALSE,,
"TCONS_00079994","XLOC_015144","RNF31",-0.0059,0.864501039003803,2.28318817083466e-15,FALSE,,,,,TRUE,FALSE,FALSE,FALSE,FALSE,,
"TCONS_00079996","XLOC_015144","RNF31",-0.0157,0.55028415691218,2.28318817083466e-15,FALSE,,,,,TRUE,FALSE,FALSE,FALSE,FALSE,,
"TCONS_00079997","XLOC_015144","RNF31",-0.0114666666666667,0.298003948951304,2.28318817083466e-15,FALSE,,,,,TRUE,FALSE,FALSE,FALSE,FALSE,,
"TCONS_00080001","XLOC_015144","RNF31",-0.0102666666666667,0.283283844798264,2.28318817083466e-15,FALSE,,,,,TRUE,FALSE,FALSE,FALSE,FALSE,,
"TCONS_00080002","XLOC_015144","RNF31",0.1146,0.000376365384134758,2.28318817083466e-15,FALSE,,,,,TRUE,FALSE,FALSE,FALSE,FALSE,,
"TCONS_00080004","XLOC_015144","RNF31",-0.000133333333333334,0.993153298483693,2.28318817083466e-15,FALSE,,,,,TRUE,FALSE,FALSE,FALSE,FALSE,,
"TCONS_00080006","XLOC_015144","RNF31",0.0204666666666667,1.63410363950211e-08,2.28318817083466e-15,FALSE,,,,,TRUE,FALSE,FALSE,FALSE,FALSE,,
"TCONS_00080007","XLOC_015144","RNF31",0.052,0.0094749769048734,2.28318817083466e-15,FALSE,,,,,TRUE,FALSE,FALSE,FALSE,FALSE,,
"TCONS_00080008","XLOC_015144","RNF31",0.00966666666666667,0.391432349522337,2.28318817083466e-15,FALSE,,,,,TRUE,FALSE,FALSE,FALSE,FALSE,,
"TCONS_00080015","XLOC_015144","RNF31",0.0209,0.0264658732485301,2.28318817083466e-15,FALSE,,,,,TRUE,FALSE,FALSE,FALSE,FALSE,,
"TCONS_00080016","XLOC_015144","RNF31",0.0372666666666667,0.140203148022807,2.28318817083466e-15,FALSE,,,,,TRUE,FALSE,FALSE,FALSE,FALSE,,
"TCONS_00088693","XLOC_015144","RNF31",0.0156666666666667,0.437887979986162,2.28318817083466e-15,FALSE,,,,,TRUE,FALSE,FALSE,FALSE,FALSE,,
"TCONS_00088694","XLOC_015144","RNF31",-3.33333333333331e-05,0.976729239561001,2.28318817083466e-15,FALSE,,,,,TRUE,FALSE,FALSE,FALSE,FALSE,,
"TCONS_00089180","XLOC_015144","RNF31",0.0107666666666667,0.189609580285768,2.28318817083466e-15,FALSE,,,,,TRUE,FALSE,FALSE,FALSE,FALSE,,
"TCONS_00089789","XLOC_015144","RNF31",-0.0513666666666667,0.00500451632113474,2.28318817083466e-15,FALSE,,,,,TRUE,FALSE,FALSE,FALSE,FALSE,,
"TCONS_00089790","XLOC_015144","RNF31",-0.0112333333333333,0.703539588991241,2.28318817083466e-15,FALSE,,,,,TRUE,FALSE,FALSE,FALSE,FALSE,,
"TCONS_00089792","XLOC_015144","RNF31",0.0168,0.706639137651396,2.28318817083466e-15,FALSE,,,,,TRUE,FALSE,FALSE,FALSE,FALSE,,
"TCONS_00081066","XLOC_015377","SOCS4",0.162233333333333,0.0169393553247719,0.0169393553247719,TRUE,,,,,TRUE,FALSE,TRUE,FALSE,FALSE,,
"TCONS_00081067","XLOC_015377","SOCS4",-0.00890000000000002,0.991441970607855,0.0169393553247719,FALSE,,,,,TRUE,FALSE,FALSE,FALSE,FALSE,,
"TCONS_00081068","XLOC_015377","SOCS4",-3e-04,0.894920105245696,0.0169393553247719,FALSE,,,,,TRUE,FALSE,FALSE,FALSE,FALSE,,
"TCONS_00081069","XLOC_015377","SOCS4",-0.148333333333333,0.313846014086634,0.0169393553247719,FALSE,,,,,TRUE,FALSE,FALSE,FALSE,FALSE,,
"TCONS_00082159","XLOC_015588","JDP2",-0.0736666666666667,0.433528152849942,3.65570103325532e-26,FALSE,,,,,TRUE,FALSE,FALSE,FALSE,FALSE,,
"TCONS_00082160","XLOC_015588","JDP2",0.0377333333333333,2.03496359267667e-21,3.65570103325532e-26,FALSE,,,,,TRUE,FALSE,FALSE,FALSE,FALSE,,
"TCONS_00082161","XLOC_015588","JDP2",-0.0110333333333333,0.0725461829141206,3.65570103325532e-26,FALSE,,,,,TRUE,FALSE,FALSE,FALSE,FALSE,,
"TCONS_00082162","XLOC_015588","JDP2",0.0157,0.831553285705676,3.65570103325532e-26,FALSE,,,,,TRUE,FALSE,FALSE,FALSE,FALSE,,
"TCONS_00082164","XLOC_015588","JDP2",-0.1937,0.00164096902004307,3.65570103325532e-26,TRUE,,,,,TRUE,FALSE,TRUE,FALSE,FALSE,,
"TCONS_00089882","XLOC_015588","JDP2",0.0150333333333333,0.0309203200905846,3.65570103325532e-26,FALSE,,,,,TRUE,FALSE,FALSE,FALSE,FALSE,,
"TCONS_00089883","XLOC_015588","JDP2",0.2092,3.65570103325532e-26,3.65570103325532e-26,TRUE,,,,,TRUE,FALSE,TRUE,FALSE,FALSE,,
"TCONS_00082765","XLOC_015708","RIN3",0.2494,0.00329879660410399,0.000793920389229282,TRUE,,,,,TRUE,FALSE,TRUE,FALSE,FALSE,,
"TCONS_00082766","XLOC_015708","RIN3",0.0025,0.93144864225168,0.000793920389229282,FALSE,,,,,TRUE,FALSE,FALSE,FALSE,FALSE,,
"TCONS_00082767","XLOC_015708","RIN3",-0.1197,0.560435435554145,0.000793920389229282,FALSE,,,,,TRUE,FALSE,FALSE,FALSE,FALSE,,
"TCONS_00082768","XLOC_015708","RIN3",0.0246,0.0202871643601405,0.000793920389229282,FALSE,,,,,TRUE,FALSE,FALSE,FALSE,FALSE,,
"TCONS_00082770","XLOC_015708","RIN3",-0.206666666666667,0.000793920389229282,0.000793920389229282,TRUE,,,,,TRUE,FALSE,TRUE,FALSE,FALSE,,
"TCONS_00082772","XLOC_015708","RIN3",0.0255,0.00891278962740941,0.000793920389229282,FALSE,,,,,TRUE,FALSE,FALSE,FALSE,FALSE,,
"TCONS_00082775","XLOC_015708","RIN3",0.00906666666666667,0.806833120869586,0.000793920389229282,FALSE,,,,,TRUE,FALSE,FALSE,FALSE,FALSE,,
"TCONS_00082776","XLOC_015708","RIN3",0.00426666666666667,0.888116139850388,0.000793920389229282,FALSE,,,,,TRUE,FALSE,FALSE,FALSE,FALSE,,
"TCONS_00088278","XLOC_015708","RIN3",0.00516666666666667,0.84342198565221,0.000793920389229282,FALSE,,,,,TRUE,FALSE,FALSE,FALSE,FALSE,,
"TCONS_00083239","XLOC_015796","WDR25",0.0637666666666667,0.828939440056417,1.24028925590526e-10,FALSE,0.150833333333333,0.000889006168787717,0.000889006168787717,TRUE,TRUE,TRUE,FALSE,TRUE,TRUE,TRUE,0.0870666666666667
"TCONS_00083240","XLOC_015796","WDR25",0.1818,0.334765356549338,1.24028925590526e-10,FALSE,0.0778,0.0160388596985963,0.000889006168787717,FALSE,TRUE,TRUE,FALSE,FALSE,TRUE,TRUE,0.104
"TCONS_00083241","XLOC_015796","WDR25",0.351266666666667,1.24028925590526e-10,1.24028925590526e-10,TRUE,-0.1524,1,0.000889006168787717,FALSE,TRUE,TRUE,TRUE,FALSE,TRUE,FALSE,0.503666666666667
"TCONS_00083246","XLOC_015796","WDR25",-0.0133666666666667,0.997601432837208,1.24028925590526e-10,FALSE,-0.213433333333333,0.229726507864133,0.000889006168787717,FALSE,TRUE,TRUE,FALSE,FALSE,TRUE,TRUE,0.200066666666667
"TCONS_00083249","XLOC_015796","WDR25",-0.0222333333333333,0.922380967366895,1.24028925590526e-10,FALSE,,,,,TRUE,FALSE,FALSE,FALSE,FALSE,,
"TCONS_00089410","XLOC_015796","WDR25",-0.567833333333333,0.0317130370911167,1.24028925590526e-10,TRUE,0.159833333333333,0.991323643260843,0.000889006168787717,FALSE,TRUE,TRUE,TRUE,FALSE,TRUE,FALSE,0.727666666666667
"TCONS_00085583","XLOC_016293","LINC01588",0.0022,0.996765423175827,0.00010056831666868,FALSE,,,,,TRUE,FALSE,FALSE,FALSE,FALSE,,
"TCONS_00085584","XLOC_016293","LINC01588",-0.0323,0.704587779200288,0.00010056831666868,FALSE,,,,,TRUE,FALSE,FALSE,FALSE,FALSE,,
"TCONS_00085585","XLOC_016293","LINC01588",-0.0588,0.60572634365033,0.00010056831666868,FALSE,,,,,TRUE,FALSE,FALSE,FALSE,FALSE,,
"TCONS_00085586","XLOC_016293","LINC01588",-0.0144666666666667,0.913701582324282,0.00010056831666868,FALSE,,,,,TRUE,FALSE,FALSE,FALSE,FALSE,,
"TCONS_00085588","XLOC_016293","LINC01588",0.147466666666667,0.00010056831666868,0.00010056831666868,FALSE,,,,,TRUE,FALSE,FALSE,FALSE,FALSE,,
"TCONS_00085589","XLOC_016293","LINC01588",-0.109033333333333,0.299206287826975,0.00010056831666868,FALSE,,,,,TRUE,FALSE,FALSE,FALSE,FALSE,,
"TCONS_00085593","XLOC_016293","LINC01588",0.0100666666666667,0.912177008396445,0.00010056831666868,FALSE,,,,,TRUE,FALSE,FALSE,FALSE,FALSE,,
"TCONS_00088942","XLOC_016293","LINC01588",0.0533666666666667,0.114105592603926,0.00010056831666868,FALSE,,,,,TRUE,FALSE,FALSE,FALSE,FALSE,,
"TCONS_00088946","XLOC_016293","LINC01588",-0.0264666666666666,0.988424668238572,0.00010056831666868,FALSE,,,,,TRUE,FALSE,FALSE,FALSE,FALSE,,
"TCONS_00086670","XLOC_016571","TMED10",-0.133966666666667,0.000216176016120606,7.62139737947895e-08,FALSE,,,,,TRUE,FALSE,FALSE,FALSE,FALSE,,
"TCONS_00086674","XLOC_016571","TMED10",0.0031,0.831166420959906,7.62139737947895e-08,FALSE,,,,,TRUE,FALSE,FALSE,FALSE,FALSE,,
"TCONS_00086675","XLOC_016571","TMED10",0.102166666666667,0.0111348121472612,7.62139737947895e-08,FALSE,,,,,TRUE,FALSE,FALSE,FALSE,FALSE,,
"TCONS_00089711","XLOC_016571","TMED10",-0.0335,0.475792702086241,7.62139737947895e-08,FALSE,,,,,TRUE,FALSE,FALSE,FALSE,FALSE,,
"TCONS_00089714","XLOC_016571","TMED10",-0.00923333333333333,0.150318823862232,7.62139737947895e-08,FALSE,,,,,TRUE,FALSE,FALSE,FALSE,FALSE,,
"TCONS_00089716","XLOC_016571","TMED10",-0.000266666666666667,0.992781934642756,7.62139737947895e-08,FALSE,,,,,TRUE,FALSE,FALSE,FALSE,FALSE,,
"TCONS_00090104","XLOC_016571","TMED10",0.0887333333333334,7.62139737947895e-08,7.62139737947895e-08,FALSE,,,,,TRUE,FALSE,FALSE,FALSE,FALSE,,
"TCONS_00087621","XLOC_016794","MOK",0.0432,0.763908684370291,0.00310762752789266,FALSE,,,,,TRUE,FALSE,FALSE,FALSE,FALSE,,
"TCONS_00087622","XLOC_016794","MOK",-0.0600666666666667,0.63665107721406,0.00310762752789266,FALSE,,,,,TRUE,FALSE,FALSE,FALSE,FALSE,,
"TCONS_00087623","XLOC_016794","MOK",0.0309666666666667,0.719335529724192,0.00310762752789266,FALSE,,,,,TRUE,FALSE,FALSE,FALSE,FALSE,,
"TCONS_00087625","XLOC_016794","MOK",0.0149666666666667,0.899563994081842,0.00310762752789266,FALSE,,,,,TRUE,FALSE,FALSE,FALSE,FALSE,,
"TCONS_00087626","XLOC_016794","MOK",-0.0143,0.931658871271888,0.00310762752789266,FALSE,,,,,TRUE,FALSE,FALSE,FALSE,FALSE,,
"TCONS_00087629","XLOC_016794","MOK",-0.0147333333333333,1,0.00310762752789266,FALSE,,,,,TRUE,FALSE,FALSE,FALSE,FALSE,,
"TCONS_00087631","XLOC_016794","MOK",0.0567666666666667,0.162783150410039,0.00310762752789266,FALSE,,,,,TRUE,FALSE,FALSE,FALSE,FALSE,,
"TCONS_00087632","XLOC_016794","MOK",-0.0457,0.745535835189632,0.00310762752789266,FALSE,,,,,TRUE,FALSE,FALSE,FALSE,FALSE,,
"TCONS_00087633","XLOC_016794","MOK",0.0492,0.884799072557197,0.00310762752789266,FALSE,,,,,TRUE,FALSE,FALSE,FALSE,FALSE,,
"TCONS_00087634","XLOC_016794","MOK",0.0398,0.807806236117713,0.00310762752789266,FALSE,,,,,TRUE,FALSE,FALSE,FALSE,FALSE,,
"TCONS_00087635","XLOC_016794","MOK",0.0333333333333333,0.925545722148398,0.00310762752789266,FALSE,,,,,TRUE,FALSE,FALSE,FALSE,FALSE,,
"TCONS_00087637","XLOC_016794","MOK",-0.0387666666666667,0.989377995178392,0.00310762752789266,FALSE,,,,,TRUE,FALSE,FALSE,FALSE,FALSE,,
"TCONS_00087639","XLOC_016794","MOK",-0.104433333333333,0.826422147118536,0.00310762752789266,FALSE,,,,,TRUE,FALSE,FALSE,FALSE,FALSE,,
"TCONS_00087641","XLOC_016794","MOK",-0.0370333333333333,0.955169174886369,0.00310762752789266,FALSE,,,,,TRUE,FALSE,FALSE,FALSE,FALSE,,
"TCONS_00087646","XLOC_016794","MOK",-0.0414666666666667,0.952324286112755,0.00310762752789266,FALSE,,,,,TRUE,FALSE,FALSE,FALSE,FALSE,,
"TCONS_00087649","XLOC_016794","MOK",-0.0207333333333333,0.96257964808527,0.00310762752789266,FALSE,,,,,TRUE,FALSE,FALSE,FALSE,FALSE,,
"TCONS_00087652","XLOC_016794","MOK",-0.0237,0.959985330529625,0.00310762752789266,FALSE,,,,,TRUE,FALSE,FALSE,FALSE,FALSE,,
"TCONS_00087653","XLOC_016794","MOK",-0.0017,0.993880865362637,0.00310762752789266,FALSE,,,,,TRUE,FALSE,FALSE,FALSE,FALSE,,
"TCONS_00087655","XLOC_016794","MOK",0.173866666666667,0.00310762752789266,0.00310762752789266,TRUE,,,,,TRUE,FALSE,TRUE,FALSE,FALSE,,
"TCONS_00091053","XLOC_017286","CDIN1",0.203066666666667,8.76396371839472e-05,8.76396371839472e-05,TRUE,,,,,TRUE,FALSE,TRUE,FALSE,FALSE,,
"TCONS_00091058","XLOC_017286","CDIN1",-0.065,0.404525890555766,8.76396371839472e-05,FALSE,,,,,TRUE,FALSE,FALSE,FALSE,FALSE,,
"TCONS_00091062","XLOC_017286","CDIN1",-0.0102,0.978926274994933,8.76396371839472e-05,FALSE,,,,,TRUE,FALSE,FALSE,FALSE,FALSE,,
"TCONS_00091063","XLOC_017286","CDIN1",-0.0648,0.33434355047039,8.76396371839472e-05,FALSE,,,,,TRUE,FALSE,FALSE,FALSE,FALSE,,
"TCONS_00091070","XLOC_017286","CDIN1",-0.130233333333333,0.384547524546235,8.76396371839472e-05,FALSE,,,,,TRUE,FALSE,FALSE,FALSE,FALSE,,
"TCONS_00091072","XLOC_017286","CDIN1",0.0510333333333333,0.458730002929296,8.76396371839472e-05,FALSE,,,,,TRUE,FALSE,FALSE,FALSE,FALSE,,
"TCONS_00091265","XLOC_017331","RPUSD2",0.148333333333333,0.000544624553106223,0.000544624553106223,FALSE,,,,,TRUE,FALSE,FALSE,FALSE,FALSE,,
"TCONS_00091266","XLOC_017331","RPUSD2",-0.1336,0.0679265261057163,0.000544624553106223,FALSE,,,,,TRUE,FALSE,FALSE,FALSE,FALSE,,
"TCONS_00091267","XLOC_017331","RPUSD2",-0.0147333333333333,0.940409291785842,0.000544624553106223,FALSE,,,,,TRUE,FALSE,FALSE,FALSE,FALSE,,
"TCONS_00092865","XLOC_017668","LRRC49",0.0591,0.702377454222758,0.0381558933437842,FALSE,,,,,TRUE,FALSE,FALSE,FALSE,FALSE,,
"TCONS_00092866","XLOC_017668","LRRC49",0.118,0.626124122423109,0.0381558933437842,FALSE,,,,,TRUE,FALSE,FALSE,FALSE,FALSE,,
"TCONS_00092868","XLOC_017668","LRRC49",0.0254666666666667,0.944937427891706,0.0381558933437842,FALSE,,,,,TRUE,FALSE,FALSE,FALSE,FALSE,,
"TCONS_00092870","XLOC_017668","LRRC49",-0.1298,0.726144883194912,0.0381558933437842,FALSE,,,,,TRUE,FALSE,FALSE,FALSE,FALSE,,
"TCONS_00092871","XLOC_017668","LRRC49",-0.205466666666667,0.0381558933437842,0.0381558933437842,TRUE,,,,,TRUE,FALSE,TRUE,FALSE,FALSE,,
"TCONS_00092875","XLOC_017668","LRRC49",0.0727666666666667,0.911963843927092,0.0381558933437842,FALSE,,,,,TRUE,FALSE,FALSE,FALSE,FALSE,,
"TCONS_00092876","XLOC_017668","LRRC49",-0.0100666666666667,0.948143668423323,0.0381558933437842,FALSE,,,,,TRUE,FALSE,FALSE,FALSE,FALSE,,
"TCONS_00092878","XLOC_017668","LRRC49",-0.0194666666666667,0.85773659270011,0.0381558933437842,FALSE,,,,,TRUE,FALSE,FALSE,FALSE,FALSE,,
"TCONS_00092884","XLOC_017668","LRRC49",0.00513333333333333,0.943800224630091,0.0381558933437842,FALSE,,,,,TRUE,FALSE,FALSE,FALSE,FALSE,,
"TCONS_00092885","XLOC_017668","LRRC49",0.068,0.56312407804614,0.0381558933437842,FALSE,,,,,TRUE,FALSE,FALSE,FALSE,FALSE,,
"TCONS_00092891","XLOC_017668","LRRC49",-0.0424333333333333,0.934383927330219,0.0381558933437842,FALSE,,,,,TRUE,FALSE,FALSE,FALSE,FALSE,,
"TCONS_00100001","XLOC_017668","LRRC49",0.0546,0.902831514464157,0.0381558933437842,FALSE,,,,,TRUE,FALSE,FALSE,FALSE,FALSE,,
"TCONS_00095168","XLOC_018267","GOLGA8B",-0.0408333333333333,0.932987975663628,0.00194735950524036,FALSE,,,,,TRUE,FALSE,FALSE,FALSE,FALSE,,
"TCONS_00095169","XLOC_018267","GOLGA8B",-0.0227333333333333,0.987327989734497,0.00194735950524036,FALSE,,,,,TRUE,FALSE,FALSE,FALSE,FALSE,,
"TCONS_00095170","XLOC_018267","GOLGA8B",-0.102033333333333,0.459601927139328,0.00194735950524036,FALSE,,,,,TRUE,FALSE,FALSE,FALSE,FALSE,,
"TCONS_00095171","XLOC_018267","GOLGA8B",0.0141333333333333,0.993880865362637,0.00194735950524036,FALSE,,,,,TRUE,FALSE,FALSE,FALSE,FALSE,,
"TCONS_00095172","XLOC_018267","GOLGA8B",0.0573333333333333,0.740027868425881,0.00194735950524036,FALSE,,,,,TRUE,FALSE,FALSE,FALSE,FALSE,,
"TCONS_00095175","XLOC_018267","GOLGA8B",0.112166666666667,0.00194735950524036,0.00194735950524036,FALSE,,,,,TRUE,FALSE,FALSE,FALSE,FALSE,,
"TCONS_00095176","XLOC_018267","GOLGA8B",-0.0033,0.98150139119388,0.00194735950524036,FALSE,,,,,TRUE,FALSE,FALSE,FALSE,FALSE,,
"TCONS_00095178","XLOC_018267","GOLGA8B",-0.0114333333333333,0.65663583673576,0.00194735950524036,FALSE,,,,,TRUE,FALSE,FALSE,FALSE,FALSE,,
"TCONS_00096822","XLOC_018618","CLPX",-0.108133333333333,0.175250207453788,1.86521270033376e-07,FALSE,,,,,TRUE,FALSE,FALSE,FALSE,FALSE,,
"TCONS_00096823","XLOC_018618","CLPX",-0.00166666666666667,0.978245157061773,1.86521270033376e-07,FALSE,,,,,TRUE,FALSE,FALSE,FALSE,FALSE,,
"TCONS_00096825","XLOC_018618","CLPX",0.147633333333333,1.86521270033376e-07,1.86521270033376e-07,FALSE,,,,,TRUE,FALSE,FALSE,FALSE,FALSE,,
"TCONS_00096826","XLOC_018618","CLPX",0.0118666666666667,0.542361151916451,1.86521270033376e-07,FALSE,,,,,TRUE,FALSE,FALSE,FALSE,FALSE,,
"TCONS_00100337","XLOC_018618","CLPX",-0.0160333333333333,0.684527926711755,1.86521270033376e-07,FALSE,,,,,TRUE,FALSE,FALSE,FALSE,FALSE,,
"TCONS_00100338","XLOC_018618","CLPX",-0.0804,0.0236100143420124,1.86521270033376e-07,FALSE,,,,,TRUE,FALSE,FALSE,FALSE,FALSE,,
"TCONS_00100741","XLOC_018618","CLPX",-0.0106333333333333,0.979990418106409,1.86521270033376e-07,FALSE,,,,,TRUE,FALSE,FALSE,FALSE,FALSE,,
"TCONS_00100743","XLOC_018618","CLPX",0.0527666666666667,0.690997540199879,1.86521270033376e-07,FALSE,,,,,TRUE,FALSE,FALSE,FALSE,FALSE,,
"TCONS_00098577","XLOC_018977","FAM174B",-0.0453,0.910833861623972,0.0290264234143337,FALSE,,,,,TRUE,FALSE,FALSE,FALSE,FALSE,,
"TCONS_00098578","XLOC_018977","FAM174B",-0.115066666666667,0.852948303125314,0.0290264234143337,FALSE,,,,,TRUE,FALSE,FALSE,FALSE,FALSE,,
"TCONS_00098580","XLOC_018977","FAM174B",0.0364333333333333,0.846916029578023,0.0290264234143337,FALSE,,,,,TRUE,FALSE,FALSE,FALSE,FALSE,,
"TCONS_00098581","XLOC_018977","FAM174B",-0.0958333333333333,0.944205903887873,0.0290264234143337,FALSE,,,,,TRUE,FALSE,FALSE,FALSE,FALSE,,
"TCONS_00098585","XLOC_018977","FAM174B",0.0604666666666667,0.929276388765821,0.0290264234143337,FALSE,,,,,TRUE,FALSE,FALSE,FALSE,FALSE,,
"TCONS_00098589","XLOC_018977","FAM174B",-0.01,0.999779088939979,0.0290264234143337,FALSE,,,,,TRUE,FALSE,FALSE,FALSE,FALSE,,
"TCONS_00098590","XLOC_018977","FAM174B",-0.0203,0.794186277363737,0.0290264234143337,FALSE,,,,,TRUE,FALSE,FALSE,FALSE,FALSE,,
"TCONS_00098591","XLOC_018977","FAM174B",0.0567666666666667,0.766541326763208,0.0290264234143337,FALSE,,,,,TRUE,FALSE,FALSE,FALSE,FALSE,,
"TCONS_00098592","XLOC_018977","FAM174B",-0.0245666666666667,0.920377132979476,0.0290264234143337,FALSE,,,,,TRUE,FALSE,FALSE,FALSE,FALSE,,
"TCONS_00098593","XLOC_018977","FAM174B",0.1119,0.0290264234143337,0.0290264234143337,FALSE,,,,,TRUE,FALSE,FALSE,FALSE,FALSE,,
"TCONS_00098595","XLOC_018977","FAM174B",-0.0200666666666667,0.988224173725666,0.0290264234143337,FALSE,,,,,TRUE,FALSE,FALSE,FALSE,FALSE,,
"TCONS_00100806","XLOC_018977","FAM174B",0.0394666666666667,0.790421777021231,0.0290264234143337,FALSE,,,,,TRUE,FALSE,FALSE,FALSE,FALSE,,
"TCONS_00098974","XLOC_019071","TARS3",0.0489333333333333,0.891198887468253,0.0168788627937694,FALSE,,,,,TRUE,FALSE,FALSE,FALSE,FALSE,,
"TCONS_00098975","XLOC_019071","TARS3",-0.0629333333333333,0.71883473620365,0.0168788627937694,FALSE,,,,,TRUE,FALSE,FALSE,FALSE,FALSE,,
"TCONS_00098976","XLOC_019071","TARS3",-0.0363,0.605071058679472,0.0168788627937694,FALSE,,,,,TRUE,FALSE,FALSE,FALSE,FALSE,,
"TCONS_00098980","XLOC_019071","TARS3",0.1129,0.0168788627937694,0.0168788627937694,FALSE,,,,,TRUE,FALSE,FALSE,FALSE,FALSE,,
"TCONS_00100504","XLOC_019071","TARS3",-0.159366666666667,0.671925002040257,0.0168788627937694,FALSE,,,,,TRUE,FALSE,FALSE,FALSE,FALSE,,
"TCONS_00100505","XLOC_019071","TARS3",0.0711,0.796338896751971,0.0168788627937694,FALSE,,,,,TRUE,FALSE,FALSE,FALSE,FALSE,,
"TCONS_00102219","XLOC_019307","RMI2",0.1498,0.00195393041486901,6.6087504826829e-07,FALSE,0.314333333333333,0.11582742711326,1.16755400122941e-05,FALSE,TRUE,TRUE,FALSE,FALSE,TRUE,TRUE,0.164533333333333
"TCONS_00102222","XLOC_019307","RMI2",-0.149433333333333,6.6087504826829e-07,6.6087504826829e-07,FALSE,-0.353633333333333,1.16755400122941e-05,1.16755400122941e-05,TRUE,TRUE,TRUE,FALSE,TRUE,TRUE,TRUE,0.2042
"TCONS_00102977","XLOC_019483","LCMT1",-0.011,0.932111139151419,3.85325118686229e-05,FALSE,,,,,TRUE,FALSE,FALSE,FALSE,FALSE,,
"TCONS_00102978","XLOC_019483","LCMT1",0.0245333333333333,0.90071723750876,3.85325118686229e-05,FALSE,,,,,TRUE,FALSE,FALSE,FALSE,FALSE,,
"TCONS_00102980","XLOC_019483","LCMT1",0.0257666666666667,0.860892498378892,3.85325118686229e-05,FALSE,,,,,TRUE,FALSE,FALSE,FALSE,FALSE,,
"TCONS_00102985","XLOC_019483","LCMT1",-0.0208333333333333,0.920295963967731,3.85325118686229e-05,FALSE,,,,,TRUE,FALSE,FALSE,FALSE,FALSE,,
"TCONS_00112263","XLOC_019483","LCMT1",0.1396,0.0102771300275687,3.85325118686229e-05,FALSE,,,,,TRUE,FALSE,FALSE,FALSE,FALSE,,
"TCONS_00112264","XLOC_019483","LCMT1",0.0713333333333333,0.38731596834958,3.85325118686229e-05,FALSE,,,,,TRUE,FALSE,FALSE,FALSE,FALSE,,
"TCONS_00112607","XLOC_019483","LCMT1",-0.0211,0.857391672229042,3.85325118686229e-05,FALSE,,,,,TRUE,FALSE,FALSE,FALSE,FALSE,,
"TCONS_00112608","XLOC_019483","LCMT1",-0.0044,0.84662397209028,3.85325118686229e-05,FALSE,,,,,TRUE,FALSE,FALSE,FALSE,FALSE,,
"TCONS_00112926","XLOC_019483","LCMT1",-0.242266666666667,3.85325118686229e-05,3.85325118686229e-05,TRUE,,,,,TRUE,FALSE,TRUE,FALSE,FALSE,,
"TCONS_00113539","XLOC_019483","LCMT1",-0.00723333333333333,0.591722623409528,3.85325118686229e-05,FALSE,,,,,TRUE,FALSE,FALSE,FALSE,FALSE,,
"TCONS_00113540","XLOC_019483","LCMT1",0.0421333333333333,0.775915691687602,3.85325118686229e-05,FALSE,,,,,TRUE,FALSE,FALSE,FALSE,FALSE,,
"TCONS_00103480","XLOC_019561","CD2BP2-DT",0.272233333333333,0.0118986110759823,0.0118986110759823,TRUE,,,,,TRUE,FALSE,TRUE,FALSE,FALSE,,
"TCONS_00103481","XLOC_019561","CD2BP2-DT",-0.0232333333333333,0.879381143715699,0.0118986110759823,FALSE,,,,,TRUE,FALSE,FALSE,FALSE,FALSE,,
"TCONS_00103482","XLOC_019561","CD2BP2-DT",-0.0215666666666667,0.953692951898992,0.0118986110759823,FALSE,,,,,TRUE,FALSE,FALSE,FALSE,FALSE,,
"TCONS_00103483","XLOC_019561","CD2BP2-DT",-0.0221666666666667,0.969384570228867,0.0118986110759823,FALSE,,,,,TRUE,FALSE,FALSE,FALSE,FALSE,,
"TCONS_00103485","XLOC_019561","CD2BP2-DT",-0.1905,0.443884322151327,0.0118986110759823,FALSE,,,,,TRUE,FALSE,FALSE,FALSE,FALSE,,
"TCONS_00103600","XLOC_019586","FBXL19",0.0113,0.912177008396445,1.01285327794837e-24,FALSE,,,,,TRUE,FALSE,FALSE,FALSE,FALSE,,
"TCONS_00103601","XLOC_019586","FBXL19",0.0367333333333333,0.0448747060930532,1.01285327794837e-24,FALSE,,,,,TRUE,FALSE,FALSE,FALSE,FALSE,,
"TCONS_00103602","XLOC_019586","FBXL19",0.0381,0.413482056393836,1.01285327794837e-24,FALSE,,,,,TRUE,FALSE,FALSE,FALSE,FALSE,,
"TCONS_00103604","XLOC_019586","FBXL19",0.131033333333333,5.66659550304105e-12,1.01285327794837e-24,FALSE,,,,,TRUE,FALSE,FALSE,FALSE,FALSE,,
"TCONS_00103606","XLOC_019586","FBXL19",0.0114,0.912591221097695,1.01285327794837e-24,FALSE,,,,,TRUE,FALSE,FALSE,FALSE,FALSE,,
"TCONS_00103608","XLOC_019586","FBXL19",-0.0277,0.758985430482128,1.01285327794837e-24,FALSE,,,,,TRUE,FALSE,FALSE,FALSE,FALSE,,
"TCONS_00103609","XLOC_019586","FBXL19",-0.0574666666666667,0.290036266377518,1.01285327794837e-24,FALSE,,,,,TRUE,FALSE,FALSE,FALSE,FALSE,,
"TCONS_00103612","XLOC_019586","FBXL19",0.00376666666666667,0.954649432407613,1.01285327794837e-24,FALSE,,,,,TRUE,FALSE,FALSE,FALSE,FALSE,,
"TCONS_00112972","XLOC_019586","FBXL19",-0.1468,1.01285327794837e-24,1.01285327794837e-24,FALSE,,,,,TRUE,FALSE,FALSE,FALSE,FALSE,,
"TCONS_00107247","XLOC_020340","IFT140",0.0177,0.868036903858947,0.0219612549612979,FALSE,,,,,TRUE,FALSE,FALSE,FALSE,FALSE,,
"TCONS_00107248","XLOC_020340","IFT140",-0.101033333333333,0.434821504661635,0.0219612549612979,FALSE,,,,,TRUE,FALSE,FALSE,FALSE,FALSE,,
"TCONS_00107249","XLOC_020340","IFT140",-0.0115666666666667,0.882633947642885,0.0219612549612979,FALSE,,,,,TRUE,FALSE,FALSE,FALSE,FALSE,,
"TCONS_00107250","XLOC_020340","IFT140",-0.0521666666666667,0.714389528247119,0.0219612549612979,FALSE,,,,,TRUE,FALSE,FALSE,FALSE,FALSE,,
"TCONS_00107251","XLOC_020340","IFT140",-0.0148333333333333,0.979088619439022,0.0219612549612979,FALSE,,,,,TRUE,FALSE,FALSE,FALSE,FALSE,,
"TCONS_00107254","XLOC_020340","IFT140",0.138166666666667,0.0219612549612979,0.0219612549612979,FALSE,,,,,TRUE,FALSE,FALSE,FALSE,FALSE,,
"TCONS_00107255","XLOC_020340","IFT140",-0.000833333333333332,0.964743205277769,0.0219612549612979,FALSE,,,,,TRUE,FALSE,FALSE,FALSE,FALSE,,
"TCONS_00107259","XLOC_020340","IFT140",0.00896666666666667,0.882773465463981,0.0219612549612979,FALSE,,,,,TRUE,FALSE,FALSE,FALSE,FALSE,,
"TCONS_00113185","XLOC_020340","IFT140",0.0529,0.944249944531761,0.0219612549612979,FALSE,,,,,TRUE,FALSE,FALSE,FALSE,FALSE,,
"TCONS_00107462","XLOC_020371","ABCA3",-0.2761,8.6171084786464e-05,8.6171084786464e-05,TRUE,,,,,TRUE,FALSE,TRUE,FALSE,FALSE,,
"TCONS_00107463","XLOC_020371","ABCA3",0.137466666666667,0.460668712761875,8.6171084786464e-05,FALSE,,,,,TRUE,FALSE,FALSE,FALSE,FALSE,,
"TCONS_00107464","XLOC_020371","ABCA3",0.0237,0.897442303866666,8.6171084786464e-05,FALSE,,,,,TRUE,FALSE,FALSE,FALSE,FALSE,,
"TCONS_00107465","XLOC_020371","ABCA3",-0.000700000000000001,0.979667325009445,8.6171084786464e-05,FALSE,,,,,TRUE,FALSE,FALSE,FALSE,FALSE,,
"TCONS_00107466","XLOC_020371","ABCA3",0.0159333333333333,0.665234906665033,8.6171084786464e-05,FALSE,,,,,TRUE,FALSE,FALSE,FALSE,FALSE,,
"TCONS_00107467","XLOC_020371","ABCA3",0.0997333333333333,0.749364410773523,8.6171084786464e-05,FALSE,,,,,TRUE,FALSE,FALSE,FALSE,FALSE,,
"TCONS_00108576","XLOC_020623","GPRC5B",0.0246333333333333,0.938471352692761,0.00757166774707037,FALSE,,,,,TRUE,FALSE,FALSE,FALSE,FALSE,,
"TCONS_00108579","XLOC_020623","GPRC5B",-0.231066666666667,0.00757166774707037,0.00757166774707037,TRUE,,,,,TRUE,FALSE,TRUE,FALSE,FALSE,,
"TCONS_00108580","XLOC_020623","GPRC5B",0.1986,0.289334203285129,0.00757166774707037,FALSE,,,,,TRUE,FALSE,FALSE,FALSE,FALSE,,
"TCONS_00110971","XLOC_021196","COG4",0.00233333333333333,0.954189344545445,1.40372234989751e-09,FALSE,,,,,TRUE,FALSE,FALSE,FALSE,FALSE,,
"TCONS_00110973","XLOC_021196","COG4",-0.2253,1.40372234989751e-09,1.40372234989751e-09,TRUE,,,,,TRUE,FALSE,TRUE,FALSE,FALSE,,
"TCONS_00110974","XLOC_021196","COG4",0.0041,0.918369763135903,1.40372234989751e-09,FALSE,,,,,TRUE,FALSE,FALSE,FALSE,FALSE,,
"TCONS_00110980","XLOC_021196","COG4",0.109,0.0148082721521075,1.40372234989751e-09,FALSE,,,,,TRUE,FALSE,FALSE,FALSE,FALSE,,
"TCONS_00110981","XLOC_021196","COG4",-0.0117333333333333,0.762977871298974,1.40372234989751e-09,FALSE,,,,,TRUE,FALSE,FALSE,FALSE,FALSE,,
"TCONS_00112541","XLOC_021196","COG4",0.0689,0.664670223160572,1.40372234989751e-09,FALSE,,,,,TRUE,FALSE,FALSE,FALSE,FALSE,,
"TCONS_00112542","XLOC_021196","COG4",-0.000366666666666668,0.998195683678948,1.40372234989751e-09,FALSE,,,,,TRUE,FALSE,FALSE,FALSE,FALSE,,
"TCONS_00112543","XLOC_021196","COG4",-0.0149333333333333,0.854842808428737,1.40372234989751e-09,FALSE,,,,,TRUE,FALSE,FALSE,FALSE,FALSE,,
"TCONS_00112544","XLOC_021196","COG4",0.0435333333333333,0.303153555071702,1.40372234989751e-09,FALSE,,,,,TRUE,FALSE,FALSE,FALSE,FALSE,,
"TCONS_00112812","XLOC_021196","COG4",0.0467,0.926989057784938,1.40372234989751e-09,FALSE,,,,,TRUE,FALSE,FALSE,FALSE,FALSE,,
"TCONS_00113438","XLOC_021196","COG4",0.0109666666666667,0.841748265243762,1.40372234989751e-09,FALSE,,,,,TRUE,FALSE,FALSE,FALSE,FALSE,,
"TCONS_00113439","XLOC_021196","COG4",0.00543333333333333,0.970533763900174,1.40372234989751e-09,FALSE,,,,,TRUE,FALSE,FALSE,FALSE,FALSE,,
"TCONS_00113442","XLOC_021196","COG4",0.0117666666666667,0.457768679205098,1.40372234989751e-09,FALSE,,,,,TRUE,FALSE,FALSE,FALSE,FALSE,,
"TCONS_00113444","XLOC_021196","COG4",-0.0349333333333333,0.731811024405839,1.40372234989751e-09,FALSE,,,,,TRUE,FALSE,FALSE,FALSE,FALSE,,
"TCONS_00113976","XLOC_021481","PAFAH1B1",0.0228,0.84739081031618,1.50603623480461e-05,FALSE,,,,,TRUE,FALSE,FALSE,FALSE,FALSE,,
"TCONS_00113980","XLOC_021481","PAFAH1B1",-0.0112666666666667,0.787588118066048,1.50603623480461e-05,FALSE,,,,,TRUE,FALSE,FALSE,FALSE,FALSE,,
"TCONS_00113989","XLOC_021481","PAFAH1B1",-0.0170333333333333,0.723532273018522,1.50603623480461e-05,FALSE,,,,,TRUE,FALSE,FALSE,FALSE,FALSE,,
"TCONS_00113991","XLOC_021481","PAFAH1B1",-0.105266666666667,0.00044264503088049,1.50603623480461e-05,FALSE,,,,,TRUE,FALSE,FALSE,FALSE,FALSE,,
"TCONS_00129809","XLOC_021481","PAFAH1B1",0.1144,1.50603623480461e-05,1.50603623480461e-05,FALSE,,,,,TRUE,FALSE,FALSE,FALSE,FALSE,,
"TCONS_00114643","XLOC_021587","KDM6B",-0.193433333333333,0.0005770213616542,0.0005770213616542,TRUE,,,,,TRUE,FALSE,TRUE,FALSE,FALSE,,
"TCONS_00114646","XLOC_021587","KDM6B",-0.1058,0.188775478436939,0.0005770213616542,FALSE,,,,,TRUE,FALSE,FALSE,FALSE,FALSE,,
"TCONS_00114648","XLOC_021587","KDM6B",0.304066666666667,0.00249365855898393,0.0005770213616542,TRUE,,,,,TRUE,FALSE,TRUE,FALSE,FALSE,,
"TCONS_00116460","XLOC_022044","CCL4",-0.188,0.000806534437662317,0.000259368674282871,TRUE,,,,,TRUE,FALSE,TRUE,FALSE,FALSE,,
"TCONS_00116461","XLOC_022044","CCL4",0.00413333333333333,0.137583129757343,0.000259368674282871,FALSE,,,,,TRUE,FALSE,FALSE,FALSE,FALSE,,
"TCONS_00116477","XLOC_022044","CCL4",0.188466666666667,0.000259368674282871,0.000259368674282871,TRUE,,,,,TRUE,FALSE,TRUE,FALSE,FALSE,,
"TCONS_00116478","XLOC_022044","CCL4",-0.0032,0.91861833383522,0.000259368674282871,FALSE,,,,,TRUE,FALSE,FALSE,FALSE,FALSE,,
"TCONS_00116479","XLOC_022044","CCL4",-0.000499999999999999,0.911406362907086,0.000259368674282871,FALSE,,,,,TRUE,FALSE,FALSE,FALSE,FALSE,,
"TCONS_00116516","XLOC_022057","MRM1",0.1583,0.00071447160336557,0.00071447160336557,TRUE,,,,,TRUE,FALSE,TRUE,FALSE,FALSE,,
"TCONS_00116517","XLOC_022057","MRM1",-0.1583,0.0145907244296732,0.00071447160336557,TRUE,,,,,TRUE,FALSE,TRUE,FALSE,FALSE,,
"TCONS_00117032","XLOC_022181","MLX",-0.00106666666666667,0.995972156847337,2.77719817501062e-11,FALSE,,,,,TRUE,FALSE,FALSE,FALSE,FALSE,,
"TCONS_00117033","XLOC_022181","MLX",0.00103333333333334,0.991796872146177,2.77719817501062e-11,FALSE,,,,,TRUE,FALSE,FALSE,FALSE,FALSE,,
"TCONS_00117035","XLOC_022181","MLX",0.000200000000000001,0.960247675528179,2.77719817501062e-11,FALSE,,,,,TRUE,FALSE,FALSE,FALSE,FALSE,,
"TCONS_00117037","XLOC_022181","MLX",0.0566666666666666,0.539616439888432,2.77719817501062e-11,FALSE,,,,,TRUE,FALSE,FALSE,FALSE,FALSE,,
"TCONS_00117038","XLOC_022181","MLX",-0.00163333333333333,0.965197807650139,2.77719817501062e-11,FALSE,,,,,TRUE,FALSE,FALSE,FALSE,FALSE,,
"TCONS_00117039","XLOC_022181","MLX",-0.00463333333333333,0.821736451886636,2.77719817501062e-11,FALSE,,,,,TRUE,FALSE,FALSE,FALSE,FALSE,,
"TCONS_00127999","XLOC_022181","MLX",0.0021,0.997608571188131,2.77719817501062e-11,FALSE,,,,,TRUE,FALSE,FALSE,FALSE,FALSE,,
"TCONS_00128000","XLOC_022181","MLX",-0.1349,2.77719817501062e-11,2.77719817501062e-11,FALSE,,,,,TRUE,FALSE,FALSE,FALSE,FALSE,,
"TCONS_00128536","XLOC_022181","MLX",-0.0423333333333333,0.726317999260646,2.77719817501062e-11,FALSE,,,,,TRUE,FALSE,FALSE,FALSE,FALSE,,
"TCONS_00129053","XLOC_022181","MLX",-0.00273333333333333,0.985841900588127,2.77719817501062e-11,FALSE,,,,,TRUE,FALSE,FALSE,FALSE,FALSE,,
"TCONS_00129902","XLOC_022181","MLX",0.132833333333333,0.0460031954730279,2.77719817501062e-11,FALSE,,,,,TRUE,FALSE,FALSE,FALSE,FALSE,,
"TCONS_00118929","XLOC_022554","PITPNC1",0.0068,0.963193698479307,6.10171786526335e-05,FALSE,,,,,TRUE,FALSE,FALSE,FALSE,FALSE,,
"TCONS_00118930","XLOC_022554","PITPNC1",0.0182333333333334,0.890562365840184,6.10171786526335e-05,FALSE,,,,,TRUE,FALSE,FALSE,FALSE,FALSE,,
"TCONS_00128110","XLOC_022554","PITPNC1",0.2022,0.00218184946163966,6.10171786526335e-05,TRUE,,,,,TRUE,FALSE,TRUE,FALSE,FALSE,,
"TCONS_00128613","XLOC_022554","PITPNC1",-0.221233333333333,6.10171786526335e-05,6.10171786526335e-05,TRUE,,,,,TRUE,FALSE,TRUE,FALSE,FALSE,,
"TCONS_00119141","XLOC_022602","SSTR2",0.1424,1.34910219927584e-06,8.9679278236719e-11,FALSE,0.0969,0.0495068543382618,1.14226386408797e-06,FALSE,TRUE,TRUE,FALSE,FALSE,TRUE,TRUE,0.0455
"TCONS_00119143","XLOC_022602","SSTR2",0.0129,0.874885788995562,8.9679278236719e-11,FALSE,-0.1141,0.139768897848203,1.14226386408797e-06,FALSE,TRUE,TRUE,FALSE,FALSE,TRUE,FALSE,0.127
"TCONS_00119144","XLOC_022602","SSTR2",-0.0589333333333333,0.336682580644169,8.9679278236719e-11,FALSE,-0.022,0.886163984587018,1.14226386408797e-06,FALSE,TRUE,TRUE,FALSE,FALSE,TRUE,TRUE,0.0369333333333333
"TCONS_00119145","XLOC_022602","SSTR2",-0.0132666666666667,0.634664761205957,8.9679278236719e-11,FALSE,-0.00736666666666667,1,1.14226386408797e-06,FALSE,TRUE,TRUE,FALSE,FALSE,TRUE,TRUE,0.0059
"TCONS_00119146","XLOC_022602","SSTR2",0.0114666666666667,0.966219568348693,8.9679278236719e-11,FALSE,-0.0138,0.862468962886468,1.14226386408797e-06,FALSE,TRUE,TRUE,FALSE,FALSE,TRUE,FALSE,0.0252666666666667
"TCONS_00119149","XLOC_022602","SSTR2",-0.0177333333333333,0.8735946864745,8.9679278236719e-11,FALSE,,,,,TRUE,FALSE,FALSE,FALSE,FALSE,,
"TCONS_00128623","XLOC_022602","SSTR2",0.0847666666666667,8.9679278236719e-11,8.9679278236719e-11,FALSE,0.390866666666667,1.14226386408797e-06,1.14226386408797e-06,TRUE,TRUE,TRUE,FALSE,TRUE,TRUE,TRUE,0.3061
"TCONS_00129291","XLOC_022602","SSTR2",-0.0558,0.657928773882103,8.9679278236719e-11,FALSE,-0.1384,0.568647231125478,1.14226386408797e-06,FALSE,TRUE,TRUE,FALSE,FALSE,TRUE,TRUE,0.0826
"TCONS_00129991","XLOC_022602","SSTR2",-0.1074,0.310062413339768,8.9679278236719e-11,FALSE,-0.2185,0.000289545486922008,1.14226386408797e-06,TRUE,TRUE,TRUE,FALSE,TRUE,TRUE,TRUE,0.1111
"TCONS_00119546","XLOC_022665","SPHK1",0.0124666666666667,0.675883035440019,8.94135310322003e-09,FALSE,,,,,TRUE,FALSE,FALSE,FALSE,FALSE,,
"TCONS_00119548","XLOC_022665","SPHK1",-0.1628,2.54792656170243e-07,8.94135310322003e-09,TRUE,,,,,TRUE,FALSE,TRUE,FALSE,FALSE,,
"TCONS_00119550","XLOC_022665","SPHK1",-0.0234666666666667,0.203299089883112,8.94135310322003e-09,FALSE,,,,,TRUE,FALSE,FALSE,FALSE,FALSE,,
"TCONS_00119551","XLOC_022665","SPHK1",0.1766,8.94135310322003e-09,8.94135310322003e-09,TRUE,,,,,TRUE,FALSE,TRUE,FALSE,FALSE,,
"TCONS_00119552","XLOC_022665","SPHK1",-0.00256666666666667,0.924546079023568,8.94135310322003e-09,FALSE,,,,,TRUE,FALSE,FALSE,FALSE,FALSE,,
"TCONS_00122166","XLOC_023106","PLD6",0.2215,9.61433728944476e-11,9.61433728944476e-11,TRUE,,,,,TRUE,FALSE,TRUE,FALSE,FALSE,,
"TCONS_00122168","XLOC_023106","PLD6",-0.1782,7.48071116376465e-07,9.61433728944476e-11,TRUE,,,,,TRUE,FALSE,TRUE,FALSE,FALSE,,
"TCONS_00122170","XLOC_023106","PLD6",-0.0064,0.898171848278257,9.61433728944476e-11,FALSE,,,,,TRUE,FALSE,FALSE,FALSE,FALSE,,
"TCONS_00122171","XLOC_023106","PLD6",-0.00786666666666667,0.821376410913597,9.61433728944476e-11,FALSE,,,,,TRUE,FALSE,FALSE,FALSE,FALSE,,
"TCONS_00122172","XLOC_023106","PLD6",-0.0187666666666667,0.610855698953518,9.61433728944476e-11,FALSE,,,,,TRUE,FALSE,FALSE,FALSE,FALSE,,
"TCONS_00122173","XLOC_023106","PLD6",0.0021,0.983042485907102,9.61433728944476e-11,FALSE,,,,,TRUE,FALSE,FALSE,FALSE,FALSE,,
"TCONS_00122175","XLOC_023106","PLD6",-0.00116666666666667,0.989097605315332,9.61433728944476e-11,FALSE,,,,,TRUE,FALSE,FALSE,FALSE,FALSE,,
"TCONS_00123355","XLOC_023406","CCL3",-0.224166666666667,4.53665715980588e-19,4.53665715980588e-19,TRUE,,,,,TRUE,FALSE,TRUE,FALSE,FALSE,,
"TCONS_00123365","XLOC_023406","CCL3",0.234666666666667,4.53665715980588e-19,4.53665715980588e-19,TRUE,,,,,TRUE,FALSE,TRUE,FALSE,FALSE,,
"TCONS_00123483","XLOC_023439","NPEPPSP1",-0.162966666666667,0.981248723133379,0.0162171552426318,FALSE,,,,,TRUE,FALSE,FALSE,FALSE,FALSE,,
"TCONS_00123484","XLOC_023439","NPEPPSP1",-0.0284,0.906761243760886,0.0162171552426318,FALSE,,,,,TRUE,FALSE,FALSE,FALSE,FALSE,,
"TCONS_00123485","XLOC_023439","NPEPPSP1",0.170333333333333,0.663124980461229,0.0162171552426318,FALSE,,,,,TRUE,FALSE,FALSE,FALSE,FALSE,,
"TCONS_00123486","XLOC_023439","NPEPPSP1",-0.125766666666667,0.286050231823569,0.0162171552426318,FALSE,,,,,TRUE,FALSE,FALSE,FALSE,FALSE,,
"TCONS_00123487","XLOC_023439","NPEPPSP1",-0.0489,0.963045708421456,0.0162171552426318,FALSE,,,,,TRUE,FALSE,FALSE,FALSE,FALSE,,
"TCONS_00123488","XLOC_023439","NPEPPSP1",0.0217333333333333,0.928615352017259,0.0162171552426318,FALSE,,,,,TRUE,FALSE,FALSE,FALSE,FALSE,,
"TCONS_00123489","XLOC_023439","NPEPPSP1",0.034,0.631782758365694,0.0162171552426318,FALSE,,,,,TRUE,FALSE,FALSE,FALSE,FALSE,,
"TCONS_00123490","XLOC_023439","NPEPPSP1",0.1399,0.0162171552426318,0.0162171552426318,FALSE,,,,,TRUE,FALSE,FALSE,FALSE,FALSE,,
"TCONS_00124015","XLOC_023565","DHX58",-0.0143333333333333,0.992247824530523,3.57090033719572e-06,FALSE,-0.1014,0.564498152989861,0.00746415221242411,FALSE,TRUE,TRUE,FALSE,FALSE,TRUE,TRUE,0.0870666666666667
"TCONS_00124016","XLOC_023565","DHX58",-0.141566666666667,3.57090033719572e-06,3.57090033719572e-06,FALSE,-0.157566666666667,0.0438350138048478,0.00746415221242411,TRUE,TRUE,TRUE,FALSE,TRUE,TRUE,TRUE,0.016
"TCONS_00124017","XLOC_023565","DHX58",0.0396,0.355727425228739,3.57090033719572e-06,FALSE,-0.0387666666666667,0.591919049126724,0.00746415221242411,FALSE,TRUE,TRUE,FALSE,FALSE,TRUE,FALSE,0.0783666666666667
"TCONS_00124018","XLOC_023565","DHX58",0.00166666666666666,0.996567194811929,3.57090033719572e-06,FALSE,-0.0059,1,0.00746415221242411,FALSE,TRUE,TRUE,FALSE,FALSE,TRUE,FALSE,0.00756666666666667
"TCONS_00124020","XLOC_023565","DHX58",-0.0557333333333333,0.899971518734065,3.57090033719572e-06,FALSE,-0.00296666666666667,1,0.00746415221242411,FALSE,TRUE,TRUE,FALSE,FALSE,TRUE,TRUE,0.0527666666666667
"TCONS_00124022","XLOC_023565","DHX58",0.00176666666666667,0.888854333253817,3.57090033719572e-06,FALSE,0.0116666666666667,0.093870229664338,0.00746415221242411,FALSE,TRUE,TRUE,FALSE,FALSE,TRUE,TRUE,0.0099
"TCONS_00128746","XLOC_023565","DHX58",-0.0239333333333333,0.999960236939876,3.57090033719572e-06,FALSE,0.000800000000000002,1,0.00746415221242411,FALSE,TRUE,TRUE,FALSE,FALSE,TRUE,FALSE,0.0247333333333333
"TCONS_00128747","XLOC_023565","DHX58",0.0476,0.556112097854907,3.57090033719572e-06,FALSE,0.0237333333333333,0.00746415221242411,0.00746415221242411,FALSE,TRUE,TRUE,FALSE,FALSE,TRUE,TRUE,0.0238666666666667
"TCONS_00128748","XLOC_023565","DHX58",0.00503333333333333,0.841471493370342,3.57090033719572e-06,FALSE,0.0223666666666667,0.946121877544713,0.00746415221242411,FALSE,TRUE,TRUE,FALSE,FALSE,TRUE,TRUE,0.0173333333333333
"TCONS_00130119","XLOC_023565","DHX58",0.112033333333333,0.359516629122418,3.57090033719572e-06,FALSE,0.1606,0.125845038032729,0.00746415221242411,FALSE,TRUE,TRUE,FALSE,FALSE,TRUE,TRUE,0.0485666666666666
"TCONS_00130121","XLOC_023565","DHX58",0.00233333333333333,0.902943829479264,3.57090033719572e-06,FALSE,,,,,TRUE,FALSE,FALSE,FALSE,FALSE,,
"TCONS_00130122","XLOC_023565","DHX58",0.0106666666666667,0.516302312879647,3.57090033719572e-06,FALSE,,,,,TRUE,FALSE,FALSE,FALSE,FALSE,,
"TCONS_00130123","XLOC_023565","DHX58",-0.0174333333333333,0.822457089079578,3.57090033719572e-06,FALSE,0.0495666666666667,0.260596498706921,0.00746415221242411,FALSE,TRUE,TRUE,FALSE,FALSE,TRUE,FALSE,0.067
"TCONS_00130124","XLOC_023565","DHX58",0.0379333333333333,0.49651734972231,3.57090033719572e-06,FALSE,0.006,1,0.00746415221242411,FALSE,TRUE,TRUE,FALSE,FALSE,TRUE,TRUE,0.0319333333333333
"TCONS_00130125","XLOC_023565","DHX58",-0.00536666666666667,0.983064208899491,3.57090033719572e-06,FALSE,0.0486666666666667,0.653572788297923,0.00746415221242411,FALSE,TRUE,TRUE,FALSE,FALSE,TRUE,FALSE,0.0540333333333333
"TCONS_00125162","XLOC_023775","SAMD14",-0.0037,0.980281853324418,0.002689465200245,FALSE,,,,,TRUE,FALSE,FALSE,FALSE,FALSE,,
"TCONS_00125163","XLOC_023775","SAMD14",-0.224866666666667,0.002689465200245,0.002689465200245,TRUE,,,,,TRUE,FALSE,TRUE,FALSE,FALSE,,
"TCONS_00125164","XLOC_023775","SAMD14",0.168566666666667,0.240999575692033,0.002689465200245,FALSE,,,,,TRUE,FALSE,FALSE,FALSE,FALSE,,
"TCONS_00125165","XLOC_023775","SAMD14",0.0196333333333333,0.740709625314483,0.002689465200245,FALSE,,,,,TRUE,FALSE,FALSE,FALSE,FALSE,,
"TCONS_00125166","XLOC_023775","SAMD14",0.0144666666666667,0.986426242350228,0.002689465200245,FALSE,,,,,TRUE,FALSE,FALSE,FALSE,FALSE,,
"TCONS_00125167","XLOC_023775","SAMD14",0.0211666666666667,0.90486216818282,0.002689465200245,FALSE,,,,,TRUE,FALSE,FALSE,FALSE,FALSE,,
"TCONS_00125169","XLOC_023775","SAMD14",-0.0123666666666666,0.964944494114539,0.002689465200245,FALSE,,,,,TRUE,FALSE,FALSE,FALSE,FALSE,,
"TCONS_00125170","XLOC_023775","SAMD14",0.0109666666666667,0.952171990530313,0.002689465200245,FALSE,,,,,TRUE,FALSE,FALSE,FALSE,FALSE,,
"TCONS_00125171","XLOC_023775","SAMD14",0.00363333333333334,0.944937427891706,0.002689465200245,FALSE,,,,,TRUE,FALSE,FALSE,FALSE,FALSE,,
"TCONS_00125178","XLOC_023780","COL1A1",0.208866666666667,0.282749009374847,0.0402454052060735,FALSE,,,,,TRUE,FALSE,FALSE,FALSE,FALSE,,
"TCONS_00125179","XLOC_023780","COL1A1",0.0617333333333333,0.187015000652617,0.0402454052060735,FALSE,,,,,TRUE,FALSE,FALSE,FALSE,FALSE,,
"TCONS_00125183","XLOC_023780","COL1A1",-0.0227333333333333,0.892802678827089,0.0402454052060735,FALSE,,,,,TRUE,FALSE,FALSE,FALSE,FALSE,,
"TCONS_00125185","XLOC_023780","COL1A1",0.0594666666666667,0.955684018094841,0.0402454052060735,FALSE,,,,,TRUE,FALSE,FALSE,FALSE,FALSE,,
"TCONS_00125186","XLOC_023780","COL1A1",0.0042,0.982843483127697,0.0402454052060735,FALSE,,,,,TRUE,FALSE,FALSE,FALSE,FALSE,,
"TCONS_00125190","XLOC_023780","COL1A1",-0.317766666666667,0.0402454052060735,0.0402454052060735,TRUE,,,,,TRUE,FALSE,TRUE,FALSE,FALSE,,
"TCONS_00125467","XLOC_023855","SEPTIN4",-0.0233333333333333,0.713521410006494,0.0109440185498095,FALSE,,,,,TRUE,FALSE,FALSE,FALSE,FALSE,,
"TCONS_00125469","XLOC_023855","SEPTIN4",0.00953333333333333,0.835742520297319,0.0109440185498095,FALSE,0.0188333333333333,0.823619498079079,0.0308214392814863,FALSE,TRUE,TRUE,FALSE,FALSE,TRUE,TRUE,0.0093
"TCONS_00125480","XLOC_023855","SEPTIN4",0.0344333333333333,0.0820128473534065,0.0109440185498095,FALSE,-0.00686666666666667,1,0.0308214392814863,FALSE,TRUE,TRUE,FALSE,FALSE,TRUE,FALSE,0.0413
"TCONS_00125481","XLOC_023855","SEPTIN4",0.0212666666666667,0.841670672406436,0.0109440185498095,FALSE,0.00700000000000001,1,0.0308214392814863,FALSE,TRUE,TRUE,FALSE,FALSE,TRUE,TRUE,0.0142666666666667
"TCONS_00125483","XLOC_023855","SEPTIN4",-0.0160666666666667,0.995060745357697,0.0109440185498095,FALSE,-0.0199666666666667,1,0.0308214392814863,FALSE,TRUE,TRUE,FALSE,FALSE,TRUE,TRUE,0.0039
"TCONS_00125488","XLOC_023855","SEPTIN4",0.0988,0.892830401208192,0.0109440185498095,FALSE,,,,,TRUE,FALSE,FALSE,FALSE,FALSE,,
"TCONS_00125494","XLOC_023855","SEPTIN4",0.0103333333333333,0.852531718118573,0.0109440185498095,FALSE,0.0332666666666667,0.697627550989748,0.0308214392814863,FALSE,TRUE,TRUE,FALSE,FALSE,TRUE,TRUE,0.0229333333333333
"TCONS_00129655","XLOC_023855","SEPTIN4",-0.335,0.0109440185498095,0.0109440185498095,TRUE,0.2682,0.0308214392814863,0.0308214392814863,TRUE,TRUE,TRUE,TRUE,TRUE,TRUE,FALSE,0.6032
"TCONS_00130175","XLOC_023855","SEPTIN4",0.147366666666667,0.0835672416826419,0.0109440185498095,FALSE,-0.2019,0.536209113646583,0.0308214392814863,FALSE,TRUE,TRUE,FALSE,FALSE,TRUE,FALSE,0.349266666666667
"TCONS_00127131","XLOC_024127","USP36",-0.00286666666666667,0.976018028901334,0.0030746456507431,FALSE,,,,,TRUE,FALSE,FALSE,FALSE,FALSE,,
"TCONS_00127132","XLOC_024127","USP36",-0.0036,0.92635212697874,0.0030746456507431,FALSE,-0.0159333333333333,1,2.18470566140831e-08,FALSE,TRUE,TRUE,FALSE,FALSE,TRUE,TRUE,0.0123333333333333
"TCONS_00127136","XLOC_024127","USP36",-0.0784333333333333,0.597453855259986,0.0030746456507431,FALSE,-0.208233333333333,2.18470566140831e-08,2.18470566140831e-08,TRUE,TRUE,TRUE,FALSE,TRUE,TRUE,TRUE,0.1298
"TCONS_00127137","XLOC_024127","USP36",0.139166666666667,0.549338555308714,0.0030746456507431,FALSE,0.202266666666667,0.0617332290050853,2.18470566140831e-08,FALSE,TRUE,TRUE,FALSE,FALSE,TRUE,TRUE,0.0631
"TCONS_00127140","XLOC_024127","USP36",0.0286,0.390768776541776,0.0030746456507431,FALSE,0.0229333333333333,1,2.18470566140831e-08,FALSE,TRUE,TRUE,FALSE,FALSE,TRUE,TRUE,0.00566666666666666
"TCONS_00127147","XLOC_024127","USP36",-0.0048,0.929044972962107,0.0030746456507431,FALSE,,,,,TRUE,FALSE,FALSE,FALSE,FALSE,,
"TCONS_00128867","XLOC_024127","USP36",0.0162333333333333,0.618110496525348,0.0030746456507431,FALSE,-0.0896333333333333,0.160907779468614,2.18470566140831e-08,FALSE,TRUE,TRUE,FALSE,FALSE,TRUE,FALSE,0.105866666666667
"TCONS_00129783","XLOC_024127","USP36",0.0477666666666667,0.904041213964131,0.0030746456507431,FALSE,0.024,1,2.18470566140831e-08,FALSE,TRUE,TRUE,FALSE,FALSE,TRUE,TRUE,0.0237666666666667
"TCONS_00129784","XLOC_024127","USP36",-0.0255666666666667,0.890174975499473,0.0030746456507431,FALSE,-0.0603333333333333,0.00487085140125245,2.18470566140831e-08,FALSE,TRUE,TRUE,FALSE,FALSE,TRUE,TRUE,0.0347666666666667
"TCONS_00129785","XLOC_024127","USP36",0.0101,0.732971021648693,0.0030746456507431,FALSE,-0.0113333333333333,0.515095267790142,2.18470566140831e-08,FALSE,TRUE,TRUE,FALSE,FALSE,TRUE,FALSE,0.0214333333333333
"TCONS_00130241","XLOC_024127","USP36",-0.1274,0.0030746456507431,0.0030746456507431,FALSE,-0.0777666666666667,0.750608405995213,2.18470566140831e-08,FALSE,TRUE,TRUE,FALSE,FALSE,TRUE,TRUE,0.0496333333333333
"TCONS_00127220","XLOC_024136","CBX8",-0.3006,0.0456006807167818,0.0456006807167818,TRUE,,,,,TRUE,FALSE,TRUE,FALSE,FALSE,,
"TCONS_00127221","XLOC_024136","CBX8",0.2721,0.3489933824019,0.0456006807167818,FALSE,,,,,TRUE,FALSE,FALSE,FALSE,FALSE,,
"TCONS_00127222","XLOC_024136","CBX8",0.00346666666666667,0.886070477681685,0.0456006807167818,FALSE,,,,,TRUE,FALSE,FALSE,FALSE,FALSE,,
"TCONS_00127223","XLOC_024136","CBX8",0.025,0.956333081662863,0.0456006807167818,FALSE,,,,,TRUE,FALSE,FALSE,FALSE,FALSE,,
"TCONS_00127224","XLOC_024137","CBX4",-0.1167,0.000668023363018814,0.000668023363018814,FALSE,,,,,TRUE,FALSE,FALSE,FALSE,FALSE,,
"TCONS_00127226","XLOC_024137","CBX4",0.1167,0.0245536900505756,0.000668023363018814,FALSE,,,,,TRUE,FALSE,FALSE,FALSE,FALSE,,
"TCONS_00133354","XLOC_025088","ZNF521",0.1142,0.340586953705473,0.0119346454982865,FALSE,,,,,TRUE,FALSE,FALSE,FALSE,FALSE,,
"TCONS_00133355","XLOC_025088","ZNF521",-3.33333333333297e-05,0.995396251023657,0.0119346454982865,FALSE,,,,,TRUE,FALSE,FALSE,FALSE,FALSE,,
"TCONS_00133358","XLOC_025088","ZNF521",0.0965333333333333,0.226591525168136,0.0119346454982865,FALSE,,,,,TRUE,FALSE,FALSE,FALSE,FALSE,,
"TCONS_00133360","XLOC_025088","ZNF521",-0.00233333333333333,0.97489480558896,0.0119346454982865,FALSE,,,,,TRUE,FALSE,FALSE,FALSE,FALSE,,
"TCONS_00133361","XLOC_025088","ZNF521",-0.0688333333333333,0.0710750250063535,0.0119346454982865,FALSE,,,,,TRUE,FALSE,FALSE,FALSE,FALSE,,
"TCONS_00133365","XLOC_025088","ZNF521",0.00993333333333333,0.757411632823844,0.0119346454982865,FALSE,,,,,TRUE,FALSE,FALSE,FALSE,FALSE,,
"TCONS_00133368","XLOC_025088","ZNF521",0.0226,0.473077631689299,0.0119346454982865,FALSE,,,,,TRUE,FALSE,FALSE,FALSE,FALSE,,
"TCONS_00135359","XLOC_025088","ZNF521",-0.1685,0.0119346454982865,0.0119346454982865,TRUE,,,,,TRUE,FALSE,TRUE,FALSE,FALSE,,
"TCONS_00135360","XLOC_025088","ZNF521",-0.0185333333333333,0.815677013843446,0.0119346454982865,FALSE,,,,,TRUE,FALSE,FALSE,FALSE,FALSE,,
"TCONS_00135361","XLOC_025088","ZNF521",0.0168666666666667,0.758957454404336,0.0119346454982865,FALSE,,,,,TRUE,FALSE,FALSE,FALSE,FALSE,,
"TCONS_00135362","XLOC_025088","ZNF521",-9e-04,0.986253106294701,0.0119346454982865,FALSE,,,,,TRUE,FALSE,FALSE,FALSE,FALSE,,
"TCONS_00141514","XLOC_026522","SIGLEC9",-0.283966666666667,0.0142311959819847,0.0142311959819847,TRUE,,,,,TRUE,FALSE,TRUE,FALSE,FALSE,,
"TCONS_00141515","XLOC_026522","SIGLEC9",0.265066666666667,0.0472648866629833,0.0142311959819847,TRUE,,,,,TRUE,FALSE,TRUE,FALSE,FALSE,,
"TCONS_00149954","XLOC_026522","SIGLEC9",0.0228333333333333,0.633060017107988,0.0142311959819847,FALSE,,,,,TRUE,FALSE,FALSE,FALSE,FALSE,,
"TCONS_00149955","XLOC_026522","SIGLEC9",0.000399999999999998,0.980293411028633,0.0142311959819847,FALSE,,,,,TRUE,FALSE,FALSE,FALSE,FALSE,,
"TCONS_00141566","XLOC_026542","ZNF175",-0.226033333333333,5.27887914350289e-09,5.27887914350289e-09,TRUE,,,,,TRUE,FALSE,TRUE,FALSE,FALSE,,
"TCONS_00141567","XLOC_026542","ZNF175",0.0256666666666667,0.645552482188495,5.27887914350289e-09,FALSE,,,,,TRUE,FALSE,FALSE,FALSE,FALSE,,
"TCONS_00141568","XLOC_026542","ZNF175",0.155033333333333,0.000114475327520338,5.27887914350289e-09,TRUE,,,,,TRUE,FALSE,TRUE,FALSE,FALSE,,
"TCONS_00141570","XLOC_026542","ZNF175",0.0453333333333333,0.607966860317552,5.27887914350289e-09,FALSE,,,,,TRUE,FALSE,FALSE,FALSE,FALSE,,
"TCONS_00141719","XLOC_026582","ZNF845",0.101166666666667,0.0429063275886739,0.0429063275886739,FALSE,,,,,TRUE,FALSE,FALSE,FALSE,FALSE,,
"TCONS_00141720","XLOC_026582","ZNF845",-0.000266666666666637,0.999894199129116,0.0429063275886739,FALSE,,,,,TRUE,FALSE,FALSE,FALSE,FALSE,,
"TCONS_00150407","XLOC_026582","ZNF845",-0.100933333333333,0.649716915832065,0.0429063275886739,FALSE,,,,,TRUE,FALSE,FALSE,FALSE,FALSE,,
"TCONS_00143148","XLOC_026897","SMIM24",0.0339333333333333,0.929043381827117,0.0270187255529684,FALSE,,,,,TRUE,FALSE,FALSE,FALSE,FALSE,,
"TCONS_00143149","XLOC_026897","SMIM24",0.210633333333333,0.0270187255529684,0.0270187255529684,TRUE,,,,,TRUE,FALSE,TRUE,FALSE,FALSE,,
"TCONS_00143150","XLOC_026897","SMIM24",-0.2446,0.370670093411726,0.0270187255529684,FALSE,,,,,TRUE,FALSE,FALSE,FALSE,FALSE,,
"TCONS_00147322","XLOC_027650","XRCC1",-0.153733333333333,7.50463911843551e-14,7.50463911843551e-14,TRUE,,,,,TRUE,FALSE,TRUE,FALSE,FALSE,,
"TCONS_00147324","XLOC_027650","XRCC1",0.000900000000000001,0.980559640717325,7.50463911843551e-14,FALSE,,,,,TRUE,FALSE,FALSE,FALSE,FALSE,,
"TCONS_00147325","XLOC_027650","XRCC1",0.0013,0.988404390870783,7.50463911843551e-14,FALSE,,,,,TRUE,FALSE,FALSE,FALSE,FALSE,,
"TCONS_00147332","XLOC_027650","XRCC1",0.117733333333333,8.69638626770674e-07,7.50463911843551e-14,FALSE,,,,,TRUE,FALSE,FALSE,FALSE,FALSE,,
"TCONS_00150634","XLOC_027650","XRCC1",0.0387333333333333,0.0156131278117176,7.50463911843551e-14,FALSE,,,,,TRUE,FALSE,FALSE,FALSE,FALSE,,
"TCONS_00148408","XLOC_027837","SYT3",0.1424,0.723357066165267,0.00767618669121701,FALSE,,,,,TRUE,FALSE,FALSE,FALSE,FALSE,,
"TCONS_00148409","XLOC_027837","SYT3",-0.0350666666666667,0.886755330391589,0.00767618669121701,FALSE,,,,,TRUE,FALSE,FALSE,FALSE,FALSE,,
"TCONS_00148410","XLOC_027837","SYT3",-0.239066666666667,0.055895441162032,0.00767618669121701,FALSE,,,,,TRUE,FALSE,FALSE,FALSE,FALSE,,
"TCONS_00148411","XLOC_027837","SYT3",0.137033333333333,0.00767618669121701,0.00767618669121701,FALSE,,,,,TRUE,FALSE,FALSE,FALSE,FALSE,,
"TCONS_00151264","XLOC_028123","RSAD2",-0.0643,0.0198275582614713,4.87126006106021e-20,FALSE,,,,,TRUE,FALSE,FALSE,FALSE,FALSE,,
"TCONS_00151265","XLOC_028123","RSAD2",-0.187366666666667,9.34444957327187e-08,4.87126006106021e-20,TRUE,,,,,TRUE,FALSE,TRUE,FALSE,FALSE,,
"TCONS_00151268","XLOC_028123","RSAD2",0.3671,4.87126006106021e-20,4.87126006106021e-20,TRUE,0.205866666666667,1,1.81700188412341e-21,FALSE,TRUE,TRUE,TRUE,FALSE,TRUE,TRUE,0.161233333333333
"TCONS_00151269","XLOC_028123","RSAD2",0.00636666666666667,0.859243395537957,4.87126006106021e-20,FALSE,-0.0159666666666667,0.28052739182326,1.81700188412341e-21,FALSE,TRUE,TRUE,FALSE,FALSE,TRUE,FALSE,0.0223333333333333
"TCONS_00170340","XLOC_028123","RSAD2",-0.00303333333333333,0.944234235860968,4.87126006106021e-20,FALSE,-0.00706666666666667,1,1.81700188412341e-21,FALSE,TRUE,TRUE,FALSE,FALSE,TRUE,TRUE,0.00403333333333333
"TCONS_00170341","XLOC_028123","RSAD2",0.000666666666666666,0.987863590358437,4.87126006106021e-20,FALSE,-0.00736666666666667,0.389568741226985,1.81700188412341e-21,FALSE,TRUE,TRUE,FALSE,FALSE,TRUE,FALSE,0.00803333333333333
"TCONS_00170342","XLOC_028123","RSAD2",0.00676666666666667,0.601860964944626,4.87126006106021e-20,FALSE,,,,,TRUE,FALSE,FALSE,FALSE,FALSE,,
"TCONS_00170346","XLOC_028123","RSAD2",0.0643333333333333,9.22232493013547e-05,4.87126006106021e-20,FALSE,0.0224,0.669172518833146,1.81700188412341e-21,FALSE,TRUE,TRUE,FALSE,FALSE,TRUE,TRUE,0.0419333333333333
"TCONS_00170349","XLOC_028123","RSAD2",0.032,0.579576416092026,4.87126006106021e-20,FALSE,-0.163033333333333,1.81700188412341e-21,1.81700188412341e-21,TRUE,TRUE,TRUE,FALSE,TRUE,TRUE,FALSE,0.195033333333333
"TCONS_00170352","XLOC_028123","RSAD2",-0.214833333333333,0.00520381466656424,4.87126006106021e-20,TRUE,0.0305333333333333,0.859907905935023,1.81700188412341e-21,FALSE,TRUE,TRUE,TRUE,FALSE,TRUE,FALSE,0.245366666666667
"TCONS_00154112","XLOC_028772","VAMP5",0.1347,0.626972744920117,0.00100181231793119,FALSE,,,,,TRUE,FALSE,FALSE,FALSE,FALSE,,
"TCONS_00154113","XLOC_028772","VAMP5",0.00846666666666666,0.851695367287676,0.00100181231793119,FALSE,,,,,TRUE,FALSE,FALSE,FALSE,FALSE,,
"TCONS_00170492","XLOC_028772","VAMP5",0.0053,0.8289839377332,0.00100181231793119,FALSE,,,,,TRUE,FALSE,FALSE,FALSE,FALSE,,
"TCONS_00171531","XLOC_028772","VAMP5",-0.148433333333333,0.00100181231793119,0.00100181231793119,FALSE,,,,,TRUE,FALSE,FALSE,FALSE,FALSE,,
"TCONS_00156532","XLOC_029372","RIF1",0.100166666666667,0.534277679929129,0.00867340977595556,FALSE,,,,,TRUE,FALSE,FALSE,FALSE,FALSE,,
"TCONS_00156534","XLOC_029372","RIF1",-0.107866666666667,0.00867340977595556,0.00867340977595556,FALSE,,,,,TRUE,FALSE,FALSE,FALSE,FALSE,,
"TCONS_00156535","XLOC_029372","RIF1",0.0262666666666667,0.360664112735945,0.00867340977595556,FALSE,,,,,TRUE,FALSE,FALSE,FALSE,FALSE,,
"TCONS_00156537","XLOC_029372","RIF1",0.00853333333333333,0.748762775417001,0.00867340977595556,FALSE,,,,,TRUE,FALSE,FALSE,FALSE,FALSE,,
"TCONS_00156539","XLOC_029372","RIF1",0.0019,0.963093840986375,0.00867340977595556,FALSE,,,,,TRUE,FALSE,FALSE,FALSE,FALSE,,
"TCONS_00169603","XLOC_029372","RIF1",-0.0815666666666666,0.36601163412346,0.00867340977595556,FALSE,,,,,TRUE,FALSE,FALSE,FALSE,FALSE,,
"TCONS_00173040","XLOC_029372","RIF1",0.00203333333333335,0.991753371096657,0.00867340977595556,FALSE,,,,,TRUE,FALSE,FALSE,FALSE,FALSE,,
"TCONS_00173041","XLOC_029372","RIF1",-0.0026,0.973599156951346,0.00867340977595556,FALSE,,,,,TRUE,FALSE,FALSE,FALSE,FALSE,,
"TCONS_00173042","XLOC_029372","RIF1",0.0495666666666667,0.664670223160572,0.00867340977595556,FALSE,,,,,TRUE,FALSE,FALSE,FALSE,FALSE,,
"TCONS_00157683","XLOC_029618","PMS1",0.0422,0.535982449705861,7.16036971312021e-09,FALSE,,,,,TRUE,FALSE,FALSE,FALSE,FALSE,,
"TCONS_00157684","XLOC_029618","PMS1",-0.0231666666666667,0.922340627951217,7.16036971312021e-09,FALSE,,,,,TRUE,FALSE,FALSE,FALSE,FALSE,,
"TCONS_00157685","XLOC_029618","PMS1",-0.0257666666666667,0.807806236117713,7.16036971312021e-09,FALSE,,,,,TRUE,FALSE,FALSE,FALSE,FALSE,,
"TCONS_00157687","XLOC_029618","PMS1",-0.2823,0.00636464762075322,7.16036971312021e-09,TRUE,,,,,TRUE,FALSE,TRUE,FALSE,FALSE,,
"TCONS_00157688","XLOC_029618","PMS1",-0.0098,0.85322308358183,7.16036971312021e-09,FALSE,,,,,TRUE,FALSE,FALSE,FALSE,FALSE,,
"TCONS_00157689","XLOC_029618","PMS1",-0.0228,0.812997700205725,7.16036971312021e-09,FALSE,,,,,TRUE,FALSE,FALSE,FALSE,FALSE,,
"TCONS_00157690","XLOC_029618","PMS1",0.0214,0.923036894780641,7.16036971312021e-09,FALSE,,,,,TRUE,FALSE,FALSE,FALSE,FALSE,,
"TCONS_00157691","XLOC_029618","PMS1",-0.0201666666666667,0.629601879010813,7.16036971312021e-09,FALSE,,,,,TRUE,FALSE,FALSE,FALSE,FALSE,,
"TCONS_00157693","XLOC_029618","PMS1",0.0157333333333333,0.819763852130115,7.16036971312021e-09,FALSE,,,,,TRUE,FALSE,FALSE,FALSE,FALSE,,
"TCONS_00157694","XLOC_029618","PMS1",0.0701,0.915762689032191,7.16036971312021e-09,FALSE,,,,,TRUE,FALSE,FALSE,FALSE,FALSE,,
"TCONS_00157699","XLOC_029618","PMS1",-0.0325333333333333,0.797890194448653,7.16036971312021e-09,FALSE,,,,,TRUE,FALSE,FALSE,FALSE,FALSE,,
"TCONS_00157700","XLOC_029618","PMS1",0.00696666666666667,0.999779088939979,7.16036971312021e-09,FALSE,,,,,TRUE,FALSE,FALSE,FALSE,FALSE,,
"TCONS_00169695","XLOC_029618","PMS1",0.0278666666666667,0.93219777059063,7.16036971312021e-09,FALSE,,,,,TRUE,FALSE,FALSE,FALSE,FALSE,,
"TCONS_00170726","XLOC_029618","PMS1",0.236933333333333,7.16036971312021e-09,7.16036971312021e-09,TRUE,,,,,TRUE,FALSE,TRUE,FALSE,FALSE,,
"TCONS_00159780","XLOC_030036","AGAP1",-0.0297666666666667,0.823385185811479,5.32894784054264e-13,FALSE,,,,,TRUE,FALSE,FALSE,FALSE,FALSE,,
"TCONS_00159782","XLOC_030036","AGAP1",0.0280666666666667,0.610417917053119,5.32894784054264e-13,FALSE,,,,,TRUE,FALSE,FALSE,FALSE,FALSE,,
"TCONS_00159783","XLOC_030036","AGAP1",0.179833333333333,0.0761933677742595,5.32894784054264e-13,FALSE,,,,,TRUE,FALSE,FALSE,FALSE,FALSE,,
"TCONS_00159789","XLOC_030036","AGAP1",-0.208766666666667,5.32894784054264e-13,5.32894784054264e-13,TRUE,,,,,TRUE,FALSE,TRUE,FALSE,FALSE,,
"TCONS_00159790","XLOC_030036","AGAP1",-0.0277,0.955039946782631,5.32894784054264e-13,FALSE,,,,,TRUE,FALSE,FALSE,FALSE,FALSE,,
"TCONS_00159795","XLOC_030036","AGAP1",0.0237333333333333,0.783391885707486,5.32894784054264e-13,FALSE,,,,,TRUE,FALSE,FALSE,FALSE,FALSE,,
"TCONS_00170866","XLOC_030036","AGAP1",-0.0087,0.937873671527811,5.32894784054264e-13,FALSE,,,,,TRUE,FALSE,FALSE,FALSE,FALSE,,
"TCONS_00173247","XLOC_030036","AGAP1",0.0166,0.822289177816404,5.32894784054264e-13,FALSE,,,,,TRUE,FALSE,FALSE,FALSE,FALSE,,
"TCONS_00160497","XLOC_030152","RNASEH1",-0.1878,2.79212967498754e-11,7.15477962987595e-18,TRUE,,,,,TRUE,FALSE,TRUE,FALSE,FALSE,,
"TCONS_00160499","XLOC_030152","RNASEH1",-0.0149666666666667,0.43934043945545,7.15477962987595e-18,FALSE,,,,,TRUE,FALSE,FALSE,FALSE,FALSE,,
"TCONS_00160501","XLOC_030152","RNASEH1",0.0147666666666667,0.820375108175645,7.15477962987595e-18,FALSE,,,,,TRUE,FALSE,FALSE,FALSE,FALSE,,
"TCONS_00160502","XLOC_030152","RNASEH1",0.0118333333333333,0.786697907068206,7.15477962987595e-18,FALSE,,,,,TRUE,FALSE,FALSE,FALSE,FALSE,,
"TCONS_00160504","XLOC_030152","RNASEH1",0.187633333333333,7.15477962987595e-18,7.15477962987595e-18,TRUE,,,,,TRUE,FALSE,TRUE,FALSE,FALSE,,
"TCONS_00160505","XLOC_030152","RNASEH1",0.008,0.770113451695823,7.15477962987595e-18,FALSE,,,,,TRUE,FALSE,FALSE,FALSE,FALSE,,
"TCONS_00160506","XLOC_030152","RNASEH1",0.0141333333333333,0.389411293732131,7.15477962987595e-18,FALSE,,,,,TRUE,FALSE,FALSE,FALSE,FALSE,,
"TCONS_00172109","XLOC_030152","RNASEH1",-0.0110666666666667,0.730465008537854,7.15477962987595e-18,FALSE,,,,,TRUE,FALSE,FALSE,FALSE,FALSE,,
"TCONS_00173270","XLOC_030152","RNASEH1",-0.00473333333333333,0.893116890783793,7.15477962987595e-18,FALSE,,,,,TRUE,FALSE,FALSE,FALSE,FALSE,,
"TCONS_00161472","XLOC_030370","RBKS",-0.428233333333333,5.90953296954839e-09,1.75102797653348e-12,TRUE,,,,,TRUE,FALSE,TRUE,FALSE,FALSE,,
"TCONS_00161473","XLOC_030370","RBKS",-0.0179666666666667,0.403625292121294,1.75102797653348e-12,FALSE,,,,,TRUE,FALSE,FALSE,FALSE,FALSE,,
"TCONS_00161474","XLOC_030370","RBKS",0.00136666666666667,0.939662199032637,1.75102797653348e-12,FALSE,,,,,TRUE,FALSE,FALSE,FALSE,FALSE,,
"TCONS_00161475","XLOC_030370","RBKS",0.4654,1.75102797653348e-12,1.75102797653348e-12,TRUE,,,,,TRUE,FALSE,TRUE,FALSE,FALSE,,
"TCONS_00172223","XLOC_030370","RBKS",-0.0206,0.462607016015818,1.75102797653348e-12,FALSE,,,,,TRUE,FALSE,FALSE,FALSE,FALSE,,
"TCONS_00162917","XLOC_030657","LINC02245",-0.0480333333333333,0.648081111596625,0.0303369986916599,FALSE,,,,,TRUE,FALSE,FALSE,FALSE,FALSE,,
"TCONS_00162918","XLOC_030657","LINC02245",-0.0743333333333333,0.49291451312326,0.0303369986916599,FALSE,,,,,TRUE,FALSE,FALSE,FALSE,FALSE,,
"TCONS_00171008","XLOC_030657","LINC02245",-0.104866666666667,0.518602247975073,0.0303369986916599,FALSE,,,,,TRUE,FALSE,FALSE,FALSE,FALSE,,
"TCONS_00173405","XLOC_030657","LINC02245",0.197366666666667,0.0303369986916599,0.0303369986916599,TRUE,,,,,TRUE,FALSE,TRUE,FALSE,FALSE,,
"TCONS_00173406","XLOC_030657","LINC02245",0.0120666666666667,0.911343292693151,0.0303369986916599,FALSE,,,,,TRUE,FALSE,FALSE,FALSE,FALSE,,
"TCONS_00164504","XLOC_031020","MGAT4A",-0.0223,0.962614800883166,1.09404758217515e-17,FALSE,,,,,TRUE,FALSE,FALSE,FALSE,FALSE,,
"TCONS_00164505","XLOC_031020","MGAT4A",-0.140866666666667,1.09404758217515e-17,1.09404758217515e-17,FALSE,,,,,TRUE,FALSE,FALSE,FALSE,FALSE,,
"TCONS_00164511","XLOC_031020","MGAT4A",-0.000666666666666666,0.918329077972396,1.09404758217515e-17,FALSE,,,,,TRUE,FALSE,FALSE,FALSE,FALSE,,
"TCONS_00171061","XLOC_031020","MGAT4A",0.0891333333333333,0.375520762513672,1.09404758217515e-17,FALSE,,,,,TRUE,FALSE,FALSE,FALSE,FALSE,,
"TCONS_00172468","XLOC_031020","MGAT4A",0.104966666666667,0.079960163286579,1.09404758217515e-17,FALSE,,,,,TRUE,FALSE,FALSE,FALSE,FALSE,,
"TCONS_00172469","XLOC_031020","MGAT4A",-0.0495,2.0073542751158e-06,1.09404758217515e-17,FALSE,,,,,TRUE,FALSE,FALSE,FALSE,FALSE,,
"TCONS_00165139","XLOC_031160","SLC35F5",-0.00873333333333333,0.998424623971146,0.000265051289180245,FALSE,,,,,TRUE,FALSE,FALSE,FALSE,FALSE,,
"TCONS_00165140","XLOC_031160","SLC35F5",-0.1228,0.0201717091525428,0.000265051289180245,FALSE,,,,,TRUE,FALSE,FALSE,FALSE,FALSE,,
"TCONS_00165141","XLOC_031160","SLC35F5",0.0028,0.965015844322647,0.000265051289180245,FALSE,,,,,TRUE,FALSE,FALSE,FALSE,FALSE,,
"TCONS_00165142","XLOC_031160","SLC35F5",-0.00173333333333333,0.992979615600435,0.000265051289180245,FALSE,,,,,TRUE,FALSE,FALSE,FALSE,FALSE,,
"TCONS_00165143","XLOC_031160","SLC35F5",-0.0212,0.432735463805974,0.000265051289180245,FALSE,,,,,TRUE,FALSE,FALSE,FALSE,FALSE,,
"TCONS_00165145","XLOC_031160","SLC35F5",-0.00593333333333333,0.853803575081803,0.000265051289180245,FALSE,,,,,TRUE,FALSE,FALSE,FALSE,FALSE,,
"TCONS_00165146","XLOC_031160","SLC35F5",-0.000533333333333334,0.991054949347628,0.000265051289180245,FALSE,,,,,TRUE,FALSE,FALSE,FALSE,FALSE,,
"TCONS_00165150","XLOC_031160","SLC35F5",0.0534333333333333,0.190611392527205,0.000265051289180245,FALSE,,,,,TRUE,FALSE,FALSE,FALSE,FALSE,,
"TCONS_00170119","XLOC_031160","SLC35F5",-0.0248,0.894396247692688,0.000265051289180245,FALSE,,,,,TRUE,FALSE,FALSE,FALSE,FALSE,,
"TCONS_00170120","XLOC_031160","SLC35F5",0.121766666666667,0.000265051289180245,0.000265051289180245,FALSE,,,,,TRUE,FALSE,FALSE,FALSE,FALSE,,
"TCONS_00170121","XLOC_031160","SLC35F5",-0.0279,0.455861097068202,0.000265051289180245,FALSE,,,,,TRUE,FALSE,FALSE,FALSE,FALSE,,
"TCONS_00170122","XLOC_031160","SLC35F5",0.0567333333333333,0.289181216766752,0.000265051289180245,FALSE,,,,,TRUE,FALSE,FALSE,FALSE,FALSE,,
"TCONS_00171094","XLOC_031160","SLC35F5",-0.100633333333333,0.671925002040257,0.000265051289180245,FALSE,,,,,TRUE,FALSE,FALSE,FALSE,FALSE,,
"TCONS_00171095","XLOC_031160","SLC35F5",0.0518666666666667,0.271307634687006,0.000265051289180245,FALSE,,,,,TRUE,FALSE,FALSE,FALSE,FALSE,,
"TCONS_00171097","XLOC_031160","SLC35F5",0.0127,0.811512490452881,0.000265051289180245,FALSE,,,,,TRUE,FALSE,FALSE,FALSE,FALSE,,
"TCONS_00167032","XLOC_031641","NCKAP1",-0.0282666666666667,0.89788237458841,1.58392013475298e-05,FALSE,,,,,TRUE,FALSE,FALSE,FALSE,FALSE,,
"TCONS_00170194","XLOC_031641","NCKAP1",0.0937666666666667,0.699594253080535,1.58392013475298e-05,FALSE,,,,,TRUE,FALSE,FALSE,FALSE,FALSE,,
"TCONS_00170195","XLOC_031641","NCKAP1",0.172566666666667,0.334765356549338,1.58392013475298e-05,FALSE,,,,,TRUE,FALSE,FALSE,FALSE,FALSE,,
"TCONS_00171164","XLOC_031641","NCKAP1",-0.1072,0.468466160357014,1.58392013475298e-05,FALSE,,,,,TRUE,FALSE,FALSE,FALSE,FALSE,,
"TCONS_00172648","XLOC_031641","NCKAP1",0.0404333333333333,0.849323885695335,1.58392013475298e-05,FALSE,,,,,TRUE,FALSE,FALSE,FALSE,FALSE,,
"TCONS_00172649","XLOC_031641","NCKAP1",-0.0415333333333333,0.950457764631014,1.58392013475298e-05,FALSE,,,,,TRUE,FALSE,FALSE,FALSE,FALSE,,
"TCONS_00172650","XLOC_031641","NCKAP1",-0.127133333333333,1.58392013475298e-05,1.58392013475298e-05,FALSE,,,,,TRUE,FALSE,FALSE,FALSE,FALSE,,
"TCONS_00167197","XLOC_031693","STAT1",-0.115166666666667,2.33089662049333e-06,4.13875016021045e-82,FALSE,,,,,TRUE,FALSE,FALSE,FALSE,FALSE,,
"TCONS_00167207","XLOC_031693","STAT1",0.0112,0.0945900212867978,4.13875016021045e-82,FALSE,,,,,TRUE,FALSE,FALSE,FALSE,FALSE,,
"TCONS_00167210","XLOC_031693","STAT1",-0.0038,0.933870631787959,4.13875016021045e-82,FALSE,,,,,TRUE,FALSE,FALSE,FALSE,FALSE,,
"TCONS_00167213","XLOC_031693","STAT1",0.132133333333333,4.13875016021045e-82,4.13875016021045e-82,FALSE,,,,,TRUE,FALSE,FALSE,FALSE,FALSE,,
"TCONS_00170208","XLOC_031693","STAT1",-0.0375333333333333,0.885817366495968,4.13875016021045e-82,FALSE,,,,,TRUE,FALSE,FALSE,FALSE,FALSE,,
"TCONS_00170210","XLOC_031693","STAT1",0.0130666666666667,0.831498300229507,4.13875016021045e-82,FALSE,,,,,TRUE,FALSE,FALSE,FALSE,FALSE,,
"TCONS_00170212","XLOC_031693","STAT1",-0.00123333333333334,0.996942875891485,4.13875016021045e-82,FALSE,,,,,TRUE,FALSE,FALSE,FALSE,FALSE,,
"TCONS_00171173","XLOC_031693","STAT1",0.0344,0.807992543565981,4.13875016021045e-82,FALSE,,,,,TRUE,FALSE,FALSE,FALSE,FALSE,,
"TCONS_00171176","XLOC_031693","STAT1",-0.0287,0.987686901861734,4.13875016021045e-82,FALSE,,,,,TRUE,FALSE,FALSE,FALSE,FALSE,,
"TCONS_00171180","XLOC_031693","STAT1",0.000666666666666666,0.459234507503382,4.13875016021045e-82,FALSE,,,,,TRUE,FALSE,FALSE,FALSE,FALSE,,
"TCONS_00171184","XLOC_031693","STAT1",-0.0299666666666667,0.498464274593704,4.13875016021045e-82,FALSE,,,,,TRUE,FALSE,FALSE,FALSE,FALSE,,
"TCONS_00173550","XLOC_031693","STAT1",-0.00566666666666667,0.999965743345945,4.13875016021045e-82,FALSE,,,,,TRUE,FALSE,FALSE,FALSE,FALSE,,
"TCONS_00168021","XLOC_031873","MREG",0.1482,0.000229496521754235,3.57357528346254e-13,FALSE,,,,,TRUE,FALSE,FALSE,FALSE,FALSE,,
"TCONS_00168022","XLOC_031873","MREG",0.191066666666667,0.00211272959187691,3.57357528346254e-13,TRUE,,,,,TRUE,FALSE,TRUE,FALSE,FALSE,,
"TCONS_00168027","XLOC_031873","MREG",-0.318433333333333,3.57357528346254e-13,3.57357528346254e-13,TRUE,,,,,TRUE,FALSE,TRUE,FALSE,FALSE,,
"TCONS_00168028","XLOC_031873","MREG",-0.120566666666667,0.374796607566341,3.57357528346254e-13,FALSE,,,,,TRUE,FALSE,FALSE,FALSE,FALSE,,
"TCONS_00168031","XLOC_031873","MREG",-0.0142,0.979841121262085,3.57357528346254e-13,FALSE,,,,,TRUE,FALSE,FALSE,FALSE,FALSE,,
"TCONS_00173588","XLOC_031873","MREG",0.120133333333333,0.322979588442996,3.57357528346254e-13,FALSE,,,,,TRUE,FALSE,FALSE,FALSE,FALSE,,
"TCONS_00173813","XLOC_032186","ATRN",-0.207866666666667,0.000725105934843175,0.000725105934843175,TRUE,,,,,TRUE,FALSE,TRUE,FALSE,FALSE,,
"TCONS_00173814","XLOC_032186","ATRN",0.161233333333333,0.0395543531254329,0.000725105934843175,TRUE,,,,,TRUE,FALSE,TRUE,FALSE,FALSE,,
"TCONS_00180000","XLOC_032186","ATRN",0.0466666666666667,0.413646866961443,0.000725105934843175,FALSE,,,,,TRUE,FALSE,FALSE,FALSE,FALSE,,
"TCONS_00175435","XLOC_032569","SYS1",-0.0244333333333333,0.370572174330753,0.0164921586111479,FALSE,,,,,TRUE,FALSE,FALSE,FALSE,FALSE,,
"TCONS_00175437","XLOC_032569","SYS1",0.0092,0.754775100052844,0.0164921586111479,FALSE,,,,,TRUE,FALSE,FALSE,FALSE,FALSE,,
"TCONS_00175439","XLOC_032569","SYS1",0.2447,0.0164921586111479,0.0164921586111479,TRUE,,,,,TRUE,FALSE,TRUE,FALSE,FALSE,,
"TCONS_00175443","XLOC_032569","SYS1",-0.0447,0.589881683077067,0.0164921586111479,FALSE,,,,,TRUE,FALSE,FALSE,FALSE,FALSE,,
"TCONS_00175447","XLOC_032569","SYS1",-0.0195,0.748970069505226,0.0164921586111479,FALSE,,,,,TRUE,FALSE,FALSE,FALSE,FALSE,,
"TCONS_00175451","XLOC_032569","SYS1",-0.0112,0.732971021648693,0.0164921586111479,FALSE,,,,,TRUE,FALSE,FALSE,FALSE,FALSE,,
"TCONS_00175452","XLOC_032569","SYS1",-0.1302,0.054920398472299,0.0164921586111479,FALSE,,,,,TRUE,FALSE,FALSE,FALSE,FALSE,,
"TCONS_00179555","XLOC_032569","SYS1",0.00933333333333333,0.977909070228344,0.0164921586111479,FALSE,,,,,TRUE,FALSE,FALSE,FALSE,FALSE,,
"TCONS_00175682","XLOC_032601","NCOA3",0.114933333333333,0.0047359452281326,0.0047359452281326,FALSE,,,,,TRUE,FALSE,FALSE,FALSE,FALSE,,
"TCONS_00175683","XLOC_032601","NCOA3",0.00699999999999998,0.964944494114539,0.0047359452281326,FALSE,,,,,TRUE,FALSE,FALSE,FALSE,FALSE,,
"TCONS_00175684","XLOC_032601","NCOA3",0.00256666666666667,0.968401285661488,0.0047359452281326,FALSE,,,,,TRUE,FALSE,FALSE,FALSE,FALSE,,
"TCONS_00175686","XLOC_032601","NCOA3",-0.0229666666666667,0.449821262759257,0.0047359452281326,FALSE,,,,,TRUE,FALSE,FALSE,FALSE,FALSE,,
"TCONS_00179569","XLOC_032601","NCOA3",-0.122066666666667,0.369432873048267,0.0047359452281326,FALSE,,,,,TRUE,FALSE,FALSE,FALSE,FALSE,,
"TCONS_00179844","XLOC_032601","NCOA3",0.00693333333333333,0.9825207121351,0.0047359452281326,FALSE,,,,,TRUE,FALSE,FALSE,FALSE,FALSE,,
"TCONS_00176220","XLOC_032733","LINC02910",-0.1225,0.000563283942716135,0.000563283942716135,FALSE,,,,,TRUE,FALSE,FALSE,FALSE,FALSE,,
"TCONS_00176221","XLOC_032733","LINC02910",-0.178666666666667,0.332139156467195,0.000563283942716135,FALSE,,,,,TRUE,FALSE,FALSE,FALSE,FALSE,,
"TCONS_00176222","XLOC_032733","LINC02910",0.176166666666667,0.267854690453275,0.000563283942716135,FALSE,,,,,TRUE,FALSE,FALSE,FALSE,FALSE,,
"TCONS_00176223","XLOC_032733","LINC02910",0.0083,0.96288836806089,0.000563283942716135,FALSE,,,,,TRUE,FALSE,FALSE,FALSE,FALSE,,
"TCONS_00176224","XLOC_032733","LINC02910",0.015,0.989880353006612,0.000563283942716135,FALSE,,,,,TRUE,FALSE,FALSE,FALSE,FALSE,,
"TCONS_00176225","XLOC_032733","LINC02910",0.0298333333333333,0.903363978287209,0.000563283942716135,FALSE,,,,,TRUE,FALSE,FALSE,FALSE,FALSE,,
"TCONS_00176226","XLOC_032733","LINC02910",0.079,0.785502963419257,0.000563283942716135,FALSE,,,,,TRUE,FALSE,FALSE,FALSE,FALSE,,
"TCONS_00180216","XLOC_032733","LINC02910",-0.00703333333333334,0.980559640717325,0.000563283942716135,FALSE,,,,,TRUE,FALSE,FALSE,FALSE,FALSE,,
"TCONS_00177814","XLOC_033118","BCL2L1",0.1178,0.040370853781941,3.63496859506837e-07,FALSE,,,,,TRUE,FALSE,FALSE,FALSE,FALSE,,
"TCONS_00177815","XLOC_033118","BCL2L1",-0.0031,0.922028202649304,3.63496859506837e-07,FALSE,,,,,TRUE,FALSE,FALSE,FALSE,FALSE,,
"TCONS_00177816","XLOC_033118","BCL2L1",0.0744,0.00310625581023483,3.63496859506837e-07,FALSE,,,,,TRUE,FALSE,FALSE,FALSE,FALSE,,
"TCONS_00177817","XLOC_033118","BCL2L1",0.116233333333333,0.736623805807066,3.63496859506837e-07,FALSE,,,,,TRUE,FALSE,FALSE,FALSE,FALSE,,
"TCONS_00177818","XLOC_033118","BCL2L1",0.0137333333333333,0.299575059096084,3.63496859506837e-07,FALSE,,,,,TRUE,FALSE,FALSE,FALSE,FALSE,,
"TCONS_00177819","XLOC_033118","BCL2L1",-0.00516666666666667,0.860892498378892,3.63496859506837e-07,FALSE,,,,,TRUE,FALSE,FALSE,FALSE,FALSE,,
"TCONS_00177821","XLOC_033118","BCL2L1",-0.0473,2.2479429582002e-05,3.63496859506837e-07,FALSE,,,,,TRUE,FALSE,FALSE,FALSE,FALSE,,
"TCONS_00177822","XLOC_033118","BCL2L1",-0.0532,3.63496859506837e-07,3.63496859506837e-07,FALSE,,,,,TRUE,FALSE,FALSE,FALSE,FALSE,,
"TCONS_00177823","XLOC_033118","BCL2L1",-0.0353,0.0433615191640385,3.63496859506837e-07,FALSE,,,,,TRUE,FALSE,FALSE,FALSE,FALSE,,
"TCONS_00177824","XLOC_033118","BCL2L1",-0.132366666666667,9.36426096091626e-07,3.63496859506837e-07,FALSE,,,,,TRUE,FALSE,FALSE,FALSE,FALSE,,
"TCONS_00177826","XLOC_033118","BCL2L1",-0.0510666666666667,0.660060231121636,3.63496859506837e-07,FALSE,,,,,TRUE,FALSE,FALSE,FALSE,FALSE,,
"TCONS_00180564","XLOC_033118","BCL2L1",0.00626666666666667,0.833632809427996,3.63496859506837e-07,FALSE,,,,,TRUE,FALSE,FALSE,FALSE,FALSE,,
"TCONS_00178453","XLOC_033239","ZHX3",-0.0100666666666667,0.987327989734497,0.0330509816822713,FALSE,,,,,TRUE,FALSE,FALSE,FALSE,FALSE,,
"TCONS_00178454","XLOC_033239","ZHX3",-0.106866666666667,0.634065088921059,0.0330509816822713,FALSE,,,,,TRUE,FALSE,FALSE,FALSE,FALSE,,
"TCONS_00178455","XLOC_033239","ZHX3",-0.0859,0.888854333253817,0.0330509816822713,FALSE,,,,,TRUE,FALSE,FALSE,FALSE,FALSE,,
"TCONS_00178457","XLOC_033239","ZHX3",0.0335666666666667,0.781206715629766,0.0330509816822713,FALSE,,,,,TRUE,FALSE,FALSE,FALSE,FALSE,,
"TCONS_00178458","XLOC_033239","ZHX3",0.0239333333333333,0.891698636968207,0.0330509816822713,FALSE,,,,,TRUE,FALSE,FALSE,FALSE,FALSE,,
"TCONS_00178459","XLOC_033239","ZHX3",-0.0336666666666667,0.997788721103375,0.0330509816822713,FALSE,,,,,TRUE,FALSE,FALSE,FALSE,FALSE,,
"TCONS_00178462","XLOC_033239","ZHX3",0.177066666666667,0.0330509816822713,0.0330509816822713,TRUE,,,,,TRUE,FALSE,TRUE,FALSE,FALSE,,
"TCONS_00178464","XLOC_033239","ZHX3",-0.0025,0.990530553139362,0.0330509816822713,FALSE,,,,,TRUE,FALSE,FALSE,FALSE,FALSE,,
"TCONS_00178466","XLOC_033239","ZHX3",0.0221666666666667,0.853703789313891,0.0330509816822713,FALSE,,,,,TRUE,FALSE,FALSE,FALSE,FALSE,,
"TCONS_00179421","XLOC_033502","ZBTB46",-0.144366666666667,0.0231561538773718,0.0231561538773718,FALSE,,,,,TRUE,FALSE,FALSE,FALSE,FALSE,,
"TCONS_00179422","XLOC_033502","ZBTB46",0.140133333333333,0.123245892195535,0.0231561538773718,FALSE,,,,,TRUE,FALSE,FALSE,FALSE,FALSE,,
"TCONS_00179423","XLOC_033502","ZBTB46",0.00243333333333333,0.938318242992971,0.0231561538773718,FALSE,,,,,TRUE,FALSE,FALSE,FALSE,FALSE,,
"TCONS_00179424","XLOC_033502","ZBTB46",0.0206,0.83675611724588,0.0231561538773718,FALSE,,,,,TRUE,FALSE,FALSE,FALSE,FALSE,,
"TCONS_00179444","XLOC_033510","RGS19",-0.214333333333333,0.0132905275299768,1.56028382643058e-09,TRUE,,,,,TRUE,FALSE,TRUE,FALSE,FALSE,,
"TCONS_00179445","XLOC_033510","RGS19",0.262466666666667,1.56028382643058e-09,1.56028382643058e-09,TRUE,,,,,TRUE,FALSE,TRUE,FALSE,FALSE,,
"TCONS_00179446","XLOC_033510","RGS19",0.0132666666666667,0.674247032163466,1.56028382643058e-09,FALSE,,,,,TRUE,FALSE,FALSE,FALSE,FALSE,,
"TCONS_00179447","XLOC_033510","RGS19",-0.0614666666666667,0.276148629078762,1.56028382643058e-09,FALSE,,,,,TRUE,FALSE,FALSE,FALSE,FALSE,,
"TCONS_00184447","XLOC_034422","PEX26",-0.00276666666666667,0.983292617413375,0.00287033926132072,FALSE,,,,,TRUE,FALSE,FALSE,FALSE,FALSE,,
"TCONS_00184448","XLOC_034422","PEX26",0.0194666666666667,0.742395934247981,0.00287033926132072,FALSE,,,,,TRUE,FALSE,FALSE,FALSE,FALSE,,
"TCONS_00184449","XLOC_034422","PEX26",0.113266666666667,0.0209001459102493,0.00287033926132072,FALSE,,,,,TRUE,FALSE,FALSE,FALSE,FALSE,,
"TCONS_00184450","XLOC_034422","PEX26",0.155033333333333,0.00287033926132072,0.00287033926132072,TRUE,,,,,TRUE,FALSE,TRUE,FALSE,FALSE,,
"TCONS_00184453","XLOC_034422","PEX26",-0.0098,0.820059454427438,0.00287033926132072,FALSE,,,,,TRUE,FALSE,FALSE,FALSE,FALSE,,
"TCONS_00184455","XLOC_034422","PEX26",-0.159133333333333,0.00513080557000344,0.00287033926132072,TRUE,,,,,TRUE,FALSE,TRUE,FALSE,FALSE,,
"TCONS_00184456","XLOC_034422","PEX26",-0.101133333333333,0.0231715415901148,0.00287033926132072,FALSE,,,,,TRUE,FALSE,FALSE,FALSE,FALSE,,
"TCONS_00184459","XLOC_034422","PEX26",-0.00463333333333333,0.868697123832554,0.00287033926132072,FALSE,,,,,TRUE,FALSE,FALSE,FALSE,FALSE,,
"TCONS_00184460","XLOC_034423","USP18",-0.164,6.86825755110925e-14,6.86825755110925e-14,TRUE,-0.0387,0.189193043658649,5.15742682265934e-13,FALSE,TRUE,TRUE,TRUE,FALSE,TRUE,TRUE,0.1253
"TCONS_00189514","XLOC_034423","USP18",0.036,0.674228768374827,6.86825755110925e-14,FALSE,-0.0254666666666667,1,5.15742682265934e-13,FALSE,TRUE,TRUE,FALSE,FALSE,TRUE,FALSE,0.0614666666666667
"TCONS_00189686","XLOC_034423","USP18",0.0133,0.517076013797133,6.86825755110925e-14,FALSE,,,,,TRUE,FALSE,FALSE,FALSE,FALSE,,
"TCONS_00189692","XLOC_034423","USP18",0.0244333333333333,0.740027868425881,6.86825755110925e-14,FALSE,0.0627333333333333,0.000807897089561842,5.15742682265934e-13,FALSE,TRUE,TRUE,FALSE,FALSE,TRUE,TRUE,0.0383
"TCONS_00189693","XLOC_034423","USP18",-0.0235,0.821736451886636,6.86825755110925e-14,FALSE,-0.146466666666667,0.0373828035091467,5.15742682265934e-13,FALSE,TRUE,TRUE,FALSE,FALSE,TRUE,TRUE,0.122966666666667
"TCONS_00189695","XLOC_034423","USP18",-0.0216,0.404593685765651,6.86825755110925e-14,FALSE,,,,,TRUE,FALSE,FALSE,FALSE,FALSE,,
"TCONS_00189696","XLOC_034423","USP18",-0.0392666666666667,0.915762689032191,6.86825755110925e-14,FALSE,0.0392333333333333,0.955115012381268,5.15742682265934e-13,FALSE,TRUE,TRUE,FALSE,FALSE,TRUE,FALSE,0.0785
"TCONS_00189697","XLOC_034423","USP18",-0.0777333333333333,0.985921576210407,6.86825755110925e-14,FALSE,-0.00636666666666666,1,5.15742682265934e-13,FALSE,TRUE,TRUE,FALSE,FALSE,TRUE,TRUE,0.0713666666666667
"TCONS_00189698","XLOC_034423","USP18",0.129666666666667,0.384476343629647,6.86825755110925e-14,FALSE,0.173066666666667,5.15742682265934e-13,5.15742682265934e-13,TRUE,TRUE,TRUE,FALSE,TRUE,TRUE,TRUE,0.0434
"TCONS_00190177","XLOC_034423","USP18",0.0225666666666667,0.15116423827741,6.86825755110925e-14,FALSE,-0.00753333333333333,0.939774985643046,5.15742682265934e-13,FALSE,TRUE,TRUE,FALSE,FALSE,TRUE,FALSE,0.0301
"TCONS_00190182","XLOC_034423","USP18",0.0289666666666667,4.0918969875671e-07,6.86825755110925e-14,FALSE,0.0733,1.18680380395129e-05,5.15742682265934e-13,FALSE,TRUE,TRUE,FALSE,FALSE,TRUE,TRUE,0.0443333333333333
"TCONS_00190183","XLOC_034423","USP18",0.0576666666666667,0.511663345794523,6.86825755110925e-14,FALSE,-0.138333333333333,3.71339830207907e-05,5.15742682265934e-13,FALSE,TRUE,TRUE,FALSE,FALSE,TRUE,FALSE,0.196
"TCONS_00185445","XLOC_034711","CCDC117",0.0357333333333333,0.81690062208363,0.0261885650457244,FALSE,,,,,TRUE,FALSE,FALSE,FALSE,FALSE,,
"TCONS_00185448","XLOC_034711","CCDC117",0.0114,1,0.0261885650457244,FALSE,,,,,TRUE,FALSE,FALSE,FALSE,FALSE,,
"TCONS_00189711","XLOC_034711","CCDC117",-0.233266666666667,0.0261885650457244,0.0261885650457244,TRUE,,,,,TRUE,FALSE,TRUE,FALSE,FALSE,,
"TCONS_00189876","XLOC_034711","CCDC117",0.186466666666667,0.356128836249215,0.0261885650457244,FALSE,,,,,TRUE,FALSE,FALSE,FALSE,FALSE,,
"TCONS_00185564","XLOC_034736","SEC14L2",0.0193,0.341240880640586,0.00774877765190546,FALSE,,,,,TRUE,FALSE,FALSE,FALSE,FALSE,,
"TCONS_00185566","XLOC_034736","SEC14L2",0.0234666666666667,0.708813690139832,0.00774877765190546,FALSE,,,,,TRUE,FALSE,FALSE,FALSE,FALSE,,
"TCONS_00185569","XLOC_034736","SEC14L2",0.132233333333333,0.00774877765190546,0.00774877765190546,FALSE,,,,,TRUE,FALSE,FALSE,FALSE,FALSE,,
"TCONS_00185570","XLOC_034736","SEC14L2",0.0019,0.958699915840556,0.00774877765190546,FALSE,,,,,TRUE,FALSE,FALSE,FALSE,FALSE,,
"TCONS_00185578","XLOC_034736","SEC14L2",0.0015,0.892916854546554,0.00774877765190546,FALSE,,,,,TRUE,FALSE,FALSE,FALSE,FALSE,,
"TCONS_00185579","XLOC_034736","SEC14L2",-0.005,0.951979924636753,0.00774877765190546,FALSE,,,,,TRUE,FALSE,FALSE,FALSE,FALSE,,
"TCONS_00185586","XLOC_034736","SEC14L2",-0.156666666666667,0.0320942456340739,0.00774877765190546,TRUE,,,,,TRUE,FALSE,TRUE,FALSE,FALSE,,
"TCONS_00185587","XLOC_034736","SEC14L2",-9.99999999999994e-05,0.990530553139362,0.00774877765190546,FALSE,,,,,TRUE,FALSE,FALSE,FALSE,FALSE,,
"TCONS_00185588","XLOC_034736","SEC14L2",-0.00933333333333333,0.986567406345693,0.00774877765190546,FALSE,,,,,TRUE,FALSE,FALSE,FALSE,FALSE,,
"TCONS_00185589","XLOC_034736","SEC14L2",-0.00556666666666667,0.986253106294701,0.00774877765190546,FALSE,,,,,TRUE,FALSE,FALSE,FALSE,FALSE,,
"TCONS_00185590","XLOC_034736","SEC14L2",-0.0374,0.642421695250983,0.00774877765190546,FALSE,,,,,TRUE,FALSE,FALSE,FALSE,FALSE,,
"TCONS_00186241","XLOC_034877","APOBEC3A",0.139866666666667,1.16877453991215e-20,1.16877453991215e-20,FALSE,,,,,TRUE,FALSE,FALSE,FALSE,FALSE,,
"TCONS_00186243","XLOC_034877","APOBEC3A",-0.1611,0.0139761501689084,1.16877453991215e-20,TRUE,,,,,TRUE,FALSE,TRUE,FALSE,FALSE,,
"TCONS_00186244","XLOC_034877","APOBEC3A",-0.0185333333333333,0.575133782896714,1.16877453991215e-20,FALSE,,,,,TRUE,FALSE,FALSE,FALSE,FALSE,,
"TCONS_00186245","XLOC_034877","APOBEC3A",0.0116,0.949231933839812,1.16877453991215e-20,FALSE,,,,,TRUE,FALSE,FALSE,FALSE,FALSE,,
"TCONS_00189937","XLOC_034877","APOBEC3A",0.0128333333333333,0.964944494114539,1.16877453991215e-20,FALSE,,,,,TRUE,FALSE,FALSE,FALSE,FALSE,,
"TCONS_00190228","XLOC_034877","APOBEC3A",0.00173333333333333,0.807261822969446,1.16877453991215e-20,FALSE,,,,,TRUE,FALSE,FALSE,FALSE,FALSE,,
"TCONS_00187770","XLOC_035266","LRP5L",0.027,0.944166202612955,0.00488936474565952,FALSE,,,,,TRUE,FALSE,FALSE,FALSE,FALSE,,
"TCONS_00187771","XLOC_035266","LRP5L",-0.0611333333333334,0.897930859095267,0.00488936474565952,FALSE,,,,,TRUE,FALSE,FALSE,FALSE,FALSE,,
"TCONS_00187773","XLOC_035266","LRP5L",-0.1551,0.453761101283958,0.00488936474565952,FALSE,,,,,TRUE,FALSE,FALSE,FALSE,FALSE,,
"TCONS_00187774","XLOC_035266","LRP5L",0.1842,0.00488936474565952,0.00488936474565952,TRUE,,,,,TRUE,FALSE,TRUE,FALSE,FALSE,,
"TCONS_00187775","XLOC_035266","LRP5L",0.005,0.947814478225833,0.00488936474565952,FALSE,,,,,TRUE,FALSE,FALSE,FALSE,FALSE,,
"TCONS_00188565","XLOC_035430","MFNG",0.146333333333333,0.104293645264387,0.0217552101452693,FALSE,,,,,TRUE,FALSE,FALSE,FALSE,FALSE,,
"TCONS_00188567","XLOC_035430","MFNG",0.0175,0.820626635953428,0.0217552101452693,FALSE,,,,,TRUE,FALSE,FALSE,FALSE,FALSE,,
"TCONS_00188571","XLOC_035430","MFNG",-0.0232333333333333,0.777304918543543,0.0217552101452693,FALSE,,,,,TRUE,FALSE,FALSE,FALSE,FALSE,,
"TCONS_00188573","XLOC_035430","MFNG",0.0159333333333333,0.873803522172922,0.0217552101452693,FALSE,,,,,TRUE,FALSE,FALSE,FALSE,FALSE,,
"TCONS_00190101","XLOC_035430","MFNG",-0.0121,0.84705084888158,0.0217552101452693,FALSE,,,,,TRUE,FALSE,FALSE,FALSE,FALSE,,
"TCONS_00190102","XLOC_035430","MFNG",-0.139366666666667,0.0217552101452693,0.0217552101452693,FALSE,,,,,TRUE,FALSE,FALSE,FALSE,FALSE,,
"TCONS_00190103","XLOC_035430","MFNG",-0.0179333333333333,0.746054503735788,0.0217552101452693,FALSE,,,,,TRUE,FALSE,FALSE,FALSE,FALSE,,
"TCONS_00189060","XLOC_035528","ARFGAP3",0.0788,1.16893474450496e-09,1.01507399748241e-12,FALSE,,,,,TRUE,FALSE,FALSE,FALSE,FALSE,,
"TCONS_00189069","XLOC_035528","ARFGAP3",-0.161266666666667,2.9883415477005e-06,1.01507399748241e-12,TRUE,,,,,TRUE,FALSE,TRUE,FALSE,FALSE,,
"TCONS_00189673","XLOC_035528","ARFGAP3",0.0773666666666667,0.0373140200542642,1.01507399748241e-12,FALSE,,,,,TRUE,FALSE,FALSE,FALSE,FALSE,,
"TCONS_00189808","XLOC_035528","ARFGAP3",0.0506,0.00326668350345638,1.01507399748241e-12,FALSE,,,,,TRUE,FALSE,FALSE,FALSE,FALSE,,
"TCONS_00189811","XLOC_035528","ARFGAP3",0.0118333333333333,0.992247824530523,1.01507399748241e-12,FALSE,,,,,TRUE,FALSE,FALSE,FALSE,FALSE,,
"TCONS_00190153","XLOC_035528","ARFGAP3",0.120066666666667,7.50115150935635e-12,1.01507399748241e-12,FALSE,,,,,TRUE,FALSE,FALSE,FALSE,FALSE,,
"TCONS_00190154","XLOC_035528","ARFGAP3",-0.1223,1.01507399748241e-12,1.01507399748241e-12,FALSE,,,,,TRUE,FALSE,FALSE,FALSE,FALSE,,
"TCONS_00190155","XLOC_035528","ARFGAP3",-0.0558,0.0367205604995146,1.01507399748241e-12,FALSE,,,,,TRUE,FALSE,FALSE,FALSE,FALSE,,
"TCONS_00193250","XLOC_036100","CCDC66",0.0119666666666667,0.920277199528451,0.00336546334762504,FALSE,,,,,TRUE,FALSE,FALSE,FALSE,FALSE,,
"TCONS_00193251","XLOC_036100","CCDC66",0.117733333333333,0.789587768037331,0.00336546334762504,FALSE,,,,,TRUE,FALSE,FALSE,FALSE,FALSE,,
"TCONS_00193254","XLOC_036100","CCDC66",0.0200333333333333,0.84662397209028,0.00336546334762504,FALSE,,,,,TRUE,FALSE,FALSE,FALSE,FALSE,,
"TCONS_00193256","XLOC_036100","CCDC66",0.0107666666666667,0.986845464114966,0.00336546334762504,FALSE,,,,,TRUE,FALSE,FALSE,FALSE,FALSE,,
"TCONS_00193258","XLOC_036100","CCDC66",0.0373,0.815488892035512,0.00336546334762504,FALSE,,,,,TRUE,FALSE,FALSE,FALSE,FALSE,,
"TCONS_00193259","XLOC_036100","CCDC66",-0.00196666666666667,0.988973003883697,0.00336546334762504,FALSE,,,,,TRUE,FALSE,FALSE,FALSE,FALSE,,
"TCONS_00193262","XLOC_036100","CCDC66",0.014,0.860892498378892,0.00336546334762504,FALSE,,,,,TRUE,FALSE,FALSE,FALSE,FALSE,,
"TCONS_00193263","XLOC_036100","CCDC66",0.0237333333333333,0.921152468606301,0.00336546334762504,FALSE,,,,,TRUE,FALSE,FALSE,FALSE,FALSE,,
"TCONS_00193265","XLOC_036100","CCDC66",-0.0129666666666667,0.886070477681685,0.00336546334762504,FALSE,,,,,TRUE,FALSE,FALSE,FALSE,FALSE,,
"TCONS_00193267","XLOC_036100","CCDC66",-0.0104333333333333,0.986865682364097,0.00336546334762504,FALSE,,,,,TRUE,FALSE,FALSE,FALSE,FALSE,,
"TCONS_00193268","XLOC_036100","CCDC66",0.00346666666666667,0.992956463926855,0.00336546334762504,FALSE,,,,,TRUE,FALSE,FALSE,FALSE,FALSE,,
"TCONS_00193269","XLOC_036100","CCDC66",-0.0092,0.912177008396445,0.00336546334762504,FALSE,,,,,TRUE,FALSE,FALSE,FALSE,FALSE,,
"TCONS_00207569","XLOC_036100","CCDC66",-0.107866666666667,0.00336546334762504,0.00336546334762504,FALSE,,,,,TRUE,FALSE,FALSE,FALSE,FALSE,,
"TCONS_00207571","XLOC_036100","CCDC66",0.0285,0.547416226600566,0.00336546334762504,FALSE,,,,,TRUE,FALSE,FALSE,FALSE,FALSE,,
"TCONS_00207572","XLOC_036100","CCDC66",-0.101566666666667,0.726024506438316,0.00336546334762504,FALSE,,,,,TRUE,FALSE,FALSE,FALSE,FALSE,,
"TCONS_00194047","XLOC_036323","ST3GAL6",0.0465,0.636321779069086,1.18466690499458e-05,FALSE,,,,,TRUE,FALSE,FALSE,FALSE,FALSE,,
"TCONS_00194048","XLOC_036323","ST3GAL6",0.0841333333333333,0.588734468402629,1.18466690499458e-05,FALSE,,,,,TRUE,FALSE,FALSE,FALSE,FALSE,,
"TCONS_00194056","XLOC_036323","ST3GAL6",0.00616666666666667,0.994862485490033,1.18466690499458e-05,FALSE,,,,,TRUE,FALSE,FALSE,FALSE,FALSE,,
"TCONS_00194060","XLOC_036323","ST3GAL6",0.00643333333333333,0.965534795802965,1.18466690499458e-05,FALSE,,,,,TRUE,FALSE,FALSE,FALSE,FALSE,,
"TCONS_00194063","XLOC_036323","ST3GAL6",-0.105833333333333,0.070675702299871,1.18466690499458e-05,FALSE,,,,,TRUE,FALSE,FALSE,FALSE,FALSE,,
"TCONS_00205952","XLOC_036323","ST3GAL6",0.0302666666666667,0.537744392131859,1.18466690499458e-05,FALSE,,,,,TRUE,FALSE,FALSE,FALSE,FALSE,,
"TCONS_00205953","XLOC_036323","ST3GAL6",0.0199333333333333,0.597294179879108,1.18466690499458e-05,FALSE,,,,,TRUE,FALSE,FALSE,FALSE,FALSE,,
"TCONS_00205954","XLOC_036323","ST3GAL6",-0.0197,0.892952547107597,1.18466690499458e-05,FALSE,,,,,TRUE,FALSE,FALSE,FALSE,FALSE,,
"TCONS_00205957","XLOC_036323","ST3GAL6",0.000666666666666666,0.745482246814841,1.18466690499458e-05,FALSE,,,,,TRUE,FALSE,FALSE,FALSE,FALSE,,
"TCONS_00205959","XLOC_036323","ST3GAL6",0.166866666666667,1.18466690499458e-05,1.18466690499458e-05,TRUE,,,,,TRUE,FALSE,TRUE,FALSE,FALSE,,
"TCONS_00205960","XLOC_036323","ST3GAL6",-0.0201333333333333,0.211861593555683,1.18466690499458e-05,FALSE,,,,,TRUE,FALSE,FALSE,FALSE,FALSE,,
"TCONS_00206781","XLOC_036323","ST3GAL6",-0.0442,0.259007593615325,1.18466690499458e-05,FALSE,,,,,TRUE,FALSE,FALSE,FALSE,FALSE,,
"TCONS_00206784","XLOC_036323","ST3GAL6",-0.0233666666666667,0.708005138801101,1.18466690499458e-05,FALSE,,,,,TRUE,FALSE,FALSE,FALSE,FALSE,,
"TCONS_00206785","XLOC_036323","ST3GAL6",0.00493333333333334,0.929043381827117,1.18466690499458e-05,FALSE,,,,,TRUE,FALSE,FALSE,FALSE,FALSE,,
"TCONS_00206787","XLOC_036323","ST3GAL6",-0.00976666666666667,0.744064102335716,1.18466690499458e-05,FALSE,,,,,TRUE,FALSE,FALSE,FALSE,FALSE,,
"TCONS_00207612","XLOC_036323","ST3GAL6",-0.0153666666666667,0.562516657727079,1.18466690499458e-05,FALSE,,,,,TRUE,FALSE,FALSE,FALSE,FALSE,,
"TCONS_00207614","XLOC_036323","ST3GAL6",-0.0455333333333333,0.335924244725075,1.18466690499458e-05,FALSE,,,,,TRUE,FALSE,FALSE,FALSE,FALSE,,
"TCONS_00207615","XLOC_036323","ST3GAL6",-0.00673333333333333,0.971257097425372,1.18466690499458e-05,FALSE,,,,,TRUE,FALSE,FALSE,FALSE,FALSE,,
"TCONS_00207616","XLOC_036323","ST3GAL6",-0.0351,0.746950776732795,1.18466690499458e-05,FALSE,,,,,TRUE,FALSE,FALSE,FALSE,FALSE,,
"TCONS_00194451","XLOC_036415","SLC35A5",0.0134,0.98481510042921,0.0487601313944443,FALSE,,,,,TRUE,FALSE,FALSE,FALSE,FALSE,,
"TCONS_00194452","XLOC_036415","SLC35A5",0.172933333333333,0.103315474756338,0.0487601313944443,FALSE,,,,,TRUE,FALSE,FALSE,FALSE,FALSE,,
"TCONS_00194453","XLOC_036415","SLC35A5",0.0303333333333333,0.960092309726073,0.0487601313944443,FALSE,,,,,TRUE,FALSE,FALSE,FALSE,FALSE,,
"TCONS_00205989","XLOC_036415","SLC35A5",-0.0909,0.726417080550561,0.0487601313944443,FALSE,,,,,TRUE,FALSE,FALSE,FALSE,FALSE,,
"TCONS_00206818","XLOC_036415","SLC35A5",-0.00423333333333331,0.967938155359777,0.0487601313944443,FALSE,,,,,TRUE,FALSE,FALSE,FALSE,FALSE,,
"TCONS_00206820","XLOC_036415","SLC35A5",0.0113333333333333,0.911406362907086,0.0487601313944443,FALSE,,,,,TRUE,FALSE,FALSE,FALSE,FALSE,,
"TCONS_00207645","XLOC_036415","SLC35A5",-0.168333333333333,0.0487601313944443,0.0487601313944443,TRUE,,,,,TRUE,FALSE,TRUE,FALSE,FALSE,,
"TCONS_00194757","XLOC_036495","CD86",-0.125466666666667,0.22578387682009,5.08358562779543e-19,FALSE,,,,,TRUE,FALSE,FALSE,FALSE,FALSE,,
"TCONS_00194764","XLOC_036495","CD86",0.3443,5.08358562779543e-19,5.08358562779543e-19,TRUE,,,,,TRUE,FALSE,TRUE,FALSE,FALSE,,
"TCONS_00206011","XLOC_036495","CD86",-0.0355333333333333,0.878466098980327,5.08358562779543e-19,FALSE,,,,,TRUE,FALSE,FALSE,FALSE,FALSE,,
"TCONS_00206013","XLOC_036495","CD86",-0.0736333333333333,0.379396198437765,5.08358562779543e-19,FALSE,,,,,TRUE,FALSE,FALSE,FALSE,FALSE,,
"TCONS_00206014","XLOC_036495","CD86",-0.0304333333333333,0.93039524064012,5.08358562779543e-19,FALSE,,,,,TRUE,FALSE,FALSE,FALSE,FALSE,,
"TCONS_00206015","XLOC_036495","CD86",-0.0488,0.813983560339034,5.08358562779543e-19,FALSE,,,,,TRUE,FALSE,FALSE,FALSE,FALSE,,
"TCONS_00206016","XLOC_036495","CD86",-0.0681,0.569270647697902,5.08358562779543e-19,FALSE,,,,,TRUE,FALSE,FALSE,FALSE,FALSE,,
"TCONS_00206830","XLOC_036495","CD86",-0.0149,0.805177834084264,5.08358562779543e-19,FALSE,,,,,TRUE,FALSE,FALSE,FALSE,FALSE,,
"TCONS_00208738","XLOC_036495","CD86",0.0371666666666667,0.718739155646732,5.08358562779543e-19,FALSE,,,,,TRUE,FALSE,FALSE,FALSE,FALSE,,
"TCONS_00197266","XLOC_036970","KLHL24",0.00693333333333332,0.944838058141312,1.98432865527884e-08,FALSE,,,,,TRUE,FALSE,FALSE,FALSE,FALSE,,
"TCONS_00197268","XLOC_036970","KLHL24",0.0148666666666667,0.869863246104537,1.98432865527884e-08,FALSE,,,,,TRUE,FALSE,FALSE,FALSE,FALSE,,
"TCONS_00197274","XLOC_036970","KLHL24",0.0137666666666667,0.965826934006303,1.98432865527884e-08,FALSE,,,,,TRUE,FALSE,FALSE,FALSE,FALSE,,
"TCONS_00197275","XLOC_036970","KLHL24",-0.158466666666667,0.00744690291006017,1.98432865527884e-08,TRUE,,,,,TRUE,FALSE,TRUE,FALSE,FALSE,,
"TCONS_00197279","XLOC_036970","KLHL24",0.00163333333333333,0.999509566492517,1.98432865527884e-08,FALSE,,,,,TRUE,FALSE,FALSE,FALSE,FALSE,,
"TCONS_00206175","XLOC_036970","KLHL24",-0.0175,0.909841649129264,1.98432865527884e-08,FALSE,,,,,TRUE,FALSE,FALSE,FALSE,FALSE,,
"TCONS_00207834","XLOC_036970","KLHL24",0.146766666666667,1.98432865527884e-08,1.98432865527884e-08,FALSE,,,,,TRUE,FALSE,FALSE,FALSE,FALSE,,
"TCONS_00200117","XLOC_037512","PFKFB4",0.0285333333333333,0.764925114224119,3.71514004322816e-06,FALSE,,,,,TRUE,FALSE,FALSE,FALSE,FALSE,,
"TCONS_00200123","XLOC_037512","PFKFB4",0.0177333333333333,0.438782453833556,3.71514004322816e-06,FALSE,,,,,TRUE,FALSE,FALSE,FALSE,FALSE,,
"TCONS_00200124","XLOC_037512","PFKFB4",0.0368333333333333,0.818467079215561,3.71514004322816e-06,FALSE,,,,,TRUE,FALSE,FALSE,FALSE,FALSE,,
"TCONS_00200126","XLOC_037512","PFKFB4",0.00953333333333333,0.902943829479264,3.71514004322816e-06,FALSE,,,,,TRUE,FALSE,FALSE,FALSE,FALSE,,
"TCONS_00200128","XLOC_037512","PFKFB4",0.0187,0.348946712372545,3.71514004322816e-06,FALSE,,,,,TRUE,FALSE,FALSE,FALSE,FALSE,,
"TCONS_00200131","XLOC_037512","PFKFB4",0.0117666666666667,0.985342397015185,3.71514004322816e-06,FALSE,,,,,TRUE,FALSE,FALSE,FALSE,FALSE,,
"TCONS_00200133","XLOC_037512","PFKFB4",0.128933333333333,3.71514004322816e-06,3.71514004322816e-06,FALSE,,,,,TRUE,FALSE,FALSE,FALSE,FALSE,,
"TCONS_00208075","XLOC_037512","PFKFB4",-0.127266666666667,0.323785492758756,3.71514004322816e-06,FALSE,,,,,TRUE,FALSE,FALSE,FALSE,FALSE,,
"TCONS_00208076","XLOC_037512","PFKFB4",0.0471333333333333,0.521925766158612,3.71514004322816e-06,FALSE,,,,,TRUE,FALSE,FALSE,FALSE,FALSE,,
"TCONS_00208077","XLOC_037512","PFKFB4",-0.00850000000000001,0.91603809371359,3.71514004322816e-06,FALSE,,,,,TRUE,FALSE,FALSE,FALSE,FALSE,,
"TCONS_00208079","XLOC_037512","PFKFB4",-0.169433333333333,0.38396476955666,3.71514004322816e-06,FALSE,,,,,TRUE,FALSE,FALSE,FALSE,FALSE,,
"TCONS_00200674","XLOC_037565","RASSF1",0.222966666666667,0.00660220323847937,0.00660220323847937,TRUE,,,,,TRUE,FALSE,TRUE,FALSE,FALSE,,
"TCONS_00200675","XLOC_037565","RASSF1",-0.00503333333333333,0.906356150578132,0.00660220323847937,FALSE,,,,,TRUE,FALSE,FALSE,FALSE,FALSE,,
"TCONS_00200676","XLOC_037565","RASSF1",-0.144766666666667,0.0840779477627668,0.00660220323847937,FALSE,,,,,TRUE,FALSE,FALSE,FALSE,FALSE,,
"TCONS_00200677","XLOC_037565","RASSF1",-0.0604666666666667,0.564786139699503,0.00660220323847937,FALSE,,,,,TRUE,FALSE,FALSE,FALSE,FALSE,,
"TCONS_00200680","XLOC_037565","RASSF1",9.99999999999959e-05,0.996567194811929,0.00660220323847937,FALSE,,,,,TRUE,FALSE,FALSE,FALSE,FALSE,,
"TCONS_00205702","XLOC_038662","RUBCN",-0.00783333333333336,0.993460003112426,1.03636013445335e-07,FALSE,,,,,TRUE,FALSE,FALSE,FALSE,FALSE,,
"TCONS_00205703","XLOC_038662","RUBCN",-0.0098,0.970701903513894,1.03636013445335e-07,FALSE,,,,,TRUE,FALSE,FALSE,FALSE,FALSE,,
"TCONS_00205706","XLOC_038662","RUBCN",0.00463333333333335,0.985462718955728,1.03636013445335e-07,FALSE,,,,,TRUE,FALSE,FALSE,FALSE,FALSE,,
"TCONS_00205707","XLOC_038662","RUBCN",0.0187333333333333,0.819973930597807,1.03636013445335e-07,FALSE,,,,,TRUE,FALSE,FALSE,FALSE,FALSE,,
"TCONS_00205709","XLOC_038662","RUBCN",0.0193,0.69361953821142,1.03636013445335e-07,FALSE,,,,,TRUE,FALSE,FALSE,FALSE,FALSE,,
"TCONS_00205711","XLOC_038662","RUBCN",0.0229666666666667,0.804270483513796,1.03636013445335e-07,FALSE,,,,,TRUE,FALSE,FALSE,FALSE,FALSE,,
"TCONS_00205712","XLOC_038662","RUBCN",-0.0134333333333333,0.902185196030358,1.03636013445335e-07,FALSE,,,,,TRUE,FALSE,FALSE,FALSE,FALSE,,
"TCONS_00207289","XLOC_038662","RUBCN",-0.294733333333333,1.03636013445335e-07,1.03636013445335e-07,TRUE,,,,,TRUE,FALSE,TRUE,FALSE,FALSE,,
"TCONS_00209210","XLOC_038662","RUBCN",0.256733333333333,0.274214786295766,1.03636013445335e-07,FALSE,,,,,TRUE,FALSE,FALSE,FALSE,FALSE,,
"TCONS_00209758","XLOC_038760","TBC1D14",0.136333333333333,0.0967664063132171,0.0209595807639698,FALSE,,,,,TRUE,FALSE,FALSE,FALSE,FALSE,,
"TCONS_00209759","XLOC_038760","TBC1D14",-0.1024,0.246570895416568,0.0209595807639698,FALSE,,,,,TRUE,FALSE,FALSE,FALSE,FALSE,,
"TCONS_00209762","XLOC_038760","TBC1D14",0.116266666666667,0.0209595807639698,0.0209595807639698,FALSE,,,,,TRUE,FALSE,FALSE,FALSE,FALSE,,
"TCONS_00209763","XLOC_038760","TBC1D14",-0.0466333333333334,0.737721605037833,0.0209595807639698,FALSE,,,,,TRUE,FALSE,FALSE,FALSE,FALSE,,
"TCONS_00220088","XLOC_038760","TBC1D14",-0.0986666666666667,0.165471471125138,0.0209595807639698,FALSE,,,,,TRUE,FALSE,FALSE,FALSE,FALSE,,
"TCONS_00210770","XLOC_039060","DCUN1D4",0.0500666666666667,0.52085871578565,0.000112215393025018,FALSE,,,,,TRUE,FALSE,FALSE,FALSE,FALSE,,
"TCONS_00210771","XLOC_039060","DCUN1D4",-5e-04,0.930677909542882,0.000112215393025018,FALSE,,,,,TRUE,FALSE,FALSE,FALSE,FALSE,,
"TCONS_00210774","XLOC_039060","DCUN1D4",-0.0115,0.84225362622671,0.000112215393025018,FALSE,,,,,TRUE,FALSE,FALSE,FALSE,FALSE,,
"TCONS_00210775","XLOC_039060","DCUN1D4",0.00343333333333333,0.872829224928293,0.000112215393025018,FALSE,,,,,TRUE,FALSE,FALSE,FALSE,FALSE,,
"TCONS_00210776","XLOC_039060","DCUN1D4",-0.1363,0.000112215393025018,0.000112215393025018,FALSE,,,,,TRUE,FALSE,FALSE,FALSE,FALSE,,
"TCONS_00210777","XLOC_039060","DCUN1D4",-0.0583666666666667,0.163044061052295,0.000112215393025018,FALSE,,,,,TRUE,FALSE,FALSE,FALSE,FALSE,,
"TCONS_00210780","XLOC_039060","DCUN1D4",-0.0191,0.837282216209876,0.000112215393025018,FALSE,,,,,TRUE,FALSE,FALSE,FALSE,FALSE,,
"TCONS_00210782","XLOC_039060","DCUN1D4",-0.0018,0.955798745775203,0.000112215393025018,FALSE,,,,,TRUE,FALSE,FALSE,FALSE,FALSE,,
"TCONS_00210785","XLOC_039060","DCUN1D4",0.0271333333333333,0.713716987011835,0.000112215393025018,FALSE,,,,,TRUE,FALSE,FALSE,FALSE,FALSE,,
"TCONS_00210786","XLOC_039060","DCUN1D4",-0.00776666666666666,0.999325317635334,0.000112215393025018,FALSE,,,,,TRUE,FALSE,FALSE,FALSE,FALSE,,
"TCONS_00210788","XLOC_039060","DCUN1D4",0.0195666666666667,0.788889943627256,0.000112215393025018,FALSE,,,,,TRUE,FALSE,FALSE,FALSE,FALSE,,
"TCONS_00219210","XLOC_039060","DCUN1D4",0.0402666666666667,0.70040225236443,0.000112215393025018,FALSE,,,,,TRUE,FALSE,FALSE,FALSE,FALSE,,
"TCONS_00220168","XLOC_039060","DCUN1D4",-0.0121666666666667,0.992124677639766,0.000112215393025018,FALSE,,,,,TRUE,FALSE,FALSE,FALSE,FALSE,,
"TCONS_00220813","XLOC_039060","DCUN1D4",0.107633333333333,0.168185288559951,0.000112215393025018,FALSE,,,,,TRUE,FALSE,FALSE,FALSE,FALSE,,
"TCONS_00210955","XLOC_039102","CRACD",0.220466666666667,0.0184459505142301,0.0184459505142301,TRUE,,,,,TRUE,FALSE,TRUE,FALSE,FALSE,,
"TCONS_00210957","XLOC_039102","CRACD",-0.0159333333333333,0.995880446724868,0.0184459505142301,FALSE,,,,,TRUE,FALSE,FALSE,FALSE,FALSE,,
"TCONS_00210964","XLOC_039102","CRACD",-0.204533333333333,0.288893000728913,0.0184459505142301,FALSE,,,,,TRUE,FALSE,FALSE,FALSE,FALSE,,
"TCONS_00211240","XLOC_039217","MOB1B",0.0105666666666667,0.410679398935742,0.000155897826035884,FALSE,,,,,TRUE,FALSE,FALSE,FALSE,FALSE,,
"TCONS_00211241","XLOC_039217","MOB1B",0.1057,0.000155897826035884,0.000155897826035884,FALSE,,,,,TRUE,FALSE,FALSE,FALSE,FALSE,,
"TCONS_00211242","XLOC_039217","MOB1B",0.00643333333333333,0.722448934231097,0.000155897826035884,FALSE,,,,,TRUE,FALSE,FALSE,FALSE,FALSE,,
"TCONS_00211245","XLOC_039217","MOB1B",0.000233333333333332,0.999779088939979,0.000155897826035884,FALSE,,,,,TRUE,FALSE,FALSE,FALSE,FALSE,,
"TCONS_00211248","XLOC_039217","MOB1B",-0.107566666666667,0.0027344510515109,0.000155897826035884,FALSE,,,,,TRUE,FALSE,FALSE,FALSE,FALSE,,
"TCONS_00219227","XLOC_039217","MOB1B",-0.0277,0.820376092836281,0.000155897826035884,FALSE,,,,,TRUE,FALSE,FALSE,FALSE,FALSE,,
"TCONS_00211808","XLOC_039354","PIGY-DT",-0.00213333333333333,0.986653370699033,6.45402624212634e-07,FALSE,,,,,TRUE,FALSE,FALSE,FALSE,FALSE,,
"TCONS_00211812","XLOC_039354","PIGY-DT",0.1008,0.899997088892796,6.45402624212634e-07,FALSE,,,,,TRUE,FALSE,FALSE,FALSE,FALSE,,
"TCONS_00211813","XLOC_039354","PIGY-DT",0.0476333333333333,0.876758905065521,6.45402624212634e-07,FALSE,,,,,TRUE,FALSE,FALSE,FALSE,FALSE,,
"TCONS_00211814","XLOC_039354","PIGY-DT",-0.0186333333333333,0.83359746769419,6.45402624212634e-07,FALSE,,,,,TRUE,FALSE,FALSE,FALSE,FALSE,,
"TCONS_00211817","XLOC_039354","PIGY-DT",-0.1336,6.45402624212634e-07,6.45402624212634e-07,FALSE,,,,,TRUE,FALSE,FALSE,FALSE,FALSE,,
"TCONS_00219286","XLOC_039354","PIGY-DT",-0.0537,0.746137937180615,6.45402624212634e-07,FALSE,,,,,TRUE,FALSE,FALSE,FALSE,FALSE,,
"TCONS_00219287","XLOC_039354","PIGY-DT",-0.0305,0.90029533964974,6.45402624212634e-07,FALSE,,,,,TRUE,FALSE,FALSE,FALSE,FALSE,,
"TCONS_00219288","XLOC_039354","PIGY-DT",0.00623333333333333,0.842752930916788,6.45402624212634e-07,FALSE,,,,,TRUE,FALSE,FALSE,FALSE,FALSE,,
"TCONS_00219289","XLOC_039354","PIGY-DT",-0.0214333333333333,0.630293704830258,6.45402624212634e-07,FALSE,,,,,TRUE,FALSE,FALSE,FALSE,FALSE,,
"TCONS_00219746","XLOC_039354","PIGY-DT",0.0130333333333333,0.821725987018483,6.45402624212634e-07,FALSE,,,,,TRUE,FALSE,FALSE,FALSE,FALSE,,
"TCONS_00220248","XLOC_039354","PIGY-DT",0.0976333333333333,0.52810368456922,6.45402624212634e-07,FALSE,,,,,TRUE,FALSE,FALSE,FALSE,FALSE,,
"TCONS_00220249","XLOC_039354","PIGY-DT",0.0388333333333333,0.852898744400892,6.45402624212634e-07,FALSE,,,,,TRUE,FALSE,FALSE,FALSE,FALSE,,
"TCONS_00220250","XLOC_039354","PIGY-DT",-0.0648666666666667,0.87222002943073,6.45402624212634e-07,FALSE,,,,,TRUE,FALSE,FALSE,FALSE,FALSE,,
"TCONS_00212243","XLOC_039469","GAR1",-0.1533,0.0151911397902704,0.0151911397902704,TRUE,,,,,TRUE,FALSE,TRUE,FALSE,FALSE,,
"TCONS_00212244","XLOC_039469","GAR1",-0.0028,0.99898686993556,0.0151911397902704,FALSE,,,,,TRUE,FALSE,FALSE,FALSE,FALSE,,
"TCONS_00212245","XLOC_039469","GAR1",0.156966666666667,0.0258585096197509,0.0151911397902704,TRUE,,,,,TRUE,FALSE,TRUE,FALSE,FALSE,,
"TCONS_00216289","XLOC_040555","CNOT6L",-0.1623,0.00475025648133956,0.00475025648133956,TRUE,,,,,TRUE,FALSE,TRUE,FALSE,FALSE,,
"TCONS_00216290","XLOC_040555","CNOT6L",0.00393333333333333,0.974355202722093,0.00475025648133956,FALSE,,,,,TRUE,FALSE,FALSE,FALSE,FALSE,,
"TCONS_00216291","XLOC_040555","CNOT6L",0.0108666666666667,0.569260536538393,0.00475025648133956,FALSE,,,,,TRUE,FALSE,FALSE,FALSE,FALSE,,
"TCONS_00216292","XLOC_040555","CNOT6L",0.134666666666667,0.414898375973337,0.00475025648133956,FALSE,,,,,TRUE,FALSE,FALSE,FALSE,FALSE,,
"TCONS_00216293","XLOC_040555","CNOT6L",-0.00533333333333334,0.8509823090583,0.00475025648133956,FALSE,,,,,TRUE,FALSE,FALSE,FALSE,FALSE,,
"TCONS_00219477","XLOC_040555","CNOT6L",-0.0332,0.84426564986503,0.00475025648133956,FALSE,,,,,TRUE,FALSE,FALSE,FALSE,FALSE,,
"TCONS_00220545","XLOC_040555","CNOT6L",-0.00366666666666667,0.925542950057864,0.00475025648133956,FALSE,,,,,TRUE,FALSE,FALSE,FALSE,FALSE,,
"TCONS_00220546","XLOC_040555","CNOT6L",0.0292333333333333,0.858149497613838,0.00475025648133956,FALSE,,,,,TRUE,FALSE,FALSE,FALSE,FALSE,,
"TCONS_00221058","XLOC_040555","CNOT6L",0.0175333333333333,0.938740405113394,0.00475025648133956,FALSE,,,,,TRUE,FALSE,FALSE,FALSE,FALSE,,
"TCONS_00216970","XLOC_040687","DNAJB14",-0.114633333333333,0.0092835043048593,0.0092835043048593,FALSE,,,,,TRUE,FALSE,FALSE,FALSE,FALSE,,
"TCONS_00216971","XLOC_040687","DNAJB14",0.00286666666666667,0.991054949347628,0.0092835043048593,FALSE,,,,,TRUE,FALSE,FALSE,FALSE,FALSE,,
"TCONS_00216972","XLOC_040687","DNAJB14",0.00643333333333334,0.917409014848258,0.0092835043048593,FALSE,,,,,TRUE,FALSE,FALSE,FALSE,FALSE,,
"TCONS_00216973","XLOC_040687","DNAJB14",0.00106666666666667,0.991825319880826,0.0092835043048593,FALSE,,,,,TRUE,FALSE,FALSE,FALSE,FALSE,,
"TCONS_00216974","XLOC_040687","DNAJB14",0.0101333333333333,0.925755367531394,0.0092835043048593,FALSE,,,,,TRUE,FALSE,FALSE,FALSE,FALSE,,
"TCONS_00216976","XLOC_040687","DNAJB14",0.0073,0.794191830219554,0.0092835043048593,FALSE,,,,,TRUE,FALSE,FALSE,FALSE,FALSE,,
"TCONS_00216979","XLOC_040687","DNAJB14",-0.000933333333333331,0.951523569242854,0.0092835043048593,FALSE,,,,,TRUE,FALSE,FALSE,FALSE,FALSE,,
"TCONS_00216980","XLOC_040687","DNAJB14",-0.000566666666666667,0.999583534218161,0.0092835043048593,FALSE,,,,,TRUE,FALSE,FALSE,FALSE,FALSE,,
"TCONS_00219940","XLOC_040687","DNAJB14",0.1123,0.14388599802947,0.0092835043048593,FALSE,,,,,TRUE,FALSE,FALSE,FALSE,FALSE,,
"TCONS_00218230","XLOC_040996","SH3D19",-0.284533333333333,0.00128284823409368,0.000599894969204029,TRUE,,,,,TRUE,FALSE,TRUE,FALSE,FALSE,,
"TCONS_00218231","XLOC_040996","SH3D19",0.0071,0.953903951675562,0.000599894969204029,FALSE,,,,,TRUE,FALSE,FALSE,FALSE,FALSE,,
"TCONS_00218233","XLOC_040996","SH3D19",0.0263,0.94985302526451,0.000599894969204029,FALSE,,,,,TRUE,FALSE,FALSE,FALSE,FALSE,,
"TCONS_00218234","XLOC_040996","SH3D19",0.258233333333333,0.000599894969204029,0.000599894969204029,TRUE,,,,,TRUE,FALSE,TRUE,FALSE,FALSE,,
"TCONS_00218235","XLOC_040996","SH3D19",-0.0367333333333333,0.870623296187838,0.000599894969204029,FALSE,,,,,TRUE,FALSE,FALSE,FALSE,FALSE,,
"TCONS_00218238","XLOC_040996","SH3D19",0.0439666666666667,0.9150482528461,0.000599894969204029,FALSE,,,,,TRUE,FALSE,FALSE,FALSE,FALSE,,
"TCONS_00218240","XLOC_040996","SH3D19",-0.0158666666666667,0.983064208899491,0.000599894969204029,FALSE,,,,,TRUE,FALSE,FALSE,FALSE,FALSE,,
"TCONS_00222295","XLOC_041576","C5orf51",0.164933333333333,1.77666441723995e-05,1.77666441723995e-05,TRUE,,,,,TRUE,FALSE,TRUE,FALSE,FALSE,,
"TCONS_00222297","XLOC_041576","C5orf51",-0.0184666666666667,0.679133152628034,1.77666441723995e-05,FALSE,,,,,TRUE,FALSE,FALSE,FALSE,FALSE,,
"TCONS_00222298","XLOC_041576","C5orf51",-0.00226666666666667,0.941184803554503,1.77666441723995e-05,FALSE,,,,,TRUE,FALSE,FALSE,FALSE,FALSE,,
"TCONS_00222299","XLOC_041576","C5orf51",-0.116766666666667,1.88624559002929e-05,1.77666441723995e-05,FALSE,,,,,TRUE,FALSE,FALSE,FALSE,FALSE,,
"TCONS_00222301","XLOC_041576","C5orf51",-0.000866666666666668,0.988496540610827,1.77666441723995e-05,FALSE,,,,,TRUE,FALSE,FALSE,FALSE,FALSE,,
"TCONS_00232808","XLOC_041576","C5orf51",0.0039,0.9475637205446,1.77666441723995e-05,FALSE,,,,,TRUE,FALSE,FALSE,FALSE,FALSE,,
"TCONS_00235006","XLOC_041576","C5orf51",-0.0375,0.830698268279348,1.77666441723995e-05,FALSE,,,,,TRUE,FALSE,FALSE,FALSE,FALSE,,
"TCONS_00223109","XLOC_041759","SERF1A",0.1639,0.408004718564352,0.0315133895142354,FALSE,,,,,TRUE,FALSE,FALSE,FALSE,FALSE,,
"TCONS_00223110","XLOC_041759","SERF1A",-0.00603333333333333,0.810700200784453,0.0315133895142354,FALSE,,,,,TRUE,FALSE,FALSE,FALSE,FALSE,,
"TCONS_00223113","XLOC_041759","SERF1A",-0.168766666666667,0.0315133895142354,0.0315133895142354,TRUE,,,,,TRUE,FALSE,TRUE,FALSE,FALSE,,
"TCONS_00223115","XLOC_041759","SERF1A",-0.0110333333333333,0.989341689442453,0.0315133895142354,FALSE,,,,,TRUE,FALSE,FALSE,FALSE,FALSE,,
"TCONS_00227987","XLOC_042967","TARS1-DT",-0.1408,0.0123711933128776,0.000121961830958702,FALSE,,,,,TRUE,FALSE,FALSE,FALSE,FALSE,,
"TCONS_00227988","XLOC_042967","TARS1-DT",0.160133333333333,0.000121961830958702,0.000121961830958702,TRUE,,,,,TRUE,FALSE,TRUE,FALSE,FALSE,,
"TCONS_00229215","XLOC_043322","SERINC5",0.1496,0.0479102457349007,0.0479102457349007,FALSE,,,,,TRUE,FALSE,FALSE,FALSE,FALSE,,
"TCONS_00233231","XLOC_043322","SERINC5",-0.155166666666667,0.115584652846016,0.0479102457349007,FALSE,,,,,TRUE,FALSE,FALSE,FALSE,FALSE,,
"TCONS_00229354","XLOC_043385","CCNH",0.0022,0.969153226359638,0.00951657519653031,FALSE,,,,,TRUE,FALSE,FALSE,FALSE,FALSE,,
"TCONS_00229360","XLOC_043385","CCNH",0.0109,0.841454810453384,0.00951657519653031,FALSE,-0.00603333333333333,1,0.031180282919712,FALSE,TRUE,TRUE,FALSE,FALSE,TRUE,FALSE,0.0169333333333333
"TCONS_00229361","XLOC_043385","CCNH",-0.1174,0.00951657519653031,0.00951657519653031,FALSE,-0.0202,1,0.031180282919712,FALSE,TRUE,TRUE,FALSE,FALSE,TRUE,TRUE,0.0972
"TCONS_00229362","XLOC_043385","CCNH",-0.025,0.765797475493939,0.00951657519653031,FALSE,0.1422,0.71389790307888,0.031180282919712,FALSE,TRUE,TRUE,FALSE,FALSE,TRUE,FALSE,0.1672
"TCONS_00229363","XLOC_043385","CCNH",0.1262,0.043270466747318,0.00951657519653031,FALSE,-0.125433333333333,0.031180282919712,0.031180282919712,FALSE,TRUE,TRUE,FALSE,FALSE,TRUE,FALSE,0.251633333333333
"TCONS_00233236","XLOC_043385","CCNH",0.0130333333333333,0.821270626337471,0.00951657519653031,FALSE,,,,,TRUE,FALSE,FALSE,FALSE,FALSE,,
"TCONS_00230979","XLOC_043761","DNAJC18",-0.326733333333333,0.0282513445974919,0.0282513445974919,TRUE,,,,,TRUE,FALSE,TRUE,FALSE,FALSE,,
"TCONS_00230980","XLOC_043761","DNAJC18",0.1706,0.0529721108220785,0.0282513445974919,FALSE,,,,,TRUE,FALSE,FALSE,FALSE,FALSE,,
"TCONS_00230981","XLOC_043761","DNAJC18",0.00923333333333333,0.883563822394718,0.0282513445974919,FALSE,,,,,TRUE,FALSE,FALSE,FALSE,FALSE,,
"TCONS_00230982","XLOC_043761","DNAJC18",-0.0161,0.970299738111332,0.0282513445974919,FALSE,,,,,TRUE,FALSE,FALSE,FALSE,FALSE,,
"TCONS_00230983","XLOC_043761","DNAJC18",0.0375333333333333,0.985932130758696,0.0282513445974919,FALSE,,,,,TRUE,FALSE,FALSE,FALSE,FALSE,,
"TCONS_00230984","XLOC_043761","DNAJC18",0.0905333333333333,0.356128836249215,0.0282513445974919,FALSE,,,,,TRUE,FALSE,FALSE,FALSE,FALSE,,
"TCONS_00230985","XLOC_043761","DNAJC18",0.032,0.948204732062683,0.0282513445974919,FALSE,,,,,TRUE,FALSE,FALSE,FALSE,FALSE,,
"TCONS_00230987","XLOC_043761","DNAJC18",0.024,0.954718427594841,0.0282513445974919,FALSE,,,,,TRUE,FALSE,FALSE,FALSE,FALSE,,
"TCONS_00233947","XLOC_043761","DNAJC18",-0.0210666666666667,0.906761243760886,0.0282513445974919,FALSE,,,,,TRUE,FALSE,FALSE,FALSE,FALSE,,
"TCONS_00230994","XLOC_043762","STING1",-0.00796666666666667,0.97407731532897,0.00867340977595556,FALSE,,,,,TRUE,FALSE,FALSE,FALSE,FALSE,,
"TCONS_00230999","XLOC_043762","STING1",0.00536666666666667,0.793579301600089,0.00867340977595556,FALSE,,,,,TRUE,FALSE,FALSE,FALSE,FALSE,,
"TCONS_00231001","XLOC_043762","STING1",0.126633333333333,0.00867340977595556,0.00867340977595556,FALSE,,,,,TRUE,FALSE,FALSE,FALSE,FALSE,,
"TCONS_00231003","XLOC_043762","STING1",-0.100133333333333,0.166027550394304,0.00867340977595556,FALSE,,,,,TRUE,FALSE,FALSE,FALSE,FALSE,,
"TCONS_00231005","XLOC_043762","STING1",-0.0130666666666667,0.815236568334248,0.00867340977595556,FALSE,,,,,TRUE,FALSE,FALSE,FALSE,FALSE,,
"TCONS_00231007","XLOC_043762","STING1",0.00663333333333333,0.984363853200368,0.00867340977595556,FALSE,,,,,TRUE,FALSE,FALSE,FALSE,FALSE,,
"TCONS_00233365","XLOC_043762","STING1",-0.0187,0.991054949347628,0.00867340977595556,FALSE,,,,,TRUE,FALSE,FALSE,FALSE,FALSE,,
"TCONS_00233948","XLOC_043762","STING1",0.0341333333333333,0.846156502185902,0.00867340977595556,FALSE,,,,,TRUE,FALSE,FALSE,FALSE,FALSE,,
"TCONS_00234794","XLOC_043762","STING1",-0.0529333333333333,0.245428271862924,0.00867340977595556,FALSE,,,,,TRUE,FALSE,FALSE,FALSE,FALSE,,
"TCONS_00234795","XLOC_043762","STING1",0.0201333333333333,0.587371830795745,0.00867340977595556,FALSE,,,,,TRUE,FALSE,FALSE,FALSE,FALSE,,
"TCONS_00231833","XLOC_043950","EBF1",-0.162866666666667,0.127244437326057,0.000148472170226697,FALSE,,,,,TRUE,FALSE,FALSE,FALSE,FALSE,,
"TCONS_00231836","XLOC_043950","EBF1",0.0312,0.92635212697874,0.000148472170226697,FALSE,,,,,TRUE,FALSE,FALSE,FALSE,FALSE,,
"TCONS_00231837","XLOC_043950","EBF1",-0.00243333333333334,0.985083612925441,0.000148472170226697,FALSE,,,,,TRUE,FALSE,FALSE,FALSE,FALSE,,
"TCONS_00231839","XLOC_043950","EBF1",-0.0155666666666667,0.8612756730412,0.000148472170226697,FALSE,,,,,TRUE,FALSE,FALSE,FALSE,FALSE,,
"TCONS_00231840","XLOC_043950","EBF1",0.135266666666667,0.000148472170226697,0.000148472170226697,FALSE,,,,,TRUE,FALSE,FALSE,FALSE,FALSE,,
"TCONS_00235947","XLOC_044269","TMEM170B",-0.1927,0.00243938725599055,0.00243938725599055,TRUE,,,,,TRUE,FALSE,TRUE,FALSE,FALSE,,
"TCONS_00248059","XLOC_044269","TMEM170B",0.1927,0.0117425052556171,0.00243938725599055,TRUE,,,,,TRUE,FALSE,TRUE,FALSE,FALSE,,
"TCONS_00236769","XLOC_044540","HLA-L",0.0415666666666667,0.447668739195586,0.00182622946462535,FALSE,,,,,TRUE,FALSE,FALSE,FALSE,FALSE,,
"TCONS_00236770","XLOC_044540","HLA-L",0.00516666666666667,0.999583534218161,0.00182622946462535,FALSE,,,,,TRUE,FALSE,FALSE,FALSE,FALSE,,
"TCONS_00236771","XLOC_044540","HLA-L",-0.00766666666666667,0.946490808625771,0.00182622946462535,FALSE,,,,,TRUE,FALSE,FALSE,FALSE,FALSE,,
"TCONS_00236773","XLOC_044540","HLA-L",0.1558,0.538808079892483,0.00182622946462535,FALSE,,,,,TRUE,FALSE,FALSE,FALSE,FALSE,,
"TCONS_00236774","XLOC_044540","HLA-L",0.0144,0.90639587079412,0.00182622946462535,FALSE,,,,,TRUE,FALSE,FALSE,FALSE,FALSE,,
"TCONS_00236777","XLOC_044540","HLA-L",-0.4149,0.00182622946462535,0.00182622946462535,TRUE,,,,,TRUE,FALSE,TRUE,FALSE,FALSE,,
"TCONS_00236778","XLOC_044540","HLA-L",0.223266666666667,0.15706004557355,0.00182622946462535,FALSE,,,,,TRUE,FALSE,FALSE,FALSE,FALSE,,
"TCONS_00236779","XLOC_044540","HLA-L",0.00696666666666667,1,0.00182622946462535,FALSE,,,,,TRUE,FALSE,FALSE,FALSE,FALSE,,
"TCONS_00238057","XLOC_044803","TMEM63B",0.236833333333333,1.91364876520816e-14,1.91364876520816e-14,TRUE,,,,,TRUE,FALSE,TRUE,FALSE,FALSE,,
"TCONS_00238059","XLOC_044803","TMEM63B",-0.2477,7.07296511180653e-09,1.91364876520816e-14,TRUE,,,,,TRUE,FALSE,TRUE,FALSE,FALSE,,
"TCONS_00238060","XLOC_044803","TMEM63B",0.00996666666666667,0.822457089079578,1.91364876520816e-14,FALSE,,,,,TRUE,FALSE,FALSE,FALSE,FALSE,,
"TCONS_00238062","XLOC_044803","TMEM63B",-0.0076,0.992952687216,1.91364876520816e-14,FALSE,,,,,TRUE,FALSE,FALSE,FALSE,FALSE,,
"TCONS_00238767","XLOC_044995","SH3BGRL2",0.0106333333333333,0.868697123832554,3.98945235563398e-09,FALSE,,,,,TRUE,FALSE,FALSE,FALSE,FALSE,,
"TCONS_00238768","XLOC_044995","SH3BGRL2",-0.0137333333333333,0.710120990158738,3.98945235563398e-09,FALSE,,,,,TRUE,FALSE,FALSE,FALSE,FALSE,,
"TCONS_00238769","XLOC_044995","SH3BGRL2",-0.0388666666666667,0.937910339651863,3.98945235563398e-09,FALSE,,,,,TRUE,FALSE,FALSE,FALSE,FALSE,,
"TCONS_00238774","XLOC_044995","SH3BGRL2",0.3214,0.000593938999512446,3.98945235563398e-09,TRUE,,,,,TRUE,FALSE,TRUE,FALSE,FALSE,,
"TCONS_00248317","XLOC_044995","SH3BGRL2",-0.0118,0.955257583478351,3.98945235563398e-09,FALSE,,,,,TRUE,FALSE,FALSE,FALSE,FALSE,,
"TCONS_00248318","XLOC_044995","SH3BGRL2",-0.0273666666666667,0.0708404438948843,3.98945235563398e-09,FALSE,,,,,TRUE,FALSE,FALSE,FALSE,FALSE,,
"TCONS_00248319","XLOC_044995","SH3BGRL2",-0.2423,3.98945235563398e-09,3.98945235563398e-09,TRUE,,,,,TRUE,FALSE,TRUE,FALSE,FALSE,,
"TCONS_00249279","XLOC_044995","SH3BGRL2",-0.00156666666666666,1,3.98945235563398e-09,FALSE,,,,,TRUE,FALSE,FALSE,FALSE,FALSE,,
"TCONS_00238809","XLOC_045015","TPBG",-0.00103333333333333,0.995117887515737,4.29814564144552e-15,FALSE,,,,,TRUE,FALSE,FALSE,FALSE,FALSE,,
"TCONS_00238810","XLOC_045015","TPBG",0.121933333333333,4.29814564144552e-15,4.29814564144552e-15,FALSE,,,,,TRUE,FALSE,FALSE,FALSE,FALSE,,
"TCONS_00238811","XLOC_045015","TPBG",-0.1209,2.79749111168655e-06,4.29814564144552e-15,FALSE,,,,,TRUE,FALSE,FALSE,FALSE,FALSE,,
"TCONS_00239415","XLOC_045207","GTF3C6",-0.164933333333333,6.8437881868678e-13,6.8437881868678e-13,TRUE,,,,,TRUE,FALSE,TRUE,FALSE,FALSE,,
"TCONS_00239416","XLOC_045207","GTF3C6",-0.0088,0.756034557909293,6.8437881868678e-13,FALSE,,,,,TRUE,FALSE,FALSE,FALSE,FALSE,,
"TCONS_00246969","XLOC_045207","GTF3C6",0.047,0.366087339117543,6.8437881868678e-13,FALSE,,,,,TRUE,FALSE,FALSE,FALSE,FALSE,,
"TCONS_00247644","XLOC_045207","GTF3C6",0.166866666666667,8.6625237221854e-12,6.8437881868678e-13,TRUE,,,,,TRUE,FALSE,TRUE,FALSE,FALSE,,
"TCONS_00249316","XLOC_045207","GTF3C6",-0.0412,0.550774754592132,6.8437881868678e-13,FALSE,,,,,TRUE,FALSE,FALSE,FALSE,FALSE,,
"TCONS_00239725","XLOC_045300","NCOA7",-0.0247666666666667,0.0128431110947213,5.2019501148491e-153,FALSE,-0.0358,0.227576602416459,1.35614248176704e-13,FALSE,TRUE,TRUE,FALSE,FALSE,TRUE,TRUE,0.0110333333333333
"TCONS_00239726","XLOC_045300","NCOA7",-0.0425333333333333,0.000289560694395628,5.2019501148491e-153,FALSE,,,,,TRUE,FALSE,FALSE,FALSE,FALSE,,
"TCONS_00239727","XLOC_045300","NCOA7",-0.157566666666667,2.67896181909486e-21,5.2019501148491e-153,TRUE,-0.186366666666667,1.35614248176704e-13,1.35614248176704e-13,TRUE,TRUE,TRUE,TRUE,TRUE,TRUE,TRUE,0.0288
"TCONS_00239728","XLOC_045300","NCOA7",-0.0637666666666667,1.75727447708716e-07,5.2019501148491e-153,FALSE,-0.0388333333333333,0.300057718793328,1.35614248176704e-13,FALSE,TRUE,TRUE,FALSE,FALSE,TRUE,TRUE,0.0249333333333333
"TCONS_00239734","XLOC_045300","NCOA7",0.652166666666667,5.2019501148491e-153,5.2019501148491e-153,TRUE,0.522466666666667,1.63062136893165e-13,1.35614248176704e-13,TRUE,TRUE,TRUE,TRUE,TRUE,TRUE,TRUE,0.1297
"TCONS_00248414","XLOC_045300","NCOA7",-0.201666666666667,1.40605233650904e-08,5.2019501148491e-153,TRUE,-0.103,1.09506852269333e-07,1.35614248176704e-13,FALSE,TRUE,TRUE,TRUE,FALSE,TRUE,TRUE,0.0986666666666667
"TCONS_00248415","XLOC_045300","NCOA7",-0.0327,0.710455351996673,5.2019501148491e-153,FALSE,-0.0757666666666667,0.0078481122182727,1.35614248176704e-13,FALSE,TRUE,TRUE,FALSE,FALSE,TRUE,TRUE,0.0430666666666667
"TCONS_00248416","XLOC_045300","NCOA7",-0.116966666666667,0.451844744600451,5.2019501148491e-153,FALSE,-0.0262666666666667,1,1.35614248176704e-13,FALSE,TRUE,TRUE,FALSE,FALSE,TRUE,TRUE,0.0907
"TCONS_00240652","XLOC_045554","SYNJ2",-0.021,0.935548725203104,0.00288113707677642,FALSE,,,,,TRUE,FALSE,FALSE,FALSE,FALSE,,
"TCONS_00240654","XLOC_045554","SYNJ2",-0.0281666666666667,0.851695367287676,0.00288113707677642,FALSE,,,,,TRUE,FALSE,FALSE,FALSE,FALSE,,
"TCONS_00240656","XLOC_045554","SYNJ2",-0.1423,0.0352366555036896,0.00288113707677642,FALSE,,,,,TRUE,FALSE,FALSE,FALSE,FALSE,,
"TCONS_00247048","XLOC_045554","SYNJ2",0.1659,0.00288113707677642,0.00288113707677642,TRUE,,,,,TRUE,FALSE,TRUE,FALSE,FALSE,,
"TCONS_00247708","XLOC_045554","SYNJ2",0.00966666666666667,0.764834697721233,0.00288113707677642,FALSE,,,,,TRUE,FALSE,FALSE,FALSE,FALSE,,
"TCONS_00247709","XLOC_045554","SYNJ2",0.0153,0.63665107721406,0.00288113707677642,FALSE,,,,,TRUE,FALSE,FALSE,FALSE,FALSE,,
"TCONS_00242516","XLOC_046083","PBX2",-0.0106333333333333,0.312978970562799,6.72851755932944e-13,FALSE,,,,,TRUE,FALSE,FALSE,FALSE,FALSE,,
"TCONS_00242518","XLOC_046083","PBX2",-0.00103333333333333,0.992087171729786,6.72851755932944e-13,FALSE,,,,,TRUE,FALSE,FALSE,FALSE,FALSE,,
"TCONS_00242519","XLOC_046083","PBX2",0.0102666666666667,0.244022348175011,6.72851755932944e-13,FALSE,,,,,TRUE,FALSE,FALSE,FALSE,FALSE,,
"TCONS_00242520","XLOC_046083","PBX2",0.0165,0.00948002338942133,6.72851755932944e-13,FALSE,,,,,TRUE,FALSE,FALSE,FALSE,FALSE,,
"TCONS_00242521","XLOC_046083","PBX2",-0.1254,6.15104499103903e-06,6.72851755932944e-13,FALSE,,,,,TRUE,FALSE,FALSE,FALSE,FALSE,,
"TCONS_00242522","XLOC_046083","PBX2",-0.00503333333333333,0.199322187327591,6.72851755932944e-13,FALSE,,,,,TRUE,FALSE,FALSE,FALSE,FALSE,,
"TCONS_00242523","XLOC_046083","PBX2",-0.0156666666666667,0.152231561601788,6.72851755932944e-13,FALSE,,,,,TRUE,FALSE,FALSE,FALSE,FALSE,,
"TCONS_00247818","XLOC_046083","PBX2",0.153266666666667,6.72851755932944e-13,6.72851755932944e-13,TRUE,,,,,TRUE,FALSE,TRUE,FALSE,FALSE,,
"TCONS_00247819","XLOC_046083","PBX2",-0.0194333333333333,0.436327989548543,6.72851755932944e-13,FALSE,,,,,TRUE,FALSE,FALSE,FALSE,FALSE,,
"TCONS_00248631","XLOC_046083","PBX2",-0.00626666666666667,0.881904696655096,6.72851755932944e-13,FALSE,,,,,TRUE,FALSE,FALSE,FALSE,FALSE,,
"TCONS_00242545","XLOC_046087","HLA-DRB5",0.0239666666666667,0.826840154289939,2.28129492866035e-06,FALSE,,,,,TRUE,FALSE,FALSE,FALSE,FALSE,,
"TCONS_00247161","XLOC_046087","HLA-DRB5",0.1045,0.0875411973021964,2.28129492866035e-06,FALSE,,,,,TRUE,FALSE,FALSE,FALSE,FALSE,,
"TCONS_00247820","XLOC_046087","HLA-DRB5",-0.0026,0.931557580143327,2.28129492866035e-06,FALSE,,,,,TRUE,FALSE,FALSE,FALSE,FALSE,,
"TCONS_00247821","XLOC_046087","HLA-DRB5",-0.138133333333333,2.28129492866035e-06,2.28129492866035e-06,FALSE,,,,,TRUE,FALSE,FALSE,FALSE,FALSE,,
"TCONS_00242558","XLOC_046091","HLA-DQB1",0.193533333333333,0.0125919493286135,0.0125919493286135,TRUE,,,,,TRUE,FALSE,TRUE,FALSE,FALSE,,
"TCONS_00242559","XLOC_046091","HLA-DQB1",-0.0612,0.173623665488918,0.0125919493286135,FALSE,,,,,TRUE,FALSE,FALSE,FALSE,FALSE,,
"TCONS_00242562","XLOC_046091","HLA-DQB1",-0.1276,0.57480217608851,0.0125919493286135,FALSE,,,,,TRUE,FALSE,FALSE,FALSE,FALSE,,
"TCONS_00247166","XLOC_046091","HLA-DQB1",-0.00323333333333333,0.981594597687517,0.0125919493286135,FALSE,,,,,TRUE,FALSE,FALSE,FALSE,FALSE,,
"TCONS_00247827","XLOC_046091","HLA-DQB1",-0.0161666666666667,0.470312718632173,0.0125919493286135,FALSE,,,,,TRUE,FALSE,FALSE,FALSE,FALSE,,
"TCONS_00243381","XLOC_046278","PLA2G7",-0.00516666666666668,0.964944494114539,0.00861939876725383,FALSE,,,,,TRUE,FALSE,FALSE,FALSE,FALSE,,
"TCONS_00247229","XLOC_046278","PLA2G7",0.0157666666666667,0.927812900444187,0.00861939876725383,FALSE,,,,,TRUE,FALSE,FALSE,FALSE,FALSE,,
"TCONS_00247238","XLOC_046278","PLA2G7",-0.0109333333333334,0.962199781009838,0.00861939876725383,FALSE,,,,,TRUE,FALSE,FALSE,FALSE,FALSE,,
"TCONS_00247239","XLOC_046278","PLA2G7",-0.255733333333333,0.00861939876725383,0.00861939876725383,TRUE,,,,,TRUE,FALSE,TRUE,FALSE,FALSE,,
"TCONS_00247887","XLOC_046278","PLA2G7",-0.00649999999999999,0.907987791787208,0.00861939876725383,FALSE,,,,,TRUE,FALSE,FALSE,FALSE,FALSE,,
"TCONS_00247888","XLOC_046278","PLA2G7",0.00523333333333334,0.977138612345112,0.00861939876725383,FALSE,,,,,TRUE,FALSE,FALSE,FALSE,FALSE,,
"TCONS_00247889","XLOC_046278","PLA2G7",0.270866666666667,0.0326939338918974,0.00861939876725383,TRUE,,,,,TRUE,FALSE,TRUE,FALSE,FALSE,,
"TCONS_00244473","XLOC_046547","BACH2",-0.1761,0.49657504788009,0.0257704052365238,FALSE,,,,,TRUE,FALSE,FALSE,FALSE,FALSE,,
"TCONS_00244474","XLOC_046547","BACH2",0.0274666666666667,0.899381581304158,0.0257704052365238,FALSE,,,,,TRUE,FALSE,FALSE,FALSE,FALSE,,
"TCONS_00244476","XLOC_046547","BACH2",0.0213333333333333,0.870977843058354,0.0257704052365238,FALSE,,,,,TRUE,FALSE,FALSE,FALSE,FALSE,,
"TCONS_00244479","XLOC_046547","BACH2",0.0183666666666667,0.928728609397637,0.0257704052365238,FALSE,,,,,TRUE,FALSE,FALSE,FALSE,FALSE,,
"TCONS_00244481","XLOC_046547","BACH2",-0.0216666666666667,0.826548895144436,0.0257704052365238,FALSE,,,,,TRUE,FALSE,FALSE,FALSE,FALSE,,
"TCONS_00244482","XLOC_046547","BACH2",0.1194,0.0257704052365238,0.0257704052365238,FALSE,,,,,TRUE,FALSE,FALSE,FALSE,FALSE,,
"TCONS_00244484","XLOC_046547","BACH2",0.0459333333333333,0.630406086092638,0.0257704052365238,FALSE,,,,,TRUE,FALSE,FALSE,FALSE,FALSE,,
"TCONS_00244485","XLOC_046547","BACH2",-0.0527333333333333,0.653778627034898,0.0257704052365238,FALSE,,,,,TRUE,FALSE,FALSE,FALSE,FALSE,,
"TCONS_00244819","XLOC_046645","SESN1",0.123866666666667,3.29829842821131e-10,3.29829842821131e-10,FALSE,0.136633333333333,0.851052606259693,0.00103508574259357,FALSE,TRUE,TRUE,FALSE,FALSE,TRUE,TRUE,0.0127666666666667
"TCONS_00244821","XLOC_046645","SESN1",-0.152266666666667,0.000545410978736208,3.29829842821131e-10,TRUE,-0.0293,1,0.00103508574259357,FALSE,TRUE,TRUE,TRUE,FALSE,TRUE,TRUE,0.122966666666667
"TCONS_00244823","XLOC_046645","SESN1",0.000433333333333334,0.776781909277712,3.29829842821131e-10,FALSE,,,,,TRUE,FALSE,FALSE,FALSE,FALSE,,
"TCONS_00244824","XLOC_046645","SESN1",-0.000133333333333333,0.976729239561001,3.29829842821131e-10,FALSE,0.00186666666666667,1,0.00103508574259357,FALSE,TRUE,TRUE,FALSE,FALSE,TRUE,FALSE,0.002
"TCONS_00248925","XLOC_046645","SESN1",-0.0414666666666667,0.932610778985388,3.29829842821131e-10,FALSE,-0.2499,0.00103508574259357,0.00103508574259357,TRUE,TRUE,TRUE,FALSE,TRUE,TRUE,TRUE,0.208433333333333
"TCONS_00248926","XLOC_046645","SESN1",-0.0477666666666667,0.6712661080203,3.29829842821131e-10,FALSE,-0.0192,1,0.00103508574259357,FALSE,TRUE,TRUE,FALSE,FALSE,TRUE,TRUE,0.0285666666666667
"TCONS_00248927","XLOC_046645","SESN1",0.113033333333333,0.983356749684,3.29829842821131e-10,FALSE,0.187166666666667,1,0.00103508574259357,FALSE,TRUE,TRUE,FALSE,FALSE,TRUE,TRUE,0.0741333333333333
"TCONS_00246073","XLOC_046933","KATNA1",-0.0520333333333333,0.680210613345043,0.000584024456279468,FALSE,,,,,TRUE,FALSE,FALSE,FALSE,FALSE,,
"TCONS_00246074","XLOC_046933","KATNA1",0.214433333333333,0.000584024456279468,0.000584024456279468,TRUE,,,,,TRUE,FALSE,TRUE,FALSE,FALSE,,
"TCONS_00246077","XLOC_046933","KATNA1",-0.0164666666666667,0.416807947113757,0.000584024456279468,FALSE,,,,,TRUE,FALSE,FALSE,FALSE,FALSE,,
"TCONS_00246079","XLOC_046933","KATNA1",-0.115533333333333,0.0751757126589265,0.000584024456279468,FALSE,,,,,TRUE,FALSE,FALSE,FALSE,FALSE,,
"TCONS_00249089","XLOC_046933","KATNA1",-0.0588666666666667,0.701945381322132,0.000584024456279468,FALSE,,,,,TRUE,FALSE,FALSE,FALSE,FALSE,,
"TCONS_00249090","XLOC_046933","KATNA1",0.0252,0.804550715537778,0.000584024456279468,FALSE,,,,,TRUE,FALSE,FALSE,FALSE,FALSE,,
"TCONS_00246244","XLOC_046969","IPCEF1",-0.289966666666667,1.39332275924064e-30,1.39332275924064e-30,TRUE,,,,,TRUE,FALSE,TRUE,FALSE,FALSE,,
"TCONS_00246245","XLOC_046969","IPCEF1",-0.213033333333333,8.88383964232765e-07,1.39332275924064e-30,TRUE,,,,,TRUE,FALSE,TRUE,FALSE,FALSE,,
"TCONS_00246256","XLOC_046969","IPCEF1",-0.0218,0.100216533911517,1.39332275924064e-30,FALSE,,,,,TRUE,FALSE,FALSE,FALSE,FALSE,,
"TCONS_00246257","XLOC_046969","IPCEF1",0.0299666666666667,0.000106868726219818,1.39332275924064e-30,FALSE,,,,,TRUE,FALSE,FALSE,FALSE,FALSE,,
"TCONS_00248016","XLOC_046969","IPCEF1",0.2238,2.162411640843e-14,1.39332275924064e-30,TRUE,,,,,TRUE,FALSE,TRUE,FALSE,FALSE,,
"TCONS_00249101","XLOC_046969","IPCEF1",-0.0144666666666667,0.43961017658963,1.39332275924064e-30,FALSE,,,,,TRUE,FALSE,FALSE,FALSE,FALSE,,
"TCONS_00249103","XLOC_046969","IPCEF1",-0.00246666666666667,0.886463783333977,1.39332275924064e-30,FALSE,,,,,TRUE,FALSE,FALSE,FALSE,FALSE,,
"TCONS_00249104","XLOC_046969","IPCEF1",0.173466666666667,4.17374607303467e-06,1.39332275924064e-30,TRUE,,,,,TRUE,FALSE,TRUE,FALSE,FALSE,,
"TCONS_00249105","XLOC_046969","IPCEF1",0.160466666666667,1.04073390568977e-26,1.39332275924064e-30,TRUE,,,,,TRUE,FALSE,TRUE,FALSE,FALSE,,
"TCONS_00250692","XLOC_047343","CREB5",0.179466666666667,2.91543561034334e-05,2.91543561034334e-05,TRUE,,,,,TRUE,FALSE,TRUE,FALSE,FALSE,,
"TCONS_00250693","XLOC_047343","CREB5",0.0492666666666667,0.783815974056975,2.91543561034334e-05,FALSE,,,,,TRUE,FALSE,FALSE,FALSE,FALSE,,
"TCONS_00250695","XLOC_047343","CREB5",-0.249666666666667,0.265611519188421,2.91543561034334e-05,FALSE,,,,,TRUE,FALSE,FALSE,FALSE,FALSE,,
"TCONS_00250698","XLOC_047343","CREB5",0.0125,0.912177008396445,2.91543561034334e-05,FALSE,,,,,TRUE,FALSE,FALSE,FALSE,FALSE,,
"TCONS_00250699","XLOC_047343","CREB5",0.0121,0.982492649587576,2.91543561034334e-05,FALSE,,,,,TRUE,FALSE,FALSE,FALSE,FALSE,,
"TCONS_00250700","XLOC_047343","CREB5",0.00979999999999999,0.959949853374053,2.91543561034334e-05,FALSE,,,,,TRUE,FALSE,FALSE,FALSE,FALSE,,
"TCONS_00250702","XLOC_047343","CREB5",-0.0537,0.967317580179611,2.91543561034334e-05,FALSE,,,,,TRUE,FALSE,FALSE,FALSE,FALSE,,
"TCONS_00250704","XLOC_047343","CREB5",0.0333333333333333,0.959529802083381,2.91543561034334e-05,FALSE,,,,,TRUE,FALSE,FALSE,FALSE,FALSE,,
"TCONS_00251124","XLOC_047438","RALA",-0.0128666666666667,0.735025617712236,0.0246286119520382,FALSE,,,,,TRUE,FALSE,FALSE,FALSE,FALSE,,
"TCONS_00251125","XLOC_047438","RALA",-0.0147666666666667,0.983456452933615,0.0246286119520382,FALSE,,,,,TRUE,FALSE,FALSE,FALSE,FALSE,,
"TCONS_00261407","XLOC_047438","RALA",-0.107866666666667,0.340566980336585,0.0246286119520382,FALSE,,,,,TRUE,FALSE,FALSE,FALSE,FALSE,,
"TCONS_00261987","XLOC_047438","RALA",0.000733333333333334,0.966346713053959,0.0246286119520382,FALSE,,,,,TRUE,FALSE,FALSE,FALSE,FALSE,,
"TCONS_00262488","XLOC_047438","RALA",0.107966666666667,0.0246286119520382,0.0246286119520382,FALSE,,,,,TRUE,FALSE,FALSE,FALSE,FALSE,,
"TCONS_00263263","XLOC_047438","RALA",0.0214666666666667,0.27074948162947,0.0246286119520382,FALSE,,,,,TRUE,FALSE,FALSE,FALSE,FALSE,,
"TCONS_00251849","XLOC_047702","TPST1",-0.00876666666666667,0.704994289967254,0.0110369895366476,FALSE,,,,,TRUE,FALSE,FALSE,FALSE,FALSE,,
"TCONS_00251850","XLOC_047702","TPST1",0.0155666666666667,0.864497768804982,0.0110369895366476,FALSE,,,,,TRUE,FALSE,FALSE,FALSE,FALSE,,
"TCONS_00251851","XLOC_047702","TPST1",-0.1031,0.0279149154790365,0.0110369895366476,FALSE,,,,,TRUE,FALSE,FALSE,FALSE,FALSE,,
"TCONS_00261433","XLOC_047702","TPST1",-0.0163,0.870963612323582,0.0110369895366476,FALSE,,,,,TRUE,FALSE,FALSE,FALSE,FALSE,,
"TCONS_00262524","XLOC_047702","TPST1",0.121433333333333,0.0110369895366476,0.0110369895366476,FALSE,,,,,TRUE,FALSE,FALSE,FALSE,FALSE,,
"TCONS_00255594","XLOC_048605","PRKAR1B",-0.137233333333333,0.0248428816297697,0.0101647700830129,FALSE,,,,,TRUE,FALSE,FALSE,FALSE,FALSE,,
"TCONS_00255595","XLOC_048605","PRKAR1B",-0.0363,0.475985863684112,0.0101647700830129,FALSE,,,,,TRUE,FALSE,FALSE,FALSE,FALSE,,
"TCONS_00255597","XLOC_048605","PRKAR1B",0.177733333333333,0.0101647700830129,0.0101647700830129,TRUE,,,,,TRUE,FALSE,TRUE,FALSE,FALSE,,
"TCONS_00256059","XLOC_048717","MEOX2",-0.165966666666667,0.00631932226601232,0.00631932226601232,TRUE,,,,,TRUE,FALSE,TRUE,FALSE,FALSE,,
"TCONS_00263438","XLOC_048717","MEOX2",0.165966666666667,0.0559793150859673,0.00631932226601232,FALSE,,,,,TRUE,FALSE,FALSE,FALSE,FALSE,,
"TCONS_00256295","XLOC_048781","GSDME",-0.169533333333333,0.247465468456019,4.94647877250645e-10,FALSE,,,,,TRUE,FALSE,FALSE,FALSE,FALSE,,
"TCONS_00256296","XLOC_048781","GSDME",0.148,4.94647877250645e-10,4.94647877250645e-10,FALSE,,,,,TRUE,FALSE,FALSE,FALSE,FALSE,,
"TCONS_00256297","XLOC_048781","GSDME",0.00206666666666667,0.956524629505371,4.94647877250645e-10,FALSE,,,,,TRUE,FALSE,FALSE,FALSE,FALSE,,
"TCONS_00256298","XLOC_048781","GSDME",-0.0313333333333333,0.756034557909293,4.94647877250645e-10,FALSE,,,,,TRUE,FALSE,FALSE,FALSE,FALSE,,
"TCONS_00256299","XLOC_048781","GSDME",0.0148,0.604720634454333,4.94647877250645e-10,FALSE,,,,,TRUE,FALSE,FALSE,FALSE,FALSE,,
"TCONS_00256300","XLOC_048781","GSDME",-0.00656666666666667,0.839981145506211,4.94647877250645e-10,FALSE,,,,,TRUE,FALSE,FALSE,FALSE,FALSE,,
"TCONS_00256303","XLOC_048781","GSDME",0.00333333333333333,0.895983318012647,4.94647877250645e-10,FALSE,,,,,TRUE,FALSE,FALSE,FALSE,FALSE,,
"TCONS_00256304","XLOC_048781","GSDME",6.6666666666668e-05,0.999894199129116,4.94647877250645e-10,FALSE,,,,,TRUE,FALSE,FALSE,FALSE,FALSE,,
"TCONS_00262837","XLOC_048781","GSDME",0.0968,0.764186321468076,4.94647877250645e-10,FALSE,,,,,TRUE,FALSE,FALSE,FALSE,FALSE,,
"TCONS_00262838","XLOC_048781","GSDME",-0.0501,0.794496911255029,4.94647877250645e-10,FALSE,,,,,TRUE,FALSE,FALSE,FALSE,FALSE,,
"TCONS_00263447","XLOC_048781","GSDME",-0.00823333333333333,0.875577095545284,4.94647877250645e-10,FALSE,,,,,TRUE,FALSE,FALSE,FALSE,FALSE,,
"TCONS_00257742","XLOC_049201","CALN1",0.0015,0.961313359925994,0.00124542103984321,FALSE,,,,,TRUE,FALSE,FALSE,FALSE,FALSE,,
"TCONS_00257743","XLOC_049201","CALN1",0.263366666666667,0.00124542103984321,0.00124542103984321,TRUE,,,,,TRUE,FALSE,TRUE,FALSE,FALSE,,
"TCONS_00257744","XLOC_049201","CALN1",0.0259333333333333,0.883650866298144,0.00124542103984321,FALSE,,,,,TRUE,FALSE,FALSE,FALSE,FALSE,,
"TCONS_00257745","XLOC_049201","CALN1",-0.112533333333333,0.416865054311672,0.00124542103984321,FALSE,,,,,TRUE,FALSE,FALSE,FALSE,FALSE,,
"TCONS_00257746","XLOC_049201","CALN1",-0.230633333333333,0.425719152327649,0.00124542103984321,FALSE,,,,,TRUE,FALSE,FALSE,FALSE,FALSE,,
"TCONS_00263506","XLOC_049201","CALN1",0.0524333333333334,0.994562271781732,0.00124542103984321,FALSE,,,,,TRUE,FALSE,FALSE,FALSE,FALSE,,
"TCONS_00258456","XLOC_049353","CDK6",-0.1833,0.0229342444769525,0.0229342444769525,TRUE,,,,,TRUE,FALSE,TRUE,FALSE,FALSE,,
"TCONS_00258457","XLOC_049353","CDK6",0.183033333333333,0.0307333369966517,0.0229342444769525,TRUE,,,,,TRUE,FALSE,TRUE,FALSE,FALSE,,
"TCONS_00258488","XLOC_049364","TFPI2",0.2123,0.00207061808330961,0.00207061808330961,TRUE,,,,,TRUE,FALSE,TRUE,FALSE,FALSE,,
"TCONS_00258489","XLOC_049364","TFPI2",0.0134333333333333,0.753746592379231,0.00207061808330961,FALSE,,,,,TRUE,FALSE,FALSE,FALSE,FALSE,,
"TCONS_00258490","XLOC_049364","TFPI2",-0.0797333333333334,0.957947919264838,0.00207061808330961,FALSE,,,,,TRUE,FALSE,FALSE,FALSE,FALSE,,
"TCONS_00258492","XLOC_049364","TFPI2",-0.0596,0.836710055423341,0.00207061808330961,FALSE,,,,,TRUE,FALSE,FALSE,FALSE,FALSE,,
"TCONS_00263532","XLOC_049364","TFPI2",-0.109066666666667,0.0323631788072344,0.00207061808330961,FALSE,,,,,TRUE,FALSE,FALSE,FALSE,FALSE,,
"TCONS_00259103","XLOC_049429","ZCWPW1",-0.1536,0.00965283206606402,0.00965283206606402,TRUE,,,,,TRUE,FALSE,TRUE,FALSE,FALSE,,
"TCONS_00259104","XLOC_049429","ZCWPW1",0.0427,0.79481327210295,0.00965283206606402,FALSE,,,,,TRUE,FALSE,FALSE,FALSE,FALSE,,
"TCONS_00259105","XLOC_049429","ZCWPW1",-0.00896666666666666,0.775393799239022,0.00965283206606402,FALSE,,,,,TRUE,FALSE,FALSE,FALSE,FALSE,,
"TCONS_00259106","XLOC_049429","ZCWPW1",0.111633333333333,0.660994768130586,0.00965283206606402,FALSE,,,,,TRUE,FALSE,FALSE,FALSE,FALSE,,
"TCONS_00259107","XLOC_049429","ZCWPW1",0.018,0.893116890783793,0.00965283206606402,FALSE,,,,,TRUE,FALSE,FALSE,FALSE,FALSE,,
"TCONS_00259108","XLOC_049429","ZCWPW1",-0.0474,0.818467079215561,0.00965283206606402,FALSE,,,,,TRUE,FALSE,FALSE,FALSE,FALSE,,
"TCONS_00259109","XLOC_049429","ZCWPW1",-0.0463666666666667,0.829335822584217,0.00965283206606402,FALSE,,,,,TRUE,FALSE,FALSE,FALSE,FALSE,,
"TCONS_00259110","XLOC_049429","ZCWPW1",0.00396666666666667,0.989880353006612,0.00965283206606402,FALSE,,,,,TRUE,FALSE,FALSE,FALSE,FALSE,,
"TCONS_00259111","XLOC_049429","ZCWPW1",0.0269,0.988424668238572,0.00965283206606402,FALSE,,,,,TRUE,FALSE,FALSE,FALSE,FALSE,,
"TCONS_00263047","XLOC_049429","ZCWPW1",0.0235666666666667,0.857575803693611,0.00965283206606402,FALSE,,,,,TRUE,FALSE,FALSE,FALSE,FALSE,,
"TCONS_00263048","XLOC_049429","ZCWPW1",0.00443333333333333,0.996498487103905,0.00965283206606402,FALSE,,,,,TRUE,FALSE,FALSE,FALSE,FALSE,,
"TCONS_00263049","XLOC_049429","ZCWPW1",0.0296,0.933838420099386,0.00965283206606402,FALSE,,,,,TRUE,FALSE,FALSE,FALSE,FALSE,,
"TCONS_00259480","XLOC_049503","ATXN7L1",-0.0145666666666666,0.987751356121868,0.00910314622574393,FALSE,,,,,TRUE,FALSE,FALSE,FALSE,FALSE,,
"TCONS_00259481","XLOC_049503","ATXN7L1",0.109866666666667,0.298053822423635,0.00910314622574393,FALSE,,,,,TRUE,FALSE,FALSE,FALSE,FALSE,,
"TCONS_00259482","XLOC_049503","ATXN7L1",0.0194666666666667,0.909049687617228,0.00910314622574393,FALSE,,,,,TRUE,FALSE,FALSE,FALSE,FALSE,,
"TCONS_00259483","XLOC_049503","ATXN7L1",-0.00426666666666667,1,0.00910314622574393,FALSE,,,,,TRUE,FALSE,FALSE,FALSE,FALSE,,
"TCONS_00259485","XLOC_049503","ATXN7L1",0.000699999999999999,0.972078263711556,0.00910314622574393,FALSE,,,,,TRUE,FALSE,FALSE,FALSE,FALSE,,
"TCONS_00259486","XLOC_049503","ATXN7L1",0.0718666666666667,0.264121218609502,0.00910314622574393,FALSE,,,,,TRUE,FALSE,FALSE,FALSE,FALSE,,
"TCONS_00259487","XLOC_049503","ATXN7L1",-0.128866666666667,0.00910314622574393,0.00910314622574393,FALSE,,,,,TRUE,FALSE,FALSE,FALSE,FALSE,,
"TCONS_00259488","XLOC_049503","ATXN7L1",-0.0155666666666667,0.726024506438316,0.00910314622574393,FALSE,,,,,TRUE,FALSE,FALSE,FALSE,FALSE,,
"TCONS_00259490","XLOC_049503","ATXN7L1",-0.0527666666666667,0.695932023424933,0.00910314622574393,FALSE,,,,,TRUE,FALSE,FALSE,FALSE,FALSE,,
"TCONS_00261834","XLOC_049503","ATXN7L1",0.0163,0.83922424443933,0.00910314622574393,FALSE,,,,,TRUE,FALSE,FALSE,FALSE,FALSE,,
"TCONS_00260238","XLOC_049684","LINC-PINT",0.0864666666666667,0.0267639348924817,1.89050117261677e-05,FALSE,,,,,TRUE,FALSE,FALSE,FALSE,FALSE,,
"TCONS_00260240","XLOC_049684","LINC-PINT",-0.023,0.532784380099381,1.89050117261677e-05,FALSE,,,,,TRUE,FALSE,FALSE,FALSE,FALSE,,
"TCONS_00260243","XLOC_049684","LINC-PINT",0.0820333333333333,0.000729522715246472,1.89050117261677e-05,FALSE,,,,,TRUE,FALSE,FALSE,FALSE,FALSE,,
"TCONS_00260245","XLOC_049684","LINC-PINT",0.0028,0.93917829394839,1.89050117261677e-05,FALSE,,,,,TRUE,FALSE,FALSE,FALSE,FALSE,,
"TCONS_00260246","XLOC_049684","LINC-PINT",0.0263333333333333,0.708814095476309,1.89050117261677e-05,FALSE,,,,,TRUE,FALSE,FALSE,FALSE,FALSE,,
"TCONS_00260248","XLOC_049684","LINC-PINT",-0.0512333333333333,0.876626439745309,1.89050117261677e-05,FALSE,,,,,TRUE,FALSE,FALSE,FALSE,FALSE,,
"TCONS_00260250","XLOC_049684","LINC-PINT",-0.0183,0.607862028951459,1.89050117261677e-05,FALSE,,,,,TRUE,FALSE,FALSE,FALSE,FALSE,,
"TCONS_00260251","XLOC_049684","LINC-PINT",-0.0955666666666667,0.65774910819339,1.89050117261677e-05,FALSE,,,,,TRUE,FALSE,FALSE,FALSE,FALSE,,
"TCONS_00260252","XLOC_049684","LINC-PINT",-0.0282666666666667,0.855956567325237,1.89050117261677e-05,FALSE,,,,,TRUE,FALSE,FALSE,FALSE,FALSE,,
"TCONS_00260253","XLOC_049684","LINC-PINT",-0.141666666666667,0.232727833830585,1.89050117261677e-05,FALSE,,,,,TRUE,FALSE,FALSE,FALSE,FALSE,,
"TCONS_00260254","XLOC_049684","LINC-PINT",-0.0259333333333333,0.885817303591586,1.89050117261677e-05,FALSE,,,,,TRUE,FALSE,FALSE,FALSE,FALSE,,
"TCONS_00260256","XLOC_049684","LINC-PINT",-0.00583333333333333,0.988701683403119,1.89050117261677e-05,FALSE,,,,,TRUE,FALSE,FALSE,FALSE,FALSE,,
"TCONS_00260258","XLOC_049684","LINC-PINT",-0.0523,0.510281287632446,1.89050117261677e-05,FALSE,,,,,TRUE,FALSE,FALSE,FALSE,FALSE,,
"TCONS_00260262","XLOC_049684","LINC-PINT",-0.0267,0.901365509675898,1.89050117261677e-05,FALSE,,,,,TRUE,FALSE,FALSE,FALSE,FALSE,,
"TCONS_00260263","XLOC_049684","LINC-PINT",-0.0105666666666667,0.972388941842207,1.89050117261677e-05,FALSE,,,,,TRUE,FALSE,FALSE,FALSE,FALSE,,
"TCONS_00262332","XLOC_049684","LINC-PINT",0.0576666666666667,0.247538831972268,1.89050117261677e-05,FALSE,,,,,TRUE,FALSE,FALSE,FALSE,FALSE,,
"TCONS_00262333","XLOC_049684","LINC-PINT",0.089,1.89050117261677e-05,1.89050117261677e-05,FALSE,,,,,TRUE,FALSE,FALSE,FALSE,FALSE,,
"TCONS_00262334","XLOC_049684","LINC-PINT",0.0302,0.189068149778217,1.89050117261677e-05,FALSE,,,,,TRUE,FALSE,FALSE,FALSE,FALSE,,
"TCONS_00263577","XLOC_049684","LINC-PINT",-0.00623333333333333,0.932332651305784,1.89050117261677e-05,FALSE,,,,,TRUE,FALSE,FALSE,FALSE,FALSE,,
"TCONS_00263578","XLOC_049684","LINC-PINT",0.101666666666667,0.0389327281759681,1.89050117261677e-05,FALSE,,,,,TRUE,FALSE,FALSE,FALSE,FALSE,,
"TCONS_00264772","XLOC_050227","ELP3",-0.0121,0.959309491060619,0.00210649708901655,FALSE,,,,,TRUE,FALSE,FALSE,FALSE,FALSE,,
"TCONS_00264773","XLOC_050227","ELP3",-0.0149666666666667,0.914925135951968,0.00210649708901655,FALSE,,,,,TRUE,FALSE,FALSE,FALSE,FALSE,,
"TCONS_00264774","XLOC_050227","ELP3",-0.127266666666667,0.0704243072851893,0.00210649708901655,FALSE,,,,,TRUE,FALSE,FALSE,FALSE,FALSE,,
"TCONS_00273613","XLOC_050227","ELP3",-0.0233666666666666,0.873747783775529,0.00210649708901655,FALSE,,,,,TRUE,FALSE,FALSE,FALSE,FALSE,,
"TCONS_00274137","XLOC_050227","ELP3",0.1215,0.00210649708901655,0.00210649708901655,FALSE,,,,,TRUE,FALSE,FALSE,FALSE,FALSE,,
"TCONS_00274635","XLOC_050227","ELP3",0.0282,0.713716987011835,0.00210649708901655,FALSE,,,,,TRUE,FALSE,FALSE,FALSE,FALSE,,
"TCONS_00274637","XLOC_050227","ELP3",-0.0171333333333333,0.888161013048491,0.00210649708901655,FALSE,,,,,TRUE,FALSE,FALSE,FALSE,FALSE,,
"TCONS_00274638","XLOC_050227","ELP3",0.0541,0.958368553789872,0.00210649708901655,FALSE,,,,,TRUE,FALSE,FALSE,FALSE,FALSE,,
"TCONS_00266586","XLOC_050633","ZBTB10",0.0536666666666667,0.315569671797565,0.017537364587222,FALSE,,,,,TRUE,FALSE,FALSE,FALSE,FALSE,,
"TCONS_00266587","XLOC_050633","ZBTB10",-0.000533333333333334,0.997883321547107,0.017537364587222,FALSE,,,,,TRUE,FALSE,FALSE,FALSE,FALSE,,
"TCONS_00266588","XLOC_050633","ZBTB10",0.015,0.765304061537501,0.017537364587222,FALSE,,,,,TRUE,FALSE,FALSE,FALSE,FALSE,,
"TCONS_00266589","XLOC_050633","ZBTB10",-0.0427,0.696599079895596,0.017537364587222,FALSE,,,,,TRUE,FALSE,FALSE,FALSE,FALSE,,
"TCONS_00266590","XLOC_050633","ZBTB10",-0.0188666666666666,0.884600199037545,0.017537364587222,FALSE,,,,,TRUE,FALSE,FALSE,FALSE,FALSE,,
"TCONS_00273687","XLOC_050633","ZBTB10",0.108866666666667,0.017537364587222,0.017537364587222,FALSE,,,,,TRUE,FALSE,FALSE,FALSE,FALSE,,
"TCONS_00274800","XLOC_050633","ZBTB10",0.0305,0.294621283983134,0.017537364587222,FALSE,,,,,TRUE,FALSE,FALSE,FALSE,FALSE,,
"TCONS_00274801","XLOC_050633","ZBTB10",-0.129133333333333,0.0526907654313215,0.017537364587222,FALSE,,,,,TRUE,FALSE,FALSE,FALSE,FALSE,,
"TCONS_00275483","XLOC_050633","ZBTB10",-0.0167666666666667,0.922705936764372,0.017537364587222,FALSE,,,,,TRUE,FALSE,FALSE,FALSE,FALSE,,
"TCONS_00266714","XLOC_050677","CPNE3",-0.0153666666666666,0.934058174541106,1.02305615651591e-15,FALSE,,,,,TRUE,FALSE,FALSE,FALSE,FALSE,,
"TCONS_00266715","XLOC_050677","CPNE3",-0.000133333333333336,0.999894199129116,1.02305615651591e-15,FALSE,,,,,TRUE,FALSE,FALSE,FALSE,FALSE,,
"TCONS_00266716","XLOC_050677","CPNE3",0.0124666666666667,0.727776801095137,1.02305615651591e-15,FALSE,,,,,TRUE,FALSE,FALSE,FALSE,FALSE,,
"TCONS_00266718","XLOC_050677","CPNE3",0.1131,1.02305615651591e-15,1.02305615651591e-15,FALSE,,,,,TRUE,FALSE,FALSE,FALSE,FALSE,,
"TCONS_00274813","XLOC_050677","CPNE3",-0.102433333333333,0.379493575815527,1.02305615651591e-15,FALSE,,,,,TRUE,FALSE,FALSE,FALSE,FALSE,,
"TCONS_00271448","XLOC_051967","CCNE2",0.204166666666667,0.0443626055739112,0.0443626055739112,TRUE,,,,,TRUE,FALSE,TRUE,FALSE,FALSE,,
"TCONS_00271449","XLOC_051967","CCNE2",-0.000400000000000001,0.999894199129116,0.0443626055739112,FALSE,,,,,TRUE,FALSE,FALSE,FALSE,FALSE,,
"TCONS_00275190","XLOC_051967","CCNE2",-0.0897333333333333,0.561615799107081,0.0443626055739112,FALSE,,,,,TRUE,FALSE,FALSE,FALSE,FALSE,,
"TCONS_00275193","XLOC_051967","CCNE2",-0.148266666666667,0.239471952935512,0.0443626055739112,FALSE,,,,,TRUE,FALSE,FALSE,FALSE,FALSE,,
"TCONS_00275196","XLOC_051967","CCNE2",0.00863333333333333,0.991825319880826,0.0443626055739112,FALSE,,,,,TRUE,FALSE,FALSE,FALSE,FALSE,,
"TCONS_00275701","XLOC_051967","CCNE2",0.024,0.993301531086783,0.0443626055739112,FALSE,,,,,TRUE,FALSE,FALSE,FALSE,FALSE,,
"TCONS_00275702","XLOC_051967","CCNE2",0.0152,0.459528774425787,0.0443626055739112,FALSE,,,,,TRUE,FALSE,FALSE,FALSE,FALSE,,
"TCONS_00275703","XLOC_051967","CCNE2",-0.0231333333333333,0.959098217459947,0.0443626055739112,FALSE,,,,,TRUE,FALSE,FALSE,FALSE,FALSE,,
"TCONS_00275704","XLOC_051967","CCNE2",0.00836666666666667,0.810875853222063,0.0443626055739112,FALSE,,,,,TRUE,FALSE,FALSE,FALSE,FALSE,,
"TCONS_00276230","XLOC_052484","CNTLN",-0.0223,0.877028177849688,0.013781791627434,FALSE,,,,,TRUE,FALSE,FALSE,FALSE,FALSE,,
"TCONS_00276231","XLOC_052484","CNTLN",0.117566666666667,0.013781791627434,0.013781791627434,FALSE,,,,,TRUE,FALSE,FALSE,FALSE,FALSE,,
"TCONS_00276232","XLOC_052484","CNTLN",0.000899999999999998,0.996567194811929,0.013781791627434,FALSE,,,,,TRUE,FALSE,FALSE,FALSE,FALSE,,
"TCONS_00276233","XLOC_052484","CNTLN",-0.0119333333333333,0.68719722181439,0.013781791627434,FALSE,,,,,TRUE,FALSE,FALSE,FALSE,FALSE,,
"TCONS_00285123","XLOC_052484","CNTLN",-0.0128,0.907339925864237,0.013781791627434,FALSE,,,,,TRUE,FALSE,FALSE,FALSE,FALSE,,
"TCONS_00285829","XLOC_052484","CNTLN",0.0417,0.393348219438168,0.013781791627434,FALSE,,,,,TRUE,FALSE,FALSE,FALSE,FALSE,,
"TCONS_00285830","XLOC_052484","CNTLN",0.00363333333333335,0.991796872146177,0.013781791627434,FALSE,,,,,TRUE,FALSE,FALSE,FALSE,FALSE,,
"TCONS_00285831","XLOC_052484","CNTLN",-0.1169,0.316721762163731,0.013781791627434,FALSE,,,,,TRUE,FALSE,FALSE,FALSE,FALSE,,
"TCONS_00277172","XLOC_052815","CBWD3",-0.0103333333333333,0.790133413173275,0.00147964407671385,FALSE,,,,,TRUE,FALSE,FALSE,FALSE,FALSE,,
"TCONS_00277173","XLOC_052815","CBWD3",-0.233166666666667,0.534778348482888,0.00147964407671385,FALSE,,,,,TRUE,FALSE,FALSE,FALSE,FALSE,,
"TCONS_00277177","XLOC_052815","CBWD3",-0.00816666666666667,0.995017867341057,0.00147964407671385,FALSE,,,,,TRUE,FALSE,FALSE,FALSE,FALSE,,
"TCONS_00277178","XLOC_052815","CBWD3",-0.0285,0.999779088939979,0.00147964407671385,FALSE,,,,,TRUE,FALSE,FALSE,FALSE,FALSE,,
"TCONS_00277181","XLOC_052815","CBWD3",0.0788666666666667,0.249517342876803,0.00147964407671385,FALSE,,,,,TRUE,FALSE,FALSE,FALSE,FALSE,,
"TCONS_00277188","XLOC_052815","CBWD3",0.0258666666666667,0.554210686249952,0.00147964407671385,FALSE,,,,,TRUE,FALSE,FALSE,FALSE,FALSE,,
"TCONS_00277189","XLOC_052815","CBWD3",0.0187,0.391142551154229,0.00147964407671385,FALSE,,,,,TRUE,FALSE,FALSE,FALSE,FALSE,,
"TCONS_00277190","XLOC_052815","CBWD3",0.0122333333333333,0.686682536949371,0.00147964407671385,FALSE,,,,,TRUE,FALSE,FALSE,FALSE,FALSE,,
"TCONS_00284756","XLOC_052815","CBWD3",-0.00453333333333333,1,0.00147964407671385,FALSE,,,,,TRUE,FALSE,FALSE,FALSE,FALSE,,
"TCONS_00284757","XLOC_052815","CBWD3",-0.0449333333333333,0.945293289348354,0.00147964407671385,FALSE,,,,,TRUE,FALSE,FALSE,FALSE,FALSE,,
"TCONS_00285217","XLOC_052815","CBWD3",0.175133333333333,0.00147964407671385,0.00147964407671385,TRUE,,,,,TRUE,FALSE,TRUE,FALSE,FALSE,,
"TCONS_00285883","XLOC_052815","CBWD3",-0.0194333333333333,0.992979615600435,0.00147964407671385,FALSE,,,,,TRUE,FALSE,FALSE,FALSE,FALSE,,
"TCONS_00278851","XLOC_053277","ZNF79",0.1473,0.0174783420436851,0.0174783420436851,FALSE,,,,,TRUE,FALSE,FALSE,FALSE,FALSE,,
"TCONS_00278852","XLOC_053277","ZNF79",-0.0237333333333333,0.933870631787959,0.0174783420436851,FALSE,,,,,TRUE,FALSE,FALSE,FALSE,FALSE,,
"TCONS_00278854","XLOC_053277","ZNF79",0.00873333333333332,0.99986389392079,0.0174783420436851,FALSE,,,,,TRUE,FALSE,FALSE,FALSE,FALSE,,
"TCONS_00285976","XLOC_053277","ZNF79",-0.132333333333333,0.479558744357466,0.0174783420436851,FALSE,,,,,TRUE,FALSE,FALSE,FALSE,FALSE,,
"TCONS_00280614","XLOC_053601","HACD4",0.00213333333333333,0.989562209856042,0.00137849471185097,FALSE,,,,,TRUE,FALSE,FALSE,FALSE,FALSE,,
"TCONS_00284448","XLOC_053601","HACD4",0.1482,0.00137849471185097,0.00137849471185097,FALSE,,,,,TRUE,FALSE,FALSE,FALSE,FALSE,,
"TCONS_00285533","XLOC_053601","HACD4",-0.160366666666667,0.135565838610656,0.00137849471185097,FALSE,,,,,TRUE,FALSE,FALSE,FALSE,FALSE,,
"TCONS_00285534","XLOC_053601","HACD4",0.0360666666666667,0.743599030139549,0.00137849471185097,FALSE,,,,,TRUE,FALSE,FALSE,FALSE,FALSE,,
"TCONS_00285535","XLOC_053601","HACD4",-0.0249,0.819772709991024,0.00137849471185097,FALSE,,,,,TRUE,FALSE,FALSE,FALSE,FALSE,,
"TCONS_00280759","XLOC_053671","TOPORS",-0.177766666666667,3.78720139090672e-12,1.08267617469272e-36,TRUE,,,,,TRUE,FALSE,TRUE,FALSE,FALSE,,
"TCONS_00284893","XLOC_053671","TOPORS",0.0352666666666667,0.578886030560727,1.08267617469272e-36,FALSE,,,,,TRUE,FALSE,FALSE,FALSE,FALSE,,
"TCONS_00284894","XLOC_053671","TOPORS",0.041,0.322569487422647,1.08267617469272e-36,FALSE,,,,,TRUE,FALSE,FALSE,FALSE,FALSE,,
"TCONS_00284897","XLOC_053671","TOPORS",0.0498333333333333,0.124547838058201,1.08267617469272e-36,FALSE,,,,,TRUE,FALSE,FALSE,FALSE,FALSE,,
"TCONS_00284900","XLOC_053671","TOPORS",-0.00793333333333333,0.872910398469817,1.08267617469272e-36,FALSE,,,,,TRUE,FALSE,FALSE,FALSE,FALSE,,
"TCONS_00285540","XLOC_053671","TOPORS",-0.281966666666667,1.08267617469272e-36,1.08267617469272e-36,TRUE,,,,,TRUE,FALSE,TRUE,FALSE,FALSE,,
"TCONS_00286048","XLOC_053671","TOPORS",0.0569333333333333,0.205965594903558,1.08267617469272e-36,FALSE,,,,,TRUE,FALSE,FALSE,FALSE,FALSE,,
"TCONS_00286052","XLOC_053671","TOPORS",0.0654666666666667,0.0295272270253998,1.08267617469272e-36,FALSE,,,,,TRUE,FALSE,FALSE,FALSE,FALSE,,
"TCONS_00286053","XLOC_053671","TOPORS",0.0235666666666667,0.539353353431808,1.08267617469272e-36,FALSE,,,,,TRUE,FALSE,FALSE,FALSE,FALSE,,
"TCONS_00286055","XLOC_053671","TOPORS",0.174966666666667,3.96275488032188e-22,1.08267617469272e-36,TRUE,,,,,TRUE,FALSE,TRUE,FALSE,FALSE,,
"TCONS_00281097","XLOC_053739","CD72",-0.0264,0.986185712802842,0.0440967817837409,FALSE,,,,,TRUE,FALSE,FALSE,FALSE,FALSE,,
"TCONS_00281098","XLOC_053739","CD72",0.0122666666666667,0.989787220306365,0.0440967817837409,FALSE,,,,,TRUE,FALSE,FALSE,FALSE,FALSE,,
"TCONS_00281100","XLOC_053739","CD72",-0.0239333333333333,0.929276388765821,0.0440967817837409,FALSE,,,,,TRUE,FALSE,FALSE,FALSE,FALSE,,
"TCONS_00281103","XLOC_053739","CD72",0.0389333333333333,0.8976846597499,0.0440967817837409,FALSE,,,,,TRUE,FALSE,FALSE,FALSE,FALSE,,
"TCONS_00281104","XLOC_053739","CD72",0.1127,0.36224309691541,0.0440967817837409,FALSE,,,,,TRUE,FALSE,FALSE,FALSE,FALSE,,
"TCONS_00281107","XLOC_053739","CD72",0.0206666666666667,0.935097765609806,0.0440967817837409,FALSE,,,,,TRUE,FALSE,FALSE,FALSE,FALSE,,
"TCONS_00281108","XLOC_053739","CD72",-0.181666666666667,0.0440967817837409,0.0440967817837409,TRUE,,,,,TRUE,FALSE,TRUE,FALSE,FALSE,,
"TCONS_00284480","XLOC_053739","CD72",0.00190000000000001,0.992951052274814,0.0440967817837409,FALSE,,,,,TRUE,FALSE,FALSE,FALSE,FALSE,,
"TCONS_00285590","XLOC_053739","CD72",0.0486,0.925545722148398,0.0440967817837409,FALSE,,,,,TRUE,FALSE,FALSE,FALSE,FALSE,,
"TCONS_00282944","XLOC_054315","AKNA",-0.0817,3.10687606711683e-15,3.10687606711683e-15,FALSE,,,,,TRUE,FALSE,FALSE,FALSE,FALSE,,
"TCONS_00282945","XLOC_054315","AKNA",0.1151,9.51499345277109e-06,3.10687606711683e-15,FALSE,,,,,TRUE,FALSE,FALSE,FALSE,FALSE,,
"TCONS_00282946","XLOC_054315","AKNA",-0.1038,0.401415669853524,3.10687606711683e-15,FALSE,,,,,TRUE,FALSE,FALSE,FALSE,FALSE,,
"TCONS_00282947","XLOC_054315","AKNA",0.00833333333333333,0.683108976570824,3.10687606711683e-15,FALSE,,,,,TRUE,FALSE,FALSE,FALSE,FALSE,,
"TCONS_00282949","XLOC_054315","AKNA",0.0381666666666667,0.702377454222758,3.10687606711683e-15,FALSE,,,,,TRUE,FALSE,FALSE,FALSE,FALSE,,
"TCONS_00282951","XLOC_054315","AKNA",0.00783333333333333,0.959309491060619,3.10687606711683e-15,FALSE,,,,,TRUE,FALSE,FALSE,FALSE,FALSE,,
"TCONS_00282952","XLOC_054315","AKNA",0.0161666666666667,0.81002076789444,3.10687606711683e-15,FALSE,,,,,TRUE,FALSE,FALSE,FALSE,FALSE,,
"TCONS_00284089","XLOC_054566","FUT7",-0.157766666666667,7.40953831368649e-77,7.40953831368649e-77,TRUE,,,,,TRUE,FALSE,TRUE,FALSE,FALSE,,
"TCONS_00284092","XLOC_054566","FUT7",0.135766666666667,0.00261046582640783,7.40953831368649e-77,FALSE,,,,,TRUE,FALSE,FALSE,FALSE,FALSE,,
"TCONS_00284093","XLOC_054566","FUT7",0.0155666666666667,0.771812443863586,7.40953831368649e-77,FALSE,,,,,TRUE,FALSE,FALSE,FALSE,FALSE,,
"TCONS_00284094","XLOC_054566","FUT7",0.0130666666666667,0.937225458403063,7.40953831368649e-77,FALSE,,,,,TRUE,FALSE,FALSE,FALSE,FALSE,,
"TCONS_00287330","XLOC_054903","ZNF674-AS1",-0.0383333333333333,0.461054522058221,2.50216700932258e-07,FALSE,,,,,TRUE,FALSE,FALSE,FALSE,FALSE,,
"TCONS_00287332","XLOC_054903","ZNF674-AS1",0.143233333333333,2.50216700932258e-07,2.50216700932258e-07,FALSE,,,,,TRUE,FALSE,FALSE,FALSE,FALSE,,
"TCONS_00295269","XLOC_054903","ZNF674-AS1",-0.104933333333333,0.00953934943895184,2.50216700932258e-07,FALSE,,,,,TRUE,FALSE,FALSE,FALSE,FALSE,,
"TCONS_00287335","XLOC_054905","JADE3",-0.172366666666667,0.0313898193790103,0.0313898193790103,TRUE,,,,,TRUE,FALSE,TRUE,FALSE,FALSE,,
"TCONS_00287336","XLOC_054905","JADE3",0.172366666666667,0.11048213775012,0.0313898193790103,FALSE,,,,,TRUE,FALSE,FALSE,FALSE,FALSE,,
"TCONS_00288614","XLOC_055297","DIAPH2",0.132466666666667,0.0286199093113097,0.0110410889298912,FALSE,,,,,TRUE,FALSE,FALSE,FALSE,FALSE,,
"TCONS_00288615","XLOC_055297","DIAPH2",-0.132466666666667,0.0110410889298912,0.0110410889298912,FALSE,,,,,TRUE,FALSE,FALSE,FALSE,FALSE,,
"TCONS_00288695","XLOC_055325","ARMCX3",0.00810000000000001,0.92941955624436,0.000837631134491164,FALSE,,,,,TRUE,FALSE,FALSE,FALSE,FALSE,,
"TCONS_00288697","XLOC_055325","ARMCX3",0.101333333333333,0.0306305199260579,0.000837631134491164,FALSE,,,,,TRUE,FALSE,FALSE,FALSE,FALSE,,
"TCONS_00288698","XLOC_055325","ARMCX3",-0.0168,0.422930447112025,0.000837631134491164,FALSE,,,,,TRUE,FALSE,FALSE,FALSE,FALSE,,
"TCONS_00288699","XLOC_055325","ARMCX3",0.00296666666666666,0.99986389392079,0.000837631134491164,FALSE,,,,,TRUE,FALSE,FALSE,FALSE,FALSE,,
"TCONS_00288700","XLOC_055325","ARMCX3",0.0352333333333333,0.165913275572305,0.000837631134491164,FALSE,,,,,TRUE,FALSE,FALSE,FALSE,FALSE,,
"TCONS_00294220","XLOC_055325","ARMCX3",-0.150166666666667,0.000837631134491164,0.000837631134491164,TRUE,,,,,TRUE,FALSE,TRUE,FALSE,FALSE,,
"TCONS_00294899","XLOC_055325","ARMCX3",0.0178666666666667,0.506745946703278,0.000837631134491164,FALSE,,,,,TRUE,FALSE,FALSE,FALSE,FALSE,,
"TCONS_00288796","XLOC_055360","TCEAL9",0.162066666666667,0.102888042735413,0.0392614082025784,FALSE,,,,,TRUE,FALSE,FALSE,FALSE,FALSE,,
"TCONS_00288797","XLOC_055360","TCEAL9",-0.1581,0.0392614082025784,0.0392614082025784,TRUE,,,,,TRUE,FALSE,TRUE,FALSE,FALSE,,
"TCONS_00290007","XLOC_055777","SLC6A8",-0.164566666666667,4.94647877250645e-10,4.94647877250645e-10,TRUE,,,,,TRUE,FALSE,TRUE,FALSE,FALSE,,
"TCONS_00290009","XLOC_055777","SLC6A8",0.152566666666667,2.8312348892291e-05,4.94647877250645e-10,TRUE,,,,,TRUE,FALSE,TRUE,FALSE,FALSE,,
"TCONS_00290010","XLOC_055777","SLC6A8",0.00066666666666667,0.99757514976197,4.94647877250645e-10,FALSE,,,,,TRUE,FALSE,FALSE,FALSE,FALSE,,
"TCONS_00290013","XLOC_055777","SLC6A8",-0.00916666666666667,0.536138120384137,4.94647877250645e-10,FALSE,,,,,TRUE,FALSE,FALSE,FALSE,FALSE,,
"TCONS_00290015","XLOC_055777","SLC6A8",-0.0017,0.921349901612492,4.94647877250645e-10,FALSE,,,,,TRUE,FALSE,FALSE,FALSE,FALSE,,
"TCONS_00290016","XLOC_055777","SLC6A8",0.0277333333333333,0.745610275692563,4.94647877250645e-10,FALSE,,,,,TRUE,FALSE,FALSE,FALSE,FALSE,,
"TCONS_00290475","XLOC_055866","ANOS1",-0.122466666666667,0.000604131119424023,0.000604131119424023,FALSE,,,,,TRUE,FALSE,FALSE,FALSE,FALSE,,
"TCONS_00290476","XLOC_055866","ANOS1",-0.0087,0.872347161645363,0.000604131119424023,FALSE,,,,,TRUE,FALSE,FALSE,FALSE,FALSE,,
"TCONS_00290477","XLOC_055866","ANOS1",-0.00106666666666667,0.999569409383073,0.000604131119424023,FALSE,,,,,TRUE,FALSE,FALSE,FALSE,FALSE,,
"TCONS_00295386","XLOC_055866","ANOS1",0.1158,0.0463351834943361,0.000604131119424023,FALSE,,,,,TRUE,FALSE,FALSE,FALSE,FALSE,,
"TCONS_00293490","XLOC_056819","SLITRK4",-0.153566666666667,0.027522915565882,0.000320447202484232,TRUE,,,,,TRUE,FALSE,TRUE,FALSE,FALSE,,
"TCONS_00293491","XLOC_056819","SLITRK4",0.0206,0.86823846166211,0.000320447202484232,FALSE,,,,,TRUE,FALSE,FALSE,FALSE,FALSE,,
"TCONS_00293492","XLOC_056819","SLITRK4",0.133,0.000320447202484232,0.000320447202484232,FALSE,,,,,TRUE,FALSE,FALSE,FALSE,FALSE,,
"TCONS_00293931","XLOC_056926","CH17-340M24.3",0.1417,1.97652813785958e-11,1.97652813785958e-11,FALSE,,,,,TRUE,FALSE,FALSE,FALSE,FALSE,,
"TCONS_00294667","XLOC_056926","CH17-340M24.3",-0.1417,3.83194155860211e-08,1.97652813785958e-11,FALSE,,,,,TRUE,FALSE,FALSE,FALSE,FALSE,,
"TCONS_00000470","XLOC_000108","DFFB",,,,,0.3231,0.00253052369906565,0.00253052369906565,TRUE,FALSE,TRUE,FALSE,TRUE,FALSE,,
"TCONS_00000471","XLOC_000108","DFFB",,,,,-0.173233333333333,0.448975458158052,0.00253052369906565,FALSE,FALSE,TRUE,FALSE,FALSE,FALSE,,
"TCONS_00000472","XLOC_000108","DFFB",,,,,-0.160133333333333,0.318729590574749,0.00253052369906565,FALSE,FALSE,TRUE,FALSE,FALSE,FALSE,,
"TCONS_00000473","XLOC_000108","DFFB",,,,,-0.0347,0.881664731435266,0.00253052369906565,FALSE,FALSE,TRUE,FALSE,FALSE,FALSE,,
"TCONS_00000474","XLOC_000108","DFFB",,,,,-0.0301333333333333,1,0.00253052369906565,FALSE,FALSE,TRUE,FALSE,FALSE,FALSE,,
"TCONS_00000476","XLOC_000108","DFFB",,,,,0.213833333333333,0.284734983920067,0.00253052369906565,FALSE,FALSE,TRUE,FALSE,FALSE,FALSE,,
"TCONS_00000479","XLOC_000108","DFFB",,,,,0.0116666666666667,1,0.00253052369906565,FALSE,FALSE,TRUE,FALSE,FALSE,FALSE,,
"TCONS_00000480","XLOC_000108","DFFB",,,,,-0.153133333333333,0.645856744488392,0.00253052369906565,FALSE,FALSE,TRUE,FALSE,FALSE,FALSE,,
"TCONS_00000793","XLOC_000180","CENPS-CORT",,,,,-0.0319,0.887141763408285,0.000179389576570717,FALSE,FALSE,TRUE,FALSE,FALSE,FALSE,,
"TCONS_00000794","XLOC_000180","CENPS-CORT",,,,,0.106233333333333,0.756157532872798,0.000179389576570717,FALSE,FALSE,TRUE,FALSE,FALSE,FALSE,,
"TCONS_00000795","XLOC_000180","CENPS-CORT",,,,,-0.106766666666667,0.000179389576570717,0.000179389576570717,FALSE,FALSE,TRUE,FALSE,FALSE,FALSE,,
"TCONS_00000797","XLOC_000180","CENPS-CORT",,,,,0.0137,1,0.000179389576570717,FALSE,FALSE,TRUE,FALSE,FALSE,FALSE,,
"TCONS_00000800","XLOC_000180","CENPS-CORT",,,,,0.0284666666666667,0.403745156282949,0.000179389576570717,FALSE,FALSE,TRUE,FALSE,FALSE,FALSE,,
"TCONS_00027309","XLOC_000180","CENPS-CORT",,,,,0.00836666666666667,1,0.000179389576570717,FALSE,FALSE,TRUE,FALSE,FALSE,FALSE,,
"TCONS_00001611","XLOC_000377","PNRC2",,,,,0.0139333333333333,0.837611609080012,4.47707856888866e-16,FALSE,FALSE,TRUE,FALSE,FALSE,FALSE,,
"TCONS_00001612","XLOC_000377","PNRC2",,,,,0.210466666666667,0.0832956546851476,4.47707856888866e-16,FALSE,FALSE,TRUE,FALSE,FALSE,FALSE,,
"TCONS_00001613","XLOC_000377","PNRC2",,,,,-0.193933333333333,4.47707856888866e-16,4.47707856888866e-16,TRUE,FALSE,TRUE,FALSE,TRUE,FALSE,,
"TCONS_00021555","XLOC_000377","PNRC2",,,,,-0.0399666666666667,0.797780938771775,4.47707856888866e-16,FALSE,FALSE,TRUE,FALSE,FALSE,FALSE,,
"TCONS_00001813","XLOC_000426","DHDDS",,,,,0.2991,0.01161825730616,0.01161825730616,TRUE,FALSE,TRUE,FALSE,TRUE,FALSE,,
"TCONS_00001816","XLOC_000426","DHDDS",,,,,-0.0077,1,0.01161825730616,FALSE,FALSE,TRUE,FALSE,FALSE,FALSE,,
"TCONS_00001818","XLOC_000426","DHDDS",,,,,-0.00783333333333333,1,0.01161825730616,FALSE,FALSE,TRUE,FALSE,FALSE,FALSE,,
"TCONS_00001822","XLOC_000426","DHDDS",,,,,-0.0165666666666667,0.908609695626972,0.01161825730616,FALSE,FALSE,TRUE,FALSE,FALSE,FALSE,,
"TCONS_00001823","XLOC_000426","DHDDS",,,,,0.0124666666666667,1,0.01161825730616,FALSE,FALSE,TRUE,FALSE,FALSE,FALSE,,
"TCONS_00001834","XLOC_000426","DHDDS",,,,,-0.00983333333333333,1,0.01161825730616,FALSE,FALSE,TRUE,FALSE,FALSE,FALSE,,
"TCONS_00001835","XLOC_000426","DHDDS",,,,,0.0028,1,0.01161825730616,FALSE,FALSE,TRUE,FALSE,FALSE,FALSE,,
"TCONS_00021571","XLOC_000426","DHDDS",,,,,0.0113333333333333,1,0.01161825730616,FALSE,FALSE,TRUE,FALSE,FALSE,FALSE,,
"TCONS_00021572","XLOC_000426","DHDDS",,,,,-0.00346666666666667,1,0.01161825730616,FALSE,FALSE,TRUE,FALSE,FALSE,FALSE,,
"TCONS_00021576","XLOC_000426","DHDDS",,,,,-0.279633333333333,0.202456282601051,0.01161825730616,FALSE,FALSE,TRUE,FALSE,FALSE,FALSE,,
"TCONS_00024377","XLOC_000426","DHDDS",,,,,-0.00833333333333334,1,0.01161825730616,FALSE,FALSE,TRUE,FALSE,FALSE,FALSE,,
"TCONS_00002056","XLOC_000480","TRNAU1AP",,,,,0.00586666666666666,1,0.0494155012202735,FALSE,FALSE,TRUE,FALSE,FALSE,FALSE,,
"TCONS_00002059","XLOC_000480","TRNAU1AP",,,,,0.00766666666666667,0.213146208376104,0.0494155012202735,FALSE,FALSE,TRUE,FALSE,FALSE,FALSE,,
"TCONS_00002063","XLOC_000480","TRNAU1AP",,,,,0.146633333333333,0.0494155012202735,0.0494155012202735,FALSE,FALSE,TRUE,FALSE,FALSE,FALSE,,
"TCONS_00002065","XLOC_000480","TRNAU1AP",,,,,0.00883333333333333,1,0.0494155012202735,FALSE,FALSE,TRUE,FALSE,FALSE,FALSE,,
"TCONS_00023132","XLOC_000480","TRNAU1AP",,,,,-0.0470333333333333,0.933681035088121,0.0494155012202735,FALSE,FALSE,TRUE,FALSE,FALSE,FALSE,,
"TCONS_00024400","XLOC_000480","TRNAU1AP",,,,,-0.1209,0.17261115701852,0.0494155012202735,FALSE,FALSE,TRUE,FALSE,FALSE,FALSE,,
"TCONS_00003709","XLOC_000801","PRPF38A",,,,,-0.00553333333333333,1,4.60641461217979e-07,FALSE,FALSE,TRUE,FALSE,FALSE,FALSE,,
"TCONS_00021664","XLOC_000801","PRPF38A",,,,,0.0159,1,4.60641461217979e-07,FALSE,FALSE,TRUE,FALSE,FALSE,FALSE,,
"TCONS_00024829","XLOC_000801","PRPF38A",,,,,-0.0277333333333333,1,4.60641461217979e-07,FALSE,FALSE,TRUE,FALSE,FALSE,FALSE,,
"TCONS_00024830","XLOC_000801","PRPF38A",,,,,0.0372666666666667,0.119657809319229,4.60641461217979e-07,FALSE,FALSE,TRUE,FALSE,FALSE,FALSE,,
"TCONS_00024832","XLOC_000801","PRPF38A",,,,,-0.0386666666666666,1,4.60641461217979e-07,FALSE,FALSE,TRUE,FALSE,FALSE,FALSE,,
"TCONS_00024833","XLOC_000801","PRPF38A",,,,,-0.00813333333333334,1,4.60641461217979e-07,FALSE,FALSE,TRUE,FALSE,FALSE,FALSE,,
"TCONS_00024834","XLOC_000801","PRPF38A",,,,,-0.131466666666667,0.0725700946837558,4.60641461217979e-07,FALSE,FALSE,TRUE,FALSE,FALSE,FALSE,,
"TCONS_00024835","XLOC_000801","PRPF38A",,,,,0.2532,4.60641461217979e-07,4.60641461217979e-07,TRUE,FALSE,TRUE,FALSE,TRUE,FALSE,,
"TCONS_00027571","XLOC_000801","PRPF38A",,,,,-0.0777666666666667,0.504324034901195,4.60641461217979e-07,FALSE,FALSE,TRUE,FALSE,FALSE,FALSE,,
"TCONS_00004698","XLOC_001009","IFI44",,,,,-0.106866666666667,1,3.20761869527101e-13,FALSE,FALSE,TRUE,FALSE,FALSE,FALSE,,
"TCONS_00004699","XLOC_001009","IFI44",,,,,-0.0390666666666667,0.902229936743848,3.20761869527101e-13,FALSE,FALSE,TRUE,FALSE,FALSE,FALSE,,
"TCONS_00004700","XLOC_001009","IFI44",,,,,0.0275666666666667,0.724806610518294,3.20761869527101e-13,FALSE,FALSE,TRUE,FALSE,FALSE,FALSE,,
"TCONS_00004702","XLOC_001009","IFI44",,,,,-0.000199999999999999,1,3.20761869527101e-13,FALSE,FALSE,TRUE,FALSE,FALSE,FALSE,,
"TCONS_00004705","XLOC_001009","IFI44",,,,,-0.0133,1,3.20761869527101e-13,FALSE,FALSE,TRUE,FALSE,FALSE,FALSE,,
"TCONS_00021709","XLOC_001009","IFI44",,,,,0.0105333333333333,0.855274094072465,3.20761869527101e-13,FALSE,FALSE,TRUE,FALSE,FALSE,FALSE,,
"TCONS_00023240","XLOC_001009","IFI44",,,,,0.2181,3.20761869527101e-13,3.20761869527101e-13,TRUE,FALSE,TRUE,FALSE,TRUE,FALSE,,
"TCONS_00023241","XLOC_001009","IFI44",,,,,-0.006,1,3.20761869527101e-13,FALSE,FALSE,TRUE,FALSE,FALSE,FALSE,,
"TCONS_00023242","XLOC_001009","IFI44",,,,,0.0168,0.00471747738111681,3.20761869527101e-13,FALSE,FALSE,TRUE,FALSE,FALSE,FALSE,,
"TCONS_00023243","XLOC_001009","IFI44",,,,,-0.0027,0.382926853409182,3.20761869527101e-13,FALSE,FALSE,TRUE,FALSE,FALSE,FALSE,,
"TCONS_00023245","XLOC_001009","IFI44",,,,,-0.0226333333333333,1,3.20761869527101e-13,FALSE,FALSE,TRUE,FALSE,FALSE,FALSE,,
"TCONS_00023250","XLOC_001009","IFI44",,,,,0.00526666666666667,0.456780768416268,3.20761869527101e-13,FALSE,FALSE,TRUE,FALSE,FALSE,FALSE,,
"TCONS_00023251","XLOC_001009","IFI44",,,,,-0.0389666666666667,0.879801644036705,3.20761869527101e-13,FALSE,FALSE,TRUE,FALSE,FALSE,FALSE,,
"TCONS_00024915","XLOC_001009","IFI44",,,,,-0.0395666666666667,0.951646918874022,3.20761869527101e-13,FALSE,FALSE,TRUE,FALSE,FALSE,FALSE,,
"TCONS_00027613","XLOC_001009","IFI44",,,,,-0.00313333333333333,1,3.20761869527101e-13,FALSE,FALSE,TRUE,FALSE,FALSE,FALSE,,
"TCONS_00005265","XLOC_001167","TRMT13",,,,,-0.0530333333333333,0.40285435752105,0.0130539310599628,FALSE,FALSE,TRUE,FALSE,FALSE,FALSE,,
"TCONS_00005266","XLOC_001167","TRMT13",,,,,-0.1656,0.767101757335106,0.0130539310599628,FALSE,FALSE,TRUE,FALSE,FALSE,FALSE,,
"TCONS_00005267","XLOC_001167","TRMT13",,,,,0.00633333333333333,1,0.0130539310599628,FALSE,FALSE,TRUE,FALSE,FALSE,FALSE,,
"TCONS_00005268","XLOC_001167","TRMT13",,,,,0.00183333333333333,1,0.0130539310599628,FALSE,FALSE,TRUE,FALSE,FALSE,FALSE,,
"TCONS_00005269","XLOC_001167","TRMT13",,,,,0.00533333333333333,1,0.0130539310599628,FALSE,FALSE,TRUE,FALSE,FALSE,FALSE,,
"TCONS_00021744","XLOC_001167","TRMT13",,,,,0.00463333333333332,1,0.0130539310599628,FALSE,FALSE,TRUE,FALSE,FALSE,FALSE,,
"TCONS_00021745","XLOC_001167","TRMT13",,,,,0.216133333333333,0.0130539310599628,0.0130539310599628,TRUE,FALSE,TRUE,FALSE,TRUE,FALSE,,
"TCONS_00023284","XLOC_001167","TRMT13",,,,,-0.0327,0.489633505297628,0.0130539310599628,FALSE,FALSE,TRUE,FALSE,FALSE,FALSE,,
"TCONS_00024964","XLOC_001167","TRMT13",,,,,0.0731666666666667,0.847423294397157,0.0130539310599628,FALSE,FALSE,TRUE,FALSE,FALSE,FALSE,,
"TCONS_00027646","XLOC_001167","TRMT13",,,,,-0.0557333333333333,0.944108646813362,0.0130539310599628,FALSE,FALSE,TRUE,FALSE,FALSE,FALSE,,
"TCONS_00027647","XLOC_001167","TRMT13",,,,,-0.0302333333333333,1,0.0130539310599628,FALSE,FALSE,TRUE,FALSE,FALSE,FALSE,,
"TCONS_00027648","XLOC_001167","TRMT13",,,,,0.0299333333333333,1,0.0130539310599628,FALSE,FALSE,TRUE,FALSE,FALSE,FALSE,,
"TCONS_00005535","XLOC_001235","ATXN7L2",,,,,0.2731,0.944906926712499,0.0264997540650448,FALSE,FALSE,TRUE,FALSE,FALSE,FALSE,,
"TCONS_00005536","XLOC_001235","ATXN7L2",,,,,-0.320733333333333,0.0264997540650448,0.0264997540650448,TRUE,FALSE,TRUE,FALSE,TRUE,FALSE,,
"TCONS_00005538","XLOC_001235","ATXN7L2",,,,,0.0497,0.992573379892121,0.0264997540650448,FALSE,FALSE,TRUE,FALSE,FALSE,FALSE,,
"TCONS_00005539","XLOC_001235","ATXN7L2",,,,,-0.0580666666666667,1,0.0264997540650448,FALSE,FALSE,TRUE,FALSE,FALSE,FALSE,,
"TCONS_00005541","XLOC_001235","ATXN7L2",,,,,-0.0259,1,0.0264997540650448,FALSE,FALSE,TRUE,FALSE,FALSE,FALSE,,
"TCONS_00005542","XLOC_001235","ATXN7L2",,,,,0.0832,1,0.0264997540650448,FALSE,FALSE,TRUE,FALSE,FALSE,FALSE,,
"TCONS_00005934","XLOC_001295","LRIG2",,,,,-0.0311333333333333,1,0.01012651293042,FALSE,FALSE,TRUE,FALSE,FALSE,FALSE,,
"TCONS_00005935","XLOC_001295","LRIG2",,,,,0.0995333333333333,1,0.01012651293042,FALSE,FALSE,TRUE,FALSE,FALSE,FALSE,,
"TCONS_00005936","XLOC_001295","LRIG2",,,,,0.0552,1,0.01012651293042,FALSE,FALSE,TRUE,FALSE,FALSE,FALSE,,
"TCONS_00005938","XLOC_001295","LRIG2",,,,,0.0532,0.915552939151704,0.01012651293042,FALSE,FALSE,TRUE,FALSE,FALSE,FALSE,,
"TCONS_00023331","XLOC_001295","LRIG2",,,,,-0.2593,0.01012651293042,0.01012651293042,TRUE,FALSE,TRUE,FALSE,TRUE,FALSE,,
"TCONS_00025043","XLOC_001295","LRIG2",,,,,-0.0911333333333333,1,0.01012651293042,FALSE,FALSE,TRUE,FALSE,FALSE,FALSE,,
"TCONS_00027689","XLOC_001295","LRIG2",,,,,0.187966666666667,0.111118558755334,0.01012651293042,FALSE,FALSE,TRUE,FALSE,FALSE,FALSE,,
"TCONS_00027690","XLOC_001295","LRIG2",,,,,-0.0143,1,0.01012651293042,FALSE,FALSE,TRUE,FALSE,FALSE,FALSE,,
"TCONS_00006564","XLOC_001487","H4C14",,,,,-0.0343333333333333,1,0.00491897745498289,FALSE,FALSE,TRUE,FALSE,FALSE,FALSE,,
"TCONS_00006565","XLOC_001487","H4C14",,,,,-0.147466666666667,0.885336670855665,0.00491897745498289,FALSE,FALSE,TRUE,FALSE,FALSE,FALSE,,
"TCONS_00006566","XLOC_001487","H4C14",,,,,0.257933333333333,0.00491897745498289,0.00491897745498289,TRUE,FALSE,TRUE,FALSE,TRUE,FALSE,,
"TCONS_00025118","XLOC_001487","H4C14",,,,,-0.158666666666667,0.227372703824054,0.00491897745498289,FALSE,FALSE,TRUE,FALSE,FALSE,FALSE,,
"TCONS_00025119","XLOC_001487","H4C14",,,,,0.0825333333333333,0.852882508532919,0.00491897745498289,FALSE,FALSE,TRUE,FALSE,FALSE,FALSE,,
"TCONS_00006574","XLOC_001493","BOLA1",,,,,-0.0055,1,0.000535145708221473,FALSE,FALSE,TRUE,FALSE,FALSE,FALSE,,
"TCONS_00006575","XLOC_001493","BOLA1",,,,,-0.4717,0.103120276050351,0.000535145708221473,FALSE,FALSE,TRUE,FALSE,FALSE,FALSE,,
"TCONS_00006576","XLOC_001493","BOLA1",,,,,0.507633333333333,0.000535145708221473,0.000535145708221473,TRUE,FALSE,TRUE,FALSE,TRUE,FALSE,,
"TCONS_00006577","XLOC_001493","BOLA1",,,,,-0.0304333333333333,1,0.000535145708221473,FALSE,FALSE,TRUE,FALSE,FALSE,FALSE,,
"TCONS_00007062","XLOC_001633","CKS1B",,,,,-0.0868333333333333,0.0677707780563829,2.2884211833785e-13,FALSE,FALSE,TRUE,FALSE,FALSE,FALSE,,
"TCONS_00007063","XLOC_001633","CKS1B",,,,,-0.00993333333333335,1,2.2884211833785e-13,FALSE,FALSE,TRUE,FALSE,FALSE,FALSE,,
"TCONS_00007066","XLOC_001633","CKS1B",,,,,-0.187,0.326489167877453,2.2884211833785e-13,FALSE,FALSE,TRUE,FALSE,FALSE,FALSE,,
"TCONS_00007067","XLOC_001633","CKS1B",,,,,0.2821,2.2884211833785e-13,2.2884211833785e-13,TRUE,FALSE,TRUE,FALSE,TRUE,FALSE,,
"TCONS_00008433","XLOC_001925","RABGAP1L",,,,,-0.2651,2.34400013702373e-05,2.08977970355274e-17,TRUE,FALSE,TRUE,FALSE,TRUE,FALSE,,
"TCONS_00008434","XLOC_001925","RABGAP1L",,,,,0.0156333333333333,0.850018810306028,2.08977970355274e-17,FALSE,FALSE,TRUE,FALSE,FALSE,FALSE,,
"TCONS_00008439","XLOC_001925","RABGAP1L",,,,,-0.0112333333333333,1,2.08977970355274e-17,FALSE,FALSE,TRUE,FALSE,FALSE,FALSE,,
"TCONS_00008448","XLOC_001925","RABGAP1L",,,,,-0.0303333333333333,1,2.08977970355274e-17,FALSE,FALSE,TRUE,FALSE,FALSE,FALSE,,
"TCONS_00008449","XLOC_001925","RABGAP1L",,,,,0.4648,2.08977970355274e-17,2.08977970355274e-17,TRUE,FALSE,TRUE,FALSE,TRUE,FALSE,,
"TCONS_00008452","XLOC_001925","RABGAP1L",,,,,0.0967333333333334,0.942603752576338,2.08977970355274e-17,FALSE,FALSE,TRUE,FALSE,FALSE,FALSE,,
"TCONS_00008455","XLOC_001925","RABGAP1L",,,,,-0.0303666666666667,0.54013141151343,2.08977970355274e-17,FALSE,FALSE,TRUE,FALSE,FALSE,FALSE,,
"TCONS_00022020","XLOC_001925","RABGAP1L",,,,,-0.0369,0.80441121451163,2.08977970355274e-17,FALSE,FALSE,TRUE,FALSE,FALSE,FALSE,,
"TCONS_00023493","XLOC_001925","RABGAP1L",,,,,0.0447,0.000623993270537691,2.08977970355274e-17,FALSE,FALSE,TRUE,FALSE,FALSE,FALSE,,
"TCONS_00025397","XLOC_001925","RABGAP1L",,,,,-0.0163,0.625915991818662,2.08977970355274e-17,FALSE,FALSE,TRUE,FALSE,FALSE,FALSE,,
"TCONS_00025400","XLOC_001925","RABGAP1L",,,,,-0.0207333333333333,1,2.08977970355274e-17,FALSE,FALSE,TRUE,FALSE,FALSE,FALSE,,
"TCONS_00025402","XLOC_001925","RABGAP1L",,,,,-0.221033333333333,3.81319582698399e-09,2.08977970355274e-17,TRUE,FALSE,TRUE,FALSE,TRUE,FALSE,,
"TCONS_00009155","XLOC_002146","RNPEP",,,,,-0.0431666666666667,0.42771296321343,7.59951807262263e-13,FALSE,FALSE,TRUE,FALSE,FALSE,FALSE,,
"TCONS_00022146","XLOC_002146","RNPEP",,,,,-0.100533333333333,0.000172720461603586,7.59951807262263e-13,FALSE,FALSE,TRUE,FALSE,FALSE,FALSE,,
"TCONS_00022148","XLOC_002146","RNPEP",,,,,0.0545,0.325932244890249,7.59951807262263e-13,FALSE,FALSE,TRUE,FALSE,FALSE,FALSE,,
"TCONS_00023560","XLOC_002146","RNPEP",,,,,0.110833333333333,0.563182752275323,7.59951807262263e-13,FALSE,FALSE,TRUE,FALSE,FALSE,FALSE,,
"TCONS_00025531","XLOC_002146","RNPEP",,,,,0.0351333333333333,0.717454588446109,7.59951807262263e-13,FALSE,FALSE,TRUE,FALSE,FALSE,FALSE,,
"TCONS_00025532","XLOC_002146","RNPEP",,,,,-0.0300666666666667,0.8954582482909,7.59951807262263e-13,FALSE,FALSE,TRUE,FALSE,FALSE,FALSE,,
"TCONS_00027975","XLOC_002146","RNPEP",,,,,-0.0312,7.59951807262263e-13,7.59951807262263e-13,FALSE,FALSE,TRUE,FALSE,FALSE,FALSE,,
"TCONS_00009908","XLOC_002300","FLVCR1",,,,,-0.230233333333333,0.576847304410097,6.16296077114934e-11,FALSE,FALSE,TRUE,FALSE,FALSE,FALSE,,
"TCONS_00009909","XLOC_002300","FLVCR1",,,,,0.0638,0.730754261304429,6.16296077114934e-11,FALSE,FALSE,TRUE,FALSE,FALSE,FALSE,,
"TCONS_00009911","XLOC_002300","FLVCR1",,,,,-0.00713333333333334,1,6.16296077114934e-11,FALSE,FALSE,TRUE,FALSE,FALSE,FALSE,,
"TCONS_00009912","XLOC_002300","FLVCR1",,,,,0.336666666666667,6.16296077114934e-11,6.16296077114934e-11,TRUE,FALSE,TRUE,FALSE,TRUE,FALSE,,
"TCONS_00022181","XLOC_002300","FLVCR1",,,,,-0.155,0.913838348676568,6.16296077114934e-11,FALSE,FALSE,TRUE,FALSE,FALSE,FALSE,,
"TCONS_00010653","XLOC_002501","GGPS1",,,,,0.0499666666666667,0.500975285809166,0.0077575162864161,FALSE,FALSE,TRUE,FALSE,FALSE,FALSE,,
"TCONS_00010655","XLOC_002501","GGPS1",,,,,-0.00926666666666666,1,0.0077575162864161,FALSE,FALSE,TRUE,FALSE,FALSE,FALSE,,
"TCONS_00010660","XLOC_002501","GGPS1",,,,,-0.0368666666666667,1,0.0077575162864161,FALSE,FALSE,TRUE,FALSE,FALSE,FALSE,,
"TCONS_00010684","XLOC_002501","GGPS1",,,,,0.037,0.182797158115958,0.0077575162864161,FALSE,FALSE,TRUE,FALSE,FALSE,FALSE,,
"TCONS_00010685","XLOC_002501","GGPS1",,,,,-0.0163666666666667,1,0.0077575162864161,FALSE,FALSE,TRUE,FALSE,FALSE,FALSE,,
"TCONS_00010689","XLOC_002501","GGPS1",,,,,-0.0176,0.820298164961378,0.0077575162864161,FALSE,FALSE,TRUE,FALSE,FALSE,FALSE,,
"TCONS_00010698","XLOC_002501","GGPS1",,,,,-0.0261666666666667,0.868681794042992,0.0077575162864161,FALSE,FALSE,TRUE,FALSE,FALSE,FALSE,,
"TCONS_00010705","XLOC_002501","GGPS1",,,,,0.00823333333333333,1,0.0077575162864161,FALSE,FALSE,TRUE,FALSE,FALSE,FALSE,,
"TCONS_00023605","XLOC_002501","GGPS1",,,,,-0.0238333333333333,0.868769489904045,0.0077575162864161,FALSE,FALSE,TRUE,FALSE,FALSE,FALSE,,
"TCONS_00023606","XLOC_002501","GGPS1",,,,,-0.147066666666667,0.166642045930613,0.0077575162864161,FALSE,FALSE,TRUE,FALSE,FALSE,FALSE,,
"TCONS_00025717","XLOC_002501","GGPS1",,,,,0.0303,0.047050704567615,0.0077575162864161,FALSE,FALSE,TRUE,FALSE,FALSE,FALSE,,
"TCONS_00025718","XLOC_002501","GGPS1",,,,,-0.0106,1,0.0077575162864161,FALSE,FALSE,TRUE,FALSE,FALSE,FALSE,,
"TCONS_00025722","XLOC_002501","GGPS1",,,,,0.137033333333333,0.0077575162864161,0.0077575162864161,FALSE,FALSE,TRUE,FALSE,FALSE,FALSE,,
"TCONS_00010990","XLOC_002575","ZBTB18",,,,,0.123933333333333,0.955446950017707,2.30444079413924e-07,FALSE,FALSE,TRUE,FALSE,FALSE,FALSE,,
"TCONS_00010991","XLOC_002575","ZBTB18",,,,,-0.771666666666667,2.30444079413924e-07,2.30444079413924e-07,TRUE,FALSE,TRUE,FALSE,TRUE,FALSE,,
"TCONS_00010993","XLOC_002575","ZBTB18",,,,,0.0559,1,2.30444079413924e-07,FALSE,FALSE,TRUE,FALSE,FALSE,FALSE,,
"TCONS_00010994","XLOC_002575","ZBTB18",,,,,0.0230333333333333,1,2.30444079413924e-07,FALSE,FALSE,TRUE,FALSE,FALSE,FALSE,,
"TCONS_00010995","XLOC_002575","ZBTB18",,,,,0.568766666666667,0.0146464998479001,2.30444079413924e-07,TRUE,FALSE,TRUE,FALSE,TRUE,FALSE,,
"TCONS_00011288","XLOC_002701","HES4",,,,,-0.129933333333333,1,0.00110031962547503,FALSE,FALSE,TRUE,FALSE,FALSE,FALSE,,
"TCONS_00011289","XLOC_002701","HES4",,,,,0.0197333333333333,0.614565150490686,0.00110031962547503,FALSE,FALSE,TRUE,FALSE,FALSE,FALSE,,
"TCONS_00011290","XLOC_002701","HES4",,,,,0.176733333333333,0.00110031962547503,0.00110031962547503,TRUE,FALSE,TRUE,FALSE,TRUE,FALSE,,
"TCONS_00011291","XLOC_002701","HES4",,,,,-0.0665333333333333,1,0.00110031962547503,FALSE,FALSE,TRUE,FALSE,FALSE,FALSE,,
"TCONS_00011320","XLOC_002709","TNFRSF4",,,,,0.0016,1,0.00886286518017203,FALSE,FALSE,TRUE,FALSE,FALSE,FALSE,,
"TCONS_00011321","XLOC_002709","TNFRSF4",,,,,-0.157533333333333,0.00886286518017203,0.00886286518017203,TRUE,FALSE,TRUE,FALSE,TRUE,FALSE,,
"TCONS_00023651","XLOC_002709","TNFRSF4",,,,,0.155966666666667,0.0219220110195553,0.00886286518017203,TRUE,FALSE,TRUE,FALSE,TRUE,FALSE,,
"TCONS_00013028","XLOC_003124","SNHG12",,,,,-0.115133333333333,0.120850293924592,0.00266803179545456,FALSE,FALSE,TRUE,FALSE,FALSE,FALSE,,
"TCONS_00013030","XLOC_003124","SNHG12",,,,,-0.00193333333333333,0.848532770527031,0.00266803179545456,FALSE,FALSE,TRUE,FALSE,FALSE,FALSE,,
"TCONS_00013032","XLOC_003124","SNHG12",,,,,-0.198666666666667,0.0153857818052877,0.00266803179545456,TRUE,FALSE,TRUE,FALSE,TRUE,FALSE,,
"TCONS_00013033","XLOC_003124","SNHG12",,,,,-0.00996666666666667,0.49547432169059,0.00266803179545456,FALSE,FALSE,TRUE,FALSE,FALSE,FALSE,,
"TCONS_00013034","XLOC_003124","SNHG12",,,,,-0.0395666666666667,0.99562575759622,0.00266803179545456,FALSE,FALSE,TRUE,FALSE,FALSE,FALSE,,
"TCONS_00013038","XLOC_003124","SNHG12",,,,,0.0299,1,0.00266803179545456,FALSE,FALSE,TRUE,FALSE,FALSE,FALSE,,
"TCONS_00013039","XLOC_003124","SNHG12",,,,,-0.0163333333333333,0.528010708420985,0.00266803179545456,FALSE,FALSE,TRUE,FALSE,FALSE,FALSE,,
"TCONS_00013040","XLOC_003124","SNHG12",,,,,-0.00823333333333333,0.897677921624259,0.00266803179545456,FALSE,FALSE,TRUE,FALSE,FALSE,FALSE,,
"TCONS_00013042","XLOC_003124","SNHG12",,,,,-0.0177,0.830579467977953,0.00266803179545456,FALSE,FALSE,TRUE,FALSE,FALSE,FALSE,,
"TCONS_00013044","XLOC_003124","SNHG12",,,,,-0.0267666666666667,0.884806256311948,0.00266803179545456,FALSE,FALSE,TRUE,FALSE,FALSE,FALSE,,
"TCONS_00013045","XLOC_003124","SNHG12",,,,,-0.0479666666666667,1,0.00266803179545456,FALSE,FALSE,TRUE,FALSE,FALSE,FALSE,,
"TCONS_00013048","XLOC_003124","SNHG12",,,,,0.295333333333333,0.563182752275323,0.00266803179545456,FALSE,FALSE,TRUE,FALSE,FALSE,FALSE,,
"TCONS_00013049","XLOC_003124","SNHG12",,,,,0.206366666666667,0.00266803179545456,0.00266803179545456,TRUE,FALSE,TRUE,FALSE,TRUE,FALSE,,
"TCONS_00028170","XLOC_003124","SNHG12",,,,,-0.0375,0.72950895277446,0.00266803179545456,FALSE,FALSE,TRUE,FALSE,FALSE,FALSE,,
"TCONS_00013253","XLOC_003170","TMEM234",,,,,-0.0102333333333333,0.928924266047115,0.00434759105414567,FALSE,FALSE,TRUE,FALSE,FALSE,FALSE,,
"TCONS_00013254","XLOC_003170","TMEM234",,,,,0.00376666666666668,1,0.00434759105414567,FALSE,FALSE,TRUE,FALSE,FALSE,FALSE,,
"TCONS_00013256","XLOC_003170","TMEM234",,,,,0.0138666666666667,1,0.00434759105414567,FALSE,FALSE,TRUE,FALSE,FALSE,FALSE,,
"TCONS_00013506","XLOC_003208","PSMB2",,,,,0.00843333333333333,1,3.31479870685844e-35,FALSE,FALSE,TRUE,FALSE,FALSE,FALSE,,
"TCONS_00023737","XLOC_003208","PSMB2",,,,,-0.2186,3.31479870685844e-35,3.31479870685844e-35,TRUE,FALSE,TRUE,FALSE,TRUE,FALSE,,
"TCONS_00023739","XLOC_003208","PSMB2",,,,,0.0964,6.58842970925342e-09,3.31479870685844e-35,FALSE,FALSE,TRUE,FALSE,FALSE,FALSE,,
"TCONS_00026014","XLOC_003208","PSMB2",,,,,0.00630000000000001,1,3.31479870685844e-35,FALSE,FALSE,TRUE,FALSE,FALSE,FALSE,,
"TCONS_00026015","XLOC_003208","PSMB2",,,,,0.114333333333333,0.866925982614277,3.31479870685844e-35,FALSE,FALSE,TRUE,FALSE,FALSE,FALSE,,
"TCONS_00013958","XLOC_003315","SLC2A1",,,,,0.0134333333333333,1,5.53321884103404e-25,FALSE,FALSE,TRUE,FALSE,FALSE,FALSE,,
"TCONS_00013962","XLOC_003315","SLC2A1",,,,,0.0802333333333333,0.86286983726428,5.53321884103404e-25,FALSE,FALSE,TRUE,FALSE,FALSE,FALSE,,
"TCONS_00013968","XLOC_003315","SLC2A1",,,,,-0.0596,0.465294715154738,5.53321884103404e-25,FALSE,FALSE,TRUE,FALSE,FALSE,FALSE,,
"TCONS_00013973","XLOC_003315","SLC2A1",,,,,-0.162133333333333,4.95717616966876e-13,5.53321884103404e-25,TRUE,FALSE,TRUE,FALSE,TRUE,FALSE,,
"TCONS_00023760","XLOC_003315","SLC2A1",,,,,0.192066666666667,5.53321884103404e-25,5.53321884103404e-25,TRUE,FALSE,TRUE,FALSE,TRUE,FALSE,,
"TCONS_00026194","XLOC_003315","SLC2A1",,,,,0.122833333333333,0.135120034319394,5.53321884103404e-25,FALSE,FALSE,TRUE,FALSE,FALSE,FALSE,,
"TCONS_00028262","XLOC_003315","SLC2A1",,,,,-0.1109,0.906051902214828,5.53321884103404e-25,FALSE,FALSE,TRUE,FALSE,FALSE,FALSE,,
"TCONS_00028263","XLOC_003315","SLC2A1",,,,,0.0361,0.885783740456654,5.53321884103404e-25,FALSE,FALSE,TRUE,FALSE,FALSE,FALSE,,
"TCONS_00028264","XLOC_003315","SLC2A1",,,,,-0.076,1,5.53321884103404e-25,FALSE,FALSE,TRUE,FALSE,FALSE,FALSE,,
"TCONS_00028265","XLOC_003315","SLC2A1",,,,,-0.0253666666666667,0.118610883059665,5.53321884103404e-25,FALSE,FALSE,TRUE,FALSE,FALSE,FALSE,,
"TCONS_00014523","XLOC_003434","ORC1",,,,,-0.209466666666667,0.339527646569555,0.0175729462691148,FALSE,FALSE,TRUE,FALSE,FALSE,FALSE,,
"TCONS_00014524","XLOC_003434","ORC1",,,,,0.3307,0.0175729462691148,0.0175729462691148,TRUE,FALSE,TRUE,FALSE,TRUE,FALSE,,
"TCONS_00026310","XLOC_003434","ORC1",,,,,-0.00486666666666667,1,0.0175729462691148,FALSE,FALSE,TRUE,FALSE,FALSE,FALSE,,
"TCONS_00026312","XLOC_003434","ORC1",,,,,0.111433333333333,0.894736449258349,0.0175729462691148,FALSE,FALSE,TRUE,FALSE,FALSE,FALSE,,
"TCONS_00026313","XLOC_003434","ORC1",,,,,-0.215633333333333,0.854969913957203,0.0175729462691148,FALSE,FALSE,TRUE,FALSE,FALSE,FALSE,,
"TCONS_00028303","XLOC_003434","ORC1",,,,,-0.0121333333333333,1,0.0175729462691148,FALSE,FALSE,TRUE,FALSE,FALSE,FALSE,,
"TCONS_00014654","XLOC_003459","YIPF1",,,,,-0.0427,1,0.00497257694703224,FALSE,FALSE,TRUE,FALSE,FALSE,FALSE,,
"TCONS_00014655","XLOC_003459","YIPF1",,,,,0.0161666666666667,1,0.00497257694703224,FALSE,FALSE,TRUE,FALSE,FALSE,FALSE,,
"TCONS_00014656","XLOC_003459","YIPF1",,,,,-0.0590666666666667,1,0.00497257694703224,FALSE,FALSE,TRUE,FALSE,FALSE,FALSE,,
"TCONS_00022443","XLOC_003459","YIPF1",,,,,0.182966666666667,0.00497257694703224,0.00497257694703224,TRUE,FALSE,TRUE,FALSE,TRUE,FALSE,,
"TCONS_00022444","XLOC_003459","YIPF1",,,,,-0.1368,0.789751151835021,0.00497257694703224,FALSE,FALSE,TRUE,FALSE,FALSE,FALSE,,
"TCONS_00023791","XLOC_003459","YIPF1",,,,,0.0177333333333333,0.858629520028347,0.00497257694703224,FALSE,FALSE,TRUE,FALSE,FALSE,FALSE,,
"TCONS_00023792","XLOC_003459","YIPF1",,,,,0.0356666666666667,0.671683033016123,0.00497257694703224,FALSE,FALSE,TRUE,FALSE,FALSE,FALSE,,
"TCONS_00026330","XLOC_003459","YIPF1",,,,,0.0199666666666667,1,0.00497257694703224,FALSE,FALSE,TRUE,FALSE,FALSE,FALSE,,
"TCONS_00026331","XLOC_003459","YIPF1",,,,,0.0179,1,0.00497257694703224,FALSE,FALSE,TRUE,FALSE,FALSE,FALSE,,
"TCONS_00028310","XLOC_003459","YIPF1",,,,,-0.0589,0.888030539684744,0.00497257694703224,FALSE,FALSE,TRUE,FALSE,FALSE,FALSE,,
"TCONS_00014857","XLOC_003502","LINC02777",,,,,0.101766666666667,0.390885806091503,0.0368606985920516,FALSE,FALSE,TRUE,FALSE,FALSE,FALSE,,
"TCONS_00014858","XLOC_003502","LINC02777",,,,,-0.1461,0.368676040105899,0.0368606985920516,FALSE,FALSE,TRUE,FALSE,FALSE,FALSE,,
"TCONS_00014859","XLOC_003502","LINC02777",,,,,0.0915333333333333,1,0.0368606985920516,FALSE,FALSE,TRUE,FALSE,FALSE,FALSE,,
"TCONS_00014861","XLOC_003502","LINC02777",,,,,-0.0443333333333333,1,0.0368606985920516,FALSE,FALSE,TRUE,FALSE,FALSE,FALSE,,
"TCONS_00022459","XLOC_003502","LINC02777",,,,,0.148366666666667,1,0.0368606985920516,FALSE,FALSE,TRUE,FALSE,FALSE,FALSE,,
"TCONS_00022460","XLOC_003502","LINC02777",,,,,-0.0584666666666667,0.992795345847513,0.0368606985920516,FALSE,FALSE,TRUE,FALSE,FALSE,FALSE,,
"TCONS_00022461","XLOC_003502","LINC02777",,,,,0.0405,1,0.0368606985920516,FALSE,FALSE,TRUE,FALSE,FALSE,FALSE,,
"TCONS_00023801","XLOC_003502","LINC02777",,,,,-0.1686,0.0368606985920516,0.0368606985920516,TRUE,FALSE,TRUE,FALSE,TRUE,FALSE,,
"TCONS_00023802","XLOC_003502","LINC02777",,,,,0.0353333333333333,0.975349358184773,0.0368606985920516,FALSE,FALSE,TRUE,FALSE,FALSE,FALSE,,
"TCONS_00014994","XLOC_003522","DOCK7",,,,,-0.00726666666666667,1,1.05762142053943e-06,FALSE,FALSE,TRUE,FALSE,FALSE,FALSE,,
"TCONS_00015358","XLOC_003631","FUBP1",,,,,0.0101333333333333,0.642074935595316,0.0354096238092281,FALSE,FALSE,TRUE,FALSE,FALSE,FALSE,,
"TCONS_00015364","XLOC_003631","FUBP1",,,,,-0.00706666666666667,1,0.0354096238092281,FALSE,FALSE,TRUE,FALSE,FALSE,FALSE,,
"TCONS_00015365","XLOC_003631","FUBP1",,,,,0.0560333333333333,0.983379948845679,0.0354096238092281,FALSE,FALSE,TRUE,FALSE,FALSE,FALSE,,
"TCONS_00015366","XLOC_003631","FUBP1",,,,,0.0208333333333333,1,0.0354096238092281,FALSE,FALSE,TRUE,FALSE,FALSE,FALSE,,
"TCONS_00015367","XLOC_003631","FUBP1",,,,,-0.0075,1,0.0354096238092281,FALSE,FALSE,TRUE,FALSE,FALSE,FALSE,,
"TCONS_00015369","XLOC_003631","FUBP1",,,,,-0.0188333333333333,0.799024495608098,0.0354096238092281,FALSE,FALSE,TRUE,FALSE,FALSE,FALSE,,
"TCONS_00023822","XLOC_003631","FUBP1",,,,,0.0237333333333333,0.648607087171265,0.0354096238092281,FALSE,FALSE,TRUE,FALSE,FALSE,FALSE,,
"TCONS_00026391","XLOC_003631","FUBP1",,,,,0.00293333333333334,1,0.0354096238092281,FALSE,FALSE,TRUE,FALSE,FALSE,FALSE,,
"TCONS_00026393","XLOC_003631","FUBP1",,,,,-0.114733333333333,0.0354096238092281,0.0354096238092281,FALSE,FALSE,TRUE,FALSE,FALSE,FALSE,,
"TCONS_00026395","XLOC_003631","FUBP1",,,,,0.0181,1,0.0354096238092281,FALSE,FALSE,TRUE,FALSE,FALSE,FALSE,,
"TCONS_00026396","XLOC_003631","FUBP1",,,,,-0.0207666666666667,1,0.0354096238092281,FALSE,FALSE,TRUE,FALSE,FALSE,FALSE,,
"TCONS_00028343","XLOC_003631","FUBP1",,,,,0.1408,0.127167127262424,0.0354096238092281,FALSE,FALSE,TRUE,FALSE,FALSE,FALSE,,
"TCONS_00028345","XLOC_003631","FUBP1",,,,,-0.11,0.80741122818693,0.0354096238092281,FALSE,FALSE,TRUE,FALSE,FALSE,FALSE,,
"TCONS_00015884","XLOC_003768","ALG14",,,,,-0.00463333333333333,1,1.90017709953095e-06,FALSE,FALSE,TRUE,FALSE,FALSE,FALSE,,
"TCONS_00015885","XLOC_003768","ALG14",,,,,0.166,0.144836967258556,1.90017709953095e-06,FALSE,FALSE,TRUE,FALSE,FALSE,FALSE,,
"TCONS_00023884","XLOC_003768","ALG14",,,,,-0.167766666666667,1.90017709953095e-06,1.90017709953095e-06,TRUE,FALSE,TRUE,FALSE,TRUE,FALSE,,
"TCONS_00016064","XLOC_003828","VAV3",,,,,-0.0644,0.820081644846687,0.00804589772614315,FALSE,FALSE,TRUE,FALSE,FALSE,FALSE,,
"TCONS_00016065","XLOC_003828","VAV3",,,,,0.0393333333333333,1,0.00804589772614315,FALSE,FALSE,TRUE,FALSE,FALSE,FALSE,,
"TCONS_00016074","XLOC_003828","VAV3",,,,,-0.0852,0.21414440357707,0.00804589772614315,FALSE,FALSE,TRUE,FALSE,FALSE,FALSE,,
"TCONS_00016076","XLOC_003828","VAV3",,,,,0.0636,0.934876527797002,0.00804589772614315,FALSE,FALSE,TRUE,FALSE,FALSE,FALSE,,
"TCONS_00026497","XLOC_003828","VAV3",,,,,-0.0497333333333333,1,0.00804589772614315,FALSE,FALSE,TRUE,FALSE,FALSE,FALSE,,
"TCONS_00026498","XLOC_003828","VAV3",,,,,-0.270666666666667,0.00804589772614315,0.00804589772614315,TRUE,FALSE,TRUE,FALSE,TRUE,FALSE,,
"TCONS_00026500","XLOC_003828","VAV3",,,,,0.111233333333333,0.368495231311019,0.00804589772614315,FALSE,FALSE,TRUE,FALSE,FALSE,FALSE,,
"TCONS_00028436","XLOC_003828","VAV3",,,,,0.257666666666667,0.559543019870695,0.00804589772614315,FALSE,FALSE,TRUE,FALSE,FALSE,FALSE,,
"TCONS_00028437","XLOC_003828","VAV3",,,,,0.00176666666666667,1,0.00804589772614315,FALSE,FALSE,TRUE,FALSE,FALSE,FALSE,,
"TCONS_00028438","XLOC_003828","VAV3",,,,,-0.00590000000000002,1,0.00804589772614315,FALSE,FALSE,TRUE,FALSE,FALSE,FALSE,,
"TCONS_00016316","XLOC_003874","LRIF1",,,,,-0.00353333333333333,1,0.0327895079795356,FALSE,FALSE,TRUE,FALSE,FALSE,FALSE,,
"TCONS_00016318","XLOC_003874","LRIF1",,,,,0.1588,0.0695283432413682,0.0327895079795356,FALSE,FALSE,TRUE,FALSE,FALSE,FALSE,,
"TCONS_00022558","XLOC_003874","LRIF1",,,,,-0.0567333333333333,0.321936147571061,0.0327895079795356,FALSE,FALSE,TRUE,FALSE,FALSE,FALSE,,
"TCONS_00022559","XLOC_003874","LRIF1",,,,,-0.00226666666666667,1,0.0327895079795356,FALSE,FALSE,TRUE,FALSE,FALSE,FALSE,,
"TCONS_00023907","XLOC_003874","LRIF1",,,,,-0.0193666666666667,1,0.0327895079795356,FALSE,FALSE,TRUE,FALSE,FALSE,FALSE,,
"TCONS_00026519","XLOC_003874","LRIF1",,,,,0.0463333333333333,0.171417215162401,0.0327895079795356,FALSE,FALSE,TRUE,FALSE,FALSE,FALSE,,
"TCONS_00028443","XLOC_003874","LRIF1",,,,,-0.1265,0.0327895079795356,0.0327895079795356,FALSE,FALSE,TRUE,FALSE,FALSE,FALSE,,
"TCONS_00017883","XLOC_004268","YY1AP1",,,,,-0.0083,0.928924266047115,9.3472727209052e-08,FALSE,FALSE,TRUE,FALSE,FALSE,FALSE,,
"TCONS_00017888","XLOC_004268","YY1AP1",,,,,0.0245333333333333,1,9.3472727209052e-08,FALSE,FALSE,TRUE,FALSE,FALSE,FALSE,,
"TCONS_00017891","XLOC_004268","YY1AP1",,,,,-0.0055,1,9.3472727209052e-08,FALSE,FALSE,TRUE,FALSE,FALSE,FALSE,,
"TCONS_00017895","XLOC_004268","YY1AP1",,,,,-0.00613333333333333,0.208299535795005,9.3472727209052e-08,FALSE,FALSE,TRUE,FALSE,FALSE,FALSE,,
"TCONS_00022732","XLOC_004268","YY1AP1",,,,,0.00586666666666666,1,9.3472727209052e-08,FALSE,FALSE,TRUE,FALSE,FALSE,FALSE,,
"TCONS_00022733","XLOC_004268","YY1AP1",,,,,0.185466666666667,9.3472727209052e-08,9.3472727209052e-08,TRUE,FALSE,TRUE,FALSE,TRUE,FALSE,,
"TCONS_00026777","XLOC_004268","YY1AP1",,,,,0.0277,0.751123299963818,9.3472727209052e-08,FALSE,FALSE,TRUE,FALSE,FALSE,FALSE,,
"TCONS_00026778","XLOC_004268","YY1AP1",,,,,0.0063,1,9.3472727209052e-08,FALSE,FALSE,TRUE,FALSE,FALSE,FALSE,,
"TCONS_00026781","XLOC_004268","YY1AP1",,,,,-0.1648,0.271981049437812,9.3472727209052e-08,FALSE,FALSE,TRUE,FALSE,FALSE,FALSE,,
"TCONS_00026783","XLOC_004268","YY1AP1",,,,,0.000300000000000002,1,9.3472727209052e-08,FALSE,FALSE,TRUE,FALSE,FALSE,FALSE,,
"TCONS_00026787","XLOC_004268","YY1AP1",,,,,-0.0653666666666667,0.903136123271354,9.3472727209052e-08,FALSE,FALSE,TRUE,FALSE,FALSE,FALSE,,
"TCONS_00026789","XLOC_004268","YY1AP1",,,,,0.0119666666666667,1,9.3472727209052e-08,FALSE,FALSE,TRUE,FALSE,FALSE,FALSE,,
"TCONS_00028562","XLOC_004268","YY1AP1",,,,,0.000899999999999998,0.974520455937797,9.3472727209052e-08,FALSE,FALSE,TRUE,FALSE,FALSE,FALSE,,
"TCONS_00028563","XLOC_004268","YY1AP1",,,,,-0.0496,0.95759335757138,9.3472727209052e-08,FALSE,FALSE,TRUE,FALSE,FALSE,FALSE,,
"TCONS_00028564","XLOC_004268","YY1AP1",,,,,0.0204666666666667,0.546154155698422,9.3472727209052e-08,FALSE,FALSE,TRUE,FALSE,FALSE,FALSE,,
"TCONS_00028567","XLOC_004268","YY1AP1",,,,,0.00346666666666667,1,9.3472727209052e-08,FALSE,FALSE,TRUE,FALSE,FALSE,FALSE,,
"TCONS_00018707","XLOC_004452","TADA1",,,,,0.123533333333333,0.923001743723107,0.0258224572575051,FALSE,FALSE,TRUE,FALSE,FALSE,FALSE,,
"TCONS_00026905","XLOC_004452","TADA1",,,,,0.0246666666666667,0.983278737587346,0.0258224572575051,FALSE,FALSE,TRUE,FALSE,FALSE,FALSE,,
"TCONS_00026906","XLOC_004452","TADA1",,,,,0.000233333333333334,1,0.0258224572575051,FALSE,FALSE,TRUE,FALSE,FALSE,FALSE,,
"TCONS_00026907","XLOC_004452","TADA1",,,,,0.100066666666667,0.862456261511885,0.0258224572575051,FALSE,FALSE,TRUE,FALSE,FALSE,FALSE,,
"TCONS_00028616","XLOC_004452","TADA1",,,,,-0.2556,0.0258224572575051,0.0258224572575051,TRUE,FALSE,TRUE,FALSE,TRUE,FALSE,,
"TCONS_00018785","XLOC_004477","NME7",,,,,-0.201333333333333,0.821267611436003,0.000123393658382459,FALSE,FALSE,TRUE,FALSE,FALSE,FALSE,,
"TCONS_00018787","XLOC_004477","NME7",,,,,-0.4464,0.000123393658382459,0.000123393658382459,TRUE,FALSE,TRUE,FALSE,TRUE,FALSE,,
"TCONS_00018788","XLOC_004477","NME7",,,,,0.154766666666667,0.469519323350363,0.000123393658382459,FALSE,FALSE,TRUE,FALSE,FALSE,FALSE,,
"TCONS_00018792","XLOC_004477","NME7",,,,,0.0428666666666667,0.94184073501878,0.000123393658382459,FALSE,FALSE,TRUE,FALSE,FALSE,FALSE,,
"TCONS_00018798","XLOC_004477","NME7",,,,,0.293766666666667,0.363116632459007,0.000123393658382459,FALSE,FALSE,TRUE,FALSE,FALSE,FALSE,,
"TCONS_00026908","XLOC_004477","NME7",,,,,0.0975333333333333,0.818820443146524,0.000123393658382459,FALSE,FALSE,TRUE,FALSE,FALSE,FALSE,,
"TCONS_00026909","XLOC_004477","NME7",,,,,0.0333666666666667,0.979247546003096,0.000123393658382459,FALSE,FALSE,TRUE,FALSE,FALSE,FALSE,,
"TCONS_00019458","XLOC_004682","ZBTB41",,,,,-0.167366666666667,0.00196758329572668,0.00196758329572668,TRUE,FALSE,TRUE,FALSE,TRUE,FALSE,,
"TCONS_00019459","XLOC_004682","ZBTB41",,,,,-6e-04,1,0.00196758329572668,FALSE,FALSE,TRUE,FALSE,FALSE,FALSE,,
"TCONS_00024142","XLOC_004682","ZBTB41",,,,,0.1679,0.00213064805180308,0.00196758329572668,TRUE,FALSE,TRUE,FALSE,TRUE,FALSE,,
"TCONS_00020524","XLOC_004956","LBR",,,,,0.001,1,0.000172576397001416,FALSE,FALSE,TRUE,FALSE,FALSE,FALSE,,
"TCONS_00023017","XLOC_004956","LBR",,,,,0.0347666666666667,0.93811304781644,0.000172576397001416,FALSE,FALSE,TRUE,FALSE,FALSE,FALSE,,
"TCONS_00023020","XLOC_004956","LBR",,,,,0.00266666666666667,1,0.000172576397001416,FALSE,FALSE,TRUE,FALSE,FALSE,FALSE,,
"TCONS_00027177","XLOC_004956","LBR",,,,,-0.175166666666667,0.000902798790473288,0.000172576397001416,TRUE,FALSE,TRUE,FALSE,TRUE,FALSE,,
"TCONS_00027178","XLOC_004956","LBR",,,,,0.1113,0.267683115562491,0.000172576397001416,FALSE,FALSE,TRUE,FALSE,FALSE,FALSE,,
"TCONS_00027180","XLOC_004956","LBR",,,,,0.183866666666667,0.000172576397001416,0.000172576397001416,TRUE,FALSE,TRUE,FALSE,TRUE,FALSE,,
"TCONS_00027181","XLOC_004956","LBR",,,,,-0.1202,0.0862620504901919,0.000172576397001416,FALSE,FALSE,TRUE,FALSE,FALSE,FALSE,,
"TCONS_00028748","XLOC_004956","LBR",,,,,-0.0339,1,0.000172576397001416,FALSE,FALSE,TRUE,FALSE,FALSE,FALSE,,
"TCONS_00021023","XLOC_005099","B3GALNT2",,,,,-0.0550333333333333,0.890089041917337,0.0282904989485734,FALSE,FALSE,TRUE,FALSE,FALSE,FALSE,,
"TCONS_00021024","XLOC_005099","B3GALNT2",,,,,-0.0277333333333333,0.516997834716175,0.0282904989485734,FALSE,FALSE,TRUE,FALSE,FALSE,FALSE,,
"TCONS_00021028","XLOC_005099","B3GALNT2",,,,,0.00293333333333334,1,0.0282904989485734,FALSE,FALSE,TRUE,FALSE,FALSE,FALSE,,
"TCONS_00021030","XLOC_005099","B3GALNT2",,,,,0.0229,0.189503116158793,0.0282904989485734,FALSE,FALSE,TRUE,FALSE,FALSE,FALSE,,
"TCONS_00021031","XLOC_005099","B3GALNT2",,,,,-0.00763333333333334,1,0.0282904989485734,FALSE,FALSE,TRUE,FALSE,FALSE,FALSE,,
"TCONS_00027247","XLOC_005099","B3GALNT2",,,,,0.175833333333333,0.0282904989485734,0.0282904989485734,TRUE,FALSE,TRUE,FALSE,TRUE,FALSE,,
"TCONS_00027248","XLOC_005099","B3GALNT2",,,,,-0.114166666666667,0.820577625307431,0.0282904989485734,FALSE,FALSE,TRUE,FALSE,FALSE,FALSE,,
"TCONS_00021284","XLOC_005170","ADSS2",,,,,0.0397333333333333,1,0.0102918994792421,FALSE,FALSE,TRUE,FALSE,FALSE,FALSE,,
"TCONS_00023046","XLOC_005170","ADSS2",,,,,0.0213666666666667,1,0.0102918994792421,FALSE,FALSE,TRUE,FALSE,FALSE,FALSE,,
"TCONS_00023047","XLOC_005170","ADSS2",,,,,0.110233333333333,0.24818461924149,0.0102918994792421,FALSE,FALSE,TRUE,FALSE,FALSE,FALSE,,
"TCONS_00028797","XLOC_005170","ADSS2",,,,,-0.176533333333333,0.0102918994792421,0.0102918994792421,TRUE,FALSE,TRUE,FALSE,TRUE,FALSE,,
"TCONS_00029492","XLOC_005412","MLLT10",,,,,-0.0487666666666667,0.684318938414976,0.00537450251249782,FALSE,FALSE,TRUE,FALSE,FALSE,FALSE,,
"TCONS_00029493","XLOC_005412","MLLT10",,,,,0.0844666666666667,0.626244373949068,0.00537450251249782,FALSE,FALSE,TRUE,FALSE,FALSE,FALSE,,
"TCONS_00029494","XLOC_005412","MLLT10",,,,,-0.0076,1,0.00537450251249782,FALSE,FALSE,TRUE,FALSE,FALSE,FALSE,,
"TCONS_00029495","XLOC_005412","MLLT10",,,,,0.0118333333333333,1,0.00537450251249782,FALSE,FALSE,TRUE,FALSE,FALSE,FALSE,,
"TCONS_00029496","XLOC_005412","MLLT10",,,,,-0.150766666666667,0.00537450251249782,0.00537450251249782,TRUE,FALSE,TRUE,FALSE,TRUE,FALSE,,
"TCONS_00029497","XLOC_005412","MLLT10",,,,,0.0082,1,0.00537450251249782,FALSE,FALSE,TRUE,FALSE,FALSE,FALSE,,
"TCONS_00029498","XLOC_005412","MLLT10",,,,,0.0858333333333333,0.566558146748152,0.00537450251249782,FALSE,FALSE,TRUE,FALSE,FALSE,FALSE,,
"TCONS_00029499","XLOC_005412","MLLT10",,,,,0.120533333333333,0.945593104453314,0.00537450251249782,FALSE,FALSE,TRUE,FALSE,FALSE,FALSE,,
"TCONS_00029502","XLOC_005412","MLLT10",,,,,0.0371333333333333,1,0.00537450251249782,FALSE,FALSE,TRUE,FALSE,FALSE,FALSE,,
"TCONS_00029508","XLOC_005412","MLLT10",,,,,-0.0719666666666667,0.360048101752326,0.00537450251249782,FALSE,FALSE,TRUE,FALSE,FALSE,FALSE,,
"TCONS_00029510","XLOC_005412","MLLT10",,,,,-0.015,1,0.00537450251249782,FALSE,FALSE,TRUE,FALSE,FALSE,FALSE,,
"TCONS_00029513","XLOC_005412","MLLT10",,,,,0.00126666666666667,1,0.00537450251249782,FALSE,FALSE,TRUE,FALSE,FALSE,FALSE,,
"TCONS_00029514","XLOC_005412","MLLT10",,,,,-0.00493333333333334,1,0.00537450251249782,FALSE,FALSE,TRUE,FALSE,FALSE,FALSE,,
"TCONS_00038929","XLOC_005412","MLLT10",,,,,-0.042,1,0.00537450251249782,FALSE,FALSE,TRUE,FALSE,FALSE,FALSE,,
"TCONS_00038930","XLOC_005412","MLLT10",,,,,0.0717333333333333,0.818137539795726,0.00537450251249782,FALSE,FALSE,TRUE,FALSE,FALSE,FALSE,,
"TCONS_00038931","XLOC_005412","MLLT10",,,,,-0.0828333333333333,0.889255597490976,0.00537450251249782,FALSE,FALSE,TRUE,FALSE,FALSE,FALSE,,
"TCONS_00029526","XLOC_005424","COMMD3",,,,,0.1228,0.402498297215795,0.00443967565559886,FALSE,FALSE,TRUE,FALSE,FALSE,FALSE,,
"TCONS_00029535","XLOC_005424","COMMD3",,,,,-0.00196666666666667,1,0.00443967565559886,FALSE,FALSE,TRUE,FALSE,FALSE,FALSE,,
"TCONS_00029546","XLOC_005424","COMMD3",,,,,0.0095,1,0.00443967565559886,FALSE,FALSE,TRUE,FALSE,FALSE,FALSE,,
"TCONS_00029548","XLOC_005424","COMMD3",,,,,-0.0137333333333333,1,0.00443967565559886,FALSE,FALSE,TRUE,FALSE,FALSE,FALSE,,
"TCONS_00029549","XLOC_005424","COMMD3",,,,,0.0148,0.888030539684744,0.00443967565559886,FALSE,FALSE,TRUE,FALSE,FALSE,FALSE,,
"TCONS_00037638","XLOC_005424","COMMD3",,,,,-0.0423333333333333,0.696787877508332,0.00443967565559886,FALSE,FALSE,TRUE,FALSE,FALSE,FALSE,,
"TCONS_00038934","XLOC_005424","COMMD3",,,,,-0.1173,0.00443967565559886,0.00443967565559886,FALSE,FALSE,TRUE,FALSE,FALSE,FALSE,,
"TCONS_00039382","XLOC_005424","COMMD3",,,,,-0.0214333333333333,0.713897356219817,0.00443967565559886,FALSE,FALSE,TRUE,FALSE,FALSE,FALSE,,
"TCONS_00029679","XLOC_005459","PDSS1",,,,,-0.183833333333333,0.051304734848087,0.0495526687489583,FALSE,FALSE,TRUE,FALSE,FALSE,FALSE,,
"TCONS_00029680","XLOC_005459","PDSS1",,,,,-0.0098,1,0.0495526687489583,FALSE,FALSE,TRUE,FALSE,FALSE,FALSE,,
"TCONS_00029683","XLOC_005459","PDSS1",,,,,-0.00516666666666667,1,0.0495526687489583,FALSE,FALSE,TRUE,FALSE,FALSE,FALSE,,
"TCONS_00029684","XLOC_005459","PDSS1",,,,,0.0255,1,0.0495526687489583,FALSE,FALSE,TRUE,FALSE,FALSE,FALSE,,
"TCONS_00038409","XLOC_005459","PDSS1",,,,,0.1844,0.0495526687489583,0.0495526687489583,TRUE,FALSE,TRUE,FALSE,TRUE,FALSE,,
"TCONS_00031293","XLOC_005913","TMEM254",,,,,-0.1476,6.82410170442262e-06,6.82410170442262e-06,FALSE,FALSE,TRUE,FALSE,FALSE,FALSE,,
"TCONS_00031294","XLOC_005913","TMEM254",,,,,0.0173333333333333,0.860946075266616,6.82410170442262e-06,FALSE,FALSE,TRUE,FALSE,FALSE,FALSE,,
"TCONS_00031296","XLOC_005913","TMEM254",,,,,0.170166666666667,0.914872446761074,6.82410170442262e-06,FALSE,FALSE,TRUE,FALSE,FALSE,FALSE,,
"TCONS_00031297","XLOC_005913","TMEM254",,,,,0.0313,1,6.82410170442262e-06,FALSE,FALSE,TRUE,FALSE,FALSE,FALSE,,
"TCONS_00031300","XLOC_005913","TMEM254",,,,,-0.124133333333333,0.176166868914001,6.82410170442262e-06,FALSE,FALSE,TRUE,FALSE,FALSE,FALSE,,
"TCONS_00031304","XLOC_005913","TMEM254",,,,,0.0491333333333333,1,6.82410170442262e-06,FALSE,FALSE,TRUE,FALSE,FALSE,FALSE,,
"TCONS_00037739","XLOC_005913","TMEM254",,,,,0.0024,1,6.82410170442262e-06,FALSE,FALSE,TRUE,FALSE,FALSE,FALSE,,
"TCONS_00031623","XLOC_005988","IFIT2",,,,,0.224466666666667,0.000495195191388122,3.17503052418259e-12,TRUE,FALSE,TRUE,FALSE,TRUE,FALSE,,
"TCONS_00031627","XLOC_005988","IFIT2",,,,,-0.000199999999999999,1,3.17503052418259e-12,FALSE,FALSE,TRUE,FALSE,FALSE,FALSE,,
"TCONS_00038536","XLOC_005988","IFIT2",,,,,-0.208533333333333,3.17503052418259e-12,3.17503052418259e-12,TRUE,FALSE,TRUE,FALSE,TRUE,FALSE,,
"TCONS_00032133","XLOC_006099","LZTS2",,,,,-0.2029,0.0142107255805782,0.0142107255805782,TRUE,FALSE,TRUE,FALSE,TRUE,FALSE,,
"TCONS_00032134","XLOC_006099","LZTS2",,,,,0.0281666666666667,1,0.0142107255805782,FALSE,FALSE,TRUE,FALSE,FALSE,FALSE,,
"TCONS_00032136","XLOC_006099","LZTS2",,,,,-0.00156666666666667,1,0.0142107255805782,FALSE,FALSE,TRUE,FALSE,FALSE,FALSE,,
"TCONS_00032137","XLOC_006099","LZTS2",,,,,0.00626666666666667,1,0.0142107255805782,FALSE,FALSE,TRUE,FALSE,FALSE,FALSE,,
"TCONS_00032138","XLOC_006099","LZTS2",,,,,0.1571,0.448012125271692,0.0142107255805782,FALSE,FALSE,TRUE,FALSE,FALSE,FALSE,,
"TCONS_00032466","XLOC_006157","CFAP58",,,,,-0.4125,0.0430859646675805,0.0430859646675805,TRUE,FALSE,TRUE,FALSE,TRUE,FALSE,,
"TCONS_00032467","XLOC_006157","CFAP58",,,,,-0.0975666666666667,0.464728031416798,0.0430859646675805,FALSE,FALSE,TRUE,FALSE,FALSE,FALSE,,
"TCONS_00037859","XLOC_006157","CFAP58",,,,,0.0522333333333333,0.996567343221116,0.0430859646675805,FALSE,FALSE,TRUE,FALSE,FALSE,FALSE,,
"TCONS_00037860","XLOC_006157","CFAP58",,,,,0.112066666666667,0.908552818447887,0.0430859646675805,FALSE,FALSE,TRUE,FALSE,FALSE,FALSE,,
"TCONS_00038590","XLOC_006157","CFAP58",,,,,0.345766666666667,0.484962365407297,0.0430859646675805,FALSE,FALSE,TRUE,FALSE,FALSE,FALSE,,
"TCONS_00033014","XLOC_006295","ACADSB",,,,,-0.180666666666667,0.0474477417356169,0.0474477417356169,TRUE,FALSE,TRUE,FALSE,TRUE,FALSE,,
"TCONS_00033015","XLOC_006295","ACADSB",,,,,0.0917,0.890122507026547,0.0474477417356169,FALSE,FALSE,TRUE,FALSE,FALSE,FALSE,,
"TCONS_00033016","XLOC_006295","ACADSB",,,,,0.103766666666667,0.452460732941547,0.0474477417356169,FALSE,FALSE,TRUE,FALSE,FALSE,FALSE,,
"TCONS_00033109","XLOC_006326","DOCK1",,,,,-0.250266666666667,0.0161115480915295,0.00194540795414454,TRUE,FALSE,TRUE,FALSE,TRUE,FALSE,,
"TCONS_00033110","XLOC_006326","DOCK1",,,,,0.127733333333333,0.827865200170332,0.00194540795414454,FALSE,FALSE,TRUE,FALSE,FALSE,FALSE,,
"TCONS_00033111","XLOC_006326","DOCK1",,,,,-0.00243333333333334,1,0.00194540795414454,FALSE,FALSE,TRUE,FALSE,FALSE,FALSE,,
"TCONS_00033112","XLOC_006326","DOCK1",,,,,-0.0134,1,0.00194540795414454,FALSE,FALSE,TRUE,FALSE,FALSE,FALSE,,
"TCONS_00033114","XLOC_006326","DOCK1",,,,,0.1074,0.00194540795414454,0.00194540795414454,FALSE,FALSE,TRUE,FALSE,FALSE,FALSE,,
"TCONS_00038615","XLOC_006326","DOCK1",,,,,-0.00766666666666667,1,0.00194540795414454,FALSE,FALSE,TRUE,FALSE,FALSE,FALSE,,
"TCONS_00038616","XLOC_006326","DOCK1",,,,,0.0127666666666667,1,0.00194540795414454,FALSE,FALSE,TRUE,FALSE,FALSE,FALSE,,
"TCONS_00038617","XLOC_006326","DOCK1",,,,,0.0258666666666667,1,0.00194540795414454,FALSE,FALSE,TRUE,FALSE,FALSE,FALSE,,
"TCONS_00034566","XLOC_006710","ZNF25",,,,,-0.355666666666667,0.10062556055182,0.000567903489128581,FALSE,FALSE,TRUE,FALSE,FALSE,FALSE,,
"TCONS_00034567","XLOC_006710","ZNF25",,,,,-0.0116666666666667,0.962822089844572,0.000567903489128581,FALSE,FALSE,TRUE,FALSE,FALSE,FALSE,,
"TCONS_00034568","XLOC_006710","ZNF25",,,,,0.0136666666666667,1,0.000567903489128581,FALSE,FALSE,TRUE,FALSE,FALSE,FALSE,,
"TCONS_00038712","XLOC_006710","ZNF25",,,,,-0.022,1,0.000567903489128581,FALSE,FALSE,TRUE,FALSE,FALSE,FALSE,,
"TCONS_00038713","XLOC_006710","ZNF25",,,,,0.375633333333333,0.000567903489128581,0.000567903489128581,TRUE,FALSE,TRUE,FALSE,TRUE,FALSE,,
"TCONS_00034890","XLOC_006816","ERCC6",,,,,-0.0079,1,0.00035442563173036,FALSE,FALSE,TRUE,FALSE,FALSE,FALSE,,
"TCONS_00034893","XLOC_006816","ERCC6",,,,,0.0205333333333333,0.921906210535931,0.00035442563173036,FALSE,FALSE,TRUE,FALSE,FALSE,FALSE,,
"TCONS_00034894","XLOC_006816","ERCC6",,,,,-0.0318666666666667,1,0.00035442563173036,FALSE,FALSE,TRUE,FALSE,FALSE,FALSE,,
"TCONS_00034898","XLOC_006816","ERCC6",,,,,-0.0319666666666667,0.984404521891153,0.00035442563173036,FALSE,FALSE,TRUE,FALSE,FALSE,FALSE,,
"TCONS_00034904","XLOC_006816","ERCC6",,,,,0.0178666666666667,1,0.00035442563173036,FALSE,FALSE,TRUE,FALSE,FALSE,FALSE,,
"TCONS_00034905","XLOC_006816","ERCC6",,,,,-0.0155666666666667,1,0.00035442563173036,FALSE,FALSE,TRUE,FALSE,FALSE,FALSE,,
"TCONS_00034908","XLOC_006816","ERCC6",,,,,0.198533333333333,0.00035442563173036,0.00035442563173036,TRUE,FALSE,TRUE,FALSE,TRUE,FALSE,,
"TCONS_00034909","XLOC_006816","ERCC6",,,,,-0.0632,0.885498387843621,0.00035442563173036,FALSE,FALSE,TRUE,FALSE,FALSE,FALSE,,
"TCONS_00038044","XLOC_006816","ERCC6",,,,,0.0331666666666666,1,0.00035442563173036,FALSE,FALSE,TRUE,FALSE,FALSE,FALSE,,
"TCONS_00038045","XLOC_006816","ERCC6",,,,,-0.102266666666667,1,0.00035442563173036,FALSE,FALSE,TRUE,FALSE,FALSE,FALSE,,
"TCONS_00038721","XLOC_006816","ERCC6",,,,,-0.0632,1,0.00035442563173036,FALSE,FALSE,TRUE,FALSE,FALSE,FALSE,,
"TCONS_00039189","XLOC_006816","ERCC6",,,,,0.0589,1,0.00035442563173036,FALSE,FALSE,TRUE,FALSE,FALSE,FALSE,,
"TCONS_00039190","XLOC_006816","ERCC6",,,,,0.00636666666666667,1,0.00035442563173036,FALSE,FALSE,TRUE,FALSE,FALSE,FALSE,,
"TCONS_00036308","XLOC_007201","EXOSC1",,,,,0.188333333333333,0.0487951244148829,5.87021877230894e-10,TRUE,FALSE,TRUE,FALSE,TRUE,FALSE,,
"TCONS_00036310","XLOC_007201","EXOSC1",,,,,0.0389666666666667,1,5.87021877230894e-10,FALSE,FALSE,TRUE,FALSE,FALSE,FALSE,,
"TCONS_00036311","XLOC_007201","EXOSC1",,,,,0.00716666666666667,1,5.87021877230894e-10,FALSE,FALSE,TRUE,FALSE,FALSE,FALSE,,
"TCONS_00036314","XLOC_007201","EXOSC1",,,,,0.0147333333333333,1,5.87021877230894e-10,FALSE,FALSE,TRUE,FALSE,FALSE,FALSE,,
"TCONS_00036316","XLOC_007201","EXOSC1",,,,,0.000699999999999999,1,5.87021877230894e-10,FALSE,FALSE,TRUE,FALSE,FALSE,FALSE,,
"TCONS_00036317","XLOC_007201","EXOSC1",,,,,0.000566666666666667,1,5.87021877230894e-10,FALSE,FALSE,TRUE,FALSE,FALSE,FALSE,,
"TCONS_00039288","XLOC_007201","EXOSC1",,,,,-0.252366666666667,5.87021877230894e-10,5.87021877230894e-10,TRUE,FALSE,TRUE,FALSE,TRUE,FALSE,,
"TCONS_00036386","XLOC_007218","SLC25A28",,,,,0.0182,0.407675686296751,0.00419198461318387,FALSE,FALSE,TRUE,FALSE,FALSE,FALSE,,
"TCONS_00036387","XLOC_007218","SLC25A28",,,,,0.0303333333333334,0.503901364432226,0.00419198461318387,FALSE,FALSE,TRUE,FALSE,FALSE,FALSE,,
"TCONS_00036389","XLOC_007218","SLC25A28",,,,,0.0346666666666667,0.737552976057284,0.00419198461318387,FALSE,FALSE,TRUE,FALSE,FALSE,FALSE,,
"TCONS_00036394","XLOC_007218","SLC25A28",,,,,-0.0904,0.143202873829416,0.00419198461318387,FALSE,FALSE,TRUE,FALSE,FALSE,FALSE,,
"TCONS_00036395","XLOC_007218","SLC25A28",,,,,-0.109566666666667,0.00419198461318387,0.00419198461318387,FALSE,FALSE,TRUE,FALSE,FALSE,FALSE,,
"TCONS_00038270","XLOC_007218","SLC25A28",,,,,-0.0099,0.833980103005213,0.00419198461318387,FALSE,FALSE,TRUE,FALSE,FALSE,FALSE,,
"TCONS_00038272","XLOC_007218","SLC25A28",,,,,-0.0438666666666667,0.0597296466059471,0.00419198461318387,FALSE,FALSE,TRUE,FALSE,FALSE,FALSE,,
"TCONS_00038837","XLOC_007218","SLC25A28",,,,,0.1452,0.0383168988160458,0.00419198461318387,FALSE,FALSE,TRUE,FALSE,FALSE,FALSE,,
"TCONS_00038838","XLOC_007218","SLC25A28",,,,,0.00836666666666666,0.823689973966295,0.00419198461318387,FALSE,FALSE,TRUE,FALSE,FALSE,FALSE,,
"TCONS_00039598","XLOC_007218","SLC25A28",,,,,0.0441,0.637457476859161,0.00419198461318387,FALSE,FALSE,TRUE,FALSE,FALSE,FALSE,,
"TCONS_00039599","XLOC_007218","SLC25A28",,,,,-0.0301,0.591113560409675,0.00419198461318387,FALSE,FALSE,TRUE,FALSE,FALSE,FALSE,,
"TCONS_00037237","XLOC_007403","C10orf88",,,,,-0.215766666666667,0.0244412399534799,0.00126575290612049,TRUE,FALSE,TRUE,FALSE,TRUE,FALSE,,
"TCONS_00037238","XLOC_007403","C10orf88",,,,,-0.0569333333333333,0.237688975549085,0.00126575290612049,FALSE,FALSE,TRUE,FALSE,FALSE,FALSE,,
"TCONS_00037240","XLOC_007403","C10orf88",,,,,0.2727,0.00126575290612049,0.00126575290612049,TRUE,FALSE,TRUE,FALSE,TRUE,FALSE,,
"TCONS_00037361","XLOC_007434","ADAM12",,,,,0.116033333333333,0.910098848240608,0.0226816586217656,FALSE,FALSE,TRUE,FALSE,FALSE,FALSE,,
"TCONS_00037362","XLOC_007434","ADAM12",,,,,-0.104133333333333,0.865886124657031,0.0226816586217656,FALSE,FALSE,TRUE,FALSE,FALSE,FALSE,,
"TCONS_00038351","XLOC_007434","ADAM12",,,,,-0.0289666666666667,0.437874577002032,0.0226816586217656,FALSE,FALSE,TRUE,FALSE,FALSE,FALSE,,
"TCONS_00038352","XLOC_007434","ADAM12",,,,,-0.0572333333333334,1,0.0226816586217656,FALSE,FALSE,TRUE,FALSE,FALSE,FALSE,,
"TCONS_00038353","XLOC_007434","ADAM12",,,,,-0.0556,0.98599294676853,0.0226816586217656,FALSE,FALSE,TRUE,FALSE,FALSE,FALSE,,
"TCONS_00038897","XLOC_007434","ADAM12",,,,,-0.0207333333333333,1,0.0226816586217656,FALSE,FALSE,TRUE,FALSE,FALSE,FALSE,,
"TCONS_00038898","XLOC_007434","ADAM12",,,,,0.111366666666667,0.0226816586217656,0.0226816586217656,FALSE,FALSE,TRUE,FALSE,FALSE,FALSE,,
"TCONS_00038899","XLOC_007434","ADAM12",,,,,-0.0274666666666667,1,0.0226816586217656,FALSE,FALSE,TRUE,FALSE,FALSE,FALSE,,
"TCONS_00038900","XLOC_007434","ADAM12",,,,,0.0564,0.0832319684463706,0.0226816586217656,FALSE,FALSE,TRUE,FALSE,FALSE,FALSE,,
"TCONS_00039638","XLOC_007503","RIC8A",,,,,-0.00883333333333333,1,0.000172695429380948,FALSE,FALSE,TRUE,FALSE,FALSE,FALSE,,
"TCONS_00039643","XLOC_007503","RIC8A",,,,,-0.00503333333333333,1,0.000172695429380948,FALSE,FALSE,TRUE,FALSE,FALSE,FALSE,,
"TCONS_00054001","XLOC_007503","RIC8A",,,,,0.00606666666666666,1,0.000172695429380948,FALSE,FALSE,TRUE,FALSE,FALSE,FALSE,,
"TCONS_00054002","XLOC_007503","RIC8A",,,,,-0.127933333333333,0.253197641265577,0.000172695429380948,FALSE,FALSE,TRUE,FALSE,FALSE,FALSE,,
"TCONS_00054762","XLOC_007503","RIC8A",,,,,-0.0112333333333333,1,0.000172695429380948,FALSE,FALSE,TRUE,FALSE,FALSE,FALSE,,
"TCONS_00054763","XLOC_007503","RIC8A",,,,,0.0102666666666667,1,0.000172695429380948,FALSE,FALSE,TRUE,FALSE,FALSE,FALSE,,
"TCONS_00055358","XLOC_007503","RIC8A",,,,,-0.0172666666666667,1,0.000172695429380948,FALSE,FALSE,TRUE,FALSE,FALSE,FALSE,,
"TCONS_00055360","XLOC_007503","RIC8A",,,,,0.00396666666666667,1,0.000172695429380948,FALSE,FALSE,TRUE,FALSE,FALSE,FALSE,,
"TCONS_00055362","XLOC_007503","RIC8A",,,,,-0.0149,0.300685858266939,0.000172695429380948,FALSE,FALSE,TRUE,FALSE,FALSE,FALSE,,
"TCONS_00056495","XLOC_007503","RIC8A",,,,,0.1311,0.000172695429380948,0.000172695429380948,FALSE,FALSE,TRUE,FALSE,FALSE,FALSE,,
"TCONS_00040268","XLOC_007610","OR52K3P",,,,,0.0230666666666667,1,0.00323767762252808,FALSE,FALSE,TRUE,FALSE,FALSE,FALSE,,
"TCONS_00040269","XLOC_007610","OR52K3P",,,,,0.1016,0.463930850756396,0.00323767762252808,FALSE,FALSE,TRUE,FALSE,FALSE,FALSE,,
"TCONS_00040270","XLOC_007610","OR52K3P",,,,,-0.0139333333333333,1,0.00323767762252808,FALSE,FALSE,TRUE,FALSE,FALSE,FALSE,,
"TCONS_00040271","XLOC_007610","OR52K3P",,,,,0.1462,1,0.00323767762252808,FALSE,FALSE,TRUE,FALSE,FALSE,FALSE,,
"TCONS_00040272","XLOC_007610","OR52K3P",,,,,0.0329333333333333,0.734571414767151,0.00323767762252808,FALSE,FALSE,TRUE,FALSE,FALSE,FALSE,,
"TCONS_00040274","XLOC_007610","OR52K3P",,,,,0.00593333333333333,0.989629549613636,0.00323767762252808,FALSE,FALSE,TRUE,FALSE,FALSE,FALSE,,
"TCONS_00040276","XLOC_007610","OR52K3P",,,,,-0.0254333333333333,0.993241555916838,0.00323767762252808,FALSE,FALSE,TRUE,FALSE,FALSE,FALSE,,
"TCONS_00040279","XLOC_007610","OR52K3P",,,,,-0.0779333333333333,1,0.00323767762252808,FALSE,FALSE,TRUE,FALSE,FALSE,FALSE,,
"TCONS_00054777","XLOC_007610","OR52K3P",,,,,-0.184766666666667,0.00323767762252808,0.00323767762252808,TRUE,FALSE,TRUE,FALSE,TRUE,FALSE,,
"TCONS_00040700","XLOC_007735","USP47",,,,,0.0176,0.871088781645364,0.000159056974452882,FALSE,FALSE,TRUE,FALSE,FALSE,FALSE,,
"TCONS_00040702","XLOC_007735","USP47",,,,,-0.0047,1,0.000159056974452882,FALSE,FALSE,TRUE,FALSE,FALSE,FALSE,,
"TCONS_00040703","XLOC_007735","USP47",,,,,0.0282,1,0.000159056974452882,FALSE,FALSE,TRUE,FALSE,FALSE,FALSE,,
"TCONS_00040704","XLOC_007735","USP47",,,,,0.0162,1,0.000159056974452882,FALSE,FALSE,TRUE,FALSE,FALSE,FALSE,,
"TCONS_00040705","XLOC_007735","USP47",,,,,0.0632333333333333,0.735243904941743,0.000159056974452882,FALSE,FALSE,TRUE,FALSE,FALSE,FALSE,,
"TCONS_00040710","XLOC_007735","USP47",,,,,0.0077,1,0.000159056974452882,FALSE,FALSE,TRUE,FALSE,FALSE,FALSE,,
"TCONS_00054043","XLOC_007735","USP47",,,,,0.1974,0.109977864101064,0.000159056974452882,FALSE,FALSE,TRUE,FALSE,FALSE,FALSE,,
"TCONS_00054807","XLOC_007735","USP47",,,,,-0.0103666666666667,1,0.000159056974452882,FALSE,FALSE,TRUE,FALSE,FALSE,FALSE,,
"TCONS_00054808","XLOC_007735","USP47",,,,,-0.135433333333333,0.000159056974452882,0.000159056974452882,FALSE,FALSE,TRUE,FALSE,FALSE,FALSE,,
"TCONS_00055442","XLOC_007735","USP47",,,,,-0.0866,0.971390185116593,0.000159056974452882,FALSE,FALSE,TRUE,FALSE,FALSE,FALSE,,
"TCONS_00055443","XLOC_007735","USP47",,,,,-0.0974,0.0190872258481661,0.000159056974452882,FALSE,FALSE,TRUE,FALSE,FALSE,FALSE,,
"TCONS_00041047","XLOC_007817","HTATIP2",,,,,-0.0012,1,0.000917412006185213,FALSE,FALSE,TRUE,FALSE,FALSE,FALSE,,
"TCONS_00041048","XLOC_007817","HTATIP2",,,,,-0.0104666666666667,0.944287034349413,0.000917412006185213,FALSE,FALSE,TRUE,FALSE,FALSE,FALSE,,
"TCONS_00041049","XLOC_007817","HTATIP2",,,,,0.1721,0.00555600690373912,0.000917412006185213,TRUE,FALSE,TRUE,FALSE,TRUE,FALSE,,
"TCONS_00041050","XLOC_007817","HTATIP2",,,,,0.0172666666666667,1,0.000917412006185213,FALSE,FALSE,TRUE,FALSE,FALSE,FALSE,,
"TCONS_00041051","XLOC_007817","HTATIP2",,,,,-0.1742,0.000917412006185213,0.000917412006185213,TRUE,FALSE,TRUE,FALSE,TRUE,FALSE,,
"TCONS_00041053","XLOC_007817","HTATIP2",,,,,0.000833333333333333,1,0.000917412006185213,FALSE,FALSE,TRUE,FALSE,FALSE,FALSE,,
"TCONS_00042845","XLOC_008250","ROM1",,,,,0.0663,0.680884599550555,0.00375191556363016,FALSE,FALSE,TRUE,FALSE,FALSE,FALSE,,
"TCONS_00042846","XLOC_008250","ROM1",,,,,0.485433333333333,0.00375191556363016,0.00375191556363016,TRUE,FALSE,TRUE,FALSE,TRUE,FALSE,,
"TCONS_00042848","XLOC_008250","ROM1",,,,,-0.530066666666667,0.00410881952836995,0.00375191556363016,TRUE,FALSE,TRUE,FALSE,TRUE,FALSE,,
"TCONS_00042849","XLOC_008250","ROM1",,,,,-0.0217,1,0.00375191556363016,FALSE,FALSE,TRUE,FALSE,FALSE,FALSE,,
"TCONS_00043393","XLOC_008331","ZNRD2",,,,,0.000766666666666667,1,0.00392348271427753,FALSE,FALSE,TRUE,FALSE,FALSE,FALSE,,
"TCONS_00043394","XLOC_008331","ZNRD2",,,,,-0.000766666666666665,1,0.00392348271427753,FALSE,FALSE,TRUE,FALSE,FALSE,FALSE,,
"TCONS_00043399","XLOC_008331","ZNRD2",,,,,0.000766666666666659,1,0.00392348271427753,FALSE,FALSE,TRUE,FALSE,FALSE,FALSE,,
"TCONS_00043400","XLOC_008331","ZNRD2",,,,,-0.00946666666666667,0.866776933555615,0.00392348271427753,FALSE,FALSE,TRUE,FALSE,FALSE,FALSE,,
"TCONS_00043401","XLOC_008331","ZNRD2",,,,,0.0013,1,0.00392348271427753,FALSE,FALSE,TRUE,FALSE,FALSE,FALSE,,
"TCONS_00043402","XLOC_008331","ZNRD2",,,,,-0.102933333333333,0.00392348271427753,0.00392348271427753,FALSE,FALSE,TRUE,FALSE,FALSE,FALSE,,
"TCONS_00055689","XLOC_008331","ZNRD2",,,,,0.110733333333333,0.00628846404858557,0.00392348271427753,FALSE,FALSE,TRUE,FALSE,FALSE,FALSE,,
"TCONS_00044218","XLOC_008463","RNF121",,,,,0.0211,1,0.0152821806557251,FALSE,FALSE,TRUE,FALSE,FALSE,FALSE,,
"TCONS_00044224","XLOC_008463","RNF121",,,,,-0.0901333333333334,0.580796564364454,0.0152821806557251,FALSE,FALSE,TRUE,FALSE,FALSE,FALSE,,
"TCONS_00044226","XLOC_008463","RNF121",,,,,-0.00546666666666667,0.966705556056906,0.0152821806557251,FALSE,FALSE,TRUE,FALSE,FALSE,FALSE,,
"TCONS_00044227","XLOC_008463","RNF121",,,,,-0.117733333333333,0.0152821806557251,0.0152821806557251,FALSE,FALSE,TRUE,FALSE,FALSE,FALSE,,
"TCONS_00044228","XLOC_008463","RNF121",,,,,0.1276,0.465216130285132,0.0152821806557251,FALSE,FALSE,TRUE,FALSE,FALSE,FALSE,,
"TCONS_00044230","XLOC_008463","RNF121",,,,,-0.0201333333333333,0.276864188371015,0.0152821806557251,FALSE,FALSE,TRUE,FALSE,FALSE,FALSE,,
"TCONS_00044231","XLOC_008463","RNF121",,,,,0.00323333333333333,1,0.0152821806557251,FALSE,FALSE,TRUE,FALSE,FALSE,FALSE,,
"TCONS_00054956","XLOC_008463","RNF121",,,,,0.0682666666666667,0.107221747641232,0.0152821806557251,FALSE,FALSE,TRUE,FALSE,FALSE,FALSE,,
"TCONS_00055737","XLOC_008463","RNF121",,,,,0.0206,0.839005532780245,0.0152821806557251,FALSE,FALSE,TRUE,FALSE,FALSE,FALSE,,
"TCONS_00056671","XLOC_008463","RNF121",,,,,-0.0264,0.461070122938369,0.0152821806557251,FALSE,FALSE,TRUE,FALSE,FALSE,FALSE,,
"TCONS_00056673","XLOC_008463","RNF121",,,,,0.0565,0.12572624516318,0.0152821806557251,FALSE,FALSE,TRUE,FALSE,FALSE,FALSE,,
"TCONS_00044590","XLOC_008545","UVRAG",,,,,-0.0283,1,0.00734764020920349,FALSE,FALSE,TRUE,FALSE,FALSE,FALSE,,
"TCONS_00044591","XLOC_008545","UVRAG",,,,,-0.0342,0.910567456253954,0.00734764020920349,FALSE,FALSE,TRUE,FALSE,FALSE,FALSE,,
"TCONS_00054262","XLOC_008545","UVRAG",,,,,-0.1794,0.547949662933928,0.00734764020920349,FALSE,FALSE,TRUE,FALSE,FALSE,FALSE,,
"TCONS_00056681","XLOC_008545","UVRAG",,,,,0.267966666666667,0.00734764020920349,0.00734764020920349,TRUE,FALSE,TRUE,FALSE,TRUE,FALSE,,
"TCONS_00044828","XLOC_008611","TMEM126B",,,,,-0.0224,1,0.000122359583888768,FALSE,FALSE,TRUE,FALSE,FALSE,FALSE,,
"TCONS_00044829","XLOC_008611","TMEM126B",,,,,-0.0370666666666667,0.024383547202218,0.000122359583888768,FALSE,FALSE,TRUE,FALSE,FALSE,FALSE,,
"TCONS_00044830","XLOC_008611","TMEM126B",,,,,0.0278666666666667,0.000201130503381223,0.000122359583888768,FALSE,FALSE,TRUE,FALSE,FALSE,FALSE,,
"TCONS_00044831","XLOC_008611","TMEM126B",,,,,0.0503333333333333,0.972432236538723,0.000122359583888768,FALSE,FALSE,TRUE,FALSE,FALSE,FALSE,,
"TCONS_00044832","XLOC_008611","TMEM126B",,,,,0.00603333333333333,1,0.000122359583888768,FALSE,FALSE,TRUE,FALSE,FALSE,FALSE,,
"TCONS_00044834","XLOC_008611","TMEM126B",,,,,0.00506666666666667,1,0.000122359583888768,FALSE,FALSE,TRUE,FALSE,FALSE,FALSE,,
"TCONS_00044835","XLOC_008611","TMEM126B",,,,,-0.000666666666666666,1,0.000122359583888768,FALSE,FALSE,TRUE,FALSE,FALSE,FALSE,,
"TCONS_00044837","XLOC_008611","TMEM126B",,,,,0.00586666666666667,0.933820232114199,0.000122359583888768,FALSE,FALSE,TRUE,FALSE,FALSE,FALSE,,
"TCONS_00054974","XLOC_008611","TMEM126B",,,,,-0.00613333333333333,1,0.000122359583888768,FALSE,FALSE,TRUE,FALSE,FALSE,FALSE,,
"TCONS_00054975","XLOC_008611","TMEM126B",,,,,-0.171966666666667,0.000122359583888768,0.000122359583888768,TRUE,FALSE,TRUE,FALSE,TRUE,FALSE,,
"TCONS_00056683","XLOC_008611","TMEM126B",,,,,0.130133333333333,0.629882186565028,0.000122359583888768,FALSE,FALSE,TRUE,FALSE,FALSE,FALSE,,
"TCONS_00045092","XLOC_008704","PANX1",,,,,-0.0258,1,3.12475369383477e-22,FALSE,FALSE,TRUE,FALSE,FALSE,FALSE,,
"TCONS_00045093","XLOC_008704","PANX1",,,,,-0.0319,0.984404521891153,3.12475369383477e-22,FALSE,FALSE,TRUE,FALSE,FALSE,FALSE,,
"TCONS_00054277","XLOC_008704","PANX1",,,,,0.00616666666666667,0.927426382532508,3.12475369383477e-22,FALSE,FALSE,TRUE,FALSE,FALSE,FALSE,,
"TCONS_00054979","XLOC_008704","PANX1",,,,,0.126033333333333,3.12475369383477e-22,3.12475369383477e-22,FALSE,FALSE,TRUE,FALSE,FALSE,FALSE,,
"TCONS_00054982","XLOC_008704","PANX1",,,,,-0.1146,0.543283738951827,3.12475369383477e-22,FALSE,FALSE,TRUE,FALSE,FALSE,FALSE,,
"TCONS_00054983","XLOC_008704","PANX1",,,,,0.1453,0.144911164319373,3.12475369383477e-22,FALSE,FALSE,TRUE,FALSE,FALSE,FALSE,,
"TCONS_00054984","XLOC_008704","PANX1",,,,,-0.0682333333333333,0.0667560273210235,3.12475369383477e-22,FALSE,FALSE,TRUE,FALSE,FALSE,FALSE,,
"TCONS_00056687","XLOC_008704","PANX1",,,,,0.00393333333333333,1,3.12475369383477e-22,FALSE,FALSE,TRUE,FALSE,FALSE,FALSE,,
"TCONS_00056688","XLOC_008704","PANX1",,,,,-0.0335666666666667,1,3.12475369383477e-22,FALSE,FALSE,TRUE,FALSE,FALSE,FALSE,,
"TCONS_00045553","XLOC_008820","SDHD",,,,,0.133366666666667,0.00405822173868254,0.00405822173868254,FALSE,FALSE,TRUE,FALSE,FALSE,FALSE,,
"TCONS_00054305","XLOC_008820","SDHD",,,,,-0.138966666666667,0.006020108076302,0.00405822173868254,FALSE,FALSE,TRUE,FALSE,FALSE,FALSE,,
"TCONS_00046221","XLOC_008938","ARHGEF12",,,,,-0.2031,0.513736408217402,0.00170584943685832,FALSE,FALSE,TRUE,FALSE,FALSE,FALSE,,
"TCONS_00046222","XLOC_008938","ARHGEF12",,,,,0.0262,1,0.00170584943685832,FALSE,FALSE,TRUE,FALSE,FALSE,FALSE,,
"TCONS_00046224","XLOC_008938","ARHGEF12",,,,,-0.0655666666666667,1,0.00170584943685832,FALSE,FALSE,TRUE,FALSE,FALSE,FALSE,,
"TCONS_00046228","XLOC_008938","ARHGEF12",,,,,0.0321,0.986906208158165,0.00170584943685832,FALSE,FALSE,TRUE,FALSE,FALSE,FALSE,,
"TCONS_00055875","XLOC_008938","ARHGEF12",,,,,0.213,0.00170584943685832,0.00170584943685832,TRUE,FALSE,TRUE,FALSE,TRUE,FALSE,,
"TCONS_00046294","XLOC_008954","UBASH3B",,,,,0.106466666666667,0.683006386820726,2.26732918436255e-12,FALSE,FALSE,TRUE,FALSE,FALSE,FALSE,,
"TCONS_00046299","XLOC_008954","UBASH3B",,,,,-0.0721666666666667,0.765022527945645,2.26732918436255e-12,FALSE,FALSE,TRUE,FALSE,FALSE,FALSE,,
"TCONS_00054334","XLOC_008954","UBASH3B",,,,,0.00593333333333333,1,2.26732918436255e-12,FALSE,FALSE,TRUE,FALSE,FALSE,FALSE,,
"TCONS_00054335","XLOC_008954","UBASH3B",,,,,-0.0535,1,2.26732918436255e-12,FALSE,FALSE,TRUE,FALSE,FALSE,FALSE,,
"TCONS_00054337","XLOC_008954","UBASH3B",,,,,0.00633333333333333,1,2.26732918436255e-12,FALSE,FALSE,TRUE,FALSE,FALSE,FALSE,,
"TCONS_00054338","XLOC_008954","UBASH3B",,,,,-0.142566666666667,2.26732918436255e-12,2.26732918436255e-12,FALSE,FALSE,TRUE,FALSE,FALSE,FALSE,,
"TCONS_00054339","XLOC_008954","UBASH3B",,,,,0.0742,0.735522814636863,2.26732918436255e-12,FALSE,FALSE,TRUE,FALSE,FALSE,FALSE,,
"TCONS_00055028","XLOC_008954","UBASH3B",,,,,0.0786666666666667,0.818337027424752,2.26732918436255e-12,FALSE,FALSE,TRUE,FALSE,FALSE,FALSE,,
"TCONS_00046520","XLOC_009015","HYLS1",,,,,0.624866666666667,6.40817895275371e-05,6.40817895275371e-05,TRUE,FALSE,TRUE,FALSE,TRUE,FALSE,,
"TCONS_00054363","XLOC_009015","HYLS1",,,,,-0.624866666666667,0.00072600631670955,6.40817895275371e-05,TRUE,FALSE,TRUE,FALSE,TRUE,FALSE,,
"TCONS_00046812","XLOC_009077","ACAD8",,,,,0.0493333333333333,0.72157493447551,0.00466172436114426,FALSE,FALSE,TRUE,FALSE,FALSE,FALSE,,
"TCONS_00046815","XLOC_009077","ACAD8",,,,,0.0124666666666667,1,0.00466172436114426,FALSE,FALSE,TRUE,FALSE,FALSE,FALSE,,
"TCONS_00046817","XLOC_009077","ACAD8",,,,,-0.235466666666667,0.196530222438177,0.00466172436114426,FALSE,FALSE,TRUE,FALSE,FALSE,FALSE,,
"TCONS_00046821","XLOC_009077","ACAD8",,,,,0.0129,1,0.00466172436114426,FALSE,FALSE,TRUE,FALSE,FALSE,FALSE,,
"TCONS_00046822","XLOC_009077","ACAD8",,,,,-0.0165666666666667,0.781066662197853,0.00466172436114426,FALSE,FALSE,TRUE,FALSE,FALSE,FALSE,,
"TCONS_00046825","XLOC_009077","ACAD8",,,,,3.33333333333297e-05,1,0.00466172436114426,FALSE,FALSE,TRUE,FALSE,FALSE,FALSE,,
"TCONS_00046827","XLOC_009077","ACAD8",,,,,0.000200000000000002,1,0.00466172436114426,FALSE,FALSE,TRUE,FALSE,FALSE,FALSE,,
"TCONS_00055054","XLOC_009077","ACAD8",,,,,0.0979333333333333,0.607918938385555,0.00466172436114426,FALSE,FALSE,TRUE,FALSE,FALSE,FALSE,,
"TCONS_00055942","XLOC_009077","ACAD8",,,,,-0.00353333333333333,1,0.00466172436114426,FALSE,FALSE,TRUE,FALSE,FALSE,FALSE,,
"TCONS_00055943","XLOC_009077","ACAD8",,,,,-0.120466666666667,0.405768195048659,0.00466172436114426,FALSE,FALSE,TRUE,FALSE,FALSE,FALSE,,
"TCONS_00056758","XLOC_009077","ACAD8",,,,,-0.0139,0.614616754274998,0.00466172436114426,FALSE,FALSE,TRUE,FALSE,FALSE,FALSE,,
"TCONS_00056759","XLOC_009077","ACAD8",,,,,0.2223,0.00466172436114426,0.00466172436114426,TRUE,FALSE,TRUE,FALSE,TRUE,FALSE,,
"TCONS_00047252","XLOC_009145","C11orf21",,,,,-0.455533333333333,0.0221809502440442,0.0221809502440442,TRUE,FALSE,TRUE,FALSE,TRUE,FALSE,,
"TCONS_00047253","XLOC_009145","C11orf21",,,,,0.126466666666667,0.465121717662225,0.0221809502440442,FALSE,FALSE,TRUE,FALSE,FALSE,FALSE,,
"TCONS_00047254","XLOC_009145","C11orf21",,,,,0.3569,0.21116749647991,0.0221809502440442,FALSE,FALSE,TRUE,FALSE,FALSE,FALSE,,
"TCONS_00047255","XLOC_009145","C11orf21",,,,,-0.0278666666666667,1,0.0221809502440442,FALSE,FALSE,TRUE,FALSE,FALSE,FALSE,,
"TCONS_00048009","XLOC_009327","RNF141",,,,,-0.0236333333333333,1,0.000600624806173589,FALSE,FALSE,TRUE,FALSE,FALSE,FALSE,,
"TCONS_00048185","XLOC_009366","CYP2R1",,,,,0.105666666666667,0.923001743723107,0.0309288343438937,FALSE,FALSE,TRUE,FALSE,FALSE,FALSE,,
"TCONS_00048186","XLOC_009366","CYP2R1",,,,,0.0234666666666667,1,0.0309288343438937,FALSE,FALSE,TRUE,FALSE,FALSE,FALSE,,
"TCONS_00048187","XLOC_009366","CYP2R1",,,,,0.0135,1,0.0309288343438937,FALSE,FALSE,TRUE,FALSE,FALSE,FALSE,,
"TCONS_00048188","XLOC_009366","CYP2R1",,,,,0.102166666666667,1,0.0309288343438937,FALSE,FALSE,TRUE,FALSE,FALSE,FALSE,,
"TCONS_00048189","XLOC_009366","CYP2R1",,,,,-0.201933333333333,0.671258042068175,0.0309288343438937,FALSE,FALSE,TRUE,FALSE,FALSE,FALSE,,
"TCONS_00048190","XLOC_009366","CYP2R1",,,,,-0.0381666666666667,0.704143300979116,0.0309288343438937,FALSE,FALSE,TRUE,FALSE,FALSE,FALSE,,
"TCONS_00048191","XLOC_009366","CYP2R1",,,,,-0.00669999999999998,1,0.0309288343438937,FALSE,FALSE,TRUE,FALSE,FALSE,FALSE,,
"TCONS_00048193","XLOC_009366","CYP2R1",,,,,-0.00416666666666667,1,0.0309288343438937,FALSE,FALSE,TRUE,FALSE,FALSE,FALSE,,
"TCONS_00048194","XLOC_009366","CYP2R1",,,,,-0.00303333333333333,1,0.0309288343438937,FALSE,FALSE,TRUE,FALSE,FALSE,FALSE,,
"TCONS_00056060","XLOC_009366","CYP2R1",,,,,-0.1264,0.0309288343438937,0.0309288343438937,FALSE,FALSE,TRUE,FALSE,FALSE,FALSE,,
"TCONS_00056826","XLOC_009366","CYP2R1",,,,,0.135566666666667,0.635908357248933,0.0309288343438937,FALSE,FALSE,TRUE,FALSE,FALSE,FALSE,,
"TCONS_00050405","XLOC_009859","MEN1",,,,,-0.0375333333333333,0.569345763505494,0.00113411365454746,FALSE,FALSE,TRUE,FALSE,FALSE,FALSE,,
"TCONS_00050406","XLOC_009859","MEN1",,,,,-0.0316333333333333,1,0.00113411365454746,FALSE,FALSE,TRUE,FALSE,FALSE,FALSE,,
"TCONS_00050407","XLOC_009859","MEN1",,,,,-0.2704,0.00113411365454746,0.00113411365454746,TRUE,FALSE,TRUE,FALSE,TRUE,FALSE,,
"TCONS_00050408","XLOC_009859","MEN1",,,,,0.0280333333333333,1,0.00113411365454746,FALSE,FALSE,TRUE,FALSE,FALSE,FALSE,,
"TCONS_00050409","XLOC_009859","MEN1",,,,,0.0106666666666667,1,0.00113411365454746,FALSE,FALSE,TRUE,FALSE,FALSE,FALSE,,
"TCONS_00050410","XLOC_009859","MEN1",,,,,0.1827,1,0.00113411365454746,FALSE,FALSE,TRUE,FALSE,FALSE,FALSE,,
"TCONS_00050411","XLOC_009859","MEN1",,,,,-0.00206666666666667,1,0.00113411365454746,FALSE,FALSE,TRUE,FALSE,FALSE,FALSE,,
"TCONS_00050412","XLOC_009859","MEN1",,,,,0.0530333333333333,1,0.00113411365454746,FALSE,FALSE,TRUE,FALSE,FALSE,FALSE,,
"TCONS_00050413","XLOC_009859","MEN1",,,,,0.0442666666666666,1,0.00113411365454746,FALSE,FALSE,TRUE,FALSE,FALSE,FALSE,,
"TCONS_00050414","XLOC_009859","MEN1",,,,,-0.0107333333333333,1,0.00113411365454746,FALSE,FALSE,TRUE,FALSE,FALSE,FALSE,,
"TCONS_00050415","XLOC_009859","MEN1",,,,,0.0466333333333333,1,0.00113411365454746,FALSE,FALSE,TRUE,FALSE,FALSE,FALSE,,
"TCONS_00050464","XLOC_009868","BATF2",,,,,-0.0364666666666667,0.776611862488022,0.000333078570893019,FALSE,FALSE,TRUE,FALSE,FALSE,FALSE,,
"TCONS_00051033","XLOC_009970","KMT5B",,,,,-0.0673333333333333,0.622952131282881,0.000277915659531686,FALSE,FALSE,TRUE,FALSE,FALSE,FALSE,,
"TCONS_00051037","XLOC_009970","KMT5B",,,,,0.181333333333333,0.00700442698450309,0.000277915659531686,TRUE,FALSE,TRUE,FALSE,TRUE,FALSE,,
"TCONS_00051038","XLOC_009970","KMT5B",,,,,-0.167966666666667,0.000277915659531686,0.000277915659531686,TRUE,FALSE,TRUE,FALSE,TRUE,FALSE,,
"TCONS_00051039","XLOC_009970","KMT5B",,,,,-0.0260333333333333,1,0.000277915659531686,FALSE,FALSE,TRUE,FALSE,FALSE,FALSE,,
"TCONS_00051043","XLOC_009970","KMT5B",,,,,0.0153333333333333,0.973155241095238,0.000277915659531686,FALSE,FALSE,TRUE,FALSE,FALSE,FALSE,,
"TCONS_00051045","XLOC_009970","KMT5B",,,,,9.99999999999994e-05,1,0.000277915659531686,FALSE,FALSE,TRUE,FALSE,FALSE,FALSE,,
"TCONS_00054609","XLOC_009970","KMT5B",,,,,0.0537666666666667,0.849472555866145,0.000277915659531686,FALSE,FALSE,TRUE,FALSE,FALSE,FALSE,,
"TCONS_00056272","XLOC_009970","KMT5B",,,,,0.0160666666666666,1,0.000277915659531686,FALSE,FALSE,TRUE,FALSE,FALSE,FALSE,,
"TCONS_00051441","XLOC_010049","C2CD3",,,,,-0.112566666666667,0.00146359366847426,0.00146359366847426,FALSE,FALSE,TRUE,FALSE,FALSE,FALSE,,
"TCONS_00051443","XLOC_010049","C2CD3",,,,,0.0491666666666667,0.268191632813841,0.00146359366847426,FALSE,FALSE,TRUE,FALSE,FALSE,FALSE,,
"TCONS_00051445","XLOC_010049","C2CD3",,,,,-0.0014,1,0.00146359366847426,FALSE,FALSE,TRUE,FALSE,FALSE,FALSE,,
"TCONS_00051447","XLOC_010049","C2CD3",,,,,0.0216,0.765342569329599,0.00146359366847426,FALSE,FALSE,TRUE,FALSE,FALSE,FALSE,,
"TCONS_00051448","XLOC_010049","C2CD3",,,,,-0.0236,0.574772526033848,0.00146359366847426,FALSE,FALSE,TRUE,FALSE,FALSE,FALSE,,
"TCONS_00051454","XLOC_010049","C2CD3",,,,,0.1541,0.0393802252062323,0.00146359366847426,TRUE,FALSE,TRUE,FALSE,TRUE,FALSE,,
"TCONS_00051456","XLOC_010049","C2CD3",,,,,0.00243333333333333,1,0.00146359366847426,FALSE,FALSE,TRUE,FALSE,FALSE,FALSE,,
"TCONS_00051462","XLOC_010049","C2CD3",,,,,-0.0528333333333333,0.760599592628994,0.00146359366847426,FALSE,FALSE,TRUE,FALSE,FALSE,FALSE,,
"TCONS_00051469","XLOC_010049","C2CD3",,,,,-0.00296666666666667,0.847004180608789,0.00146359366847426,FALSE,FALSE,TRUE,FALSE,FALSE,FALSE,,
"TCONS_00051470","XLOC_010049","C2CD3",,,,,-0.0167333333333333,1,0.00146359366847426,FALSE,FALSE,TRUE,FALSE,FALSE,FALSE,,
"TCONS_00051475","XLOC_010049","C2CD3",,,,,-0.0211,1,0.00146359366847426,FALSE,FALSE,TRUE,FALSE,FALSE,FALSE,,
"TCONS_00051476","XLOC_010049","C2CD3",,,,,0.0721666666666667,0.0332998814333964,0.00146359366847426,FALSE,FALSE,TRUE,FALSE,FALSE,FALSE,,
"TCONS_00054622","XLOC_010049","C2CD3",,,,,0.0553333333333334,1,0.00146359366847426,FALSE,FALSE,TRUE,FALSE,FALSE,FALSE,,
"TCONS_00056294","XLOC_010049","C2CD3",,,,,-0.1173,0.744041392544073,0.00146359366847426,FALSE,FALSE,TRUE,FALSE,FALSE,FALSE,,
"TCONS_00052038","XLOC_010154","CREBZF",,,,,-0.0254,0.867555451803686,0.000718489694122207,FALSE,FALSE,TRUE,FALSE,FALSE,FALSE,,
"TCONS_00052039","XLOC_010154","CREBZF",,,,,0.134066666666667,0.624435622409354,0.000718489694122207,FALSE,FALSE,TRUE,FALSE,FALSE,FALSE,,
"TCONS_00052040","XLOC_010154","CREBZF",,,,,-0.0601666666666666,0.816635675870133,0.000718489694122207,FALSE,FALSE,TRUE,FALSE,FALSE,FALSE,,
"TCONS_00052041","XLOC_010154","CREBZF",,,,,-0.0019,1,0.000718489694122207,FALSE,FALSE,TRUE,FALSE,FALSE,FALSE,,
"TCONS_00052042","XLOC_010154","CREBZF",,,,,0.0202666666666667,1,0.000718489694122207,FALSE,FALSE,TRUE,FALSE,FALSE,FALSE,,
"TCONS_00052045","XLOC_010154","CREBZF",,,,,-0.0160333333333333,0.751501643456202,0.000718489694122207,FALSE,FALSE,TRUE,FALSE,FALSE,FALSE,,
"TCONS_00056310","XLOC_010154","CREBZF",,,,,0.0680333333333333,0.678910505674317,0.000718489694122207,FALSE,FALSE,TRUE,FALSE,FALSE,FALSE,,
"TCONS_00056967","XLOC_010154","CREBZF",,,,,-0.103366666666667,0.000718489694122207,0.000718489694122207,FALSE,FALSE,TRUE,FALSE,FALSE,FALSE,,
"TCONS_00052965","XLOC_010414","USP28",,,,,-0.0189,1,1.07884102478975e-06,FALSE,FALSE,TRUE,FALSE,FALSE,FALSE,,
"TCONS_00052966","XLOC_010414","USP28",,,,,0.0345666666666667,0.864217459136023,1.07884102478975e-06,FALSE,FALSE,TRUE,FALSE,FALSE,FALSE,,
"TCONS_00052967","XLOC_010414","USP28",,,,,0.0110333333333333,1,1.07884102478975e-06,FALSE,FALSE,TRUE,FALSE,FALSE,FALSE,,
"TCONS_00052968","XLOC_010414","USP28",,,,,0.188966666666667,1.07884102478975e-06,1.07884102478975e-06,TRUE,FALSE,TRUE,FALSE,TRUE,FALSE,,
"TCONS_00052971","XLOC_010414","USP28",,,,,-0.0203666666666667,0.854619502386454,1.07884102478975e-06,FALSE,FALSE,TRUE,FALSE,FALSE,FALSE,,
"TCONS_00052972","XLOC_010414","USP28",,,,,0.0088,0.817305291629812,1.07884102478975e-06,FALSE,FALSE,TRUE,FALSE,FALSE,FALSE,,
"TCONS_00052977","XLOC_010414","USP28",,,,,-0.0145,1,1.07884102478975e-06,FALSE,FALSE,TRUE,FALSE,FALSE,FALSE,,
"TCONS_00054705","XLOC_010414","USP28",,,,,-0.0684,0.969550629864487,1.07884102478975e-06,FALSE,FALSE,TRUE,FALSE,FALSE,FALSE,,
"TCONS_00056379","XLOC_010414","USP28",,,,,-0.106066666666667,0.448819406373379,1.07884102478975e-06,FALSE,FALSE,TRUE,FALSE,FALSE,FALSE,,
"TCONS_00056380","XLOC_010414","USP28",,,,,-0.00196666666666667,1,1.07884102478975e-06,FALSE,FALSE,TRUE,FALSE,FALSE,FALSE,,
"TCONS_00053651","XLOC_010560","SIAE",,,,,0.0482666666666667,0.772320420376006,0.00249611917240767,FALSE,FALSE,TRUE,FALSE,FALSE,FALSE,,
"TCONS_00053652","XLOC_010560","SIAE",,,,,-0.00356666666666667,1,0.00249611917240767,FALSE,FALSE,TRUE,FALSE,FALSE,FALSE,,
"TCONS_00054737","XLOC_010560","SIAE",,,,,0.083,0.897971325014448,0.00249611917240767,FALSE,FALSE,TRUE,FALSE,FALSE,FALSE,,
"TCONS_00055340","XLOC_010560","SIAE",,,,,0.1043,0.828148011329782,0.00249611917240767,FALSE,FALSE,TRUE,FALSE,FALSE,FALSE,,
"TCONS_00056444","XLOC_010560","SIAE",,,,,-0.00373333333333334,1,0.00249611917240767,FALSE,FALSE,TRUE,FALSE,FALSE,FALSE,,
"TCONS_00056445","XLOC_010560","SIAE",,,,,-0.1315,0.897677921624259,0.00249611917240767,FALSE,FALSE,TRUE,FALSE,FALSE,FALSE,,
"TCONS_00056446","XLOC_010560","SIAE",,,,,0.0182333333333333,1,0.00249611917240767,FALSE,FALSE,TRUE,FALSE,FALSE,FALSE,,
"TCONS_00057033","XLOC_010560","SIAE",,,,,-0.153433333333333,0.00249611917240767,0.00249611917240767,TRUE,FALSE,TRUE,FALSE,TRUE,FALSE,,
"TCONS_00057034","XLOC_010560","SIAE",,,,,0.0380333333333333,1,0.00249611917240767,FALSE,FALSE,TRUE,FALSE,FALSE,FALSE,,
"TCONS_00053808","XLOC_010599","DNAJB6P1",,,,,0.212966666666667,0.0229729781835055,0.00694458974926578,TRUE,FALSE,TRUE,FALSE,TRUE,FALSE,,
"TCONS_00057047","XLOC_010599","DNAJB6P1",,,,,-0.212966666666667,0.00694458974926578,0.00694458974926578,TRUE,FALSE,TRUE,FALSE,TRUE,FALSE,,
"TCONS_00053979","XLOC_010649","THYN1",,,,,-0.0521,1,2.46423558778184e-07,FALSE,FALSE,TRUE,FALSE,FALSE,FALSE,,
"TCONS_00053980","XLOC_010649","THYN1",,,,,0.0210666666666667,1,2.46423558778184e-07,FALSE,FALSE,TRUE,FALSE,FALSE,FALSE,,
"TCONS_00053981","XLOC_010649","THYN1",,,,,-0.00879999999999999,1,2.46423558778184e-07,FALSE,FALSE,TRUE,FALSE,FALSE,FALSE,,
"TCONS_00053982","XLOC_010649","THYN1",,,,,0.204466666666667,0.588427272036801,2.46423558778184e-07,FALSE,FALSE,TRUE,FALSE,FALSE,FALSE,,
"TCONS_00054761","XLOC_010649","THYN1",,,,,-0.0749,0.827072138350848,2.46423558778184e-07,FALSE,FALSE,TRUE,FALSE,FALSE,FALSE,,
"TCONS_00055357","XLOC_010649","THYN1",,,,,0.0521,1,2.46423558778184e-07,FALSE,FALSE,TRUE,FALSE,FALSE,FALSE,,
"TCONS_00056494","XLOC_010649","THYN1",,,,,0.0204,0.850268144252501,2.46423558778184e-07,FALSE,FALSE,TRUE,FALSE,FALSE,FALSE,,
"TCONS_00057059","XLOC_010649","THYN1",,,,,-0.000666666666666664,1,2.46423558778184e-07,FALSE,FALSE,TRUE,FALSE,FALSE,FALSE,,
"TCONS_00057060","XLOC_010649","THYN1",,,,,0.0938333333333333,0.63771324479243,2.46423558778184e-07,FALSE,FALSE,TRUE,FALSE,FALSE,FALSE,,
"TCONS_00057061","XLOC_010649","THYN1",,,,,-0.229466666666667,2.46423558778184e-07,2.46423558778184e-07,TRUE,FALSE,TRUE,FALSE,TRUE,FALSE,,
"TCONS_00057271","XLOC_010685","RHNO1",,,,,0.0171666666666667,1,1.713927039094e-16,FALSE,FALSE,TRUE,FALSE,FALSE,FALSE,,
"TCONS_00057273","XLOC_010685","RHNO1",,,,,0.0215333333333333,1,1.713927039094e-16,FALSE,FALSE,TRUE,FALSE,FALSE,FALSE,,
"TCONS_00057275","XLOC_010685","RHNO1",,,,,0.002,1,1.713927039094e-16,FALSE,FALSE,TRUE,FALSE,FALSE,FALSE,,
"TCONS_00057276","XLOC_010685","RHNO1",,,,,0.258166666666667,0.00051976474878252,1.713927039094e-16,TRUE,FALSE,TRUE,FALSE,TRUE,FALSE,,
"TCONS_00057279","XLOC_010685","RHNO1",,,,,0.0222666666666667,1,1.713927039094e-16,FALSE,FALSE,TRUE,FALSE,FALSE,FALSE,,
"TCONS_00057283","XLOC_010685","RHNO1",,,,,0.0939666666666667,0.976090921344569,1.713927039094e-16,FALSE,FALSE,TRUE,FALSE,FALSE,FALSE,,
"TCONS_00070434","XLOC_010685","RHNO1",,,,,-0.3792,1.713927039094e-16,1.713927039094e-16,TRUE,FALSE,TRUE,FALSE,TRUE,FALSE,,
"TCONS_00070435","XLOC_010685","RHNO1",,,,,-0.0354333333333333,0.6293295362844,1.713927039094e-16,FALSE,FALSE,TRUE,FALSE,FALSE,FALSE,,
"TCONS_00073151","XLOC_010685","RHNO1",,,,,-0.0055,0.97400464499763,1.713927039094e-16,FALSE,FALSE,TRUE,FALSE,FALSE,FALSE,,
"TCONS_00058073","XLOC_010839","ETV6",,,,,-0.205233333333333,0.117457566271883,3.68347431739811e-09,FALSE,FALSE,TRUE,FALSE,FALSE,FALSE,,
"TCONS_00058074","XLOC_010839","ETV6",,,,,0.0181333333333333,1,3.68347431739811e-09,FALSE,FALSE,TRUE,FALSE,FALSE,FALSE,,
"TCONS_00058076","XLOC_010839","ETV6",,,,,-0.023,0.887538111908706,3.68347431739811e-09,FALSE,FALSE,TRUE,FALSE,FALSE,FALSE,,
"TCONS_00072075","XLOC_010839","ETV6",,,,,-0.0265666666666667,1,3.68347431739811e-09,FALSE,FALSE,TRUE,FALSE,FALSE,FALSE,,
"TCONS_00072076","XLOC_010839","ETV6",,,,,0.0412666666666667,0.964629913645794,3.68347431739811e-09,FALSE,FALSE,TRUE,FALSE,FALSE,FALSE,,
"TCONS_00072077","XLOC_010839","ETV6",,,,,0.193366666666667,3.68347431739811e-09,3.68347431739811e-09,TRUE,FALSE,TRUE,FALSE,TRUE,FALSE,,
"TCONS_00058676","XLOC_010989","FAR2",,,,,0.0261,0.88633941735301,0.00300408765053375,FALSE,FALSE,TRUE,FALSE,FALSE,FALSE,,
"TCONS_00058677","XLOC_010989","FAR2",,,,,-0.0239,0.709208337936088,0.00300408765053375,FALSE,FALSE,TRUE,FALSE,FALSE,FALSE,,
"TCONS_00058680","XLOC_010989","FAR2",,,,,0.122566666666667,0.00300408765053375,0.00300408765053375,FALSE,FALSE,TRUE,FALSE,FALSE,FALSE,,
"TCONS_00058683","XLOC_010989","FAR2",,,,,-0.0827666666666667,1,0.00300408765053375,FALSE,FALSE,TRUE,FALSE,FALSE,FALSE,,
"TCONS_00058687","XLOC_010989","FAR2",,,,,0.0207666666666667,0.827865200170332,0.00300408765053375,FALSE,FALSE,TRUE,FALSE,FALSE,FALSE,,
"TCONS_00058689","XLOC_010989","FAR2",,,,,0.0613,0.992795345847513,0.00300408765053375,FALSE,FALSE,TRUE,FALSE,FALSE,FALSE,,
"TCONS_00058693","XLOC_010989","FAR2",,,,,-0.0629,1,0.00300408765053375,FALSE,FALSE,TRUE,FALSE,FALSE,FALSE,,
"TCONS_00070559","XLOC_010989","FAR2",,,,,0.0102333333333333,0.705159192554987,0.00300408765053375,FALSE,FALSE,TRUE,FALSE,FALSE,FALSE,,
"TCONS_00070560","XLOC_010989","FAR2",,,,,-0.0086,0.867769290960174,0.00300408765053375,FALSE,FALSE,TRUE,FALSE,FALSE,FALSE,,
"TCONS_00072107","XLOC_010989","FAR2",,,,,0.0399333333333333,1,0.00300408765053375,FALSE,FALSE,TRUE,FALSE,FALSE,FALSE,,
"TCONS_00072108","XLOC_010989","FAR2",,,,,-0.124366666666667,0.876655398366396,0.00300408765053375,FALSE,FALSE,TRUE,FALSE,FALSE,FALSE,,
"TCONS_00060634","XLOC_011347","PIP4K2C",,,,,-0.0496333333333334,0.995403655712761,0.0427000717828005,FALSE,FALSE,TRUE,FALSE,FALSE,FALSE,,
"TCONS_00060637","XLOC_011347","PIP4K2C",,,,,0.0062,1,0.0427000717828005,FALSE,FALSE,TRUE,FALSE,FALSE,FALSE,,
"TCONS_00060639","XLOC_011347","PIP4K2C",,,,,0.003,1,0.0427000717828005,FALSE,FALSE,TRUE,FALSE,FALSE,FALSE,,
"TCONS_00070654","XLOC_011347","PIP4K2C",,,,,0.0268,1,0.0427000717828005,FALSE,FALSE,TRUE,FALSE,FALSE,FALSE,,
"TCONS_00071503","XLOC_011347","PIP4K2C",,,,,0.0400666666666667,0.907704904509438,0.0427000717828005,FALSE,FALSE,TRUE,FALSE,FALSE,FALSE,,
"TCONS_00071504","XLOC_011347","PIP4K2C",,,,,0.1042,0.949712790860686,0.0427000717828005,FALSE,FALSE,TRUE,FALSE,FALSE,FALSE,,
"TCONS_00073283","XLOC_011347","PIP4K2C",,,,,-0.139566666666667,0.0427000717828005,0.0427000717828005,FALSE,FALSE,TRUE,FALSE,FALSE,FALSE,,
"TCONS_00061207","XLOC_011461","RAB3IP",,,,,0.00746666666666667,1,0.0314253789149201,FALSE,FALSE,TRUE,FALSE,FALSE,FALSE,,
"TCONS_00061208","XLOC_011461","RAB3IP",,,,,-0.0038,1,0.0314253789149201,FALSE,FALSE,TRUE,FALSE,FALSE,FALSE,,
"TCONS_00061209","XLOC_011461","RAB3IP",,,,,0.0510333333333333,1,0.0314253789149201,FALSE,FALSE,TRUE,FALSE,FALSE,FALSE,,
"TCONS_00061210","XLOC_011461","RAB3IP",,,,,-0.180766666666667,0.0314253789149201,0.0314253789149201,TRUE,FALSE,TRUE,FALSE,TRUE,FALSE,,
"TCONS_00061211","XLOC_011461","RAB3IP",,,,,0.0227,0.876655398366396,0.0314253789149201,FALSE,FALSE,TRUE,FALSE,FALSE,FALSE,,
"TCONS_00061216","XLOC_011461","RAB3IP",,,,,0.0137,1,0.0314253789149201,FALSE,FALSE,TRUE,FALSE,FALSE,FALSE,,
"TCONS_00061217","XLOC_011461","RAB3IP",,,,,0.0216333333333333,1,0.0314253789149201,FALSE,FALSE,TRUE,FALSE,FALSE,FALSE,,
"TCONS_00061218","XLOC_011461","RAB3IP",,,,,0.1385,0.827070895991121,0.0314253789149201,FALSE,FALSE,TRUE,FALSE,FALSE,FALSE,,
"TCONS_00061220","XLOC_011461","RAB3IP",,,,,-0.0257333333333333,1,0.0314253789149201,FALSE,FALSE,TRUE,FALSE,FALSE,FALSE,,
"TCONS_00061222","XLOC_011461","RAB3IP",,,,,-0.129133333333333,0.851889193443258,0.0314253789149201,FALSE,FALSE,TRUE,FALSE,FALSE,FALSE,,
"TCONS_00061225","XLOC_011461","RAB3IP",,,,,0.0391333333333333,1,0.0314253789149201,FALSE,FALSE,TRUE,FALSE,FALSE,FALSE,,
"TCONS_00070686","XLOC_011461","RAB3IP",,,,,0.0512,0.877574855407244,0.0314253789149201,FALSE,FALSE,TRUE,FALSE,FALSE,FALSE,,
"TCONS_00072320","XLOC_011461","RAB3IP",,,,,0.0312,1,0.0314253789149201,FALSE,FALSE,TRUE,FALSE,FALSE,FALSE,,
"TCONS_00072321","XLOC_011461","RAB3IP",,,,,0.021,1,0.0314253789149201,FALSE,FALSE,TRUE,FALSE,FALSE,FALSE,,
"TCONS_00073312","XLOC_011461","RAB3IP",,,,,-0.0586,0.868769489904045,0.0314253789149201,FALSE,FALSE,TRUE,FALSE,FALSE,FALSE,,
"TCONS_00061315","XLOC_011475","TBC1D15",,,,,0.01,1,1.92707869734459e-07,FALSE,FALSE,TRUE,FALSE,FALSE,FALSE,,
"TCONS_00061321","XLOC_011475","TBC1D15",,,,,-0.00106666666666667,1,1.92707869734459e-07,FALSE,FALSE,TRUE,FALSE,FALSE,FALSE,,
"TCONS_00061322","XLOC_011475","TBC1D15",,,,,-0.0168,1,1.92707869734459e-07,FALSE,FALSE,TRUE,FALSE,FALSE,FALSE,,
"TCONS_00061323","XLOC_011475","TBC1D15",,,,,0.1348,0.795262203882888,1.92707869734459e-07,FALSE,FALSE,TRUE,FALSE,FALSE,FALSE,,
"TCONS_00061330","XLOC_011475","TBC1D15",,,,,0.0193,0.990829431503427,1.92707869734459e-07,FALSE,FALSE,TRUE,FALSE,FALSE,FALSE,,
"TCONS_00070691","XLOC_011475","TBC1D15",,,,,0.0125,1,1.92707869734459e-07,FALSE,FALSE,TRUE,FALSE,FALSE,FALSE,,
"TCONS_00070692","XLOC_011475","TBC1D15",,,,,0.0388333333333333,1,1.92707869734459e-07,FALSE,FALSE,TRUE,FALSE,FALSE,FALSE,,
"TCONS_00070693","XLOC_011475","TBC1D15",,,,,0.0331666666666667,1,1.92707869734459e-07,FALSE,FALSE,TRUE,FALSE,FALSE,FALSE,,
"TCONS_00070694","XLOC_011475","TBC1D15",,,,,-0.0326666666666667,0.927607170762797,1.92707869734459e-07,FALSE,FALSE,TRUE,FALSE,FALSE,FALSE,,
"TCONS_00072343","XLOC_011475","TBC1D15",,,,,-0.0686666666666667,0.000575033481546717,1.92707869734459e-07,FALSE,FALSE,TRUE,FALSE,FALSE,FALSE,,
"TCONS_00072344","XLOC_011475","TBC1D15",,,,,-0.045,0.772755632121267,1.92707869734459e-07,FALSE,FALSE,TRUE,FALSE,FALSE,FALSE,,
"TCONS_00073323","XLOC_011475","TBC1D15",,,,,0.0232333333333333,0.782845095740148,1.92707869734459e-07,FALSE,FALSE,TRUE,FALSE,FALSE,FALSE,,
"TCONS_00073324","XLOC_011475","TBC1D15",,,,,-0.1005,1.92707869734459e-07,1.92707869734459e-07,FALSE,FALSE,TRUE,FALSE,FALSE,FALSE,,
"TCONS_00063412","XLOC_011964","ZNF664",,,,,0.00683333333333334,1,4.10001518313738e-07,FALSE,FALSE,TRUE,FALSE,FALSE,FALSE,,
"TCONS_00063413","XLOC_011964","ZNF664",,,,,-0.0058,1,4.10001518313738e-07,FALSE,FALSE,TRUE,FALSE,FALSE,FALSE,,
"TCONS_00063415","XLOC_011964","ZNF664",,,,,0.0138333333333333,1,4.10001518313738e-07,FALSE,FALSE,TRUE,FALSE,FALSE,FALSE,,
"TCONS_00063416","XLOC_011964","ZNF664",,,,,-0.176733333333333,4.10001518313738e-07,4.10001518313738e-07,TRUE,FALSE,TRUE,FALSE,TRUE,FALSE,,
"TCONS_00063418","XLOC_011964","ZNF664",,,,,0.00273333333333333,1,4.10001518313738e-07,FALSE,FALSE,TRUE,FALSE,FALSE,FALSE,,
"TCONS_00063423","XLOC_011964","ZNF664",,,,,-0.0217333333333333,0.0439460620019221,4.10001518313738e-07,FALSE,FALSE,TRUE,FALSE,FALSE,FALSE,,
"TCONS_00072526","XLOC_011964","ZNF664",,,,,0.167833333333333,0.051375849451129,4.10001518313738e-07,FALSE,FALSE,TRUE,FALSE,FALSE,FALSE,,
"TCONS_00064123","XLOC_012145","PARP11",,,,,-0.0185666666666667,0.597891765811505,1.52064265643509e-08,FALSE,FALSE,TRUE,FALSE,FALSE,FALSE,,
"TCONS_00064124","XLOC_012145","PARP11",,,,,-0.207033333333333,0.733671414837195,1.52064265643509e-08,FALSE,FALSE,TRUE,FALSE,FALSE,FALSE,,
"TCONS_00064125","XLOC_012145","PARP11",,,,,-0.0757666666666666,0.501912817298138,1.52064265643509e-08,FALSE,FALSE,TRUE,FALSE,FALSE,FALSE,,
"TCONS_00064126","XLOC_012145","PARP11",,,,,0.0603,0.184303967539663,1.52064265643509e-08,FALSE,FALSE,TRUE,FALSE,FALSE,FALSE,,
"TCONS_00070853","XLOC_012145","PARP11",,,,,-0.0104333333333333,1,1.52064265643509e-08,FALSE,FALSE,TRUE,FALSE,FALSE,FALSE,,
"TCONS_00070854","XLOC_012145","PARP11",,,,,0.0260333333333334,1,1.52064265643509e-08,FALSE,FALSE,TRUE,FALSE,FALSE,FALSE,,
"TCONS_00070855","XLOC_012145","PARP11",,,,,0.033,0.923171455850068,1.52064265643509e-08,FALSE,FALSE,TRUE,FALSE,FALSE,FALSE,,
"TCONS_00071670","XLOC_012145","PARP11",,,,,0.186266666666667,1.52064265643509e-08,1.52064265643509e-08,TRUE,FALSE,TRUE,FALSE,TRUE,FALSE,,
"TCONS_00064147","XLOC_012153","C12orf4",,,,,0.0424666666666667,1,0.0211066055420149,FALSE,FALSE,TRUE,FALSE,FALSE,FALSE,,
"TCONS_00064148","XLOC_012153","C12orf4",,,,,-0.0265,1,0.0211066055420149,FALSE,FALSE,TRUE,FALSE,FALSE,FALSE,,
"TCONS_00064151","XLOC_012153","C12orf4",,,,,0.0259,0.526324934271092,0.0211066055420149,FALSE,FALSE,TRUE,FALSE,FALSE,FALSE,,
"TCONS_00064153","XLOC_012153","C12orf4",,,,,0.0134333333333333,0.84151102004277,0.0211066055420149,FALSE,FALSE,TRUE,FALSE,FALSE,FALSE,,
"TCONS_00070856","XLOC_012153","C12orf4",,,,,0.125366666666667,0.909838791461162,0.0211066055420149,FALSE,FALSE,TRUE,FALSE,FALSE,FALSE,,
"TCONS_00070857","XLOC_012153","C12orf4",,,,,-0.0191666666666667,0.893896389671117,0.0211066055420149,FALSE,FALSE,TRUE,FALSE,FALSE,FALSE,,
"TCONS_00071673","XLOC_012153","C12orf4",,,,,0.000433333333333334,1,0.0211066055420149,FALSE,FALSE,TRUE,FALSE,FALSE,FALSE,,
"TCONS_00073439","XLOC_012153","C12orf4",,,,,-0.158733333333333,0.0211066055420149,0.0211066055420149,TRUE,FALSE,TRUE,FALSE,TRUE,FALSE,,
"TCONS_00065509","XLOC_012444","CAPRIN2",,,,,0.00503333333333333,1,0.00127809122370871,FALSE,FALSE,TRUE,FALSE,FALSE,FALSE,,
"TCONS_00065510","XLOC_012444","CAPRIN2",,,,,0.141633333333333,0.00127809122370871,0.00127809122370871,FALSE,FALSE,TRUE,FALSE,FALSE,FALSE,,
"TCONS_00065512","XLOC_012444","CAPRIN2",,,,,0.00146666666666666,1,0.00127809122370871,FALSE,FALSE,TRUE,FALSE,FALSE,FALSE,,
"TCONS_00065513","XLOC_012444","CAPRIN2",,,,,-0.0128,1,0.00127809122370871,FALSE,FALSE,TRUE,FALSE,FALSE,FALSE,,
"TCONS_00065516","XLOC_012444","CAPRIN2",,,,,-0.0659666666666667,0.813034619508134,0.00127809122370871,FALSE,FALSE,TRUE,FALSE,FALSE,FALSE,,
"TCONS_00065517","XLOC_012444","CAPRIN2",,,,,0.0409666666666667,0.602062335462853,0.00127809122370871,FALSE,FALSE,TRUE,FALSE,FALSE,FALSE,,
"TCONS_00065518","XLOC_012444","CAPRIN2",,,,,0.0718666666666667,0.772783504904112,0.00127809122370871,FALSE,FALSE,TRUE,FALSE,FALSE,FALSE,,
"TCONS_00065521","XLOC_012444","CAPRIN2",,,,,-0.0328666666666667,0.732175704256431,0.00127809122370871,FALSE,FALSE,TRUE,FALSE,FALSE,FALSE,,
"TCONS_00065522","XLOC_012444","CAPRIN2",,,,,0.0109333333333333,1,0.00127809122370871,FALSE,FALSE,TRUE,FALSE,FALSE,FALSE,,
"TCONS_00065526","XLOC_012444","CAPRIN2",,,,,-0.0146666666666667,0.911298457153575,0.00127809122370871,FALSE,FALSE,TRUE,FALSE,FALSE,FALSE,,
"TCONS_00065529","XLOC_012444","CAPRIN2",,,,,-0.0131666666666667,0.911707704115323,0.00127809122370871,FALSE,FALSE,TRUE,FALSE,FALSE,FALSE,,
"TCONS_00065534","XLOC_012444","CAPRIN2",,,,,-0.0266,0.92207711654732,0.00127809122370871,FALSE,FALSE,TRUE,FALSE,FALSE,FALSE,,
"TCONS_00065536","XLOC_012444","CAPRIN2",,,,,-0.00643333333333333,1,0.00127809122370871,FALSE,FALSE,TRUE,FALSE,FALSE,FALSE,,
"TCONS_00065542","XLOC_012444","CAPRIN2",,,,,-0.0523,0.586623919557898,0.00127809122370871,FALSE,FALSE,TRUE,FALSE,FALSE,FALSE,,
"TCONS_00065549","XLOC_012444","CAPRIN2",,,,,0.0662,0.601742476986041,0.00127809122370871,FALSE,FALSE,TRUE,FALSE,FALSE,FALSE,,
"TCONS_00071020","XLOC_012444","CAPRIN2",,,,,-0.1054,0.368518335687611,0.00127809122370871,FALSE,FALSE,TRUE,FALSE,FALSE,FALSE,,
"TCONS_00072675","XLOC_012444","CAPRIN2",,,,,-0.00936666666666669,1,0.00127809122370871,FALSE,FALSE,TRUE,FALSE,FALSE,FALSE,,
"TCONS_00065939","XLOC_012567","RPAP3",,,,,-0.0153666666666667,1,1.4939716158759e-05,FALSE,FALSE,TRUE,FALSE,FALSE,FALSE,,
"TCONS_00065942","XLOC_012567","RPAP3",,,,,0.00316666666666666,1,1.4939716158759e-05,FALSE,FALSE,TRUE,FALSE,FALSE,FALSE,,
"TCONS_00065944","XLOC_012567","RPAP3",,,,,-0.00613333333333333,1,1.4939716158759e-05,FALSE,FALSE,TRUE,FALSE,FALSE,FALSE,,
"TCONS_00065945","XLOC_012567","RPAP3",,,,,0.0298,0.58520172302625,1.4939716158759e-05,FALSE,FALSE,TRUE,FALSE,FALSE,FALSE,,
"TCONS_00065946","XLOC_012567","RPAP3",,,,,-0.0065,1,1.4939716158759e-05,FALSE,FALSE,TRUE,FALSE,FALSE,FALSE,,
"TCONS_00072710","XLOC_012567","RPAP3",,,,,-0.1258,1.4939716158759e-05,1.4939716158759e-05,FALSE,FALSE,TRUE,FALSE,FALSE,FALSE,,
"TCONS_00072711","XLOC_012567","RPAP3",,,,,0.0330333333333333,1,1.4939716158759e-05,FALSE,FALSE,TRUE,FALSE,FALSE,FALSE,,
"TCONS_00072712","XLOC_012567","RPAP3",,,,,0.0258666666666667,1,1.4939716158759e-05,FALSE,FALSE,TRUE,FALSE,FALSE,FALSE,,
"TCONS_00072714","XLOC_012567","RPAP3",,,,,-0.0018,1,1.4939716158759e-05,FALSE,FALSE,TRUE,FALSE,FALSE,FALSE,,
"TCONS_00072715","XLOC_012567","RPAP3",,,,,0.152266666666667,0.0705923874736604,1.4939716158759e-05,FALSE,FALSE,TRUE,FALSE,FALSE,FALSE,,
"TCONS_00072716","XLOC_012567","RPAP3",,,,,-0.0594666666666667,0.8151687782316,1.4939716158759e-05,FALSE,FALSE,TRUE,FALSE,FALSE,FALSE,,
"TCONS_00072717","XLOC_012567","RPAP3",,,,,-0.0795,0.576039388064791,1.4939716158759e-05,FALSE,FALSE,TRUE,FALSE,FALSE,FALSE,,
"TCONS_00072718","XLOC_012567","RPAP3",,,,,-0.0237333333333333,0.807394712695298,1.4939716158759e-05,FALSE,FALSE,TRUE,FALSE,FALSE,FALSE,,
"TCONS_00072719","XLOC_012567","RPAP3",,,,,-0.00700000000000001,1,1.4939716158759e-05,FALSE,FALSE,TRUE,FALSE,FALSE,FALSE,,
"TCONS_00073530","XLOC_012567","RPAP3",,,,,0.0815,0.0605741856782963,1.4939716158759e-05,FALSE,FALSE,TRUE,FALSE,FALSE,FALSE,,
"TCONS_00073532","XLOC_012567","RPAP3",,,,,-0.00473333333333333,1,1.4939716158759e-05,FALSE,FALSE,TRUE,FALSE,FALSE,FALSE,,
"TCONS_00066761","XLOC_012714","NPFF",,,,,-0.0248666666666667,0.851889193443258,6.36094973750177e-06,FALSE,FALSE,TRUE,FALSE,FALSE,FALSE,,
"TCONS_00066764","XLOC_012714","NPFF",,,,,-0.0545,1,6.36094973750177e-06,FALSE,FALSE,TRUE,FALSE,FALSE,FALSE,,
"TCONS_00066765","XLOC_012714","NPFF",,,,,0.130166666666667,6.36094973750177e-06,6.36094973750177e-06,FALSE,FALSE,TRUE,FALSE,FALSE,FALSE,,
"TCONS_00066771","XLOC_012714","NPFF",,,,,-0.1181,1,6.36094973750177e-06,FALSE,FALSE,TRUE,FALSE,FALSE,FALSE,,
"TCONS_00066772","XLOC_012714","NPFF",,,,,0.0640666666666667,0.0111867788124816,6.36094973750177e-06,FALSE,FALSE,TRUE,FALSE,FALSE,FALSE,,
"TCONS_00067836","XLOC_012931","PRANCR",,,,,-0.0339333333333333,1,0.0114413035108221,FALSE,FALSE,TRUE,FALSE,FALSE,FALSE,,
"TCONS_00067838","XLOC_012931","PRANCR",,,,,0.00903333333333333,1,0.0114413035108221,FALSE,FALSE,TRUE,FALSE,FALSE,FALSE,,
"TCONS_00067840","XLOC_012931","PRANCR",,,,,0.0168333333333333,1,0.0114413035108221,FALSE,FALSE,TRUE,FALSE,FALSE,FALSE,,
"TCONS_00067842","XLOC_012931","PRANCR",,,,,-0.368933333333333,0.614540811520669,0.0114413035108221,FALSE,FALSE,TRUE,FALSE,FALSE,FALSE,,
"TCONS_00067843","XLOC_012931","PRANCR",,,,,0.4048,0.0114413035108221,0.0114413035108221,TRUE,FALSE,TRUE,FALSE,TRUE,FALSE,,
"TCONS_00067844","XLOC_012931","PRANCR",,,,,0.0198,1,0.0114413035108221,FALSE,FALSE,TRUE,FALSE,FALSE,FALSE,,
"TCONS_00067845","XLOC_012931","PRANCR",,,,,-0.0410333333333333,1,0.0114413035108221,FALSE,FALSE,TRUE,FALSE,FALSE,FALSE,,
"TCONS_00069441","XLOC_013298","FBXO21",,,,,-0.0503,1,6.19688995472266e-05,FALSE,FALSE,TRUE,FALSE,FALSE,FALSE,,
"TCONS_00069442","XLOC_013298","FBXO21",,,,,0.0576666666666667,1,6.19688995472266e-05,FALSE,FALSE,TRUE,FALSE,FALSE,FALSE,,
"TCONS_00069443","XLOC_013298","FBXO21",,,,,-0.0289666666666667,1,6.19688995472266e-05,FALSE,FALSE,TRUE,FALSE,FALSE,FALSE,,
"TCONS_00069444","XLOC_013298","FBXO21",,,,,0.0197333333333333,1,6.19688995472266e-05,FALSE,FALSE,TRUE,FALSE,FALSE,FALSE,,
"TCONS_00073055","XLOC_013298","FBXO21",,,,,0.0303333333333333,1,6.19688995472266e-05,FALSE,FALSE,TRUE,FALSE,FALSE,FALSE,,
"TCONS_00073056","XLOC_013298","FBXO21",,,,,0.1823,6.19688995472266e-05,6.19688995472266e-05,TRUE,FALSE,TRUE,FALSE,TRUE,FALSE,,
"TCONS_00073718","XLOC_013298","FBXO21",,,,,-0.0393666666666667,1,6.19688995472266e-05,FALSE,FALSE,TRUE,FALSE,FALSE,FALSE,,
"TCONS_00073719","XLOC_013298","FBXO21",,,,,-0.166466666666667,0.645010811292381,6.19688995472266e-05,FALSE,FALSE,TRUE,FALSE,FALSE,FALSE,,
"TCONS_00074716","XLOC_013822","TRIM13",,,,,0.421933333333333,3.3316160223307e-10,3.3316160223307e-10,TRUE,FALSE,TRUE,FALSE,TRUE,FALSE,,
"TCONS_00074718","XLOC_013822","TRIM13",,,,,0.0159,0.787961058719255,3.3316160223307e-10,FALSE,FALSE,TRUE,FALSE,FALSE,FALSE,,
"TCONS_00074719","XLOC_013822","TRIM13",,,,,-0.0415333333333333,0.0793824110427216,3.3316160223307e-10,FALSE,FALSE,TRUE,FALSE,FALSE,FALSE,,
"TCONS_00074720","XLOC_013822","TRIM13",,,,,0.000833333333333333,1,3.3316160223307e-10,FALSE,FALSE,TRUE,FALSE,FALSE,FALSE,,
"TCONS_00074721","XLOC_013822","TRIM13",,,,,-0.0323333333333333,1,3.3316160223307e-10,FALSE,FALSE,TRUE,FALSE,FALSE,FALSE,,
"TCONS_00074722","XLOC_013822","TRIM13",,,,,-0.0944,1,3.3316160223307e-10,FALSE,FALSE,TRUE,FALSE,FALSE,FALSE,,
"TCONS_00074723","XLOC_013822","TRIM13",,,,,-0.0172333333333333,1,3.3316160223307e-10,FALSE,FALSE,TRUE,FALSE,FALSE,FALSE,,
"TCONS_00078830","XLOC_013822","TRIM13",,,,,-0.249133333333333,0.516997834716175,3.3316160223307e-10,FALSE,FALSE,TRUE,FALSE,FALSE,FALSE,,
"TCONS_00078831","XLOC_013822","TRIM13",,,,,-0.01,1,3.3316160223307e-10,FALSE,FALSE,TRUE,FALSE,FALSE,FALSE,,
"TCONS_00074886","XLOC_013845","ALG11",,,,,0.0230666666666667,0.415406555048173,0.000691708283275479,FALSE,FALSE,TRUE,FALSE,FALSE,FALSE,,
"TCONS_00074889","XLOC_013845","ALG11",,,,,0.0314,0.946625068824465,0.000691708283275479,FALSE,FALSE,TRUE,FALSE,FALSE,FALSE,,
"TCONS_00074891","XLOC_013845","ALG11",,,,,0.0648,0.0759816241298438,0.000691708283275479,FALSE,FALSE,TRUE,FALSE,FALSE,FALSE,,
"TCONS_00074892","XLOC_013845","ALG11",,,,,0.101266666666667,1,0.000691708283275479,FALSE,FALSE,TRUE,FALSE,FALSE,FALSE,,
"TCONS_00074893","XLOC_013845","ALG11",,,,,0.000366666666666666,1,0.000691708283275479,FALSE,FALSE,TRUE,FALSE,FALSE,FALSE,,
"TCONS_00074894","XLOC_013845","ALG11",,,,,-0.00443333333333334,1,0.000691708283275479,FALSE,FALSE,TRUE,FALSE,FALSE,FALSE,,
"TCONS_00074897","XLOC_013845","ALG11",,,,,-0.0294666666666667,1,0.000691708283275479,FALSE,FALSE,TRUE,FALSE,FALSE,FALSE,,
"TCONS_00074898","XLOC_013845","ALG11",,,,,0.0479666666666667,0.0319663406425477,0.000691708283275479,FALSE,FALSE,TRUE,FALSE,FALSE,FALSE,,
"TCONS_00074902","XLOC_013845","ALG11",,,,,-0.0620666666666667,0.81090277480971,0.000691708283275479,FALSE,FALSE,TRUE,FALSE,FALSE,FALSE,,
"TCONS_00078315","XLOC_013845","ALG11",,,,,-0.180733333333333,0.000691708283275479,0.000691708283275479,TRUE,FALSE,TRUE,FALSE,TRUE,FALSE,,
"TCONS_00074908","XLOC_013849","CKAP2",,,,,0.0226333333333333,0.693564097273279,0.00446417587703659,FALSE,FALSE,TRUE,FALSE,FALSE,FALSE,,
"TCONS_00074909","XLOC_013849","CKAP2",,,,,0.0455666666666667,0.964279422301983,0.00446417587703659,FALSE,FALSE,TRUE,FALSE,FALSE,FALSE,,
"TCONS_00074910","XLOC_013849","CKAP2",,,,,0.0687333333333333,0.966918390198065,0.00446417587703659,FALSE,FALSE,TRUE,FALSE,FALSE,FALSE,,
"TCONS_00074911","XLOC_013849","CKAP2",,,,,-0.104533333333333,0.992601274223525,0.00446417587703659,FALSE,FALSE,TRUE,FALSE,FALSE,FALSE,,
"TCONS_00074914","XLOC_013849","CKAP2",,,,,-0.1565,0.00446417587703659,0.00446417587703659,TRUE,FALSE,TRUE,FALSE,TRUE,FALSE,,
"TCONS_00078607","XLOC_013849","CKAP2",,,,,0.112633333333333,0.738011199964425,0.00446417587703659,FALSE,FALSE,TRUE,FALSE,FALSE,FALSE,,
"TCONS_00078848","XLOC_013849","CKAP2",,,,,-0.0215333333333333,0.903474475392678,0.00446417587703659,FALSE,FALSE,TRUE,FALSE,FALSE,FALSE,,
"TCONS_00078849","XLOC_013849","CKAP2",,,,,0.0134666666666667,0.920460768459812,0.00446417587703659,FALSE,FALSE,TRUE,FALSE,FALSE,FALSE,,
"TCONS_00078851","XLOC_013849","CKAP2",,,,,0.0118,1,0.00446417587703659,FALSE,FALSE,TRUE,FALSE,FALSE,FALSE,,
"TCONS_00078853","XLOC_013849","CKAP2",,,,,0.00946666666666665,1,0.00446417587703659,FALSE,FALSE,TRUE,FALSE,FALSE,FALSE,,
"TCONS_00077167","XLOC_014492","MED4",,,,,0.122333333333333,0.989629549613636,0.00981717625053451,FALSE,FALSE,TRUE,FALSE,FALSE,FALSE,,
"TCONS_00077168","XLOC_014492","MED4",,,,,-0.0085,0.986251023586771,0.00981717625053451,FALSE,FALSE,TRUE,FALSE,FALSE,FALSE,,
"TCONS_00078498","XLOC_014492","MED4",,,,,-0.0227666666666667,1,0.00981717625053451,FALSE,FALSE,TRUE,FALSE,FALSE,FALSE,,
"TCONS_00078716","XLOC_014492","MED4",,,,,-0.163733333333333,0.00981717625053451,0.00981717625053451,TRUE,FALSE,TRUE,FALSE,TRUE,FALSE,,
"TCONS_00078718","XLOC_014492","MED4",,,,,0.0168333333333333,0.857068213652297,0.00981717625053451,FALSE,FALSE,TRUE,FALSE,FALSE,FALSE,,
"TCONS_00079008","XLOC_014492","MED4",,,,,0.019,1,0.00981717625053451,FALSE,FALSE,TRUE,FALSE,FALSE,FALSE,,
"TCONS_00079259","XLOC_014492","MED4",,,,,0.0332,1,0.00981717625053451,FALSE,FALSE,TRUE,FALSE,FALSE,FALSE,,
"TCONS_00079260","XLOC_014492","MED4",,,,,0.0088,1,0.00981717625053451,FALSE,FALSE,TRUE,FALSE,FALSE,FALSE,,
"TCONS_00077218","XLOC_014512","EBPL",,,,,-0.1433,0.938632098626031,0.00147721406911335,FALSE,FALSE,TRUE,FALSE,FALSE,FALSE,,
"TCONS_00077219","XLOC_014512","EBPL",,,,,0.250533333333333,0.00147721406911335,0.00147721406911335,TRUE,FALSE,TRUE,FALSE,TRUE,FALSE,,
"TCONS_00077220","XLOC_014512","EBPL",,,,,-0.0297666666666667,0.936465395081864,0.00147721406911335,FALSE,FALSE,TRUE,FALSE,FALSE,FALSE,,
"TCONS_00077222","XLOC_014512","EBPL",,,,,-0.0397666666666667,0.833204644805652,0.00147721406911335,FALSE,FALSE,TRUE,FALSE,FALSE,FALSE,,
"TCONS_00077223","XLOC_014512","EBPL",,,,,-0.0169333333333333,1,0.00147721406911335,FALSE,FALSE,TRUE,FALSE,FALSE,FALSE,,
"TCONS_00077224","XLOC_014512","EBPL",,,,,-0.0079,1,0.00147721406911335,FALSE,FALSE,TRUE,FALSE,FALSE,FALSE,,
"TCONS_00078173","XLOC_014855","TUBGCP3",,,,,-0.1999,9.26812498464409e-11,9.26812498464409e-11,TRUE,FALSE,TRUE,FALSE,TRUE,FALSE,,
"TCONS_00078174","XLOC_014855","TUBGCP3",,,,,-0.00896666666666667,0.897971325014448,9.26812498464409e-11,FALSE,FALSE,TRUE,FALSE,FALSE,FALSE,,
"TCONS_00078176","XLOC_014855","TUBGCP3",,,,,0.159066666666667,1,9.26812498464409e-11,FALSE,FALSE,TRUE,FALSE,FALSE,FALSE,,
"TCONS_00078178","XLOC_014855","TUBGCP3",,,,,-0.0115333333333333,1,9.26812498464409e-11,FALSE,FALSE,TRUE,FALSE,FALSE,FALSE,,
"TCONS_00078179","XLOC_014855","TUBGCP3",,,,,-0.0166,0.882858000796215,9.26812498464409e-11,FALSE,FALSE,TRUE,FALSE,FALSE,FALSE,,
"TCONS_00079087","XLOC_014855","TUBGCP3",,,,,0.0114666666666667,1,9.26812498464409e-11,FALSE,FALSE,TRUE,FALSE,FALSE,FALSE,,
"TCONS_00079089","XLOC_014855","TUBGCP3",,,,,0.00766666666666667,1,9.26812498464409e-11,FALSE,FALSE,TRUE,FALSE,FALSE,FALSE,,
"TCONS_00079090","XLOC_014855","TUBGCP3",,,,,0.0942333333333333,0.0109961121829514,9.26812498464409e-11,FALSE,FALSE,TRUE,FALSE,FALSE,FALSE,,
"TCONS_00079091","XLOC_014855","TUBGCP3",,,,,-0.0721,0.982553987347801,9.26812498464409e-11,FALSE,FALSE,TRUE,FALSE,FALSE,FALSE,,
"TCONS_00079092","XLOC_014855","TUBGCP3",,,,,0.0149666666666667,1,9.26812498464409e-11,FALSE,FALSE,TRUE,FALSE,FALSE,FALSE,,
"TCONS_00078253","XLOC_014876","RASA3",,,,,-0.107966666666667,0.786797350337691,6.7489873452623e-06,FALSE,FALSE,TRUE,FALSE,FALSE,FALSE,,
"TCONS_00078755","XLOC_014876","RASA3",,,,,0.101933333333333,0.278911874706248,6.7489873452623e-06,FALSE,FALSE,TRUE,FALSE,FALSE,FALSE,,
"TCONS_00079095","XLOC_014876","RASA3",,,,,-0.130733333333333,0.686925234060134,6.7489873452623e-06,FALSE,FALSE,TRUE,FALSE,FALSE,FALSE,,
"TCONS_00079096","XLOC_014876","RASA3",,,,,-0.0190666666666666,1,6.7489873452623e-06,FALSE,FALSE,TRUE,FALSE,FALSE,FALSE,,
"TCONS_00079097","XLOC_014876","RASA3",,,,,0.1925,6.7489873452623e-06,6.7489873452623e-06,TRUE,FALSE,TRUE,FALSE,TRUE,FALSE,,
"TCONS_00079098","XLOC_014876","RASA3",,,,,-0.0379666666666667,1,6.7489873452623e-06,FALSE,FALSE,TRUE,FALSE,FALSE,FALSE,,
"TCONS_00079884","XLOC_015139","CARMIL3",,,,,0.2293,0.00538010243588228,0.00538010243588228,TRUE,FALSE,TRUE,FALSE,TRUE,FALSE,,
"TCONS_00079885","XLOC_015139","CARMIL3",,,,,-0.0616333333333333,0.523546215650932,0.00538010243588228,FALSE,FALSE,TRUE,FALSE,FALSE,FALSE,,
"TCONS_00079886","XLOC_015139","CARMIL3",,,,,-0.1129,0.274733375754705,0.00538010243588228,FALSE,FALSE,TRUE,FALSE,FALSE,FALSE,,
"TCONS_00079887","XLOC_015139","CARMIL3",,,,,-0.0548333333333333,0.982553987347801,0.00538010243588228,FALSE,FALSE,TRUE,FALSE,FALSE,FALSE,,
"TCONS_00080041","XLOC_015151","GMPR2",,,,,0.022,0.869929475087018,0.00053116399503603,FALSE,FALSE,TRUE,FALSE,FALSE,FALSE,,
"TCONS_00080044","XLOC_015151","GMPR2",,,,,-0.0620666666666667,0.00601511901757881,0.00053116399503603,FALSE,FALSE,TRUE,FALSE,FALSE,FALSE,,
"TCONS_00080045","XLOC_015151","GMPR2",,,,,-0.0137,0.159064627887207,0.00053116399503603,FALSE,FALSE,TRUE,FALSE,FALSE,FALSE,,
"TCONS_00080051","XLOC_015151","GMPR2",,,,,0.00616666666666667,1,0.00053116399503603,FALSE,FALSE,TRUE,FALSE,FALSE,FALSE,,
"TCONS_00080053","XLOC_015151","GMPR2",,,,,0.0429333333333333,0.893339777162884,0.00053116399503603,FALSE,FALSE,TRUE,FALSE,FALSE,FALSE,,
"TCONS_00080056","XLOC_015151","GMPR2",,,,,-0.0285,0.00053116399503603,0.00053116399503603,FALSE,FALSE,TRUE,FALSE,FALSE,FALSE,,
"TCONS_00080057","XLOC_015151","GMPR2",,,,,-0.1601,0.000740283773109553,0.00053116399503603,TRUE,FALSE,TRUE,FALSE,TRUE,FALSE,,
"TCONS_00080064","XLOC_015151","GMPR2",,,,,-0.000433333333333341,1,0.00053116399503603,FALSE,FALSE,TRUE,FALSE,FALSE,FALSE,,
"TCONS_00080067","XLOC_015151","GMPR2",,,,,0.0408333333333333,0.121309521480916,0.00053116399503603,FALSE,FALSE,TRUE,FALSE,FALSE,FALSE,,
"TCONS_00088697","XLOC_015151","GMPR2",,,,,0.132433333333333,0.526880341096529,0.00053116399503603,FALSE,FALSE,TRUE,FALSE,FALSE,FALSE,,
"TCONS_00089183","XLOC_015151","GMPR2",,,,,0.0265,0.000804511738956015,0.00053116399503603,FALSE,FALSE,TRUE,FALSE,FALSE,FALSE,,
"TCONS_00089793","XLOC_015151","GMPR2",,,,,0.0264333333333333,0.531518160686687,0.00053116399503603,FALSE,FALSE,TRUE,FALSE,FALSE,FALSE,,
"TCONS_00081039","XLOC_015374","CGRRF1",,,,,0.0140666666666667,1,0.00062926641013887,FALSE,FALSE,TRUE,FALSE,FALSE,FALSE,,
"TCONS_00081040","XLOC_015374","CGRRF1",,,,,0.00313333333333334,1,0.00062926641013887,FALSE,FALSE,TRUE,FALSE,FALSE,FALSE,,
"TCONS_00081041","XLOC_015374","CGRRF1",,,,,-0.0264,0.316217224366673,0.00062926641013887,FALSE,FALSE,TRUE,FALSE,FALSE,FALSE,,
"TCONS_00081042","XLOC_015374","CGRRF1",,,,,-0.0193,0.944906926712499,0.00062926641013887,FALSE,FALSE,TRUE,FALSE,FALSE,FALSE,,
"TCONS_00081044","XLOC_015374","CGRRF1",,,,,0.121466666666667,0.682588020238394,0.00062926641013887,FALSE,FALSE,TRUE,FALSE,FALSE,FALSE,,
"TCONS_00081045","XLOC_015374","CGRRF1",,,,,0.0066,1,0.00062926641013887,FALSE,FALSE,TRUE,FALSE,FALSE,FALSE,,
"TCONS_00081049","XLOC_015374","CGRRF1",,,,,-0.1625,0.00062926641013887,0.00062926641013887,TRUE,FALSE,TRUE,FALSE,TRUE,FALSE,,
"TCONS_00088733","XLOC_015374","CGRRF1",,,,,-0.00276666666666667,1,0.00062926641013887,FALSE,FALSE,TRUE,FALSE,FALSE,FALSE,,
"TCONS_00088734","XLOC_015374","CGRRF1",,,,,0.0326333333333333,1,0.00062926641013887,FALSE,FALSE,TRUE,FALSE,FALSE,FALSE,,
"TCONS_00089817","XLOC_015374","CGRRF1",,,,,0.0214666666666667,1,0.00062926641013887,FALSE,FALSE,TRUE,FALSE,FALSE,FALSE,,
"TCONS_00081050","XLOC_015375","SAMD4A",,,,,0.00806666666666667,1,0.0332228216297478,FALSE,FALSE,TRUE,FALSE,FALSE,FALSE,,
"TCONS_00081052","XLOC_015375","SAMD4A",,,,,0.00756666666666667,1,0.0332228216297478,FALSE,FALSE,TRUE,FALSE,FALSE,FALSE,,
"TCONS_00081053","XLOC_015375","SAMD4A",,,,,-0.134333333333333,0.0774867889768781,0.0332228216297478,FALSE,FALSE,TRUE,FALSE,FALSE,FALSE,,
"TCONS_00081054","XLOC_015375","SAMD4A",,,,,0.0534,1,0.0332228216297478,FALSE,FALSE,TRUE,FALSE,FALSE,FALSE,,
"TCONS_00081055","XLOC_015375","SAMD4A",,,,,0.142866666666667,0.0332228216297478,0.0332228216297478,FALSE,FALSE,TRUE,FALSE,FALSE,FALSE,,
"TCONS_00081058","XLOC_015375","SAMD4A",,,,,0.0113666666666667,0.127027738947516,0.0332228216297478,FALSE,FALSE,TRUE,FALSE,FALSE,FALSE,,
"TCONS_00081061","XLOC_015375","SAMD4A",,,,,-0.1289,0.295682849334667,0.0332228216297478,FALSE,FALSE,TRUE,FALSE,FALSE,FALSE,,
"TCONS_00081062","XLOC_015375","SAMD4A",,,,,0.00836666666666667,1,0.0332228216297478,FALSE,FALSE,TRUE,FALSE,FALSE,FALSE,,
"TCONS_00081063","XLOC_015375","SAMD4A",,,,,0.0246,0.796945211407126,0.0332228216297478,FALSE,FALSE,TRUE,FALSE,FALSE,FALSE,,
"TCONS_00081408","XLOC_015442","PRKCH",,,,,0.0134666666666667,1,1.00740065910304e-07,FALSE,FALSE,TRUE,FALSE,FALSE,FALSE,,
"TCONS_00081422","XLOC_015442","PRKCH",,,,,0.0839666666666667,0.944438801593044,1.00740065910304e-07,FALSE,FALSE,TRUE,FALSE,FALSE,FALSE,,
"TCONS_00081423","XLOC_015442","PRKCH",,,,,0.0156666666666667,0.684622180402753,1.00740065910304e-07,FALSE,FALSE,TRUE,FALSE,FALSE,FALSE,,
"TCONS_00081426","XLOC_015442","PRKCH",,,,,0.0106333333333333,1,1.00740065910304e-07,FALSE,FALSE,TRUE,FALSE,FALSE,FALSE,,
"TCONS_00088180","XLOC_015442","PRKCH",,,,,0.0184,0.937159227202106,1.00740065910304e-07,FALSE,FALSE,TRUE,FALSE,FALSE,FALSE,,
"TCONS_00088181","XLOC_015442","PRKCH",,,,,0.026,1,1.00740065910304e-07,FALSE,FALSE,TRUE,FALSE,FALSE,FALSE,,
"TCONS_00088183","XLOC_015442","PRKCH",,,,,0.121433333333333,0.461255659293868,1.00740065910304e-07,FALSE,FALSE,TRUE,FALSE,FALSE,FALSE,,
"TCONS_00088777","XLOC_015442","PRKCH",,,,,-0.1985,0.00047094264045339,1.00740065910304e-07,TRUE,FALSE,TRUE,FALSE,TRUE,FALSE,,
"TCONS_00088778","XLOC_015442","PRKCH",,,,,0.0986666666666667,0.00675902625995828,1.00740065910304e-07,FALSE,FALSE,TRUE,FALSE,FALSE,FALSE,,
"TCONS_00089262","XLOC_015442","PRKCH",,,,,0.0149,1,1.00740065910304e-07,FALSE,FALSE,TRUE,FALSE,FALSE,FALSE,,
"TCONS_00089836","XLOC_015442","PRKCH",,,,,-0.231633333333333,1.00740065910304e-07,1.00740065910304e-07,TRUE,FALSE,TRUE,FALSE,TRUE,FALSE,,
"TCONS_00081725","XLOC_015500","RAD51B",,,,,0.0164666666666667,1,0.00832124832899982,FALSE,FALSE,TRUE,FALSE,FALSE,FALSE,,
"TCONS_00081726","XLOC_015500","RAD51B",,,,,-0.0039,1,0.00832124832899982,FALSE,FALSE,TRUE,FALSE,FALSE,FALSE,,
"TCONS_00081727","XLOC_015500","RAD51B",,,,,-0.0143,1,0.00832124832899982,FALSE,FALSE,TRUE,FALSE,FALSE,FALSE,,
"TCONS_00081728","XLOC_015500","RAD51B",,,,,-0.00123333333333333,1,0.00832124832899982,FALSE,FALSE,TRUE,FALSE,FALSE,FALSE,,
"TCONS_00081730","XLOC_015500","RAD51B",,,,,-0.00353333333333333,1,0.00832124832899982,FALSE,FALSE,TRUE,FALSE,FALSE,FALSE,,
"TCONS_00081731","XLOC_015500","RAD51B",,,,,-0.0309333333333333,0.958760588258893,0.00832124832899982,FALSE,FALSE,TRUE,FALSE,FALSE,FALSE,,
"TCONS_00081733","XLOC_015500","RAD51B",,,,,-0.00896666666666667,1,0.00832124832899982,FALSE,FALSE,TRUE,FALSE,FALSE,FALSE,,
"TCONS_00081734","XLOC_015500","RAD51B",,,,,-0.019,1,0.00832124832899982,FALSE,FALSE,TRUE,FALSE,FALSE,FALSE,,
"TCONS_00081736","XLOC_015500","RAD51B",,,,,0.0451666666666667,0.850268144252501,0.00832124832899982,FALSE,FALSE,TRUE,FALSE,FALSE,FALSE,,
"TCONS_00081740","XLOC_015500","RAD51B",,,,,-0.2253,0.00832124832899982,0.00832124832899982,TRUE,FALSE,TRUE,FALSE,TRUE,FALSE,,
"TCONS_00081741","XLOC_015500","RAD51B",,,,,0.0478333333333333,0.824505308411353,0.00832124832899982,FALSE,FALSE,TRUE,FALSE,FALSE,FALSE,,
"TCONS_00081744","XLOC_015500","RAD51B",,,,,0.0621333333333333,0.865636068863576,0.00832124832899982,FALSE,FALSE,TRUE,FALSE,FALSE,FALSE,,
"TCONS_00081745","XLOC_015500","RAD51B",,,,,0.133066666666667,0.0959743060750445,0.00832124832899982,FALSE,FALSE,TRUE,FALSE,FALSE,FALSE,,
"TCONS_00089294","XLOC_015500","RAD51B",,,,,-0.0286666666666667,0.857851381043841,0.00832124832899982,FALSE,FALSE,TRUE,FALSE,FALSE,FALSE,,
"TCONS_00089848","XLOC_015500","RAD51B",,,,,0.0247,1,0.00832124832899982,FALSE,FALSE,TRUE,FALSE,FALSE,FALSE,,
"TCONS_00082145","XLOC_015586","FOS",,,,,0.0051,1,0.00694458974926578,FALSE,FALSE,TRUE,FALSE,FALSE,FALSE,,
"TCONS_00082149","XLOC_015586","FOS",,,,,-0.0392,0.881244609094688,0.00694458974926578,FALSE,FALSE,TRUE,FALSE,FALSE,FALSE,,
"TCONS_00082151","XLOC_015586","FOS",,,,,0.109233333333333,0.0116703308529128,0.00694458974926578,FALSE,FALSE,TRUE,FALSE,FALSE,FALSE,,
"TCONS_00082152","XLOC_015586","FOS",,,,,0.0236333333333333,0.00694458974926578,0.00694458974926578,FALSE,FALSE,TRUE,FALSE,FALSE,FALSE,,
"TCONS_00082154","XLOC_015586","FOS",,,,,-0.108633333333333,0.0420125752078734,0.00694458974926578,FALSE,FALSE,TRUE,FALSE,FALSE,FALSE,,
"TCONS_00083242","XLOC_015796","WDR25",,,,,-0.0152666666666667,0.935151056684091,0.000889006168787717,FALSE,FALSE,TRUE,FALSE,FALSE,FALSE,,
"TCONS_00083993","XLOC_015961","PACS2",,,,,-0.0309,0.0561854092743427,6.77134326667967e-09,FALSE,FALSE,TRUE,FALSE,FALSE,FALSE,,
"TCONS_00083995","XLOC_015961","PACS2",,,,,-0.0362,0.620144028838621,6.77134326667967e-09,FALSE,FALSE,TRUE,FALSE,FALSE,FALSE,,
"TCONS_00083996","XLOC_015961","PACS2",,,,,-0.00516666666666665,1,6.77134326667967e-09,FALSE,FALSE,TRUE,FALSE,FALSE,FALSE,,
"TCONS_00083999","XLOC_015961","PACS2",,,,,0.168366666666667,0.0976154936506398,6.77134326667967e-09,FALSE,FALSE,TRUE,FALSE,FALSE,FALSE,,
"TCONS_00084003","XLOC_015961","PACS2",,,,,0.0257333333333333,1,6.77134326667967e-09,FALSE,FALSE,TRUE,FALSE,FALSE,FALSE,,
"TCONS_00084004","XLOC_015961","PACS2",,,,,-0.127133333333333,6.77134326667967e-09,6.77134326667967e-09,FALSE,FALSE,TRUE,FALSE,FALSE,FALSE,,
"TCONS_00084008","XLOC_015961","PACS2",,,,,0.00623333333333333,0.964970119623852,6.77134326667967e-09,FALSE,FALSE,TRUE,FALSE,FALSE,FALSE,,
"TCONS_00084009","XLOC_015961","PACS2",,,,,0.00286666666666668,1,6.77134326667967e-09,FALSE,FALSE,TRUE,FALSE,FALSE,FALSE,,
"TCONS_00084010","XLOC_015961","PACS2",,,,,-0.0062,1,6.77134326667967e-09,FALSE,FALSE,TRUE,FALSE,FALSE,FALSE,,
"TCONS_00084013","XLOC_015961","PACS2",,,,,0.0071,1,6.77134326667967e-09,FALSE,FALSE,TRUE,FALSE,FALSE,FALSE,,
"TCONS_00084016","XLOC_015964","TEX22",,,,,-0.0089,1,0.0175729462691148,FALSE,FALSE,TRUE,FALSE,FALSE,FALSE,,
"TCONS_00084018","XLOC_015964","TEX22",,,,,-0.2104,0.185073430363971,0.0175729462691148,FALSE,FALSE,TRUE,FALSE,FALSE,FALSE,,
"TCONS_00084020","XLOC_015964","TEX22",,,,,0.2841,0.0175729462691148,0.0175729462691148,TRUE,FALSE,TRUE,FALSE,TRUE,FALSE,,
"TCONS_00084021","XLOC_015964","TEX22",,,,,0.0201,1,0.0175729462691148,FALSE,FALSE,TRUE,FALSE,FALSE,FALSE,,
"TCONS_00084023","XLOC_015964","TEX22",,,,,0.0448666666666667,0.69543292211983,0.0175729462691148,FALSE,FALSE,TRUE,FALSE,FALSE,FALSE,,
"TCONS_00084024","XLOC_015964","TEX22",,,,,-0.00573333333333333,0.897677921624259,0.0175729462691148,FALSE,FALSE,TRUE,FALSE,FALSE,FALSE,,
"TCONS_00084025","XLOC_015964","TEX22",,,,,-0.00516666666666667,1,0.0175729462691148,FALSE,FALSE,TRUE,FALSE,FALSE,FALSE,,
"TCONS_00084026","XLOC_015964","TEX22",,,,,0.0243,1,0.0175729462691148,FALSE,FALSE,TRUE,FALSE,FALSE,FALSE,,
"TCONS_00084027","XLOC_015964","TEX22",,,,,-0.0444666666666667,1,0.0175729462691148,FALSE,FALSE,TRUE,FALSE,FALSE,FALSE,,
"TCONS_00084028","XLOC_015964","TEX22",,,,,0.037,0.90997855483803,0.0175729462691148,FALSE,FALSE,TRUE,FALSE,FALSE,FALSE,,
"TCONS_00084031","XLOC_015964","TEX22",,,,,-0.00246666666666667,1,0.0175729462691148,FALSE,FALSE,TRUE,FALSE,FALSE,FALSE,,
"TCONS_00084032","XLOC_015964","TEX22",,,,,0.0107,1,0.0175729462691148,FALSE,FALSE,TRUE,FALSE,FALSE,FALSE,,
"TCONS_00084033","XLOC_015964","TEX22",,,,,-0.0626333333333333,0.215955270434993,0.0175729462691148,FALSE,FALSE,TRUE,FALSE,FALSE,FALSE,,
"TCONS_00084034","XLOC_015964","TEX22",,,,,-0.0329333333333333,1,0.0175729462691148,FALSE,FALSE,TRUE,FALSE,FALSE,FALSE,,
"TCONS_00084036","XLOC_015964","TEX22",,,,,-0.0447333333333333,0.740485804269284,0.0175729462691148,FALSE,FALSE,TRUE,FALSE,FALSE,FALSE,,
"TCONS_00084202","XLOC_016022","OSGEP",,,,,0.2011,0.277515056229684,0.0174509156173695,FALSE,FALSE,TRUE,FALSE,FALSE,FALSE,,
"TCONS_00084204","XLOC_016022","OSGEP",,,,,-0.0073,0.996632367539865,0.0174509156173695,FALSE,FALSE,TRUE,FALSE,FALSE,FALSE,,
"TCONS_00084206","XLOC_016022","OSGEP",,,,,0.0091,1,0.0174509156173695,FALSE,FALSE,TRUE,FALSE,FALSE,FALSE,,
"TCONS_00084207","XLOC_016022","OSGEP",,,,,-0.0153,0.539281242710598,0.0174509156173695,FALSE,FALSE,TRUE,FALSE,FALSE,FALSE,,
"TCONS_00084208","XLOC_016022","OSGEP",,,,,0.0107666666666667,0.708159994942008,0.0174509156173695,FALSE,FALSE,TRUE,FALSE,FALSE,FALSE,,
"TCONS_00084209","XLOC_016022","OSGEP",,,,,-0.007,1,0.0174509156173695,FALSE,FALSE,TRUE,FALSE,FALSE,FALSE,,
"TCONS_00084212","XLOC_016022","OSGEP",,,,,0.00923333333333333,0.713673707824895,0.0174509156173695,FALSE,FALSE,TRUE,FALSE,FALSE,FALSE,,
"TCONS_00084213","XLOC_016022","OSGEP",,,,,-0.00436666666666667,1,0.0174509156173695,FALSE,FALSE,TRUE,FALSE,FALSE,FALSE,,
"TCONS_00088866","XLOC_016022","OSGEP",,,,,-0.2375,0.0174509156173695,0.0174509156173695,TRUE,FALSE,TRUE,FALSE,TRUE,FALSE,,
"TCONS_00088867","XLOC_016022","OSGEP",,,,,-0.0156333333333333,1,0.0174509156173695,FALSE,FALSE,TRUE,FALSE,FALSE,FALSE,,
"TCONS_00089447","XLOC_016022","OSGEP",,,,,0.0622,0.964970119623852,0.0174509156173695,FALSE,FALSE,TRUE,FALSE,FALSE,FALSE,,
"TCONS_00089448","XLOC_016022","OSGEP",,,,,0.0021,1,0.0174509156173695,FALSE,FALSE,TRUE,FALSE,FALSE,FALSE,,
"TCONS_00089449","XLOC_016022","OSGEP",,,,,-0.00146666666666667,1,0.0174509156173695,FALSE,FALSE,TRUE,FALSE,FALSE,FALSE,,
"TCONS_00084791","XLOC_016105","DHRS4-AS1",,,,,-0.0674666666666666,0.806729108982428,0.00670113923182892,FALSE,FALSE,TRUE,FALSE,FALSE,FALSE,,
"TCONS_00084792","XLOC_016105","DHRS4-AS1",,,,,0.2614,0.00670113923182892,0.00670113923182892,TRUE,FALSE,TRUE,FALSE,TRUE,FALSE,,
"TCONS_00084795","XLOC_016105","DHRS4-AS1",,,,,-0.0162333333333333,1,0.00670113923182892,FALSE,FALSE,TRUE,FALSE,FALSE,FALSE,,
"TCONS_00084799","XLOC_016105","DHRS4-AS1",,,,,-0.00426666666666667,0.995078091731161,0.00670113923182892,FALSE,FALSE,TRUE,FALSE,FALSE,FALSE,,
"TCONS_00084802","XLOC_016105","DHRS4-AS1",,,,,-0.1737,0.16027254005094,0.00670113923182892,FALSE,FALSE,TRUE,FALSE,FALSE,FALSE,,
"TCONS_00084805","XLOC_016105","DHRS4-AS1",,,,,0.0176333333333333,0.969550629864487,0.00670113923182892,FALSE,FALSE,TRUE,FALSE,FALSE,FALSE,,
"TCONS_00085339","XLOC_016209","MBIP",,,,,-0.3144,0.00128206675247485,0.00128206675247485,TRUE,FALSE,TRUE,FALSE,TRUE,FALSE,,
"TCONS_00085340","XLOC_016209","MBIP",,,,,0.181766666666667,0.267634323218347,0.00128206675247485,FALSE,FALSE,TRUE,FALSE,FALSE,FALSE,,
"TCONS_00085341","XLOC_016209","MBIP",,,,,-0.0360666666666667,0.982674634974786,0.00128206675247485,FALSE,FALSE,TRUE,FALSE,FALSE,FALSE,,
"TCONS_00085343","XLOC_016209","MBIP",,,,,-0.0132,0.75774563217379,0.00128206675247485,FALSE,FALSE,TRUE,FALSE,FALSE,FALSE,,
"TCONS_00085344","XLOC_016209","MBIP",,,,,0.0152333333333333,1,0.00128206675247485,FALSE,FALSE,TRUE,FALSE,FALSE,FALSE,,
"TCONS_00085345","XLOC_016209","MBIP",,,,,-0.0015,1,0.00128206675247485,FALSE,FALSE,TRUE,FALSE,FALSE,FALSE,,
"TCONS_00085346","XLOC_016209","MBIP",,,,,0.0175333333333333,0.953084151264669,0.00128206675247485,FALSE,FALSE,TRUE,FALSE,FALSE,FALSE,,
"TCONS_00088419","XLOC_016209","MBIP",,,,,-0.0488,1,0.00128206675247485,FALSE,FALSE,TRUE,FALSE,FALSE,FALSE,,
"TCONS_00088933","XLOC_016209","MBIP",,,,,0.201366666666667,0.826225219689187,0.00128206675247485,FALSE,FALSE,TRUE,FALSE,FALSE,FALSE,,
"TCONS_00085922","XLOC_016377","ARMH4",,,,,0.00623333333333333,1,0.00133166408621782,FALSE,FALSE,TRUE,FALSE,FALSE,FALSE,,
"TCONS_00085923","XLOC_016377","ARMH4",,,,,-0.0051,0.941554747037591,0.00133166408621782,FALSE,FALSE,TRUE,FALSE,FALSE,FALSE,,
"TCONS_00085924","XLOC_016377","ARMH4",,,,,-0.00976666666666667,0.711079980377392,0.00133166408621782,FALSE,FALSE,TRUE,FALSE,FALSE,FALSE,,
"TCONS_00085925","XLOC_016377","ARMH4",,,,,-0.17,0.196536312104232,0.00133166408621782,FALSE,FALSE,TRUE,FALSE,FALSE,FALSE,,
"TCONS_00085926","XLOC_016377","ARMH4",,,,,-0.0314,1,0.00133166408621782,FALSE,FALSE,TRUE,FALSE,FALSE,FALSE,,
"TCONS_00085928","XLOC_016377","ARMH4",,,,,0.0389333333333333,1,0.00133166408621782,FALSE,FALSE,TRUE,FALSE,FALSE,FALSE,,
"TCONS_00085931","XLOC_016377","ARMH4",,,,,0.00133333333333333,1,0.00133166408621782,FALSE,FALSE,TRUE,FALSE,FALSE,FALSE,,
"TCONS_00085933","XLOC_016377","ARMH4",,,,,0.0317333333333333,0.389262531241294,0.00133166408621782,FALSE,FALSE,TRUE,FALSE,FALSE,FALSE,,
"TCONS_00085934","XLOC_016377","ARMH4",,,,,0.00853333333333334,1,0.00133166408621782,FALSE,FALSE,TRUE,FALSE,FALSE,FALSE,,
"TCONS_00085936","XLOC_016377","ARMH4",,,,,0.00296666666666667,1,0.00133166408621782,FALSE,FALSE,TRUE,FALSE,FALSE,FALSE,,
"TCONS_00085938","XLOC_016377","ARMH4",,,,,0.103666666666667,0.00133166408621782,0.00133166408621782,FALSE,FALSE,TRUE,FALSE,FALSE,FALSE,,
"TCONS_00085940","XLOC_016377","ARMH4",,,,,-0.0044,1,0.00133166408621782,FALSE,FALSE,TRUE,FALSE,FALSE,FALSE,,
"TCONS_00088460","XLOC_016377","ARMH4",,,,,0.0188333333333333,0.381617909540485,0.00133166408621782,FALSE,FALSE,TRUE,FALSE,FALSE,FALSE,,
"TCONS_00089645","XLOC_016377","ARMH4",,,,,-0.0377666666666667,0.612833313054504,0.00133166408621782,FALSE,FALSE,TRUE,FALSE,FALSE,FALSE,,
"TCONS_00089647","XLOC_016377","ARMH4",,,,,0.0242333333333333,1,0.00133166408621782,FALSE,FALSE,TRUE,FALSE,FALSE,FALSE,,
"TCONS_00089648","XLOC_016377","ARMH4",,,,,0.0143,1,0.00133166408621782,FALSE,FALSE,TRUE,FALSE,FALSE,FALSE,,
"TCONS_00090063","XLOC_016377","ARMH4",,,,,0.0127666666666667,1,0.00133166408621782,FALSE,FALSE,TRUE,FALSE,FALSE,FALSE,,
"TCONS_00085942","XLOC_016380","TIMM9",,,,,-0.116166666666667,0.947126207132488,0.0057804688416855,FALSE,FALSE,TRUE,FALSE,FALSE,FALSE,,
"TCONS_00085943","XLOC_016380","TIMM9",,,,,0.00426666666666667,1,0.0057804688416855,FALSE,FALSE,TRUE,FALSE,FALSE,FALSE,,
"TCONS_00085945","XLOC_016380","TIMM9",,,,,-0.00743333333333333,1,0.0057804688416855,FALSE,FALSE,TRUE,FALSE,FALSE,FALSE,,
"TCONS_00085948","XLOC_016380","TIMM9",,,,,0.144866666666667,0.0057804688416855,0.0057804688416855,FALSE,FALSE,TRUE,FALSE,FALSE,FALSE,,
"TCONS_00085949","XLOC_016380","TIMM9",,,,,0.067,1,0.0057804688416855,FALSE,FALSE,TRUE,FALSE,FALSE,FALSE,,
"TCONS_00085950","XLOC_016380","TIMM9",,,,,-0.133366666666667,0.899194019479671,0.0057804688416855,FALSE,FALSE,TRUE,FALSE,FALSE,FALSE,,
"TCONS_00085951","XLOC_016380","TIMM9",,,,,0.0281666666666667,0.794963376358575,0.0057804688416855,FALSE,FALSE,TRUE,FALSE,FALSE,FALSE,,
"TCONS_00088461","XLOC_016380","TIMM9",,,,,0.0123666666666667,1,0.0057804688416855,FALSE,FALSE,TRUE,FALSE,FALSE,FALSE,,
"TCONS_00086361","XLOC_016503","COX16",,,,,0.171433333333333,0.791279223445896,4.50315163835205e-13,FALSE,FALSE,TRUE,FALSE,FALSE,FALSE,,
"TCONS_00086364","XLOC_016503","COX16",,,,,0.00793333333333333,1,4.50315163835205e-13,FALSE,FALSE,TRUE,FALSE,FALSE,FALSE,,
"TCONS_00086367","XLOC_016503","COX16",,,,,-0.2609,4.50315163835205e-13,4.50315163835205e-13,TRUE,FALSE,TRUE,FALSE,TRUE,FALSE,,
"TCONS_00086369","XLOC_016503","COX16",,,,,0.0186,0.949140140155329,4.50315163835205e-13,FALSE,FALSE,TRUE,FALSE,FALSE,FALSE,,
"TCONS_00086370","XLOC_016503","COX16",,,,,0.0710666666666667,0.60734856296891,4.50315163835205e-13,FALSE,FALSE,TRUE,FALSE,FALSE,FALSE,,
"TCONS_00086371","XLOC_016503","COX16",,,,,0.0065,1,4.50315163835205e-13,FALSE,FALSE,TRUE,FALSE,FALSE,FALSE,,
"TCONS_00087056","XLOC_016676","NRDE2",,,,,-0.00853333333333333,1,0.00161640377118535,FALSE,FALSE,TRUE,FALSE,FALSE,FALSE,,
"TCONS_00087057","XLOC_016676","NRDE2",,,,,0.1399,0.00161640377118535,0.00161640377118535,FALSE,FALSE,TRUE,FALSE,FALSE,FALSE,,
"TCONS_00087058","XLOC_016676","NRDE2",,,,,0.000666666666666666,1,0.00161640377118535,FALSE,FALSE,TRUE,FALSE,FALSE,FALSE,,
"TCONS_00087059","XLOC_016676","NRDE2",,,,,0.00993333333333333,1,0.00161640377118535,FALSE,FALSE,TRUE,FALSE,FALSE,FALSE,,
"TCONS_00087060","XLOC_016676","NRDE2",,,,,0.0274666666666667,1,0.00161640377118535,FALSE,FALSE,TRUE,FALSE,FALSE,FALSE,,
"TCONS_00087061","XLOC_016676","NRDE2",,,,,0.0506,0.851121763186253,0.00161640377118535,FALSE,FALSE,TRUE,FALSE,FALSE,FALSE,,
"TCONS_00087062","XLOC_016676","NRDE2",,,,,-0.0132333333333333,0.591298711000715,0.00161640377118535,FALSE,FALSE,TRUE,FALSE,FALSE,FALSE,,
"TCONS_00087065","XLOC_016676","NRDE2",,,,,0.0151333333333333,1,0.00161640377118535,FALSE,FALSE,TRUE,FALSE,FALSE,FALSE,,
"TCONS_00089068","XLOC_016676","NRDE2",,,,,0.00523333333333333,1,0.00161640377118535,FALSE,FALSE,TRUE,FALSE,FALSE,FALSE,,
"TCONS_00089070","XLOC_016676","NRDE2",,,,,-0.0180333333333333,1,0.00161640377118535,FALSE,FALSE,TRUE,FALSE,FALSE,FALSE,,
"TCONS_00089071","XLOC_016676","NRDE2",,,,,-0.0397,1,0.00161640377118535,FALSE,FALSE,TRUE,FALSE,FALSE,FALSE,,
"TCONS_00089742","XLOC_016676","NRDE2",,,,,-0.171333333333333,0.26094060992042,0.00161640377118535,FALSE,FALSE,TRUE,FALSE,FALSE,FALSE,,
"TCONS_00089743","XLOC_016676","NRDE2",,,,,0.00503333333333333,1,0.00161640377118535,FALSE,FALSE,TRUE,FALSE,FALSE,FALSE,,
"TCONS_00092449","XLOC_017590","APH1B",,,,,-0.00613333333333334,0.538297932128835,0.0499049283281408,FALSE,FALSE,TRUE,FALSE,FALSE,FALSE,,
"TCONS_00092451","XLOC_017590","APH1B",,,,,-0.137433333333333,0.787961058719255,0.0499049283281408,FALSE,FALSE,TRUE,FALSE,FALSE,FALSE,,
"TCONS_00092452","XLOC_017590","APH1B",,,,,-0.0165,0.708419354198966,0.0499049283281408,FALSE,FALSE,TRUE,FALSE,FALSE,FALSE,,
"TCONS_00092453","XLOC_017590","APH1B",,,,,-0.0410666666666666,1,0.0499049283281408,FALSE,FALSE,TRUE,FALSE,FALSE,FALSE,,
"TCONS_00092454","XLOC_017590","APH1B",,,,,0.0458333333333333,0.47674493914712,0.0499049283281408,FALSE,FALSE,TRUE,FALSE,FALSE,FALSE,,
"TCONS_00099961","XLOC_017590","APH1B",,,,,0.153466666666667,0.0499049283281408,0.0499049283281408,TRUE,FALSE,TRUE,FALSE,TRUE,FALSE,,
"TCONS_00092597","XLOC_017625","DIS3L",,,,,-0.00203333333333333,1,0.0183107629338774,FALSE,FALSE,TRUE,FALSE,FALSE,FALSE,,
"TCONS_00092598","XLOC_017625","DIS3L",,,,,0.116366666666667,0.621113278876956,0.0183107629338774,FALSE,FALSE,TRUE,FALSE,FALSE,FALSE,,
"TCONS_00092602","XLOC_017625","DIS3L",,,,,0.117866666666667,0.332236942636636,0.0183107629338774,FALSE,FALSE,TRUE,FALSE,FALSE,FALSE,,
"TCONS_00092603","XLOC_017625","DIS3L",,,,,-0.00713333333333333,1,0.0183107629338774,FALSE,FALSE,TRUE,FALSE,FALSE,FALSE,,
"TCONS_00092604","XLOC_017625","DIS3L",,,,,0.0467666666666667,1,0.0183107629338774,FALSE,FALSE,TRUE,FALSE,FALSE,FALSE,,
"TCONS_00092605","XLOC_017625","DIS3L",,,,,-0.184666666666667,0.0183107629338774,0.0183107629338774,TRUE,FALSE,TRUE,FALSE,TRUE,FALSE,,
"TCONS_00092606","XLOC_017625","DIS3L",,,,,0.0233,1,0.0183107629338774,FALSE,FALSE,TRUE,FALSE,FALSE,FALSE,,
"TCONS_00099977","XLOC_017625","DIS3L",,,,,-0.0269666666666667,0.859490797208904,0.0183107629338774,FALSE,FALSE,TRUE,FALSE,FALSE,FALSE,,
"TCONS_00099978","XLOC_017625","DIS3L",,,,,-0.0521666666666667,1,0.0183107629338774,FALSE,FALSE,TRUE,FALSE,FALSE,FALSE,,
"TCONS_00093887","XLOC_017895","FANCI",,,,,-0.0014,1,0.00625974863433571,FALSE,FALSE,TRUE,FALSE,FALSE,FALSE,,
"TCONS_00093888","XLOC_017895","FANCI",,,,,-0.0892666666666667,0.00625974863433571,0.00625974863433571,FALSE,FALSE,TRUE,FALSE,FALSE,FALSE,,
"TCONS_00093889","XLOC_017895","FANCI",,,,,0.00826666666666667,1,0.00625974863433571,FALSE,FALSE,TRUE,FALSE,FALSE,FALSE,,
"TCONS_00093897","XLOC_017895","FANCI",,,,,0.0046,1,0.00625974863433571,FALSE,FALSE,TRUE,FALSE,FALSE,FALSE,,
"TCONS_00093899","XLOC_017895","FANCI",,,,,0.0249666666666667,1,0.00625974863433571,FALSE,FALSE,TRUE,FALSE,FALSE,FALSE,,
"TCONS_00093903","XLOC_017895","FANCI",,,,,-0.0434333333333333,0.626890212708361,0.00625974863433571,FALSE,FALSE,TRUE,FALSE,FALSE,FALSE,,
"TCONS_00093904","XLOC_017895","FANCI",,,,,0.0234666666666667,1,0.00625974863433571,FALSE,FALSE,TRUE,FALSE,FALSE,FALSE,,
"TCONS_00093905","XLOC_017895","FANCI",,,,,-0.00743333333333333,1,0.00625974863433571,FALSE,FALSE,TRUE,FALSE,FALSE,FALSE,,
"TCONS_00100071","XLOC_017895","FANCI",,,,,0.0258,0.599195291288418,0.00625974863433571,FALSE,FALSE,TRUE,FALSE,FALSE,FALSE,,
"TCONS_00100073","XLOC_017895","FANCI",,,,,0.00126666666666667,1,0.00625974863433571,FALSE,FALSE,TRUE,FALSE,FALSE,FALSE,,
"TCONS_00100077","XLOC_017895","FANCI",,,,,0.0332,0.91525164959383,0.00625974863433571,FALSE,FALSE,TRUE,FALSE,FALSE,FALSE,,
"TCONS_00100078","XLOC_017895","FANCI",,,,,-0.0455333333333333,0.863810854158532,0.00625974863433571,FALSE,FALSE,TRUE,FALSE,FALSE,FALSE,,
"TCONS_00100079","XLOC_017895","FANCI",,,,,0.0369333333333333,1,0.00625974863433571,FALSE,FALSE,TRUE,FALSE,FALSE,FALSE,,
"TCONS_00100082","XLOC_017895","FANCI",,,,,-0.0496,0.605548923199665,0.00625974863433571,FALSE,FALSE,TRUE,FALSE,FALSE,FALSE,,
"TCONS_00100083","XLOC_017895","FANCI",,,,,0.1034,0.00647730180141743,0.00625974863433571,FALSE,FALSE,TRUE,FALSE,FALSE,FALSE,,
"TCONS_00100084","XLOC_017895","FANCI",,,,,-0.0353666666666667,0.640846355159568,0.00625974863433571,FALSE,FALSE,TRUE,FALSE,FALSE,FALSE,,
"TCONS_00100085","XLOC_017895","FANCI",,,,,-0.0173666666666667,0.792627005413349,0.00625974863433571,FALSE,FALSE,TRUE,FALSE,FALSE,FALSE,,
"TCONS_00100088","XLOC_017895","FANCI",,,,,0.0376333333333333,0.946203737566225,0.00625974863433571,FALSE,FALSE,TRUE,FALSE,FALSE,FALSE,,
"TCONS_00100089","XLOC_017895","FANCI",,,,,0.0271333333333333,0.755245086055552,0.00625974863433571,FALSE,FALSE,TRUE,FALSE,FALSE,FALSE,,
"TCONS_00100634","XLOC_017895","FANCI",,,,,0.0181666666666667,1,0.00625974863433571,FALSE,FALSE,TRUE,FALSE,FALSE,FALSE,,
"TCONS_00100635","XLOC_017895","FANCI",,,,,0.0318666666666667,1,0.00625974863433571,FALSE,FALSE,TRUE,FALSE,FALSE,FALSE,,
"TCONS_00100636","XLOC_017895","FANCI",,,,,-0.100733333333333,1,0.00625974863433571,FALSE,FALSE,TRUE,FALSE,FALSE,FALSE,,
"TCONS_00094090","XLOC_017931","BLM",,,,,-0.2159,0.129212867934904,0.0279895704485648,FALSE,FALSE,TRUE,FALSE,FALSE,FALSE,,
"TCONS_00094091","XLOC_017931","BLM",,,,,0.0355666666666667,1,0.0279895704485648,FALSE,FALSE,TRUE,FALSE,FALSE,FALSE,,
"TCONS_00094092","XLOC_017931","BLM",,,,,-0.0189666666666667,1,0.0279895704485648,FALSE,FALSE,TRUE,FALSE,FALSE,FALSE,,
"TCONS_00094095","XLOC_017931","BLM",,,,,0.0503666666666667,0.921899203689086,0.0279895704485648,FALSE,FALSE,TRUE,FALSE,FALSE,FALSE,,
"TCONS_00094097","XLOC_017931","BLM",,,,,0.0551333333333333,1,0.0279895704485648,FALSE,FALSE,TRUE,FALSE,FALSE,FALSE,,
"TCONS_00094098","XLOC_017931","BLM",,,,,-0.00246666666666667,1,0.0279895704485648,FALSE,FALSE,TRUE,FALSE,FALSE,FALSE,,
"TCONS_00094099","XLOC_017931","BLM",,,,,0.00646666666666667,1,0.0279895704485648,FALSE,FALSE,TRUE,FALSE,FALSE,FALSE,,
"TCONS_00094101","XLOC_017931","BLM",,,,,0.0385,0.945810630247717,0.0279895704485648,FALSE,FALSE,TRUE,FALSE,FALSE,FALSE,,
"TCONS_00094102","XLOC_017931","BLM",,,,,0.149233333333333,0.0279895704485648,0.0279895704485648,FALSE,FALSE,TRUE,FALSE,FALSE,FALSE,,
"TCONS_00100104","XLOC_017931","BLM",,,,,0.0156,1,0.0279895704485648,FALSE,FALSE,TRUE,FALSE,FALSE,FALSE,,
"TCONS_00100105","XLOC_017931","BLM",,,,,0.0607333333333333,1,0.0279895704485648,FALSE,FALSE,TRUE,FALSE,FALSE,FALSE,,
"TCONS_00100107","XLOC_017931","BLM",,,,,0.129833333333333,0.406915363902924,0.0279895704485648,FALSE,FALSE,TRUE,FALSE,FALSE,FALSE,,
"TCONS_00100108","XLOC_017931","BLM",,,,,0.0556666666666667,1,0.0279895704485648,FALSE,FALSE,TRUE,FALSE,FALSE,FALSE,,
"TCONS_00100109","XLOC_017931","BLM",,,,,-0.359433333333333,0.567934610535446,0.0279895704485648,FALSE,FALSE,TRUE,FALSE,FALSE,FALSE,,
"TCONS_00094117","XLOC_017934","FES",,,,,0.0229333333333333,0.796880854349409,0.0351785855344333,FALSE,FALSE,TRUE,FALSE,FALSE,FALSE,,
"TCONS_00094122","XLOC_017934","FES",,,,,-0.0523333333333333,0.558452638083902,0.0351785855344333,FALSE,FALSE,TRUE,FALSE,FALSE,FALSE,,
"TCONS_00094123","XLOC_017934","FES",,,,,0.1322,0.982553987347801,0.0351785855344333,FALSE,FALSE,TRUE,FALSE,FALSE,FALSE,,
"TCONS_00094128","XLOC_017934","FES",,,,,-0.00406666666666667,1,0.0351785855344333,FALSE,FALSE,TRUE,FALSE,FALSE,FALSE,,
"TCONS_00094131","XLOC_017934","FES",,,,,0.0160666666666667,1,0.0351785855344333,FALSE,FALSE,TRUE,FALSE,FALSE,FALSE,,
"TCONS_00094132","XLOC_017934","FES",,,,,0.0083,1,0.0351785855344333,FALSE,FALSE,TRUE,FALSE,FALSE,FALSE,,
"TCONS_00100110","XLOC_017934","FES",,,,,-0.1219,0.0351785855344333,0.0351785855344333,FALSE,FALSE,TRUE,FALSE,FALSE,FALSE,,
"TCONS_00100111","XLOC_017934","FES",,,,,0.0406666666666667,1,0.0351785855344333,FALSE,FALSE,TRUE,FALSE,FALSE,FALSE,,
"TCONS_00100112","XLOC_017934","FES",,,,,-0.0316333333333333,1,0.0351785855344333,FALSE,FALSE,TRUE,FALSE,FALSE,FALSE,,
"TCONS_00095264","XLOC_018294","LINC01852",,,,,0.0373666666666667,1,0.0367003616304394,FALSE,FALSE,TRUE,FALSE,FALSE,FALSE,,
"TCONS_00095265","XLOC_018294","LINC01852",,,,,0.1918,0.0367003616304394,0.0367003616304394,TRUE,FALSE,TRUE,FALSE,TRUE,FALSE,,
"TCONS_00095266","XLOC_018294","LINC01852",,,,,-0.202266666666667,0.354438552317792,0.0367003616304394,FALSE,FALSE,TRUE,FALSE,FALSE,FALSE,,
"TCONS_00095267","XLOC_018294","LINC01852",,,,,-0.209366666666667,0.836419652145531,0.0367003616304394,FALSE,FALSE,TRUE,FALSE,FALSE,FALSE,,
"TCONS_00099268","XLOC_018294","LINC01852",,,,,0.0549333333333333,1,0.0367003616304394,FALSE,FALSE,TRUE,FALSE,FALSE,FALSE,,
"TCONS_00099657","XLOC_018294","LINC01852",,,,,0.106,0.143824610601266,0.0367003616304394,FALSE,FALSE,TRUE,FALSE,FALSE,FALSE,,
"TCONS_00099658","XLOC_018294","LINC01852",,,,,0.0215,1,0.0367003616304394,FALSE,FALSE,TRUE,FALSE,FALSE,FALSE,,
"TCONS_00095621","XLOC_018376","TP53BP1",,,,,0.0113,1,0.00794375997585561,FALSE,FALSE,TRUE,FALSE,FALSE,FALSE,,
"TCONS_00095622","XLOC_018376","TP53BP1",,,,,0.00526666666666667,1,0.00794375997585561,FALSE,FALSE,TRUE,FALSE,FALSE,FALSE,,
"TCONS_00095623","XLOC_018376","TP53BP1",,,,,0.0137,1,0.00794375997585561,FALSE,FALSE,TRUE,FALSE,FALSE,FALSE,,
"TCONS_00095625","XLOC_018376","TP53BP1",,,,,0.151733333333333,0.989629549613636,0.00794375997585561,FALSE,FALSE,TRUE,FALSE,FALSE,FALSE,,
"TCONS_00095626","XLOC_018376","TP53BP1",,,,,0.0522,1,0.00794375997585561,FALSE,FALSE,TRUE,FALSE,FALSE,FALSE,,
"TCONS_00095627","XLOC_018376","TP53BP1",,,,,-0.0268333333333333,0.926578684688287,0.00794375997585561,FALSE,FALSE,TRUE,FALSE,FALSE,FALSE,,
"TCONS_00095629","XLOC_018376","TP53BP1",,,,,-0.1271,0.00794375997585561,0.00794375997585561,FALSE,FALSE,TRUE,FALSE,FALSE,FALSE,,
"TCONS_00095632","XLOC_018376","TP53BP1",,,,,0.0806666666666667,0.697311492328423,0.00794375997585561,FALSE,FALSE,TRUE,FALSE,FALSE,FALSE,,
"TCONS_00095633","XLOC_018376","TP53BP1",,,,,-0.0466,0.226321022643968,0.00794375997585561,FALSE,FALSE,TRUE,FALSE,FALSE,FALSE,,
"TCONS_00095635","XLOC_018376","TP53BP1",,,,,0.0345,0.934790663475425,0.00794375997585561,FALSE,FALSE,TRUE,FALSE,FALSE,FALSE,,
"TCONS_00095636","XLOC_018376","TP53BP1",,,,,0.00776666666666667,1,0.00794375997585561,FALSE,FALSE,TRUE,FALSE,FALSE,FALSE,,
"TCONS_00099278","XLOC_018376","TP53BP1",,,,,-0.0502666666666667,1,0.00794375997585561,FALSE,FALSE,TRUE,FALSE,FALSE,FALSE,,
"TCONS_00100196","XLOC_018376","TP53BP1",,,,,0.0103,1,0.00794375997585561,FALSE,FALSE,TRUE,FALSE,FALSE,FALSE,,
"TCONS_00100682","XLOC_018376","TP53BP1",,,,,0.0102,1,0.00794375997585561,FALSE,FALSE,TRUE,FALSE,FALSE,FALSE,,
"TCONS_00100683","XLOC_018376","TP53BP1",,,,,-0.126533333333333,0.0387595971822951,0.00794375997585561,FALSE,FALSE,TRUE,FALSE,FALSE,FALSE,,
"TCONS_00095858","XLOC_018418","GATM",,,,,-0.0309,1,1.73386567048317e-05,FALSE,FALSE,TRUE,FALSE,FALSE,FALSE,,
"TCONS_00099285","XLOC_018418","GATM",,,,,0.148533333333333,1,1.73386567048317e-05,FALSE,FALSE,TRUE,FALSE,FALSE,FALSE,,
"TCONS_00100211","XLOC_018418","GATM",,,,,-0.1153,1.73386567048317e-05,1.73386567048317e-05,FALSE,FALSE,TRUE,FALSE,FALSE,FALSE,,
"TCONS_00098422","XLOC_018934","RHCG",,,,,-0.0102,1,0.00061196045104395,FALSE,FALSE,TRUE,FALSE,FALSE,FALSE,,
"TCONS_00098423","XLOC_018934","RHCG",,,,,0.5703,0.00061196045104395,0.00061196045104395,TRUE,FALSE,TRUE,FALSE,TRUE,FALSE,,
"TCONS_00098424","XLOC_018934","RHCG",,,,,-0.401,0.0172552517011971,0.00061196045104395,TRUE,FALSE,TRUE,FALSE,TRUE,FALSE,,
"TCONS_00098425","XLOC_018934","RHCG",,,,,-0.0890666666666667,0.770504855638034,0.00061196045104395,FALSE,FALSE,TRUE,FALSE,FALSE,FALSE,,
"TCONS_00098427","XLOC_018934","RHCG",,,,,-0.0642333333333333,0.908110324588222,0.00061196045104395,FALSE,FALSE,TRUE,FALSE,FALSE,FALSE,,
"TCONS_00098428","XLOC_018934","RHCG",,,,,-0.018,1,0.00061196045104395,FALSE,FALSE,TRUE,FALSE,FALSE,FALSE,,
"TCONS_00098519","XLOC_018962","HDDC3",,,,,0.0348,1,1.95946815093651e-07,FALSE,FALSE,TRUE,FALSE,FALSE,FALSE,,
"TCONS_00098521","XLOC_018962","HDDC3",,,,,-0.309466666666667,1.95946815093651e-07,1.95946815093651e-07,TRUE,FALSE,TRUE,FALSE,TRUE,FALSE,,
"TCONS_00098522","XLOC_018962","HDDC3",,,,,0.158933333333333,1,1.95946815093651e-07,FALSE,FALSE,TRUE,FALSE,FALSE,FALSE,,
"TCONS_00098523","XLOC_018962","HDDC3",,,,,0.00906666666666667,1,1.95946815093651e-07,FALSE,FALSE,TRUE,FALSE,FALSE,FALSE,,
"TCONS_00098524","XLOC_018962","HDDC3",,,,,-0.0384,0.992795345847513,1.95946815093651e-07,FALSE,FALSE,TRUE,FALSE,FALSE,FALSE,,
"TCONS_00098525","XLOC_018962","HDDC3",,,,,0.1476,0.478365788076633,1.95946815093651e-07,FALSE,FALSE,TRUE,FALSE,FALSE,FALSE,,
"TCONS_00100998","XLOC_019108","WDR90",,,,,-0.0053,1,0.0164649748571258,FALSE,FALSE,TRUE,FALSE,FALSE,FALSE,,
"TCONS_00100999","XLOC_019108","WDR90",,,,,0.0806666666666667,0.622813049482916,0.0164649748571258,FALSE,FALSE,TRUE,FALSE,FALSE,FALSE,,
"TCONS_00101001","XLOC_019108","WDR90",,,,,0.0494333333333333,0.759288147447593,0.0164649748571258,FALSE,FALSE,TRUE,FALSE,FALSE,FALSE,,
"TCONS_00101002","XLOC_019108","WDR90",,,,,0.0159666666666667,0.911707704115323,0.0164649748571258,FALSE,FALSE,TRUE,FALSE,FALSE,FALSE,,
"TCONS_00101005","XLOC_019108","WDR90",,,,,0.0219333333333333,0.863416729604006,0.0164649748571258,FALSE,FALSE,TRUE,FALSE,FALSE,FALSE,,
"TCONS_00101006","XLOC_019108","WDR90",,,,,-0.000533333333333334,1,0.0164649748571258,FALSE,FALSE,TRUE,FALSE,FALSE,FALSE,,
"TCONS_00101007","XLOC_019108","WDR90",,,,,-0.0387,0.669541506085758,0.0164649748571258,FALSE,FALSE,TRUE,FALSE,FALSE,FALSE,,
"TCONS_00101009","XLOC_019108","WDR90",,,,,-0.0322,1,0.0164649748571258,FALSE,FALSE,TRUE,FALSE,FALSE,FALSE,,
"TCONS_00101010","XLOC_019108","WDR90",,,,,0.0428666666666667,0.827865200170332,0.0164649748571258,FALSE,FALSE,TRUE,FALSE,FALSE,FALSE,,
"TCONS_00101012","XLOC_019108","WDR90",,,,,-0.0685333333333333,0.411225590928177,0.0164649748571258,FALSE,FALSE,TRUE,FALSE,FALSE,FALSE,,
"TCONS_00101013","XLOC_019108","WDR90",,,,,0.00990000000000001,0.887589809490027,0.0164649748571258,FALSE,FALSE,TRUE,FALSE,FALSE,FALSE,,
"TCONS_00101015","XLOC_019108","WDR90",,,,,0.0879333333333333,0.154426995326599,0.0164649748571258,FALSE,FALSE,TRUE,FALSE,FALSE,FALSE,,
"TCONS_00101016","XLOC_019108","WDR90",,,,,-0.0072,1,0.0164649748571258,FALSE,FALSE,TRUE,FALSE,FALSE,FALSE,,
"TCONS_00101017","XLOC_019108","WDR90",,,,,0.1402,0.0164649748571258,0.0164649748571258,FALSE,FALSE,TRUE,FALSE,FALSE,FALSE,,
"TCONS_00101018","XLOC_019108","WDR90",,,,,0.0077,1,0.0164649748571258,FALSE,FALSE,TRUE,FALSE,FALSE,FALSE,,
"TCONS_00101019","XLOC_019108","WDR90",,,,,-0.0664,0.456670002318784,0.0164649748571258,FALSE,FALSE,TRUE,FALSE,FALSE,FALSE,,
"TCONS_00101020","XLOC_019108","WDR90",,,,,-0.0429333333333333,1,0.0164649748571258,FALSE,FALSE,TRUE,FALSE,FALSE,FALSE,,
"TCONS_00101021","XLOC_019108","WDR90",,,,,-0.192433333333333,0.474281731977097,0.0164649748571258,FALSE,FALSE,TRUE,FALSE,FALSE,FALSE,,
"TCONS_00101082","XLOC_019117","HAGHL",,,,,-0.00456666666666666,1,0.00559627699930061,FALSE,FALSE,TRUE,FALSE,FALSE,FALSE,,
"TCONS_00101083","XLOC_019117","HAGHL",,,,,-0.00893333333333333,1,0.00559627699930061,FALSE,FALSE,TRUE,FALSE,FALSE,FALSE,,
"TCONS_00101085","XLOC_019117","HAGHL",,,,,-0.0992666666666666,0.897186464120364,0.00559627699930061,FALSE,FALSE,TRUE,FALSE,FALSE,FALSE,,
"TCONS_00101086","XLOC_019117","HAGHL",,,,,-0.0306666666666667,0.971237411737595,0.00559627699930061,FALSE,FALSE,TRUE,FALSE,FALSE,FALSE,,
"TCONS_00101091","XLOC_019117","HAGHL",,,,,0.0154666666666667,0.953535343969112,0.00559627699930061,FALSE,FALSE,TRUE,FALSE,FALSE,FALSE,,
"TCONS_00101095","XLOC_019117","HAGHL",,,,,0.243466666666667,0.00559627699930061,0.00559627699930061,TRUE,FALSE,TRUE,FALSE,TRUE,FALSE,,
"TCONS_00101096","XLOC_019117","HAGHL",,,,,0.0063,1,0.00559627699930061,FALSE,FALSE,TRUE,FALSE,FALSE,FALSE,,
"TCONS_00101099","XLOC_019117","HAGHL",,,,,-0.1024,0.0598032724410807,0.00559627699930061,FALSE,FALSE,TRUE,FALSE,FALSE,FALSE,,
"TCONS_00102216","XLOC_019307","RMI2",,,,,0.0116666666666667,1,1.16755400122941e-05,FALSE,FALSE,TRUE,FALSE,FALSE,FALSE,,
"TCONS_00102217","XLOC_019307","RMI2",,,,,0.03,0.876347713769738,1.16755400122941e-05,FALSE,FALSE,TRUE,FALSE,FALSE,FALSE,,
"TCONS_00102221","XLOC_019307","RMI2",,,,,-0.00233333333333333,1,1.16755400122941e-05,FALSE,FALSE,TRUE,FALSE,FALSE,FALSE,,
"TCONS_00102474","XLOC_019366","PKD1P1",,,,,-0.0116333333333333,1,0.0120914068740498,FALSE,FALSE,TRUE,FALSE,FALSE,FALSE,,
"TCONS_00102475","XLOC_019366","PKD1P1",,,,,0.0487333333333333,0.13836274636688,0.0120914068740498,FALSE,FALSE,TRUE,FALSE,FALSE,FALSE,,
"TCONS_00102476","XLOC_019366","PKD1P1",,,,,-0.00853333333333334,1,0.0120914068740498,FALSE,FALSE,TRUE,FALSE,FALSE,FALSE,,
"TCONS_00102477","XLOC_019366","PKD1P1",,,,,-0.0451666666666667,1,0.0120914068740498,FALSE,FALSE,TRUE,FALSE,FALSE,FALSE,,
"TCONS_00102481","XLOC_019366","PKD1P1",,,,,0.0184333333333333,1,0.0120914068740498,FALSE,FALSE,TRUE,FALSE,FALSE,FALSE,,
"TCONS_00102482","XLOC_019366","PKD1P1",,,,,-0.0101333333333333,1,0.0120914068740498,FALSE,FALSE,TRUE,FALSE,FALSE,FALSE,,
"TCONS_00102483","XLOC_019366","PKD1P1",,,,,-0.0955333333333333,0.732396416942687,0.0120914068740498,FALSE,FALSE,TRUE,FALSE,FALSE,FALSE,,
"TCONS_00102484","XLOC_019366","PKD1P1",,,,,0.00153333333333333,1,0.0120914068740498,FALSE,FALSE,TRUE,FALSE,FALSE,FALSE,,
"TCONS_00102485","XLOC_019366","PKD1P1",,,,,-0.0195666666666667,1,0.0120914068740498,FALSE,FALSE,TRUE,FALSE,FALSE,FALSE,,
"TCONS_00102486","XLOC_019366","PKD1P1",,,,,-0.0164666666666667,1,0.0120914068740498,FALSE,FALSE,TRUE,FALSE,FALSE,FALSE,,
"TCONS_00102487","XLOC_019366","PKD1P1",,,,,0.0493333333333333,0.705159192554987,0.0120914068740498,FALSE,FALSE,TRUE,FALSE,FALSE,FALSE,,
"TCONS_00102488","XLOC_019366","PKD1P1",,,,,-0.107366666666667,0.0149778778169676,0.0120914068740498,FALSE,FALSE,TRUE,FALSE,FALSE,FALSE,,
"TCONS_00102489","XLOC_019366","PKD1P1",,,,,0.200566666666667,0.0120914068740498,0.0120914068740498,TRUE,FALSE,TRUE,FALSE,TRUE,FALSE,,
"TCONS_00102604","XLOC_019404","IQCK",,,,,-0.00433333333333333,1,0.00572269570958056,FALSE,FALSE,TRUE,FALSE,FALSE,FALSE,,
"TCONS_00102607","XLOC_019404","IQCK",,,,,0.0306333333333333,1,0.00572269570958056,FALSE,FALSE,TRUE,FALSE,FALSE,FALSE,,
"TCONS_00102608","XLOC_019404","IQCK",,,,,-0.0428666666666667,1,0.00572269570958056,FALSE,FALSE,TRUE,FALSE,FALSE,FALSE,,
"TCONS_00102609","XLOC_019404","IQCK",,,,,0.0503333333333333,0.95704598634613,0.00572269570958056,FALSE,FALSE,TRUE,FALSE,FALSE,FALSE,,
"TCONS_00102611","XLOC_019404","IQCK",,,,,0.0384666666666667,0.911707704115323,0.00572269570958056,FALSE,FALSE,TRUE,FALSE,FALSE,FALSE,,
"TCONS_00102617","XLOC_019404","IQCK",,,,,0.0957666666666667,0.891569663113418,0.00572269570958056,FALSE,FALSE,TRUE,FALSE,FALSE,FALSE,,
"TCONS_00112596","XLOC_019404","IQCK",,,,,-0.302,0.00572269570958056,0.00572269570958056,TRUE,FALSE,TRUE,FALSE,TRUE,FALSE,,
"TCONS_00112899","XLOC_019404","IQCK",,,,,0.158833333333333,0.813814899749754,0.00572269570958056,FALSE,FALSE,TRUE,FALSE,FALSE,FALSE,,
"TCONS_00102862","XLOC_019460","UBFD1",,,,,0.0989333333333333,0.59170171780648,6.06325549364082e-08,FALSE,FALSE,TRUE,FALSE,FALSE,FALSE,,
"TCONS_00102863","XLOC_019460","UBFD1",,,,,-0.0112,1,6.06325549364082e-08,FALSE,FALSE,TRUE,FALSE,FALSE,FALSE,,
"TCONS_00102864","XLOC_019460","UBFD1",,,,,-0.354966666666667,6.06325549364082e-08,6.06325549364082e-08,TRUE,FALSE,TRUE,FALSE,TRUE,FALSE,,
"TCONS_00102865","XLOC_019460","UBFD1",,,,,0.0997666666666666,0.000667077918811982,6.06325549364082e-08,FALSE,FALSE,TRUE,FALSE,FALSE,FALSE,,
"TCONS_00102866","XLOC_019460","UBFD1",,,,,-0.0165666666666667,0.896406846251502,6.06325549364082e-08,FALSE,FALSE,TRUE,FALSE,FALSE,FALSE,,
"TCONS_00102868","XLOC_019460","UBFD1",,,,,-0.0112666666666667,1,6.06325549364082e-08,FALSE,FALSE,TRUE,FALSE,FALSE,FALSE,,
"TCONS_00102869","XLOC_019460","UBFD1",,,,,0.0209333333333333,1,6.06325549364082e-08,FALSE,FALSE,TRUE,FALSE,FALSE,FALSE,,
"TCONS_00102871","XLOC_019460","UBFD1",,,,,0.0042,1,6.06325549364082e-08,FALSE,FALSE,TRUE,FALSE,FALSE,FALSE,,
"TCONS_00112605","XLOC_019460","UBFD1",,,,,0.1521,0.918915443835697,6.06325549364082e-08,FALSE,FALSE,TRUE,FALSE,FALSE,FALSE,,
"TCONS_00103226","XLOC_019531","SLX1B",,,,,-0.0698,0.876347713769738,0.000138533525447311,FALSE,FALSE,TRUE,FALSE,FALSE,FALSE,,
"TCONS_00103228","XLOC_019531","SLX1B",,,,,-0.0301666666666667,0.966008486064024,0.000138533525447311,FALSE,FALSE,TRUE,FALSE,FALSE,FALSE,,
"TCONS_00103232","XLOC_019531","SLX1B",,,,,-0.0599,0.132650711190824,0.000138533525447311,FALSE,FALSE,TRUE,FALSE,FALSE,FALSE,,
"TCONS_00103233","XLOC_019531","SLX1B",,,,,-0.00656666666666667,1,0.000138533525447311,FALSE,FALSE,TRUE,FALSE,FALSE,FALSE,,
"TCONS_00103234","XLOC_019531","SLX1B",,,,,-0.354966666666667,0.892638797755675,0.000138533525447311,FALSE,FALSE,TRUE,FALSE,FALSE,FALSE,,
"TCONS_00112614","XLOC_019531","SLX1B",,,,,0.596833333333333,0.000138533525447311,0.000138533525447311,TRUE,FALSE,TRUE,FALSE,TRUE,FALSE,,
"TCONS_00112934","XLOC_019531","SLX1B",,,,,-0.0644333333333333,0.215466000841438,0.000138533525447311,FALSE,FALSE,TRUE,FALSE,FALSE,FALSE,,
"TCONS_00104354","XLOC_019827","RBL2",,,,,0.00446666666666667,1,0.0184888410675846,FALSE,FALSE,TRUE,FALSE,FALSE,FALSE,,
"TCONS_00104355","XLOC_019827","RBL2",,,,,0.187166666666667,0.0184888410675846,0.0184888410675846,TRUE,FALSE,TRUE,FALSE,TRUE,FALSE,,
"TCONS_00104356","XLOC_019827","RBL2",,,,,-0.0412666666666667,0.91926166480964,0.0184888410675846,FALSE,FALSE,TRUE,FALSE,FALSE,FALSE,,
"TCONS_00112311","XLOC_019827","RBL2",,,,,0.052,0.746118783404815,0.0184888410675846,FALSE,FALSE,TRUE,FALSE,FALSE,FALSE,,
"TCONS_00112312","XLOC_019827","RBL2",,,,,0.0376,0.773515156462343,0.0184888410675846,FALSE,FALSE,TRUE,FALSE,FALSE,FALSE,,
"TCONS_00112652","XLOC_019827","RBL2",,,,,-0.048,1,0.0184888410675846,FALSE,FALSE,TRUE,FALSE,FALSE,FALSE,,
"TCONS_00113021","XLOC_019827","RBL2",,,,,-0.0296666666666667,1,0.0184888410675846,FALSE,FALSE,TRUE,FALSE,FALSE,FALSE,,
"TCONS_00113023","XLOC_019827","RBL2",,,,,-0.0463333333333333,1,0.0184888410675846,FALSE,FALSE,TRUE,FALSE,FALSE,FALSE,,
"TCONS_00113025","XLOC_019827","RBL2",,,,,-0.162033333333333,0.340328592924654,0.0184888410675846,FALSE,FALSE,TRUE,FALSE,FALSE,FALSE,,
"TCONS_00113591","XLOC_019827","RBL2",,,,,0.0592666666666667,0.770927954816705,0.0184888410675846,FALSE,FALSE,TRUE,FALSE,FALSE,FALSE,,
"TCONS_00105570","XLOC_020006","NIP7",,,,,0.0126333333333333,1,0.00539486789916202,FALSE,FALSE,TRUE,FALSE,FALSE,FALSE,,
"TCONS_00105572","XLOC_020006","NIP7",,,,,0.137166666666667,0.166109288986766,0.00539486789916202,FALSE,FALSE,TRUE,FALSE,FALSE,FALSE,,
"TCONS_00105573","XLOC_020006","NIP7",,,,,-0.143033333333333,0.00539486789916202,0.00539486789916202,FALSE,FALSE,TRUE,FALSE,FALSE,FALSE,,
"TCONS_00105575","XLOC_020006","NIP7",,,,,-0.0156666666666667,0.254497608849132,0.00539486789916202,FALSE,FALSE,TRUE,FALSE,FALSE,FALSE,,
"TCONS_00113633","XLOC_020006","NIP7",,,,,-0.00223333333333333,1,0.00539486789916202,FALSE,FALSE,TRUE,FALSE,FALSE,FALSE,,
"TCONS_00107582","XLOC_020401","PKMYT1",,,,,-0.0128666666666667,1,0.00367301222975521,FALSE,FALSE,TRUE,FALSE,FALSE,FALSE,,
"TCONS_00107586","XLOC_020401","PKMYT1",,,,,-0.00143333333333333,1,0.00367301222975521,FALSE,FALSE,TRUE,FALSE,FALSE,FALSE,,
"TCONS_00107587","XLOC_020401","PKMYT1",,,,,0.018,0.77410258053455,0.00367301222975521,FALSE,FALSE,TRUE,FALSE,FALSE,FALSE,,
"TCONS_00107588","XLOC_020401","PKMYT1",,,,,0.124433333333333,0.295428010039379,0.00367301222975521,FALSE,FALSE,TRUE,FALSE,FALSE,FALSE,,
"TCONS_00107589","XLOC_020401","PKMYT1",,,,,-0.122566666666667,0.00367301222975521,0.00367301222975521,FALSE,FALSE,TRUE,FALSE,FALSE,FALSE,,
"TCONS_00107590","XLOC_020401","PKMYT1",,,,,-0.0102,0.409977174708501,0.00367301222975521,FALSE,FALSE,TRUE,FALSE,FALSE,FALSE,,
"TCONS_00107592","XLOC_020401","PKMYT1",,,,,-0.00223333333333333,1,0.00367301222975521,FALSE,FALSE,TRUE,FALSE,FALSE,FALSE,,
"TCONS_00107593","XLOC_020401","PKMYT1",,,,,-0.0425333333333333,0.963115405317118,0.00367301222975521,FALSE,FALSE,TRUE,FALSE,FALSE,FALSE,,
"TCONS_00107597","XLOC_020401","PKMYT1",,,,,0.0209333333333333,1,0.00367301222975521,FALSE,FALSE,TRUE,FALSE,FALSE,FALSE,,
"TCONS_00107600","XLOC_020401","PKMYT1",,,,,-0.00516666666666667,0.918117466603228,0.00367301222975521,FALSE,FALSE,TRUE,FALSE,FALSE,FALSE,,
"TCONS_00107632","XLOC_020408","ENSG00000262370",,,,,-0.00249999999999995,1,0.0135926625440574,FALSE,FALSE,TRUE,FALSE,FALSE,FALSE,,
"TCONS_00107633","XLOC_020408","ENSG00000262370",,,,,0.114866666666667,0.0135926625440574,0.0135926625440574,FALSE,FALSE,TRUE,FALSE,FALSE,FALSE,,
"TCONS_00107635","XLOC_020408","ENSG00000262370",,,,,-0.1312,0.556472910509201,0.0135926625440574,FALSE,FALSE,TRUE,FALSE,FALSE,FALSE,,
"TCONS_00112728","XLOC_020408","ENSG00000262370",,,,,0.085,1,0.0135926625440574,FALSE,FALSE,TRUE,FALSE,FALSE,FALSE,,
"TCONS_00113688","XLOC_020408","ENSG00000262370",,,,,-0.0671,0.882764712930438,0.0135926625440574,FALSE,FALSE,TRUE,FALSE,FALSE,FALSE,,
"TCONS_00107720","XLOC_020421","ZSCAN32",,,,,-0.0355,1,0.0111531761066902,FALSE,FALSE,TRUE,FALSE,FALSE,FALSE,,
"TCONS_00107722","XLOC_020421","ZSCAN32",,,,,-0.00856666666666667,1,0.0111531761066902,FALSE,FALSE,TRUE,FALSE,FALSE,FALSE,,
"TCONS_00107723","XLOC_020421","ZSCAN32",,,,,-0.1499,0.0111531761066902,0.0111531761066902,FALSE,FALSE,TRUE,FALSE,FALSE,FALSE,,
"TCONS_00112410","XLOC_020421","ZSCAN32",,,,,-0.119333333333333,0.170521914211933,0.0111531761066902,FALSE,FALSE,TRUE,FALSE,FALSE,FALSE,,
"TCONS_00112731","XLOC_020421","ZSCAN32",,,,,0.019,1,0.0111531761066902,FALSE,FALSE,TRUE,FALSE,FALSE,FALSE,,
"TCONS_00112732","XLOC_020421","ZSCAN32",,,,,0.1049,0.302186014762715,0.0111531761066902,FALSE,FALSE,TRUE,FALSE,FALSE,FALSE,,
"TCONS_00113199","XLOC_020421","ZSCAN32",,,,,0.0202,0.882609936506948,0.0111531761066902,FALSE,FALSE,TRUE,FALSE,FALSE,FALSE,,
"TCONS_00113203","XLOC_020421","ZSCAN32",,,,,0.0901,1,0.0111531761066902,FALSE,FALSE,TRUE,FALSE,FALSE,FALSE,,
"TCONS_00113205","XLOC_020421","ZSCAN32",,,,,0.0439666666666667,0.731254267991443,0.0111531761066902,FALSE,FALSE,TRUE,FALSE,FALSE,FALSE,,
"TCONS_00113207","XLOC_020421","ZSCAN32",,,,,0.0042,1,0.0111531761066902,FALSE,FALSE,TRUE,FALSE,FALSE,FALSE,,
"TCONS_00113208","XLOC_020421","ZSCAN32",,,,,0.00956666666666667,1,0.0111531761066902,FALSE,FALSE,TRUE,FALSE,FALSE,FALSE,,
"TCONS_00113209","XLOC_020421","ZSCAN32",,,,,-0.0231666666666667,0.887980375729209,0.0111531761066902,FALSE,FALSE,TRUE,FALSE,FALSE,FALSE,,
"TCONS_00113210","XLOC_020421","ZSCAN32",,,,,0.0137,1,0.0111531761066902,FALSE,FALSE,TRUE,FALSE,FALSE,FALSE,,
"TCONS_00113691","XLOC_020421","ZSCAN32",,,,,0.0378333333333333,0.791298119899168,0.0111531761066902,FALSE,FALSE,TRUE,FALSE,FALSE,FALSE,,
"TCONS_00107761","XLOC_020429","CREBBP",,,,,-0.165733333333333,0.00277064995359625,0.00277064995359625,TRUE,FALSE,TRUE,FALSE,TRUE,FALSE,,
"TCONS_00107762","XLOC_020429","CREBBP",,,,,0.0281,0.616407440594925,0.00277064995359625,FALSE,FALSE,TRUE,FALSE,FALSE,FALSE,,
"TCONS_00107764","XLOC_020429","CREBBP",,,,,-0.0205,1,0.00277064995359625,FALSE,FALSE,TRUE,FALSE,FALSE,FALSE,,
"TCONS_00107766","XLOC_020429","CREBBP",,,,,0.0017,1,0.00277064995359625,FALSE,FALSE,TRUE,FALSE,FALSE,FALSE,,
"TCONS_00107768","XLOC_020429","CREBBP",,,,,0.1045,0.142849105105223,0.00277064995359625,FALSE,FALSE,TRUE,FALSE,FALSE,FALSE,,
"TCONS_00107772","XLOC_020429","CREBBP",,,,,-0.00513333333333333,0.801066496969466,0.00277064995359625,FALSE,FALSE,TRUE,FALSE,FALSE,FALSE,,
"TCONS_00107774","XLOC_020429","CREBBP",,,,,-0.00303333333333333,1,0.00277064995359625,FALSE,FALSE,TRUE,FALSE,FALSE,FALSE,,
"TCONS_00107775","XLOC_020429","CREBBP",,,,,0.0565666666666667,0.0804584804322863,0.00277064995359625,FALSE,FALSE,TRUE,FALSE,FALSE,FALSE,,
"TCONS_00108359","XLOC_020565","NTAN1",,,,,-0.00726666666666666,1,0.0469920621672451,FALSE,FALSE,TRUE,FALSE,FALSE,FALSE,,
"TCONS_00108360","XLOC_020565","NTAN1",,,,,-0.103933333333333,0.340328592924654,0.0469920621672451,FALSE,FALSE,TRUE,FALSE,FALSE,FALSE,,
"TCONS_00112746","XLOC_020565","NTAN1",,,,,-0.00286666666666666,1,0.0469920621672451,FALSE,FALSE,TRUE,FALSE,FALSE,FALSE,,
"TCONS_00112747","XLOC_020565","NTAN1",,,,,0.133033333333333,0.0469920621672451,0.0469920621672451,FALSE,FALSE,TRUE,FALSE,FALSE,FALSE,,
"TCONS_00112748","XLOC_020565","NTAN1",,,,,-0.00163333333333333,1,0.0469920621672451,FALSE,FALSE,TRUE,FALSE,FALSE,FALSE,,
"TCONS_00108464","XLOC_020597","NPIPA8",,,,,0.009,1,0.0494468287779211,FALSE,FALSE,TRUE,FALSE,FALSE,FALSE,,
"TCONS_00108465","XLOC_020597","NPIPA8",,,,,-0.0222,1,0.0494468287779211,FALSE,FALSE,TRUE,FALSE,FALSE,FALSE,,
"TCONS_00108467","XLOC_020597","NPIPA8",,,,,-0.1116,0.728765232281916,0.0494468287779211,FALSE,FALSE,TRUE,FALSE,FALSE,FALSE,,
"TCONS_00108468","XLOC_020597","NPIPA8",,,,,-0.053,1,0.0494468287779211,FALSE,FALSE,TRUE,FALSE,FALSE,FALSE,,
"TCONS_00108469","XLOC_020597","NPIPA8",,,,,0.049,0.931275195452714,0.0494468287779211,FALSE,FALSE,TRUE,FALSE,FALSE,FALSE,,
"TCONS_00108470","XLOC_020597","NPIPA8",,,,,0.000633333333333335,1,0.0494468287779211,FALSE,FALSE,TRUE,FALSE,FALSE,FALSE,,
"TCONS_00108472","XLOC_020597","NPIPA8",,,,,0.000899999999999956,1,0.0494468287779211,FALSE,FALSE,TRUE,FALSE,FALSE,FALSE,,
"TCONS_00108473","XLOC_020597","NPIPA8",,,,,0.127233333333333,0.0494468287779211,0.0494468287779211,FALSE,FALSE,TRUE,FALSE,FALSE,FALSE,,
"TCONS_00108474","XLOC_020599","NPIPA9",,,,,-0.0464,1,0.000483937688568712,FALSE,FALSE,TRUE,FALSE,FALSE,FALSE,,
"TCONS_00108475","XLOC_020599","NPIPA9",,,,,0.0157,1,0.000483937688568712,FALSE,FALSE,TRUE,FALSE,FALSE,FALSE,,
"TCONS_00108476","XLOC_020599","NPIPA9",,,,,-0.1327,0.91525164959383,0.000483937688568712,FALSE,FALSE,TRUE,FALSE,FALSE,FALSE,,
"TCONS_00108478","XLOC_020599","NPIPA9",,,,,-0.1233,0.334689709355099,0.000483937688568712,FALSE,FALSE,TRUE,FALSE,FALSE,FALSE,,
"TCONS_00108479","XLOC_020599","NPIPA9",,,,,0.0603,0.197133690487963,0.000483937688568712,FALSE,FALSE,TRUE,FALSE,FALSE,FALSE,,
"TCONS_00108480","XLOC_020599","NPIPA9",,,,,0.0124,1,0.000483937688568712,FALSE,FALSE,TRUE,FALSE,FALSE,FALSE,,
"TCONS_00108481","XLOC_020599","NPIPA9",,,,,0.1344,0.000483937688568712,0.000483937688568712,FALSE,FALSE,TRUE,FALSE,FALSE,FALSE,,
"TCONS_00108483","XLOC_020599","NPIPA9",,,,,0.0085,1,0.000483937688568712,FALSE,FALSE,TRUE,FALSE,FALSE,FALSE,,
"TCONS_00108485","XLOC_020599","NPIPA9",,,,,0.0121666666666667,1,0.000483937688568712,FALSE,FALSE,TRUE,FALSE,FALSE,FALSE,,
"TCONS_00108487","XLOC_020599","NPIPA9",,,,,0.0174333333333333,1,0.000483937688568712,FALSE,FALSE,TRUE,FALSE,FALSE,FALSE,,
"TCONS_00112750","XLOC_020599","NPIPA9",,,,,0.00553333333333333,1,0.000483937688568712,FALSE,FALSE,TRUE,FALSE,FALSE,FALSE,,
"TCONS_00113289","XLOC_020599","NPIPA9",,,,,0.0262666666666667,1,0.000483937688568712,FALSE,FALSE,TRUE,FALSE,FALSE,FALSE,,
"TCONS_00113729","XLOC_020599","NPIPA9",,,,,0.00813333333333333,1,0.000483937688568712,FALSE,FALSE,TRUE,FALSE,FALSE,FALSE,,
"TCONS_00108837","XLOC_020669","PALB2",,,,,-0.017,1,0.0019247022672972,FALSE,FALSE,TRUE,FALSE,FALSE,FALSE,,
"TCONS_00108838","XLOC_020669","PALB2",,,,,0.104,0.967196478339271,0.0019247022672972,FALSE,FALSE,TRUE,FALSE,FALSE,FALSE,,
"TCONS_00108839","XLOC_020669","PALB2",,,,,0.0127333333333333,0.984349042464394,0.0019247022672972,FALSE,FALSE,TRUE,FALSE,FALSE,FALSE,,
"TCONS_00108840","XLOC_020669","PALB2",,,,,0.135166666666667,0.0019247022672972,0.0019247022672972,FALSE,FALSE,TRUE,FALSE,FALSE,FALSE,,
"TCONS_00108842","XLOC_020669","PALB2",,,,,0.0045,1,0.0019247022672972,FALSE,FALSE,TRUE,FALSE,FALSE,FALSE,,
"TCONS_00112479","XLOC_020669","PALB2",,,,,-0.0317333333333333,0.499592480122951,0.0019247022672972,FALSE,FALSE,TRUE,FALSE,FALSE,FALSE,,
"TCONS_00112775","XLOC_020669","PALB2",,,,,-0.1866,0.00420815824361149,0.0019247022672972,TRUE,FALSE,TRUE,FALSE,TRUE,FALSE,,
"TCONS_00113318","XLOC_020669","PALB2",,,,,-0.0163666666666667,1,0.0019247022672972,FALSE,FALSE,TRUE,FALSE,FALSE,FALSE,,
"TCONS_00113319","XLOC_020669","PALB2",,,,,-0.00863333333333333,1,0.0019247022672972,FALSE,FALSE,TRUE,FALSE,FALSE,FALSE,,
"TCONS_00109248","XLOC_020764","MAPK3",,,,,-0.1137,0.559263123144815,1.77580471031193e-08,FALSE,FALSE,TRUE,FALSE,FALSE,FALSE,,
"TCONS_00109254","XLOC_020764","MAPK3",,,,,-0.0267333333333333,1,1.77580471031193e-08,FALSE,FALSE,TRUE,FALSE,FALSE,FALSE,,
"TCONS_00109258","XLOC_020764","MAPK3",,,,,0.0191,0.0619875489864955,1.77580471031193e-08,FALSE,FALSE,TRUE,FALSE,FALSE,FALSE,,
"TCONS_00109260","XLOC_020764","MAPK3",,,,,0.1065,1.77580471031193e-08,1.77580471031193e-08,FALSE,FALSE,TRUE,FALSE,FALSE,FALSE,,
"TCONS_00113849","XLOC_021446","TLCD3A",,,,,0.00293333333333334,1,0.0110405102436837,FALSE,FALSE,TRUE,FALSE,FALSE,FALSE,,
"TCONS_00113850","XLOC_021446","TLCD3A",,,,,0.0084,1,0.0110405102436837,FALSE,FALSE,TRUE,FALSE,FALSE,FALSE,,
"TCONS_00113852","XLOC_021446","TLCD3A",,,,,0.131166666666667,0.0148490238258155,0.0110405102436837,FALSE,FALSE,TRUE,FALSE,FALSE,FALSE,,
"TCONS_00113853","XLOC_021446","TLCD3A",,,,,-0.00383333333333333,1,0.0110405102436837,FALSE,FALSE,TRUE,FALSE,FALSE,FALSE,,
"TCONS_00128429","XLOC_021446","TLCD3A",,,,,-0.149366666666667,0.0110405102436837,0.0110405102436837,FALSE,FALSE,TRUE,FALSE,FALSE,FALSE,,
"TCONS_00114113","XLOC_021518","ZMYND15",,,,,-0.223366666666667,0.010872351808089,0.010872351808089,TRUE,FALSE,TRUE,FALSE,TRUE,FALSE,,
"TCONS_00114114","XLOC_021518","ZMYND15",,,,,-0.0298,0.835610527227345,0.010872351808089,FALSE,FALSE,TRUE,FALSE,FALSE,FALSE,,
"TCONS_00114115","XLOC_021518","ZMYND15",,,,,0.0246333333333334,1,0.010872351808089,FALSE,FALSE,TRUE,FALSE,FALSE,FALSE,,
"TCONS_00114116","XLOC_021518","ZMYND15",,,,,0.0438666666666667,0.759739968819697,0.010872351808089,FALSE,FALSE,TRUE,FALSE,FALSE,FALSE,,
"TCONS_00114117","XLOC_021518","ZMYND15",,,,,0.0836,0.242522498677061,0.010872351808089,FALSE,FALSE,TRUE,FALSE,FALSE,FALSE,,
"TCONS_00114118","XLOC_021518","ZMYND15",,,,,0.101033333333333,0.134150149302839,0.010872351808089,FALSE,FALSE,TRUE,FALSE,FALSE,FALSE,,
"TCONS_00114198","XLOC_021533","KIF1C",,,,,0.265333333333333,0.00316319247938183,1.08379468404411e-17,TRUE,FALSE,TRUE,FALSE,TRUE,FALSE,,
"TCONS_00114199","XLOC_021533","KIF1C",,,,,0.03,1,1.08379468404411e-17,FALSE,FALSE,TRUE,FALSE,FALSE,FALSE,,
"TCONS_00114201","XLOC_021533","KIF1C",,,,,-0.292433333333333,1.08379468404411e-17,1.08379468404411e-17,TRUE,FALSE,TRUE,FALSE,TRUE,FALSE,,
"TCONS_00115835","XLOC_021883","TNFAIP1",,,,,0.298666666666667,2.07103687975935e-05,2.07103687975935e-05,TRUE,FALSE,TRUE,FALSE,TRUE,FALSE,,
"TCONS_00115837","XLOC_021883","TNFAIP1",,,,,-0.0105,1,2.07103687975935e-05,FALSE,FALSE,TRUE,FALSE,FALSE,FALSE,,
"TCONS_00129843","XLOC_021883","TNFAIP1",,,,,-0.294566666666667,0.00249611917240767,2.07103687975935e-05,TRUE,FALSE,TRUE,FALSE,TRUE,FALSE,,
"TCONS_00116843","XLOC_022126","CDC6",,,,,-0.00320000000000001,1,0.00445509519305011,FALSE,FALSE,TRUE,FALSE,FALSE,FALSE,,
"TCONS_00116844","XLOC_022126","CDC6",,,,,0.00623333333333333,1,0.00445509519305011,FALSE,FALSE,TRUE,FALSE,FALSE,FALSE,,
"TCONS_00116846","XLOC_022126","CDC6",,,,,0.341133333333333,0.00445509519305011,0.00445509519305011,TRUE,FALSE,TRUE,FALSE,TRUE,FALSE,,
"TCONS_00129033","XLOC_022126","CDC6",,,,,0.0291333333333333,1,0.00445509519305011,FALSE,FALSE,TRUE,FALSE,FALSE,FALSE,,
"TCONS_00129034","XLOC_022126","CDC6",,,,,-0.192733333333333,0.340163502971944,0.00445509519305011,FALSE,FALSE,TRUE,FALSE,FALSE,FALSE,,
"TCONS_00129035","XLOC_022126","CDC6",,,,,-0.1587,0.791156076110777,0.00445509519305011,FALSE,FALSE,TRUE,FALSE,FALSE,FALSE,,
"TCONS_00129036","XLOC_022126","CDC6",,,,,-0.022,1,0.00445509519305011,FALSE,FALSE,TRUE,FALSE,FALSE,FALSE,,
"TCONS_00118225","XLOC_022386","TOM1L1",,,,,0.0371,0.950115043181889,0.0384611365707396,FALSE,FALSE,TRUE,FALSE,FALSE,FALSE,,
"TCONS_00118226","XLOC_022386","TOM1L1",,,,,-0.00723333333333334,1,0.0384611365707396,FALSE,FALSE,TRUE,FALSE,FALSE,FALSE,,
"TCONS_00118227","XLOC_022386","TOM1L1",,,,,-0.0233333333333333,1,0.0384611365707396,FALSE,FALSE,TRUE,FALSE,FALSE,FALSE,,
"TCONS_00118228","XLOC_022386","TOM1L1",,,,,-0.0437333333333333,0.942607603329742,0.0384611365707396,FALSE,FALSE,TRUE,FALSE,FALSE,FALSE,,
"TCONS_00118229","XLOC_022386","TOM1L1",,,,,-0.0128333333333333,1,0.0384611365707396,FALSE,FALSE,TRUE,FALSE,FALSE,FALSE,,
"TCONS_00118230","XLOC_022386","TOM1L1",,,,,-0.00976666666666667,1,0.0384611365707396,FALSE,FALSE,TRUE,FALSE,FALSE,FALSE,,
"TCONS_00118231","XLOC_022386","TOM1L1",,,,,0.2374,0.958389507587915,0.0384611365707396,FALSE,FALSE,TRUE,FALSE,FALSE,FALSE,,
"TCONS_00118233","XLOC_022386","TOM1L1",,,,,-0.1646,0.0384611365707396,0.0384611365707396,TRUE,FALSE,TRUE,FALSE,TRUE,FALSE,,
"TCONS_00118235","XLOC_022386","TOM1L1",,,,,-0.0380333333333333,0.984404521891153,0.0384611365707396,FALSE,FALSE,TRUE,FALSE,FALSE,FALSE,,
"TCONS_00118244","XLOC_022386","TOM1L1",,,,,-0.0290333333333333,1,0.0384611365707396,FALSE,FALSE,TRUE,FALSE,FALSE,FALSE,,
"TCONS_00118245","XLOC_022386","TOM1L1",,,,,0.0477,1,0.0384611365707396,FALSE,FALSE,TRUE,FALSE,FALSE,FALSE,,
"TCONS_00119140","XLOC_022602","SSTR2",,,,,0.0187,0.284734983920067,1.14226386408797e-06,FALSE,FALSE,TRUE,FALSE,FALSE,FALSE,,
"TCONS_00119804","XLOC_022700","AFMID",,,,,0.0389666666666667,0.162976263590205,3.27750572323021e-06,FALSE,FALSE,TRUE,FALSE,FALSE,FALSE,,
"TCONS_00119807","XLOC_022700","AFMID",,,,,-0.0035,1,3.27750572323021e-06,FALSE,FALSE,TRUE,FALSE,FALSE,FALSE,,
"TCONS_00119808","XLOC_022700","AFMID",,,,,0.0209333333333333,0.868635192637527,3.27750572323021e-06,FALSE,FALSE,TRUE,FALSE,FALSE,FALSE,,
"TCONS_00119809","XLOC_022700","AFMID",,,,,-0.0859666666666667,0.0350846677230526,3.27750572323021e-06,FALSE,FALSE,TRUE,FALSE,FALSE,FALSE,,
"TCONS_00119810","XLOC_022700","AFMID",,,,,-0.0261333333333333,1,3.27750572323021e-06,FALSE,FALSE,TRUE,FALSE,FALSE,FALSE,,
"TCONS_00119811","XLOC_022700","AFMID",,,,,-0.00323333333333334,1,3.27750572323021e-06,FALSE,FALSE,TRUE,FALSE,FALSE,FALSE,,
"TCONS_00119812","XLOC_022700","AFMID",,,,,0.0043,1,3.27750572323021e-06,FALSE,FALSE,TRUE,FALSE,FALSE,FALSE,,
"TCONS_00119813","XLOC_022700","AFMID",,,,,-0.0194666666666667,0.887141763408285,3.27750572323021e-06,FALSE,FALSE,TRUE,FALSE,FALSE,FALSE,,
"TCONS_00119816","XLOC_022700","AFMID",,,,,0.227833333333333,3.27750572323021e-06,3.27750572323021e-06,TRUE,FALSE,TRUE,FALSE,TRUE,FALSE,,
"TCONS_00119817","XLOC_022700","AFMID",,,,,0.0314,1,3.27750572323021e-06,FALSE,FALSE,TRUE,FALSE,FALSE,FALSE,,
"TCONS_00128135","XLOC_022700","AFMID",,,,,-0.0433,0.882764712930438,3.27750572323021e-06,FALSE,FALSE,TRUE,FALSE,FALSE,FALSE,,
"TCONS_00128633","XLOC_022700","AFMID",,,,,-0.2167,0.160104972123541,3.27750572323021e-06,FALSE,FALSE,TRUE,FALSE,FALSE,FALSE,,
"TCONS_00128634","XLOC_022700","AFMID",,,,,0.0695333333333333,1,3.27750572323021e-06,FALSE,FALSE,TRUE,FALSE,FALSE,FALSE,,
"TCONS_00121807","XLOC_023020","GAS7",,,,,-0.192833333333333,0.166763972284378,0.0271166547960073,FALSE,FALSE,TRUE,FALSE,FALSE,FALSE,,
"TCONS_00121808","XLOC_023020","GAS7",,,,,0.0581666666666667,1,0.0271166547960073,FALSE,FALSE,TRUE,FALSE,FALSE,FALSE,,
"TCONS_00121810","XLOC_023020","GAS7",,,,,0.1166,0.0271166547960073,0.0271166547960073,FALSE,FALSE,TRUE,FALSE,FALSE,FALSE,,
"TCONS_00121815","XLOC_023020","GAS7",,,,,-0.0163,1,0.0271166547960073,FALSE,FALSE,TRUE,FALSE,FALSE,FALSE,,
"TCONS_00121822","XLOC_023020","GAS7",,,,,0.0135,1,0.0271166547960073,FALSE,FALSE,TRUE,FALSE,FALSE,FALSE,,
"TCONS_00121844","XLOC_023028","SCO1",,,,,0.00863333333333334,1,0.00678480784455286,FALSE,FALSE,TRUE,FALSE,FALSE,FALSE,,
"TCONS_00121846","XLOC_023028","SCO1",,,,,-0.00693333333333335,1,0.00678480784455286,FALSE,FALSE,TRUE,FALSE,FALSE,FALSE,,
"TCONS_00121848","XLOC_023028","SCO1",,,,,-0.114566666666667,0.00678480784455286,0.00678480784455286,FALSE,FALSE,TRUE,FALSE,FALSE,FALSE,,
"TCONS_00130043","XLOC_023028","SCO1",,,,,0.109866666666667,0.344056630913265,0.00678480784455286,FALSE,FALSE,TRUE,FALSE,FALSE,FALSE,,
"TCONS_00122257","XLOC_023119","ATPAF2",,,,,-0.0163333333333333,0.877574855407244,4.21396286378161e-07,FALSE,FALSE,TRUE,FALSE,FALSE,FALSE,,
"TCONS_00122259","XLOC_023119","ATPAF2",,,,,-0.112333333333333,0.750455608934344,4.21396286378161e-07,FALSE,FALSE,TRUE,FALSE,FALSE,FALSE,,
"TCONS_00122260","XLOC_023119","ATPAF2",,,,,-0.0202666666666667,1,4.21396286378161e-07,FALSE,FALSE,TRUE,FALSE,FALSE,FALSE,,
"TCONS_00122266","XLOC_023119","ATPAF2",,,,,-0.0251333333333333,1,4.21396286378161e-07,FALSE,FALSE,TRUE,FALSE,FALSE,FALSE,,
"TCONS_00122269","XLOC_023119","ATPAF2",,,,,-0.00816666666666667,1,4.21396286378161e-07,FALSE,FALSE,TRUE,FALSE,FALSE,FALSE,,
"TCONS_00128689","XLOC_023119","ATPAF2",,,,,-0.0287666666666667,0.995590959671612,4.21396286378161e-07,FALSE,FALSE,TRUE,FALSE,FALSE,FALSE,,
"TCONS_00129428","XLOC_023119","ATPAF2",,,,,0.2208,4.21396286378161e-07,4.21396286378161e-07,TRUE,FALSE,TRUE,FALSE,TRUE,FALSE,,
"TCONS_00122427","XLOC_023149","B9D1",,,,,-0.338266666666667,0.582899364168034,0.00536900394053823,FALSE,FALSE,TRUE,FALSE,FALSE,FALSE,,
"TCONS_00122429","XLOC_023149","B9D1",,,,,-0.00946666666666667,1,0.00536900394053823,FALSE,FALSE,TRUE,FALSE,FALSE,FALSE,,
"TCONS_00122432","XLOC_023149","B9D1",,,,,-0.0135333333333333,1,0.00536900394053823,FALSE,FALSE,TRUE,FALSE,FALSE,FALSE,,
"TCONS_00122433","XLOC_023149","B9D1",,,,,-0.0571,1,0.00536900394053823,FALSE,FALSE,TRUE,FALSE,FALSE,FALSE,,
"TCONS_00122434","XLOC_023149","B9D1",,,,,0.4822,0.00536900394053823,0.00536900394053823,TRUE,FALSE,TRUE,FALSE,TRUE,FALSE,,
"TCONS_00122439","XLOC_023149","B9D1",,,,,-0.0367666666666667,0.91014780451762,0.00536900394053823,FALSE,FALSE,TRUE,FALSE,FALSE,FALSE,,
"TCONS_00123459","XLOC_023429","DDX52",,,,,-0.00486666666666666,1,0.000367607168040238,FALSE,FALSE,TRUE,FALSE,FALSE,FALSE,,
"TCONS_00123460","XLOC_023429","DDX52",,,,,0.00176666666666667,1,0.000367607168040238,FALSE,FALSE,TRUE,FALSE,FALSE,FALSE,,
"TCONS_00128220","XLOC_023429","DDX52",,,,,-0.0480333333333333,0.700508026318829,0.000367607168040238,FALSE,FALSE,TRUE,FALSE,FALSE,FALSE,,
"TCONS_00128729","XLOC_023429","DDX52",,,,,0.00793333333333333,0.909838791461162,0.000367607168040238,FALSE,FALSE,TRUE,FALSE,FALSE,FALSE,,
"TCONS_00129515","XLOC_023429","DDX52",,,,,0.000300000000000002,1,0.000367607168040238,FALSE,FALSE,TRUE,FALSE,FALSE,FALSE,,
"TCONS_00129516","XLOC_023429","DDX52",,,,,0.125766666666667,0.000367607168040238,0.000367607168040238,FALSE,FALSE,TRUE,FALSE,FALSE,FALSE,,
"TCONS_00129518","XLOC_023429","DDX52",,,,,-0.0259333333333333,1,0.000367607168040238,FALSE,FALSE,TRUE,FALSE,FALSE,FALSE,,
"TCONS_00129520","XLOC_023429","DDX52",,,,,0.0636666666666666,0.930086839899086,0.000367607168040238,FALSE,FALSE,TRUE,FALSE,FALSE,FALSE,,
"TCONS_00130091","XLOC_023429","DDX52",,,,,-0.162,0.2320793021915,0.000367607168040238,FALSE,FALSE,TRUE,FALSE,FALSE,FALSE,,
"TCONS_00123525","XLOC_023452","PIP4K2B",,,,,-0.182133333333333,0.621276126459728,9.20133777206757e-05,FALSE,FALSE,TRUE,FALSE,FALSE,FALSE,,
"TCONS_00123526","XLOC_023452","PIP4K2B",,,,,0.1879,9.20133777206757e-05,9.20133777206757e-05,TRUE,FALSE,TRUE,FALSE,TRUE,FALSE,,
"TCONS_00123527","XLOC_023452","PIP4K2B",,,,,0.00163333333333333,1,9.20133777206757e-05,FALSE,FALSE,TRUE,FALSE,FALSE,FALSE,,
"TCONS_00123528","XLOC_023452","PIP4K2B",,,,,-0.0074,0.924441378069584,9.20133777206757e-05,FALSE,FALSE,TRUE,FALSE,FALSE,FALSE,,
"TCONS_00123529","XLOC_023453","CWC25",,,,,-0.0331333333333333,1,0.00681381017606057,FALSE,FALSE,TRUE,FALSE,FALSE,FALSE,,
"TCONS_00123532","XLOC_023453","CWC25",,,,,-0.0232,0.682588020238394,0.00681381017606057,FALSE,FALSE,TRUE,FALSE,FALSE,FALSE,,
"TCONS_00128224","XLOC_023453","CWC25",,,,,-0.159366666666667,0.389908739824962,0.00681381017606057,FALSE,FALSE,TRUE,FALSE,FALSE,FALSE,,
"TCONS_00128226","XLOC_023453","CWC25",,,,,-0.0072,1,0.00681381017606057,FALSE,FALSE,TRUE,FALSE,FALSE,FALSE,,
"TCONS_00128229","XLOC_023453","CWC25",,,,,0.178633333333333,0.00681381017606057,0.00681381017606057,TRUE,FALSE,TRUE,FALSE,TRUE,FALSE,,
"TCONS_00128230","XLOC_023453","CWC25",,,,,0.0276666666666667,1,0.00681381017606057,FALSE,FALSE,TRUE,FALSE,FALSE,FALSE,,
"TCONS_00129522","XLOC_023453","CWC25",,,,,0.0254,0.0970067157101499,0.00681381017606057,FALSE,FALSE,TRUE,FALSE,FALSE,FALSE,,
"TCONS_00129524","XLOC_023453","CWC25",,,,,0.0137666666666667,0.779746931565573,0.00681381017606057,FALSE,FALSE,TRUE,FALSE,FALSE,FALSE,,
"TCONS_00130094","XLOC_023453","CWC25",,,,,-0.0313333333333333,1,0.00681381017606057,FALSE,FALSE,TRUE,FALSE,FALSE,FALSE,,
"TCONS_00123661","XLOC_023477","ORMDL3",,,,,0.2494,0.0615906958687937,0.0476050129953677,FALSE,FALSE,TRUE,FALSE,FALSE,FALSE,,
"TCONS_00123662","XLOC_023477","ORMDL3",,,,,0.0648666666666667,1,0.0476050129953677,FALSE,FALSE,TRUE,FALSE,FALSE,FALSE,,
"TCONS_00123663","XLOC_023477","ORMDL3",,,,,-0.342633333333333,0.0476050129953677,0.0476050129953677,TRUE,FALSE,TRUE,FALSE,TRUE,FALSE,,
"TCONS_00123664","XLOC_023477","ORMDL3",,,,,0.0405,0.72835102945912,0.0476050129953677,FALSE,FALSE,TRUE,FALSE,FALSE,FALSE,,
"TCONS_00125465","XLOC_023855","SEPTIN4",,,,,-0.0707666666666667,0.953627993166908,0.0308214392814863,FALSE,FALSE,TRUE,FALSE,FALSE,FALSE,,
"TCONS_00125471","XLOC_023855","SEPTIN4",,,,,-0.0125333333333333,1,0.0308214392814863,FALSE,FALSE,TRUE,FALSE,FALSE,FALSE,,
"TCONS_00125473","XLOC_023855","SEPTIN4",,,,,0.0215666666666667,0.981022867510154,0.0308214392814863,FALSE,FALSE,TRUE,FALSE,FALSE,FALSE,,
"TCONS_00125476","XLOC_023855","SEPTIN4",,,,,-0.0399666666666667,0.995447644992124,0.0308214392814863,FALSE,FALSE,TRUE,FALSE,FALSE,FALSE,,
"TCONS_00125479","XLOC_023855","SEPTIN4",,,,,0.0237,1,0.0308214392814863,FALSE,FALSE,TRUE,FALSE,FALSE,FALSE,,
"TCONS_00125484","XLOC_023855","SEPTIN4",,,,,0.0320666666666667,0.733331602787844,0.0308214392814863,FALSE,FALSE,TRUE,FALSE,FALSE,FALSE,,
"TCONS_00125485","XLOC_023855","SEPTIN4",,,,,-0.0649333333333333,0.8380624352449,0.0308214392814863,FALSE,FALSE,TRUE,FALSE,FALSE,FALSE,,
"TCONS_00125487","XLOC_023855","SEPTIN4",,,,,0.0214,1,0.0308214392814863,FALSE,FALSE,TRUE,FALSE,FALSE,FALSE,,
"TCONS_00125492","XLOC_023855","SEPTIN4",,,,,-0.0256666666666667,1,0.0308214392814863,FALSE,FALSE,TRUE,FALSE,FALSE,FALSE,,
"TCONS_00125508","XLOC_023862","TRIM37",,,,,0.0679666666666667,0.942247028749145,0.0196798415183265,FALSE,FALSE,TRUE,FALSE,FALSE,FALSE,,
"TCONS_00125509","XLOC_023862","TRIM37",,,,,-0.123966666666667,0.0196798415183265,0.0196798415183265,FALSE,FALSE,TRUE,FALSE,FALSE,FALSE,,
"TCONS_00125510","XLOC_023862","TRIM37",,,,,0.0126,1,0.0196798415183265,FALSE,FALSE,TRUE,FALSE,FALSE,FALSE,,
"TCONS_00125511","XLOC_023862","TRIM37",,,,,-0.0284,0.393836500656756,0.0196798415183265,FALSE,FALSE,TRUE,FALSE,FALSE,FALSE,,
"TCONS_00125512","XLOC_023862","TRIM37",,,,,0.1169,0.982553987347801,0.0196798415183265,FALSE,FALSE,TRUE,FALSE,FALSE,FALSE,,
"TCONS_00125513","XLOC_023862","TRIM37",,,,,-0.00553333333333333,1,0.0196798415183265,FALSE,FALSE,TRUE,FALSE,FALSE,FALSE,,
"TCONS_00125516","XLOC_023862","TRIM37",,,,,0.0145333333333333,1,0.0196798415183265,FALSE,FALSE,TRUE,FALSE,FALSE,FALSE,,
"TCONS_00128297","XLOC_023862","TRIM37",,,,,0.0132666666666667,1,0.0196798415183265,FALSE,FALSE,TRUE,FALSE,FALSE,FALSE,,
"TCONS_00128775","XLOC_023862","TRIM37",,,,,0.00616666666666666,1,0.0196798415183265,FALSE,FALSE,TRUE,FALSE,FALSE,FALSE,,
"TCONS_00128776","XLOC_023862","TRIM37",,,,,0.053,0.937204003045501,0.0196798415183265,FALSE,FALSE,TRUE,FALSE,FALSE,FALSE,,
"TCONS_00130176","XLOC_023862","TRIM37",,,,,-0.120433333333333,0.725241712536488,0.0196798415183265,FALSE,FALSE,TRUE,FALSE,FALSE,FALSE,,
"TCONS_00126695","XLOC_024061","GRB2",,,,,-0.0208,0.868769489904045,4.35655036197447e-07,FALSE,FALSE,TRUE,FALSE,FALSE,FALSE,,
"TCONS_00126697","XLOC_024061","GRB2",,,,,0.0110666666666667,1,4.35655036197447e-07,FALSE,FALSE,TRUE,FALSE,FALSE,FALSE,,
"TCONS_00126698","XLOC_024061","GRB2",,,,,0.004,1,4.35655036197447e-07,FALSE,FALSE,TRUE,FALSE,FALSE,FALSE,,
"TCONS_00129747","XLOC_024061","GRB2",,,,,0.1446,4.35655036197447e-07,4.35655036197447e-07,FALSE,FALSE,TRUE,FALSE,FALSE,FALSE,,
"TCONS_00129748","XLOC_024061","GRB2",,,,,-0.133366666666667,0.00153122686665828,4.35655036197447e-07,FALSE,FALSE,TRUE,FALSE,FALSE,FALSE,,
"TCONS_00127133","XLOC_024127","USP36",,,,,0.0584666666666667,0.401342335244304,2.18470566140831e-08,FALSE,FALSE,TRUE,FALSE,FALSE,FALSE,,
"TCONS_00127152","XLOC_024127","USP36",,,,,0.0051,1,2.18470566140831e-08,FALSE,FALSE,TRUE,FALSE,FALSE,FALSE,,
"TCONS_00130242","XLOC_024127","USP36",,,,,0.1094,0.046335691028537,2.18470566140831e-08,FALSE,FALSE,TRUE,FALSE,FALSE,FALSE,,
"TCONS_00127819","XLOC_024212","NARF-AS2",,,,,-0.1758,0.986671216175314,5.64535507623158e-07,FALSE,FALSE,TRUE,FALSE,FALSE,FALSE,,
"TCONS_00127820","XLOC_024212","NARF-AS2",,,,,0.359166666666667,5.64535507623158e-07,5.64535507623158e-07,TRUE,FALSE,TRUE,FALSE,TRUE,FALSE,,
"TCONS_00127821","XLOC_024212","NARF-AS2",,,,,-0.183433333333333,0.658719934561922,5.64535507623158e-07,FALSE,FALSE,TRUE,FALSE,FALSE,FALSE,,
"TCONS_00130932","XLOC_024386","RNMT",,,,,-0.145766666666667,0.0077575162864161,0.0077575162864161,FALSE,FALSE,TRUE,FALSE,FALSE,FALSE,,
"TCONS_00130933","XLOC_024386","RNMT",,,,,0.1029,0.608364249837882,0.0077575162864161,FALSE,FALSE,TRUE,FALSE,FALSE,FALSE,,
"TCONS_00130936","XLOC_024386","RNMT",,,,,0.163466666666667,0.830199490501609,0.0077575162864161,FALSE,FALSE,TRUE,FALSE,FALSE,FALSE,,
"TCONS_00130937","XLOC_024386","RNMT",,,,,0.0128666666666667,0.799155501908717,0.0077575162864161,FALSE,FALSE,TRUE,FALSE,FALSE,FALSE,,
"TCONS_00130940","XLOC_024386","RNMT",,,,,-0.0529,0.919156456076184,0.0077575162864161,FALSE,FALSE,TRUE,FALSE,FALSE,FALSE,,
"TCONS_00135229","XLOC_024386","RNMT",,,,,-0.0530666666666667,0.023915882336503,0.0077575162864161,FALSE,FALSE,TRUE,FALSE,FALSE,FALSE,,
"TCONS_00135475","XLOC_024386","RNMT",,,,,-0.0202666666666667,1,0.0077575162864161,FALSE,FALSE,TRUE,FALSE,FALSE,FALSE,,
"TCONS_00130999","XLOC_024414","SNRPD1",,,,,-0.0995,0.758390268980643,0.0216011150039516,FALSE,FALSE,TRUE,FALSE,FALSE,FALSE,,
"TCONS_00131000","XLOC_024414","SNRPD1",,,,,0.0111666666666667,0.95039039732261,0.0216011150039516,FALSE,FALSE,TRUE,FALSE,FALSE,FALSE,,
"TCONS_00131001","XLOC_024414","SNRPD1",,,,,-0.1429,0.377633960665049,0.0216011150039516,FALSE,FALSE,TRUE,FALSE,FALSE,FALSE,,
"TCONS_00135230","XLOC_024414","SNRPD1",,,,,0.0078,0.941818366280453,0.0216011150039516,FALSE,FALSE,TRUE,FALSE,FALSE,FALSE,,
"TCONS_00135476","XLOC_024414","SNRPD1",,,,,0.223366666666667,0.0216011150039516,0.0216011150039516,TRUE,FALSE,TRUE,FALSE,TRUE,FALSE,,
"TCONS_00133605","XLOC_025160","SLC39A6",,,,,0.0321,1,0.00102334160019509,FALSE,FALSE,TRUE,FALSE,FALSE,FALSE,,
"TCONS_00133606","XLOC_025160","SLC39A6",,,,,-0.0128666666666667,1,0.00102334160019509,FALSE,FALSE,TRUE,FALSE,FALSE,FALSE,,
"TCONS_00133607","XLOC_025160","SLC39A6",,,,,0.0168,0.0441854012399398,0.00102334160019509,FALSE,FALSE,TRUE,FALSE,FALSE,FALSE,,
"TCONS_00135004","XLOC_025160","SLC39A6",,,,,0.0860666666666667,0.77410160692442,0.00102334160019509,FALSE,FALSE,TRUE,FALSE,FALSE,FALSE,,
"TCONS_00135377","XLOC_025160","SLC39A6",,,,,-0.1666,0.00102334160019509,0.00102334160019509,TRUE,FALSE,TRUE,FALSE,TRUE,FALSE,,
"TCONS_00135560","XLOC_025160","SLC39A6",,,,,0.148666666666667,0.291705613337026,0.00102334160019509,FALSE,FALSE,TRUE,FALSE,FALSE,FALSE,,
"TCONS_00135561","XLOC_025160","SLC39A6",,,,,-0.1041,0.835716063546006,0.00102334160019509,FALSE,FALSE,TRUE,FALSE,FALSE,FALSE,,
"TCONS_00134664","XLOC_025380","FBXO15",,,,,0.0236333333333333,1,5.75332642518295e-06,FALSE,FALSE,TRUE,FALSE,FALSE,FALSE,,
"TCONS_00134665","XLOC_025380","FBXO15",,,,,-0.1536,0.460219257384189,5.75332642518295e-06,FALSE,FALSE,TRUE,FALSE,FALSE,FALSE,,
"TCONS_00134668","XLOC_025380","FBXO15",,,,,0.0493333333333333,0.461212371649969,5.75332642518295e-06,FALSE,FALSE,TRUE,FALSE,FALSE,FALSE,,
"TCONS_00134670","XLOC_025380","FBXO15",,,,,-0.0188,1,5.75332642518295e-06,FALSE,FALSE,TRUE,FALSE,FALSE,FALSE,,
"TCONS_00135043","XLOC_025380","FBXO15",,,,,-0.274933333333333,5.75332642518295e-06,5.75332642518295e-06,TRUE,FALSE,TRUE,FALSE,TRUE,FALSE,,
"TCONS_00135044","XLOC_025380","FBXO15",,,,,0.165433333333333,1,5.75332642518295e-06,FALSE,FALSE,TRUE,FALSE,FALSE,FALSE,,
"TCONS_00135187","XLOC_025380","FBXO15",,,,,0.107266666666667,1,5.75332642518295e-06,FALSE,FALSE,TRUE,FALSE,FALSE,FALSE,,
"TCONS_00135188","XLOC_025380","FBXO15",,,,,0.112333333333333,0.993448308299024,5.75332642518295e-06,FALSE,FALSE,TRUE,FALSE,FALSE,FALSE,,
"TCONS_00135453","XLOC_025380","FBXO15",,,,,-0.0135666666666667,1,5.75332642518295e-06,FALSE,FALSE,TRUE,FALSE,FALSE,FALSE,,
"TCONS_00135814","XLOC_025485","STK11",,,,,-0.256166666666667,0.0322252429496577,0.0322252429496577,TRUE,FALSE,TRUE,FALSE,TRUE,FALSE,,
"TCONS_00135815","XLOC_025485","STK11",,,,,0.110533333333333,0.892638797755675,0.0322252429496577,FALSE,FALSE,TRUE,FALSE,FALSE,FALSE,,
"TCONS_00135816","XLOC_025485","STK11",,,,,0.0257,1,0.0322252429496577,FALSE,FALSE,TRUE,FALSE,FALSE,FALSE,,
"TCONS_00135817","XLOC_025485","STK11",,,,,0.0161333333333333,1,0.0322252429496577,FALSE,FALSE,TRUE,FALSE,FALSE,FALSE,,
"TCONS_00135819","XLOC_025485","STK11",,,,,0.1137,0.159476849526869,0.0322252429496577,FALSE,FALSE,TRUE,FALSE,FALSE,FALSE,,
"TCONS_00135821","XLOC_025485","STK11",,,,,-0.00203333333333333,1,0.0322252429496577,FALSE,FALSE,TRUE,FALSE,FALSE,FALSE,,
"TCONS_00135933","XLOC_025497","RPS15",,,,,0.0015,1,8.93946407977125e-09,FALSE,FALSE,TRUE,FALSE,FALSE,FALSE,,
"TCONS_00135935","XLOC_025497","RPS15",,,,,-0.1129,2.87843755345735e-07,8.93946407977125e-09,FALSE,FALSE,TRUE,FALSE,FALSE,FALSE,,
"TCONS_00149552","XLOC_025497","RPS15",,,,,0.1101,8.93946407977125e-09,8.93946407977125e-09,FALSE,FALSE,TRUE,FALSE,FALSE,FALSE,,
"TCONS_00136417","XLOC_025591","RPL36",,,,,0.1876,0.0806698228079553,3.35122384784399e-08,FALSE,FALSE,TRUE,FALSE,FALSE,FALSE,,
"TCONS_00136419","XLOC_025591","RPL36",,,,,-0.0363,0.00248911468563452,3.35122384784399e-08,FALSE,FALSE,TRUE,FALSE,FALSE,FALSE,,
"TCONS_00136420","XLOC_025591","RPL36",,,,,-0.00196666666666667,1,3.35122384784399e-08,FALSE,FALSE,TRUE,FALSE,FALSE,FALSE,,
"TCONS_00150112","XLOC_025591","RPL36",,,,,-0.147566666666667,3.35122384784399e-08,3.35122384784399e-08,FALSE,FALSE,TRUE,FALSE,FALSE,FALSE,,
"TCONS_00136614","XLOC_025631","MCEMP1",,,,,0.0159666666666667,1,8.93516889111624e-07,FALSE,FALSE,TRUE,FALSE,FALSE,FALSE,,
"TCONS_00136615","XLOC_025631","MCEMP1",,,,,0.0144,1,8.93516889111624e-07,FALSE,FALSE,TRUE,FALSE,FALSE,FALSE,,
"TCONS_00136617","XLOC_025631","MCEMP1",,,,,0.0478666666666667,1,8.93516889111624e-07,FALSE,FALSE,TRUE,FALSE,FALSE,FALSE,,
"TCONS_00136619","XLOC_025631","MCEMP1",,,,,0.0113333333333333,1,8.93516889111624e-07,FALSE,FALSE,TRUE,FALSE,FALSE,FALSE,,
"TCONS_00136620","XLOC_025631","MCEMP1",,,,,-0.220566666666667,8.93516889111624e-07,8.93516889111624e-07,TRUE,FALSE,TRUE,FALSE,TRUE,FALSE,,
"TCONS_00136621","XLOC_025631","MCEMP1",,,,,0.125233333333333,0.601008519199922,8.93516889111624e-07,FALSE,FALSE,TRUE,FALSE,FALSE,FALSE,,
"TCONS_00149555","XLOC_025631","MCEMP1",,,,,0.00843333333333333,1,8.93516889111624e-07,FALSE,FALSE,TRUE,FALSE,FALSE,FALSE,,
"TCONS_00136655","XLOC_025640","SNAPC2",,,,,-0.307333333333333,0.00471747738111681,0.00471747738111681,TRUE,FALSE,TRUE,FALSE,TRUE,FALSE,,
"TCONS_00136656","XLOC_025640","SNAPC2",,,,,0.00196666666666667,1,0.00471747738111681,FALSE,FALSE,TRUE,FALSE,FALSE,FALSE,,
"TCONS_00136657","XLOC_025640","SNAPC2",,,,,0.220333333333333,0.625986975801317,0.00471747738111681,FALSE,FALSE,TRUE,FALSE,FALSE,FALSE,,
"TCONS_00136658","XLOC_025640","SNAPC2",,,,,0.0345333333333333,0.0925298863895256,0.00471747738111681,FALSE,FALSE,TRUE,FALSE,FALSE,FALSE,,
"TCONS_00136659","XLOC_025640","SNAPC2",,,,,0.0752333333333333,1,0.00471747738111681,FALSE,FALSE,TRUE,FALSE,FALSE,FALSE,,
"TCONS_00136660","XLOC_025640","SNAPC2",,,,,-0.0247,0.350728162400654,0.00471747738111681,FALSE,FALSE,TRUE,FALSE,FALSE,FALSE,,
"TCONS_00136698","XLOC_025649","RPS28",,,,,-0.0580333333333333,1,3.59395276650436e-19,FALSE,FALSE,TRUE,FALSE,FALSE,FALSE,,
"TCONS_00136699","XLOC_025649","RPS28",,,,,-0.2385,3.59395276650436e-19,3.59395276650436e-19,TRUE,FALSE,TRUE,FALSE,TRUE,FALSE,,
"TCONS_00150780","XLOC_025649","RPS28",,,,,0.298,0.070439187735431,3.59395276650436e-19,FALSE,FALSE,TRUE,FALSE,FALSE,FALSE,,
"TCONS_00136816","XLOC_025676","ZNF561-AS1",,,,,0.0269666666666667,1,0.0216118073625555,FALSE,FALSE,TRUE,FALSE,FALSE,FALSE,,
"TCONS_00136817","XLOC_025676","ZNF561-AS1",,,,,-0.00993333333333333,1,0.0216118073625555,FALSE,FALSE,TRUE,FALSE,FALSE,FALSE,,
"TCONS_00136819","XLOC_025676","ZNF561-AS1",,,,,0.0688666666666667,1,0.0216118073625555,FALSE,FALSE,TRUE,FALSE,FALSE,FALSE,,
"TCONS_00136820","XLOC_025676","ZNF561-AS1",,,,,-0.204266666666667,0.0216118073625555,0.0216118073625555,TRUE,FALSE,TRUE,FALSE,TRUE,FALSE,,
"TCONS_00136823","XLOC_025676","ZNF561-AS1",,,,,0.133966666666667,0.389825326575503,0.0216118073625555,FALSE,FALSE,TRUE,FALSE,FALSE,FALSE,,
"TCONS_00136824","XLOC_025676","ZNF561-AS1",,,,,0.0841333333333333,1,0.0216118073625555,FALSE,FALSE,TRUE,FALSE,FALSE,FALSE,,
"TCONS_00136830","XLOC_025676","ZNF561-AS1",,,,,-0.100666666666667,1,0.0216118073625555,FALSE,FALSE,TRUE,FALSE,FALSE,FALSE,,
"TCONS_00136832","XLOC_025676","ZNF561-AS1",,,,,-0.0102666666666667,1,0.0216118073625555,FALSE,FALSE,TRUE,FALSE,FALSE,FALSE,,
"TCONS_00136834","XLOC_025676","ZNF561-AS1",,,,,0.00286666666666667,1,0.0216118073625555,FALSE,FALSE,TRUE,FALSE,FALSE,FALSE,,
"TCONS_00136835","XLOC_025676","ZNF561-AS1",,,,,-0.000633333333333333,1,0.0216118073625555,FALSE,FALSE,TRUE,FALSE,FALSE,FALSE,,
"TCONS_00136837","XLOC_025676","ZNF561-AS1",,,,,-0.0228666666666667,1,0.0216118073625555,FALSE,FALSE,TRUE,FALSE,FALSE,FALSE,,
"TCONS_00150134","XLOC_025676","ZNF561-AS1",,,,,0.0265666666666667,1,0.0216118073625555,FALSE,FALSE,TRUE,FALSE,FALSE,FALSE,,
"TCONS_00137397","XLOC_025784","IER2",,,,,0.438933333333333,4.2033557056613e-14,2.03200573739274e-33,TRUE,FALSE,TRUE,FALSE,TRUE,FALSE,,
"TCONS_00137399","XLOC_025784","IER2",,,,,-0.0045,0.971494607647898,2.03200573739274e-33,FALSE,FALSE,TRUE,FALSE,FALSE,FALSE,,
"TCONS_00150814","XLOC_025784","IER2",,,,,-0.434366666666667,2.03200573739274e-33,2.03200573739274e-33,TRUE,FALSE,TRUE,FALSE,TRUE,FALSE,,
"TCONS_00138391","XLOC_025948","ZNF93",,,,,-0.00373333333333334,1,0.00515588702433734,FALSE,FALSE,TRUE,FALSE,FALSE,FALSE,,
"TCONS_00138392","XLOC_025948","ZNF93",,,,,0.229133333333333,0.00515588702433734,0.00515588702433734,TRUE,FALSE,TRUE,FALSE,TRUE,FALSE,,
"TCONS_00138393","XLOC_025948","ZNF93",,,,,-0.0693333333333333,1,0.00515588702433734,FALSE,FALSE,TRUE,FALSE,FALSE,FALSE,,
"TCONS_00138394","XLOC_025948","ZNF93",,,,,0.0624666666666667,0.855242822210035,0.00515588702433734,FALSE,FALSE,TRUE,FALSE,FALSE,FALSE,,
"TCONS_00138395","XLOC_025948","ZNF93",,,,,-0.1684,0.622899629879779,0.00515588702433734,FALSE,FALSE,TRUE,FALSE,FALSE,FALSE,,
"TCONS_00138397","XLOC_025948","ZNF93",,,,,-0.0207333333333334,1,0.00515588702433734,FALSE,FALSE,TRUE,FALSE,FALSE,FALSE,,
"TCONS_00138398","XLOC_025948","ZNF93",,,,,-0.0140333333333333,1,0.00515588702433734,FALSE,FALSE,TRUE,FALSE,FALSE,FALSE,,
"TCONS_00149596","XLOC_025948","ZNF93",,,,,-0.0205,0.982553987347801,0.00515588702433734,FALSE,FALSE,TRUE,FALSE,FALSE,FALSE,,
"TCONS_00138466","XLOC_025975","ZNF431",,,,,-0.0756666666666667,0.447128835634207,0.00166027959056586,FALSE,FALSE,TRUE,FALSE,FALSE,FALSE,,
"TCONS_00138467","XLOC_025975","ZNF431",,,,,0.0254333333333333,1,0.00166027959056586,FALSE,FALSE,TRUE,FALSE,FALSE,FALSE,,
"TCONS_00138468","XLOC_025975","ZNF431",,,,,-0.0152666666666667,1,0.00166027959056586,FALSE,FALSE,TRUE,FALSE,FALSE,FALSE,,
"TCONS_00138469","XLOC_025975","ZNF431",,,,,0.032,0.863274157439013,0.00166027959056586,FALSE,FALSE,TRUE,FALSE,FALSE,FALSE,,
"TCONS_00138470","XLOC_025975","ZNF431",,,,,-0.0866,1,0.00166027959056586,FALSE,FALSE,TRUE,FALSE,FALSE,FALSE,,
"TCONS_00138471","XLOC_025975","ZNF431",,,,,-0.0733333333333333,0.116696116519329,0.00166027959056586,FALSE,FALSE,TRUE,FALSE,FALSE,FALSE,,
"TCONS_00138472","XLOC_025975","ZNF431",,,,,0.0824,0.759027266548359,0.00166027959056586,FALSE,FALSE,TRUE,FALSE,FALSE,FALSE,,
"TCONS_00149598","XLOC_025975","ZNF431",,,,,0.00586666666666667,0.986251023586771,0.00166027959056586,FALSE,FALSE,TRUE,FALSE,FALSE,FALSE,,
"TCONS_00149599","XLOC_025975","ZNF431",,,,,-0.2024,0.847518183253593,0.00166027959056586,FALSE,FALSE,TRUE,FALSE,FALSE,FALSE,,
"TCONS_00150199","XLOC_025975","ZNF431",,,,,0.2437,0.00166027959056586,0.00166027959056586,TRUE,FALSE,TRUE,FALSE,TRUE,FALSE,,
"TCONS_00150200","XLOC_025975","ZNF431",,,,,0.0370333333333333,0.549575757143784,0.00166027959056586,FALSE,FALSE,TRUE,FALSE,FALSE,FALSE,,
"TCONS_00150201","XLOC_025975","ZNF431",,,,,0.0188666666666667,0.886606486072028,0.00166027959056586,FALSE,FALSE,TRUE,FALSE,FALSE,FALSE,,
"TCONS_00138641","XLOC_026037","ENSG00000267575",,,,,-0.1403,0.0352556050580056,0.0352556050580056,FALSE,FALSE,TRUE,FALSE,FALSE,FALSE,,
"TCONS_00138642","XLOC_026037","ENSG00000267575",,,,,-0.0332,1,0.0352556050580056,FALSE,FALSE,TRUE,FALSE,FALSE,FALSE,,
"TCONS_00138643","XLOC_026037","ENSG00000267575",,,,,0.0151333333333333,1,0.0352556050580056,FALSE,FALSE,TRUE,FALSE,FALSE,FALSE,,
"TCONS_00138644","XLOC_026037","ENSG00000267575",,,,,0.0991666666666667,0.964629913645794,0.0352556050580056,FALSE,FALSE,TRUE,FALSE,FALSE,FALSE,,
"TCONS_00138645","XLOC_026037","ENSG00000267575",,,,,0.00216666666666667,1,0.0352556050580056,FALSE,FALSE,TRUE,FALSE,FALSE,FALSE,,
"TCONS_00138650","XLOC_026037","ENSG00000267575",,,,,-0.0568,1,0.0352556050580056,FALSE,FALSE,TRUE,FALSE,FALSE,FALSE,,
"TCONS_00138653","XLOC_026037","ENSG00000267575",,,,,-0.0140666666666667,1,0.0352556050580056,FALSE,FALSE,TRUE,FALSE,FALSE,FALSE,,
"TCONS_00138654","XLOC_026037","ENSG00000267575",,,,,0.0551666666666667,1,0.0352556050580056,FALSE,FALSE,TRUE,FALSE,FALSE,FALSE,,
"TCONS_00138657","XLOC_026037","ENSG00000267575",,,,,0.1231,0.81640663280269,0.0352556050580056,FALSE,FALSE,TRUE,FALSE,FALSE,FALSE,,
"TCONS_00138663","XLOC_026037","ENSG00000267575",,,,,-0.0474666666666667,0.503554533168228,0.0352556050580056,FALSE,FALSE,TRUE,FALSE,FALSE,FALSE,,
"TCONS_00138665","XLOC_026037","ENSG00000267575",,,,,-0.0267666666666667,0.920254174933245,0.0352556050580056,FALSE,FALSE,TRUE,FALSE,FALSE,FALSE,,
"TCONS_00138669","XLOC_026037","ENSG00000267575",,,,,0.00233333333333333,1,0.0352556050580056,FALSE,FALSE,TRUE,FALSE,FALSE,FALSE,,
"TCONS_00138670","XLOC_026037","ENSG00000267575",,,,,-0.018,1,0.0352556050580056,FALSE,FALSE,TRUE,FALSE,FALSE,FALSE,,
"TCONS_00138671","XLOC_026037","ENSG00000267575",,,,,0.0426,0.786790396024099,0.0352556050580056,FALSE,FALSE,TRUE,FALSE,FALSE,FALSE,,
"TCONS_00138673","XLOC_026037","ENSG00000267575",,,,,0.00493333333333333,1,0.0352556050580056,FALSE,FALSE,TRUE,FALSE,FALSE,FALSE,,
"TCONS_00138893","XLOC_026083","PDCD5",,,,,-0.1865,0.0126101078648373,3.66756833721431e-52,TRUE,FALSE,TRUE,FALSE,TRUE,FALSE,,
"TCONS_00138898","XLOC_026083","PDCD5",,,,,-0.0395,0.966008486064024,3.66756833721431e-52,FALSE,FALSE,TRUE,FALSE,FALSE,FALSE,,
"TCONS_00150838","XLOC_026083","PDCD5",,,,,0.2401,3.66756833721431e-52,3.66756833721431e-52,TRUE,FALSE,TRUE,FALSE,TRUE,FALSE,,
"TCONS_00139038","XLOC_026118","ZNF181",,,,,0.119233333333333,1,0.00975174747748152,FALSE,FALSE,TRUE,FALSE,FALSE,FALSE,,
"TCONS_00139041","XLOC_026118","ZNF181",,,,,-0.0124333333333333,1,0.00975174747748152,FALSE,FALSE,TRUE,FALSE,FALSE,FALSE,,
"TCONS_00139043","XLOC_026118","ZNF181",,,,,0.0111333333333333,0.990043046007737,0.00975174747748152,FALSE,FALSE,TRUE,FALSE,FALSE,FALSE,,
"TCONS_00149905","XLOC_026118","ZNF181",,,,,-0.4209,0.00975174747748152,0.00975174747748152,TRUE,FALSE,TRUE,FALSE,TRUE,FALSE,,
"TCONS_00150230","XLOC_026118","ZNF181",,,,,0.313833333333333,0.736609436221112,0.00975174747748152,FALSE,FALSE,TRUE,FALSE,FALSE,FALSE,,
"TCONS_00139504","XLOC_026179","ZNF529-AS1",,,,,0.0329666666666667,1,0.0160854732153043,FALSE,FALSE,TRUE,FALSE,FALSE,FALSE,,
"TCONS_00139505","XLOC_026179","ZNF529-AS1",,,,,-0.0227333333333333,0.989629549613636,0.0160854732153043,FALSE,FALSE,TRUE,FALSE,FALSE,FALSE,,
"TCONS_00139506","XLOC_026179","ZNF529-AS1",,,,,-0.0543333333333333,0.857982494544633,0.0160854732153043,FALSE,FALSE,TRUE,FALSE,FALSE,FALSE,,
"TCONS_00139507","XLOC_026179","ZNF529-AS1",,,,,-0.2549,0.0160854732153043,0.0160854732153043,TRUE,FALSE,TRUE,FALSE,TRUE,FALSE,,
"TCONS_00139508","XLOC_026179","ZNF529-AS1",,,,,0.0162,0.977957768838018,0.0160854732153043,FALSE,FALSE,TRUE,FALSE,FALSE,FALSE,,
"TCONS_00139509","XLOC_026179","ZNF529-AS1",,,,,0.0333333333333333,0.497026604750702,0.0160854732153043,FALSE,FALSE,TRUE,FALSE,FALSE,FALSE,,
"TCONS_00139510","XLOC_026179","ZNF529-AS1",,,,,0.012,1,0.0160854732153043,FALSE,FALSE,TRUE,FALSE,FALSE,FALSE,,
"TCONS_00139512","XLOC_026179","ZNF529-AS1",,,,,0.0326333333333333,0.754791279472387,0.0160854732153043,FALSE,FALSE,TRUE,FALSE,FALSE,FALSE,,
"TCONS_00139513","XLOC_026179","ZNF529-AS1",,,,,0.00773333333333331,1,0.0160854732153043,FALSE,FALSE,TRUE,FALSE,FALSE,FALSE,,
"TCONS_00139514","XLOC_026179","ZNF529-AS1",,,,,0.0106666666666667,1,0.0160854732153043,FALSE,FALSE,TRUE,FALSE,FALSE,FALSE,,
"TCONS_00139516","XLOC_026179","ZNF529-AS1",,,,,0.0247,1,0.0160854732153043,FALSE,FALSE,TRUE,FALSE,FALSE,FALSE,,
"TCONS_00139517","XLOC_026179","ZNF529-AS1",,,,,0.0147333333333333,1,0.0160854732153043,FALSE,FALSE,TRUE,FALSE,FALSE,FALSE,,
"TCONS_00149621","XLOC_026179","ZNF529-AS1",,,,,0.1565,0.541787554726324,0.0160854732153043,FALSE,FALSE,TRUE,FALSE,FALSE,FALSE,,
"TCONS_00150258","XLOC_026179","ZNF529-AS1",,,,,-0.0027,1,0.0160854732153043,FALSE,FALSE,TRUE,FALSE,FALSE,FALSE,,
"TCONS_00150860","XLOC_026179","ZNF529-AS1",,,,,0.00223333333333334,1,0.0160854732153043,FALSE,FALSE,TRUE,FALSE,FALSE,FALSE,,
"TCONS_00140234","XLOC_026293","CEACAM21",,,,,-0.0779333333333333,0.976580631478142,0.0154106871625745,FALSE,FALSE,TRUE,FALSE,FALSE,FALSE,,
"TCONS_00140236","XLOC_026293","CEACAM21",,,,,-0.0835,0.919156456076184,0.0154106871625745,FALSE,FALSE,TRUE,FALSE,FALSE,FALSE,,
"TCONS_00140239","XLOC_026293","CEACAM21",,,,,0.180166666666667,0.882526670232425,0.0154106871625745,FALSE,FALSE,TRUE,FALSE,FALSE,FALSE,,
"TCONS_00140240","XLOC_026293","CEACAM21",,,,,0.0852333333333333,0.859907905935023,0.0154106871625745,FALSE,FALSE,TRUE,FALSE,FALSE,FALSE,,
"TCONS_00140241","XLOC_026293","CEACAM21",,,,,-0.298333333333333,0.0154106871625745,0.0154106871625745,TRUE,FALSE,TRUE,FALSE,TRUE,FALSE,,
"TCONS_00140242","XLOC_026293","CEACAM21",,,,,0.0219666666666667,1,0.0154106871625745,FALSE,FALSE,TRUE,FALSE,FALSE,FALSE,,
"TCONS_00149926","XLOC_026293","CEACAM21",,,,,0.2042,1,0.0154106871625745,FALSE,FALSE,TRUE,FALSE,FALSE,FALSE,,
"TCONS_00150291","XLOC_026293","CEACAM21",,,,,-0.0349333333333333,0.955446950017707,0.0154106871625745,FALSE,FALSE,TRUE,FALSE,FALSE,FALSE,,
"TCONS_00140486","XLOC_026341","ZNF227",,,,,-0.0271,1,0.0262806817735478,FALSE,FALSE,TRUE,FALSE,FALSE,FALSE,,
"TCONS_00140487","XLOC_026341","ZNF227",,,,,0.2999,0.806370209609526,0.0262806817735478,FALSE,FALSE,TRUE,FALSE,FALSE,FALSE,,
"TCONS_00140488","XLOC_026341","ZNF227",,,,,-0.3004,0.0262806817735478,0.0262806817735478,TRUE,FALSE,TRUE,FALSE,TRUE,FALSE,,
"TCONS_00140489","XLOC_026341","ZNF227",,,,,0.0114,1,0.0262806817735478,FALSE,FALSE,TRUE,FALSE,FALSE,FALSE,,
"TCONS_00140490","XLOC_026341","ZNF227",,,,,0.0811333333333333,1,0.0262806817735478,FALSE,FALSE,TRUE,FALSE,FALSE,FALSE,,
"TCONS_00140492","XLOC_026341","ZNF227",,,,,0.00953333333333333,1,0.0262806817735478,FALSE,FALSE,TRUE,FALSE,FALSE,FALSE,,
"TCONS_00140495","XLOC_026341","ZNF227",,,,,-0.0134666666666667,1,0.0262806817735478,FALSE,FALSE,TRUE,FALSE,FALSE,FALSE,,
"TCONS_00140496","XLOC_026341","ZNF227",,,,,0.0327333333333333,1,0.0262806817735478,FALSE,FALSE,TRUE,FALSE,FALSE,FALSE,,
"TCONS_00150320","XLOC_026341","ZNF227",,,,,0.0150333333333333,1,0.0262806817735478,FALSE,FALSE,TRUE,FALSE,FALSE,FALSE,,
"TCONS_00150321","XLOC_026341","ZNF227",,,,,0.1231,1,0.0262806817735478,FALSE,FALSE,TRUE,FALSE,FALSE,FALSE,,
"TCONS_00150322","XLOC_026341","ZNF227",,,,,-0.0995,0.790268054401536,0.0262806817735478,FALSE,FALSE,TRUE,FALSE,FALSE,FALSE,,
"TCONS_00150323","XLOC_026341","ZNF227",,,,,-0.103733333333333,0.92009336289604,0.0262806817735478,FALSE,FALSE,TRUE,FALSE,FALSE,FALSE,,
"TCONS_00140562","XLOC_026358","TOMM40",,,,,-0.262133333333333,0.00715253526398704,0.00715253526398704,TRUE,FALSE,TRUE,FALSE,TRUE,FALSE,,
"TCONS_00140563","XLOC_026358","TOMM40",,,,,0.2085,0.422781379078952,0.00715253526398704,FALSE,FALSE,TRUE,FALSE,FALSE,FALSE,,
"TCONS_00140566","XLOC_026358","TOMM40",,,,,-0.0143333333333333,1,0.00715253526398704,FALSE,FALSE,TRUE,FALSE,FALSE,FALSE,,
"TCONS_00149643","XLOC_026358","TOMM40",,,,,0.0716333333333333,1,0.00715253526398704,FALSE,FALSE,TRUE,FALSE,FALSE,FALSE,,
"TCONS_00140914","XLOC_026423","NOP53",,,,,-0.114933333333333,0.00308813321874796,0.00308813321874796,FALSE,FALSE,TRUE,FALSE,FALSE,FALSE,,
"TCONS_00140924","XLOC_026423","NOP53",,,,,0.100433333333333,0.0072884754964445,0.00308813321874796,FALSE,FALSE,TRUE,FALSE,FALSE,FALSE,,
"TCONS_00141050","XLOC_026451","DHDH",,,,,0.182366666666667,0.0078145782254023,0.0078145782254023,TRUE,FALSE,TRUE,FALSE,TRUE,FALSE,,
"TCONS_00141051","XLOC_026451","DHDH",,,,,-0.156366666666667,0.888030539684744,0.0078145782254023,FALSE,FALSE,TRUE,FALSE,FALSE,FALSE,,
"TCONS_00141053","XLOC_026451","DHDH",,,,,-0.026,1,0.0078145782254023,FALSE,FALSE,TRUE,FALSE,FALSE,FALSE,,
"TCONS_00141348","XLOC_026491","PTOV1",,,,,-0.00343333333333333,1,0.0262806817735478,FALSE,FALSE,TRUE,FALSE,FALSE,FALSE,,
"TCONS_00141349","XLOC_026491","PTOV1",,,,,-0.0697666666666667,0.369241057514146,0.0262806817735478,FALSE,FALSE,TRUE,FALSE,FALSE,FALSE,,
"TCONS_00141350","XLOC_026491","PTOV1",,,,,-0.0084,1,0.0262806817735478,FALSE,FALSE,TRUE,FALSE,FALSE,FALSE,,
"TCONS_00141351","XLOC_026491","PTOV1",,,,,0.0369,0.0928924101861749,0.0262806817735478,FALSE,FALSE,TRUE,FALSE,FALSE,FALSE,,
"TCONS_00141353","XLOC_026491","PTOV1",,,,,0.1857,0.0262806817735478,0.0262806817735478,TRUE,FALSE,TRUE,FALSE,TRUE,FALSE,,
"TCONS_00141354","XLOC_026491","PTOV1",,,,,0.0016,1,0.0262806817735478,FALSE,FALSE,TRUE,FALSE,FALSE,FALSE,,
"TCONS_00141355","XLOC_026491","PTOV1",,,,,-0.181966666666667,0.0932274357044072,0.0262806817735478,FALSE,FALSE,TRUE,FALSE,FALSE,FALSE,,
"TCONS_00141356","XLOC_026491","PTOV1",,,,,0.0666666666666667,0.154900842821351,0.0262806817735478,FALSE,FALSE,TRUE,FALSE,FALSE,FALSE,,
"TCONS_00141363","XLOC_026491","PTOV1",,,,,-0.0390333333333333,0.120790218890361,0.0262806817735478,FALSE,FALSE,TRUE,FALSE,FALSE,FALSE,,
"TCONS_00141365","XLOC_026491","PTOV1",,,,,-0.0017,1,0.0262806817735478,FALSE,FALSE,TRUE,FALSE,FALSE,FALSE,,
"TCONS_00141366","XLOC_026491","PTOV1",,,,,0.0293,1,0.0262806817735478,FALSE,FALSE,TRUE,FALSE,FALSE,FALSE,,
"TCONS_00142906","XLOC_026849","MBD3",,,,,-0.0086,0.95617784353421,0.010203133140133,FALSE,FALSE,TRUE,FALSE,FALSE,FALSE,,
"TCONS_00142907","XLOC_026849","MBD3",,,,,0.00256666666666667,1,0.010203133140133,FALSE,FALSE,TRUE,FALSE,FALSE,FALSE,,
"TCONS_00142910","XLOC_026849","MBD3",,,,,0.0163666666666667,1,0.010203133140133,FALSE,FALSE,TRUE,FALSE,FALSE,FALSE,,
"TCONS_00142916","XLOC_026849","MBD3",,,,,0.2261,0.251572931934468,0.010203133140133,FALSE,FALSE,TRUE,FALSE,FALSE,FALSE,,
"TCONS_00142917","XLOC_026849","MBD3",,,,,-0.2524,0.010203133140133,0.010203133140133,TRUE,FALSE,TRUE,FALSE,TRUE,FALSE,,
"TCONS_00142918","XLOC_026849","MBD3",,,,,0.000400000000000001,0.98392399886379,0.010203133140133,FALSE,FALSE,TRUE,FALSE,FALSE,FALSE,,
"TCONS_00142919","XLOC_026849","MBD3",,,,,0.00666666666666667,0.940446896090129,0.010203133140133,FALSE,FALSE,TRUE,FALSE,FALSE,FALSE,,
"TCONS_00143335","XLOC_026932","SEMA6B",,,,,-0.236233333333333,1.93572303677347e-05,1.93572303677347e-05,TRUE,FALSE,TRUE,FALSE,TRUE,FALSE,,
"TCONS_00143337","XLOC_026932","SEMA6B",,,,,0.2586,0.00101895257634766,1.93572303677347e-05,TRUE,FALSE,TRUE,FALSE,TRUE,FALSE,,
"TCONS_00143674","XLOC_026976","ADGRE4P",,,,,-0.0945,1,0.00173821203511199,FALSE,FALSE,TRUE,FALSE,FALSE,FALSE,,
"TCONS_00143675","XLOC_026976","ADGRE4P",,,,,-0.151733333333333,1,0.00173821203511199,FALSE,FALSE,TRUE,FALSE,FALSE,FALSE,,
"TCONS_00143676","XLOC_026976","ADGRE4P",,,,,0.274066666666667,0.00173821203511199,0.00173821203511199,TRUE,FALSE,TRUE,FALSE,TRUE,FALSE,,
"TCONS_00150491","XLOC_026976","ADGRE4P",,,,,-0.0325,1,0.00173821203511199,FALSE,FALSE,TRUE,FALSE,FALSE,FALSE,,
"TCONS_00144134","XLOC_027062","AP1M2",,,,,-0.0084,1,0.0200334310986621,FALSE,FALSE,TRUE,FALSE,FALSE,FALSE,,
"TCONS_00144135","XLOC_027062","AP1M2",,,,,-0.1084,1,0.0200334310986621,FALSE,FALSE,TRUE,FALSE,FALSE,FALSE,,
"TCONS_00144136","XLOC_027062","AP1M2",,,,,0.0369333333333333,1,0.0200334310986621,FALSE,FALSE,TRUE,FALSE,FALSE,FALSE,,
"TCONS_00144137","XLOC_027062","AP1M2",,,,,-0.00493333333333334,1,0.0200334310986621,FALSE,FALSE,TRUE,FALSE,FALSE,FALSE,,
"TCONS_00149737","XLOC_027062","AP1M2",,,,,0.263666666666667,0.0200334310986621,0.0200334310986621,TRUE,FALSE,TRUE,FALSE,TRUE,FALSE,,
"TCONS_00149738","XLOC_027062","AP1M2",,,,,-0.1533,0.625729122491071,0.0200334310986621,FALSE,FALSE,TRUE,FALSE,FALSE,FALSE,,
"TCONS_00149739","XLOC_027062","AP1M2",,,,,-0.0197666666666667,1,0.0200334310986621,FALSE,FALSE,TRUE,FALSE,FALSE,FALSE,,
"TCONS_00146721","XLOC_027557","FBL",,,,,-0.0403333333333333,0.856227155126455,4.42294636936337e-09,FALSE,FALSE,TRUE,FALSE,FALSE,FALSE,,
"TCONS_00146724","XLOC_027557","FBL",,,,,-0.00653333333333334,1,4.42294636936337e-09,FALSE,FALSE,TRUE,FALSE,FALSE,FALSE,,
"TCONS_00146725","XLOC_027557","FBL",,,,,-0.031,0.929826247423223,4.42294636936337e-09,FALSE,FALSE,TRUE,FALSE,FALSE,FALSE,,
"TCONS_00146726","XLOC_027557","FBL",,,,,0.115766666666667,4.42294636936337e-09,4.42294636936337e-09,FALSE,FALSE,TRUE,FALSE,FALSE,FALSE,,
"TCONS_00150627","XLOC_027557","FBL",,,,,-0.0261666666666667,0.336242790862657,4.42294636936337e-09,FALSE,FALSE,TRUE,FALSE,FALSE,FALSE,,
"TCONS_00150628","XLOC_027557","FBL",,,,,0.0982666666666666,0.708157848459478,4.42294636936337e-09,FALSE,FALSE,TRUE,FALSE,FALSE,FALSE,,
"TCONS_00150629","XLOC_027557","FBL",,,,,-0.1093,0.12917903245573,4.42294636936337e-09,FALSE,FALSE,TRUE,FALSE,FALSE,FALSE,,
"TCONS_00148764","XLOC_027912","ZNF600",,,,,0.0754,1,0.00669424988194034,FALSE,FALSE,TRUE,FALSE,FALSE,FALSE,,
"TCONS_00148765","XLOC_027912","ZNF600",,,,,0.0567666666666667,0.410701326775969,0.00669424988194034,FALSE,FALSE,TRUE,FALSE,FALSE,FALSE,,
"TCONS_00148766","XLOC_027912","ZNF600",,,,,0.1356,1,0.00669424988194034,FALSE,FALSE,TRUE,FALSE,FALSE,FALSE,,
"TCONS_00148767","XLOC_027912","ZNF600",,,,,-0.2828,0.00669424988194034,0.00669424988194034,TRUE,FALSE,TRUE,FALSE,TRUE,FALSE,,
"TCONS_00148769","XLOC_027912","ZNF600",,,,,-0.0418,1,0.00669424988194034,FALSE,FALSE,TRUE,FALSE,FALSE,FALSE,,
"TCONS_00148770","XLOC_027912","ZNF600",,,,,0.0421,0.950151036462154,0.00669424988194034,FALSE,FALSE,TRUE,FALSE,FALSE,FALSE,,
"TCONS_00150716","XLOC_027912","ZNF600",,,,,0.0131666666666667,1,0.00669424988194034,FALSE,FALSE,TRUE,FALSE,FALSE,FALSE,,
"TCONS_00150717","XLOC_027912","ZNF600",,,,,-0.1073,0.670584986130554,0.00669424988194034,FALSE,FALSE,TRUE,FALSE,FALSE,FALSE,,
"TCONS_00151062","XLOC_027912","ZNF600",,,,,-0.0320666666666667,1,0.00669424988194034,FALSE,FALSE,TRUE,FALSE,FALSE,FALSE,,
"TCONS_00151063","XLOC_027912","ZNF600",,,,,0.137466666666667,0.606359755426112,0.00669424988194034,FALSE,FALSE,TRUE,FALSE,FALSE,FALSE,,
"TCONS_00149467","XLOC_028065","ZNF329",,,,,-0.2088,0.0291113556708261,0.0291113556708261,TRUE,FALSE,TRUE,FALSE,TRUE,FALSE,,
"TCONS_00149468","XLOC_028065","ZNF329",,,,,0.0315,1,0.0291113556708261,FALSE,FALSE,TRUE,FALSE,FALSE,FALSE,,
"TCONS_00149469","XLOC_028065","ZNF329",,,,,0.467933333333333,0.0439449581975115,0.0291113556708261,TRUE,FALSE,TRUE,FALSE,TRUE,FALSE,,
"TCONS_00149470","XLOC_028065","ZNF329",,,,,0.00673333333333333,0.888030539684744,0.0291113556708261,FALSE,FALSE,TRUE,FALSE,FALSE,FALSE,,
"TCONS_00149471","XLOC_028065","ZNF329",,,,,0.0213333333333333,1,0.0291113556708261,FALSE,FALSE,TRUE,FALSE,FALSE,FALSE,,
"TCONS_00149849","XLOC_028065","ZNF329",,,,,-0.318733333333333,0.333407360003603,0.0291113556708261,FALSE,FALSE,TRUE,FALSE,FALSE,FALSE,,
"TCONS_00170343","XLOC_028123","RSAD2",,,,,-0.0130333333333333,0.73955445017205,1.81700188412341e-21,FALSE,FALSE,TRUE,FALSE,FALSE,FALSE,,
"TCONS_00151518","XLOC_028188","TRIB2",,,,,-0.1339,0.00278533920661382,0.00278533920661382,FALSE,FALSE,TRUE,FALSE,FALSE,FALSE,,
"TCONS_00151519","XLOC_028188","TRIB2",,,,,0.0387666666666667,0.982553987347801,0.00278533920661382,FALSE,FALSE,TRUE,FALSE,FALSE,FALSE,,
"TCONS_00151520","XLOC_028188","TRIB2",,,,,-0.0191333333333333,1,0.00278533920661382,FALSE,FALSE,TRUE,FALSE,FALSE,FALSE,,
"TCONS_00151521","XLOC_028188","TRIB2",,,,,0.114266666666667,0.0573715191821745,0.00278533920661382,FALSE,FALSE,TRUE,FALSE,FALSE,FALSE,,
"TCONS_00152109","XLOC_028326","YPEL5",,,,,-0.0161666666666667,0.761892231267206,8.4028364774463e-07,FALSE,FALSE,TRUE,FALSE,FALSE,FALSE,,
"TCONS_00152112","XLOC_028326","YPEL5",,,,,0.162266666666667,0.0146465868059799,8.4028364774463e-07,TRUE,FALSE,TRUE,FALSE,TRUE,FALSE,,
"TCONS_00152116","XLOC_028326","YPEL5",,,,,-0.0380333333333333,0.7466005163883,8.4028364774463e-07,FALSE,FALSE,TRUE,FALSE,FALSE,FALSE,,
"TCONS_00152118","XLOC_028326","YPEL5",,,,,-0.107466666666667,8.4028364774463e-07,8.4028364774463e-07,FALSE,FALSE,TRUE,FALSE,FALSE,FALSE,,
"TCONS_00169267","XLOC_028326","YPEL5",,,,,0.00366666666666667,1,8.4028364774463e-07,FALSE,FALSE,TRUE,FALSE,FALSE,FALSE,,
"TCONS_00170380","XLOC_028326","YPEL5",,,,,-0.00826666666666667,1,8.4028364774463e-07,FALSE,FALSE,TRUE,FALSE,FALSE,FALSE,,
"TCONS_00152620","XLOC_028432","DYNC2LI1",,,,,-0.169433333333333,0.934876527797002,0.0264518046210973,FALSE,FALSE,TRUE,FALSE,FALSE,FALSE,,
"TCONS_00152622","XLOC_028432","DYNC2LI1",,,,,0.1189,0.559513922707278,0.0264518046210973,FALSE,FALSE,TRUE,FALSE,FALSE,FALSE,,
"TCONS_00152623","XLOC_028432","DYNC2LI1",,,,,0.0133333333333333,1,0.0264518046210973,FALSE,FALSE,TRUE,FALSE,FALSE,FALSE,,
"TCONS_00152626","XLOC_028432","DYNC2LI1",,,,,-0.0016666666666667,1,0.0264518046210973,FALSE,FALSE,TRUE,FALSE,FALSE,FALSE,,
"TCONS_00152628","XLOC_028432","DYNC2LI1",,,,,0.2047,0.655223896088267,0.0264518046210973,FALSE,FALSE,TRUE,FALSE,FALSE,FALSE,,
"TCONS_00152629","XLOC_028432","DYNC2LI1",,,,,-0.0165333333333333,0.855185973460895,0.0264518046210973,FALSE,FALSE,TRUE,FALSE,FALSE,FALSE,,
"TCONS_00171395","XLOC_028432","DYNC2LI1",,,,,-0.126233333333333,0.0264518046210973,0.0264518046210973,FALSE,FALSE,TRUE,FALSE,FALSE,FALSE,,
"TCONS_00152791","XLOC_028473","MSH6",,,,,-0.0538,0.875933438205289,3.27706632095137e-10,FALSE,FALSE,TRUE,FALSE,FALSE,FALSE,,
"TCONS_00152792","XLOC_028473","MSH6",,,,,-0.155733333333333,0.414237143287295,3.27706632095137e-10,FALSE,FALSE,TRUE,FALSE,FALSE,FALSE,,
"TCONS_00171404","XLOC_028473","MSH6",,,,,-0.1366,0.731257060124621,3.27706632095137e-10,FALSE,FALSE,TRUE,FALSE,FALSE,FALSE,,
"TCONS_00171405","XLOC_028473","MSH6",,,,,0.00863333333333333,1,3.27706632095137e-10,FALSE,FALSE,TRUE,FALSE,FALSE,FALSE,,
"TCONS_00172854","XLOC_028473","MSH6",,,,,-0.0121666666666667,0.989028985861183,3.27706632095137e-10,FALSE,FALSE,TRUE,FALSE,FALSE,FALSE,,
"TCONS_00172855","XLOC_028473","MSH6",,,,,0.356166666666667,3.27706632095137e-10,3.27706632095137e-10,TRUE,FALSE,TRUE,FALSE,TRUE,FALSE,,
"TCONS_00153153","XLOC_028565","EHBP1",,,,,0.0882,0.955276923082033,0.0487951244148829,FALSE,FALSE,TRUE,FALSE,FALSE,FALSE,,
"TCONS_00153154","XLOC_028565","EHBP1",,,,,0.00133333333333333,1,0.0487951244148829,FALSE,FALSE,TRUE,FALSE,FALSE,FALSE,,
"TCONS_00153155","XLOC_028565","EHBP1",,,,,-0.00186666666666666,1,0.0487951244148829,FALSE,FALSE,TRUE,FALSE,FALSE,FALSE,,
"TCONS_00153156","XLOC_028565","EHBP1",,,,,-0.00823333333333333,1,0.0487951244148829,FALSE,FALSE,TRUE,FALSE,FALSE,FALSE,,
"TCONS_00153159","XLOC_028565","EHBP1",,,,,-0.00153333333333333,1,0.0487951244148829,FALSE,FALSE,TRUE,FALSE,FALSE,FALSE,,
"TCONS_00153160","XLOC_028565","EHBP1",,,,,0.0638666666666667,1,0.0487951244148829,FALSE,FALSE,TRUE,FALSE,FALSE,FALSE,,
"TCONS_00153162","XLOC_028565","EHBP1",,,,,-0.0111,1,0.0487951244148829,FALSE,FALSE,TRUE,FALSE,FALSE,FALSE,,
"TCONS_00153164","XLOC_028565","EHBP1",,,,,-0.00163333333333333,1,0.0487951244148829,FALSE,FALSE,TRUE,FALSE,FALSE,FALSE,,
"TCONS_00153165","XLOC_028565","EHBP1",,,,,-0.0989666666666666,1,0.0487951244148829,FALSE,FALSE,TRUE,FALSE,FALSE,FALSE,,
"TCONS_00169316","XLOC_028565","EHBP1",,,,,-0.130866666666667,0.903244945229829,0.0487951244148829,FALSE,FALSE,TRUE,FALSE,FALSE,FALSE,,
"TCONS_00170421","XLOC_028565","EHBP1",,,,,0.0786666666666667,0.838340985161795,0.0487951244148829,FALSE,FALSE,TRUE,FALSE,FALSE,FALSE,,
"TCONS_00171434","XLOC_028565","EHBP1",,,,,0.1813,0.0487951244148829,0.0487951244148829,TRUE,FALSE,TRUE,FALSE,TRUE,FALSE,,
"TCONS_00172871","XLOC_028565","EHBP1",,,,,-0.182566666666667,0.055069207068388,0.0487951244148829,FALSE,FALSE,TRUE,FALSE,FALSE,FALSE,,
"TCONS_00153635","XLOC_028670","SMYD5",,,,,-0.0138666666666667,1,0.0472503597183471,FALSE,FALSE,TRUE,FALSE,FALSE,FALSE,,
"TCONS_00153636","XLOC_028670","SMYD5",,,,,0.0563666666666667,0.935825134609752,0.0472503597183471,FALSE,FALSE,TRUE,FALSE,FALSE,FALSE,,
"TCONS_00153639","XLOC_028670","SMYD5",,,,,-0.0275666666666667,0.949140140155329,0.0472503597183471,FALSE,FALSE,TRUE,FALSE,FALSE,FALSE,,
"TCONS_00153641","XLOC_028670","SMYD5",,,,,-0.0949666666666667,0.757737125355595,0.0472503597183471,FALSE,FALSE,TRUE,FALSE,FALSE,FALSE,,
"TCONS_00169377","XLOC_028670","SMYD5",,,,,-0.1652,0.876607269766804,0.0472503597183471,FALSE,FALSE,TRUE,FALSE,FALSE,FALSE,,
"TCONS_00171490","XLOC_028670","SMYD5",,,,,0.0111333333333333,1,0.0472503597183471,FALSE,FALSE,TRUE,FALSE,FALSE,FALSE,,
"TCONS_00171491","XLOC_028670","SMYD5",,,,,0.193266666666667,0.0472503597183471,0.0472503597183471,TRUE,FALSE,TRUE,FALSE,TRUE,FALSE,,
"TCONS_00172895","XLOC_028670","SMYD5",,,,,0.0479666666666667,0.804289396668602,0.0472503597183471,FALSE,FALSE,TRUE,FALSE,FALSE,FALSE,,
"TCONS_00154965","XLOC_029008","NCK2",,,,,-0.152966666666667,0.570075164967808,0.0437198770767018,FALSE,FALSE,TRUE,FALSE,FALSE,FALSE,,
"TCONS_00154966","XLOC_029008","NCK2",,,,,-0.0472,1,0.0437198770767018,FALSE,FALSE,TRUE,FALSE,FALSE,FALSE,,
"TCONS_00154968","XLOC_029008","NCK2",,,,,0.0328,0.0437198770767018,0.0437198770767018,FALSE,FALSE,TRUE,FALSE,FALSE,FALSE,,
"TCONS_00154970","XLOC_029008","NCK2",,,,,0.1762,0.0447027437314226,0.0437198770767018,TRUE,FALSE,TRUE,FALSE,TRUE,FALSE,,
"TCONS_00155199","XLOC_029077","MERTK",,,,,-0.0204,0.95879777231772,0.000303988016188222,FALSE,FALSE,TRUE,FALSE,FALSE,FALSE,,
"TCONS_00155200","XLOC_029077","MERTK",,,,,-0.0893666666666667,0.873944892036249,0.000303988016188222,FALSE,FALSE,TRUE,FALSE,FALSE,FALSE,,
"TCONS_00155202","XLOC_029077","MERTK",,,,,0.000433333333333332,0.976432804636029,0.000303988016188222,FALSE,FALSE,TRUE,FALSE,FALSE,FALSE,,
"TCONS_00169478","XLOC_029077","MERTK",,,,,-0.0149333333333333,0.0621073153265322,0.000303988016188222,FALSE,FALSE,TRUE,FALSE,FALSE,FALSE,,
"TCONS_00169480","XLOC_029077","MERTK",,,,,-0.0569,0.00152087445705684,0.000303988016188222,FALSE,FALSE,TRUE,FALSE,FALSE,FALSE,,
"TCONS_00169482","XLOC_029077","MERTK",,,,,-0.0329333333333333,0.879010599243003,0.000303988016188222,FALSE,FALSE,TRUE,FALSE,FALSE,FALSE,,
"TCONS_00171616","XLOC_029077","MERTK",,,,,0.263466666666667,0.000303988016188222,0.000303988016188222,TRUE,FALSE,TRUE,FALSE,TRUE,FALSE,,
"TCONS_00171617","XLOC_029077","MERTK",,,,,0.0310666666666667,1,0.000303988016188222,FALSE,FALSE,TRUE,FALSE,FALSE,FALSE,,
"TCONS_00171618","XLOC_029077","MERTK",,,,,0.0429666666666667,0.896984138853754,0.000303988016188222,FALSE,FALSE,TRUE,FALSE,FALSE,FALSE,,
"TCONS_00171619","XLOC_029077","MERTK",,,,,0.0251,0.758742112321019,0.000303988016188222,FALSE,FALSE,TRUE,FALSE,FALSE,FALSE,,
"TCONS_00171620","XLOC_029077","MERTK",,,,,-0.117366666666667,1,0.000303988016188222,FALSE,FALSE,TRUE,FALSE,FALSE,FALSE,,
"TCONS_00171621","XLOC_029077","MERTK",,,,,-0.0314,1,0.000303988016188222,FALSE,FALSE,TRUE,FALSE,FALSE,FALSE,,
"TCONS_00155905","XLOC_029256","SMPD4BP",,,,,0.0226,0.93764007329365,0.036058521164043,FALSE,FALSE,TRUE,FALSE,FALSE,FALSE,,
"TCONS_00155906","XLOC_029256","SMPD4BP",,,,,0.1576,0.036058521164043,0.036058521164043,TRUE,FALSE,TRUE,FALSE,TRUE,FALSE,,
"TCONS_00155908","XLOC_029256","SMPD4BP",,,,,-0.0842,0.930957180900184,0.036058521164043,FALSE,FALSE,TRUE,FALSE,FALSE,FALSE,,
"TCONS_00171655","XLOC_029256","SMPD4BP",,,,,-0.1022,1,0.036058521164043,FALSE,FALSE,TRUE,FALSE,FALSE,FALSE,,
"TCONS_00157039","XLOC_029478","DCAF17",,,,,0.0509666666666667,0.866719510469526,1.48255498786923e-05,FALSE,FALSE,TRUE,FALSE,FALSE,FALSE,,
"TCONS_00157040","XLOC_029478","DCAF17",,,,,-0.0174666666666667,1,1.48255498786923e-05,FALSE,FALSE,TRUE,FALSE,FALSE,FALSE,,
"TCONS_00157041","XLOC_029478","DCAF17",,,,,-0.173633333333333,0.33685758704375,1.48255498786923e-05,FALSE,FALSE,TRUE,FALSE,FALSE,FALSE,,
"TCONS_00157043","XLOC_029478","DCAF17",,,,,-0.0134333333333333,0.948731420971766,1.48255498786923e-05,FALSE,FALSE,TRUE,FALSE,FALSE,FALSE,,
"TCONS_00157044","XLOC_029478","DCAF17",,,,,-0.0246666666666667,0.924441378069584,1.48255498786923e-05,FALSE,FALSE,TRUE,FALSE,FALSE,FALSE,,
"TCONS_00157046","XLOC_029478","DCAF17",,,,,0.0256666666666667,1,1.48255498786923e-05,FALSE,FALSE,TRUE,FALSE,FALSE,FALSE,,
"TCONS_00157048","XLOC_029478","DCAF17",,,,,-0.0127,1,1.48255498786923e-05,FALSE,FALSE,TRUE,FALSE,FALSE,FALSE,,
"TCONS_00157050","XLOC_029478","DCAF17",,,,,0.0614,0.937659087297637,1.48255498786923e-05,FALSE,FALSE,TRUE,FALSE,FALSE,FALSE,,
"TCONS_00169654","XLOC_029478","DCAF17",,,,,-0.0844666666666667,0.885037235971136,1.48255498786923e-05,FALSE,FALSE,TRUE,FALSE,FALSE,FALSE,,
"TCONS_00169655","XLOC_029478","DCAF17",,,,,-0.0286333333333333,1,1.48255498786923e-05,FALSE,FALSE,TRUE,FALSE,FALSE,FALSE,,
"TCONS_00173068","XLOC_029478","DCAF17",,,,,-0.00786666666666666,1,1.48255498786923e-05,FALSE,FALSE,TRUE,FALSE,FALSE,FALSE,,
"TCONS_00173069","XLOC_029478","DCAF17",,,,,0.227666666666667,1.48255498786923e-05,1.48255498786923e-05,TRUE,FALSE,TRUE,FALSE,TRUE,FALSE,,
"TCONS_00157655","XLOC_029614","WDR75",,,,,0.102533333333333,0.488656006138424,0.000202554303142855,FALSE,FALSE,TRUE,FALSE,FALSE,FALSE,,
"TCONS_00171809","XLOC_029614","WDR75",,,,,-0.0407,1,0.000202554303142855,FALSE,FALSE,TRUE,FALSE,FALSE,FALSE,,
"TCONS_00171810","XLOC_029614","WDR75",,,,,-0.111333333333333,0.312573317916714,0.000202554303142855,FALSE,FALSE,TRUE,FALSE,FALSE,FALSE,,
"TCONS_00173108","XLOC_029614","WDR75",,,,,-0.0363,1,0.000202554303142855,FALSE,FALSE,TRUE,FALSE,FALSE,FALSE,,
"TCONS_00173110","XLOC_029614","WDR75",,,,,0.1012,0.000202554303142855,0.000202554303142855,FALSE,FALSE,TRUE,FALSE,FALSE,FALSE,,
"TCONS_00158175","XLOC_029725","BMPR2",,,,,-0.00103333333333333,1,0.0150389828521233,FALSE,FALSE,TRUE,FALSE,FALSE,FALSE,,
"TCONS_00158177","XLOC_029725","BMPR2",,,,,-0.0478,1,0.0150389828521233,FALSE,FALSE,TRUE,FALSE,FALSE,FALSE,,
"TCONS_00158178","XLOC_029725","BMPR2",,,,,0.0034,1,0.0150389828521233,FALSE,FALSE,TRUE,FALSE,FALSE,FALSE,,
"TCONS_00170779","XLOC_029725","BMPR2",,,,,0.0142,1,0.0150389828521233,FALSE,FALSE,TRUE,FALSE,FALSE,FALSE,,
"TCONS_00170780","XLOC_029725","BMPR2",,,,,-0.174266666666667,0.219522558931868,0.0150389828521233,FALSE,FALSE,TRUE,FALSE,FALSE,FALSE,,
"TCONS_00173154","XLOC_029725","BMPR2",,,,,0.210566666666667,0.0150389828521233,0.0150389828521233,TRUE,FALSE,TRUE,FALSE,TRUE,FALSE,,
"TCONS_00158619","XLOC_029841","SMARCAL1",,,,,0.0769666666666667,0.435674605199724,0.000482521121521884,FALSE,FALSE,TRUE,FALSE,FALSE,FALSE,,
"TCONS_00158622","XLOC_029841","SMARCAL1",,,,,0.0458333333333333,0.97604186944379,0.000482521121521884,FALSE,FALSE,TRUE,FALSE,FALSE,FALSE,,
"TCONS_00169793","XLOC_029841","SMARCAL1",,,,,-0.0861333333333333,0.882764712930438,0.000482521121521884,FALSE,FALSE,TRUE,FALSE,FALSE,FALSE,,
"TCONS_00170803","XLOC_029841","SMARCAL1",,,,,0.0453333333333333,1,0.000482521121521884,FALSE,FALSE,TRUE,FALSE,FALSE,FALSE,,
"TCONS_00170804","XLOC_029841","SMARCAL1",,,,,-0.1447,0.000482521121521884,0.000482521121521884,FALSE,FALSE,TRUE,FALSE,FALSE,FALSE,,
"TCONS_00170805","XLOC_029841","SMARCAL1",,,,,0.120866666666667,0.656701277436656,0.000482521121521884,FALSE,FALSE,TRUE,FALSE,FALSE,FALSE,,
"TCONS_00173176","XLOC_029841","SMARCAL1",,,,,-0.0214,0.872477314586936,0.000482521121521884,FALSE,FALSE,TRUE,FALSE,FALSE,FALSE,,
"TCONS_00160195","XLOC_030109","D2HGDH",,,,,0.1744,0.00500419018135268,0.00500419018135268,TRUE,FALSE,TRUE,FALSE,TRUE,FALSE,,
"TCONS_00160196","XLOC_030109","D2HGDH",,,,,-0.0339666666666667,1,0.00500419018135268,FALSE,FALSE,TRUE,FALSE,FALSE,FALSE,,
"TCONS_00160197","XLOC_030109","D2HGDH",,,,,0.0391,1,0.00500419018135268,FALSE,FALSE,TRUE,FALSE,FALSE,FALSE,,
"TCONS_00160198","XLOC_030109","D2HGDH",,,,,-0.3101,0.146379144406489,0.00500419018135268,FALSE,FALSE,TRUE,FALSE,FALSE,FALSE,,
"TCONS_00160203","XLOC_030109","D2HGDH",,,,,0.135366666666667,0.40094456561775,0.00500419018135268,FALSE,FALSE,TRUE,FALSE,FALSE,FALSE,,
"TCONS_00160204","XLOC_030109","D2HGDH",,,,,-0.0131666666666667,1,0.00500419018135268,FALSE,FALSE,TRUE,FALSE,FALSE,FALSE,,
"TCONS_00160206","XLOC_030109","D2HGDH",,,,,-0.0201,1,0.00500419018135268,FALSE,FALSE,TRUE,FALSE,FALSE,FALSE,,
"TCONS_00160207","XLOC_030109","D2HGDH",,,,,0.00503333333333333,0.843140009437469,0.00500419018135268,FALSE,FALSE,TRUE,FALSE,FALSE,FALSE,,
"TCONS_00160208","XLOC_030109","D2HGDH",,,,,0.0188,0.702706562202959,0.00500419018135268,FALSE,FALSE,TRUE,FALSE,FALSE,FALSE,,
"TCONS_00160209","XLOC_030109","D2HGDH",,,,,0.00463333333333333,1,0.00500419018135268,FALSE,FALSE,TRUE,FALSE,FALSE,FALSE,,
"TCONS_00160636","XLOC_030175","CMPK2",,,,,-0.0523,0.437556393311899,3.08433167440712e-14,FALSE,FALSE,TRUE,FALSE,FALSE,FALSE,,
"TCONS_00160637","XLOC_030175","CMPK2",,,,,0.0163333333333333,0.984134075238004,3.08433167440712e-14,FALSE,FALSE,TRUE,FALSE,FALSE,FALSE,,
"TCONS_00160640","XLOC_030175","CMPK2",,,,,-0.000300000000000002,0.653728646493687,3.08433167440712e-14,FALSE,FALSE,TRUE,FALSE,FALSE,FALSE,,
"TCONS_00169881","XLOC_030175","CMPK2",,,,,-0.2153,3.08433167440712e-14,3.08433167440712e-14,TRUE,FALSE,TRUE,FALSE,TRUE,FALSE,,
"TCONS_00170887","XLOC_030175","CMPK2",,,,,-0.0134666666666667,0.780077060262201,3.08433167440712e-14,FALSE,FALSE,TRUE,FALSE,FALSE,FALSE,,
"TCONS_00170888","XLOC_030175","CMPK2",,,,,-0.0972333333333333,0.284734983920067,3.08433167440712e-14,FALSE,FALSE,TRUE,FALSE,FALSE,FALSE,,
"TCONS_00170889","XLOC_030175","CMPK2",,,,,0.0328666666666667,0.765022527945645,3.08433167440712e-14,FALSE,FALSE,TRUE,FALSE,FALSE,FALSE,,
"TCONS_00173271","XLOC_030175","CMPK2",,,,,0.336866666666667,3.43132421128971e-14,3.08433167440712e-14,TRUE,FALSE,TRUE,FALSE,TRUE,FALSE,,
"TCONS_00160946","XLOC_030240","NBAS",,,,,-6e-04,1,0.0284966406641555,FALSE,FALSE,TRUE,FALSE,FALSE,FALSE,,
"TCONS_00160947","XLOC_030240","NBAS",,,,,-0.136033333333333,0.0284966406641555,0.0284966406641555,FALSE,FALSE,TRUE,FALSE,FALSE,FALSE,,
"TCONS_00160948","XLOC_030240","NBAS",,,,,-0.0609666666666667,1,0.0284966406641555,FALSE,FALSE,TRUE,FALSE,FALSE,FALSE,,
"TCONS_00160949","XLOC_030240","NBAS",,,,,0.0714,0.979509329665619,0.0284966406641555,FALSE,FALSE,TRUE,FALSE,FALSE,FALSE,,
"TCONS_00169909","XLOC_030240","NBAS",,,,,0.101966666666667,0.560504698814095,0.0284966406641555,FALSE,FALSE,TRUE,FALSE,FALSE,FALSE,,
"TCONS_00172147","XLOC_030240","NBAS",,,,,0.0181666666666667,1,0.0284966406641555,FALSE,FALSE,TRUE,FALSE,FALSE,FALSE,,
"TCONS_00160981","XLOC_030258","SMC6",,,,,0.0139,1,0.000242754046484041,FALSE,FALSE,TRUE,FALSE,FALSE,FALSE,,
"TCONS_00160982","XLOC_030258","SMC6",,,,,0.0574333333333333,0.787579705838843,0.000242754046484041,FALSE,FALSE,TRUE,FALSE,FALSE,FALSE,,
"TCONS_00160987","XLOC_030258","SMC6",,,,,0.0149333333333333,1,0.000242754046484041,FALSE,FALSE,TRUE,FALSE,FALSE,FALSE,,
"TCONS_00170918","XLOC_030258","SMC6",,,,,-0.0471333333333333,1,0.000242754046484041,FALSE,FALSE,TRUE,FALSE,FALSE,FALSE,,
"TCONS_00172153","XLOC_030258","SMC6",,,,,-0.0526333333333333,0.00488088250416252,0.000242754046484041,FALSE,FALSE,TRUE,FALSE,FALSE,FALSE,,
"TCONS_00172154","XLOC_030258","SMC6",,,,,-0.206333333333333,0.14359365078935,0.000242754046484041,FALSE,FALSE,TRUE,FALSE,FALSE,FALSE,,
"TCONS_00173295","XLOC_030258","SMC6",,,,,0.140733333333333,0.000242754046484041,0.000242754046484041,FALSE,FALSE,TRUE,FALSE,FALSE,FALSE,,
"TCONS_00173296","XLOC_030258","SMC6",,,,,0.0718,0.943628702093681,0.000242754046484041,FALSE,FALSE,TRUE,FALSE,FALSE,FALSE,,
"TCONS_00161680","XLOC_030435","PRKD3",,,,,0.378733333333333,9.48675982274872e-19,9.48675982274872e-19,TRUE,FALSE,TRUE,FALSE,TRUE,FALSE,,
"TCONS_00161681","XLOC_030435","PRKD3",,,,,-0.312833333333333,0.000133726123352243,9.48675982274872e-19,TRUE,FALSE,TRUE,FALSE,TRUE,FALSE,,
"TCONS_00161684","XLOC_030435","PRKD3",,,,,-0.0139333333333333,0.9439881509625,9.48675982274872e-19,FALSE,FALSE,TRUE,FALSE,FALSE,FALSE,,
"TCONS_00161689","XLOC_030435","PRKD3",,,,,0.0115666666666667,1,9.48675982274872e-19,FALSE,FALSE,TRUE,FALSE,FALSE,FALSE,,
"TCONS_00169958","XLOC_030435","PRKD3",,,,,-0.00623333333333333,1,9.48675982274872e-19,FALSE,FALSE,TRUE,FALSE,FALSE,FALSE,,
"TCONS_00172239","XLOC_030435","PRKD3",,,,,-0.0086,1,9.48675982274872e-19,FALSE,FALSE,TRUE,FALSE,FALSE,FALSE,,
"TCONS_00172240","XLOC_030435","PRKD3",,,,,-0.0024,1,9.48675982274872e-19,FALSE,FALSE,TRUE,FALSE,FALSE,FALSE,,
"TCONS_00172241","XLOC_030435","PRKD3",,,,,-0.0613666666666667,1,9.48675982274872e-19,FALSE,FALSE,TRUE,FALSE,FALSE,FALSE,,
"TCONS_00173342","XLOC_030435","PRKD3",,,,,0.0201,0.795453072295273,9.48675982274872e-19,FALSE,FALSE,TRUE,FALSE,FALSE,FALSE,,
"TCONS_00161731","XLOC_030445","ATL2",,,,,-0.00903333333333334,1,0.00247994175142434,FALSE,FALSE,TRUE,FALSE,FALSE,FALSE,,
"TCONS_00161732","XLOC_030445","ATL2",,,,,0.0439333333333333,0.432775034628558,0.00247994175142434,FALSE,FALSE,TRUE,FALSE,FALSE,FALSE,,
"TCONS_00161735","XLOC_030445","ATL2",,,,,-0.0375666666666667,0.941332270473006,0.00247994175142434,FALSE,FALSE,TRUE,FALSE,FALSE,FALSE,,
"TCONS_00161738","XLOC_030445","ATL2",,,,,-0.0626333333333333,0.700871373032228,0.00247994175142434,FALSE,FALSE,TRUE,FALSE,FALSE,FALSE,,
"TCONS_00161742","XLOC_030445","ATL2",,,,,0.0223666666666667,0.814119574587463,0.00247994175142434,FALSE,FALSE,TRUE,FALSE,FALSE,FALSE,,
"TCONS_00161743","XLOC_030445","ATL2",,,,,0.204633333333333,0.22237820174971,0.00247994175142434,FALSE,FALSE,TRUE,FALSE,FALSE,FALSE,,
"TCONS_00161744","XLOC_030445","ATL2",,,,,0.0226,1,0.00247994175142434,FALSE,FALSE,TRUE,FALSE,FALSE,FALSE,,
"TCONS_00169962","XLOC_030445","ATL2",,,,,0.0532,0.687094067500039,0.00247994175142434,FALSE,FALSE,TRUE,FALSE,FALSE,FALSE,,
"TCONS_00172242","XLOC_030445","ATL2",,,,,-0.126466666666667,0.00479796356973058,0.00247994175142434,FALSE,FALSE,TRUE,FALSE,FALSE,FALSE,,
"TCONS_00172243","XLOC_030445","ATL2",,,,,0.0339,0.817150487335468,0.00247994175142434,FALSE,FALSE,TRUE,FALSE,FALSE,FALSE,,
"TCONS_00172244","XLOC_030445","ATL2",,,,,-0.1316,0.00247994175142434,0.00247994175142434,FALSE,FALSE,TRUE,FALSE,FALSE,FALSE,,
"TCONS_00162030","XLOC_030498","PREPL",,,,,0.116566666666667,1.12200191303231e-05,1.12200191303231e-05,FALSE,FALSE,TRUE,FALSE,FALSE,FALSE,,
"TCONS_00162031","XLOC_030498","PREPL",,,,,-0.00476666666666667,1,1.12200191303231e-05,FALSE,FALSE,TRUE,FALSE,FALSE,FALSE,,
"TCONS_00162032","XLOC_030498","PREPL",,,,,0.00376666666666666,1,1.12200191303231e-05,FALSE,FALSE,TRUE,FALSE,FALSE,FALSE,,
"TCONS_00162033","XLOC_030498","PREPL",,,,,-0.0378333333333333,1,1.12200191303231e-05,FALSE,FALSE,TRUE,FALSE,FALSE,FALSE,,
"TCONS_00162034","XLOC_030498","PREPL",,,,,-0.0177666666666667,0.466573710098605,1.12200191303231e-05,FALSE,FALSE,TRUE,FALSE,FALSE,FALSE,,
"TCONS_00162036","XLOC_030498","PREPL",,,,,0.014,0.938632098626031,1.12200191303231e-05,FALSE,FALSE,TRUE,FALSE,FALSE,FALSE,,
"TCONS_00162038","XLOC_030498","PREPL",,,,,0.0209,0.89297359533644,1.12200191303231e-05,FALSE,FALSE,TRUE,FALSE,FALSE,FALSE,,
"TCONS_00162040","XLOC_030498","PREPL",,,,,6e-04,1,1.12200191303231e-05,FALSE,FALSE,TRUE,FALSE,FALSE,FALSE,,
"TCONS_00162042","XLOC_030498","PREPL",,,,,-0.0227,0.882526670232425,1.12200191303231e-05,FALSE,FALSE,TRUE,FALSE,FALSE,FALSE,,
"TCONS_00170964","XLOC_030498","PREPL",,,,,-0.0692,0.788582952734869,1.12200191303231e-05,FALSE,FALSE,TRUE,FALSE,FALSE,FALSE,,
"TCONS_00170965","XLOC_030498","PREPL",,,,,-0.0188666666666667,1,1.12200191303231e-05,FALSE,FALSE,TRUE,FALSE,FALSE,FALSE,,
"TCONS_00172280","XLOC_030498","PREPL",,,,,0.0399,1,1.12200191303231e-05,FALSE,FALSE,TRUE,FALSE,FALSE,FALSE,,
"TCONS_00172281","XLOC_030498","PREPL",,,,,-0.138966666666667,0.888779227856454,1.12200191303231e-05,FALSE,FALSE,TRUE,FALSE,FALSE,FALSE,,
"TCONS_00172282","XLOC_030498","PREPL",,,,,0.0174666666666667,0.868769489904045,1.12200191303231e-05,FALSE,FALSE,TRUE,FALSE,FALSE,FALSE,,
"TCONS_00173355","XLOC_030498","PREPL",,,,,0.0963,0.995078091731161,1.12200191303231e-05,FALSE,FALSE,TRUE,FALSE,FALSE,FALSE,,
"TCONS_00162277","XLOC_030554","ASB3",,,,,-0.3568,0.517379924184254,0.00497257694703224,FALSE,FALSE,TRUE,FALSE,FALSE,FALSE,,
"TCONS_00162281","XLOC_030554","ASB3",,,,,0.2239,0.00497257694703224,0.00497257694703224,TRUE,FALSE,TRUE,FALSE,TRUE,FALSE,,
"TCONS_00162282","XLOC_030554","ASB3",,,,,0.1247,0.123739797290715,0.00497257694703224,FALSE,FALSE,TRUE,FALSE,FALSE,FALSE,,
"TCONS_00162284","XLOC_030554","ASB3",,,,,0.0116333333333333,0.93941576154281,0.00497257694703224,FALSE,FALSE,TRUE,FALSE,FALSE,FALSE,,
"TCONS_00162289","XLOC_030554","ASB3",,,,,0.023,1,0.00497257694703224,FALSE,FALSE,TRUE,FALSE,FALSE,FALSE,,
"TCONS_00162291","XLOC_030554","ASB3",,,,,-0.0159333333333333,1,0.00497257694703224,FALSE,FALSE,TRUE,FALSE,FALSE,FALSE,,
"TCONS_00172295","XLOC_030554","ASB3",,,,,-0.0165666666666667,1,0.00497257694703224,FALSE,FALSE,TRUE,FALSE,FALSE,FALSE,,
"TCONS_00162882","XLOC_030641","VPS54",,,,,0.109366666666667,0.867065499748955,1.86762183045422e-09,FALSE,FALSE,TRUE,FALSE,FALSE,FALSE,,
"TCONS_00162883","XLOC_030641","VPS54",,,,,-0.00833333333333332,1,1.86762183045422e-09,FALSE,FALSE,TRUE,FALSE,FALSE,FALSE,,
"TCONS_00172365","XLOC_030641","VPS54",,,,,-0.203333333333333,1.86762183045422e-09,1.86762183045422e-09,TRUE,FALSE,TRUE,FALSE,TRUE,FALSE,,
"TCONS_00172366","XLOC_030641","VPS54",,,,,0.0176333333333333,1,1.86762183045422e-09,FALSE,FALSE,TRUE,FALSE,FALSE,FALSE,,
"TCONS_00173401","XLOC_030641","VPS54",,,,,0.0757,0.645476910855316,1.86762183045422e-09,FALSE,FALSE,TRUE,FALSE,FALSE,FALSE,,
"TCONS_00164988","XLOC_031123","MIR4435-2HG",,,,,-0.0068,1,0.0164206035942757,FALSE,FALSE,TRUE,FALSE,FALSE,FALSE,,
"TCONS_00165004","XLOC_031123","MIR4435-2HG",,,,,0.00456666666666667,1,0.0164206035942757,FALSE,FALSE,TRUE,FALSE,FALSE,FALSE,,
"TCONS_00165027","XLOC_031123","MIR4435-2HG",,,,,0.0098,0.646514622272222,0.0164206035942757,FALSE,FALSE,TRUE,FALSE,FALSE,FALSE,,
"TCONS_00165028","XLOC_031123","MIR4435-2HG",,,,,-0.153566666666667,0.0361102155240355,0.0164206035942757,TRUE,FALSE,TRUE,FALSE,TRUE,FALSE,,
"TCONS_00165039","XLOC_031123","MIR4435-2HG",,,,,0.106266666666667,0.215955270434993,0.0164206035942757,FALSE,FALSE,TRUE,FALSE,FALSE,FALSE,,
"TCONS_00165051","XLOC_031123","MIR4435-2HG",,,,,0.0121666666666667,0.982553987347801,0.0164206035942757,FALSE,FALSE,TRUE,FALSE,FALSE,FALSE,,
"TCONS_00165060","XLOC_031123","MIR4435-2HG",,,,,0.00956666666666667,0.913820011568646,0.0164206035942757,FALSE,FALSE,TRUE,FALSE,FALSE,FALSE,,
"TCONS_00171077","XLOC_031123","MIR4435-2HG",,,,,0.0223333333333333,0.0587188627982986,0.0164206035942757,FALSE,FALSE,TRUE,FALSE,FALSE,FALSE,,
"TCONS_00172517","XLOC_031123","MIR4435-2HG",,,,,-0.0042,1,0.0164206035942757,FALSE,FALSE,TRUE,FALSE,FALSE,FALSE,,
"TCONS_00172519","XLOC_031123","MIR4435-2HG",,,,,-0.00846666666666667,1,0.0164206035942757,FALSE,FALSE,TRUE,FALSE,FALSE,FALSE,,
"TCONS_00172521","XLOC_031123","MIR4435-2HG",,,,,-0.0292,0.0164206035942757,0.0164206035942757,FALSE,FALSE,TRUE,FALSE,FALSE,FALSE,,
"TCONS_00173473","XLOC_031123","MIR4435-2HG",,,,,0.00513333333333333,0.986251023586771,0.0164206035942757,FALSE,FALSE,TRUE,FALSE,FALSE,FALSE,,
"TCONS_00165104","XLOC_031149","IL36B",,,,,0.000933333333333335,1,4.429913406854e-07,FALSE,FALSE,TRUE,FALSE,FALSE,FALSE,,
"TCONS_00165105","XLOC_031149","IL36B",,,,,-0.220766666666667,4.429913406854e-07,4.429913406854e-07,TRUE,FALSE,TRUE,FALSE,TRUE,FALSE,,
"TCONS_00171089","XLOC_031149","IL36B",,,,,0.118066666666667,0.876655398366396,4.429913406854e-07,FALSE,FALSE,TRUE,FALSE,FALSE,FALSE,,
"TCONS_00171090","XLOC_031149","IL36B",,,,,0.101866666666667,0.917760408712558,4.429913406854e-07,FALSE,FALSE,TRUE,FALSE,FALSE,FALSE,,
"TCONS_00165152","XLOC_031162","ACTR3-AS1",,,,,-0.0294333333333333,1,0.0368747569541879,FALSE,FALSE,TRUE,FALSE,FALSE,FALSE,,
"TCONS_00165153","XLOC_031162","ACTR3-AS1",,,,,0.137666666666667,0.882526670232425,0.0368747569541879,FALSE,FALSE,TRUE,FALSE,FALSE,FALSE,,
"TCONS_00165155","XLOC_031162","ACTR3-AS1",,,,,-0.278466666666667,0.371660135686322,0.0368747569541879,FALSE,FALSE,TRUE,FALSE,FALSE,FALSE,,
"TCONS_00165156","XLOC_031162","ACTR3-AS1",,,,,0.354633333333333,0.259055432812758,0.0368747569541879,FALSE,FALSE,TRUE,FALSE,FALSE,FALSE,,
"TCONS_00172532","XLOC_031162","ACTR3-AS1",,,,,-0.184466666666667,0.0368747569541879,0.0368747569541879,TRUE,FALSE,TRUE,FALSE,TRUE,FALSE,,
"TCONS_00166053","XLOC_031458","ACVR1",,,,,-0.0179333333333333,0.947900283528054,0.000104222907546818,FALSE,FALSE,TRUE,FALSE,FALSE,FALSE,,
"TCONS_00166056","XLOC_031458","ACVR1",,,,,-0.0326666666666667,0.000104222907546818,0.000104222907546818,FALSE,FALSE,TRUE,FALSE,FALSE,FALSE,,
"TCONS_00166057","XLOC_031458","ACVR1",,,,,-0.005,1,0.000104222907546818,FALSE,FALSE,TRUE,FALSE,FALSE,FALSE,,
"TCONS_00166059","XLOC_031458","ACVR1",,,,,-0.0165666666666667,0.0182080974780678,0.000104222907546818,FALSE,FALSE,TRUE,FALSE,FALSE,FALSE,,
"TCONS_00170165","XLOC_031458","ACVR1",,,,,0.176533333333333,0.420051164602604,0.000104222907546818,FALSE,FALSE,TRUE,FALSE,FALSE,FALSE,,
"TCONS_00170166","XLOC_031458","ACVR1",,,,,-0.044,0.982553987347801,0.000104222907546818,FALSE,FALSE,TRUE,FALSE,FALSE,FALSE,,
"TCONS_00170167","XLOC_031458","ACVR1",,,,,0.00753333333333334,1,0.000104222907546818,FALSE,FALSE,TRUE,FALSE,FALSE,FALSE,,
"TCONS_00171126","XLOC_031458","ACVR1",,,,,0.0268333333333333,0.993241555916838,0.000104222907546818,FALSE,FALSE,TRUE,FALSE,FALSE,FALSE,,
"TCONS_00172600","XLOC_031458","ACVR1",,,,,-0.100466666666667,0.00680129953889076,0.000104222907546818,FALSE,FALSE,TRUE,FALSE,FALSE,FALSE,,
"TCONS_00173835","XLOC_032191","PANK2",,,,,0.0065,1,6.31008597743702e-05,FALSE,FALSE,TRUE,FALSE,FALSE,FALSE,,
"TCONS_00173838","XLOC_032191","PANK2",,,,,-0.0973,0.227579171553768,6.31008597743702e-05,FALSE,FALSE,TRUE,FALSE,FALSE,FALSE,,
"TCONS_00173839","XLOC_032191","PANK2",,,,,-0.180066666666667,0.14119064188706,6.31008597743702e-05,FALSE,FALSE,TRUE,FALSE,FALSE,FALSE,,
"TCONS_00173840","XLOC_032191","PANK2",,,,,0.2132,0.00169826481589815,6.31008597743702e-05,TRUE,FALSE,TRUE,FALSE,TRUE,FALSE,,
"TCONS_00173841","XLOC_032191","PANK2",,,,,-0.00223333333333333,1,6.31008597743702e-05,FALSE,FALSE,TRUE,FALSE,FALSE,FALSE,,
"TCONS_00173845","XLOC_032191","PANK2",,,,,-0.0233333333333333,1,6.31008597743702e-05,FALSE,FALSE,TRUE,FALSE,FALSE,FALSE,,
"TCONS_00179462","XLOC_032191","PANK2",,,,,0.0393666666666666,6.31008597743702e-05,6.31008597743702e-05,FALSE,FALSE,TRUE,FALSE,FALSE,FALSE,,
"TCONS_00179762","XLOC_032191","PANK2",,,,,0.0164,0.108869778175134,6.31008597743702e-05,FALSE,FALSE,TRUE,FALSE,FALSE,FALSE,,
"TCONS_00179763","XLOC_032191","PANK2",,,,,0.0355666666666667,0.502253078516017,6.31008597743702e-05,FALSE,FALSE,TRUE,FALSE,FALSE,FALSE,,
"TCONS_00179764","XLOC_032191","PANK2",,,,,-0.0121666666666667,1,6.31008597743702e-05,FALSE,FALSE,TRUE,FALSE,FALSE,FALSE,,
"TCONS_00180449","XLOC_032191","PANK2",,,,,0.00186666666666667,0.933667303046898,6.31008597743702e-05,FALSE,FALSE,TRUE,FALSE,FALSE,FALSE,,
"TCONS_00174082","XLOC_032248","BTBD3",,,,,-0.267566666666667,0.00244276277114826,0.00244276277114826,TRUE,FALSE,TRUE,FALSE,TRUE,FALSE,,
"TCONS_00174083","XLOC_032248","BTBD3",,,,,0.0355333333333333,0.992795345847513,0.00244276277114826,FALSE,FALSE,TRUE,FALSE,FALSE,FALSE,,
"TCONS_00174084","XLOC_032248","BTBD3",,,,,0.00353333333333333,1,0.00244276277114826,FALSE,FALSE,TRUE,FALSE,FALSE,FALSE,,
"TCONS_00174085","XLOC_032248","BTBD3",,,,,0.0155333333333333,0.909289554859208,0.00244276277114826,FALSE,FALSE,TRUE,FALSE,FALSE,FALSE,,
"TCONS_00174087","XLOC_032248","BTBD3",,,,,0.130733333333333,0.642840783727089,0.00244276277114826,FALSE,FALSE,TRUE,FALSE,FALSE,FALSE,,
"TCONS_00174088","XLOC_032248","BTBD3",,,,,0.0441333333333333,0.838340985161795,0.00244276277114826,FALSE,FALSE,TRUE,FALSE,FALSE,FALSE,,
"TCONS_00174089","XLOC_032248","BTBD3",,,,,-0.0485333333333333,0.378979228251133,0.00244276277114826,FALSE,FALSE,TRUE,FALSE,FALSE,FALSE,,
"TCONS_00174094","XLOC_032248","BTBD3",,,,,0.0072,1,0.00244276277114826,FALSE,FALSE,TRUE,FALSE,FALSE,FALSE,,
"TCONS_00180008","XLOC_032248","BTBD3",,,,,0.0849666666666666,0.87928795205822,0.00244276277114826,FALSE,FALSE,TRUE,FALSE,FALSE,FALSE,,
"TCONS_00174778","XLOC_032437","ZNF341",,,,,-0.1957,0.792725187853229,0.0169246670198844,FALSE,FALSE,TRUE,FALSE,FALSE,FALSE,,
"TCONS_00174779","XLOC_032437","ZNF341",,,,,0.439466666666667,0.0169246670198844,0.0169246670198844,TRUE,FALSE,TRUE,FALSE,TRUE,FALSE,,
"TCONS_00174780","XLOC_032437","ZNF341",,,,,0.0106666666666667,0.923927886675687,0.0169246670198844,FALSE,FALSE,TRUE,FALSE,FALSE,FALSE,,
"TCONS_00174781","XLOC_032437","ZNF341",,,,,-0.232133333333333,0.786813510163583,0.0169246670198844,FALSE,FALSE,TRUE,FALSE,FALSE,FALSE,,
"TCONS_00174782","XLOC_032437","ZNF341",,,,,-0.0222333333333333,1,0.0169246670198844,FALSE,FALSE,TRUE,FALSE,FALSE,FALSE,,
"TCONS_00175306","XLOC_032540","IFT52",,,,,0.150266666666667,0.883774704611067,0.0321181874050737,FALSE,FALSE,TRUE,FALSE,FALSE,FALSE,,
"TCONS_00175307","XLOC_032540","IFT52",,,,,-0.0918,0.677157993700969,0.0321181874050737,FALSE,FALSE,TRUE,FALSE,FALSE,FALSE,,
"TCONS_00175309","XLOC_032540","IFT52",,,,,-0.106533333333333,0.0321181874050737,0.0321181874050737,FALSE,FALSE,TRUE,FALSE,FALSE,FALSE,,
"TCONS_00175310","XLOC_032540","IFT52",,,,,0.0114,1,0.0321181874050737,FALSE,FALSE,TRUE,FALSE,FALSE,FALSE,,
"TCONS_00179553","XLOC_032540","IFT52",,,,,-0.00386666666666667,0.878625650129831,0.0321181874050737,FALSE,FALSE,TRUE,FALSE,FALSE,FALSE,,
"TCONS_00180142","XLOC_032540","IFT52",,,,,0.0114333333333333,1,0.0321181874050737,FALSE,FALSE,TRUE,FALSE,FALSE,FALSE,,
"TCONS_00180512","XLOC_032540","IFT52",,,,,0.0349333333333333,0.843226463955103,0.0321181874050737,FALSE,FALSE,TRUE,FALSE,FALSE,FALSE,,
"TCONS_00175547","XLOC_032579","DNTTIP1",,,,,0.0209666666666667,1,4.39200110161774e-06,FALSE,FALSE,TRUE,FALSE,FALSE,FALSE,,
"TCONS_00175549","XLOC_032579","DNTTIP1",,,,,0.00666666666666667,1,4.39200110161774e-06,FALSE,FALSE,TRUE,FALSE,FALSE,FALSE,,
"TCONS_00175550","XLOC_032579","DNTTIP1",,,,,-0.0877,0.745244388316956,4.39200110161774e-06,FALSE,FALSE,TRUE,FALSE,FALSE,FALSE,,
"TCONS_00179557","XLOC_032579","DNTTIP1",,,,,-0.00773333333333334,1,4.39200110161774e-06,FALSE,FALSE,TRUE,FALSE,FALSE,FALSE,,
"TCONS_00179558","XLOC_032579","DNTTIP1",,,,,0.0949666666666667,1,4.39200110161774e-06,FALSE,FALSE,TRUE,FALSE,FALSE,FALSE,,
"TCONS_00180165","XLOC_032579","DNTTIP1",,,,,-0.1895,4.39200110161774e-06,4.39200110161774e-06,TRUE,FALSE,TRUE,FALSE,TRUE,FALSE,,
"TCONS_00180166","XLOC_032579","DNTTIP1",,,,,0.157533333333333,0.481752744073745,4.39200110161774e-06,FALSE,FALSE,TRUE,FALSE,FALSE,FALSE,,
"TCONS_00175965","XLOC_032680","CSTF1",,,,,-0.00716666666666665,1,0.00886876839571783,FALSE,FALSE,TRUE,FALSE,FALSE,FALSE,,
"TCONS_00175967","XLOC_032680","CSTF1",,,,,0.0596,0.352941582742881,0.00886876839571783,FALSE,FALSE,TRUE,FALSE,FALSE,FALSE,,
"TCONS_00175968","XLOC_032680","CSTF1",,,,,-0.00846666666666666,1,0.00886876839571783,FALSE,FALSE,TRUE,FALSE,FALSE,FALSE,,
"TCONS_00179584","XLOC_032680","CSTF1",,,,,-0.0484666666666667,0.927006260058377,0.00886876839571783,FALSE,FALSE,TRUE,FALSE,FALSE,FALSE,,
"TCONS_00179585","XLOC_032680","CSTF1",,,,,0.0228333333333333,1,0.00886876839571783,FALSE,FALSE,TRUE,FALSE,FALSE,FALSE,,
"TCONS_00179854","XLOC_032680","CSTF1",,,,,-0.0125,0.700130211689344,0.00886876839571783,FALSE,FALSE,TRUE,FALSE,FALSE,FALSE,,
"TCONS_00179855","XLOC_032680","CSTF1",,,,,-0.1434,0.373342992955226,0.00886876839571783,FALSE,FALSE,TRUE,FALSE,FALSE,FALSE,,
"TCONS_00180196","XLOC_032680","CSTF1",,,,,-0.0283333333333333,0.695452197265613,0.00886876839571783,FALSE,FALSE,TRUE,FALSE,FALSE,FALSE,,
"TCONS_00180197","XLOC_032680","CSTF1",,,,,0.152166666666667,0.00886876839571783,0.00886876839571783,TRUE,FALSE,TRUE,FALSE,TRUE,FALSE,,
"TCONS_00176649","XLOC_032814","TBC1D20",,,,,0.0217,1,4.22475991072443e-07,FALSE,FALSE,TRUE,FALSE,FALSE,FALSE,,
"TCONS_00176650","XLOC_032814","TBC1D20",,,,,-0.130966666666667,0.0337503427463578,4.22475991072443e-07,FALSE,FALSE,TRUE,FALSE,FALSE,FALSE,,
"TCONS_00176651","XLOC_032814","TBC1D20",,,,,0.0207,1,4.22475991072443e-07,FALSE,FALSE,TRUE,FALSE,FALSE,FALSE,,
"TCONS_00176676","XLOC_032814","TBC1D20",,,,,0.0023,1,4.22475991072443e-07,FALSE,FALSE,TRUE,FALSE,FALSE,FALSE,,
"TCONS_00179863","XLOC_032814","TBC1D20",,,,,-0.110866666666667,0.112020528451961,4.22475991072443e-07,FALSE,FALSE,TRUE,FALSE,FALSE,FALSE,,
"TCONS_00179864","XLOC_032814","TBC1D20",,,,,0.2563,4.22475991072443e-07,4.22475991072443e-07,TRUE,FALSE,TRUE,FALSE,TRUE,FALSE,,
"TCONS_00180545","XLOC_032814","TBC1D20",,,,,-0.0558333333333333,1,4.22475991072443e-07,FALSE,FALSE,TRUE,FALSE,FALSE,FALSE,,
"TCONS_00176913","XLOC_032847","DDRGK1",,,,,-0.1168,0.0633493357565869,0.0135766215470399,FALSE,FALSE,TRUE,FALSE,FALSE,FALSE,,
"TCONS_00176915","XLOC_032847","DDRGK1",,,,,-0.0145333333333333,0.30285017823315,0.0135766215470399,FALSE,FALSE,TRUE,FALSE,FALSE,FALSE,,
"TCONS_00179618","XLOC_032847","DDRGK1",,,,,0.133,0.0135766215470399,0.0135766215470399,FALSE,FALSE,TRUE,FALSE,FALSE,FALSE,,
"TCONS_00177486","XLOC_033049","CST3",,,,,-0.115266666666667,0.048216742439388,0.0470884614107989,FALSE,FALSE,TRUE,FALSE,FALSE,FALSE,,
"TCONS_00177487","XLOC_033049","CST3",,,,,-0.00303333333333333,0.907242687403185,0.0470884614107989,FALSE,FALSE,TRUE,FALSE,FALSE,FALSE,,
"TCONS_00180270","XLOC_033049","CST3",,,,,0.118233333333333,0.0470884614107989,0.0470884614107989,FALSE,FALSE,TRUE,FALSE,FALSE,FALSE,,
"TCONS_00178762","XLOC_033321","TP53RK",,,,,-0.0782333333333334,0.969550629864487,0.000159056974452882,FALSE,FALSE,TRUE,FALSE,FALSE,FALSE,,
"TCONS_00178763","XLOC_033321","TP53RK",,,,,-0.1225,0.648066213113534,0.000159056974452882,FALSE,FALSE,TRUE,FALSE,FALSE,FALSE,,
"TCONS_00179959","XLOC_033321","TP53RK",,,,,0.187333333333333,0.000159056974452882,0.000159056974452882,TRUE,FALSE,TRUE,FALSE,TRUE,FALSE,,
"TCONS_00181967","XLOC_033863","AGPAT3",,,,,-0.0815666666666667,1,0.012166652829686,FALSE,FALSE,TRUE,FALSE,FALSE,FALSE,,
"TCONS_00181968","XLOC_033863","AGPAT3",,,,,0.00726666666666667,0.887943338344464,0.012166652829686,FALSE,FALSE,TRUE,FALSE,FALSE,FALSE,,
"TCONS_00181970","XLOC_033863","AGPAT3",,,,,-0.127066666666667,1,0.012166652829686,FALSE,FALSE,TRUE,FALSE,FALSE,FALSE,,
"TCONS_00181972","XLOC_033863","AGPAT3",,,,,0.2005,0.012166652829686,0.012166652829686,TRUE,FALSE,TRUE,FALSE,TRUE,FALSE,,
"TCONS_00181982","XLOC_033863","AGPAT3",,,,,0.0059,0.975192325942328,0.012166652829686,FALSE,FALSE,TRUE,FALSE,FALSE,FALSE,,
"TCONS_00181985","XLOC_033863","AGPAT3",,,,,-0.007,1,0.012166652829686,FALSE,FALSE,TRUE,FALSE,FALSE,FALSE,,
"TCONS_00182086","XLOC_033899","ENSG00000272825",,,,,-0.107566666666667,0.000908073435972873,0.000270883471619357,FALSE,FALSE,TRUE,FALSE,FALSE,FALSE,,
"TCONS_00183940","XLOC_033899","ENSG00000272825",,,,,0.107566666666667,0.000270883471619357,0.000270883471619357,FALSE,FALSE,TRUE,FALSE,FALSE,FALSE,,
"TCONS_00183486","XLOC_034289","CBS",,,,,0.017,1,0.0450467266619429,FALSE,FALSE,TRUE,FALSE,FALSE,FALSE,,
"TCONS_00183487","XLOC_034289","CBS",,,,,-0.0078,1,0.0450467266619429,FALSE,FALSE,TRUE,FALSE,FALSE,FALSE,,
"TCONS_00183488","XLOC_034289","CBS",,,,,-0.132133333333333,0.73601310374525,0.0450467266619429,FALSE,FALSE,TRUE,FALSE,FALSE,FALSE,,
"TCONS_00183489","XLOC_034289","CBS",,,,,-0.0162333333333333,1,0.0450467266619429,FALSE,FALSE,TRUE,FALSE,FALSE,FALSE,,
"TCONS_00183490","XLOC_034289","CBS",,,,,0.0161,1,0.0450467266619429,FALSE,FALSE,TRUE,FALSE,FALSE,FALSE,,
"TCONS_00183499","XLOC_034289","CBS",,,,,-0.0170333333333333,1,0.0450467266619429,FALSE,FALSE,TRUE,FALSE,FALSE,FALSE,,
"TCONS_00183500","XLOC_034289","CBS",,,,,0.025,1,0.0450467266619429,FALSE,FALSE,TRUE,FALSE,FALSE,FALSE,,
"TCONS_00183502","XLOC_034289","CBS",,,,,-0.0064,1,0.0450467266619429,FALSE,FALSE,TRUE,FALSE,FALSE,FALSE,,
"TCONS_00184172","XLOC_034289","CBS",,,,,0.103333333333333,0.0450467266619429,0.0450467266619429,FALSE,FALSE,TRUE,FALSE,FALSE,FALSE,,
"TCONS_00183504","XLOC_034290","U2AF1",,,,,-0.0248333333333333,0.470376018725398,0.0221463324083384,FALSE,FALSE,TRUE,FALSE,FALSE,FALSE,,
"TCONS_00183505","XLOC_034290","U2AF1",,,,,-0.00776666666666667,1,0.0221463324083384,FALSE,FALSE,TRUE,FALSE,FALSE,FALSE,,
"TCONS_00183506","XLOC_034290","U2AF1",,,,,-0.292333333333333,0.0862869402201081,0.0221463324083384,FALSE,FALSE,TRUE,FALSE,FALSE,FALSE,,
"TCONS_00183507","XLOC_034290","U2AF1",,,,,-0.0482333333333333,0.136475737796509,0.0221463324083384,FALSE,FALSE,TRUE,FALSE,FALSE,FALSE,,
"TCONS_00183508","XLOC_034290","U2AF1",,,,,-0.0991666666666667,0.961743652220731,0.0221463324083384,FALSE,FALSE,TRUE,FALSE,FALSE,FALSE,,
"TCONS_00183509","XLOC_034290","U2AF1",,,,,0.508066666666667,0.0221463324083384,0.0221463324083384,TRUE,FALSE,TRUE,FALSE,TRUE,FALSE,,
"TCONS_00183512","XLOC_034290","U2AF1",,,,,-0.0256666666666667,1,0.0221463324083384,FALSE,FALSE,TRUE,FALSE,FALSE,FALSE,,
"TCONS_00183513","XLOC_034290","U2AF1",,,,,0.00306666666666667,0.868812279107635,0.0221463324083384,FALSE,FALSE,TRUE,FALSE,FALSE,FALSE,,
"TCONS_00184437","XLOC_034416","BCL2L13",,,,,-0.00136666666666667,1,0.00124674998806984,FALSE,FALSE,TRUE,FALSE,FALSE,FALSE,,
"TCONS_00184438","XLOC_034416","BCL2L13",,,,,-0.0489,0.221311822821452,0.00124674998806984,FALSE,FALSE,TRUE,FALSE,FALSE,FALSE,,
"TCONS_00184440","XLOC_034416","BCL2L13",,,,,-0.00616666666666667,1,0.00124674998806984,FALSE,FALSE,TRUE,FALSE,FALSE,FALSE,,
"TCONS_00184442","XLOC_034416","BCL2L13",,,,,0.3139,0.0694280601414007,0.00124674998806984,FALSE,FALSE,TRUE,FALSE,FALSE,FALSE,,
"TCONS_00189512","XLOC_034416","BCL2L13",,,,,-0.0330666666666667,0.918286823052803,0.00124674998806984,FALSE,FALSE,TRUE,FALSE,FALSE,FALSE,,
"TCONS_00189513","XLOC_034416","BCL2L13",,,,,-0.0129666666666667,0.912430751815414,0.00124674998806984,FALSE,FALSE,TRUE,FALSE,FALSE,FALSE,,
"TCONS_00189819","XLOC_034416","BCL2L13",,,,,-0.0178666666666667,1,0.00124674998806984,FALSE,FALSE,TRUE,FALSE,FALSE,FALSE,,
"TCONS_00189820","XLOC_034416","BCL2L13",,,,,-0.0370666666666667,1,0.00124674998806984,FALSE,FALSE,TRUE,FALSE,FALSE,FALSE,,
"TCONS_00189824","XLOC_034416","BCL2L13",,,,,-0.114066666666667,0.00124674998806984,0.00124674998806984,FALSE,FALSE,TRUE,FALSE,FALSE,FALSE,,
"TCONS_00189826","XLOC_034416","BCL2L13",,,,,-0.0288,1,0.00124674998806984,FALSE,FALSE,TRUE,FALSE,FALSE,FALSE,,
"TCONS_00185436","XLOC_034710","HSCB",,,,,-0.0982333333333333,0.918117466603228,0.0226974868525346,FALSE,FALSE,TRUE,FALSE,FALSE,FALSE,,
"TCONS_00185438","XLOC_034710","HSCB",,,,,0.0614,1,0.0226974868525346,FALSE,FALSE,TRUE,FALSE,FALSE,FALSE,,
"TCONS_00185439","XLOC_034710","HSCB",,,,,-0.147466666666667,0.0226974868525346,0.0226974868525346,FALSE,FALSE,TRUE,FALSE,FALSE,FALSE,,
"TCONS_00185441","XLOC_034710","HSCB",,,,,0.119,0.408788036648232,0.0226974868525346,FALSE,FALSE,TRUE,FALSE,FALSE,FALSE,,
"TCONS_00185442","XLOC_034710","HSCB",,,,,0.0466666666666667,1,0.0226974868525346,FALSE,FALSE,TRUE,FALSE,FALSE,FALSE,,
"TCONS_00185502","XLOC_034720","GAS2L1",,,,,-0.0075,1,0.00114387130593288,FALSE,FALSE,TRUE,FALSE,FALSE,FALSE,,
"TCONS_00185505","XLOC_034720","GAS2L1",,,,,-0.198033333333333,0.00114387130593288,0.00114387130593288,TRUE,FALSE,TRUE,FALSE,TRUE,FALSE,,
"TCONS_00185506","XLOC_034720","GAS2L1",,,,,-0.0444,0.904072532723263,0.00114387130593288,FALSE,FALSE,TRUE,FALSE,FALSE,FALSE,,
"TCONS_00185507","XLOC_034720","GAS2L1",,,,,0.435566666666667,0.0639426128604321,0.00114387130593288,FALSE,FALSE,TRUE,FALSE,FALSE,FALSE,,
"TCONS_00185508","XLOC_034720","GAS2L1",,,,,0.0278666666666667,0.767097013931081,0.00114387130593288,FALSE,FALSE,TRUE,FALSE,FALSE,FALSE,,
"TCONS_00185509","XLOC_034720","GAS2L1",,,,,-0.203833333333333,1,0.00114387130593288,FALSE,FALSE,TRUE,FALSE,FALSE,FALSE,,
"TCONS_00185510","XLOC_034720","GAS2L1",,,,,0.00616666666666667,1,0.00114387130593288,FALSE,FALSE,TRUE,FALSE,FALSE,FALSE,,
"TCONS_00185511","XLOC_034720","GAS2L1",,,,,-0.0145,0.982304810201451,0.00114387130593288,FALSE,FALSE,TRUE,FALSE,FALSE,FALSE,,
"TCONS_00185612","XLOC_034745","OSBP2",,,,,-0.00459999999999999,1,0.0231657567355001,FALSE,FALSE,TRUE,FALSE,FALSE,FALSE,,
"TCONS_00185613","XLOC_034745","OSBP2",,,,,0.0173,1,0.0231657567355001,FALSE,FALSE,TRUE,FALSE,FALSE,FALSE,,
"TCONS_00185614","XLOC_034745","OSBP2",,,,,0.0651666666666667,1,0.0231657567355001,FALSE,FALSE,TRUE,FALSE,FALSE,FALSE,,
"TCONS_00185621","XLOC_034745","OSBP2",,,,,-0.00903333333333333,1,0.0231657567355001,FALSE,FALSE,TRUE,FALSE,FALSE,FALSE,,
"TCONS_00185622","XLOC_034745","OSBP2",,,,,-0.0316333333333333,1,0.0231657567355001,FALSE,FALSE,TRUE,FALSE,FALSE,FALSE,,
"TCONS_00185623","XLOC_034745","OSBP2",,,,,0.1943,0.1798237385499,0.0231657567355001,FALSE,FALSE,TRUE,FALSE,FALSE,FALSE,,
"TCONS_00185626","XLOC_034745","OSBP2",,,,,0.0084,1,0.0231657567355001,FALSE,FALSE,TRUE,FALSE,FALSE,FALSE,,
"TCONS_00185627","XLOC_034745","OSBP2",,,,,-0.0683666666666667,1,0.0231657567355001,FALSE,FALSE,TRUE,FALSE,FALSE,FALSE,,
"TCONS_00185628","XLOC_034745","OSBP2",,,,,-0.1824,0.0231657567355001,0.0231657567355001,TRUE,FALSE,TRUE,FALSE,TRUE,FALSE,,
"TCONS_00185928","XLOC_034797","HMGXB4",,,,,0.0369333333333333,0.885370601315904,0.0001385775718184,FALSE,FALSE,TRUE,FALSE,FALSE,FALSE,,
"TCONS_00185929","XLOC_034797","HMGXB4",,,,,-0.133433333333333,0.685095657834365,0.0001385775718184,FALSE,FALSE,TRUE,FALSE,FALSE,FALSE,,
"TCONS_00185931","XLOC_034797","HMGXB4",,,,,0.105833333333333,1,0.0001385775718184,FALSE,FALSE,TRUE,FALSE,FALSE,FALSE,,
"TCONS_00185932","XLOC_034797","HMGXB4",,,,,0.0876666666666667,1,0.0001385775718184,FALSE,FALSE,TRUE,FALSE,FALSE,FALSE,,
"TCONS_00189556","XLOC_034797","HMGXB4",,,,,0.0737666666666667,1,0.0001385775718184,FALSE,FALSE,TRUE,FALSE,FALSE,FALSE,,
"TCONS_00189894","XLOC_034797","HMGXB4",,,,,-0.0274,0.973155241095238,0.0001385775718184,FALSE,FALSE,TRUE,FALSE,FALSE,FALSE,,
"TCONS_00190213","XLOC_034797","HMGXB4",,,,,-0.141233333333333,0.0001385775718184,0.0001385775718184,FALSE,FALSE,TRUE,FALSE,FALSE,FALSE,,
"TCONS_00185991","XLOC_034821","APOL1",,,,,0.000933333333333328,1,0.000490663520036393,FALSE,FALSE,TRUE,FALSE,FALSE,FALSE,,
"TCONS_00185992","XLOC_034821","APOL1",,,,,0.0043,1,0.000490663520036393,FALSE,FALSE,TRUE,FALSE,FALSE,FALSE,,
"TCONS_00185995","XLOC_034821","APOL1",,,,,0.0132,0.256463758100305,0.000490663520036393,FALSE,FALSE,TRUE,FALSE,FALSE,FALSE,,
"TCONS_00185998","XLOC_034821","APOL1",,,,,-0.0660333333333333,0.76679273723966,0.000490663520036393,FALSE,FALSE,TRUE,FALSE,FALSE,FALSE,,
"TCONS_00189560","XLOC_034821","APOL1",,,,,0.0252333333333333,0.0381596824846848,0.000490663520036393,FALSE,FALSE,TRUE,FALSE,FALSE,FALSE,,
"TCONS_00189906","XLOC_034821","APOL1",,,,,-0.0774,1,0.000490663520036393,FALSE,FALSE,TRUE,FALSE,FALSE,FALSE,,
"TCONS_00189907","XLOC_034821","APOL1",,,,,0.0732,1,0.000490663520036393,FALSE,FALSE,TRUE,FALSE,FALSE,FALSE,,
"TCONS_00190217","XLOC_034821","APOL1",,,,,0.174633333333333,0.000490663520036393,0.000490663520036393,TRUE,FALSE,TRUE,FALSE,TRUE,FALSE,,
"TCONS_00190218","XLOC_034821","APOL1",,,,,-0.162133333333333,0.00735689523347725,0.000490663520036393,TRUE,FALSE,TRUE,FALSE,TRUE,FALSE,,
"TCONS_00186119","XLOC_034846","H1-0",,,,,0.164933333333333,0.168851034834726,2.01161848051138e-05,FALSE,FALSE,TRUE,FALSE,FALSE,FALSE,,
"TCONS_00189923","XLOC_034846","H1-0",,,,,-0.130933333333333,2.01161848051138e-05,2.01161848051138e-05,FALSE,FALSE,TRUE,FALSE,FALSE,FALSE,,
"TCONS_00189924","XLOC_034846","H1-0",,,,,-0.0340666666666667,1,2.01161848051138e-05,FALSE,FALSE,TRUE,FALSE,FALSE,FALSE,,
"TCONS_00187321","XLOC_035134","HIRA",,,,,0.2981,1.41481288229231e-06,1.41481288229231e-06,TRUE,FALSE,TRUE,FALSE,TRUE,FALSE,,
"TCONS_00187325","XLOC_035134","HIRA",,,,,-0.2226,0.00638808256185636,1.41481288229231e-06,TRUE,FALSE,TRUE,FALSE,TRUE,FALSE,,
"TCONS_00187326","XLOC_035134","HIRA",,,,,-0.0818333333333333,0.103162052536641,1.41481288229231e-06,FALSE,FALSE,TRUE,FALSE,FALSE,FALSE,,
"TCONS_00188905","XLOC_035493","POLR3H",,,,,0.0239333333333333,1,2.08848539462837e-06,FALSE,FALSE,TRUE,FALSE,FALSE,FALSE,,
"TCONS_00188906","XLOC_035493","POLR3H",,,,,-0.0725,0.525647211638727,2.08848539462837e-06,FALSE,FALSE,TRUE,FALSE,FALSE,FALSE,,
"TCONS_00188908","XLOC_035493","POLR3H",,,,,-0.0673666666666667,0.321095008426347,2.08848539462837e-06,FALSE,FALSE,TRUE,FALSE,FALSE,FALSE,,
"TCONS_00188910","XLOC_035493","POLR3H",,,,,0.224,2.08848539462837e-06,2.08848539462837e-06,TRUE,FALSE,TRUE,FALSE,TRUE,FALSE,,
"TCONS_00188911","XLOC_035493","POLR3H",,,,,-0.00416666666666667,1,2.08848539462837e-06,FALSE,FALSE,TRUE,FALSE,FALSE,FALSE,,
"TCONS_00189664","XLOC_035493","POLR3H",,,,,-0.108833333333333,0.972600322958854,2.08848539462837e-06,FALSE,FALSE,TRUE,FALSE,FALSE,FALSE,,
"TCONS_00188964","XLOC_035509","NDUFA6",,,,,0.2227,6.91180459437222e-08,6.91180459437222e-08,TRUE,FALSE,TRUE,FALSE,TRUE,FALSE,,
"TCONS_00188965","XLOC_035509","NDUFA6",,,,,-0.2227,1.0233580788105e-05,6.91180459437222e-08,TRUE,FALSE,TRUE,FALSE,TRUE,FALSE,,
"TCONS_00190397","XLOC_035640","TRNT1",,,,,0.0187333333333334,1,0.0111838023908854,FALSE,FALSE,TRUE,FALSE,FALSE,FALSE,,
"TCONS_00190398","XLOC_035640","TRNT1",,,,,-0.120166666666667,0.955446950017707,0.0111838023908854,FALSE,FALSE,TRUE,FALSE,FALSE,FALSE,,
"TCONS_00190406","XLOC_035640","TRNT1",,,,,0.00253333333333334,1,0.0111838023908854,FALSE,FALSE,TRUE,FALSE,FALSE,FALSE,,
"TCONS_00190411","XLOC_035640","TRNT1",,,,,-0.00726666666666667,1,0.0111838023908854,FALSE,FALSE,TRUE,FALSE,FALSE,FALSE,,
"TCONS_00190412","XLOC_035640","TRNT1",,,,,0.0113666666666667,1,0.0111838023908854,FALSE,FALSE,TRUE,FALSE,FALSE,FALSE,,
"TCONS_00190416","XLOC_035640","TRNT1",,,,,-0.0385,0.81187737025878,0.0111838023908854,FALSE,FALSE,TRUE,FALSE,FALSE,FALSE,,
"TCONS_00207290","XLOC_035640","TRNT1",,,,,0.119133333333333,0.0111838023908854,0.0111838023908854,FALSE,FALSE,TRUE,FALSE,FALSE,FALSE,,
"TCONS_00207293","XLOC_035640","TRNT1",,,,,-0.0145333333333333,0.931228081329709,0.0111838023908854,FALSE,FALSE,TRUE,FALSE,FALSE,FALSE,,
"TCONS_00208524","XLOC_035640","TRNT1",,,,,0.0183,0.315725318962955,0.0111838023908854,FALSE,FALSE,TRUE,FALSE,FALSE,FALSE,,
"TCONS_00208525","XLOC_035640","TRNT1",,,,,-0.0195333333333333,1,0.0111838023908854,FALSE,FALSE,TRUE,FALSE,FALSE,FALSE,,
"TCONS_00192454","XLOC_035959","SACM1L",,,,,-0.0155666666666667,1,0.000236628682183914,FALSE,FALSE,TRUE,FALSE,FALSE,FALSE,,
"TCONS_00192456","XLOC_035959","SACM1L",,,,,0.0144666666666667,1,0.000236628682183914,FALSE,FALSE,TRUE,FALSE,FALSE,FALSE,,
"TCONS_00192457","XLOC_035959","SACM1L",,,,,0.0184,0.793000704703598,0.000236628682183914,FALSE,FALSE,TRUE,FALSE,FALSE,FALSE,,
"TCONS_00192465","XLOC_035959","SACM1L",,,,,0.0022,1,0.000236628682183914,FALSE,FALSE,TRUE,FALSE,FALSE,FALSE,,
"TCONS_00205875","XLOC_035959","SACM1L",,,,,-0.00489999999999999,1,0.000236628682183914,FALSE,FALSE,TRUE,FALSE,FALSE,FALSE,,
"TCONS_00205877","XLOC_035959","SACM1L",,,,,0.167366666666667,0.000236628682183914,0.000236628682183914,TRUE,FALSE,TRUE,FALSE,TRUE,FALSE,,
"TCONS_00205878","XLOC_035959","SACM1L",,,,,-0.0300333333333333,1,0.000236628682183914,FALSE,FALSE,TRUE,FALSE,FALSE,FALSE,,
"TCONS_00207480","XLOC_035959","SACM1L",,,,,0.000466666666666669,1,0.000236628682183914,FALSE,FALSE,TRUE,FALSE,FALSE,FALSE,,
"TCONS_00207481","XLOC_035959","SACM1L",,,,,-0.0215333333333333,1,0.000236628682183914,FALSE,FALSE,TRUE,FALSE,FALSE,FALSE,,
"TCONS_00208638","XLOC_035959","SACM1L",,,,,-0.1306,0.144417924692626,0.000236628682183914,FALSE,FALSE,TRUE,FALSE,FALSE,FALSE,,
"TCONS_00192708","XLOC_036015","KLHDC8B",,,,,-0.230366666666667,0.597783015914327,0.0256001185496854,FALSE,FALSE,TRUE,FALSE,FALSE,FALSE,,
"TCONS_00192709","XLOC_036015","KLHDC8B",,,,,0.0435333333333333,1,0.0256001185496854,FALSE,FALSE,TRUE,FALSE,FALSE,FALSE,,
"TCONS_00192710","XLOC_036015","KLHDC8B",,,,,0.0105666666666667,1,0.0256001185496854,FALSE,FALSE,TRUE,FALSE,FALSE,FALSE,,
"TCONS_00192711","XLOC_036015","KLHDC8B",,,,,0.0139,1,0.0256001185496854,FALSE,FALSE,TRUE,FALSE,FALSE,FALSE,,
"TCONS_00207503","XLOC_036015","KLHDC8B",,,,,0.0181,1,0.0256001185496854,FALSE,FALSE,TRUE,FALSE,FALSE,FALSE,,
"TCONS_00207504","XLOC_036015","KLHDC8B",,,,,0.0284333333333333,1,0.0256001185496854,FALSE,FALSE,TRUE,FALSE,FALSE,FALSE,,
"TCONS_00207505","XLOC_036015","KLHDC8B",,,,,0.0597,1,0.0256001185496854,FALSE,FALSE,TRUE,FALSE,FALSE,FALSE,,
"TCONS_00207506","XLOC_036015","KLHDC8B",,,,,0.298133333333333,0.0256001185496854,0.0256001185496854,TRUE,FALSE,TRUE,FALSE,TRUE,FALSE,,
"TCONS_00207507","XLOC_036015","KLHDC8B",,,,,-0.241966666666667,0.547131557209145,0.0256001185496854,FALSE,FALSE,TRUE,FALSE,FALSE,FALSE,,
"TCONS_00196620","XLOC_036869","MYNN",,,,,-0.0333666666666667,1,0.0238453906718407,FALSE,FALSE,TRUE,FALSE,FALSE,FALSE,,
"TCONS_00196621","XLOC_036869","MYNN",,,,,0.217133333333333,0.380269858075214,0.0238453906718407,FALSE,FALSE,TRUE,FALSE,FALSE,FALSE,,
"TCONS_00196622","XLOC_036869","MYNN",,,,,0.0252,1,0.0238453906718407,FALSE,FALSE,TRUE,FALSE,FALSE,FALSE,,
"TCONS_00196624","XLOC_036869","MYNN",,,,,0.0122666666666667,1,0.0238453906718407,FALSE,FALSE,TRUE,FALSE,FALSE,FALSE,,
"TCONS_00206155","XLOC_036869","MYNN",,,,,0.0103666666666667,1,0.0238453906718407,FALSE,FALSE,TRUE,FALSE,FALSE,FALSE,,
"TCONS_00206156","XLOC_036869","MYNN",,,,,0.0117,1,0.0238453906718407,FALSE,FALSE,TRUE,FALSE,FALSE,FALSE,,
"TCONS_00206157","XLOC_036869","MYNN",,,,,-0.1215,0.983339983948619,0.0238453906718407,FALSE,FALSE,TRUE,FALSE,FALSE,FALSE,,
"TCONS_00207807","XLOC_036869","MYNN",,,,,-0.0445666666666666,1,0.0238453906718407,FALSE,FALSE,TRUE,FALSE,FALSE,FALSE,,
"TCONS_00207808","XLOC_036869","MYNN",,,,,-0.2214,0.0238453906718407,0.0238453906718407,TRUE,FALSE,TRUE,FALSE,TRUE,FALSE,,
"TCONS_00207809","XLOC_036869","MYNN",,,,,0.0464333333333333,0.868681794042992,0.0238453906718407,FALSE,FALSE,TRUE,FALSE,FALSE,FALSE,,
"TCONS_00208821","XLOC_036869","MYNN",,,,,0.0191666666666667,0.971776864878444,0.0238453906718407,FALSE,FALSE,TRUE,FALSE,FALSE,FALSE,,
"TCONS_00208822","XLOC_036869","MYNN",,,,,0.0059,1,0.0238453906718407,FALSE,FALSE,TRUE,FALSE,FALSE,FALSE,,
"TCONS_00208823","XLOC_036869","MYNN",,,,,0.0804333333333333,0.740040966806771,0.0238453906718407,FALSE,FALSE,TRUE,FALSE,FALSE,FALSE,,
"TCONS_00196791","XLOC_036921","LINC02015",,,,,-0.187666666666667,0.00167469758826274,0.00167469758826274,TRUE,FALSE,TRUE,FALSE,TRUE,FALSE,,
"TCONS_00196792","XLOC_036921","LINC02015",,,,,0.0169666666666667,1,0.00167469758826274,FALSE,FALSE,TRUE,FALSE,FALSE,FALSE,,
"TCONS_00196793","XLOC_036921","LINC02015",,,,,0.0929333333333333,0.900085072205479,0.00167469758826274,FALSE,FALSE,TRUE,FALSE,FALSE,FALSE,,
"TCONS_00196794","XLOC_036921","LINC02015",,,,,-0.0316666666666667,0.63771324479243,0.00167469758826274,FALSE,FALSE,TRUE,FALSE,FALSE,FALSE,,
"TCONS_00206917","XLOC_036921","LINC02015",,,,,0.109466666666667,0.724567634078335,0.00167469758826274,FALSE,FALSE,TRUE,FALSE,FALSE,FALSE,,
"TCONS_00197384","XLOC_036984","ABCF3",,,,,0.0113,1,0.00534844528281078,FALSE,FALSE,TRUE,FALSE,FALSE,FALSE,,
"TCONS_00197388","XLOC_036984","ABCF3",,,,,-0.002,1,0.00534844528281078,FALSE,FALSE,TRUE,FALSE,FALSE,FALSE,,
"TCONS_00197390","XLOC_036984","ABCF3",,,,,-0.0481333333333333,0.2109962586809,0.00534844528281078,FALSE,FALSE,TRUE,FALSE,FALSE,FALSE,,
"TCONS_00197395","XLOC_036984","ABCF3",,,,,3.33333333333331e-05,1,0.00534844528281078,FALSE,FALSE,TRUE,FALSE,FALSE,FALSE,,
"TCONS_00206180","XLOC_036984","ABCF3",,,,,0.00426666666666667,1,0.00534844528281078,FALSE,FALSE,TRUE,FALSE,FALSE,FALSE,,
"TCONS_00206181","XLOC_036984","ABCF3",,,,,0.00856666666666667,1,0.00534844528281078,FALSE,FALSE,TRUE,FALSE,FALSE,FALSE,,
"TCONS_00206182","XLOC_036984","ABCF3",,,,,-0.1178,0.815676630637862,0.00534844528281078,FALSE,FALSE,TRUE,FALSE,FALSE,FALSE,,
"TCONS_00207849","XLOC_036984","ABCF3",,,,,-0.004,0.895694961643609,0.00534844528281078,FALSE,FALSE,TRUE,FALSE,FALSE,FALSE,,
"TCONS_00207851","XLOC_036984","ABCF3",,,,,-0.0878,0.93170096293481,0.00534844528281078,FALSE,FALSE,TRUE,FALSE,FALSE,FALSE,,
"TCONS_00207853","XLOC_036984","ABCF3",,,,,0.102666666666667,0.0791392257341236,0.00534844528281078,FALSE,FALSE,TRUE,FALSE,FALSE,FALSE,,
"TCONS_00207854","XLOC_036984","ABCF3",,,,,0.131366666666667,0.00534844528281078,0.00534844528281078,FALSE,FALSE,TRUE,FALSE,FALSE,FALSE,,
"TCONS_00199642","XLOC_037425","ULK4",,,,,0.0343666666666667,1,3.75172694186782e-05,FALSE,FALSE,TRUE,FALSE,FALSE,FALSE,,
"TCONS_00199648","XLOC_037425","ULK4",,,,,-0.00233333333333333,1,3.75172694186782e-05,FALSE,FALSE,TRUE,FALSE,FALSE,FALSE,,
"TCONS_00199654","XLOC_037425","ULK4",,,,,-0.2149,0.674593809689696,3.75172694186782e-05,FALSE,FALSE,TRUE,FALSE,FALSE,FALSE,,
"TCONS_00199655","XLOC_037425","ULK4",,,,,0.2838,3.75172694186782e-05,3.75172694186782e-05,TRUE,FALSE,TRUE,FALSE,TRUE,FALSE,,
"TCONS_00199656","XLOC_037425","ULK4",,,,,-0.0624333333333333,1,3.75172694186782e-05,FALSE,FALSE,TRUE,FALSE,FALSE,FALSE,,
"TCONS_00199657","XLOC_037425","ULK4",,,,,-0.00836666666666667,1,3.75172694186782e-05,FALSE,FALSE,TRUE,FALSE,FALSE,FALSE,,
"TCONS_00206339","XLOC_037425","ULK4",,,,,-0.0152333333333333,1,3.75172694186782e-05,FALSE,FALSE,TRUE,FALSE,FALSE,FALSE,,
"TCONS_00207033","XLOC_037425","ULK4",,,,,0.000699999999999999,1,3.75172694186782e-05,FALSE,FALSE,TRUE,FALSE,FALSE,FALSE,,
"TCONS_00208963","XLOC_037425","ULK4",,,,,-0.0105666666666667,0.828613365313909,3.75172694186782e-05,FALSE,FALSE,TRUE,FALSE,FALSE,FALSE,,
"TCONS_00200968","XLOC_037613","DCP1A",,,,,0.1944,0.00163493306503705,0.00163493306503705,TRUE,FALSE,TRUE,FALSE,TRUE,FALSE,,
"TCONS_00200969","XLOC_037613","DCP1A",,,,,-0.135966666666667,0.890302251302273,0.00163493306503705,FALSE,FALSE,TRUE,FALSE,FALSE,FALSE,,
"TCONS_00200970","XLOC_037613","DCP1A",,,,,-0.0420666666666667,0.86940308287708,0.00163493306503705,FALSE,FALSE,TRUE,FALSE,FALSE,FALSE,,
"TCONS_00200973","XLOC_037613","DCP1A",,,,,0.0135,1,0.00163493306503705,FALSE,FALSE,TRUE,FALSE,FALSE,FALSE,,
"TCONS_00208217","XLOC_037613","DCP1A",,,,,-0.0344666666666666,1,0.00163493306503705,FALSE,FALSE,TRUE,FALSE,FALSE,FALSE,,
"TCONS_00202414","XLOC_037941","B4GALT4",,,,,-0.0132333333333333,0.888595757302343,0.000125040907965746,FALSE,FALSE,TRUE,FALSE,FALSE,FALSE,,
"TCONS_00202416","XLOC_037941","B4GALT4",,,,,0.0366333333333333,0.805102977217812,0.000125040907965746,FALSE,FALSE,TRUE,FALSE,FALSE,FALSE,,
"TCONS_00202417","XLOC_037941","B4GALT4",,,,,0.130433333333333,1,0.000125040907965746,FALSE,FALSE,TRUE,FALSE,FALSE,FALSE,,
"TCONS_00202418","XLOC_037941","B4GALT4",,,,,0.0333,0.831181049014615,0.000125040907965746,FALSE,FALSE,TRUE,FALSE,FALSE,FALSE,,
"TCONS_00202420","XLOC_037941","B4GALT4",,,,,0.0022,1,0.000125040907965746,FALSE,FALSE,TRUE,FALSE,FALSE,FALSE,,
"TCONS_00202422","XLOC_037941","B4GALT4",,,,,-0.1228,0.000125040907965746,0.000125040907965746,FALSE,FALSE,TRUE,FALSE,FALSE,FALSE,,
"TCONS_00202425","XLOC_037941","B4GALT4",,,,,0.0441,0.94253734305683,0.000125040907965746,FALSE,FALSE,TRUE,FALSE,FALSE,FALSE,,
"TCONS_00202427","XLOC_037941","B4GALT4",,,,,0.0213666666666667,0.90997855483803,0.000125040907965746,FALSE,FALSE,TRUE,FALSE,FALSE,FALSE,,
"TCONS_00206434","XLOC_037941","B4GALT4",,,,,0.0187666666666667,1,0.000125040907965746,FALSE,FALSE,TRUE,FALSE,FALSE,FALSE,,
"TCONS_00208295","XLOC_037941","B4GALT4",,,,,-0.188166666666667,0.100506724044844,0.000125040907965746,FALSE,FALSE,TRUE,FALSE,FALSE,FALSE,,
"TCONS_00209061","XLOC_037941","B4GALT4",,,,,0.00323333333333334,0.870975393292914,0.000125040907965746,FALSE,FALSE,TRUE,FALSE,FALSE,FALSE,,
"TCONS_00203717","XLOC_038197","SLC9A9",,,,,-0.1532,0.378345041235302,8.92267607922612e-06,FALSE,FALSE,TRUE,FALSE,FALSE,FALSE,,
"TCONS_00203722","XLOC_038197","SLC9A9",,,,,-0.00263333333333333,1,8.92267607922612e-06,FALSE,FALSE,TRUE,FALSE,FALSE,FALSE,,
"TCONS_00203723","XLOC_038197","SLC9A9",,,,,-0.0557333333333333,0.866164916422805,8.92267607922612e-06,FALSE,FALSE,TRUE,FALSE,FALSE,FALSE,,
"TCONS_00203724","XLOC_038197","SLC9A9",,,,,-0.0126,1,8.92267607922612e-06,FALSE,FALSE,TRUE,FALSE,FALSE,FALSE,,
"TCONS_00207200","XLOC_038197","SLC9A9",,,,,0.0189333333333333,1,8.92267607922612e-06,FALSE,FALSE,TRUE,FALSE,FALSE,FALSE,,
"TCONS_00208421","XLOC_038197","SLC9A9",,,,,0.180466666666667,8.92267607922612e-06,8.92267607922612e-06,TRUE,FALSE,TRUE,FALSE,TRUE,FALSE,,
"TCONS_00208422","XLOC_038197","SLC9A9",,,,,0.0973,0.712398506603674,8.92267607922612e-06,FALSE,FALSE,TRUE,FALSE,FALSE,FALSE,,
"TCONS_00209138","XLOC_038197","SLC9A9",,,,,-0.0722,0.874300823272106,8.92267607922612e-06,FALSE,FALSE,TRUE,FALSE,FALSE,FALSE,,
"TCONS_00203921","XLOC_038255","SERP1",,,,,-0.130166666666667,0.00561004523039849,0.00561004523039849,FALSE,FALSE,TRUE,FALSE,FALSE,FALSE,,
"TCONS_00203922","XLOC_038255","SERP1",,,,,-0.000400000000000001,1,0.00561004523039849,FALSE,FALSE,TRUE,FALSE,FALSE,FALSE,,
"TCONS_00209151","XLOC_038255","SERP1",,,,,0.116266666666667,0.178692046961424,0.00561004523039849,FALSE,FALSE,TRUE,FALSE,FALSE,FALSE,,
"TCONS_00205566","XLOC_038647","NCBP2",,,,,0.1074,0.657702542853514,1.65741569367576e-20,FALSE,FALSE,TRUE,FALSE,FALSE,FALSE,,
"TCONS_00205568","XLOC_038647","NCBP2",,,,,-0.0168,0.919155263181284,1.65741569367576e-20,FALSE,FALSE,TRUE,FALSE,FALSE,FALSE,,
"TCONS_00205569","XLOC_038647","NCBP2",,,,,0.0335,0.88633941735301,1.65741569367576e-20,FALSE,FALSE,TRUE,FALSE,FALSE,FALSE,,
"TCONS_00205570","XLOC_038647","NCBP2",,,,,-0.00126666666666667,1,1.65741569367576e-20,FALSE,FALSE,TRUE,FALSE,FALSE,FALSE,,
"TCONS_00205572","XLOC_038647","NCBP2",,,,,-0.0023,1,1.65741569367576e-20,FALSE,FALSE,TRUE,FALSE,FALSE,FALSE,,
"TCONS_00208514","XLOC_038647","NCBP2",,,,,0.0217,1,1.65741569367576e-20,FALSE,FALSE,TRUE,FALSE,FALSE,FALSE,,
"TCONS_00209206","XLOC_038647","NCBP2",,,,,-0.147133333333333,1.65741569367576e-20,1.65741569367576e-20,FALSE,FALSE,TRUE,FALSE,FALSE,FALSE,,
"TCONS_00213035","XLOC_039634","NOCT",,,,,-0.107466666666667,0.803508710193042,2.10269508730476e-08,FALSE,FALSE,TRUE,FALSE,FALSE,FALSE,,
"TCONS_00213037","XLOC_039634","NOCT",,,,,0.1772,2.10269508730476e-08,2.10269508730476e-08,TRUE,FALSE,TRUE,FALSE,TRUE,FALSE,,
"TCONS_00219787","XLOC_039634","NOCT",,,,,-0.0420333333333333,1,2.10269508730476e-08,FALSE,FALSE,TRUE,FALSE,FALSE,FALSE,,
"TCONS_00220328","XLOC_039634","NOCT",,,,,-0.0276,0.99234319987716,2.10269508730476e-08,FALSE,FALSE,TRUE,FALSE,FALSE,FALSE,,
"TCONS_00213783","XLOC_039818","TMA16",,,,,0.0282,0.217240143245812,0.0214254902453122,FALSE,FALSE,TRUE,FALSE,FALSE,FALSE,,
"TCONS_00213784","XLOC_039818","TMA16",,,,,0.0809666666666667,0.536439435512994,0.0214254902453122,FALSE,FALSE,TRUE,FALSE,FALSE,FALSE,,
"TCONS_00213785","XLOC_039818","TMA16",,,,,0.0220666666666667,0.224785710590075,0.0214254902453122,FALSE,FALSE,TRUE,FALSE,FALSE,FALSE,,
"TCONS_00213787","XLOC_039818","TMA16",,,,,0.130866666666667,0.525345390447932,0.0214254902453122,FALSE,FALSE,TRUE,FALSE,FALSE,FALSE,,
"TCONS_00213788","XLOC_039818","TMA16",,,,,-0.1999,0.0214254902453122,0.0214254902453122,TRUE,FALSE,TRUE,FALSE,TRUE,FALSE,,
"TCONS_00213789","XLOC_039818","TMA16",,,,,-0.113166666666667,0.379701282268892,0.0214254902453122,FALSE,FALSE,TRUE,FALSE,FALSE,FALSE,,
"TCONS_00213790","XLOC_039818","TMA16",,,,,0.0108666666666667,0.982304810201451,0.0214254902453122,FALSE,FALSE,TRUE,FALSE,FALSE,FALSE,,
"TCONS_00220962","XLOC_039818","TMA16",,,,,0.0293333333333333,1,0.0214254902453122,FALSE,FALSE,TRUE,FALSE,FALSE,FALSE,,
"TCONS_00220963","XLOC_039818","TMA16",,,,,0.0106666666666667,1,0.0214254902453122,FALSE,FALSE,TRUE,FALSE,FALSE,FALSE,,
"TCONS_00213927","XLOC_039876","GALNT7",,,,,0.121133333333333,5.57759920780752e-09,5.57759920780752e-09,FALSE,FALSE,TRUE,FALSE,FALSE,FALSE,,
"TCONS_00213932","XLOC_039876","GALNT7",,,,,-0.012,1,5.57759920780752e-09,FALSE,FALSE,TRUE,FALSE,FALSE,FALSE,,
"TCONS_00219376","XLOC_039876","GALNT7",,,,,0.147966666666667,0.00512854492408242,5.57759920780752e-09,FALSE,FALSE,TRUE,FALSE,FALSE,FALSE,,
"TCONS_00219377","XLOC_039876","GALNT7",,,,,0.0294333333333334,1,5.57759920780752e-09,FALSE,FALSE,TRUE,FALSE,FALSE,FALSE,,
"TCONS_00219827","XLOC_039876","GALNT7",,,,,0.0086,1,5.57759920780752e-09,FALSE,FALSE,TRUE,FALSE,FALSE,FALSE,,
"TCONS_00219828","XLOC_039876","GALNT7",,,,,-0.0817,0.205232651570906,5.57759920780752e-09,FALSE,FALSE,TRUE,FALSE,FALSE,FALSE,,
"TCONS_00219829","XLOC_039876","GALNT7",,,,,-0.0397,0.0231880390720272,5.57759920780752e-09,FALSE,FALSE,TRUE,FALSE,FALSE,FALSE,,
"TCONS_00220409","XLOC_039876","GALNT7",,,,,-0.0614,0.847032699990024,5.57759920780752e-09,FALSE,FALSE,TRUE,FALSE,FALSE,FALSE,,
"TCONS_00220410","XLOC_039876","GALNT7",,,,,-0.116266666666667,0.362668813769863,5.57759920780752e-09,FALSE,FALSE,TRUE,FALSE,FALSE,FALSE,,
"TCONS_00214029","XLOC_039885","CEP44",,,,,-0.0617,1,0.0241820883448352,FALSE,FALSE,TRUE,FALSE,FALSE,FALSE,,
"TCONS_00214032","XLOC_039885","CEP44",,,,,-0.174866666666667,1,0.0241820883448352,FALSE,FALSE,TRUE,FALSE,FALSE,FALSE,,
"TCONS_00214033","XLOC_039885","CEP44",,,,,-0.0140333333333333,0.814640151002111,0.0241820883448352,FALSE,FALSE,TRUE,FALSE,FALSE,FALSE,,
"TCONS_00214034","XLOC_039885","CEP44",,,,,-0.0831333333333333,0.868821379161874,0.0241820883448352,FALSE,FALSE,TRUE,FALSE,FALSE,FALSE,,
"TCONS_00214036","XLOC_039885","CEP44",,,,,0.263466666666667,0.0241820883448352,0.0241820883448352,TRUE,FALSE,TRUE,FALSE,TRUE,FALSE,,
"TCONS_00214037","XLOC_039885","CEP44",,,,,-0.0263,0.990156631209841,0.0241820883448352,FALSE,FALSE,TRUE,FALSE,FALSE,FALSE,,
"TCONS_00214038","XLOC_039885","CEP44",,,,,0.00683333333333334,1,0.0241820883448352,FALSE,FALSE,TRUE,FALSE,FALSE,FALSE,,
"TCONS_00220413","XLOC_039885","CEP44",,,,,0.1026,1,0.0241820883448352,FALSE,FALSE,TRUE,FALSE,FALSE,FALSE,,
"TCONS_00214117","XLOC_039922","CDKN2AIP",,,,,-0.127866666666667,0.653502268778168,0.0195171528539027,FALSE,FALSE,TRUE,FALSE,FALSE,FALSE,,
"TCONS_00214118","XLOC_039922","CDKN2AIP",,,,,0.0335333333333333,1,0.0195171528539027,FALSE,FALSE,TRUE,FALSE,FALSE,FALSE,,
"TCONS_00214119","XLOC_039922","CDKN2AIP",,,,,0.0130333333333333,1,0.0195171528539027,FALSE,FALSE,TRUE,FALSE,FALSE,FALSE,,
"TCONS_00214120","XLOC_039922","CDKN2AIP",,,,,0.164266666666667,0.0195171528539027,0.0195171528539027,TRUE,FALSE,TRUE,FALSE,TRUE,FALSE,,
"TCONS_00219381","XLOC_039922","CDKN2AIP",,,,,-0.0829666666666667,1,0.0195171528539027,FALSE,FALSE,TRUE,FALSE,FALSE,FALSE,,
"TCONS_00214826","XLOC_040102","ACOX3",,,,,-0.0535666666666667,1,0.000329261612516838,FALSE,FALSE,TRUE,FALSE,FALSE,FALSE,,
"TCONS_00214827","XLOC_040102","ACOX3",,,,,-0.0077,1,0.000329261612516838,FALSE,FALSE,TRUE,FALSE,FALSE,FALSE,,
"TCONS_00214828","XLOC_040102","ACOX3",,,,,-0.0076,1,0.000329261612516838,FALSE,FALSE,TRUE,FALSE,FALSE,FALSE,,
"TCONS_00214829","XLOC_040102","ACOX3",,,,,-0.0683333333333333,0.459392316520234,0.000329261612516838,FALSE,FALSE,TRUE,FALSE,FALSE,FALSE,,
"TCONS_00214830","XLOC_040102","ACOX3",,,,,-0.108,0.843475669668486,0.000329261612516838,FALSE,FALSE,TRUE,FALSE,FALSE,FALSE,,
"TCONS_00214831","XLOC_040102","ACOX3",,,,,-0.0019,1,0.000329261612516838,FALSE,FALSE,TRUE,FALSE,FALSE,FALSE,,
"TCONS_00214833","XLOC_040102","ACOX3",,,,,0.0134,0.820081644846687,0.000329261612516838,FALSE,FALSE,TRUE,FALSE,FALSE,FALSE,,
"TCONS_00219390","XLOC_040102","ACOX3",,,,,-0.0067,1,0.000329261612516838,FALSE,FALSE,TRUE,FALSE,FALSE,FALSE,,
"TCONS_00219843","XLOC_040102","ACOX3",,,,,0.0717333333333333,0.392655161195052,0.000329261612516838,FALSE,FALSE,TRUE,FALSE,FALSE,FALSE,,
"TCONS_00220442","XLOC_040102","ACOX3",,,,,3.33333333333331e-05,0.998037959078428,0.000329261612516838,FALSE,FALSE,TRUE,FALSE,FALSE,FALSE,,
"TCONS_00220985","XLOC_040102","ACOX3",,,,,0.161,0.000329261612516838,0.000329261612516838,TRUE,FALSE,TRUE,FALSE,TRUE,FALSE,,
"TCONS_00220986","XLOC_040102","ACOX3",,,,,0.00763333333333333,0.385743799019485,0.000329261612516838,FALSE,FALSE,TRUE,FALSE,FALSE,FALSE,,
"TCONS_00215547","XLOC_040324","NFXL1",,,,,0.0260666666666667,1,0.0248263089884866,FALSE,FALSE,TRUE,FALSE,FALSE,FALSE,,
"TCONS_00215548","XLOC_040324","NFXL1",,,,,-0.0686333333333333,0.960930756623851,0.0248263089884866,FALSE,FALSE,TRUE,FALSE,FALSE,FALSE,,
"TCONS_00215549","XLOC_040324","NFXL1",,,,,-0.0697666666666667,1,0.0248263089884866,FALSE,FALSE,TRUE,FALSE,FALSE,FALSE,,
"TCONS_00215550","XLOC_040324","NFXL1",,,,,-0.0910666666666667,1,0.0248263089884866,FALSE,FALSE,TRUE,FALSE,FALSE,FALSE,,
"TCONS_00215552","XLOC_040324","NFXL1",,,,,0.0282,1,0.0248263089884866,FALSE,FALSE,TRUE,FALSE,FALSE,FALSE,,
"TCONS_00215553","XLOC_040324","NFXL1",,,,,0.0412666666666667,1,0.0248263089884866,FALSE,FALSE,TRUE,FALSE,FALSE,FALSE,,
"TCONS_00220497","XLOC_040324","NFXL1",,,,,-0.119233333333333,1,0.0248263089884866,FALSE,FALSE,TRUE,FALSE,FALSE,FALSE,,
"TCONS_00221014","XLOC_040324","NFXL1",,,,,0.2532,0.0248263089884866,0.0248263089884866,TRUE,FALSE,TRUE,FALSE,TRUE,FALSE,,
"TCONS_00216494","XLOC_040600","ABRAXAS1",,,,,-0.016,1,0.000158881386539123,FALSE,FALSE,TRUE,FALSE,FALSE,FALSE,,
"TCONS_00216495","XLOC_040600","ABRAXAS1",,,,,0.145633333333333,0.931787834922375,0.000158881386539123,FALSE,FALSE,TRUE,FALSE,FALSE,FALSE,,
"TCONS_00216497","XLOC_040600","ABRAXAS1",,,,,0.0036,1,0.000158881386539123,FALSE,FALSE,TRUE,FALSE,FALSE,FALSE,,
"TCONS_00216500","XLOC_040600","ABRAXAS1",,,,,0.250866666666667,0.298261292412803,0.000158881386539123,FALSE,FALSE,TRUE,FALSE,FALSE,FALSE,,
"TCONS_00216502","XLOC_040600","ABRAXAS1",,,,,-0.0166666666666667,1,0.000158881386539123,FALSE,FALSE,TRUE,FALSE,FALSE,FALSE,,
"TCONS_00220579","XLOC_040600","ABRAXAS1",,,,,-0.367433333333333,0.000158881386539123,0.000158881386539123,TRUE,FALSE,TRUE,FALSE,TRUE,FALSE,,
"TCONS_00217896","XLOC_040913","ELF2",,,,,-0.00886666666666667,0.894902368779897,0.00759551564956563,FALSE,FALSE,TRUE,FALSE,FALSE,FALSE,,
"TCONS_00217897","XLOC_040913","ELF2",,,,,-0.00563333333333332,1,0.00759551564956563,FALSE,FALSE,TRUE,FALSE,FALSE,FALSE,,
"TCONS_00217898","XLOC_040913","ELF2",,,,,0.0564,0.787969940188799,0.00759551564956563,FALSE,FALSE,TRUE,FALSE,FALSE,FALSE,,
"TCONS_00217899","XLOC_040913","ELF2",,,,,-0.115533333333333,0.737941579744539,0.00759551564956563,FALSE,FALSE,TRUE,FALSE,FALSE,FALSE,,
"TCONS_00217900","XLOC_040913","ELF2",,,,,0.0397666666666667,1,0.00759551564956563,FALSE,FALSE,TRUE,FALSE,FALSE,FALSE,,
"TCONS_00217901","XLOC_040913","ELF2",,,,,-0.0330333333333333,1,0.00759551564956563,FALSE,FALSE,TRUE,FALSE,FALSE,FALSE,,
"TCONS_00217902","XLOC_040913","ELF2",,,,,-0.0952333333333333,0.733331602787844,0.00759551564956563,FALSE,FALSE,TRUE,FALSE,FALSE,FALSE,,
"TCONS_00217903","XLOC_040913","ELF2",,,,,0.0118666666666667,1,0.00759551564956563,FALSE,FALSE,TRUE,FALSE,FALSE,FALSE,,
"TCONS_00217907","XLOC_040913","ELF2",,,,,0.0195666666666667,0.886520376298764,0.00759551564956563,FALSE,FALSE,TRUE,FALSE,FALSE,FALSE,,
"TCONS_00217909","XLOC_040913","ELF2",,,,,0.0292,1,0.00759551564956563,FALSE,FALSE,TRUE,FALSE,FALSE,FALSE,,
"TCONS_00220669","XLOC_040913","ELF2",,,,,-0.0186333333333333,1,0.00759551564956563,FALSE,FALSE,TRUE,FALSE,FALSE,FALSE,,
"TCONS_00220670","XLOC_040913","ELF2",,,,,-0.0587666666666667,1,0.00759551564956563,FALSE,FALSE,TRUE,FALSE,FALSE,FALSE,,
"TCONS_00220671","XLOC_040913","ELF2",,,,,0.181566666666667,0.00759551564956563,0.00759551564956563,TRUE,FALSE,TRUE,FALSE,TRUE,FALSE,,
"TCONS_00221561","XLOC_041385","MARCHF6",,,,,-0.0381333333333333,0.703624763021047,5.40430852691777e-05,FALSE,FALSE,TRUE,FALSE,FALSE,FALSE,,
"TCONS_00221562","XLOC_041385","MARCHF6",,,,,0.00206666666666667,1,5.40430852691777e-05,FALSE,FALSE,TRUE,FALSE,FALSE,FALSE,,
"TCONS_00221564","XLOC_041385","MARCHF6",,,,,0.0151333333333333,0.988826860228562,5.40430852691777e-05,FALSE,FALSE,TRUE,FALSE,FALSE,FALSE,,
"TCONS_00221567","XLOC_041385","MARCHF6",,,,,-0.0315333333333333,0.98375169370199,5.40430852691777e-05,FALSE,FALSE,TRUE,FALSE,FALSE,FALSE,,
"TCONS_00221575","XLOC_041385","MARCHF6",,,,,-0.0157666666666667,0.959355499989285,5.40430852691777e-05,FALSE,FALSE,TRUE,FALSE,FALSE,FALSE,,
"TCONS_00232782","XLOC_041385","MARCHF6",,,,,-0.152533333333333,5.40430852691777e-05,5.40430852691777e-05,TRUE,FALSE,TRUE,FALSE,TRUE,FALSE,,
"TCONS_00233516","XLOC_041385","MARCHF6",,,,,-0.00486666666666666,0.0974556773583387,5.40430852691777e-05,FALSE,FALSE,TRUE,FALSE,FALSE,FALSE,,
"TCONS_00233517","XLOC_041385","MARCHF6",,,,,-0.0183666666666667,1,5.40430852691777e-05,FALSE,FALSE,TRUE,FALSE,FALSE,FALSE,,
"TCONS_00234060","XLOC_041385","MARCHF6",,,,,-0.0103666666666667,1,5.40430852691777e-05,FALSE,FALSE,TRUE,FALSE,FALSE,FALSE,,
"TCONS_00234061","XLOC_041385","MARCHF6",,,,,0.0821666666666667,0.859916834334042,5.40430852691777e-05,FALSE,FALSE,TRUE,FALSE,FALSE,FALSE,,
"TCONS_00234973","XLOC_041385","MARCHF6",,,,,0.105033333333333,0.00153034578311018,5.40430852691777e-05,FALSE,FALSE,TRUE,FALSE,FALSE,FALSE,,
"TCONS_00234975","XLOC_041385","MARCHF6",,,,,0.0585,0.296533835374959,5.40430852691777e-05,FALSE,FALSE,TRUE,FALSE,FALSE,FALSE,,
"TCONS_00222058","XLOC_041528","DNAJC21",,,,,-0.00443333333333333,1,0.00084654425270013,FALSE,FALSE,TRUE,FALSE,FALSE,FALSE,,
"TCONS_00222059","XLOC_041528","DNAJC21",,,,,0.00696666666666667,1,0.00084654425270013,FALSE,FALSE,TRUE,FALSE,FALSE,FALSE,,
"TCONS_00222060","XLOC_041528","DNAJC21",,,,,0.0484666666666667,1,0.00084654425270013,FALSE,FALSE,TRUE,FALSE,FALSE,FALSE,,
"TCONS_00222061","XLOC_041528","DNAJC21",,,,,0.0195,1,0.00084654425270013,FALSE,FALSE,TRUE,FALSE,FALSE,FALSE,,
"TCONS_00222062","XLOC_041528","DNAJC21",,,,,-0.0251,0.675547191444656,0.00084654425270013,FALSE,FALSE,TRUE,FALSE,FALSE,FALSE,,
"TCONS_00222066","XLOC_041528","DNAJC21",,,,,-0.00516666666666667,1,0.00084654425270013,FALSE,FALSE,TRUE,FALSE,FALSE,FALSE,,
"TCONS_00222068","XLOC_041528","DNAJC21",,,,,-0.0138,0.824124106256788,0.00084654425270013,FALSE,FALSE,TRUE,FALSE,FALSE,FALSE,,
"TCONS_00232790","XLOC_041528","DNAJC21",,,,,-0.189966666666667,0.00084654425270013,0.00084654425270013,TRUE,FALSE,TRUE,FALSE,TRUE,FALSE,,
"TCONS_00233521","XLOC_041528","DNAJC21",,,,,0.00336666666666667,1,0.00084654425270013,FALSE,FALSE,TRUE,FALSE,FALSE,FALSE,,
"TCONS_00234081","XLOC_041528","DNAJC21",,,,,0.164433333333333,0.456374902054975,0.00084654425270013,FALSE,FALSE,TRUE,FALSE,FALSE,FALSE,,
"TCONS_00222205","XLOC_041549","WDR70",,,,,-0.041,1,2.60096011288964e-06,FALSE,FALSE,TRUE,FALSE,FALSE,FALSE,,
"TCONS_00222206","XLOC_041549","WDR70",,,,,0.00903333333333333,1,2.60096011288964e-06,FALSE,FALSE,TRUE,FALSE,FALSE,FALSE,,
"TCONS_00222208","XLOC_041549","WDR70",,,,,0.1587,0.0399060748770681,2.60096011288964e-06,TRUE,FALSE,TRUE,FALSE,TRUE,FALSE,,
"TCONS_00222210","XLOC_041549","WDR70",,,,,0.0341333333333333,0.649863741298184,2.60096011288964e-06,FALSE,FALSE,TRUE,FALSE,FALSE,FALSE,,
"TCONS_00222211","XLOC_041549","WDR70",,,,,-0.278766666666667,2.60096011288964e-06,2.60096011288964e-06,TRUE,FALSE,TRUE,FALSE,TRUE,FALSE,,
"TCONS_00234094","XLOC_041549","WDR70",,,,,0.108233333333333,0.460298402658371,2.60096011288964e-06,FALSE,FALSE,TRUE,FALSE,FALSE,FALSE,,
"TCONS_00234095","XLOC_041549","WDR70",,,,,0.00963333333333333,1,2.60096011288964e-06,FALSE,FALSE,TRUE,FALSE,FALSE,FALSE,,
"TCONS_00223615","XLOC_041863","ZCCHC9",,,,,0.0142666666666666,1,0.0279895704485648,FALSE,FALSE,TRUE,FALSE,FALSE,FALSE,,
"TCONS_00223616","XLOC_041863","ZCCHC9",,,,,-0.0447333333333333,0.759243064908801,0.0279895704485648,FALSE,FALSE,TRUE,FALSE,FALSE,FALSE,,
"TCONS_00223617","XLOC_041863","ZCCHC9",,,,,0.0047,1,0.0279895704485648,FALSE,FALSE,TRUE,FALSE,FALSE,FALSE,,
"TCONS_00223618","XLOC_041863","ZCCHC9",,,,,0.108,0.877539449024164,0.0279895704485648,FALSE,FALSE,TRUE,FALSE,FALSE,FALSE,,
"TCONS_00223619","XLOC_041863","ZCCHC9",,,,,0.0582666666666667,1,0.0279895704485648,FALSE,FALSE,TRUE,FALSE,FALSE,FALSE,,
"TCONS_00223623","XLOC_041863","ZCCHC9",,,,,0.00173333333333333,1,0.0279895704485648,FALSE,FALSE,TRUE,FALSE,FALSE,FALSE,,
"TCONS_00234227","XLOC_041863","ZCCHC9",,,,,-0.0102333333333333,1,0.0279895704485648,FALSE,FALSE,TRUE,FALSE,FALSE,FALSE,,
"TCONS_00235081","XLOC_041863","ZCCHC9",,,,,-0.120766666666667,0.0279895704485648,0.0279895704485648,FALSE,FALSE,TRUE,FALSE,FALSE,FALSE,,
"TCONS_00224776","XLOC_042170","IRF1-AS1",,,,,0.266233333333333,0.00154573354360724,0.00154573354360724,TRUE,FALSE,TRUE,FALSE,TRUE,FALSE,,
"TCONS_00224782","XLOC_042170","IRF1-AS1",,,,,0.0577666666666667,0.689357612886047,0.00154573354360724,FALSE,FALSE,TRUE,FALSE,FALSE,FALSE,,
"TCONS_00224783","XLOC_042170","IRF1-AS1",,,,,0.0663666666666667,0.0718905302828839,0.00154573354360724,FALSE,FALSE,TRUE,FALSE,FALSE,FALSE,,
"TCONS_00224784","XLOC_042170","IRF1-AS1",,,,,0.0441666666666667,0.448865974940896,0.00154573354360724,FALSE,FALSE,TRUE,FALSE,FALSE,FALSE,,
"TCONS_00224785","XLOC_042170","IRF1-AS1",,,,,0.0412333333333333,0.205440335384315,0.00154573354360724,FALSE,FALSE,TRUE,FALSE,FALSE,FALSE,,
"TCONS_00224790","XLOC_042170","IRF1-AS1",,,,,0.0172666666666667,1,0.00154573354360724,FALSE,FALSE,TRUE,FALSE,FALSE,FALSE,,
"TCONS_00224791","XLOC_042170","IRF1-AS1",,,,,-0.02,0.744040387962752,0.00154573354360724,FALSE,FALSE,TRUE,FALSE,FALSE,FALSE,,
"TCONS_00224792","XLOC_042170","IRF1-AS1",,,,,-0.0384333333333333,0.985569971268042,0.00154573354360724,FALSE,FALSE,TRUE,FALSE,FALSE,FALSE,,
"TCONS_00224794","XLOC_042170","IRF1-AS1",,,,,-0.0319,1,0.00154573354360724,FALSE,FALSE,TRUE,FALSE,FALSE,FALSE,,
"TCONS_00224795","XLOC_042170","IRF1-AS1",,,,,-0.02,0.984466583346926,0.00154573354360724,FALSE,FALSE,TRUE,FALSE,FALSE,FALSE,,
"TCONS_00224797","XLOC_042170","IRF1-AS1",,,,,-0.00603333333333333,1,0.00154573354360724,FALSE,FALSE,TRUE,FALSE,FALSE,FALSE,,
"TCONS_00224801","XLOC_042170","IRF1-AS1",,,,,-0.0257,0.885370601315904,0.00154573354360724,FALSE,FALSE,TRUE,FALSE,FALSE,FALSE,,
"TCONS_00234284","XLOC_042170","IRF1-AS1",,,,,-0.0574666666666667,1,0.00154573354360724,FALSE,FALSE,TRUE,FALSE,FALSE,FALSE,,
"TCONS_00234285","XLOC_042170","IRF1-AS1",,,,,-0.0255333333333333,0.85739884822876,0.00154573354360724,FALSE,FALSE,TRUE,FALSE,FALSE,FALSE,,
"TCONS_00234286","XLOC_042170","IRF1-AS1",,,,,-0.0226,1,0.00154573354360724,FALSE,FALSE,TRUE,FALSE,FALSE,FALSE,,
"TCONS_00234287","XLOC_042170","IRF1-AS1",,,,,-0.133666666666667,0.502432345844508,0.00154573354360724,FALSE,FALSE,TRUE,FALSE,FALSE,FALSE,,
"TCONS_00234288","XLOC_042170","IRF1-AS1",,,,,-0.0248,1,0.00154573354360724,FALSE,FALSE,TRUE,FALSE,FALSE,FALSE,,
"TCONS_00234289","XLOC_042170","IRF1-AS1",,,,,-0.0922,0.572550746091774,0.00154573354360724,FALSE,FALSE,TRUE,FALSE,FALSE,FALSE,,
"TCONS_00225017","XLOC_042226","SMAD5",,,,,0.0456,1,0.0210602482519378,FALSE,FALSE,TRUE,FALSE,FALSE,FALSE,,
"TCONS_00225018","XLOC_042226","SMAD5",,,,,0.160633333333333,0.133269693140207,0.0210602482519378,FALSE,FALSE,TRUE,FALSE,FALSE,FALSE,,
"TCONS_00225020","XLOC_042226","SMAD5",,,,,-0.1061,0.880756645308157,0.0210602482519378,FALSE,FALSE,TRUE,FALSE,FALSE,FALSE,,
"TCONS_00234308","XLOC_042226","SMAD5",,,,,0.1488,0.498464443233604,0.0210602482519378,FALSE,FALSE,TRUE,FALSE,FALSE,FALSE,,
"TCONS_00234309","XLOC_042226","SMAD5",,,,,0.0412,1,0.0210602482519378,FALSE,FALSE,TRUE,FALSE,FALSE,FALSE,,
"TCONS_00234310","XLOC_042226","SMAD5",,,,,-0.159033333333333,0.0210602482519378,0.0210602482519378,TRUE,FALSE,TRUE,FALSE,TRUE,FALSE,,
"TCONS_00235140","XLOC_042226","SMAD5",,,,,-0.120633333333333,0.906584692998199,0.0210602482519378,FALSE,FALSE,TRUE,FALSE,FALSE,FALSE,,
"TCONS_00225768","XLOC_042385","ABLIM3",,,,,-0.107766666666667,1,0.0334813840689323,FALSE,FALSE,TRUE,FALSE,FALSE,FALSE,,
"TCONS_00225770","XLOC_042385","ABLIM3",,,,,-0.0061,1,0.0334813840689323,FALSE,FALSE,TRUE,FALSE,FALSE,FALSE,,
"TCONS_00225771","XLOC_042385","ABLIM3",,,,,-0.1073,0.58366136884196,0.0334813840689323,FALSE,FALSE,TRUE,FALSE,FALSE,FALSE,,
"TCONS_00225772","XLOC_042385","ABLIM3",,,,,0.272733333333333,0.0334813840689323,0.0334813840689323,TRUE,FALSE,TRUE,FALSE,TRUE,FALSE,,
"TCONS_00225776","XLOC_042385","ABLIM3",,,,,-0.0219,1,0.0334813840689323,FALSE,FALSE,TRUE,FALSE,FALSE,FALSE,,
"TCONS_00225779","XLOC_042385","ABLIM3",,,,,-0.0276,1,0.0334813840689323,FALSE,FALSE,TRUE,FALSE,FALSE,FALSE,,
"TCONS_00227744","XLOC_042852","MYO10",,,,,0.0442666666666667,1,0.00411570301386381,FALSE,FALSE,TRUE,FALSE,FALSE,FALSE,,
"TCONS_00227746","XLOC_042852","MYO10",,,,,-0.00410000000000001,1,0.00411570301386381,FALSE,FALSE,TRUE,FALSE,FALSE,FALSE,,
"TCONS_00227748","XLOC_042852","MYO10",,,,,0.0149333333333333,1,0.00411570301386381,FALSE,FALSE,TRUE,FALSE,FALSE,FALSE,,
"TCONS_00227751","XLOC_042852","MYO10",,,,,0.104866666666667,1,0.00411570301386381,FALSE,FALSE,TRUE,FALSE,FALSE,FALSE,,
"TCONS_00227755","XLOC_042852","MYO10",,,,,-0.0305666666666667,0.888810049854898,0.00411570301386381,FALSE,FALSE,TRUE,FALSE,FALSE,FALSE,,
"TCONS_00233760","XLOC_042852","MYO10",,,,,-0.0093,1,0.00411570301386381,FALSE,FALSE,TRUE,FALSE,FALSE,FALSE,,
"TCONS_00234496","XLOC_042852","MYO10",,,,,-0.126066666666667,0.00411570301386381,0.00411570301386381,FALSE,FALSE,TRUE,FALSE,FALSE,FALSE,,
"TCONS_00234497","XLOC_042852","MYO10",,,,,-0.0155666666666667,0.986107540877683,0.00411570301386381,FALSE,FALSE,TRUE,FALSE,FALSE,FALSE,,
"TCONS_00234498","XLOC_042852","MYO10",,,,,0.0763666666666667,0.937544473555605,0.00411570301386381,FALSE,FALSE,TRUE,FALSE,FALSE,FALSE,,
"TCONS_00234499","XLOC_042852","MYO10",,,,,-0.0474,1,0.00411570301386381,FALSE,FALSE,TRUE,FALSE,FALSE,FALSE,,
"TCONS_00235244","XLOC_042852","MYO10",,,,,-0.0508,0.889130217171937,0.00411570301386381,FALSE,FALSE,TRUE,FALSE,FALSE,FALSE,,
"TCONS_00235245","XLOC_042852","MYO10",,,,,0.0770333333333333,0.773511897043102,0.00411570301386381,FALSE,FALSE,TRUE,FALSE,FALSE,FALSE,,
"TCONS_00235246","XLOC_042852","MYO10",,,,,-0.0351333333333333,0.188008946856782,0.00411570301386381,FALSE,FALSE,TRUE,FALSE,FALSE,FALSE,,
"TCONS_00228113","XLOC_043000","CPLANE1",,,,,0.112933333333333,1,0.0175563444886852,FALSE,FALSE,TRUE,FALSE,FALSE,FALSE,,
"TCONS_00228114","XLOC_043000","CPLANE1",,,,,-0.254066666666667,0.0175563444886852,0.0175563444886852,TRUE,FALSE,TRUE,FALSE,TRUE,FALSE,,
"TCONS_00228115","XLOC_043000","CPLANE1",,,,,-0.0295333333333333,1,0.0175563444886852,FALSE,FALSE,TRUE,FALSE,FALSE,FALSE,,
"TCONS_00228116","XLOC_043000","CPLANE1",,,,,0.0646666666666667,0.936421627889185,0.0175563444886852,FALSE,FALSE,TRUE,FALSE,FALSE,FALSE,,
"TCONS_00228117","XLOC_043000","CPLANE1",,,,,-0.0457333333333333,1,0.0175563444886852,FALSE,FALSE,TRUE,FALSE,FALSE,FALSE,,
"TCONS_00228118","XLOC_043000","CPLANE1",,,,,-0.00173333333333334,1,0.0175563444886852,FALSE,FALSE,TRUE,FALSE,FALSE,FALSE,,
"TCONS_00228119","XLOC_043000","CPLANE1",,,,,-0.0167666666666667,1,0.0175563444886852,FALSE,FALSE,TRUE,FALSE,FALSE,FALSE,,
"TCONS_00228123","XLOC_043000","CPLANE1",,,,,0.2734,0.587860633244122,0.0175563444886852,FALSE,FALSE,TRUE,FALSE,FALSE,FALSE,,
"TCONS_00228124","XLOC_043000","CPLANE1",,,,,-0.0620666666666667,0.941332270473006,0.0175563444886852,FALSE,FALSE,TRUE,FALSE,FALSE,FALSE,,
"TCONS_00228125","XLOC_043000","CPLANE1",,,,,0.0175333333333333,1,0.0175563444886852,FALSE,FALSE,TRUE,FALSE,FALSE,FALSE,,
"TCONS_00228131","XLOC_043000","CPLANE1",,,,,-0.0482666666666667,1,0.0175563444886852,FALSE,FALSE,TRUE,FALSE,FALSE,FALSE,,
"TCONS_00228132","XLOC_043000","CPLANE1",,,,,-0.0272,0.922264075901482,0.0175563444886852,FALSE,FALSE,TRUE,FALSE,FALSE,FALSE,,
"TCONS_00228134","XLOC_043002","NUP155",,,,,-0.00273333333333333,1,2.10599797298979e-05,FALSE,FALSE,TRUE,FALSE,FALSE,FALSE,,
"TCONS_00228135","XLOC_043002","NUP155",,,,,-0.0252666666666667,1,2.10599797298979e-05,FALSE,FALSE,TRUE,FALSE,FALSE,FALSE,,
"TCONS_00228138","XLOC_043002","NUP155",,,,,0.0328666666666667,0.916865998109887,2.10599797298979e-05,FALSE,FALSE,TRUE,FALSE,FALSE,FALSE,,
"TCONS_00228139","XLOC_043002","NUP155",,,,,-0.00216666666666666,0.920460768459812,2.10599797298979e-05,FALSE,FALSE,TRUE,FALSE,FALSE,FALSE,,
"TCONS_00228142","XLOC_043002","NUP155",,,,,-0.0263,0.907842948976317,2.10599797298979e-05,FALSE,FALSE,TRUE,FALSE,FALSE,FALSE,,
"TCONS_00233136","XLOC_043002","NUP155",,,,,0.0058,1,2.10599797298979e-05,FALSE,FALSE,TRUE,FALSE,FALSE,FALSE,,
"TCONS_00233768","XLOC_043002","NUP155",,,,,0.0095,1,2.10599797298979e-05,FALSE,FALSE,TRUE,FALSE,FALSE,FALSE,,
"TCONS_00233769","XLOC_043002","NUP155",,,,,-0.0454333333333333,1,2.10599797298979e-05,FALSE,FALSE,TRUE,FALSE,FALSE,FALSE,,
"TCONS_00234517","XLOC_043002","NUP155",,,,,-0.0364666666666667,0.999472317131683,2.10599797298979e-05,FALSE,FALSE,TRUE,FALSE,FALSE,FALSE,,
"TCONS_00234518","XLOC_043002","NUP155",,,,,-0.0217333333333333,0.843475669668486,2.10599797298979e-05,FALSE,FALSE,TRUE,FALSE,FALSE,FALSE,,
"TCONS_00234519","XLOC_043002","NUP155",,,,,0.249533333333333,2.10599797298979e-05,2.10599797298979e-05,TRUE,FALSE,TRUE,FALSE,TRUE,FALSE,,
"TCONS_00234520","XLOC_043002","NUP155",,,,,-0.1332,0.375138893451662,2.10599797298979e-05,FALSE,FALSE,TRUE,FALSE,FALSE,FALSE,,
"TCONS_00228397","XLOC_043075","EMB",,,,,0.00263333333333332,0.799242228839039,5.07317475047002e-06,FALSE,FALSE,TRUE,FALSE,FALSE,FALSE,,
"TCONS_00228398","XLOC_043075","EMB",,,,,0.247633333333333,5.07317475047002e-06,5.07317475047002e-06,TRUE,FALSE,TRUE,FALSE,TRUE,FALSE,,
"TCONS_00228399","XLOC_043075","EMB",,,,,-0.0183,1,5.07317475047002e-06,FALSE,FALSE,TRUE,FALSE,FALSE,FALSE,,
"TCONS_00234552","XLOC_043075","EMB",,,,,-0.0802666666666667,1,5.07317475047002e-06,FALSE,FALSE,TRUE,FALSE,FALSE,FALSE,,
"TCONS_00234553","XLOC_043075","EMB",,,,,-0.142366666666667,0.756697055671086,5.07317475047002e-06,FALSE,FALSE,TRUE,FALSE,FALSE,FALSE,,
"TCONS_00228715","XLOC_043172","DIMT1",,,,,0.0128333333333333,0.980172102411782,1.6400931252843e-08,FALSE,FALSE,TRUE,FALSE,FALSE,FALSE,,
"TCONS_00228716","XLOC_043172","DIMT1",,,,,-0.0156666666666667,1,1.6400931252843e-08,FALSE,FALSE,TRUE,FALSE,FALSE,FALSE,,
"TCONS_00228722","XLOC_043172","DIMT1",,,,,0.000866666666666668,1,1.6400931252843e-08,FALSE,FALSE,TRUE,FALSE,FALSE,FALSE,,
"TCONS_00228723","XLOC_043172","DIMT1",,,,,0.00696666666666667,1,1.6400931252843e-08,FALSE,FALSE,TRUE,FALSE,FALSE,FALSE,,
"TCONS_00228727","XLOC_043172","DIMT1",,,,,0.0697,0.892280033022626,1.6400931252843e-08,FALSE,FALSE,TRUE,FALSE,FALSE,FALSE,,
"TCONS_00228729","XLOC_043172","DIMT1",,,,,0.022,1,1.6400931252843e-08,FALSE,FALSE,TRUE,FALSE,FALSE,FALSE,,
"TCONS_00228730","XLOC_043172","DIMT1",,,,,-0.0328,0.227338604499759,1.6400931252843e-08,FALSE,FALSE,TRUE,FALSE,FALSE,FALSE,,
"TCONS_00233188","XLOC_043172","DIMT1",,,,,-0.271033333333333,1.6400931252843e-08,1.6400931252843e-08,TRUE,FALSE,TRUE,FALSE,TRUE,FALSE,,
"TCONS_00233189","XLOC_043172","DIMT1",,,,,0.198033333333333,0.65374238118204,1.6400931252843e-08,FALSE,FALSE,TRUE,FALSE,FALSE,FALSE,,
"TCONS_00229121","XLOC_043301","TBCA",,,,,-0.0397999999999999,0.238752774705234,4.04054839028906e-06,FALSE,FALSE,TRUE,FALSE,FALSE,FALSE,,
"TCONS_00229126","XLOC_043301","TBCA",,,,,-0.212333333333333,4.04054839028906e-06,4.04054839028906e-06,TRUE,FALSE,TRUE,FALSE,TRUE,FALSE,,
"TCONS_00234605","XLOC_043301","TBCA",,,,,0.255933333333333,0.00856389920973445,4.04054839028906e-06,TRUE,FALSE,TRUE,FALSE,TRUE,FALSE,,
"TCONS_00229377","XLOC_043392","TMEM161B",,,,,0.0102333333333333,1,0.00053116399503603,FALSE,FALSE,TRUE,FALSE,FALSE,FALSE,,
"TCONS_00229378","XLOC_043392","TMEM161B",,,,,0.177,0.826564928271194,0.00053116399503603,FALSE,FALSE,TRUE,FALSE,FALSE,FALSE,,
"TCONS_00229379","XLOC_043392","TMEM161B",,,,,0.00543333333333334,1,0.00053116399503603,FALSE,FALSE,TRUE,FALSE,FALSE,FALSE,,
"TCONS_00229383","XLOC_043392","TMEM161B",,,,,0.00163333333333333,1,0.00053116399503603,FALSE,FALSE,TRUE,FALSE,FALSE,FALSE,,
"TCONS_00229388","XLOC_043392","TMEM161B",,,,,0.0268666666666667,0.748450542966459,0.00053116399503603,FALSE,FALSE,TRUE,FALSE,FALSE,FALSE,,
"TCONS_00233237","XLOC_043392","TMEM161B",,,,,0.0641666666666667,0.723976587931459,0.00053116399503603,FALSE,FALSE,TRUE,FALSE,FALSE,FALSE,,
"TCONS_00233238","XLOC_043392","TMEM161B",,,,,-0.190633333333333,0.00196281387625534,0.00053116399503603,TRUE,FALSE,TRUE,FALSE,TRUE,FALSE,,
"TCONS_00233834","XLOC_043392","TMEM161B",,,,,0.0042,1,0.00053116399503603,FALSE,FALSE,TRUE,FALSE,FALSE,FALSE,,
"TCONS_00233835","XLOC_043392","TMEM161B",,,,,-0.1601,0.00053116399503603,0.00053116399503603,TRUE,FALSE,TRUE,FALSE,TRUE,FALSE,,
"TCONS_00233836","XLOC_043392","TMEM161B",,,,,0.0066,1,0.00053116399503603,FALSE,FALSE,TRUE,FALSE,FALSE,FALSE,,
"TCONS_00234624","XLOC_043392","TMEM161B",,,,,0.0186333333333333,0.958547598973974,0.00053116399503603,FALSE,FALSE,TRUE,FALSE,FALSE,FALSE,,
"TCONS_00234625","XLOC_043392","TMEM161B",,,,,-0.0127333333333333,1,0.00053116399503603,FALSE,FALSE,TRUE,FALSE,FALSE,FALSE,,
"TCONS_00234627","XLOC_043392","TMEM161B",,,,,0.0156333333333333,1,0.00053116399503603,FALSE,FALSE,TRUE,FALSE,FALSE,FALSE,,
"TCONS_00234628","XLOC_043392","TMEM161B",,,,,0.0741333333333333,0.411069031615791,0.00053116399503603,FALSE,FALSE,TRUE,FALSE,FALSE,FALSE,,
"TCONS_00234631","XLOC_043392","TMEM161B",,,,,-0.0171666666666667,0.487454539740266,0.00053116399503603,FALSE,FALSE,TRUE,FALSE,FALSE,FALSE,,
"TCONS_00229514","XLOC_043405","CETN3",,,,,0.0121,1,0.000936987255225269,FALSE,FALSE,TRUE,FALSE,FALSE,FALSE,,
"TCONS_00229515","XLOC_043405","CETN3",,,,,-0.1911,0.827108120058223,0.000936987255225269,FALSE,FALSE,TRUE,FALSE,FALSE,FALSE,,
"TCONS_00229517","XLOC_043405","CETN3",,,,,-0.0602333333333333,1,0.000936987255225269,FALSE,FALSE,TRUE,FALSE,FALSE,FALSE,,
"TCONS_00229518","XLOC_043405","CETN3",,,,,0.0637666666666667,1,0.000936987255225269,FALSE,FALSE,TRUE,FALSE,FALSE,FALSE,,
"TCONS_00229519","XLOC_043405","CETN3",,,,,0.1755,0.000936987255225269,0.000936987255225269,TRUE,FALSE,TRUE,FALSE,TRUE,FALSE,,
"TCONS_00229726","XLOC_043432","TTC37",,,,,0.1179,0.992548359977648,4.42294636936337e-09,FALSE,FALSE,TRUE,FALSE,FALSE,FALSE,,
"TCONS_00229737","XLOC_043432","TTC37",,,,,0.0117333333333333,0.8473836230886,4.42294636936337e-09,FALSE,FALSE,TRUE,FALSE,FALSE,FALSE,,
"TCONS_00233254","XLOC_043432","TTC37",,,,,0.00136666666666667,1,4.42294636936337e-09,FALSE,FALSE,TRUE,FALSE,FALSE,FALSE,,
"TCONS_00233255","XLOC_043432","TTC37",,,,,0.0260333333333333,1,4.42294636936337e-09,FALSE,FALSE,TRUE,FALSE,FALSE,FALSE,,
"TCONS_00233874","XLOC_043432","TTC37",,,,,0.154366666666667,1.0933620694158e-06,4.42294636936337e-09,TRUE,FALSE,TRUE,FALSE,TRUE,FALSE,,
"TCONS_00233875","XLOC_043432","TTC37",,,,,0.0371,0.77709290679195,4.42294636936337e-09,FALSE,FALSE,TRUE,FALSE,FALSE,FALSE,,
"TCONS_00233876","XLOC_043432","TTC37",,,,,0.0386333333333333,0.470828921250154,4.42294636936337e-09,FALSE,FALSE,TRUE,FALSE,FALSE,FALSE,,
"TCONS_00234662","XLOC_043432","TTC37",,,,,-0.248933333333333,4.42294636936337e-09,4.42294636936337e-09,TRUE,FALSE,TRUE,FALSE,TRUE,FALSE,,
"TCONS_00235306","XLOC_043432","TTC37",,,,,-0.0546333333333333,0.929431364798462,4.42294636936337e-09,FALSE,FALSE,TRUE,FALSE,FALSE,FALSE,,
"TCONS_00235307","XLOC_043432","TTC37",,,,,-0.0990666666666667,0.869784917763606,4.42294636936337e-09,FALSE,FALSE,TRUE,FALSE,FALSE,FALSE,,
"TCONS_00235308","XLOC_043432","TTC37",,,,,-0.0183666666666667,1,4.42294636936337e-09,FALSE,FALSE,TRUE,FALSE,FALSE,FALSE,,
"TCONS_00230014","XLOC_043537","NREP",,,,,0.00356666666666666,1,0.0139243344514635,FALSE,FALSE,TRUE,FALSE,FALSE,FALSE,,
"TCONS_00230016","XLOC_043537","NREP",,,,,0.0135666666666667,1,0.0139243344514635,FALSE,FALSE,TRUE,FALSE,FALSE,FALSE,,
"TCONS_00230019","XLOC_043537","NREP",,,,,0.0146,1,0.0139243344514635,FALSE,FALSE,TRUE,FALSE,FALSE,FALSE,,
"TCONS_00230020","XLOC_043537","NREP",,,,,-0.0938,0.0580992243338176,0.0139243344514635,FALSE,FALSE,TRUE,FALSE,FALSE,FALSE,,
"TCONS_00230023","XLOC_043537","NREP",,,,,-0.0191666666666667,1,0.0139243344514635,FALSE,FALSE,TRUE,FALSE,FALSE,FALSE,,
"TCONS_00230027","XLOC_043537","NREP",,,,,0.0393666666666667,0.935783937456729,0.0139243344514635,FALSE,FALSE,TRUE,FALSE,FALSE,FALSE,,
"TCONS_00230030","XLOC_043537","NREP",,,,,0.0055,1,0.0139243344514635,FALSE,FALSE,TRUE,FALSE,FALSE,FALSE,,
"TCONS_00230031","XLOC_043537","NREP",,,,,0.0048,1,0.0139243344514635,FALSE,FALSE,TRUE,FALSE,FALSE,FALSE,,
"TCONS_00235322","XLOC_043537","NREP",,,,,-0.0103333333333333,1,0.0139243344514635,FALSE,FALSE,TRUE,FALSE,FALSE,FALSE,,
"TCONS_00235323","XLOC_043537","NREP",,,,,-0.286866666666667,0.359450323561438,0.0139243344514635,FALSE,FALSE,TRUE,FALSE,FALSE,FALSE,,
"TCONS_00235324","XLOC_043537","NREP",,,,,0.335,0.0139243344514635,0.0139243344514635,TRUE,FALSE,TRUE,FALSE,TRUE,FALSE,,
"TCONS_00235325","XLOC_043537","NREP",,,,,0.00583333333333333,1,0.0139243344514635,FALSE,FALSE,TRUE,FALSE,FALSE,FALSE,,
"TCONS_00230364","XLOC_043651","SLC12A2-DT",,,,,0.0353666666666667,1,0.000899821113297863,FALSE,FALSE,TRUE,FALSE,FALSE,FALSE,,
"TCONS_00230365","XLOC_043651","SLC12A2-DT",,,,,0.0271666666666667,1,0.000899821113297863,FALSE,FALSE,TRUE,FALSE,FALSE,FALSE,,
"TCONS_00230366","XLOC_043651","SLC12A2-DT",,,,,-0.00806666666666667,1,0.000899821113297863,FALSE,FALSE,TRUE,FALSE,FALSE,FALSE,,
"TCONS_00230367","XLOC_043651","SLC12A2-DT",,,,,0.2546,0.000899821113297863,0.000899821113297863,TRUE,FALSE,TRUE,FALSE,TRUE,FALSE,,
"TCONS_00230368","XLOC_043651","SLC12A2-DT",,,,,0.0249333333333333,0.807020673653804,0.000899821113297863,FALSE,FALSE,TRUE,FALSE,FALSE,FALSE,,
"TCONS_00230369","XLOC_043651","SLC12A2-DT",,,,,-0.1541,0.667633747417628,0.000899821113297863,FALSE,FALSE,TRUE,FALSE,FALSE,FALSE,,
"TCONS_00230370","XLOC_043651","SLC12A2-DT",,,,,-0.0966333333333333,0.770504855638034,0.000899821113297863,FALSE,FALSE,TRUE,FALSE,FALSE,FALSE,,
"TCONS_00230372","XLOC_043651","SLC12A2-DT",,,,,-0.0169333333333333,0.734728624977524,0.000899821113297863,FALSE,FALSE,TRUE,FALSE,FALSE,FALSE,,
"TCONS_00230376","XLOC_043651","SLC12A2-DT",,,,,-0.0226333333333333,0.90997855483803,0.000899821113297863,FALSE,FALSE,TRUE,FALSE,FALSE,FALSE,,
"TCONS_00230380","XLOC_043651","SLC12A2-DT",,,,,-0.0119333333333333,1,0.000899821113297863,FALSE,FALSE,TRUE,FALSE,FALSE,FALSE,,
"TCONS_00230382","XLOC_043651","SLC12A2-DT",,,,,-0.0806666666666667,0.179084700060808,0.000899821113297863,FALSE,FALSE,TRUE,FALSE,FALSE,FALSE,,
"TCONS_00230383","XLOC_043651","SLC12A2-DT",,,,,0.0559666666666667,0.882764712930438,0.000899821113297863,FALSE,FALSE,TRUE,FALSE,FALSE,FALSE,,
"TCONS_00230384","XLOC_043651","SLC12A2-DT",,,,,0.0110333333333333,1,0.000899821113297863,FALSE,FALSE,TRUE,FALSE,FALSE,FALSE,,
"TCONS_00230386","XLOC_043651","SLC12A2-DT",,,,,-0.0161666666666667,1,0.000899821113297863,FALSE,FALSE,TRUE,FALSE,FALSE,FALSE,,
"TCONS_00230387","XLOC_043651","SLC12A2-DT",,,,,-0.0128666666666667,1,0.000899821113297863,FALSE,FALSE,TRUE,FALSE,FALSE,FALSE,,
"TCONS_00230395","XLOC_043651","SLC12A2-DT",,,,,0.0112,0.827655534342469,0.000899821113297863,FALSE,FALSE,TRUE,FALSE,FALSE,FALSE,,
"TCONS_00230747","XLOC_043714","MACROH2A1",,,,,-0.0754333333333333,0.0573715191821745,3.35109476769694e-13,FALSE,FALSE,TRUE,FALSE,FALSE,FALSE,,
"TCONS_00233316","XLOC_043714","MACROH2A1",,,,,0.0138666666666666,1,3.35109476769694e-13,FALSE,FALSE,TRUE,FALSE,FALSE,FALSE,,
"TCONS_00233318","XLOC_043714","MACROH2A1",,,,,-0.125666666666667,3.35109476769694e-13,3.35109476769694e-13,FALSE,FALSE,TRUE,FALSE,FALSE,FALSE,,
"TCONS_00233926","XLOC_043714","MACROH2A1",,,,,0.0101666666666667,1,3.35109476769694e-13,FALSE,FALSE,TRUE,FALSE,FALSE,FALSE,,
"TCONS_00233928","XLOC_043714","MACROH2A1",,,,,-0.00193333333333334,1,3.35109476769694e-13,FALSE,FALSE,TRUE,FALSE,FALSE,FALSE,,
"TCONS_00234730","XLOC_043714","MACROH2A1",,,,,0.0255333333333333,1,3.35109476769694e-13,FALSE,FALSE,TRUE,FALSE,FALSE,FALSE,,
"TCONS_00234738","XLOC_043714","MACROH2A1",,,,,0.0264666666666667,1,3.35109476769694e-13,FALSE,FALSE,TRUE,FALSE,FALSE,FALSE,,
"TCONS_00234748","XLOC_043714","MACROH2A1",,,,,0.0192666666666667,1,3.35109476769694e-13,FALSE,FALSE,TRUE,FALSE,FALSE,FALSE,,
"TCONS_00235354","XLOC_043714","MACROH2A1",,,,,0.105066666666667,0.827865200170332,3.35109476769694e-13,FALSE,FALSE,TRUE,FALSE,FALSE,FALSE,,
"TCONS_00235359","XLOC_043714","MACROH2A1",,,,,0.00906666666666667,1,3.35109476769694e-13,FALSE,FALSE,TRUE,FALSE,FALSE,FALSE,,
"TCONS_00231099","XLOC_043780","CD14",,,,,0.107566666666667,0.863434130447254,0.000653572646767137,FALSE,FALSE,TRUE,FALSE,FALSE,FALSE,,
"TCONS_00231100","XLOC_043780","CD14",,,,,-0.167166666666667,0.000653572646767137,0.000653572646767137,TRUE,FALSE,TRUE,FALSE,TRUE,FALSE,,
"TCONS_00231101","XLOC_043780","CD14",,,,,-0.0108333333333333,0.812081425439753,0.000653572646767137,FALSE,FALSE,TRUE,FALSE,FALSE,FALSE,,
"TCONS_00231102","XLOC_043780","CD14",,,,,0.00973333333333334,1,0.000653572646767137,FALSE,FALSE,TRUE,FALSE,FALSE,FALSE,,
"TCONS_00233950","XLOC_043780","CD14",,,,,0.0353666666666667,0.6207649042362,0.000653572646767137,FALSE,FALSE,TRUE,FALSE,FALSE,FALSE,,
"TCONS_00234807","XLOC_043780","CD14",,,,,0.0319,1,0.000653572646767137,FALSE,FALSE,TRUE,FALSE,FALSE,FALSE,,
"TCONS_00231715","XLOC_043915","FAM114A2",,,,,0.0422,1,4.24875189193811e-05,FALSE,FALSE,TRUE,FALSE,FALSE,FALSE,,
"TCONS_00231716","XLOC_043915","FAM114A2",,,,,0.0225,0.607918938385555,4.24875189193811e-05,FALSE,FALSE,TRUE,FALSE,FALSE,FALSE,,
"TCONS_00231720","XLOC_043915","FAM114A2",,,,,0.0222333333333333,1,4.24875189193811e-05,FALSE,FALSE,TRUE,FALSE,FALSE,FALSE,,
"TCONS_00231725","XLOC_043915","FAM114A2",,,,,-0.000566666666666667,1,4.24875189193811e-05,FALSE,FALSE,TRUE,FALSE,FALSE,FALSE,,
"TCONS_00231731","XLOC_043915","FAM114A2",,,,,-0.00473333333333333,0.95716453890142,4.24875189193811e-05,FALSE,FALSE,TRUE,FALSE,FALSE,FALSE,,
"TCONS_00233449","XLOC_043915","FAM114A2",,,,,-0.0066,1,4.24875189193811e-05,FALSE,FALSE,TRUE,FALSE,FALSE,FALSE,,
"TCONS_00233450","XLOC_043915","FAM114A2",,,,,-0.161,4.24875189193811e-05,4.24875189193811e-05,TRUE,FALSE,TRUE,FALSE,TRUE,FALSE,,
"TCONS_00234867","XLOC_043915","FAM114A2",,,,,-0.103533333333333,0.0364711938651373,4.24875189193811e-05,FALSE,FALSE,TRUE,FALSE,FALSE,FALSE,,
"TCONS_00234868","XLOC_043915","FAM114A2",,,,,0.0591666666666667,1,4.24875189193811e-05,FALSE,FALSE,TRUE,FALSE,FALSE,FALSE,,
"TCONS_00234869","XLOC_043915","FAM114A2",,,,,-0.0109666666666667,0.725485534995931,4.24875189193811e-05,FALSE,FALSE,TRUE,FALSE,FALSE,FALSE,,
"TCONS_00234870","XLOC_043915","FAM114A2",,,,,0.1079,1,4.24875189193811e-05,FALSE,FALSE,TRUE,FALSE,FALSE,FALSE,,
"TCONS_00234871","XLOC_043915","FAM114A2",,,,,-0.00653333333333333,1,4.24875189193811e-05,FALSE,FALSE,TRUE,FALSE,FALSE,FALSE,,
"TCONS_00235409","XLOC_043915","FAM114A2",,,,,0.0208,1,4.24875189193811e-05,FALSE,FALSE,TRUE,FALSE,FALSE,FALSE,,
"TCONS_00235906","XLOC_044260","TMEM14B",,,,,-0.111666666666667,0.925844933327679,2.63210340594227e-10,FALSE,FALSE,TRUE,FALSE,FALSE,FALSE,,
"TCONS_00235907","XLOC_044260","TMEM14B",,,,,-0.0269666666666667,0.969806363354558,2.63210340594227e-10,FALSE,FALSE,TRUE,FALSE,FALSE,FALSE,,
"TCONS_00235909","XLOC_044260","TMEM14B",,,,,-0.0039,1,2.63210340594227e-10,FALSE,FALSE,TRUE,FALSE,FALSE,FALSE,,
"TCONS_00247463","XLOC_044260","TMEM14B",,,,,-0.0114333333333333,1,2.63210340594227e-10,FALSE,FALSE,TRUE,FALSE,FALSE,FALSE,,
"TCONS_00247465","XLOC_044260","TMEM14B",,,,,0.158766666666667,2.63210340594227e-10,2.63210340594227e-10,TRUE,FALSE,TRUE,FALSE,TRUE,FALSE,,
"TCONS_00236057","XLOC_044311","GMPR",,,,,-0.158666666666667,0.00026194609238479,0.00026194609238479,TRUE,FALSE,TRUE,FALSE,TRUE,FALSE,,
"TCONS_00236060","XLOC_044311","GMPR",,,,,0.0108666666666667,0.740597266042253,0.00026194609238479,FALSE,FALSE,TRUE,FALSE,FALSE,FALSE,,
"TCONS_00247486","XLOC_044311","GMPR",,,,,0.137866666666667,0.00655650120979594,0.00026194609238479,FALSE,FALSE,TRUE,FALSE,FALSE,FALSE,,
"TCONS_00236427","XLOC_044417","BTN3A3",,,,,-0.0113333333333333,1,0.00264583269405378,FALSE,FALSE,TRUE,FALSE,FALSE,FALSE,,
"TCONS_00236429","XLOC_044417","BTN3A3",,,,,0.0183333333333333,1,0.00264583269405378,FALSE,FALSE,TRUE,FALSE,FALSE,FALSE,,
"TCONS_00236431","XLOC_044417","BTN3A3",,,,,-0.0017,1,0.00264583269405378,FALSE,FALSE,TRUE,FALSE,FALSE,FALSE,,
"TCONS_00236433","XLOC_044417","BTN3A3",,,,,0.00746666666666667,1,0.00264583269405378,FALSE,FALSE,TRUE,FALSE,FALSE,FALSE,,
"TCONS_00236434","XLOC_044417","BTN3A3",,,,,-0.155733333333333,1,0.00264583269405378,FALSE,FALSE,TRUE,FALSE,FALSE,FALSE,,
"TCONS_00236435","XLOC_044417","BTN3A3",,,,,0.0100333333333333,1,0.00264583269405378,FALSE,FALSE,TRUE,FALSE,FALSE,FALSE,,
"TCONS_00236436","XLOC_044417","BTN3A3",,,,,0.0238333333333333,0.987212527235489,0.00264583269405378,FALSE,FALSE,TRUE,FALSE,FALSE,FALSE,,
"TCONS_00236438","XLOC_044417","BTN3A3",,,,,-0.0011,1,0.00264583269405378,FALSE,FALSE,TRUE,FALSE,FALSE,FALSE,,
"TCONS_00236440","XLOC_044417","BTN3A3",,,,,0.035,0.702673275916719,0.00264583269405378,FALSE,FALSE,TRUE,FALSE,FALSE,FALSE,,
"TCONS_00246822","XLOC_044417","BTN3A3",,,,,-0.148266666666667,0.927686505217939,0.00264583269405378,FALSE,FALSE,TRUE,FALSE,FALSE,FALSE,,
"TCONS_00247511","XLOC_044417","BTN3A3",,,,,0.0139,1,0.00264583269405378,FALSE,FALSE,TRUE,FALSE,FALSE,FALSE,,
"TCONS_00248086","XLOC_044417","BTN3A3",,,,,-0.0417666666666667,1,0.00264583269405378,FALSE,FALSE,TRUE,FALSE,FALSE,FALSE,,
"TCONS_00248087","XLOC_044417","BTN3A3",,,,,-0.0441333333333333,1,0.00264583269405378,FALSE,FALSE,TRUE,FALSE,FALSE,FALSE,,
"TCONS_00248088","XLOC_044417","BTN3A3",,,,,0.1826,0.00264583269405378,0.00264583269405378,TRUE,FALSE,TRUE,FALSE,TRUE,FALSE,,
"TCONS_00248089","XLOC_044417","BTN3A3",,,,,0.0666333333333333,0.0718653124365848,0.00264583269405378,FALSE,FALSE,TRUE,FALSE,FALSE,FALSE,,
"TCONS_00249164","XLOC_044417","BTN3A3",,,,,0.0274333333333333,0.953702835006071,0.00264583269405378,FALSE,FALSE,TRUE,FALSE,FALSE,FALSE,,
"TCONS_00236442","XLOC_044418","BTN2A1",,,,,0.00523333333333333,1,2.10469381525026e-05,FALSE,FALSE,TRUE,FALSE,FALSE,FALSE,,
"TCONS_00236443","XLOC_044418","BTN2A1",,,,,0.18,2.10469381525026e-05,2.10469381525026e-05,TRUE,FALSE,TRUE,FALSE,TRUE,FALSE,,
"TCONS_00236445","XLOC_044418","BTN2A1",,,,,-0.136166666666667,0.861187369096711,2.10469381525026e-05,FALSE,FALSE,TRUE,FALSE,FALSE,FALSE,,
"TCONS_00236446","XLOC_044418","BTN2A1",,,,,-0.00643333333333333,1,2.10469381525026e-05,FALSE,FALSE,TRUE,FALSE,FALSE,FALSE,,
"TCONS_00246823","XLOC_044418","BTN2A1",,,,,-0.000433333333333334,1,2.10469381525026e-05,FALSE,FALSE,TRUE,FALSE,FALSE,FALSE,,
"TCONS_00246825","XLOC_044418","BTN2A1",,,,,0.00953333333333333,0.982553987347801,2.10469381525026e-05,FALSE,FALSE,TRUE,FALSE,FALSE,FALSE,,
"TCONS_00247513","XLOC_044418","BTN2A1",,,,,-0.0246,1,2.10469381525026e-05,FALSE,FALSE,TRUE,FALSE,FALSE,FALSE,,
"TCONS_00247514","XLOC_044418","BTN2A1",,,,,0.00916666666666666,1,2.10469381525026e-05,FALSE,FALSE,TRUE,FALSE,FALSE,FALSE,,
"TCONS_00248090","XLOC_044418","BTN2A1",,,,,0.0036,1,2.10469381525026e-05,FALSE,FALSE,TRUE,FALSE,FALSE,FALSE,,
"TCONS_00248091","XLOC_044418","BTN2A1",,,,,-0.0139333333333333,1,2.10469381525026e-05,FALSE,FALSE,TRUE,FALSE,FALSE,FALSE,,
"TCONS_00248092","XLOC_044418","BTN2A1",,,,,0.018,0.958788109514371,2.10469381525026e-05,FALSE,FALSE,TRUE,FALSE,FALSE,FALSE,,
"TCONS_00248093","XLOC_044418","BTN2A1",,,,,-0.0221,1,2.10469381525026e-05,FALSE,FALSE,TRUE,FALSE,FALSE,FALSE,,
"TCONS_00236579","XLOC_044474","ZSCAN9",,,,,-0.0492666666666667,0.591298711000715,0.0153957853951066,FALSE,FALSE,TRUE,FALSE,FALSE,FALSE,,
"TCONS_00236580","XLOC_044474","ZSCAN9",,,,,0.0301,1,0.0153957853951066,FALSE,FALSE,TRUE,FALSE,FALSE,FALSE,,
"TCONS_00236581","XLOC_044474","ZSCAN9",,,,,0.0282,0.971776864878444,0.0153957853951066,FALSE,FALSE,TRUE,FALSE,FALSE,FALSE,,
"TCONS_00236583","XLOC_044474","ZSCAN9",,,,,0.2961,0.388670651102642,0.0153957853951066,FALSE,FALSE,TRUE,FALSE,FALSE,FALSE,,
"TCONS_00236584","XLOC_044474","ZSCAN9",,,,,-0.00173333333333334,1,0.0153957853951066,FALSE,FALSE,TRUE,FALSE,FALSE,FALSE,,
"TCONS_00248099","XLOC_044474","ZSCAN9",,,,,-0.295066666666667,0.0153957853951066,0.0153957853951066,TRUE,FALSE,TRUE,FALSE,TRUE,FALSE,,
"TCONS_00237402","XLOC_044639","RING1",,,,,-0.130033333333333,1.12865680293433e-27,1.12865680293433e-27,FALSE,FALSE,TRUE,FALSE,FALSE,FALSE,,
"TCONS_00237403","XLOC_044639","RING1",,,,,0.130033333333333,7.55053513497619e-11,1.12865680293433e-27,FALSE,FALSE,TRUE,FALSE,FALSE,FALSE,,
"TCONS_00237424","XLOC_044645","PFDN6",,,,,0.0144666666666667,0.819953834350258,1.61406476620239e-31,FALSE,FALSE,TRUE,FALSE,FALSE,FALSE,,
"TCONS_00237426","XLOC_044645","PFDN6",,,,,-0.239933333333333,1.61406476620239e-31,1.61406476620239e-31,TRUE,FALSE,TRUE,FALSE,TRUE,FALSE,,
"TCONS_00237427","XLOC_044645","PFDN6",,,,,0.173766666666667,0.199191879711707,1.61406476620239e-31,FALSE,FALSE,TRUE,FALSE,FALSE,FALSE,,
"TCONS_00237428","XLOC_044645","PFDN6",,,,,0.0065,1,1.61406476620239e-31,FALSE,FALSE,TRUE,FALSE,FALSE,FALSE,,
"TCONS_00237429","XLOC_044645","PFDN6",,,,,0.00433333333333333,1,1.61406476620239e-31,FALSE,FALSE,TRUE,FALSE,FALSE,FALSE,,
"TCONS_00248162","XLOC_044645","PFDN6",,,,,0.0417333333333333,0.670831807833868,1.61406476620239e-31,FALSE,FALSE,TRUE,FALSE,FALSE,FALSE,,
"TCONS_00238006","XLOC_044792","POLR1C",,,,,-0.0182666666666667,1,7.04061726224706e-11,FALSE,FALSE,TRUE,FALSE,FALSE,FALSE,,
"TCONS_00238009","XLOC_044792","POLR1C",,,,,-0.0225,1,7.04061726224706e-11,FALSE,FALSE,TRUE,FALSE,FALSE,FALSE,,
"TCONS_00238012","XLOC_044792","POLR1C",,,,,0.02,1,7.04061726224706e-11,FALSE,FALSE,TRUE,FALSE,FALSE,FALSE,,
"TCONS_00238016","XLOC_044792","POLR1C",,,,,-0.0673666666666667,0.260648577423006,7.04061726224706e-11,FALSE,FALSE,TRUE,FALSE,FALSE,FALSE,,
"TCONS_00238019","XLOC_044792","POLR1C",,,,,-0.0615,0.719581210468582,7.04061726224706e-11,FALSE,FALSE,TRUE,FALSE,FALSE,FALSE,,
"TCONS_00246905","XLOC_044792","POLR1C",,,,,0.0095,0.693564097273279,7.04061726224706e-11,FALSE,FALSE,TRUE,FALSE,FALSE,FALSE,,
"TCONS_00246906","XLOC_044792","POLR1C",,,,,-0.1355,0.319035800787184,7.04061726224706e-11,FALSE,FALSE,TRUE,FALSE,FALSE,FALSE,,
"TCONS_00248235","XLOC_044792","POLR1C",,,,,0.0144666666666667,1,7.04061726224706e-11,FALSE,FALSE,TRUE,FALSE,FALSE,FALSE,,
"TCONS_00249226","XLOC_044792","POLR1C",,,,,0.0637666666666667,0.592808155805021,7.04061726224706e-11,FALSE,FALSE,TRUE,FALSE,FALSE,FALSE,,
"TCONS_00249228","XLOC_044792","POLR1C",,,,,0.196133333333333,7.04061726224706e-11,7.04061726224706e-11,TRUE,FALSE,TRUE,FALSE,TRUE,FALSE,,
"TCONS_00238781","XLOC_045004","TTK",,,,,-0.00123333333333333,1,0.0284442332109182,FALSE,FALSE,TRUE,FALSE,FALSE,FALSE,,
"TCONS_00238782","XLOC_045004","TTK",,,,,0.0903333333333333,1,0.0284442332109182,FALSE,FALSE,TRUE,FALSE,FALSE,FALSE,,
"TCONS_00238783","XLOC_045004","TTK",,,,,-0.0106,1,0.0284442332109182,FALSE,FALSE,TRUE,FALSE,FALSE,FALSE,,
"TCONS_00238787","XLOC_045004","TTK",,,,,-0.0257666666666667,1,0.0284442332109182,FALSE,FALSE,TRUE,FALSE,FALSE,FALSE,,
"TCONS_00238788","XLOC_045004","TTK",,,,,-0.0132,1,0.0284442332109182,FALSE,FALSE,TRUE,FALSE,FALSE,FALSE,,
"TCONS_00248320","XLOC_045004","TTK",,,,,-0.0029,1,0.0284442332109182,FALSE,FALSE,TRUE,FALSE,FALSE,FALSE,,
"TCONS_00248321","XLOC_045004","TTK",,,,,-0.0083,1,0.0284442332109182,FALSE,FALSE,TRUE,FALSE,FALSE,FALSE,,
"TCONS_00248322","XLOC_045004","TTK",,,,,-0.142033333333333,0.0284442332109182,0.0284442332109182,FALSE,FALSE,TRUE,FALSE,FALSE,FALSE,,
"TCONS_00248323","XLOC_045004","TTK",,,,,0.317066666666667,0.655474330640336,0.0284442332109182,FALSE,FALSE,TRUE,FALSE,FALSE,FALSE,,
"TCONS_00248324","XLOC_045004","TTK",,,,,-0.2042,0.0324414718524079,0.0284442332109182,TRUE,FALSE,TRUE,FALSE,TRUE,FALSE,,
"TCONS_00238927","XLOC_045068","ANKRD6",,,,,0.130466666666667,0.914311452054074,0.00169757525084138,FALSE,FALSE,TRUE,FALSE,FALSE,FALSE,,
"TCONS_00238930","XLOC_045068","ANKRD6",,,,,0.0155333333333333,1,0.00169757525084138,FALSE,FALSE,TRUE,FALSE,FALSE,FALSE,,
"TCONS_00238937","XLOC_045068","ANKRD6",,,,,0.0234,1,0.00169757525084138,FALSE,FALSE,TRUE,FALSE,FALSE,FALSE,,
"TCONS_00238940","XLOC_045068","ANKRD6",,,,,0.0243333333333333,0.983278737587346,0.00169757525084138,FALSE,FALSE,TRUE,FALSE,FALSE,FALSE,,
"TCONS_00238941","XLOC_045068","ANKRD6",,,,,0.0194,1,0.00169757525084138,FALSE,FALSE,TRUE,FALSE,FALSE,FALSE,,
"TCONS_00238942","XLOC_045068","ANKRD6",,,,,-0.0457,0.5386579737699,0.00169757525084138,FALSE,FALSE,TRUE,FALSE,FALSE,FALSE,,
"TCONS_00238944","XLOC_045068","ANKRD6",,,,,0.0155,1,0.00169757525084138,FALSE,FALSE,TRUE,FALSE,FALSE,FALSE,,
"TCONS_00238947","XLOC_045068","ANKRD6",,,,,0.101766666666667,0.437862162878256,0.00169757525084138,FALSE,FALSE,TRUE,FALSE,FALSE,FALSE,,
"TCONS_00238948","XLOC_045068","ANKRD6",,,,,-0.0308,1,0.00169757525084138,FALSE,FALSE,TRUE,FALSE,FALSE,FALSE,,
"TCONS_00238949","XLOC_045068","ANKRD6",,,,,-0.0256333333333333,1,0.00169757525084138,FALSE,FALSE,TRUE,FALSE,FALSE,FALSE,,
"TCONS_00248352","XLOC_045068","ANKRD6",,,,,0.0462666666666667,1,0.00169757525084138,FALSE,FALSE,TRUE,FALSE,FALSE,FALSE,,
"TCONS_00248353","XLOC_045068","ANKRD6",,,,,-0.255966666666667,0.00169757525084138,0.00169757525084138,TRUE,FALSE,TRUE,FALSE,TRUE,FALSE,,
"TCONS_00239009","XLOC_045105","UFL1",,,,,-6.66666666666593e-05,1,0.012085437699853,FALSE,FALSE,TRUE,FALSE,FALSE,FALSE,,
"TCONS_00248356","XLOC_045105","UFL1",,,,,0.0225666666666667,1,0.012085437699853,FALSE,FALSE,TRUE,FALSE,FALSE,FALSE,,
"TCONS_00248357","XLOC_045105","UFL1",,,,,-0.1364,0.88501952421108,0.012085437699853,FALSE,FALSE,TRUE,FALSE,FALSE,FALSE,,
"TCONS_00248358","XLOC_045105","UFL1",,,,,0.111766666666667,0.012085437699853,0.012085437699853,FALSE,FALSE,TRUE,FALSE,FALSE,FALSE,,
"TCONS_00249301","XLOC_045105","UFL1",,,,,-0.00416666666666667,1,0.012085437699853,FALSE,FALSE,TRUE,FALSE,FALSE,FALSE,,
"TCONS_00239691","XLOC_045295","RNF217",,,,,-0.130033333333333,0.915794383872603,0.0119079554550179,FALSE,FALSE,TRUE,FALSE,FALSE,FALSE,,
"TCONS_00239692","XLOC_045295","RNF217",,,,,0.167733333333333,0.0119079554550179,0.0119079554550179,TRUE,FALSE,TRUE,FALSE,TRUE,FALSE,,
"TCONS_00239693","XLOC_045295","RNF217",,,,,0.117233333333333,1,0.0119079554550179,FALSE,FALSE,TRUE,FALSE,FALSE,FALSE,,
"TCONS_00239694","XLOC_045295","RNF217",,,,,0.077,0.820081644846687,0.0119079554550179,FALSE,FALSE,TRUE,FALSE,FALSE,FALSE,,
"TCONS_00239695","XLOC_045295","RNF217",,,,,-0.0377,0.969806363354558,0.0119079554550179,FALSE,FALSE,TRUE,FALSE,FALSE,FALSE,,
"TCONS_00239697","XLOC_045295","RNF217",,,,,-0.0625666666666667,0.793922814295851,0.0119079554550179,FALSE,FALSE,TRUE,FALSE,FALSE,FALSE,,
"TCONS_00239700","XLOC_045295","RNF217",,,,,0.0346666666666667,0.700871373032228,0.0119079554550179,FALSE,FALSE,TRUE,FALSE,FALSE,FALSE,,
"TCONS_00239701","XLOC_045295","RNF217",,,,,-0.1583,0.614453145617443,0.0119079554550179,FALSE,FALSE,TRUE,FALSE,FALSE,FALSE,,
"TCONS_00239724","XLOC_045300","NCOA7",,,,,-0.0175,0.0612893640942115,1.35614248176704e-13,FALSE,FALSE,TRUE,FALSE,FALSE,FALSE,,
"TCONS_00247654","XLOC_045300","NCOA7",,,,,-0.0064,0.609845061146152,1.35614248176704e-13,FALSE,FALSE,TRUE,FALSE,FALSE,FALSE,,
"TCONS_00240337","XLOC_045462","STXBP5",,,,,-0.0158666666666667,1,4.86627138022326e-08,FALSE,FALSE,TRUE,FALSE,FALSE,FALSE,,
"TCONS_00240339","XLOC_045462","STXBP5",,,,,-0.00906666666666667,1,4.86627138022326e-08,FALSE,FALSE,TRUE,FALSE,FALSE,FALSE,,
"TCONS_00240340","XLOC_045462","STXBP5",,,,,0.156733333333333,0.378024725004158,4.86627138022326e-08,FALSE,FALSE,TRUE,FALSE,FALSE,FALSE,,
"TCONS_00240341","XLOC_045462","STXBP5",,,,,-0.0232,0.93764007329365,4.86627138022326e-08,FALSE,FALSE,TRUE,FALSE,FALSE,FALSE,,
"TCONS_00240343","XLOC_045462","STXBP5",,,,,0.000899999999999998,1,4.86627138022326e-08,FALSE,FALSE,TRUE,FALSE,FALSE,FALSE,,
"TCONS_00248457","XLOC_045462","STXBP5",,,,,-0.094,0.0127569988076481,4.86627138022326e-08,FALSE,FALSE,TRUE,FALSE,FALSE,FALSE,,
"TCONS_00248459","XLOC_045462","STXBP5",,,,,-0.2176,4.86627138022326e-08,4.86627138022326e-08,TRUE,FALSE,TRUE,FALSE,TRUE,FALSE,,
"TCONS_00248460","XLOC_045462","STXBP5",,,,,0.00219999999999999,1,4.86627138022326e-08,FALSE,FALSE,TRUE,FALSE,FALSE,FALSE,,
"TCONS_00249358","XLOC_045462","STXBP5",,,,,0.0431333333333333,0.929072464600486,4.86627138022326e-08,FALSE,FALSE,TRUE,FALSE,FALSE,FALSE,,
"TCONS_00249359","XLOC_045462","STXBP5",,,,,0.168466666666667,0.576039388064791,4.86627138022326e-08,FALSE,FALSE,TRUE,FALSE,FALSE,FALSE,,
"TCONS_00240447","XLOC_045503","MTHFD1L",,,,,-0.0511333333333333,1,0.046835898105313,FALSE,FALSE,TRUE,FALSE,FALSE,FALSE,,
"TCONS_00240448","XLOC_045503","MTHFD1L",,,,,-0.0117333333333333,1,0.046835898105313,FALSE,FALSE,TRUE,FALSE,FALSE,FALSE,,
"TCONS_00240452","XLOC_045503","MTHFD1L",,,,,0.0480666666666667,0.892001705608887,0.046835898105313,FALSE,FALSE,TRUE,FALSE,FALSE,FALSE,,
"TCONS_00247043","XLOC_045503","MTHFD1L",,,,,0.142,0.453584780682096,0.046835898105313,FALSE,FALSE,TRUE,FALSE,FALSE,FALSE,,
"TCONS_00248468","XLOC_045503","MTHFD1L",,,,,0.0181,1,0.046835898105313,FALSE,FALSE,TRUE,FALSE,FALSE,FALSE,,
"TCONS_00248469","XLOC_045503","MTHFD1L",,,,,0.0124333333333333,1,0.046835898105313,FALSE,FALSE,TRUE,FALSE,FALSE,FALSE,,
"TCONS_00248471","XLOC_045503","MTHFD1L",,,,,0.0177666666666667,1,0.046835898105313,FALSE,FALSE,TRUE,FALSE,FALSE,FALSE,,
"TCONS_00248472","XLOC_045503","MTHFD1L",,,,,-0.103533333333333,0.100139324933142,0.046835898105313,FALSE,FALSE,TRUE,FALSE,FALSE,FALSE,,
"TCONS_00248473","XLOC_045503","MTHFD1L",,,,,-0.100333333333333,0.046835898105313,0.046835898105313,FALSE,FALSE,TRUE,FALSE,FALSE,FALSE,,
"TCONS_00249369","XLOC_045503","MTHFD1L",,,,,0.0214333333333333,1,0.046835898105313,FALSE,FALSE,TRUE,FALSE,FALSE,FALSE,,
"TCONS_00240681","XLOC_045562","SYTL3",,,,,-0.0199333333333333,1,0.000104331830230862,FALSE,FALSE,TRUE,FALSE,FALSE,FALSE,,
"TCONS_00240682","XLOC_045562","SYTL3",,,,,0.0354,1,0.000104331830230862,FALSE,FALSE,TRUE,FALSE,FALSE,FALSE,,
"TCONS_00240683","XLOC_045562","SYTL3",,,,,-0.0510333333333333,0.852882508532919,0.000104331830230862,FALSE,FALSE,TRUE,FALSE,FALSE,FALSE,,
"TCONS_00240684","XLOC_045562","SYTL3",,,,,0.0930666666666667,0.0186245010373914,0.000104331830230862,FALSE,FALSE,TRUE,FALSE,FALSE,FALSE,,
"TCONS_00247710","XLOC_045562","SYTL3",,,,,-0.0661,0.700130211689344,0.000104331830230862,FALSE,FALSE,TRUE,FALSE,FALSE,FALSE,,
"TCONS_00247711","XLOC_045562","SYTL3",,,,,-0.274566666666667,0.000104331830230862,0.000104331830230862,TRUE,FALSE,TRUE,FALSE,TRUE,FALSE,,
"TCONS_00248491","XLOC_045562","SYTL3",,,,,-0.0047,1,0.000104331830230862,FALSE,FALSE,TRUE,FALSE,FALSE,FALSE,,
"TCONS_00248492","XLOC_045562","SYTL3",,,,,0.0627666666666667,1,0.000104331830230862,FALSE,FALSE,TRUE,FALSE,FALSE,FALSE,,
"TCONS_00248494","XLOC_045562","SYTL3",,,,,0.0141666666666667,1,0.000104331830230862,FALSE,FALSE,TRUE,FALSE,FALSE,FALSE,,
"TCONS_00248495","XLOC_045562","SYTL3",,,,,0.1708,0.958149397787445,0.000104331830230862,FALSE,FALSE,TRUE,FALSE,FALSE,FALSE,,
"TCONS_00249379","XLOC_045562","SYTL3",,,,,0.0376666666666667,0.143839482786499,0.000104331830230862,FALSE,FALSE,TRUE,FALSE,FALSE,FALSE,,
"TCONS_00249381","XLOC_045562","SYTL3",,,,,0.00866666666666667,1,0.000104331830230862,FALSE,FALSE,TRUE,FALSE,FALSE,FALSE,,
"TCONS_00249382","XLOC_045562","SYTL3",,,,,0.00163333333333333,1,0.000104331830230862,FALSE,FALSE,TRUE,FALSE,FALSE,FALSE,,
"TCONS_00249383","XLOC_045562","SYTL3",,,,,-0.0039,1,0.000104331830230862,FALSE,FALSE,TRUE,FALSE,FALSE,FALSE,,
"TCONS_00241543","XLOC_045791","RANBP9",,,,,-0.00406666666666666,1,0.00288356132850102,FALSE,FALSE,TRUE,FALSE,FALSE,FALSE,,
"TCONS_00247099","XLOC_045791","RANBP9",,,,,0.0220333333333333,1,0.00288356132850102,FALSE,FALSE,TRUE,FALSE,FALSE,FALSE,,
"TCONS_00247100","XLOC_045791","RANBP9",,,,,-0.1388,0.00288356132850102,0.00288356132850102,FALSE,FALSE,TRUE,FALSE,FALSE,FALSE,,
"TCONS_00248556","XLOC_045791","RANBP9",,,,,0.105,0.621276126459728,0.00288356132850102,FALSE,FALSE,TRUE,FALSE,FALSE,FALSE,,
"TCONS_00242685","XLOC_046116","ZBTB22",,,,,0.243066666666667,0.0211066055420149,0.015926917401595,TRUE,FALSE,TRUE,FALSE,TRUE,FALSE,,
"TCONS_00242686","XLOC_046116","ZBTB22",,,,,-0.243066666666667,0.015926917401595,0.015926917401595,TRUE,FALSE,TRUE,FALSE,TRUE,FALSE,,
"TCONS_00242719","XLOC_046124","BAK1",,,,,0.0271666666666667,0.963384109810788,4.10148051914565e-15,FALSE,FALSE,TRUE,FALSE,FALSE,FALSE,,
"TCONS_00247852","XLOC_046124","BAK1",,,,,-0.161866666666667,0.0884726653294298,4.10148051914565e-15,FALSE,FALSE,TRUE,FALSE,FALSE,FALSE,,
"TCONS_00247853","XLOC_046124","BAK1",,,,,0.00776666666666667,1,4.10148051914565e-15,FALSE,FALSE,TRUE,FALSE,FALSE,FALSE,,
"TCONS_00247854","XLOC_046124","BAK1",,,,,-0.0126333333333333,1,4.10148051914565e-15,FALSE,FALSE,TRUE,FALSE,FALSE,FALSE,,
"TCONS_00248666","XLOC_046124","BAK1",,,,,0.1258,4.10148051914565e-15,4.10148051914565e-15,FALSE,FALSE,TRUE,FALSE,FALSE,FALSE,,
"TCONS_00248668","XLOC_046124","BAK1",,,,,0.0072,0.923001743723107,4.10148051914565e-15,FALSE,FALSE,TRUE,FALSE,FALSE,FALSE,,
"TCONS_00243113","XLOC_046217","TFEB",,,,,-0.0844333333333333,0.407848572263554,0.000277869869749088,FALSE,FALSE,TRUE,FALSE,FALSE,FALSE,,
"TCONS_00243115","XLOC_046217","TFEB",,,,,-0.0193666666666667,1,0.000277869869749088,FALSE,FALSE,TRUE,FALSE,FALSE,FALSE,,
"TCONS_00243116","XLOC_046217","TFEB",,,,,0.1602,0.000277869869749088,0.000277869869749088,TRUE,FALSE,TRUE,FALSE,TRUE,FALSE,,
"TCONS_00243117","XLOC_046217","TFEB",,,,,0.0233333333333333,1,0.000277869869749088,FALSE,FALSE,TRUE,FALSE,FALSE,FALSE,,
"TCONS_00243118","XLOC_046217","TFEB",,,,,0.0032,1,0.000277869869749088,FALSE,FALSE,TRUE,FALSE,FALSE,FALSE,,
"TCONS_00243120","XLOC_046217","TFEB",,,,,0.00663333333333333,1,0.000277869869749088,FALSE,FALSE,TRUE,FALSE,FALSE,FALSE,,
"TCONS_00243122","XLOC_046217","TFEB",,,,,-0.0568666666666667,0.794839858663791,0.000277869869749088,FALSE,FALSE,TRUE,FALSE,FALSE,FALSE,,
"TCONS_00243124","XLOC_046217","TFEB",,,,,0.0951666666666667,0.557665124338633,0.000277869869749088,FALSE,FALSE,TRUE,FALSE,FALSE,FALSE,,
"TCONS_00243125","XLOC_046217","TFEB",,,,,-0.1095,0.129920355707073,0.000277869869749088,FALSE,FALSE,TRUE,FALSE,FALSE,FALSE,,
"TCONS_00243126","XLOC_046217","TFEB",,,,,-0.0368666666666667,0.58366136884196,0.000277869869749088,FALSE,FALSE,TRUE,FALSE,FALSE,FALSE,,
"TCONS_00243127","XLOC_046217","TFEB",,,,,0.00763333333333333,1,0.000277869869749088,FALSE,FALSE,TRUE,FALSE,FALSE,FALSE,,
"TCONS_00243324","XLOC_046262","MRPL14",,,,,0.0112666666666666,1,0.0202180977614508,FALSE,FALSE,TRUE,FALSE,FALSE,FALSE,,
"TCONS_00247881","XLOC_046262","MRPL14",,,,,0.0326,0.427256485877593,0.0202180977614508,FALSE,FALSE,TRUE,FALSE,FALSE,FALSE,,
"TCONS_00248742","XLOC_046262","MRPL14",,,,,0.111633333333333,0.0202180977614508,0.0202180977614508,FALSE,FALSE,TRUE,FALSE,FALSE,FALSE,,
"TCONS_00249498","XLOC_046262","MRPL14",,,,,-0.155466666666667,0.160560884590858,0.0202180977614508,FALSE,FALSE,TRUE,FALSE,FALSE,FALSE,,
"TCONS_00247271","XLOC_046405","LMBRD1",,,,,0.0278333333333333,0.723762840584524,0.00938406589791238,FALSE,FALSE,TRUE,FALSE,FALSE,FALSE,,
"TCONS_00247272","XLOC_046405","LMBRD1",,,,,-0.0198666666666667,0.971656321303068,0.00938406589791238,FALSE,FALSE,TRUE,FALSE,FALSE,FALSE,,
"TCONS_00247897","XLOC_046405","LMBRD1",,,,,-0.154433333333333,0.00938406589791238,0.00938406589791238,TRUE,FALSE,TRUE,FALSE,TRUE,FALSE,,
"TCONS_00248781","XLOC_046405","LMBRD1",,,,,0.0355666666666667,0.775602403681621,0.00938406589791238,FALSE,FALSE,TRUE,FALSE,FALSE,FALSE,,
"TCONS_00248783","XLOC_046405","LMBRD1",,,,,-0.0345,0.867662562730386,0.00938406589791238,FALSE,FALSE,TRUE,FALSE,FALSE,FALSE,,
"TCONS_00248784","XLOC_046405","LMBRD1",,,,,0.0158333333333333,1,0.00938406589791238,FALSE,FALSE,TRUE,FALSE,FALSE,FALSE,,
"TCONS_00249518","XLOC_046405","LMBRD1",,,,,0.113266666666667,0.852882508532919,0.00938406589791238,FALSE,FALSE,TRUE,FALSE,FALSE,FALSE,,
"TCONS_00243898","XLOC_046435","SLC17A5",,,,,0.143966666666667,1,0.0139243344514635,FALSE,FALSE,TRUE,FALSE,FALSE,FALSE,,
"TCONS_00243899","XLOC_046435","SLC17A5",,,,,0.00853333333333333,1,0.0139243344514635,FALSE,FALSE,TRUE,FALSE,FALSE,FALSE,,
"TCONS_00247902","XLOC_046435","SLC17A5",,,,,0.0621666666666667,0.886163984587018,0.0139243344514635,FALSE,FALSE,TRUE,FALSE,FALSE,FALSE,,
"TCONS_00249525","XLOC_046435","SLC17A5",,,,,-0.1434,0.0139243344514635,0.0139243344514635,FALSE,FALSE,TRUE,FALSE,FALSE,FALSE,,
"TCONS_00249527","XLOC_046435","SLC17A5",,,,,-0.0500666666666667,0.72514111359769,0.0139243344514635,FALSE,FALSE,TRUE,FALSE,FALSE,FALSE,,
"TCONS_00244037","XLOC_046492","PGM3",,,,,0.00410000000000001,1,0.0081053581718308,FALSE,FALSE,TRUE,FALSE,FALSE,FALSE,,
"TCONS_00244038","XLOC_046492","PGM3",,,,,0.0287,0.852882508532919,0.0081053581718308,FALSE,FALSE,TRUE,FALSE,FALSE,FALSE,,
"TCONS_00244043","XLOC_046492","PGM3",,,,,-0.0015,1,0.0081053581718308,FALSE,FALSE,TRUE,FALSE,FALSE,FALSE,,
"TCONS_00244044","XLOC_046492","PGM3",,,,,-0.0156,1,0.0081053581718308,FALSE,FALSE,TRUE,FALSE,FALSE,FALSE,,
"TCONS_00244048","XLOC_046492","PGM3",,,,,-0.0380666666666667,0.955494460962533,0.0081053581718308,FALSE,FALSE,TRUE,FALSE,FALSE,FALSE,,
"TCONS_00244052","XLOC_046492","PGM3",,,,,0.0304333333333333,0.967089046542843,0.0081053581718308,FALSE,FALSE,TRUE,FALSE,FALSE,FALSE,,
"TCONS_00244055","XLOC_046492","PGM3",,,,,-0.00246666666666667,1,0.0081053581718308,FALSE,FALSE,TRUE,FALSE,FALSE,FALSE,,
"TCONS_00244057","XLOC_046492","PGM3",,,,,0.00533333333333333,1,0.0081053581718308,FALSE,FALSE,TRUE,FALSE,FALSE,FALSE,,
"TCONS_00247291","XLOC_046492","PGM3",,,,,-0.0186,0.670584986130554,0.0081053581718308,FALSE,FALSE,TRUE,FALSE,FALSE,FALSE,,
"TCONS_00248825","XLOC_046492","PGM3",,,,,-0.0165,0.88633941735301,0.0081053581718308,FALSE,FALSE,TRUE,FALSE,FALSE,FALSE,,
"TCONS_00248829","XLOC_046492","PGM3",,,,,-0.0481666666666667,1,0.0081053581718308,FALSE,FALSE,TRUE,FALSE,FALSE,FALSE,,
"TCONS_00248830","XLOC_046492","PGM3",,,,,0.2043,0.0214919692101642,0.0081053581718308,TRUE,FALSE,TRUE,FALSE,TRUE,FALSE,,
"TCONS_00249540","XLOC_046492","PGM3",,,,,-0.1375,0.0081053581718308,0.0081053581718308,FALSE,FALSE,TRUE,FALSE,FALSE,FALSE,,
"TCONS_00244826","XLOC_046645","SESN1",,,,,-0.0213,0.920106939734894,0.00103508574259357,FALSE,FALSE,TRUE,FALSE,FALSE,FALSE,,
"TCONS_00245077","XLOC_046714","ZUP1",,,,,-0.0111,1,4.6714043818708e-08,FALSE,FALSE,TRUE,FALSE,FALSE,FALSE,,
"TCONS_00245078","XLOC_046714","ZUP1",,,,,-0.207233333333333,0.106132963654599,4.6714043818708e-08,FALSE,FALSE,TRUE,FALSE,FALSE,FALSE,,
"TCONS_00247353","XLOC_046714","ZUP1",,,,,-0.0154,1,4.6714043818708e-08,FALSE,FALSE,TRUE,FALSE,FALSE,FALSE,,
"TCONS_00247354","XLOC_046714","ZUP1",,,,,0.0309666666666666,0.947105294527513,4.6714043818708e-08,FALSE,FALSE,TRUE,FALSE,FALSE,FALSE,,
"TCONS_00247967","XLOC_046714","ZUP1",,,,,-0.0168,1,4.6714043818708e-08,FALSE,FALSE,TRUE,FALSE,FALSE,FALSE,,
"TCONS_00248967","XLOC_046714","ZUP1",,,,,0.00316666666666666,1,4.6714043818708e-08,FALSE,FALSE,TRUE,FALSE,FALSE,FALSE,,
"TCONS_00248969","XLOC_046714","ZUP1",,,,,0.0213666666666667,0.830513482662293,4.6714043818708e-08,FALSE,FALSE,TRUE,FALSE,FALSE,FALSE,,
"TCONS_00249624","XLOC_046714","ZUP1",,,,,0.189033333333333,4.6714043818708e-08,4.6714043818708e-08,TRUE,FALSE,TRUE,FALSE,TRUE,FALSE,,
"TCONS_00245098","XLOC_046724","CEP85L",,,,,-0.325033333333333,0.205647482633916,0.00588632382527147,FALSE,FALSE,TRUE,FALSE,FALSE,FALSE,,
"TCONS_00245099","XLOC_046724","CEP85L",,,,,0.268333333333333,0.00588632382527147,0.00588632382527147,TRUE,FALSE,TRUE,FALSE,TRUE,FALSE,,
"TCONS_00245101","XLOC_046724","CEP85L",,,,,0.0423666666666667,1,0.00588632382527147,FALSE,FALSE,TRUE,FALSE,FALSE,FALSE,,
"TCONS_00245103","XLOC_046724","CEP85L",,,,,0.0401,0.820451021957118,0.00588632382527147,FALSE,FALSE,TRUE,FALSE,FALSE,FALSE,,
"TCONS_00245105","XLOC_046724","CEP85L",,,,,-0.0299,1,0.00588632382527147,FALSE,FALSE,TRUE,FALSE,FALSE,FALSE,,
"TCONS_00245580","XLOC_046825","HBS1L",,,,,-0.00256666666666666,1,7.47374582088832e-14,FALSE,FALSE,TRUE,FALSE,FALSE,FALSE,,
"TCONS_00245581","XLOC_046825","HBS1L",,,,,0.007,0.948966982066263,7.47374582088832e-14,FALSE,FALSE,TRUE,FALSE,FALSE,FALSE,,
"TCONS_00247401","XLOC_046825","HBS1L",,,,,-0.0288666666666667,0.992795345847513,7.47374582088832e-14,FALSE,FALSE,TRUE,FALSE,FALSE,FALSE,,
"TCONS_00247403","XLOC_046825","HBS1L",,,,,0.0172,0.972822171362661,7.47374582088832e-14,FALSE,FALSE,TRUE,FALSE,FALSE,FALSE,,
"TCONS_00247404","XLOC_046825","HBS1L",,,,,-0.00223333333333334,1,7.47374582088832e-14,FALSE,FALSE,TRUE,FALSE,FALSE,FALSE,,
"TCONS_00247994","XLOC_046825","HBS1L",,,,,0.103566666666667,8.27742632753898e-07,7.47374582088832e-14,FALSE,FALSE,TRUE,FALSE,FALSE,FALSE,,
"TCONS_00247995","XLOC_046825","HBS1L",,,,,0.1737,7.44203488996454e-06,7.47374582088832e-14,TRUE,FALSE,TRUE,FALSE,TRUE,FALSE,,
"TCONS_00249020","XLOC_046825","HBS1L",,,,,-0.2003,7.47374582088832e-14,7.47374582088832e-14,TRUE,FALSE,TRUE,FALSE,TRUE,FALSE,,
"TCONS_00249021","XLOC_046825","HBS1L",,,,,-0.0331333333333333,0.784293631937559,7.47374582088832e-14,FALSE,FALSE,TRUE,FALSE,FALSE,FALSE,,
"TCONS_00249023","XLOC_046825","HBS1L",,,,,-0.0253,1,7.47374582088832e-14,FALSE,FALSE,TRUE,FALSE,FALSE,FALSE,,
"TCONS_00249649","XLOC_046825","HBS1L",,,,,0.00623333333333333,0.530354327980601,7.47374582088832e-14,FALSE,FALSE,TRUE,FALSE,FALSE,FALSE,,
"TCONS_00249651","XLOC_046825","HBS1L",,,,,-0.0326,1,7.47374582088832e-14,FALSE,FALSE,TRUE,FALSE,FALSE,FALSE,,
"TCONS_00246088","XLOC_046935","NUP43",,,,,-0.103233333333333,1,0.00896255223374153,FALSE,FALSE,TRUE,FALSE,FALSE,FALSE,,
"TCONS_00246090","XLOC_046935","NUP43",,,,,0.0223333333333333,0.781066662197853,0.00896255223374153,FALSE,FALSE,TRUE,FALSE,FALSE,FALSE,,
"TCONS_00246091","XLOC_046935","NUP43",,,,,-0.0026,1,0.00896255223374153,FALSE,FALSE,TRUE,FALSE,FALSE,FALSE,,
"TCONS_00248014","XLOC_046935","NUP43",,,,,0.1071,0.00896255223374153,0.00896255223374153,FALSE,FALSE,TRUE,FALSE,FALSE,FALSE,,
"TCONS_00248015","XLOC_046935","NUP43",,,,,-0.0538333333333333,1,0.00896255223374153,FALSE,FALSE,TRUE,FALSE,FALSE,FALSE,,
"TCONS_00249092","XLOC_046935","NUP43",,,,,0.0429,1,0.00896255223374153,FALSE,FALSE,TRUE,FALSE,FALSE,FALSE,,
"TCONS_00249093","XLOC_046935","NUP43",,,,,0.0321,0.104991409648558,0.00896255223374153,FALSE,FALSE,TRUE,FALSE,FALSE,FALSE,,
"TCONS_00249094","XLOC_046935","NUP43",,,,,-0.0528666666666667,0.0386944172079014,0.00896255223374153,FALSE,FALSE,TRUE,FALSE,FALSE,FALSE,,
"TCONS_00250034","XLOC_047183","CCZ1",,,,,0.3038,0.0101729795617068,0.0101729795617068,TRUE,FALSE,TRUE,FALSE,TRUE,FALSE,,
"TCONS_00261929","XLOC_047183","CCZ1",,,,,-0.0144666666666667,1,0.0101729795617068,FALSE,FALSE,TRUE,FALSE,FALSE,FALSE,,
"TCONS_00262409","XLOC_047183","CCZ1",,,,,-0.2072,0.046835898105313,0.0101729795617068,TRUE,FALSE,TRUE,FALSE,TRUE,FALSE,,
"TCONS_00263221","XLOC_047183","CCZ1",,,,,-0.0849000000000001,1,0.0101729795617068,FALSE,FALSE,TRUE,FALSE,FALSE,FALSE,,
"TCONS_00250086","XLOC_047195","ZNF316",,,,,-0.2695,0.0103610493868912,0.00053430467651484,TRUE,FALSE,TRUE,FALSE,TRUE,FALSE,,
"TCONS_00250087","XLOC_047195","ZNF316",,,,,0.0187,0.992573379892121,0.00053430467651484,FALSE,FALSE,TRUE,FALSE,FALSE,FALSE,,
"TCONS_00250088","XLOC_047195","ZNF316",,,,,0.250766666666667,0.00053430467651484,0.00053430467651484,TRUE,FALSE,TRUE,FALSE,TRUE,FALSE,,
"TCONS_00250185","XLOC_047225","PHF14",,,,,-0.00103333333333333,1,0.00126575290612049,FALSE,FALSE,TRUE,FALSE,FALSE,FALSE,,
"TCONS_00250188","XLOC_047225","PHF14",,,,,0.0360666666666667,1,0.00126575290612049,FALSE,FALSE,TRUE,FALSE,FALSE,FALSE,,
"TCONS_00250189","XLOC_047225","PHF14",,,,,0.1833,0.00126575290612049,0.00126575290612049,TRUE,FALSE,TRUE,FALSE,TRUE,FALSE,,
"TCONS_00250190","XLOC_047225","PHF14",,,,,-0.101466666666667,0.669172518833146,0.00126575290612049,FALSE,FALSE,TRUE,FALSE,FALSE,FALSE,,
"TCONS_00250194","XLOC_047225","PHF14",,,,,-0.00953333333333333,1,0.00126575290612049,FALSE,FALSE,TRUE,FALSE,FALSE,FALSE,,
"TCONS_00250198","XLOC_047225","PHF14",,,,,0.0313,0.887589809490027,0.00126575290612049,FALSE,FALSE,TRUE,FALSE,FALSE,FALSE,,
"TCONS_00262426","XLOC_047225","PHF14",,,,,-0.0927,0.826564928271194,0.00126575290612049,FALSE,FALSE,TRUE,FALSE,FALSE,FALSE,,
"TCONS_00262427","XLOC_047225","PHF14",,,,,-0.0373333333333333,1,0.00126575290612049,FALSE,FALSE,TRUE,FALSE,FALSE,FALSE,,
"TCONS_00262428","XLOC_047225","PHF14",,,,,0.121933333333333,0.724975894721956,0.00126575290612049,FALSE,FALSE,TRUE,FALSE,FALSE,FALSE,,
"TCONS_00262429","XLOC_047225","PHF14",,,,,-0.138666666666667,1,0.00126575290612049,FALSE,FALSE,TRUE,FALSE,FALSE,FALSE,,
"TCONS_00263224","XLOC_047225","PHF14",,,,,0.0119333333333333,1,0.00126575290612049,FALSE,FALSE,TRUE,FALSE,FALSE,FALSE,,
"TCONS_00250496","XLOC_047301","CCDC126",,,,,0.121933333333333,0.778350373841283,0.0010664304019997,FALSE,FALSE,TRUE,FALSE,FALSE,FALSE,,
"TCONS_00250497","XLOC_047301","CCDC126",,,,,0.0218666666666667,1,0.0010664304019997,FALSE,FALSE,TRUE,FALSE,FALSE,FALSE,,
"TCONS_00250498","XLOC_047301","CCDC126",,,,,0.1592,0.393898014022505,0.0010664304019997,FALSE,FALSE,TRUE,FALSE,FALSE,FALSE,,
"TCONS_00250499","XLOC_047301","CCDC126",,,,,0.00933333333333333,1,0.0010664304019997,FALSE,FALSE,TRUE,FALSE,FALSE,FALSE,,
"TCONS_00250500","XLOC_047301","CCDC126",,,,,0.0166666666666667,1,0.0010664304019997,FALSE,FALSE,TRUE,FALSE,FALSE,FALSE,,
"TCONS_00250501","XLOC_047301","CCDC126",,,,,0.00713333333333333,1,0.0010664304019997,FALSE,FALSE,TRUE,FALSE,FALSE,FALSE,,
"TCONS_00250502","XLOC_047301","CCDC126",,,,,0.0163,1,0.0010664304019997,FALSE,FALSE,TRUE,FALSE,FALSE,FALSE,,
"TCONS_00261959","XLOC_047301","CCDC126",,,,,0.0151,0.949910980619915,0.0010664304019997,FALSE,FALSE,TRUE,FALSE,FALSE,FALSE,,
"TCONS_00262447","XLOC_047301","CCDC126",,,,,-0.367633333333333,0.0010664304019997,0.0010664304019997,TRUE,FALSE,TRUE,FALSE,TRUE,FALSE,,
"TCONS_00251977","XLOC_047739","SBDSP1",,,,,0.0659666666666667,0.608435738335476,0.000364372236180674,FALSE,FALSE,TRUE,FALSE,FALSE,FALSE,,
"TCONS_00251978","XLOC_047739","SBDSP1",,,,,-0.2828,0.000364372236180674,0.000364372236180674,TRUE,FALSE,TRUE,FALSE,TRUE,FALSE,,
"TCONS_00251979","XLOC_047739","SBDSP1",,,,,0.1688,0.82500498384478,0.000364372236180674,FALSE,FALSE,TRUE,FALSE,FALSE,FALSE,,
"TCONS_00251982","XLOC_047739","SBDSP1",,,,,-0.00193333333333334,0.722389759467145,0.000364372236180674,FALSE,FALSE,TRUE,FALSE,FALSE,FALSE,,
"TCONS_00261453","XLOC_047739","SBDSP1",,,,,-0.0562,0.453584780682096,0.000364372236180674,FALSE,FALSE,TRUE,FALSE,FALSE,FALSE,,
"TCONS_00262035","XLOC_047739","SBDSP1",,,,,0.1137,0.706692986995632,0.000364372236180674,FALSE,FALSE,TRUE,FALSE,FALSE,FALSE,,
"TCONS_00262530","XLOC_047739","SBDSP1",,,,,-0.00806666666666666,1,0.000364372236180674,FALSE,FALSE,TRUE,FALSE,FALSE,FALSE,,
"TCONS_00262531","XLOC_047739","SBDSP1",,,,,0.0029,1,0.000364372236180674,FALSE,FALSE,TRUE,FALSE,FALSE,FALSE,,
"TCONS_00263300","XLOC_047739","SBDSP1",,,,,0.00783333333333333,1,0.000364372236180674,FALSE,FALSE,TRUE,FALSE,FALSE,FALSE,,
"TCONS_00252187","XLOC_047787","STAG3L1",,,,,0.0277,0.773973198807002,0.0492416958712836,FALSE,FALSE,TRUE,FALSE,FALSE,FALSE,,
"TCONS_00252188","XLOC_047787","STAG3L1",,,,,-0.00623333333333333,1,0.0492416958712836,FALSE,FALSE,TRUE,FALSE,FALSE,FALSE,,
"TCONS_00252189","XLOC_047787","STAG3L1",,,,,-0.0365,0.929766192081533,0.0492416958712836,FALSE,FALSE,TRUE,FALSE,FALSE,FALSE,,
"TCONS_00252191","XLOC_047787","STAG3L1",,,,,-0.0227,0.941554747037591,0.0492416958712836,FALSE,FALSE,TRUE,FALSE,FALSE,FALSE,,
"TCONS_00252193","XLOC_047787","STAG3L1",,,,,-0.0018,0.985522768606661,0.0492416958712836,FALSE,FALSE,TRUE,FALSE,FALSE,FALSE,,
"TCONS_00252195","XLOC_047787","STAG3L1",,,,,0.0386666666666667,0.373042566260718,0.0492416958712836,FALSE,FALSE,TRUE,FALSE,FALSE,FALSE,,
"TCONS_00252200","XLOC_047787","STAG3L1",,,,,-0.00163333333333333,1,0.0492416958712836,FALSE,FALSE,TRUE,FALSE,FALSE,FALSE,,
"TCONS_00252201","XLOC_047787","STAG3L1",,,,,-0.0322666666666667,1,0.0492416958712836,FALSE,FALSE,TRUE,FALSE,FALSE,FALSE,,
"TCONS_00252202","XLOC_047787","STAG3L1",,,,,0.0207666666666667,1,0.0492416958712836,FALSE,FALSE,TRUE,FALSE,FALSE,FALSE,,
"TCONS_00252203","XLOC_047787","STAG3L1",,,,,0.113666666666667,0.0492416958712836,0.0492416958712836,FALSE,FALSE,TRUE,FALSE,FALSE,FALSE,,
"TCONS_00252205","XLOC_047787","STAG3L1",,,,,-0.0038,0.998502443608869,0.0492416958712836,FALSE,FALSE,TRUE,FALSE,FALSE,FALSE,,
"TCONS_00252206","XLOC_047787","STAG3L1",,,,,0.0045,1,0.0492416958712836,FALSE,FALSE,TRUE,FALSE,FALSE,FALSE,,
"TCONS_00252207","XLOC_047787","STAG3L1",,,,,0.0711333333333333,0.803508710193042,0.0492416958712836,FALSE,FALSE,TRUE,FALSE,FALSE,FALSE,,
"TCONS_00252208","XLOC_047787","STAG3L1",,,,,0.0377,0.720204807806683,0.0492416958712836,FALSE,FALSE,TRUE,FALSE,FALSE,FALSE,,
"TCONS_00252209","XLOC_047787","STAG3L1",,,,,-0.0116,0.753146228620185,0.0492416958712836,FALSE,FALSE,TRUE,FALSE,FALSE,FALSE,,
"TCONS_00252211","XLOC_047787","STAG3L1",,,,,0.0281333333333333,1,0.0492416958712836,FALSE,FALSE,TRUE,FALSE,FALSE,FALSE,,
"TCONS_00252212","XLOC_047787","STAG3L1",,,,,0.0062,1,0.0492416958712836,FALSE,FALSE,TRUE,FALSE,FALSE,FALSE,,
"TCONS_00252213","XLOC_047787","STAG3L1",,,,,0.0176333333333333,0.957527269722035,0.0492416958712836,FALSE,FALSE,TRUE,FALSE,FALSE,FALSE,,
"TCONS_00252214","XLOC_047787","STAG3L1",,,,,-0.0515333333333333,0.0712568244058922,0.0492416958712836,FALSE,FALSE,TRUE,FALSE,FALSE,FALSE,,
"TCONS_00252217","XLOC_047787","STAG3L1",,,,,0.0654666666666667,0.557374931311189,0.0492416958712836,FALSE,FALSE,TRUE,FALSE,FALSE,FALSE,,
"TCONS_00252218","XLOC_047787","STAG3L1",,,,,-0.0707,0.184303967539663,0.0492416958712836,FALSE,FALSE,TRUE,FALSE,FALSE,FALSE,,
"TCONS_00262049","XLOC_047787","STAG3L1",,,,,-0.168933333333333,0.222367628010452,0.0492416958712836,FALSE,FALSE,TRUE,FALSE,FALSE,FALSE,,
"TCONS_00263313","XLOC_047787","STAG3L1",,,,,-0.00433333333333333,1,0.0492416958712836,FALSE,FALSE,TRUE,FALSE,FALSE,FALSE,,
"TCONS_00263314","XLOC_047787","STAG3L1",,,,,-0.0135666666666666,1,0.0492416958712836,FALSE,FALSE,TRUE,FALSE,FALSE,FALSE,,
"TCONS_00252292","XLOC_047802","ZP3",,,,,-0.0186333333333333,1,0.00169666751435467,FALSE,FALSE,TRUE,FALSE,FALSE,FALSE,,
"TCONS_00252295","XLOC_047802","ZP3",,,,,-0.0265,0.689277431627613,0.00169666751435467,FALSE,FALSE,TRUE,FALSE,FALSE,FALSE,,
"TCONS_00252296","XLOC_047802","ZP3",,,,,-0.0615,0.608435738335476,0.00169666751435467,FALSE,FALSE,TRUE,FALSE,FALSE,FALSE,,
"TCONS_00252298","XLOC_047802","ZP3",,,,,0.300633333333333,0.00169666751435467,0.00169666751435467,TRUE,FALSE,TRUE,FALSE,TRUE,FALSE,,
"TCONS_00262588","XLOC_047802","ZP3",,,,,-0.175666666666667,0.532858244243509,0.00169666751435467,FALSE,FALSE,TRUE,FALSE,FALSE,FALSE,,
"TCONS_00253319","XLOC_047993","TRIP6",,,,,-0.1034,0.125498080337188,1.17846237001745e-08,FALSE,FALSE,TRUE,FALSE,FALSE,FALSE,,
"TCONS_00253320","XLOC_047993","TRIP6",,,,,-0.00343333333333333,1,1.17846237001745e-08,FALSE,FALSE,TRUE,FALSE,FALSE,FALSE,,
"TCONS_00253322","XLOC_047993","TRIP6",,,,,0.1128,1.17846237001745e-08,1.17846237001745e-08,FALSE,FALSE,TRUE,FALSE,FALSE,FALSE,,
"TCONS_00253324","XLOC_047993","TRIP6",,,,,-3.33333333333331e-05,1,1.17846237001745e-08,FALSE,FALSE,TRUE,FALSE,FALSE,FALSE,,
"TCONS_00253326","XLOC_047993","TRIP6",,,,,0.00203333333333333,1,1.17846237001745e-08,FALSE,FALSE,TRUE,FALSE,FALSE,FALSE,,
"TCONS_00262082","XLOC_047993","TRIP6",,,,,0.000599999999999989,1,1.17846237001745e-08,FALSE,FALSE,TRUE,FALSE,FALSE,FALSE,,
"TCONS_00253710","XLOC_048082","ZNF277",,,,,0.0778,0.0143219393531065,0.0143219393531065,FALSE,FALSE,TRUE,FALSE,FALSE,FALSE,,
"TCONS_00253712","XLOC_048082","ZNF277",,,,,-0.0031,1,0.0143219393531065,FALSE,FALSE,TRUE,FALSE,FALSE,FALSE,,
"TCONS_00253713","XLOC_048082","ZNF277",,,,,-0.0239,0.92207711654732,0.0143219393531065,FALSE,FALSE,TRUE,FALSE,FALSE,FALSE,,
"TCONS_00253714","XLOC_048082","ZNF277",,,,,-0.0953666666666667,0.72914905514757,0.0143219393531065,FALSE,FALSE,TRUE,FALSE,FALSE,FALSE,,
"TCONS_00253716","XLOC_048082","ZNF277",,,,,-0.0188,0.539510406206292,0.0143219393531065,FALSE,FALSE,TRUE,FALSE,FALSE,FALSE,,
"TCONS_00261560","XLOC_048082","ZNF277",,,,,0.136233333333333,0.0386893797781492,0.0143219393531065,FALSE,FALSE,TRUE,FALSE,FALSE,FALSE,,
"TCONS_00261561","XLOC_048082","ZNF277",,,,,0.00153333333333334,1,0.0143219393531065,FALSE,FALSE,TRUE,FALSE,FALSE,FALSE,,
"TCONS_00262111","XLOC_048082","ZNF277",,,,,0.0190666666666667,0.42037293551991,0.0143219393531065,FALSE,FALSE,TRUE,FALSE,FALSE,FALSE,,
"TCONS_00262113","XLOC_048082","ZNF277",,,,,-0.126666666666667,0.623175868335158,0.0143219393531065,FALSE,FALSE,TRUE,FALSE,FALSE,FALSE,,
"TCONS_00263370","XLOC_048082","ZNF277",,,,,0.0411,0.801144961286911,0.0143219393531065,FALSE,FALSE,TRUE,FALSE,FALSE,FALSE,,
"TCONS_00255203","XLOC_048509","GIMAP1",,,,,-0.0360666666666667,1,0.0194329450072139,FALSE,FALSE,TRUE,FALSE,FALSE,FALSE,,
"TCONS_00255204","XLOC_048509","GIMAP1",,,,,0.00166666666666666,1,0.0194329450072139,FALSE,FALSE,TRUE,FALSE,FALSE,FALSE,,
"TCONS_00255206","XLOC_048509","GIMAP1",,,,,0.2024,0.0194329450072139,0.0194329450072139,TRUE,FALSE,TRUE,FALSE,TRUE,FALSE,,
"TCONS_00255207","XLOC_048509","GIMAP1",,,,,-0.205033333333333,0.0917406035075409,0.0194329450072139,FALSE,FALSE,TRUE,FALSE,FALSE,FALSE,,
"TCONS_00255208","XLOC_048509","GIMAP1",,,,,0.0118,1,0.0194329450072139,FALSE,FALSE,TRUE,FALSE,FALSE,FALSE,,
"TCONS_00255211","XLOC_048509","GIMAP1",,,,,0.0425333333333333,0.989959122092478,0.0194329450072139,FALSE,FALSE,TRUE,FALSE,FALSE,FALSE,,
"TCONS_00255372","XLOC_048528","GALNT11",,,,,-0.101266666666667,0.0882205350881636,0.038510316580041,FALSE,FALSE,TRUE,FALSE,FALSE,FALSE,,
"TCONS_00255373","XLOC_048528","GALNT11",,,,,0.0317333333333333,0.812630018472219,0.038510316580041,FALSE,FALSE,TRUE,FALSE,FALSE,FALSE,,
"TCONS_00255374","XLOC_048528","GALNT11",,,,,0.0219333333333333,0.749704818512224,0.038510316580041,FALSE,FALSE,TRUE,FALSE,FALSE,FALSE,,
"TCONS_00255379","XLOC_048528","GALNT11",,,,,0.00123333333333333,1,0.038510316580041,FALSE,FALSE,TRUE,FALSE,FALSE,FALSE,,
"TCONS_00261640","XLOC_048528","GALNT11",,,,,-0.00653333333333333,1,0.038510316580041,FALSE,FALSE,TRUE,FALSE,FALSE,FALSE,,
"TCONS_00261641","XLOC_048528","GALNT11",,,,,-0.0029,1,0.038510316580041,FALSE,FALSE,TRUE,FALSE,FALSE,FALSE,,
"TCONS_00261642","XLOC_048528","GALNT11",,,,,0.0540666666666667,0.977262253850114,0.038510316580041,FALSE,FALSE,TRUE,FALSE,FALSE,FALSE,,
"TCONS_00261643","XLOC_048528","GALNT11",,,,,0.106166666666667,0.038510316580041,0.038510316580041,FALSE,FALSE,TRUE,FALSE,FALSE,FALSE,,
"TCONS_00262163","XLOC_048528","GALNT11",,,,,0.0115666666666667,1,0.038510316580041,FALSE,FALSE,TRUE,FALSE,FALSE,FALSE,,
"TCONS_00262788","XLOC_048528","GALNT11",,,,,-0.0193666666666667,1,0.038510316580041,FALSE,FALSE,TRUE,FALSE,FALSE,FALSE,,
"TCONS_00262790","XLOC_048528","GALNT11",,,,,-0.0986,0.203103534607994,0.038510316580041,FALSE,FALSE,TRUE,FALSE,FALSE,FALSE,,
"TCONS_00255449","XLOC_048556","INSIG1",,,,,-0.00593333333333333,0.99562575759622,6.92180351583638e-59,FALSE,FALSE,TRUE,FALSE,FALSE,FALSE,,
"TCONS_00255450","XLOC_048556","INSIG1",,,,,-0.1131,0.153207869802582,6.92180351583638e-59,FALSE,FALSE,TRUE,FALSE,FALSE,FALSE,,
"TCONS_00255452","XLOC_048556","INSIG1",,,,,0.00973333333333333,0.824013080421211,6.92180351583638e-59,FALSE,FALSE,TRUE,FALSE,FALSE,FALSE,,
"TCONS_00261646","XLOC_048556","INSIG1",,,,,0.0552666666666667,0.00561004523039849,6.92180351583638e-59,FALSE,FALSE,TRUE,FALSE,FALSE,FALSE,,
"TCONS_00261648","XLOC_048556","INSIG1",,,,,-0.0188,0.9766853211675,6.92180351583638e-59,FALSE,FALSE,TRUE,FALSE,FALSE,FALSE,,
"TCONS_00261649","XLOC_048556","INSIG1",,,,,-0.0269333333333333,0.509294317500967,6.92180351583638e-59,FALSE,FALSE,TRUE,FALSE,FALSE,FALSE,,
"TCONS_00261650","XLOC_048556","INSIG1",,,,,-0.0170666666666667,0.356537047213123,6.92180351583638e-59,FALSE,FALSE,TRUE,FALSE,FALSE,FALSE,,
"TCONS_00262168","XLOC_048556","INSIG1",,,,,-0.00896666666666666,1,6.92180351583638e-59,FALSE,FALSE,TRUE,FALSE,FALSE,FALSE,,
"TCONS_00262793","XLOC_048556","INSIG1",,,,,0.1274,6.92180351583638e-59,6.92180351583638e-59,FALSE,FALSE,TRUE,FALSE,FALSE,FALSE,,
"TCONS_00255805","XLOC_048652","ACTB",,,,,-0.000266666666666667,1,8.56511988258128e-44,FALSE,FALSE,TRUE,FALSE,FALSE,FALSE,,
"TCONS_00255812","XLOC_048652","ACTB",,,,,0.000300000000000002,0.888030539684744,8.56511988258128e-44,FALSE,FALSE,TRUE,FALSE,FALSE,FALSE,,
"TCONS_00261678","XLOC_048652","ACTB",,,,,-6e-04,0.967438910732681,8.56511988258128e-44,FALSE,FALSE,TRUE,FALSE,FALSE,FALSE,,
"TCONS_00261679","XLOC_048652","ACTB",,,,,-0.144733333333333,8.56511988258128e-44,8.56511988258128e-44,FALSE,FALSE,TRUE,FALSE,FALSE,FALSE,,
"TCONS_00263425","XLOC_048652","ACTB",,,,,0.1392,0.0121886955093563,8.56511988258128e-44,FALSE,FALSE,TRUE,FALSE,FALSE,FALSE,,
"TCONS_00263428","XLOC_048652","ACTB",,,,,0.00263333333333333,1,8.56511988258128e-44,FALSE,FALSE,TRUE,FALSE,FALSE,FALSE,,
"TCONS_00256156","XLOC_048745","POLR1F",,,,,0.195966666666667,0.00134522423130732,0.00134522423130732,TRUE,FALSE,TRUE,FALSE,TRUE,FALSE,,
"TCONS_00256157","XLOC_048745","POLR1F",,,,,-0.195966666666667,0.0192016165862242,0.00134522423130732,TRUE,FALSE,TRUE,FALSE,TRUE,FALSE,,
"TCONS_00256655","XLOC_048862","NT5C3A",,,,,0.0835666666666667,0.0486127281695869,1.90998106501331e-12,FALSE,FALSE,TRUE,FALSE,FALSE,FALSE,,
"TCONS_00256656","XLOC_048862","NT5C3A",,,,,-0.206166666666667,1.90998106501331e-12,1.90998106501331e-12,TRUE,FALSE,TRUE,FALSE,TRUE,FALSE,,
"TCONS_00256657","XLOC_048862","NT5C3A",,,,,-0.0470666666666667,0.00042806008931736,1.90998106501331e-12,FALSE,FALSE,TRUE,FALSE,FALSE,FALSE,,
"TCONS_00256658","XLOC_048862","NT5C3A",,,,,0.0422333333333333,0.00404418305540898,1.90998106501331e-12,FALSE,FALSE,TRUE,FALSE,FALSE,FALSE,,
"TCONS_00256663","XLOC_048862","NT5C3A",,,,,0.0341333333333333,0.0044495732954986,1.90998106501331e-12,FALSE,FALSE,TRUE,FALSE,FALSE,FALSE,,
"TCONS_00261726","XLOC_048862","NT5C3A",,,,,0.0501,0.0001724518731368,1.90998106501331e-12,FALSE,FALSE,TRUE,FALSE,FALSE,FALSE,,
"TCONS_00262208","XLOC_048862","NT5C3A",,,,,0.136266666666667,0.461471650349415,1.90998106501331e-12,FALSE,FALSE,TRUE,FALSE,FALSE,FALSE,,
"TCONS_00262209","XLOC_048862","NT5C3A",,,,,0.0463,0.288099100825832,1.90998106501331e-12,FALSE,FALSE,TRUE,FALSE,FALSE,FALSE,,
"TCONS_00262210","XLOC_048862","NT5C3A",,,,,0.0919333333333333,0.0220726066493887,1.90998106501331e-12,FALSE,FALSE,TRUE,FALSE,FALSE,FALSE,,
"TCONS_00262213","XLOC_048862","NT5C3A",,,,,-0.0116,1,1.90998106501331e-12,FALSE,FALSE,TRUE,FALSE,FALSE,FALSE,,
"TCONS_00262214","XLOC_048862","NT5C3A",,,,,0.0051,0.720076609114604,1.90998106501331e-12,FALSE,FALSE,TRUE,FALSE,FALSE,FALSE,,
"TCONS_00262218","XLOC_048862","NT5C3A",,,,,-0.210033333333333,0.00189864890567077,1.90998106501331e-12,TRUE,FALSE,TRUE,FALSE,TRUE,FALSE,,
"TCONS_00256695","XLOC_048875","DPY19L1",,,,,0.0264333333333333,1,0.000303988016188222,FALSE,FALSE,TRUE,FALSE,FALSE,FALSE,,
"TCONS_00256696","XLOC_048875","DPY19L1",,,,,-0.0118666666666667,0.747560776301719,0.000303988016188222,FALSE,FALSE,TRUE,FALSE,FALSE,FALSE,,
"TCONS_00256697","XLOC_048875","DPY19L1",,,,,-0.0036,0.973155241095238,0.000303988016188222,FALSE,FALSE,TRUE,FALSE,FALSE,FALSE,,
"TCONS_00256698","XLOC_048875","DPY19L1",,,,,0.160566666666667,0.660803529596521,0.000303988016188222,FALSE,FALSE,TRUE,FALSE,FALSE,FALSE,,
"TCONS_00256699","XLOC_048875","DPY19L1",,,,,-0.0688666666666667,0.866776933555615,0.000303988016188222,FALSE,FALSE,TRUE,FALSE,FALSE,FALSE,,
"TCONS_00256703","XLOC_048875","DPY19L1",,,,,0.012,1,0.000303988016188222,FALSE,FALSE,TRUE,FALSE,FALSE,FALSE,,
"TCONS_00261727","XLOC_048875","DPY19L1",,,,,-0.00166666666666665,1,0.000303988016188222,FALSE,FALSE,TRUE,FALSE,FALSE,FALSE,,
"TCONS_00262219","XLOC_048875","DPY19L1",,,,,-0.1565,0.000303988016188222,0.000303988016188222,TRUE,FALSE,TRUE,FALSE,TRUE,FALSE,,
"TCONS_00262882","XLOC_048875","DPY19L1",,,,,0.0427666666666667,0.869455232664729,0.000303988016188222,FALSE,FALSE,TRUE,FALSE,FALSE,FALSE,,
"TCONS_00257907","XLOC_049240","GTF2IRD2",,,,,0.0113333333333333,1,0.0101217475773588,FALSE,FALSE,TRUE,FALSE,FALSE,FALSE,,
"TCONS_00257910","XLOC_049240","GTF2IRD2",,,,,-0.00113333333333333,1,0.0101217475773588,FALSE,FALSE,TRUE,FALSE,FALSE,FALSE,,
"TCONS_00257912","XLOC_049240","GTF2IRD2",,,,,0.3181,0.0101217475773588,0.0101217475773588,TRUE,FALSE,TRUE,FALSE,TRUE,FALSE,,
"TCONS_00257913","XLOC_049240","GTF2IRD2",,,,,-0.0191333333333333,1,0.0101217475773588,FALSE,FALSE,TRUE,FALSE,FALSE,FALSE,,
"TCONS_00257915","XLOC_049240","GTF2IRD2",,,,,-0.0802,0.915552939151704,0.0101217475773588,FALSE,FALSE,TRUE,FALSE,FALSE,FALSE,,
"TCONS_00257917","XLOC_049240","GTF2IRD2",,,,,-0.160466666666667,0.505851339135912,0.0101217475773588,FALSE,FALSE,TRUE,FALSE,FALSE,FALSE,,
"TCONS_00257920","XLOC_049240","GTF2IRD2",,,,,-0.0155666666666667,1,0.0101217475773588,FALSE,FALSE,TRUE,FALSE,FALSE,FALSE,,
"TCONS_00257921","XLOC_049240","GTF2IRD2",,,,,-0.0063,1,0.0101217475773588,FALSE,FALSE,TRUE,FALSE,FALSE,FALSE,,
"TCONS_00262988","XLOC_049240","GTF2IRD2",,,,,0.0247,1,0.0101217475773588,FALSE,FALSE,TRUE,FALSE,FALSE,FALSE,,
"TCONS_00262989","XLOC_049240","GTF2IRD2",,,,,-0.00473333333333334,1,0.0101217475773588,FALSE,FALSE,TRUE,FALSE,FALSE,FALSE,,
"TCONS_00262990","XLOC_049240","GTF2IRD2",,,,,-0.0654,0.887574823460401,0.0101217475773588,FALSE,FALSE,TRUE,FALSE,FALSE,FALSE,,
"TCONS_00257930","XLOC_049244","GTF2IP1",,,,,0.0405333333333333,0.281445386230558,1.83176793038819e-10,FALSE,FALSE,TRUE,FALSE,FALSE,FALSE,,
"TCONS_00257931","XLOC_049244","GTF2IP1",,,,,0.0440666666666667,0.0357393469874742,1.83176793038819e-10,FALSE,FALSE,TRUE,FALSE,FALSE,FALSE,,
"TCONS_00257932","XLOC_049244","GTF2IP1",,,,,0.0166333333333333,1,1.83176793038819e-10,FALSE,FALSE,TRUE,FALSE,FALSE,FALSE,,
"TCONS_00257934","XLOC_049244","GTF2IP1",,,,,0.120466666666667,1.83176793038819e-10,1.83176793038819e-10,FALSE,FALSE,TRUE,FALSE,FALSE,FALSE,,
"TCONS_00257940","XLOC_049244","GTF2IP1",,,,,-0.363666666666667,0.47385221219253,1.83176793038819e-10,FALSE,FALSE,TRUE,FALSE,FALSE,FALSE,,
"TCONS_00262991","XLOC_049244","GTF2IP1",,,,,0.0968333333333333,0.109670242460065,1.83176793038819e-10,FALSE,FALSE,TRUE,FALSE,FALSE,FALSE,,
"TCONS_00263512","XLOC_049244","GTF2IP1",,,,,0.0274333333333333,0.6455103853235,1.83176793038819e-10,FALSE,FALSE,TRUE,FALSE,FALSE,FALSE,,
"TCONS_00258022","XLOC_049270","POMZP3",,,,,-0.165633333333333,0.723976587931459,0.00865439640672501,FALSE,FALSE,TRUE,FALSE,FALSE,FALSE,,
"TCONS_00258024","XLOC_049270","POMZP3",,,,,0.0231,0.953140191531799,0.00865439640672501,FALSE,FALSE,TRUE,FALSE,FALSE,FALSE,,
"TCONS_00258025","XLOC_049270","POMZP3",,,,,-0.0164666666666667,1,0.00865439640672501,FALSE,FALSE,TRUE,FALSE,FALSE,FALSE,,
"TCONS_00262268","XLOC_049270","POMZP3",,,,,-0.00856666666666667,1,0.00865439640672501,FALSE,FALSE,TRUE,FALSE,FALSE,FALSE,,
"TCONS_00262269","XLOC_049270","POMZP3",,,,,0.136066666666667,0.00865439640672501,0.00865439640672501,FALSE,FALSE,TRUE,FALSE,FALSE,FALSE,,
"TCONS_00263513","XLOC_049270","POMZP3",,,,,0.0266666666666667,1,0.00865439640672501,FALSE,FALSE,TRUE,FALSE,FALSE,FALSE,,
"TCONS_00258295","XLOC_049326","SRI",,,,,-0.0546666666666667,0.912216481965798,0.00746415221242411,FALSE,FALSE,TRUE,FALSE,FALSE,FALSE,,
"TCONS_00258296","XLOC_049326","SRI",,,,,0.00916666666666666,1,0.00746415221242411,FALSE,FALSE,TRUE,FALSE,FALSE,FALSE,,
"TCONS_00258297","XLOC_049326","SRI",,,,,-0.00886666666666667,1,0.00746415221242411,FALSE,FALSE,TRUE,FALSE,FALSE,FALSE,,
"TCONS_00258298","XLOC_049326","SRI",,,,,0.322633333333333,0.0208727634002199,0.00746415221242411,TRUE,FALSE,TRUE,FALSE,TRUE,FALSE,,
"TCONS_00258299","XLOC_049326","SRI",,,,,-0.259166666666667,0.00746415221242411,0.00746415221242411,TRUE,FALSE,TRUE,FALSE,TRUE,FALSE,,
"TCONS_00258301","XLOC_049326","SRI",,,,,-0.00543333333333333,1,0.00746415221242411,FALSE,FALSE,TRUE,FALSE,FALSE,FALSE,,
"TCONS_00258322","XLOC_049340","ENSG00000223969",,,,,-0.120133333333333,0.137665744524963,0.00647730180141743,FALSE,FALSE,TRUE,FALSE,FALSE,FALSE,,
"TCONS_00258323","XLOC_049340","ENSG00000223969",,,,,0.164266666666667,0.00647730180141743,0.00647730180141743,TRUE,FALSE,TRUE,FALSE,TRUE,FALSE,,
"TCONS_00258324","XLOC_049340","ENSG00000223969",,,,,-0.0181,1,0.00647730180141743,FALSE,FALSE,TRUE,FALSE,FALSE,FALSE,,
"TCONS_00258325","XLOC_049340","ENSG00000223969",,,,,-0.026,1,0.00647730180141743,FALSE,FALSE,TRUE,FALSE,FALSE,FALSE,,
"TCONS_00259252","XLOC_049457","IFT22",,,,,-0.00193333333333333,1,0.0138023931005072,FALSE,FALSE,TRUE,FALSE,FALSE,FALSE,,
"TCONS_00259253","XLOC_049457","IFT22",,,,,-0.0269666666666667,0.911707704115323,0.0138023931005072,FALSE,FALSE,TRUE,FALSE,FALSE,FALSE,,
"TCONS_00259254","XLOC_049457","IFT22",,,,,-0.263633333333333,0.0138023931005072,0.0138023931005072,TRUE,FALSE,TRUE,FALSE,TRUE,FALSE,,
"TCONS_00259256","XLOC_049457","IFT22",,,,,0.0241,0.840587815212203,0.0138023931005072,FALSE,FALSE,TRUE,FALSE,FALSE,FALSE,,
"TCONS_00259258","XLOC_049457","IFT22",,,,,0.1438,0.58520172302625,0.0138023931005072,FALSE,FALSE,TRUE,FALSE,FALSE,FALSE,,
"TCONS_00259259","XLOC_049457","IFT22",,,,,0.0719666666666667,0.806279777542729,0.0138023931005072,FALSE,FALSE,TRUE,FALSE,FALSE,FALSE,,
"TCONS_00263053","XLOC_049457","IFT22",,,,,0.0373666666666667,1,0.0138023931005072,FALSE,FALSE,TRUE,FALSE,FALSE,FALSE,,
"TCONS_00259898","XLOC_049598","FAM3C",,,,,0.00366666666666667,1,3.09588872168905e-10,FALSE,FALSE,TRUE,FALSE,FALSE,FALSE,,
"TCONS_00259901","XLOC_049598","FAM3C",,,,,6.66666666666663e-05,1,3.09588872168905e-10,FALSE,FALSE,TRUE,FALSE,FALSE,FALSE,,
"TCONS_00261851","XLOC_049598","FAM3C",,,,,0.0221666666666667,1,3.09588872168905e-10,FALSE,FALSE,TRUE,FALSE,FALSE,FALSE,,
"TCONS_00262325","XLOC_049598","FAM3C",,,,,0.163933333333333,0.852712789216402,3.09588872168905e-10,FALSE,FALSE,TRUE,FALSE,FALSE,FALSE,,
"TCONS_00262326","XLOC_049598","FAM3C",,,,,-0.188833333333333,3.09588872168905e-10,3.09588872168905e-10,TRUE,FALSE,TRUE,FALSE,TRUE,FALSE,,
"TCONS_00260269","XLOC_049689","MKLN1-AS",,,,,-0.0425666666666667,0.623175868335158,0.0490559503379066,FALSE,FALSE,TRUE,FALSE,FALSE,FALSE,,
"TCONS_00260274","XLOC_049689","MKLN1-AS",,,,,-0.0178666666666667,1,0.0490559503379066,FALSE,FALSE,TRUE,FALSE,FALSE,FALSE,,
"TCONS_00260276","XLOC_049689","MKLN1-AS",,,,,0.00213333333333333,1,0.0490559503379066,FALSE,FALSE,TRUE,FALSE,FALSE,FALSE,,
"TCONS_00260278","XLOC_049689","MKLN1-AS",,,,,0.0639333333333333,1,0.0490559503379066,FALSE,FALSE,TRUE,FALSE,FALSE,FALSE,,
"TCONS_00260279","XLOC_049689","MKLN1-AS",,,,,-0.143733333333333,0.0490559503379066,0.0490559503379066,FALSE,FALSE,TRUE,FALSE,FALSE,FALSE,,
"TCONS_00260280","XLOC_049689","MKLN1-AS",,,,,0.0277666666666667,1,0.0490559503379066,FALSE,FALSE,TRUE,FALSE,FALSE,FALSE,,
"TCONS_00260281","XLOC_049689","MKLN1-AS",,,,,0.116866666666667,0.881244609094688,0.0490559503379066,FALSE,FALSE,TRUE,FALSE,FALSE,FALSE,,
"TCONS_00260282","XLOC_049689","MKLN1-AS",,,,,-0.00656666666666667,1,0.0490559503379066,FALSE,FALSE,TRUE,FALSE,FALSE,FALSE,,
"TCONS_00260283","XLOC_049689","MKLN1-AS",,,,,-0.000200000000000006,1,0.0490559503379066,FALSE,FALSE,TRUE,FALSE,FALSE,FALSE,,
"TCONS_00263676","XLOC_049940","CLN8",,,,,-0.1485,2.54271777926506e-14,2.54271777926506e-14,FALSE,FALSE,TRUE,FALSE,FALSE,FALSE,,
"TCONS_00263677","XLOC_049940","CLN8",,,,,0.00616666666666667,1,2.54271777926506e-14,FALSE,FALSE,TRUE,FALSE,FALSE,FALSE,,
"TCONS_00263678","XLOC_049940","CLN8",,,,,-0.0657333333333333,1,2.54271777926506e-14,FALSE,FALSE,TRUE,FALSE,FALSE,FALSE,,
"TCONS_00263679","XLOC_049940","CLN8",,,,,-0.0165666666666667,0.920106939734894,2.54271777926506e-14,FALSE,FALSE,TRUE,FALSE,FALSE,FALSE,,
"TCONS_00263682","XLOC_049940","CLN8",,,,,0.0253666666666667,1,2.54271777926506e-14,FALSE,FALSE,TRUE,FALSE,FALSE,FALSE,,
"TCONS_00263683","XLOC_049940","CLN8",,,,,-0.0046,1,2.54271777926506e-14,FALSE,FALSE,TRUE,FALSE,FALSE,FALSE,,
"TCONS_00273560","XLOC_049940","CLN8",,,,,0.197,0.312905866571008,2.54271777926506e-14,FALSE,FALSE,TRUE,FALSE,FALSE,FALSE,,
"TCONS_00264756","XLOC_050222","ESCO2",,,,,-0.1649,1,0.000653572646767137,FALSE,FALSE,TRUE,FALSE,FALSE,FALSE,,
"TCONS_00264760","XLOC_050222","ESCO2",,,,,0.0821333333333333,1,0.000653572646767137,FALSE,FALSE,TRUE,FALSE,FALSE,FALSE,,
"TCONS_00264761","XLOC_050222","ESCO2",,,,,-0.0483,0.955446950017707,0.000653572646767137,FALSE,FALSE,TRUE,FALSE,FALSE,FALSE,,
"TCONS_00264762","XLOC_050222","ESCO2",,,,,0.0157333333333333,1,0.000653572646767137,FALSE,FALSE,TRUE,FALSE,FALSE,FALSE,,
"TCONS_00273612","XLOC_050222","ESCO2",,,,,-0.137433333333333,0.918753057081644,0.000653572646767137,FALSE,FALSE,TRUE,FALSE,FALSE,FALSE,,
"TCONS_00274632","XLOC_050222","ESCO2",,,,,0.00196666666666667,1,0.000653572646767137,FALSE,FALSE,TRUE,FALSE,FALSE,FALSE,,
"TCONS_00275405","XLOC_050222","ESCO2",,,,,0.0627,0.565044505571418,0.000653572646767137,FALSE,FALSE,TRUE,FALSE,FALSE,FALSE,,
"TCONS_00275407","XLOC_050222","ESCO2",,,,,-0.0334333333333333,0.944676053442882,0.000653572646767137,FALSE,FALSE,TRUE,FALSE,FALSE,FALSE,,
"TCONS_00275408","XLOC_050222","ESCO2",,,,,0.0109,1,0.000653572646767137,FALSE,FALSE,TRUE,FALSE,FALSE,FALSE,,
"TCONS_00275409","XLOC_050222","ESCO2",,,,,0.206466666666667,0.000653572646767137,0.000653572646767137,TRUE,FALSE,TRUE,FALSE,TRUE,FALSE,,
"TCONS_00264805","XLOC_050236","EXTL3",,,,,0.0611666666666667,1,0.00886876839571783,FALSE,FALSE,TRUE,FALSE,FALSE,FALSE,,
"TCONS_00264806","XLOC_050236","EXTL3",,,,,0.0510333333333333,0.719718446759339,0.00886876839571783,FALSE,FALSE,TRUE,FALSE,FALSE,FALSE,,
"TCONS_00264807","XLOC_050236","EXTL3",,,,,-0.0940333333333333,0.942247028749145,0.00886876839571783,FALSE,FALSE,TRUE,FALSE,FALSE,FALSE,,
"TCONS_00264809","XLOC_050236","EXTL3",,,,,-0.0316333333333333,0.823689973966295,0.00886876839571783,FALSE,FALSE,TRUE,FALSE,FALSE,FALSE,,
"TCONS_00264810","XLOC_050236","EXTL3",,,,,-0.1544,0.685293819237484,0.00886876839571783,FALSE,FALSE,TRUE,FALSE,FALSE,FALSE,,
"TCONS_00264812","XLOC_050236","EXTL3",,,,,0.155666666666667,0.00886876839571783,0.00886876839571783,TRUE,FALSE,TRUE,FALSE,TRUE,FALSE,,
"TCONS_00264813","XLOC_050236","EXTL3",,,,,0.0202333333333333,1,0.00886876839571783,FALSE,FALSE,TRUE,FALSE,FALSE,FALSE,,
"TCONS_00264820","XLOC_050236","EXTL3",,,,,-0.0409666666666667,0.773570317578802,0.00886876839571783,FALSE,FALSE,TRUE,FALSE,FALSE,FALSE,,
"TCONS_00265284","XLOC_050354","GOLGA7",,,,,-0.0176666666666667,0.971656321303068,7.83272298988842e-14,FALSE,FALSE,TRUE,FALSE,FALSE,FALSE,,
"TCONS_00265286","XLOC_050354","GOLGA7",,,,,0.0185333333333333,1,7.83272298988842e-14,FALSE,FALSE,TRUE,FALSE,FALSE,FALSE,,
"TCONS_00265288","XLOC_050354","GOLGA7",,,,,0.00123333333333331,1,7.83272298988842e-14,FALSE,FALSE,TRUE,FALSE,FALSE,FALSE,,
"TCONS_00265290","XLOC_050354","GOLGA7",,,,,-0.1029,7.83272298988842e-14,7.83272298988842e-14,FALSE,FALSE,TRUE,FALSE,FALSE,FALSE,,
"TCONS_00265291","XLOC_050354","GOLGA7",,,,,0.0470333333333333,0.622044885304708,7.83272298988842e-14,FALSE,FALSE,TRUE,FALSE,FALSE,FALSE,,
"TCONS_00265293","XLOC_050354","GOLGA7",,,,,-0.0261333333333333,0.595243861358943,7.83272298988842e-14,FALSE,FALSE,TRUE,FALSE,FALSE,FALSE,,
"TCONS_00265294","XLOC_050354","GOLGA7",,,,,-0.0169,0.795232565401518,7.83272298988842e-14,FALSE,FALSE,TRUE,FALSE,FALSE,FALSE,,
"TCONS_00265297","XLOC_050354","GOLGA7",,,,,6.66666666666732e-05,1,7.83272298988842e-14,FALSE,FALSE,TRUE,FALSE,FALSE,FALSE,,
"TCONS_00265300","XLOC_050354","GOLGA7",,,,,0.108866666666667,0.194287623501098,7.83272298988842e-14,FALSE,FALSE,TRUE,FALSE,FALSE,FALSE,,
"TCONS_00265301","XLOC_050354","GOLGA7",,,,,0.0235666666666667,0.591298711000715,7.83272298988842e-14,FALSE,FALSE,TRUE,FALSE,FALSE,FALSE,,
"TCONS_00265302","XLOC_050354","GOLGA7",,,,,-0.0057,0.58366136884196,7.83272298988842e-14,FALSE,FALSE,TRUE,FALSE,FALSE,FALSE,,
"TCONS_00265305","XLOC_050354","GOLGA7",,,,,-0.0152333333333333,1,7.83272298988842e-14,FALSE,FALSE,TRUE,FALSE,FALSE,FALSE,,
"TCONS_00265306","XLOC_050354","GOLGA7",,,,,0.00306666666666667,1,7.83272298988842e-14,FALSE,FALSE,TRUE,FALSE,FALSE,FALSE,,
"TCONS_00275432","XLOC_050354","GOLGA7",,,,,-0.00486666666666666,1,7.83272298988842e-14,FALSE,FALSE,TRUE,FALSE,FALSE,FALSE,,
"TCONS_00267606","XLOC_050932","TRMT12",,,,,0.188166666666667,0.152114381695764,3.13050899458123e-06,FALSE,FALSE,TRUE,FALSE,FALSE,FALSE,,
"TCONS_00267607","XLOC_050932","TRMT12",,,,,0.000900000000000001,1,3.13050899458123e-06,FALSE,FALSE,TRUE,FALSE,FALSE,FALSE,,
"TCONS_00267608","XLOC_050932","TRMT12",,,,,0.0433333333333333,1,3.13050899458123e-06,FALSE,FALSE,TRUE,FALSE,FALSE,FALSE,,
"TCONS_00275545","XLOC_050932","TRMT12",,,,,-0.232266666666667,3.13050899458123e-06,3.13050899458123e-06,TRUE,FALSE,TRUE,FALSE,TRUE,FALSE,,
"TCONS_00268026","XLOC_050985","PHF20L1",,,,,0.00960000000000001,1,1.30980709176598e-06,FALSE,FALSE,TRUE,FALSE,FALSE,FALSE,,
"TCONS_00268027","XLOC_050985","PHF20L1",,,,,0.000400000000000001,0.976561205497313,1.30980709176598e-06,FALSE,FALSE,TRUE,FALSE,FALSE,FALSE,,
"TCONS_00268031","XLOC_050985","PHF20L1",,,,,-0.0256666666666667,1,1.30980709176598e-06,FALSE,FALSE,TRUE,FALSE,FALSE,FALSE,,
"TCONS_00268032","XLOC_050985","PHF20L1",,,,,-0.00323333333333333,1,1.30980709176598e-06,FALSE,FALSE,TRUE,FALSE,FALSE,FALSE,,
"TCONS_00268034","XLOC_050985","PHF20L1",,,,,-0.00803333333333334,0.859907905935023,1.30980709176598e-06,FALSE,FALSE,TRUE,FALSE,FALSE,FALSE,,
"TCONS_00268035","XLOC_050985","PHF20L1",,,,,0.0186,1,1.30980709176598e-06,FALSE,FALSE,TRUE,FALSE,FALSE,FALSE,,
"TCONS_00268036","XLOC_050985","PHF20L1",,,,,-0.00236666666666667,1,1.30980709176598e-06,FALSE,FALSE,TRUE,FALSE,FALSE,FALSE,,
"TCONS_00268037","XLOC_050985","PHF20L1",,,,,-0.00603333333333333,1,1.30980709176598e-06,FALSE,FALSE,TRUE,FALSE,FALSE,FALSE,,
"TCONS_00268040","XLOC_050985","PHF20L1",,,,,0.00753333333333334,1,1.30980709176598e-06,FALSE,FALSE,TRUE,FALSE,FALSE,FALSE,,
"TCONS_00268041","XLOC_050985","PHF20L1",,,,,0.00166666666666667,1,1.30980709176598e-06,FALSE,FALSE,TRUE,FALSE,FALSE,FALSE,,
"TCONS_00268042","XLOC_050985","PHF20L1",,,,,0.0168666666666667,1,1.30980709176598e-06,FALSE,FALSE,TRUE,FALSE,FALSE,FALSE,,
"TCONS_00268045","XLOC_050985","PHF20L1",,,,,-0.0104333333333333,0.339356000183194,1.30980709176598e-06,FALSE,FALSE,TRUE,FALSE,FALSE,FALSE,,
"TCONS_00273802","XLOC_050985","PHF20L1",,,,,0.1213,1.30980709176598e-06,1.30980709176598e-06,FALSE,FALSE,TRUE,FALSE,FALSE,FALSE,,
"TCONS_00274266","XLOC_050985","PHF20L1",,,,,0.00456666666666666,1,1.30980709176598e-06,FALSE,FALSE,TRUE,FALSE,FALSE,FALSE,,
"TCONS_00274927","XLOC_050985","PHF20L1",,,,,-0.019,0.913909248495202,1.30980709176598e-06,FALSE,FALSE,TRUE,FALSE,FALSE,FALSE,,
"TCONS_00274928","XLOC_050985","PHF20L1",,,,,-0.114633333333333,0.704438666892073,1.30980709176598e-06,FALSE,FALSE,TRUE,FALSE,FALSE,FALSE,,
"TCONS_00268097","XLOC_051008","KHDRBS3",,,,,-0.00440000000000002,1,0.00557035470475029,FALSE,FALSE,TRUE,FALSE,FALSE,FALSE,,
"TCONS_00268098","XLOC_051008","KHDRBS3",,,,,-0.190033333333333,0.00557035470475029,0.00557035470475029,TRUE,FALSE,TRUE,FALSE,TRUE,FALSE,,
"TCONS_00268100","XLOC_051008","KHDRBS3",,,,,0.0308,0.941332270473006,0.00557035470475029,FALSE,FALSE,TRUE,FALSE,FALSE,FALSE,,
"TCONS_00268102","XLOC_051008","KHDRBS3",,,,,0.0163333333333333,0.732865706547697,0.00557035470475029,FALSE,FALSE,TRUE,FALSE,FALSE,FALSE,,
"TCONS_00268103","XLOC_051008","KHDRBS3",,,,,0.117433333333333,1,0.00557035470475029,FALSE,FALSE,TRUE,FALSE,FALSE,FALSE,,
"TCONS_00268104","XLOC_051008","KHDRBS3",,,,,0.0300333333333333,0.995590959671612,0.00557035470475029,FALSE,FALSE,TRUE,FALSE,FALSE,FALSE,,
"TCONS_00268105","XLOC_051008","KHDRBS3",,,,,0.0206666666666667,0.693564097273279,0.00557035470475029,FALSE,FALSE,TRUE,FALSE,FALSE,FALSE,,
"TCONS_00268107","XLOC_051008","KHDRBS3",,,,,-0.0175333333333333,0.607918938385555,0.00557035470475029,FALSE,FALSE,TRUE,FALSE,FALSE,FALSE,,
"TCONS_00268462","XLOC_051090","SLC52A2",,,,,0.106466666666667,0.116812438746737,0.0299140343157989,FALSE,FALSE,TRUE,FALSE,FALSE,FALSE,,
"TCONS_00268463","XLOC_051090","SLC52A2",,,,,-0.0421,0.54195823307464,0.0299140343157989,FALSE,FALSE,TRUE,FALSE,FALSE,FALSE,,
"TCONS_00268464","XLOC_051090","SLC52A2",,,,,-0.117366666666667,0.0299140343157989,0.0299140343157989,FALSE,FALSE,TRUE,FALSE,FALSE,FALSE,,
"TCONS_00268465","XLOC_051090","SLC52A2",,,,,0.00336666666666666,1,0.0299140343157989,FALSE,FALSE,TRUE,FALSE,FALSE,FALSE,,
"TCONS_00268467","XLOC_051090","SLC52A2",,,,,-0.00836666666666666,1,0.0299140343157989,FALSE,FALSE,TRUE,FALSE,FALSE,FALSE,,
"TCONS_00268468","XLOC_051090","SLC52A2",,,,,-0.0315666666666667,0.29453080886092,0.0299140343157989,FALSE,FALSE,TRUE,FALSE,FALSE,FALSE,,
"TCONS_00268469","XLOC_051090","SLC52A2",,,,,-0.0036,1,0.0299140343157989,FALSE,FALSE,TRUE,FALSE,FALSE,FALSE,,
"TCONS_00268470","XLOC_051090","SLC52A2",,,,,-0.0243333333333333,0.364766002011035,0.0299140343157989,FALSE,FALSE,TRUE,FALSE,FALSE,FALSE,,
"TCONS_00268472","XLOC_051090","SLC52A2",,,,,-0.0285333333333333,0.714399796463956,0.0299140343157989,FALSE,FALSE,TRUE,FALSE,FALSE,FALSE,,
"TCONS_00268473","XLOC_051090","SLC52A2",,,,,0.0207333333333333,1,0.0299140343157989,FALSE,FALSE,TRUE,FALSE,FALSE,FALSE,,
"TCONS_00268474","XLOC_051090","SLC52A2",,,,,0.158433333333333,0.179084700060808,0.0299140343157989,FALSE,FALSE,TRUE,FALSE,FALSE,FALSE,,
"TCONS_00268475","XLOC_051090","SLC52A2",,,,,-0.00276666666666667,1,0.0299140343157989,FALSE,FALSE,TRUE,FALSE,FALSE,FALSE,,
"TCONS_00268479","XLOC_051090","SLC52A2",,,,,-0.00883333333333333,1,0.0299140343157989,FALSE,FALSE,TRUE,FALSE,FALSE,FALSE,,
"TCONS_00268481","XLOC_051090","SLC52A2",,,,,0.000766666666666665,1,0.0299140343157989,FALSE,FALSE,TRUE,FALSE,FALSE,FALSE,,
"TCONS_00268482","XLOC_051090","SLC52A2",,,,,-0.0237333333333333,0.427437353015838,0.0299140343157989,FALSE,FALSE,TRUE,FALSE,FALSE,FALSE,,
"TCONS_00268483","XLOC_051090","SLC52A2",,,,,-0.00176666666666667,1,0.0299140343157989,FALSE,FALSE,TRUE,FALSE,FALSE,FALSE,,
"TCONS_00269046","XLOC_051313","LONRF1",,,,,-0.0595,0.25915497242262,7.21606643299036e-08,FALSE,FALSE,TRUE,FALSE,FALSE,FALSE,,
"TCONS_00273868","XLOC_051313","LONRF1",,,,,0.0442,1,7.21606643299036e-08,FALSE,FALSE,TRUE,FALSE,FALSE,FALSE,,
"TCONS_00273869","XLOC_051313","LONRF1",,,,,0.1325,0.00536900394053823,7.21606643299036e-08,FALSE,FALSE,TRUE,FALSE,FALSE,FALSE,,
"TCONS_00274959","XLOC_051313","LONRF1",,,,,-0.120566666666667,7.21606643299036e-08,7.21606643299036e-08,FALSE,FALSE,TRUE,FALSE,FALSE,FALSE,,
"TCONS_00274960","XLOC_051313","LONRF1",,,,,0.00193333333333334,1,7.21606643299036e-08,FALSE,FALSE,TRUE,FALSE,FALSE,FALSE,,
"TCONS_00269847","XLOC_051529","NSD3",,,,,0.0138666666666667,1,0.000237580931213761,FALSE,FALSE,TRUE,FALSE,FALSE,FALSE,,
"TCONS_00269848","XLOC_051529","NSD3",,,,,0.00476666666666667,1,0.000237580931213761,FALSE,FALSE,TRUE,FALSE,FALSE,FALSE,,
"TCONS_00269850","XLOC_051529","NSD3",,,,,0.00903333333333333,1,0.000237580931213761,FALSE,FALSE,TRUE,FALSE,FALSE,FALSE,,
"TCONS_00269853","XLOC_051529","NSD3",,,,,-0.0705333333333333,0.677196501903739,0.000237580931213761,FALSE,FALSE,TRUE,FALSE,FALSE,FALSE,,
"TCONS_00269855","XLOC_051529","NSD3",,,,,-0.06,0.425690813678964,0.000237580931213761,FALSE,FALSE,TRUE,FALSE,FALSE,FALSE,,
"TCONS_00273931","XLOC_051529","NSD3",,,,,-0.00146666666666667,1,0.000237580931213761,FALSE,FALSE,TRUE,FALSE,FALSE,FALSE,,
"TCONS_00274355","XLOC_051529","NSD3",,,,,0.0810666666666667,0.000891748843184152,0.000237580931213761,FALSE,FALSE,TRUE,FALSE,FALSE,FALSE,,
"TCONS_00275027","XLOC_051529","NSD3",,,,,-0.192933333333333,0.000237580931213761,0.000237580931213761,TRUE,FALSE,TRUE,FALSE,TRUE,FALSE,,
"TCONS_00275028","XLOC_051529","NSD3",,,,,0.160833333333333,0.0404907981471615,0.000237580931213761,TRUE,FALSE,TRUE,FALSE,TRUE,FALSE,,
"TCONS_00275029","XLOC_051529","NSD3",,,,,0.0456333333333333,1,0.000237580931213761,FALSE,FALSE,TRUE,FALSE,FALSE,FALSE,,
"TCONS_00271520","XLOC_052000","NIPAL2",,,,,0.153166666666667,0.0394159002637436,2.84728760997702e-13,TRUE,FALSE,TRUE,FALSE,TRUE,FALSE,,
"TCONS_00271522","XLOC_052000","NIPAL2",,,,,-0.237966666666667,0.000510488266762425,2.84728760997702e-13,TRUE,FALSE,TRUE,FALSE,TRUE,FALSE,,
"TCONS_00271524","XLOC_052000","NIPAL2",,,,,0.0169333333333333,0.84988823212364,2.84728760997702e-13,FALSE,FALSE,TRUE,FALSE,FALSE,FALSE,,
"TCONS_00271525","XLOC_052000","NIPAL2",,,,,-0.0532,0.390842903106203,2.84728760997702e-13,FALSE,FALSE,TRUE,FALSE,FALSE,FALSE,,
"TCONS_00271526","XLOC_052000","NIPAL2",,,,,0.0346,1,2.84728760997702e-13,FALSE,FALSE,TRUE,FALSE,FALSE,FALSE,,
"TCONS_00274018","XLOC_052000","NIPAL2",,,,,-0.0545333333333333,0.0137516263810165,2.84728760997702e-13,FALSE,FALSE,TRUE,FALSE,FALSE,FALSE,,
"TCONS_00274434","XLOC_052000","NIPAL2",,,,,-0.159766666666667,0.00725797584001837,2.84728760997702e-13,TRUE,FALSE,TRUE,FALSE,TRUE,FALSE,,
"TCONS_00274435","XLOC_052000","NIPAL2",,,,,0.214633333333333,2.84728760997702e-13,2.84728760997702e-13,TRUE,FALSE,TRUE,FALSE,TRUE,FALSE,,
"TCONS_00274436","XLOC_052000","NIPAL2",,,,,0.00403333333333333,0.997314327662638,2.84728760997702e-13,FALSE,FALSE,TRUE,FALSE,FALSE,FALSE,,
"TCONS_00275201","XLOC_052000","NIPAL2",,,,,0.0889333333333334,0.946849529773943,2.84728760997702e-13,FALSE,FALSE,TRUE,FALSE,FALSE,FALSE,,
"TCONS_00272228","XLOC_052144","DSCC1",,,,,0.328633333333333,0.000104331830230862,0.000104331830230862,TRUE,FALSE,TRUE,FALSE,TRUE,FALSE,,
"TCONS_00272230","XLOC_052144","DSCC1",,,,,0.0131333333333333,1,0.000104331830230862,FALSE,FALSE,TRUE,FALSE,FALSE,FALSE,,
"TCONS_00275291","XLOC_052144","DSCC1",,,,,-0.3539,0.0275499484848307,0.000104331830230862,TRUE,FALSE,TRUE,FALSE,TRUE,FALSE,,
"TCONS_00275292","XLOC_052144","DSCC1",,,,,0.0122,1,0.000104331830230862,FALSE,FALSE,TRUE,FALSE,FALSE,FALSE,,
"TCONS_00273388","XLOC_052341","DGAT1",,,,,-0.0287,0.314628631198357,5.53114938963296e-10,FALSE,FALSE,TRUE,FALSE,FALSE,FALSE,,
"TCONS_00273390","XLOC_052341","DGAT1",,,,,-0.0721,0.541590385322354,5.53114938963296e-10,FALSE,FALSE,TRUE,FALSE,FALSE,FALSE,,
"TCONS_00273391","XLOC_052341","DGAT1",,,,,-0.0539666666666667,0.092628733108538,5.53114938963296e-10,FALSE,FALSE,TRUE,FALSE,FALSE,FALSE,,
"TCONS_00273395","XLOC_052341","DGAT1",,,,,0.0221,0.887589809490027,5.53114938963296e-10,FALSE,FALSE,TRUE,FALSE,FALSE,FALSE,,
"TCONS_00274112","XLOC_052341","DGAT1",,,,,0.262933333333333,5.53114938963296e-10,5.53114938963296e-10,TRUE,FALSE,TRUE,FALSE,TRUE,FALSE,,
"TCONS_00275353","XLOC_052341","DGAT1",,,,,-0.133,0.825719225909254,5.53114938963296e-10,FALSE,FALSE,TRUE,FALSE,FALSE,FALSE,,
"TCONS_00276049","XLOC_052399","RCL1",,,,,-0.0826999999999999,1,0.025066822799889,FALSE,FALSE,TRUE,FALSE,FALSE,FALSE,,
"TCONS_00285103","XLOC_052399","RCL1",,,,,-0.0284333333333333,0.856765665358849,0.025066822799889,FALSE,FALSE,TRUE,FALSE,FALSE,FALSE,,
"TCONS_00285105","XLOC_052399","RCL1",,,,,-0.0768,0.700010337930964,0.025066822799889,FALSE,FALSE,TRUE,FALSE,FALSE,FALSE,,
"TCONS_00285106","XLOC_052399","RCL1",,,,,0.3158,0.025066822799889,0.025066822799889,TRUE,FALSE,TRUE,FALSE,TRUE,FALSE,,
"TCONS_00285821","XLOC_052399","RCL1",,,,,-0.1253,0.774772033118347,0.025066822799889,FALSE,FALSE,TRUE,FALSE,FALSE,FALSE,,
"TCONS_00276109","XLOC_052427","UHRF2",,,,,-0.0299666666666667,0.452723555996681,0.00144203974345083,FALSE,FALSE,TRUE,FALSE,FALSE,FALSE,,
"TCONS_00276111","XLOC_052427","UHRF2",,,,,0.0763,0.991255736403143,0.00144203974345083,FALSE,FALSE,TRUE,FALSE,FALSE,FALSE,,
"TCONS_00276112","XLOC_052427","UHRF2",,,,,-0.0219333333333333,1,0.00144203974345083,FALSE,FALSE,TRUE,FALSE,FALSE,FALSE,,
"TCONS_00276113","XLOC_052427","UHRF2",,,,,0.0202666666666667,1,0.00144203974345083,FALSE,FALSE,TRUE,FALSE,FALSE,FALSE,,
"TCONS_00276115","XLOC_052427","UHRF2",,,,,-0.0110333333333333,1,0.00144203974345083,FALSE,FALSE,TRUE,FALSE,FALSE,FALSE,,
"TCONS_00276116","XLOC_052427","UHRF2",,,,,0.0062,1,0.00144203974345083,FALSE,FALSE,TRUE,FALSE,FALSE,FALSE,,
"TCONS_00276118","XLOC_052427","UHRF2",,,,,0.0139,1,0.00144203974345083,FALSE,FALSE,TRUE,FALSE,FALSE,FALSE,,
"TCONS_00276120","XLOC_052427","UHRF2",,,,,0.00693333333333333,1,0.00144203974345083,FALSE,FALSE,TRUE,FALSE,FALSE,FALSE,,
"TCONS_00284706","XLOC_052427","UHRF2",,,,,-0.1194,0.00144203974345083,0.00144203974345083,FALSE,FALSE,TRUE,FALSE,FALSE,FALSE,,
"TCONS_00285114","XLOC_052427","UHRF2",,,,,-0.0607666666666667,1,0.00144203974345083,FALSE,FALSE,TRUE,FALSE,FALSE,FALSE,,
"TCONS_00285115","XLOC_052427","UHRF2",,,,,0.009,1,0.00144203974345083,FALSE,FALSE,TRUE,FALSE,FALSE,FALSE,,
"TCONS_00285116","XLOC_052427","UHRF2",,,,,0.111,0.741744536921873,0.00144203974345083,FALSE,FALSE,TRUE,FALSE,FALSE,FALSE,,
"TCONS_00277976","XLOC_053038","ERCC6L2",,,,,-0.0807666666666667,0.96458287778275,8.44670125386262e-05,FALSE,FALSE,TRUE,FALSE,FALSE,FALSE,,
"TCONS_00277978","XLOC_053038","ERCC6L2",,,,,0.00653333333333334,1,8.44670125386262e-05,FALSE,FALSE,TRUE,FALSE,FALSE,FALSE,,
"TCONS_00277979","XLOC_053038","ERCC6L2",,,,,0.0037,1,8.44670125386262e-05,FALSE,FALSE,TRUE,FALSE,FALSE,FALSE,,
"TCONS_00277980","XLOC_053038","ERCC6L2",,,,,-0.0356333333333333,0.73709569016121,8.44670125386262e-05,FALSE,FALSE,TRUE,FALSE,FALSE,FALSE,,
"TCONS_00277984","XLOC_053038","ERCC6L2",,,,,-0.00866666666666667,1,8.44670125386262e-05,FALSE,FALSE,TRUE,FALSE,FALSE,FALSE,,
"TCONS_00277985","XLOC_053038","ERCC6L2",,,,,0.0246333333333333,0.517990664859756,8.44670125386262e-05,FALSE,FALSE,TRUE,FALSE,FALSE,FALSE,,
"TCONS_00277989","XLOC_053038","ERCC6L2",,,,,-0.114966666666667,0.856845454838299,8.44670125386262e-05,FALSE,FALSE,TRUE,FALSE,FALSE,FALSE,,
"TCONS_00277995","XLOC_053038","ERCC6L2",,,,,0.0374,0.560234640877998,8.44670125386262e-05,FALSE,FALSE,TRUE,FALSE,FALSE,FALSE,,
"TCONS_00277997","XLOC_053038","ERCC6L2",,,,,-0.000266666666666669,1,8.44670125386262e-05,FALSE,FALSE,TRUE,FALSE,FALSE,FALSE,,
"TCONS_00278002","XLOC_053038","ERCC6L2",,,,,-0.00286666666666667,1,8.44670125386262e-05,FALSE,FALSE,TRUE,FALSE,FALSE,FALSE,,
"TCONS_00278003","XLOC_053038","ERCC6L2",,,,,-0.00173333333333333,1,8.44670125386262e-05,FALSE,FALSE,TRUE,FALSE,FALSE,FALSE,,
"TCONS_00285278","XLOC_053038","ERCC6L2",,,,,-0.0346666666666667,1,8.44670125386262e-05,FALSE,FALSE,TRUE,FALSE,FALSE,FALSE,,
"TCONS_00285279","XLOC_053038","ERCC6L2",,,,,0.00443333333333333,1,8.44670125386262e-05,FALSE,FALSE,TRUE,FALSE,FALSE,FALSE,,
"TCONS_00285280","XLOC_053038","ERCC6L2",,,,,-0.0129333333333333,0.81920830573774,8.44670125386262e-05,FALSE,FALSE,TRUE,FALSE,FALSE,FALSE,,
"TCONS_00285907","XLOC_053038","ERCC6L2",,,,,0.0105,1,8.44670125386262e-05,FALSE,FALSE,TRUE,FALSE,FALSE,FALSE,,
"TCONS_00285908","XLOC_053038","ERCC6L2",,,,,0.167933333333333,8.44670125386262e-05,8.44670125386262e-05,TRUE,FALSE,TRUE,FALSE,TRUE,FALSE,,
"TCONS_00278792","XLOC_053270","ZBTB43",,,,,-0.0247666666666667,1,1.48719694531274e-05,FALSE,FALSE,TRUE,FALSE,FALSE,FALSE,,
"TCONS_00278793","XLOC_053270","ZBTB43",,,,,-0.0337666666666667,1,1.48719694531274e-05,FALSE,FALSE,TRUE,FALSE,FALSE,FALSE,,
"TCONS_00278796","XLOC_053270","ZBTB43",,,,,0.229933333333333,1.48719694531274e-05,1.48719694531274e-05,TRUE,FALSE,TRUE,FALSE,TRUE,FALSE,,
"TCONS_00284389","XLOC_053270","ZBTB43",,,,,-0.0595333333333333,0.813134453550964,1.48719694531274e-05,FALSE,FALSE,TRUE,FALSE,FALSE,FALSE,,
"TCONS_00284390","XLOC_053270","ZBTB43",,,,,-0.111733333333333,0.850693045550788,1.48719694531274e-05,FALSE,FALSE,TRUE,FALSE,FALSE,FALSE,,
"TCONS_00279530","XLOC_053359","POMT1",,,,,-0.0309666666666667,1,0.0077575162864161,FALSE,FALSE,TRUE,FALSE,FALSE,FALSE,,
"TCONS_00279531","XLOC_053359","POMT1",,,,,0.0272,0.885806565960096,0.0077575162864161,FALSE,FALSE,TRUE,FALSE,FALSE,FALSE,,
"TCONS_00279532","XLOC_053359","POMT1",,,,,0.0189,1,0.0077575162864161,FALSE,FALSE,TRUE,FALSE,FALSE,FALSE,,
"TCONS_00279534","XLOC_053359","POMT1",,,,,0.131366666666667,0.656701277436656,0.0077575162864161,FALSE,FALSE,TRUE,FALSE,FALSE,FALSE,,
"TCONS_00279546","XLOC_053359","POMT1",,,,,-0.0167,0.895694961643609,0.0077575162864161,FALSE,FALSE,TRUE,FALSE,FALSE,FALSE,,
"TCONS_00279552","XLOC_053359","POMT1",,,,,-0.0339,1,0.0077575162864161,FALSE,FALSE,TRUE,FALSE,FALSE,FALSE,,
"TCONS_00279554","XLOC_053359","POMT1",,,,,0.00626666666666667,1,0.0077575162864161,FALSE,FALSE,TRUE,FALSE,FALSE,FALSE,,
"TCONS_00279555","XLOC_053359","POMT1",,,,,0.009,1,0.0077575162864161,FALSE,FALSE,TRUE,FALSE,FALSE,FALSE,,
"TCONS_00279586","XLOC_053359","POMT1",,,,,0.00506666666666667,1,0.0077575162864161,FALSE,FALSE,TRUE,FALSE,FALSE,FALSE,,
"TCONS_00279604","XLOC_053359","POMT1",,,,,-0.171066666666667,0.0077575162864161,0.0077575162864161,TRUE,FALSE,TRUE,FALSE,TRUE,FALSE,,
"TCONS_00279605","XLOC_053359","POMT1",,,,,0.032,1,0.0077575162864161,FALSE,FALSE,TRUE,FALSE,FALSE,FALSE,,
"TCONS_00285453","XLOC_053359","POMT1",,,,,0.0179666666666667,0.867170444842365,0.0077575162864161,FALSE,FALSE,TRUE,FALSE,FALSE,FALSE,,
"TCONS_00281586","XLOC_053926","LINC01506",,,,,-0.121566666666667,0.862412287428129,0.0120914068740498,FALSE,FALSE,TRUE,FALSE,FALSE,FALSE,,
"TCONS_00281587","XLOC_053926","LINC01506",,,,,0.135566666666667,0.0120914068740498,0.0120914068740498,FALSE,FALSE,TRUE,FALSE,FALSE,FALSE,,
"TCONS_00281588","XLOC_053926","LINC01506",,,,,0.034,0.125498080337188,0.0120914068740498,FALSE,FALSE,TRUE,FALSE,FALSE,FALSE,,
"TCONS_00281592","XLOC_053926","LINC01506",,,,,-0.0641333333333333,0.795262203882888,0.0120914068740498,FALSE,FALSE,TRUE,FALSE,FALSE,FALSE,,
"TCONS_00281751","XLOC_053981","RFK",,,,,-0.1771,0.879615007119522,0.00145807498532718,FALSE,FALSE,TRUE,FALSE,FALSE,FALSE,,
"TCONS_00281754","XLOC_053981","RFK",,,,,0.150333333333333,0.00145807498532718,0.00145807498532718,TRUE,FALSE,TRUE,FALSE,TRUE,FALSE,,
"TCONS_00281755","XLOC_053981","RFK",,,,,-0.0157666666666667,0.991419142288298,0.00145807498532718,FALSE,FALSE,TRUE,FALSE,FALSE,FALSE,,
"TCONS_00285628","XLOC_053981","RFK",,,,,0.0528333333333333,0.995553288691207,0.00145807498532718,FALSE,FALSE,TRUE,FALSE,FALSE,FALSE,,
"TCONS_00282622","XLOC_054220","ABCA1",,,,,0.0757,0.795262203882888,1.93155984093886e-06,FALSE,FALSE,TRUE,FALSE,FALSE,FALSE,,
"TCONS_00282623","XLOC_054220","ABCA1",,,,,-0.0186666666666667,0.98807456426991,1.93155984093886e-06,FALSE,FALSE,TRUE,FALSE,FALSE,FALSE,,
"TCONS_00282625","XLOC_054220","ABCA1",,,,,-0.0013,1,1.93155984093886e-06,FALSE,FALSE,TRUE,FALSE,FALSE,FALSE,,
"TCONS_00284598","XLOC_054220","ABCA1",,,,,0.0181666666666667,1,1.93155984093886e-06,FALSE,FALSE,TRUE,FALSE,FALSE,FALSE,,
"TCONS_00284997","XLOC_054220","ABCA1",,,,,0.00206666666666667,1,1.93155984093886e-06,FALSE,FALSE,TRUE,FALSE,FALSE,FALSE,,
"TCONS_00285701","XLOC_054220","ABCA1",,,,,-0.0521666666666667,0.794926636545263,1.93155984093886e-06,FALSE,FALSE,TRUE,FALSE,FALSE,FALSE,,
"TCONS_00286157","XLOC_054220","ABCA1",,,,,0.1019,1.93155984093886e-06,1.93155984093886e-06,FALSE,FALSE,TRUE,FALSE,FALSE,FALSE,,
"TCONS_00286158","XLOC_054220","ABCA1",,,,,-0.1092,0.895694961643609,1.93155984093886e-06,FALSE,FALSE,TRUE,FALSE,FALSE,FALSE,,
"TCONS_00286159","XLOC_054220","ABCA1",,,,,-0.0220333333333333,0.645856744488392,1.93155984093886e-06,FALSE,FALSE,TRUE,FALSE,FALSE,FALSE,,
"TCONS_00283177","XLOC_054376","MIR600HG",,,,,-0.0207333333333333,0.848293780076413,0.00279785041584425,FALSE,FALSE,TRUE,FALSE,FALSE,FALSE,,
"TCONS_00283178","XLOC_054376","MIR600HG",,,,,0.0123666666666667,0.806370209609526,0.00279785041584425,FALSE,FALSE,TRUE,FALSE,FALSE,FALSE,,
"TCONS_00283183","XLOC_054376","MIR600HG",,,,,0.0110333333333333,1,0.00279785041584425,FALSE,FALSE,TRUE,FALSE,FALSE,FALSE,,
"TCONS_00283184","XLOC_054376","MIR600HG",,,,,0.0163333333333333,0.332078531282814,0.00279785041584425,FALSE,FALSE,TRUE,FALSE,FALSE,FALSE,,
"TCONS_00283185","XLOC_054376","MIR600HG",,,,,-0.183033333333333,0.0735521463353867,0.00279785041584425,FALSE,FALSE,TRUE,FALSE,FALSE,FALSE,,
"TCONS_00283186","XLOC_054376","MIR600HG",,,,,-0.0942666666666667,0.301421115329633,0.00279785041584425,FALSE,FALSE,TRUE,FALSE,FALSE,FALSE,,
"TCONS_00285757","XLOC_054376","MIR600HG",,,,,0.275833333333333,0.00279785041584425,0.00279785041584425,TRUE,FALSE,TRUE,FALSE,TRUE,FALSE,,
"TCONS_00286590","XLOC_054675","PRPS2",,,,,-0.029,1,4.84925798677144e-10,FALSE,FALSE,TRUE,FALSE,FALSE,FALSE,,
"TCONS_00286591","XLOC_054675","PRPS2",,,,,0.0308666666666667,0.91166058385337,4.84925798677144e-10,FALSE,FALSE,TRUE,FALSE,FALSE,FALSE,,
"TCONS_00286592","XLOC_054675","PRPS2",,,,,0.1367,0.949047555177023,4.84925798677144e-10,FALSE,FALSE,TRUE,FALSE,FALSE,FALSE,,
"TCONS_00294077","XLOC_054675","PRPS2",,,,,-0.00823333333333333,0.565326325658514,4.84925798677144e-10,FALSE,FALSE,TRUE,FALSE,FALSE,FALSE,,
"TCONS_00294078","XLOC_054675","PRPS2",,,,,-0.1022,4.84925798677144e-10,4.84925798677144e-10,FALSE,FALSE,TRUE,FALSE,FALSE,FALSE,,
"TCONS_00294688","XLOC_054675","PRPS2",,,,,-0.0774,0.728373469162016,4.84925798677144e-10,FALSE,FALSE,TRUE,FALSE,FALSE,FALSE,,
"TCONS_00294689","XLOC_054675","PRPS2",,,,,0.0463666666666667,0.0660208196475979,4.84925798677144e-10,FALSE,FALSE,TRUE,FALSE,FALSE,FALSE,,
"TCONS_00289110","XLOC_055460","PLS3",,,,,-0.157,0.00321296216313913,0.00321296216313913,TRUE,FALSE,TRUE,FALSE,TRUE,FALSE,,
"TCONS_00289114","XLOC_055460","PLS3",,,,,0.00583333333333325,1,0.00321296216313913,FALSE,FALSE,TRUE,FALSE,FALSE,FALSE,,
"TCONS_00289116","XLOC_055460","PLS3",,,,,-0.0414333333333333,0.850468905758297,0.00321296216313913,FALSE,FALSE,TRUE,FALSE,FALSE,FALSE,,
"TCONS_00294538","XLOC_055460","PLS3",,,,,0.1896,0.488918807432876,0.00321296216313913,FALSE,FALSE,TRUE,FALSE,FALSE,FALSE,,
"TCONS_00289361","XLOC_055565","UTP14A",,,,,-0.0468999999999999,1,0.00114257001893347,FALSE,FALSE,TRUE,FALSE,FALSE,FALSE,,
"TCONS_00294252","XLOC_055565","UTP14A",,,,,0.0185333333333333,0.697627550989748,0.00114257001893347,FALSE,FALSE,TRUE,FALSE,FALSE,FALSE,,
"TCONS_00294253","XLOC_055565","UTP14A",,,,,0.137466666666667,0.0133601690717178,0.00114257001893347,FALSE,FALSE,TRUE,FALSE,FALSE,FALSE,,
"TCONS_00294929","XLOC_055565","UTP14A",,,,,-0.00553333333333333,1,0.00114257001893347,FALSE,FALSE,TRUE,FALSE,FALSE,FALSE,,
"TCONS_00294930","XLOC_055565","UTP14A",,,,,0.0731,0.00114257001893347,0.00114257001893347,FALSE,FALSE,TRUE,FALSE,FALSE,FALSE,,
"TCONS_00295345","XLOC_055565","UTP14A",,,,,-0.175866666666667,1,0.00114257001893347,FALSE,FALSE,TRUE,FALSE,FALSE,FALSE,,
"TCONS_00289387","XLOC_055571","RBMX2",,,,,0.0689333333333334,1,7.98948441818844e-08,FALSE,FALSE,TRUE,FALSE,FALSE,FALSE,,
"TCONS_00289388","XLOC_055571","RBMX2",,,,,-0.0439333333333333,0.786797350337691,7.98948441818844e-08,FALSE,FALSE,TRUE,FALSE,FALSE,FALSE,,
"TCONS_00289389","XLOC_055571","RBMX2",,,,,0.0268666666666667,0.61334567014706,7.98948441818844e-08,FALSE,FALSE,TRUE,FALSE,FALSE,FALSE,,
"TCONS_00289390","XLOC_055571","RBMX2",,,,,0.140633333333333,0.512381704793083,7.98948441818844e-08,FALSE,FALSE,TRUE,FALSE,FALSE,FALSE,,
"TCONS_00294256","XLOC_055571","RBMX2",,,,,-0.167233333333333,7.98948441818844e-08,7.98948441818844e-08,TRUE,FALSE,TRUE,FALSE,TRUE,FALSE,,
"TCONS_00294547","XLOC_055571","RBMX2",,,,,-0.0253333333333333,1,7.98948441818844e-08,FALSE,FALSE,TRUE,FALSE,FALSE,FALSE,,
"TCONS_00290462","XLOC_055860","PUDP",,,,,0.157833333333333,0.669225598546501,0.0146789387196228,FALSE,FALSE,TRUE,FALSE,FALSE,FALSE,,
"TCONS_00290464","XLOC_055860","PUDP",,,,,0.00966666666666667,1,0.0146789387196228,FALSE,FALSE,TRUE,FALSE,FALSE,FALSE,,
"TCONS_00295383","XLOC_055860","PUDP",,,,,-0.1695,0.0146789387196228,0.0146789387196228,TRUE,FALSE,TRUE,FALSE,TRUE,FALSE,,
"TCONS_00295384","XLOC_055860","PUDP",,,,,0.00056666666666666,1,0.0146789387196228,FALSE,FALSE,TRUE,FALSE,FALSE,FALSE,,
"TCONS_00291069","XLOC_056046","BCOR",,,,,-0.0343666666666667,0.889786129153316,7.17357675484039e-07,FALSE,FALSE,TRUE,FALSE,FALSE,FALSE,,
"TCONS_00291070","XLOC_056046","BCOR",,,,,0.0565333333333333,0.866776933555615,7.17357675484039e-07,FALSE,FALSE,TRUE,FALSE,FALSE,FALSE,,
"TCONS_00291073","XLOC_056046","BCOR",,,,,0.0165,0.786797350337691,7.17357675484039e-07,FALSE,FALSE,TRUE,FALSE,FALSE,FALSE,,
"TCONS_00291074","XLOC_056046","BCOR",,,,,0.00346666666666667,1,7.17357675484039e-07,FALSE,FALSE,TRUE,FALSE,FALSE,FALSE,,
"TCONS_00291078","XLOC_056046","BCOR",,,,,0.0071,0.956057267787338,7.17357675484039e-07,FALSE,FALSE,TRUE,FALSE,FALSE,FALSE,,
"TCONS_00291080","XLOC_056046","BCOR",,,,,-0.101066666666667,0.775664374900736,7.17357675484039e-07,FALSE,FALSE,TRUE,FALSE,FALSE,FALSE,,
"TCONS_00291083","XLOC_056046","BCOR",,,,,0.0345333333333333,0.781066662197853,7.17357675484039e-07,FALSE,FALSE,TRUE,FALSE,FALSE,FALSE,,
"TCONS_00291084","XLOC_056046","BCOR",,,,,-0.0225333333333333,0.965343863391754,7.17357675484039e-07,FALSE,FALSE,TRUE,FALSE,FALSE,FALSE,,
"TCONS_00294294","XLOC_056046","BCOR",,,,,-0.0692666666666667,1,7.17357675484039e-07,FALSE,FALSE,TRUE,FALSE,FALSE,FALSE,,
"TCONS_00295018","XLOC_056046","BCOR",,,,,0.0433,0.981022867510154,7.17357675484039e-07,FALSE,FALSE,TRUE,FALSE,FALSE,FALSE,,
"TCONS_00295019","XLOC_056046","BCOR",,,,,0.1701,7.17357675484039e-07,7.17357675484039e-07,TRUE,FALSE,TRUE,FALSE,TRUE,FALSE,,
"TCONS_00295020","XLOC_056046","BCOR",,,,,-0.1049,0.965130963364878,7.17357675484039e-07,FALSE,FALSE,TRUE,FALSE,FALSE,FALSE,,
"TCONS_00295021","XLOC_056046","BCOR",,,,,-0.0934333333333333,0.44405133794887,7.17357675484039e-07,FALSE,FALSE,TRUE,FALSE,FALSE,FALSE,,
"TCONS_00295023","XLOC_056046","BCOR",,,,,0.0277333333333333,0.931882598313425,7.17357675484039e-07,FALSE,FALSE,TRUE,FALSE,FALSE,FALSE,,
"TCONS_00295412","XLOC_056046","BCOR",,,,,0.0283333333333333,1,7.17357675484039e-07,FALSE,FALSE,TRUE,FALSE,FALSE,FALSE,,
"TCONS_00295413","XLOC_056046","BCOR",,,,,0.0450666666666667,0.826966376936061,7.17357675484039e-07,FALSE,FALSE,TRUE,FALSE,FALSE,FALSE,,
"TCONS_00291155","XLOC_056076","NDP",,,,,-0.00653333333333334,1,6.19927523900331e-09,FALSE,FALSE,TRUE,FALSE,FALSE,FALSE,,
"TCONS_00291156","XLOC_056076","NDP",,,,,-0.176,0.635636342897149,6.19927523900331e-09,FALSE,FALSE,TRUE,FALSE,FALSE,FALSE,,
"TCONS_00291157","XLOC_056076","NDP",,,,,-0.0514,1,6.19927523900331e-09,FALSE,FALSE,TRUE,FALSE,FALSE,FALSE,,
"TCONS_00294298","XLOC_056076","NDP",,,,,0.0754666666666667,6.19927523900331e-09,6.19927523900331e-09,FALSE,FALSE,TRUE,FALSE,FALSE,FALSE,,
"TCONS_00294591","XLOC_056076","NDP",,,,,0.1573,0.00886876839571783,6.19927523900331e-09,TRUE,FALSE,TRUE,FALSE,TRUE,FALSE,,
"TCONS_00294593","XLOC_056076","NDP",,,,,-0.00423333333333334,1,6.19927523900331e-09,FALSE,FALSE,TRUE,FALSE,FALSE,FALSE,,
"TCONS_00291237","XLOC_056118","SYN1",,,,,0.00736666666666667,1,0.0191668539038331,FALSE,FALSE,TRUE,FALSE,FALSE,FALSE,,
"TCONS_00291238","XLOC_056118","SYN1",,,,,0.188733333333333,0.0191668539038331,0.0191668539038331,TRUE,FALSE,TRUE,FALSE,TRUE,FALSE,,
"TCONS_00291244","XLOC_056118","SYN1",,,,,-0.0753,0.864946866391587,0.0191668539038331,FALSE,FALSE,TRUE,FALSE,FALSE,FALSE,,
"TCONS_00291245","XLOC_056118","SYN1",,,,,0.0363666666666667,0.854758148463772,0.0191668539038331,FALSE,FALSE,TRUE,FALSE,FALSE,FALSE,,
"TCONS_00291246","XLOC_056118","SYN1",,,,,0.0214666666666667,1,0.0191668539038331,FALSE,FALSE,TRUE,FALSE,FALSE,FALSE,,
"TCONS_00291247","XLOC_056118","SYN1",,,,,-0.1646,0.498522920897497,0.0191668539038331,FALSE,FALSE,TRUE,FALSE,FALSE,FALSE,,
"TCONS_00291836","XLOC_056267","ARHGEF9",,,,,-0.149366666666667,0.0303063352752821,0.0200334310986621,FALSE,FALSE,TRUE,FALSE,FALSE,FALSE,,
"TCONS_00291839","XLOC_056267","ARHGEF9",,,,,0.0154,1,0.0200334310986621,FALSE,FALSE,TRUE,FALSE,FALSE,FALSE,,
"TCONS_00291840","XLOC_056267","ARHGEF9",,,,,0.0220333333333333,1,0.0200334310986621,FALSE,FALSE,TRUE,FALSE,FALSE,FALSE,,
"TCONS_00291843","XLOC_056267","ARHGEF9",,,,,-0.0727666666666666,0.765022527945645,0.0200334310986621,FALSE,FALSE,TRUE,FALSE,FALSE,FALSE,,
"TCONS_00291844","XLOC_056267","ARHGEF9",,,,,-0.0195,1,0.0200334310986621,FALSE,FALSE,TRUE,FALSE,FALSE,FALSE,,
"TCONS_00291845","XLOC_056267","ARHGEF9",,,,,0.0058,0.976561205497313,0.0200334310986621,FALSE,FALSE,TRUE,FALSE,FALSE,FALSE,,
"TCONS_00291854","XLOC_056267","ARHGEF9",,,,,-0.117133333333333,0.268075552656442,0.0200334310986621,FALSE,FALSE,TRUE,FALSE,FALSE,FALSE,,
"TCONS_00291855","XLOC_056267","ARHGEF9",,,,,0.104833333333333,0.799725965969624,0.0200334310986621,FALSE,FALSE,TRUE,FALSE,FALSE,FALSE,,
"TCONS_00291860","XLOC_056267","ARHGEF9",,,,,-0.0432333333333333,0.673146907605671,0.0200334310986621,FALSE,FALSE,TRUE,FALSE,FALSE,FALSE,,
"TCONS_00291865","XLOC_056267","ARHGEF9",,,,,-0.0359333333333333,0.670584986130554,0.0200334310986621,FALSE,FALSE,TRUE,FALSE,FALSE,FALSE,,
"TCONS_00291866","XLOC_056267","ARHGEF9",,,,,-0.0172,0.988788868341595,0.0200334310986621,FALSE,FALSE,TRUE,FALSE,FALSE,FALSE,,
"TCONS_00291867","XLOC_056267","ARHGEF9",,,,,0.0055,1,0.0200334310986621,FALSE,FALSE,TRUE,FALSE,FALSE,FALSE,,
"TCONS_00291879","XLOC_056267","ARHGEF9",,,,,0.0633,0.934553269923615,0.0200334310986621,FALSE,FALSE,TRUE,FALSE,FALSE,FALSE,,
"TCONS_00295075","XLOC_056267","ARHGEF9",,,,,0.171033333333333,0.0200334310986621,0.0200334310986621,TRUE,FALSE,TRUE,FALSE,TRUE,FALSE,,
"TCONS_00295076","XLOC_056267","ARHGEF9",,,,,0.0741333333333333,1,0.0200334310986621,FALSE,FALSE,TRUE,FALSE,FALSE,FALSE,,
"TCONS_00295078","XLOC_056267","ARHGEF9",,,,,-0.00256666666666667,1,0.0200334310986621,FALSE,FALSE,TRUE,FALSE,FALSE,FALSE,,
"TCONS_00295442","XLOC_056267","ARHGEF9",,,,,-0.0138666666666667,1,0.0200334310986621,FALSE,FALSE,TRUE,FALSE,FALSE,FALSE,,
"TCONS_00291995","XLOC_056313","PDZD11",,,,,0.0209333333333333,0.587735642405563,5.38761349964059e-08,FALSE,FALSE,TRUE,FALSE,FALSE,FALSE,,
"TCONS_00291996","XLOC_056313","PDZD11",,,,,0.1539,0.582899364168034,5.38761349964059e-08,FALSE,FALSE,TRUE,FALSE,FALSE,FALSE,,
"TCONS_00291997","XLOC_056313","PDZD11",,,,,0.0243,1,5.38761349964059e-08,FALSE,FALSE,TRUE,FALSE,FALSE,FALSE,,
"TCONS_00295449","XLOC_056313","PDZD11",,,,,-0.212966666666667,5.38761349964059e-08,5.38761349964059e-08,TRUE,FALSE,TRUE,FALSE,TRUE,FALSE,,
"TCONS_00293294","XLOC_056732","GPC3",,,,,-0.0395,0.948494015190635,5.14993892112197e-12,FALSE,FALSE,TRUE,FALSE,FALSE,FALSE,,
"TCONS_00293296","XLOC_056732","GPC3",,,,,-0.124666666666667,0.120236534027033,5.14993892112197e-12,FALSE,FALSE,TRUE,FALSE,FALSE,FALSE,,
"TCONS_00294656","XLOC_056732","GPC3",,,,,0.586866666666667,5.14993892112197e-12,5.14993892112197e-12,TRUE,FALSE,TRUE,FALSE,TRUE,FALSE,,
"TCONS_00294657","XLOC_056732","GPC3",,,,,-0.414733333333333,0.014673207698425,5.14993892112197e-12,TRUE,FALSE,TRUE,FALSE,TRUE,FALSE,,
"TCONS_00293940","XLOC_056929","SLC10A3",,,,,-0.0557,0.760717014258296,0.0444789800513434,FALSE,FALSE,TRUE,FALSE,FALSE,FALSE,,
"TCONS_00293941","XLOC_056929","SLC10A3",,,,,-0.145066666666667,0.0444789800513434,0.0444789800513434,FALSE,FALSE,TRUE,FALSE,FALSE,FALSE,,
"TCONS_00293942","XLOC_056929","SLC10A3",,,,,0.0618666666666667,0.78737814922521,0.0444789800513434,FALSE,FALSE,TRUE,FALSE,FALSE,FALSE,,
"TCONS_00293943","XLOC_056929","SLC10A3",,,,,0.1389,0.864217459136023,0.0444789800513434,FALSE,FALSE,TRUE,FALSE,FALSE,FALSE,,
