"isoform_id","gene_id","gene_name","oId","class_code","T_dIF","T_abs_dIF","T_q","T_gene_q","T_switching","T_novel","U_gene_id","U_gene_name","U_dIF","U_abs_dIF","U_q","U_gene_q","U_switching","U_novel","present_in_T","present_in_U","present_in_both","overlap_class","same_direction","delta_dIF","abs_delta_dIF"
"TCONS_00001391","XLOC_000332","CDA","ENST00000461985.1","=",0.00133333333333333,0.00133333333333333,0.998161431539877,0.038586546179063,FALSE,FALSE,,,,,,,FALSE,,TRUE,FALSE,FALSE,"Non-significant / other",,,
"TCONS_00001392","XLOC_000332","CDA","PB.195.1","=",0.0513666666666666,0.0513666666666666,0.946676792468211,0.038586546179063,FALSE,TRUE,,,,,,,FALSE,,TRUE,FALSE,FALSE,"Non-significant / other",,,
"TCONS_00027031","XLOC_000332","CDA","PB.197.1","j",0.108233333333333,0.108233333333333,0.88402433818588,0.038586546179063,FALSE,TRUE,,,,,,,FALSE,,TRUE,FALSE,FALSE,"Non-significant / other",,,
"TCONS_00029778","XLOC_000332","CDA","PB.197.2","j",-0.160933333333333,0.160933333333333,0.038586546179063,0.038586546179063,TRUE,TRUE,,,,,,,FALSE,,TRUE,FALSE,FALSE,"T-significant / missing in U",,,
"TCONS_00002540","XLOC_000574","AGO4","ENST00000373210.4","=",-0.191633333333333,0.191633333333333,0.0392160238918131,0.0392160238918131,TRUE,FALSE,,,,,,,FALSE,,TRUE,FALSE,FALSE,"T-significant / missing in U",,,
"TCONS_00002541","XLOC_000574","AGO4","ENST00000488778.1","=",0.0261,0.0261,0.791754442188018,0.0392160238918131,FALSE,FALSE,,,,,,,FALSE,,TRUE,FALSE,FALSE,"Non-significant / other",,,
"TCONS_00002542","XLOC_000574","AGO4","ENST00000496257.1","=",0.135166666666667,0.135166666666667,0.263814372431103,0.0392160238918131,FALSE,FALSE,,,,,,,FALSE,,TRUE,FALSE,FALSE,"Non-significant / other",,,
"TCONS_00029848","XLOC_000574","AGO4","PB.392.1","c",0.0303666666666667,0.0303666666666667,0.826155150287102,0.0392160238918131,FALSE,TRUE,,,,,,,FALSE,,TRUE,FALSE,FALSE,"Non-significant / other",,,
"TCONS_00003296","XLOC_000707","DMAP1","ENST00000361745.10","=",0.00126666666666667,0.00126666666666667,1,0.0104236252790435,FALSE,FALSE,,,,,,,FALSE,,TRUE,FALSE,FALSE,"Non-significant / other",,,
"TCONS_00003298","XLOC_000707","DMAP1","ENST00000440641.5","=",-0.0012,0.0012,0.946312450845199,0.0104236252790435,FALSE,FALSE,,,,,,,FALSE,,TRUE,FALSE,FALSE,"Non-significant / other",,,
"TCONS_00003299","XLOC_000707","DMAP1","ENST00000372289.7","=",-0.0124666666666667,0.0124666666666667,0.930356517491311,0.0104236252790435,FALSE,FALSE,,,,,,,FALSE,,TRUE,FALSE,FALSE,"Non-significant / other",,,
"TCONS_00003301","XLOC_000707","DMAP1","ENST00000437511.5","=",-0.000866666666666668,0.000866666666666668,0.968736314872131,0.0104236252790435,FALSE,FALSE,,,,,,,FALSE,,TRUE,FALSE,FALSE,"Non-significant / other",,,
"TCONS_00003305","XLOC_000707","DMAP1","PB.546.1","=",-0.1528,0.1528,0.0104236252790435,0.0104236252790435,TRUE,TRUE,,,,,,,FALSE,,TRUE,FALSE,FALSE,"T-significant / missing in U",,,
"TCONS_00003306","XLOC_000707","DMAP1","ENST00000463950.1","=",0.00783333333333333,0.00783333333333333,0.810548597578339,0.0104236252790435,FALSE,FALSE,,,,,,,FALSE,,TRUE,FALSE,FALSE,"Non-significant / other",,,
"TCONS_00003308","XLOC_000707","DMAP1","ENST00000488433.5","=",0.00583333333333333,0.00583333333333333,0.970640907799963,0.0104236252790435,FALSE,FALSE,,,,,,,FALSE,,TRUE,FALSE,FALSE,"Non-significant / other",,,
"TCONS_00003309","XLOC_000707","DMAP1","ENST00000483741.1","=",0.0283666666666667,0.0283666666666667,0.910669119862254,0.0104236252790435,FALSE,FALSE,,,,,,,FALSE,,TRUE,FALSE,FALSE,"Non-significant / other",,,
"TCONS_00022086","XLOC_000707","DMAP1","PB.546.3","n",0.00356666666666667,0.00356666666666667,0.954571790506809,0.0104236252790435,FALSE,TRUE,,,,,,,FALSE,,TRUE,FALSE,FALSE,"Non-significant / other",,,
"TCONS_00027233","XLOC_000707","DMAP1","PB.549.1","c",-0.0384333333333333,0.0384333333333333,0.79039000722064,0.0104236252790435,FALSE,TRUE,,,,,,,FALSE,,TRUE,FALSE,FALSE,"Non-significant / other",,,
"TCONS_00027234","XLOC_000707","DMAP1","PB.549.2","c",0.160933333333333,0.160933333333333,0.0807719194277176,0.0104236252790435,FALSE,TRUE,,,,,,,FALSE,,TRUE,FALSE,FALSE,"Non-significant / other",,,
"TCONS_00004795","XLOC_001048","PRKACB","ENST00000370689.6","=",0.147833333333333,0.147833333333333,0.312277357668931,0.0461894919003621,FALSE,FALSE,,,,,,,FALSE,,TRUE,FALSE,FALSE,"Non-significant / other",,,
"TCONS_00004796","XLOC_001048","PRKACB","ENST00000370688.7","=",-0.000399999999999998,0.000399999999999998,0.99827197286669,0.0461894919003621,FALSE,FALSE,,,,,,,FALSE,,TRUE,FALSE,FALSE,"Non-significant / other",,,
"TCONS_00004798","XLOC_001048","PRKACB","ENST00000370685.7","=",-0.2291,0.2291,0.0461894919003621,0.0461894919003621,TRUE,FALSE,,,,,,,FALSE,,TRUE,FALSE,FALSE,"T-significant / missing in U",,,
"TCONS_00004804","XLOC_001048","PRKACB","ENST00000610703.4","=",0.138366666666667,0.138366666666667,0.764159788807256,0.0461894919003621,FALSE,FALSE,,,,,,,FALSE,,TRUE,FALSE,FALSE,"Non-significant / other",,,
"TCONS_00027439","XLOC_001048","PRKACB","PB.757.5","j",-0.0441333333333333,0.0441333333333333,0.950950830181264,0.0461894919003621,FALSE,TRUE,,,,,,,FALSE,,TRUE,FALSE,FALSE,"Non-significant / other",,,
"TCONS_00030066","XLOC_001048","PRKACB","PB.787.4","j",-0.0127,0.0127,0.946246617521928,0.0461894919003621,FALSE,TRUE,,,,,,,FALSE,,TRUE,FALSE,FALSE,"Non-significant / other",,,
"TCONS_00005889","XLOC_001303","CTTNBP2NL","ENST00000271277.11","=",-0.194233333333333,0.194233333333333,1.14088211584295e-05,1.14088211584295e-05,TRUE,FALSE,,,,,,,FALSE,,TRUE,FALSE,FALSE,"T-significant / missing in U",,,
"TCONS_00005890","XLOC_001303","CTTNBP2NL","ENST00000441739.1","=",0.0316333333333333,0.0316333333333333,0.666113991628464,1.14088211584295e-05,FALSE,FALSE,,,,,,,FALSE,,TRUE,FALSE,FALSE,"Non-significant / other",,,
"TCONS_00005892","XLOC_001303","CTTNBP2NL","ENST00000607039.1","=",0.0221333333333333,0.0221333333333333,0.793653795625581,1.14088211584295e-05,FALSE,FALSE,,,,,,,FALSE,,TRUE,FALSE,FALSE,"Non-significant / other",,,
"TCONS_00022417","XLOC_001303","CTTNBP2NL","PB.935.7","j",0.147766666666667,0.147766666666667,0.00541347371679368,1.14088211584295e-05,FALSE,TRUE,,,,,,,FALSE,,TRUE,FALSE,FALSE,"Non-significant / other",,,
"TCONS_00006054","XLOC_001352","PTGFRN","ENST00000393203.3","=",-0.0391,0.0391,0.873336871084596,0.032986730597945,FALSE,FALSE,,,,,,,FALSE,,TRUE,FALSE,FALSE,"Non-significant / other",,,
"TCONS_00006055","XLOC_001352","PTGFRN","ENST00000496699.1","=",-0.0251,0.0251,0.674817729477614,0.032986730597945,FALSE,FALSE,,,,,,,FALSE,,TRUE,FALSE,FALSE,"Non-significant / other",,,
"TCONS_00006056","XLOC_001352","PTGFRN","ENST00000497385.1","=",-0.138866666666667,0.138866666666667,0.37600996361984,0.032986730597945,FALSE,FALSE,,,,,,,FALSE,,TRUE,FALSE,FALSE,"Non-significant / other",,,
"TCONS_00027653","XLOC_001352","PTGFRN","PB.1046.1","c",0.183033333333333,0.183033333333333,0.032986730597945,0.032986730597945,TRUE,TRUE,,,,,,,FALSE,,TRUE,FALSE,FALSE,"T-significant / missing in U",,,
"TCONS_00027654","XLOC_001352","PTGFRN","PB.1046.2","j",0.0201,0.0201,0.60330973667485,0.032986730597945,FALSE,TRUE,,,,,,,FALSE,,TRUE,FALSE,FALSE,"Non-significant / other",,,
"TCONS_00006676","XLOC_001524","ADAMTSL4","ENST00000369039.9","=",0.00296666666666667,0.00296666666666667,0.993563785997512,0.00232716627088813,FALSE,FALSE,,,,,,,FALSE,,TRUE,FALSE,FALSE,"Non-significant / other",,,
"TCONS_00006677","XLOC_001524","ADAMTSL4","ENST00000369041.9","=",0.0125,0.0125,0.926225341353023,0.00232716627088813,FALSE,FALSE,,,,,,,FALSE,,TRUE,FALSE,FALSE,"Non-significant / other",,,
"TCONS_00006678","XLOC_001524","ADAMTSL4","ENST00000271643.9","=",0.1358,0.1358,0.0398633506527514,0.00232716627088813,FALSE,FALSE,,,,,,,FALSE,,TRUE,FALSE,FALSE,"Non-significant / other",,,
"TCONS_00006679","XLOC_001524","ADAMTSL4","ENST00000483335.1","=",-0.0134,0.0134,0.510738427903624,0.00232716627088813,FALSE,FALSE,,,,,,,FALSE,,TRUE,FALSE,FALSE,"Non-significant / other",,,
"TCONS_00006683","XLOC_001524","ADAMTSL4","ENST00000369038.6","=",-0.00126666666666667,0.00126666666666667,0.993245236754558,0.00232716627088813,FALSE,FALSE,,,,,,,FALSE,,TRUE,FALSE,FALSE,"Non-significant / other",,,
"TCONS_00006684","XLOC_001524","ADAMTSL4","ENST00000489159.1","=",-0.131966666666667,0.131966666666667,0.00232716627088813,0.00232716627088813,FALSE,FALSE,,,,,,,FALSE,,TRUE,FALSE,FALSE,"Non-significant / other",,,
"TCONS_00007384","XLOC_001687","TMEM79","ENST00000463670.5","=",0.206366666666667,0.206366666666667,0.157591204839591,0.0241419353695401,FALSE,FALSE,,,,,,,FALSE,,TRUE,FALSE,FALSE,"Non-significant / other",,,
"TCONS_00007385","XLOC_001687","TMEM79","ENST00000295694.9","=",-0.293766666666667,0.293766666666667,0.0241419353695401,0.0241419353695401,TRUE,FALSE,,,,,,,FALSE,,TRUE,FALSE,FALSE,"T-significant / missing in U",,,
"TCONS_00007386","XLOC_001687","TMEM79","ENST00000357501.6","=",0.0303,0.0303,0.971807915567184,0.0241419353695401,FALSE,FALSE,,,,,,,FALSE,,TRUE,FALSE,FALSE,"Non-significant / other",,,
"TCONS_00007387","XLOC_001687","TMEM79","ENST00000495881.1","=",0.0212666666666667,0.0212666666666667,0.964195285902499,0.0241419353695401,FALSE,FALSE,,,,,,,FALSE,,TRUE,FALSE,FALSE,"Non-significant / other",,,
"TCONS_00007390","XLOC_001687","TMEM79","ENST00000485135.1","=",0.0358333333333333,0.0358333333333333,0.624586882633732,0.0241419353695401,FALSE,FALSE,,,,,,,FALSE,,TRUE,FALSE,FALSE,"Non-significant / other",,,
"TCONS_00007518","XLOC_001715","CD1D","PB.1386.6","=",0.0437,0.0437,0.267654944898505,2.77577300933962e-19,FALSE,TRUE,,,,,,,FALSE,,TRUE,FALSE,FALSE,"Non-significant / other",,,
"TCONS_00022696","XLOC_001715","CD1D","PB.1306.1","j",-0.0199,0.0199,0.930027556851579,2.77577300933962e-19,FALSE,TRUE,,,,,,,FALSE,,TRUE,FALSE,FALSE,"Non-significant / other",,,
"TCONS_00022697","XLOC_001715","CD1D","PB.1386.1","j",-0.00386666666666667,0.00386666666666667,0.981054508722999,2.77577300933962e-19,FALSE,TRUE,,,,,,,FALSE,,TRUE,FALSE,FALSE,"Non-significant / other",,,
"TCONS_00025809","XLOC_001715","CD1D","PB.1051.1","j",-0.0217666666666667,0.0217666666666667,0.85153956557028,2.77577300933962e-19,FALSE,TRUE,,,,,,,FALSE,,TRUE,FALSE,FALSE,"Non-significant / other",,,
"TCONS_00025810","XLOC_001715","CD1D","PB.1051.4","m",0.0361,0.0361,0.351251489584081,2.77577300933962e-19,FALSE,TRUE,,,,,,,FALSE,,TRUE,FALSE,FALSE,"Non-significant / other",,,
"TCONS_00027867","XLOC_001715","CD1D","PB.1386.4","j",0.0018,0.0018,0.988002230179986,2.77577300933962e-19,FALSE,TRUE,,,,,,,FALSE,,TRUE,FALSE,FALSE,"Non-significant / other",,,
"TCONS_00027869","XLOC_001715","CD1D","PB.1386.9","j",-0.0819333333333333,0.0819333333333333,2.77577300933962e-19,2.77577300933962e-19,FALSE,TRUE,,,,,,,FALSE,,TRUE,FALSE,FALSE,"Non-significant / other",,,
"TCONS_00027872","XLOC_001715","CD1D","PB.1386.13","j",0.00766666666666667,0.00766666666666667,0.996865376668892,2.77577300933962e-19,FALSE,TRUE,,,,,,,FALSE,,TRUE,FALSE,FALSE,"Non-significant / other",,,
"TCONS_00027873","XLOC_001715","CD1D","PB.1386.14","c",-0.1371,0.1371,0.0145783575163303,2.77577300933962e-19,FALSE,TRUE,,,,,,,FALSE,,TRUE,FALSE,FALSE,"Non-significant / other",,,
"TCONS_00027874","XLOC_001715","CD1D","PB.1386.15","c",0.1492,0.1492,0.00781646280634204,2.77577300933962e-19,FALSE,TRUE,,,,,,,FALSE,,TRUE,FALSE,FALSE,"Non-significant / other",,,
"TCONS_00027875","XLOC_001715","CD1D","PB.1386.16","j",0.0213666666666667,0.0213666666666667,0.476510065085788,2.77577300933962e-19,FALSE,TRUE,,,,,,,FALSE,,TRUE,FALSE,FALSE,"Non-significant / other",,,
"TCONS_00030386","XLOC_001715","CD1D","PB.1491.4","j",0.0192666666666667,0.0192666666666667,0.683010901789041,2.77577300933962e-19,FALSE,TRUE,,,,,,,FALSE,,TRUE,FALSE,FALSE,"Non-significant / other",,,
"TCONS_00030389","XLOC_001715","CD1D","PB.1491.9","j",-0.0262,0.0262,0.833370670547001,2.77577300933962e-19,FALSE,TRUE,,,,,,,FALSE,,TRUE,FALSE,FALSE,"Non-significant / other",,,
"TCONS_00030390","XLOC_001715","CD1D","PB.1491.12","j",-0.00386666666666667,0.00386666666666667,0.962908690010673,2.77577300933962e-19,FALSE,TRUE,,,,,,,FALSE,,TRUE,FALSE,FALSE,"Non-significant / other",,,
"TCONS_00008513","XLOC_001966","RASAL2","ENST00000367649.8","=",0.0750666666666666,0.0750666666666666,0.532854286116013,0.00325413777445229,FALSE,FALSE,,,,,,,FALSE,,TRUE,FALSE,FALSE,"Non-significant / other",,,
"TCONS_00008514","XLOC_001966","RASAL2","ENST00000465723.1","=",0.0147333333333333,0.0147333333333333,0.552183043860603,0.00325413777445229,FALSE,FALSE,,,,,,,FALSE,,TRUE,FALSE,FALSE,"Non-significant / other",,,
"TCONS_00008516","XLOC_001966","RASAL2","ENST00000462775.5","=",-0.0173666666666667,0.0173666666666667,0.761978199319848,0.00325413777445229,FALSE,FALSE,,,,,,,FALSE,,TRUE,FALSE,FALSE,"Non-significant / other",,,
"TCONS_00008518","XLOC_001966","RASAL2","ENST00000696607.1","=",-0.1658,0.1658,0.00325413777445229,0.00325413777445229,TRUE,FALSE,,,,,,,FALSE,,TRUE,FALSE,FALSE,"T-significant / missing in U",,,
"TCONS_00008521","XLOC_001966","RASAL2","ENST00000463079.1","=",0.0410666666666667,0.0410666666666667,0.0493292442686348,0.00325413777445229,FALSE,FALSE,,,,,,,FALSE,,TRUE,FALSE,FALSE,"Non-significant / other",,,
"TCONS_00022879","XLOC_001966","RASAL2","PB.1476.1","c",0.121366666666667,0.121366666666667,0.38911260612806,0.00325413777445229,FALSE,TRUE,,,,,,,FALSE,,TRUE,FALSE,FALSE,"Non-significant / other",,,
"TCONS_00022880","XLOC_001966","RASAL2","PB.1476.2","c",-0.00733333333333334,0.00733333333333334,0.988002230179986,0.00325413777445229,FALSE,TRUE,,,,,,,FALSE,,TRUE,FALSE,FALSE,"Non-significant / other",,,
"TCONS_00022881","XLOC_001966","RASAL2","PB.1476.3","c",-0.0604333333333333,0.0604333333333333,0.409982880190471,0.00325413777445229,FALSE,TRUE,,,,,,,FALSE,,TRUE,FALSE,FALSE,"Non-significant / other",,,
"TCONS_00028047","XLOC_001966","RASAL2","PB.1574.2","j",-0.0199,0.0199,0.878571569337054,0.00325413777445229,FALSE,TRUE,,,,,,,FALSE,,TRUE,FALSE,FALSE,"Non-significant / other",,,
"TCONS_00030480","XLOC_001966","RASAL2","PB.1678.3","i",0.00863333333333333,0.00863333333333333,0.859842903594247,0.00325413777445229,FALSE,TRUE,,,,,,,FALSE,,TRUE,FALSE,FALSE,"Non-significant / other",,,
"TCONS_00010179","XLOC_002392","FBXO28","ENST00000424254.6","=",0.00846666666666667,0.00846666666666667,0.882225222467951,0.000140357399876349,FALSE,FALSE,,,,,,,FALSE,,TRUE,FALSE,FALSE,"Non-significant / other",,,
"TCONS_00010180","XLOC_002392","FBXO28","ENST00000366862.10","=",-0.168566666666667,0.168566666666667,0.0292822819228986,0.000140357399876349,TRUE,FALSE,,,,,,,FALSE,,TRUE,FALSE,FALSE,"T-significant / missing in U",,,
"TCONS_00010182","XLOC_002392","FBXO28","ENST00000483773.1","=",0.0109,0.0109,0.767563429598521,0.000140357399876349,FALSE,FALSE,,,,,,,FALSE,,TRUE,FALSE,FALSE,"Non-significant / other",,,
"TCONS_00026050","XLOC_002392","FBXO28","PB.1458.4","c",0.121133333333333,0.121133333333333,0.000140357399876349,0.000140357399876349,FALSE,TRUE,,,,,,,FALSE,,TRUE,FALSE,FALSE,"Non-significant / other",,,
"TCONS_00011938","XLOC_002833","UTS2","ENST00000361696.10","=",-0.0250333333333333,0.0250333333333333,0.044543746608444,1.78089449082664e-10,FALSE,FALSE,"XLOC_002833","UTS2",-0.0374,0.0374,0.671802633060449,2.37319292335412e-30,FALSE,FALSE,TRUE,TRUE,TRUE,"Non-significant / other",TRUE,-0.0123666666666667,0.0123666666666667
"TCONS_00011939","XLOC_002833","UTS2","ENST00000054668.5","=",-0.0270333333333333,0.0270333333333333,0.176909671716978,1.78089449082664e-10,FALSE,FALSE,"XLOC_002833","UTS2",-0.0230666666666667,0.0230666666666667,0.000456888737976579,2.37319292335412e-30,FALSE,FALSE,TRUE,TRUE,TRUE,"Non-significant / other",TRUE,0.00396666666666666,0.00396666666666666
"TCONS_00011940","XLOC_002833","UTS2","ENST00000377507.8","=",0.176833333333333,0.176833333333333,0.00191510800248346,1.78089449082664e-10,TRUE,FALSE,"XLOC_002833","UTS2",0.2337,0.2337,2.37319292335412e-30,2.37319292335412e-30,TRUE,FALSE,TRUE,TRUE,TRUE,"Shared significant",TRUE,0.0568666666666667,0.0568666666666667
"TCONS_00011944","XLOC_002833","UTS2","ENST00000674210.1","=",0.0119666666666667,0.0119666666666667,0.803206591081616,1.78089449082664e-10,FALSE,FALSE,"XLOC_002833","UTS2",0.0397666666666667,0.0397666666666667,0.459734976257452,2.37319292335412e-30,FALSE,FALSE,TRUE,TRUE,TRUE,"Non-significant / other",TRUE,0.0278,0.0278
"TCONS_00023384","XLOC_002833","UTS2","PB.59.2","j",-0.0215,0.0215,8.6598262777984e-10,1.78089449082664e-10,FALSE,TRUE,"XLOC_002833","UTS2",-0.0281,0.0281,1.18068911085704e-06,2.37319292335412e-30,FALSE,TRUE,TRUE,TRUE,TRUE,"Non-significant / other",TRUE,-0.0066,0.0066
"TCONS_00023387","XLOC_002833","UTS2","PB.72.5","j",-0.1602,0.1602,1.78089449082664e-10,1.78089449082664e-10,TRUE,TRUE,"XLOC_002833","UTS2",-0.193033333333333,0.193033333333333,3.46637005620153e-22,2.37319292335412e-30,TRUE,TRUE,TRUE,TRUE,TRUE,"Shared significant",TRUE,-0.0328333333333333,0.0328333333333333
"TCONS_00023390","XLOC_002833","UTS2","PB.42.15","j",0.0321666666666667,0.0321666666666667,0.331054475856567,1.78089449082664e-10,FALSE,TRUE,"XLOC_002833","UTS2",0.0349333333333333,0.0349333333333333,4.01273381258809e-10,2.37319292335412e-30,FALSE,TRUE,TRUE,TRUE,TRUE,"Non-significant / other",TRUE,0.00276666666666667,0.00276666666666667
"TCONS_00023394","XLOC_002833","UTS2","PB.42.25","j",0.0199,0.0199,0.201527843233207,1.78089449082664e-10,FALSE,TRUE,"XLOC_002833","UTS2",0.0228333333333333,0.0228333333333333,0.0402810827001302,2.37319292335412e-30,FALSE,TRUE,TRUE,TRUE,TRUE,"Non-significant / other",TRUE,0.00293333333333334,0.00293333333333334
"TCONS_00023396","XLOC_002833","UTS2","PB.61.33","j",-0.00133333333333333,0.00133333333333333,0.946312450845199,1.78089449082664e-10,FALSE,TRUE,"XLOC_002833","UTS2",-0.009,0.009,0.892191273681322,2.37319292335412e-30,FALSE,TRUE,TRUE,TRUE,TRUE,"Non-significant / other",TRUE,-0.00766666666666667,0.00766666666666667
"TCONS_00023397","XLOC_002833","UTS2","PB.61.34","j",0.00523333333333333,0.00523333333333333,0.782213174534641,1.78089449082664e-10,FALSE,TRUE,"XLOC_002833","UTS2",0.0107,0.0107,0.183179012179491,2.37319292335412e-30,FALSE,TRUE,TRUE,TRUE,TRUE,"Non-significant / other",TRUE,0.00546666666666667,0.00546666666666667
"TCONS_00023398","XLOC_002833","UTS2","PB.42.53","j",0.00256666666666667,0.00256666666666667,0.928425096820991,1.78089449082664e-10,FALSE,TRUE,"XLOC_002833","UTS2",0.00853333333333334,0.00853333333333334,0.451689914547405,2.37319292335412e-30,FALSE,TRUE,TRUE,TRUE,TRUE,"Non-significant / other",TRUE,0.00596666666666667,0.00596666666666667
"TCONS_00028459","XLOC_002833","UTS2","PB.74.8","j",0.0316,0.0316,0.200062473248489,1.78089449082664e-10,FALSE,TRUE,"XLOC_002833","UTS2",0.0156666666666667,0.0156666666666667,0.971364481707397,2.37319292335412e-30,FALSE,TRUE,TRUE,TRUE,TRUE,"Non-significant / other",TRUE,-0.0159333333333333,0.0159333333333333
"TCONS_00012037","XLOC_002864","CTNNBIP1","ENST00000377263.6","=",-0.115166666666667,0.115166666666667,0.0024240197517107,0.0024240197517107,FALSE,FALSE,,,,,,,FALSE,,TRUE,FALSE,FALSE,"Non-significant / other",,,
"TCONS_00012038","XLOC_002864","CTNNBIP1","ENST00000400904.7","=",0.145466666666667,0.145466666666667,0.00509052003126799,0.0024240197517107,FALSE,FALSE,,,,,,,FALSE,,TRUE,FALSE,FALSE,"Non-significant / other",,,
"TCONS_00012040","XLOC_002864","CTNNBIP1","ENST00000377256.1","=",-0.0325333333333334,0.0325333333333334,0.88307291950106,0.0024240197517107,FALSE,FALSE,,,,,,,FALSE,,TRUE,FALSE,FALSE,"Non-significant / other",,,
"TCONS_00014041","XLOC_003349","KDM4A-AS1","ENST00000663424.1","=",-0.0688,0.0688,0.471814174320919,7.66050553423514e-06,FALSE,FALSE,"XLOC_003349","KDM4A-AS1",-0.0116,0.0116,0.980553874233056,7.55157600654267e-06,FALSE,FALSE,TRUE,TRUE,TRUE,"Non-significant / other",TRUE,0.0572,0.0572
"TCONS_00014042","XLOC_003349","KDM4A-AS1","ENST00000439057.6","=",-0.210333333333333,0.210333333333333,7.66050553423514e-06,7.66050553423514e-06,TRUE,FALSE,"XLOC_003349","KDM4A-AS1",0.0296,0.0296,0.988588853578776,7.55157600654267e-06,FALSE,FALSE,TRUE,TRUE,TRUE,"T-significant / U-present non-sig",FALSE,0.239933333333333,0.239933333333333
"TCONS_00014043","XLOC_003349","KDM4A-AS1","ENST00000398804.7","=",0.0459666666666667,0.0459666666666667,0.774092423857654,7.66050553423514e-06,FALSE,FALSE,"XLOC_003349","KDM4A-AS1",-0.0387666666666667,0.0387666666666667,0.984708579719683,7.55157600654267e-06,FALSE,FALSE,TRUE,TRUE,TRUE,"Non-significant / other",FALSE,-0.0847333333333333,0.0847333333333333
"TCONS_00014044","XLOC_003349","KDM4A-AS1","ENST00000659644.2","=",-0.00616666666666667,0.00616666666666667,0.996425541196871,7.66050553423514e-06,FALSE,FALSE,"XLOC_003349","KDM4A-AS1",0.0299,0.0299,0.978558823517979,7.55157600654267e-06,FALSE,FALSE,TRUE,TRUE,TRUE,"Non-significant / other",FALSE,0.0360666666666667,0.0360666666666667
"TCONS_00014046","XLOC_003349","KDM4A-AS1","ENST00000453015.1","=",0.0162,0.0162,0.786341166982157,7.66050553423514e-06,FALSE,FALSE,"XLOC_003349","KDM4A-AS1",-0.0187666666666667,0.0187666666666667,0.926981436064936,7.55157600654267e-06,FALSE,FALSE,TRUE,TRUE,TRUE,"Non-significant / other",FALSE,-0.0349666666666667,0.0349666666666667
"TCONS_00014047","XLOC_003349","KDM4A-AS1","ENST00000418149.2","=",0.107633333333333,0.107633333333333,0.289159726997461,7.66050553423514e-06,FALSE,FALSE,"XLOC_003349","KDM4A-AS1",-0.160233333333333,0.160233333333333,7.55157600654267e-06,7.55157600654267e-06,TRUE,FALSE,TRUE,TRUE,TRUE,"U-significant / T-present non-sig",FALSE,-0.267866666666667,0.267866666666667
"TCONS_00023858","XLOC_003349","KDM4A-AS1","PB.539.5","j",0.0955,0.0955,0.785541624512806,7.66050553423514e-06,FALSE,TRUE,"XLOC_003349","KDM4A-AS1",0.126433333333333,0.126433333333333,0.630393437192637,7.55157600654267e-06,FALSE,TRUE,TRUE,TRUE,TRUE,"Non-significant / other",TRUE,0.0309333333333334,0.0309333333333334
"TCONS_00023859","XLOC_003349","KDM4A-AS1","PB.539.7","j",0.00133333333333333,0.00133333333333333,0.841987434275843,7.66050553423514e-06,FALSE,TRUE,"XLOC_003349","KDM4A-AS1",0.0372,0.0372,0.743396576852388,7.55157600654267e-06,FALSE,TRUE,TRUE,TRUE,TRUE,"Non-significant / other",TRUE,0.0358666666666667,0.0358666666666667
"TCONS_00030913","XLOC_003349","KDM4A-AS1","PB.553.1","j",0.0091,0.0091,0.906307981916668,7.66050553423514e-06,FALSE,TRUE,"XLOC_003349","KDM4A-AS1",-9.99999999999994e-05,9.99999999999994e-05,1,7.55157600654267e-06,FALSE,TRUE,TRUE,TRUE,TRUE,"Non-significant / other",FALSE,-0.0092,0.0092
"TCONS_00014466","XLOC_003446","TTC39A","ENST00000680483.1","=",-0.2151,0.2151,0.79343835236453,0.00289076514057722,FALSE,FALSE,,,,,,,FALSE,,TRUE,FALSE,FALSE,"Non-significant / other",,,
"TCONS_00014469","XLOC_003446","TTC39A","ENST00000439482.6","=",-0.0658,0.0658,0.560616726589759,0.00289076514057722,FALSE,FALSE,,,,,,,FALSE,,TRUE,FALSE,FALSE,"Non-significant / other",,,
"TCONS_00014472","XLOC_003446","TTC39A","ENST00000262675.11","=",0.0274,0.0274,0.849708439150762,0.00289076514057722,FALSE,FALSE,,,,,,,FALSE,,TRUE,FALSE,FALSE,"Non-significant / other",,,
"TCONS_00014475","XLOC_003446","TTC39A","ENST00000525906.1","=",-0.0349,0.0349,0.8211805355099,0.00289076514057722,FALSE,FALSE,,,,,,,FALSE,,TRUE,FALSE,FALSE,"Non-significant / other",,,
"TCONS_00014476","XLOC_003446","TTC39A","ENST00000431927.5","=",-0.0381666666666667,0.0381666666666667,0.991384976931241,0.00289076514057722,FALSE,FALSE,,,,,,,FALSE,,TRUE,FALSE,FALSE,"Non-significant / other",,,
"TCONS_00014478","XLOC_003446","TTC39A","ENST00000262676.9","=",0.0179333333333333,0.0179333333333333,0.854604464333865,0.00289076514057722,FALSE,FALSE,,,,,,,FALSE,,TRUE,FALSE,FALSE,"Non-significant / other",,,
"TCONS_00014479","XLOC_003446","TTC39A","ENST00000524442.1","=",-0.0612,0.0612,0.993041813401932,0.00289076514057722,FALSE,FALSE,,,,,,,FALSE,,TRUE,FALSE,FALSE,"Non-significant / other",,,
"TCONS_00014480","XLOC_003446","TTC39A","ENST00000411642.6","=",-0.0573333333333333,0.0573333333333333,0.9141770491648,0.00289076514057722,FALSE,FALSE,,,,,,,FALSE,,TRUE,FALSE,FALSE,"Non-significant / other",,,
"TCONS_00026349","XLOC_003446","TTC39A","PB.459.1","c",0.105966666666667,0.105966666666667,0.652327071022891,0.00289076514057722,FALSE,TRUE,,,,,,,FALSE,,TRUE,FALSE,FALSE,"Non-significant / other",,,
"TCONS_00026350","XLOC_003446","TTC39A","PB.459.2","j",0.306466666666667,0.306466666666667,0.00289076514057722,0.00289076514057722,TRUE,TRUE,,,,,,,FALSE,,TRUE,FALSE,FALSE,"T-significant / missing in U",,,
"TCONS_00014979","XLOC_003547","DOCK7","ENST00000635253.2","=",0.0150666666666667,0.0150666666666667,0.67924073031528,0.0241763709553195,FALSE,FALSE,,,,,,,FALSE,,TRUE,FALSE,FALSE,"Non-significant / other",,,
"TCONS_00014983","XLOC_003547","DOCK7","ENST00000340370.10","=",-0.0113,0.0113,1,0.0241763709553195,FALSE,FALSE,,,,,,,FALSE,,TRUE,FALSE,FALSE,"Non-significant / other",,,
"TCONS_00014984","XLOC_003547","DOCK7","ENST00000637255.1","=",-0.0328,0.0328,0.716091046412808,0.0241763709553195,FALSE,FALSE,,,,,,,FALSE,,TRUE,FALSE,FALSE,"Non-significant / other",,,
"TCONS_00014986","XLOC_003547","DOCK7","ENST00000635123.1","=",-0.00673333333333334,0.00673333333333334,0.955572194238012,0.0241763709553195,FALSE,FALSE,,,,,,,FALSE,,TRUE,FALSE,FALSE,"Non-significant / other",,,
"TCONS_00015000","XLOC_003547","DOCK7","ENST00000635286.1","=",-0.0635333333333333,0.0635333333333333,0.31469563165791,0.0241763709553195,FALSE,FALSE,,,,,,,FALSE,,TRUE,FALSE,FALSE,"Non-significant / other",,,
"TCONS_00015003","XLOC_003547","DOCK7","ENST00000635027.1","=",-0.0311,0.0311,0.976065062889628,0.0241763709553195,FALSE,FALSE,,,,,,,FALSE,,TRUE,FALSE,FALSE,"Non-significant / other",,,
"TCONS_00015014","XLOC_003547","DOCK7","ENST00000636635.1","=",0.327433333333333,0.327433333333333,0.465907141136827,0.0241763709553195,FALSE,FALSE,,,,,,,FALSE,,TRUE,FALSE,FALSE,"Non-significant / other",,,
"TCONS_00024019","XLOC_003547","DOCK7","PB.674.2","c",0.0311666666666667,0.0311666666666667,0.978809158645834,0.0241763709553195,FALSE,TRUE,,,,,,,FALSE,,TRUE,FALSE,FALSE,"Non-significant / other",,,
"TCONS_00024020","XLOC_003547","DOCK7","PB.676.1","c",0.0173333333333333,0.0173333333333333,0.77133240222774,0.0241763709553195,FALSE,TRUE,,,,,,,FALSE,,TRUE,FALSE,FALSE,"Non-significant / other",,,
"TCONS_00026376","XLOC_003547","DOCK7","PB.513.1","c",-0.1382,0.1382,0.0241763709553195,0.0241763709553195,FALSE,TRUE,,,,,,,FALSE,,TRUE,FALSE,FALSE,"Non-significant / other",,,
"TCONS_00028852","XLOC_003547","DOCK7","PB.667.3","c",-0.0739333333333333,0.0739333333333333,0.585103771357551,0.0241763709553195,FALSE,TRUE,,,,,,,FALSE,,TRUE,FALSE,FALSE,"Non-significant / other",,,
"TCONS_00028853","XLOC_003547","DOCK7","PB.667.4","c",-0.0175,0.0175,0.893584711436875,0.0241763709553195,FALSE,TRUE,,,,,,,FALSE,,TRUE,FALSE,FALSE,"Non-significant / other",,,
"TCONS_00015314","XLOC_003639","CRYZ","PB.719.3","=",0.119233333333333,0.119233333333333,0.808211481796148,2.65498176001945e-06,FALSE,TRUE,,,,,,,FALSE,,TRUE,FALSE,FALSE,"Non-significant / other",,,
"TCONS_00015317","XLOC_003639","CRYZ","ENST00000370871.7","=",-0.0230666666666667,0.0230666666666667,0.962878336108811,2.65498176001945e-06,FALSE,FALSE,,,,,,,FALSE,,TRUE,FALSE,FALSE,"Non-significant / other",,,
"TCONS_00015318","XLOC_003639","CRYZ","ENST00000370870.5","=",-0.0115,0.0115,0.955966621133578,2.65498176001945e-06,FALSE,FALSE,,,,,,,FALSE,,TRUE,FALSE,FALSE,"Non-significant / other",,,
"TCONS_00015319","XLOC_003639","CRYZ","ENST00000441120.1","=",-0.022,0.022,0.964261149905759,2.65498176001945e-06,FALSE,FALSE,,,,,,,FALSE,,TRUE,FALSE,FALSE,"Non-significant / other",,,
"TCONS_00024051","XLOC_003639","CRYZ","PB.719.1","j",-0.0194,0.0194,0.922093985930611,2.65498176001945e-06,FALSE,TRUE,,,,,,,FALSE,,TRUE,FALSE,FALSE,"Non-significant / other",,,
"TCONS_00028905","XLOC_003639","CRYZ","PB.720.1","c",0.282266666666667,0.282266666666667,0.288837237686328,2.65498176001945e-06,FALSE,TRUE,,,,,,,FALSE,,TRUE,FALSE,FALSE,"Non-significant / other",,,
"TCONS_00028906","XLOC_003639","CRYZ","PB.720.5","c",-0.300133333333333,0.300133333333333,2.65498176001945e-06,2.65498176001945e-06,TRUE,TRUE,,,,,,,FALSE,,TRUE,FALSE,FALSE,"T-significant / missing in U",,,
"TCONS_00016243","XLOC_003879","SORT1","ENST00000538502.5","=",-0.0113,0.0113,0.894311890652964,0.00384416081787596,FALSE,FALSE,,,,,,,FALSE,,TRUE,FALSE,FALSE,"Non-significant / other",,,
"TCONS_00016244","XLOC_003879","SORT1","ENST00000256637.8","=",-0.00543333333333335,0.00543333333333335,0.983651421322868,0.00384416081787596,FALSE,FALSE,,,,,,,FALSE,,TRUE,FALSE,FALSE,"Non-significant / other",,,
"TCONS_00024215","XLOC_003879","SORT1","PB.891.1","j",0.0201666666666667,0.0201666666666667,0.934041096516936,0.00384416081787596,FALSE,TRUE,,,,,,,FALSE,,TRUE,FALSE,FALSE,"Non-significant / other",,,
"TCONS_00024216","XLOC_003879","SORT1","PB.891.2","j",0.0117,0.0117,0.7517950620845,0.00384416081787596,FALSE,TRUE,,,,,,,FALSE,,TRUE,FALSE,FALSE,"Non-significant / other",,,
"TCONS_00024217","XLOC_003879","SORT1","PB.693.2","c",-0.165833333333333,0.165833333333333,0.00384416081787596,0.00384416081787596,TRUE,TRUE,,,,,,,FALSE,,TRUE,FALSE,FALSE,"T-significant / missing in U",,,
"TCONS_00026526","XLOC_003879","SORT1","PB.693.4","c",0.1516,0.1516,0.540663281603405,0.00384416081787596,FALSE,TRUE,,,,,,,FALSE,,TRUE,FALSE,FALSE,"Non-significant / other",,,
"TCONS_00016803","XLOC_004026","PDE4DIPP2","ENST00000612480.2","=",0.0218333333333333,0.0218333333333333,0.925530826513969,0.0118984300594298,FALSE,FALSE,,,,,,,FALSE,,TRUE,FALSE,FALSE,"Non-significant / other",,,
"TCONS_00016804","XLOC_004026","PDE4DIPP2","ENST00000647832.1","=",-0.029,0.029,0.916792712283151,0.0118984300594298,FALSE,FALSE,,,,,,,FALSE,,TRUE,FALSE,FALSE,"Non-significant / other",,,
"TCONS_00016805","XLOC_004026","PDE4DIPP2","ENST00000637601.1","=",-0.0889666666666667,0.0889666666666667,0.28685067500498,0.0118984300594298,FALSE,FALSE,,,,,,,FALSE,,TRUE,FALSE,FALSE,"Non-significant / other",,,
"TCONS_00029182","XLOC_004026","PDE4DIPP2","PB.1085.1","j",0.244266666666667,0.244266666666667,0.0118984300594298,0.0118984300594298,TRUE,TRUE,,,,,,,FALSE,,TRUE,FALSE,FALSE,"T-significant / missing in U",,,
"TCONS_00031233","XLOC_004026","PDE4DIPP2","PB.1142.1","j",-0.0141333333333333,0.0141333333333333,0.96592210665938,0.0118984300594298,FALSE,TRUE,,,,,,,FALSE,,TRUE,FALSE,FALSE,"Non-significant / other",,,
"TCONS_00031234","XLOC_004026","PDE4DIPP2","PB.1142.3","c",-0.134,0.134,0.497350081698417,0.0118984300594298,FALSE,TRUE,,,,,,,FALSE,,TRUE,FALSE,FALSE,"Non-significant / other",,,
"TCONS_00017120","XLOC_004150","H2BC20P","ENST00000564237.2","=",-0.168633333333333,0.168633333333333,0.399923391385748,5.55559210699132e-05,FALSE,FALSE,,,,,,,FALSE,,TRUE,FALSE,FALSE,"Non-significant / other",,,
"TCONS_00017121","XLOC_004150","H2BC20P","PB.1202.5","=",0.261333333333333,0.261333333333333,5.55559210699132e-05,5.55559210699132e-05,TRUE,TRUE,,,,,,,FALSE,,TRUE,FALSE,FALSE,"T-significant / missing in U",,,
"TCONS_00024377","XLOC_004150","H2BC20P","PB.1123.1","c",-0.0241666666666667,0.0241666666666667,0.839273092372023,5.55559210699132e-05,FALSE,TRUE,,,,,,,FALSE,,TRUE,FALSE,FALSE,"Non-significant / other",,,
"TCONS_00026585","XLOC_004150","H2BC20P","PB.876.1","c",-0.0685333333333333,0.0685333333333333,0.887261263880673,5.55559210699132e-05,FALSE,TRUE,,,,,,,FALSE,,TRUE,FALSE,FALSE,"Non-significant / other",,,
"TCONS_00018094","XLOC_004323","MEF2D","ENST00000464356.6","=",-0.118766666666667,0.118766666666667,0.00202543090739274,5.73768289743918e-07,FALSE,FALSE,,,,,,,FALSE,,TRUE,FALSE,FALSE,"Non-significant / other",,,
"TCONS_00018095","XLOC_004323","MEF2D","ENST00000348159.9","=",-0.00230000000000002,0.00230000000000002,0.996618379895584,5.73768289743918e-07,FALSE,FALSE,,,,,,,FALSE,,TRUE,FALSE,FALSE,"Non-significant / other",,,
"TCONS_00018096","XLOC_004323","MEF2D","ENST00000360595.7","=",0.108233333333333,0.108233333333333,5.73768289743918e-07,5.73768289743918e-07,FALSE,FALSE,,,,,,,FALSE,,TRUE,FALSE,FALSE,"Non-significant / other",,,
"TCONS_00018098","XLOC_004323","MEF2D","ENST00000493077.1","=",0.00236666666666667,0.00236666666666667,0.974830205070451,5.73768289743918e-07,FALSE,FALSE,,,,,,,FALSE,,TRUE,FALSE,FALSE,"Non-significant / other",,,
"TCONS_00018099","XLOC_004323","MEF2D","ENST00000489057.1","=",0.0092,0.0092,0.739286832514861,5.73768289743918e-07,FALSE,FALSE,,,,,,,FALSE,,TRUE,FALSE,FALSE,"Non-significant / other",,,
"TCONS_00018922","XLOC_004551","TNFSF4","PB.1538.5","=",0.419966666666667,0.419966666666667,0.00229056956790722,0.00229056956790722,TRUE,TRUE,"XLOC_004551","TNFSF4",0.343966666666667,0.343966666666667,5.7486059983822e-11,5.7486059983822e-11,TRUE,TRUE,TRUE,TRUE,TRUE,"Shared significant",TRUE,-0.0760000000000001,0.0760000000000001
"TCONS_00018923","XLOC_004551","TNFSF4","PB.1640.6","=",-0.0567666666666667,0.0567666666666667,0.95271462880984,0.00229056956790722,FALSE,TRUE,"XLOC_004551","TNFSF4",-0.136633333333333,0.136633333333333,2.44820103130974e-09,5.7486059983822e-11,FALSE,TRUE,TRUE,TRUE,TRUE,"Non-significant / other",TRUE,-0.0798666666666667,0.0798666666666667
"TCONS_00029426","XLOC_004551","TNFSF4","PB.1640.3","j",-0.0252,0.0252,0.886370623946224,0.00229056956790722,FALSE,TRUE,"XLOC_004551","TNFSF4",-0.00773333333333334,0.00773333333333334,0.923014015808772,5.7486059983822e-11,FALSE,TRUE,TRUE,TRUE,TRUE,"Non-significant / other",TRUE,0.0174666666666667,0.0174666666666667
"TCONS_00029427","XLOC_004551","TNFSF4","PB.1538.3","c",-0.320266666666667,0.320266666666667,0.132521598400489,0.00229056956790722,FALSE,TRUE,"XLOC_004551","TNFSF4",-0.1593,0.1593,0.124451824456952,5.7486059983822e-11,FALSE,TRUE,TRUE,TRUE,TRUE,"Non-significant / other",TRUE,0.160966666666667,0.160966666666667
"TCONS_00019256","XLOC_004646","NCF2","PB.1642.6","=",0.0943,0.0943,0.207485774109171,7.16587752572454e-05,FALSE,TRUE,"XLOC_004646","NCF2",0.0212666666666667,0.0212666666666667,0.993817511975833,0.0430587351338358,FALSE,TRUE,TRUE,TRUE,TRUE,"Non-significant / other",TRUE,-0.0730333333333333,0.0730333333333333
"TCONS_00019257","XLOC_004646","NCF2","ENST00000413720.5","=",-0.0192,0.0192,0.498885395068042,7.16587752572454e-05,FALSE,FALSE,"XLOC_004646","NCF2",-0.0106,0.0106,0.995178933364111,0.0430587351338358,FALSE,FALSE,TRUE,TRUE,TRUE,"Non-significant / other",TRUE,0.0086,0.0086
"TCONS_00019259","XLOC_004646","NCF2","PB.1525.5","=",-0.0199,0.0199,0.408683769712069,7.16587752572454e-05,FALSE,TRUE,"XLOC_004646","NCF2",0.0203,0.0203,0.473716013896205,0.0430587351338358,FALSE,TRUE,TRUE,TRUE,TRUE,"Non-significant / other",FALSE,0.0402,0.0402
"TCONS_00019260","XLOC_004646","NCF2","ENST00000469280.1","=",0.00236666666666667,0.00236666666666667,0.95400847201335,7.16587752572454e-05,FALSE,FALSE,"XLOC_004646","NCF2",0.00456666666666667,0.00456666666666667,0.9814565247662,0.0430587351338358,FALSE,FALSE,TRUE,TRUE,TRUE,"Non-significant / other",TRUE,0.0022,0.0022
"TCONS_00024774","XLOC_004646","NCF2","PB.1525.6","n",0.00163333333333333,0.00163333333333333,0.973917658548916,7.16587752572454e-05,FALSE,TRUE,"XLOC_004646","NCF2",0.00486666666666667,0.00486666666666667,0.953648289785212,0.0430587351338358,FALSE,TRUE,TRUE,TRUE,TRUE,"Non-significant / other",TRUE,0.00323333333333333,0.00323333333333333
"TCONS_00024776","XLOC_004646","NCF2","PB.1525.3","j",-0.000366666666666666,0.000366666666666666,0.999748775303101,7.16587752572454e-05,FALSE,TRUE,"XLOC_004646","NCF2",0.00776666666666667,0.00776666666666667,0.802328972650181,0.0430587351338358,FALSE,TRUE,TRUE,TRUE,TRUE,"Non-significant / other",FALSE,0.00813333333333333,0.00813333333333333
"TCONS_00024777","XLOC_004646","NCF2","PB.1525.8","c",0.0401666666666667,0.0401666666666667,0.261269262951451,7.16587752572454e-05,FALSE,TRUE,"XLOC_004646","NCF2",-0.0759,0.0759,0.580688860885666,0.0430587351338358,FALSE,TRUE,TRUE,TRUE,TRUE,"Non-significant / other",FALSE,-0.116066666666667,0.116066666666667
"TCONS_00026757","XLOC_004646","NCF2","PB.1237.2","c",-0.0248,0.0248,0.802942951910665,7.16587752572454e-05,FALSE,TRUE,,,,,,,FALSE,,TRUE,FALSE,FALSE,"Non-significant / other",,,
"TCONS_00026759","XLOC_004646","NCF2","PB.1237.7","n",0.00603333333333333,0.00603333333333333,0.823009473389667,7.16587752572454e-05,FALSE,TRUE,"XLOC_004646","NCF2",0.00676666666666667,0.00676666666666667,0.700225818083523,0.0430587351338358,FALSE,TRUE,TRUE,TRUE,TRUE,"Non-significant / other",TRUE,0.000733333333333336,0.000733333333333336
"TCONS_00029464","XLOC_004646","NCF2","PB.1642.3","j",-0.0104333333333333,0.0104333333333333,0.530795482674509,7.16587752572454e-05,FALSE,TRUE,"XLOC_004646","NCF2",-5e-04,5e-04,1,0.0430587351338358,FALSE,TRUE,TRUE,TRUE,TRUE,"Non-significant / other",TRUE,0.00993333333333333,0.00993333333333333
"TCONS_00029465","XLOC_004646","NCF2","PB.1642.4","c",-0.0238,0.0238,0.962964193384365,7.16587752572454e-05,FALSE,TRUE,"XLOC_004646","NCF2",0.1132,0.1132,0.0430587351338358,0.0430587351338358,FALSE,TRUE,TRUE,TRUE,TRUE,"Non-significant / other",FALSE,0.137,0.137
"TCONS_00029466","XLOC_004646","NCF2","PB.1642.7","c",-0.0783333333333333,0.0783333333333333,0.37148269767005,7.16587752572454e-05,FALSE,TRUE,"XLOC_004646","NCF2",0.0319333333333333,0.0319333333333333,0.95497128121581,0.0430587351338358,FALSE,TRUE,TRUE,TRUE,TRUE,"Non-significant / other",FALSE,0.110266666666667,0.110266666666667
"TCONS_00031440","XLOC_004646","NCF2","PB.1736.2","c",-0.125566666666667,0.125566666666667,0.838349393368915,7.16587752572454e-05,FALSE,TRUE,"XLOC_004646","NCF2",0.0218333333333333,0.0218333333333333,1,0.0430587351338358,FALSE,TRUE,TRUE,TRUE,TRUE,"Non-significant / other",FALSE,0.1474,0.1474
"TCONS_00031441","XLOC_004646","NCF2","PB.1736.3","c",0.142266666666667,0.142266666666667,7.16587752572454e-05,7.16587752572454e-05,FALSE,TRUE,"XLOC_004646","NCF2",-0.1281,0.1281,0.672257517495043,0.0430587351338358,FALSE,TRUE,TRUE,TRUE,TRUE,"Non-significant / other",FALSE,-0.270366666666667,0.270366666666667
"TCONS_00031442","XLOC_004646","NCF2","PB.1736.4","c",0.0154333333333333,0.0154333333333333,0.959005128837666,7.16587752572454e-05,FALSE,TRUE,"XLOC_004646","NCF2",-0.0178333333333333,0.0178333333333333,0.987349534682011,0.0430587351338358,FALSE,TRUE,TRUE,TRUE,TRUE,"Non-significant / other",FALSE,-0.0332666666666667,0.0332666666666667
"TCONS_00019898","XLOC_004829","RAB7B","PB.1663.1","=",-0.110466666666667,0.110466666666667,8.26145598786467e-12,4.32719236470046e-23,FALSE,TRUE,,,,,,,FALSE,,TRUE,FALSE,FALSE,"Non-significant / other",,,
"TCONS_00019901","XLOC_004829","RAB7B","PB.1663.7","=",-0.000633333333333333,0.000633333333333333,0.993501298733467,4.32719236470046e-23,FALSE,TRUE,,,,,,,FALSE,,TRUE,FALSE,FALSE,"Non-significant / other",,,
"TCONS_00024990","XLOC_004829","RAB7B","PB.1663.8","c",-0.159833333333333,0.159833333333333,1.0181544011686e-11,4.32719236470046e-23,TRUE,TRUE,,,,,,,FALSE,,TRUE,FALSE,FALSE,"T-significant / missing in U",,,
"TCONS_00024992","XLOC_004829","RAB7B","PB.1663.12","c",0.1741,0.1741,4.32719236470046e-23,4.32719236470046e-23,TRUE,TRUE,,,,,,,FALSE,,TRUE,FALSE,FALSE,"T-significant / missing in U",,,
"TCONS_00024995","XLOC_004829","RAB7B","PB.1802.8","j",0.0153666666666667,0.0153666666666667,0.0019222728667282,4.32719236470046e-23,FALSE,TRUE,,,,,,,FALSE,,TRUE,FALSE,FALSE,"Non-significant / other",,,
"TCONS_00029540","XLOC_004829","RAB7B","PB.1802.11","c",0.0842333333333333,0.0842333333333333,0.00542535024376244,4.32719236470046e-23,FALSE,TRUE,,,,,,,FALSE,,TRUE,FALSE,FALSE,"Non-significant / other",,,
"TCONS_00019969","XLOC_004846","YOD1","ENST00000315927.9","=",0.248266666666667,0.248266666666667,0.0278410367414453,0.0278410367414453,TRUE,FALSE,,,,,,,FALSE,,TRUE,FALSE,FALSE,"T-significant / missing in U",,,
"TCONS_00019970","XLOC_004846","YOD1","ENST00000367084.1","=",-0.248266666666667,0.248266666666667,0.0716160560433642,0.0278410367414453,FALSE,FALSE,,,,,,,FALSE,,TRUE,FALSE,FALSE,"Non-significant / other",,,
"TCONS_00020031","XLOC_004866","C1orf74","ENST00000294811.2","=",-0.226533333333333,0.226533333333333,1.5326954457505e-06,1.5326954457505e-06,TRUE,FALSE,,,,,,,FALSE,,TRUE,FALSE,FALSE,"T-significant / missing in U",,,
"TCONS_00020033","XLOC_004866","C1orf74","ENST00000367021.8","=",0.1599,0.1599,0.391723877650685,1.5326954457505e-06,FALSE,FALSE,,,,,,,FALSE,,TRUE,FALSE,FALSE,"Non-significant / other",,,
"TCONS_00020034","XLOC_004866","C1orf74","ENST00000542854.5","=",0.0317666666666667,0.0317666666666667,0.535896857149332,1.5326954457505e-06,FALSE,FALSE,,,,,,,FALSE,,TRUE,FALSE,FALSE,"Non-significant / other",,,
"TCONS_00026834","XLOC_004866","C1orf74","PB.1386.1","j",0.0197666666666667,0.0197666666666667,0.743498430661376,1.5326954457505e-06,FALSE,TRUE,,,,,,,FALSE,,TRUE,FALSE,FALSE,"Non-significant / other",,,
"TCONS_00031683","XLOC_005288","WDR37","ENST00000358220.5","=",0.0677666666666667,0.0677666666666667,0.796927018477642,0.000276896081710409,FALSE,FALSE,,,,,,,FALSE,,TRUE,FALSE,FALSE,"Non-significant / other",,,
"TCONS_00031684","XLOC_005288","WDR37","ENST00000263150.9","=",-0.00446666666666667,0.00446666666666667,0.927043940244145,0.000276896081710409,FALSE,FALSE,,,,,,,FALSE,,TRUE,FALSE,FALSE,"Non-significant / other",,,
"TCONS_00031685","XLOC_005288","WDR37","ENST00000381329.5","=",0.0418,0.0418,0.766273858209724,0.000276896081710409,FALSE,FALSE,,,,,,,FALSE,,TRUE,FALSE,FALSE,"Non-significant / other",,,
"TCONS_00040392","XLOC_005288","WDR37","PB.2009.2","j",-0.103466666666667,0.103466666666667,0.430072491302949,0.000276896081710409,FALSE,TRUE,,,,,,,FALSE,,TRUE,FALSE,FALSE,"Non-significant / other",,,
"TCONS_00040393","XLOC_005288","WDR37","PB.2009.5","c",-0.1439,0.1439,0.399709836969483,0.000276896081710409,FALSE,TRUE,,,,,,,FALSE,,TRUE,FALSE,FALSE,"Non-significant / other",,,
"TCONS_00041373","XLOC_005288","WDR37","PB.2173.1","j",0.0225666666666667,0.0225666666666667,0.826704486320856,0.000276896081710409,FALSE,TRUE,,,,,,,FALSE,,TRUE,FALSE,FALSE,"Non-significant / other",,,
"TCONS_00042233","XLOC_005288","WDR37","PB.2271.1","j",0.105133333333333,0.105133333333333,0.000276896081710409,0.000276896081710409,FALSE,TRUE,,,,,,,FALSE,,TRUE,FALSE,FALSE,"Non-significant / other",,,
"TCONS_00033315","XLOC_005779","ARID5B","ENST00000644638.1","=",-0.0637,0.0637,0.584457842142789,0.046434544233603,FALSE,FALSE,,,,,,,FALSE,,TRUE,FALSE,FALSE,"Non-significant / other",,,
"TCONS_00033316","XLOC_005779","ARID5B","ENST00000279873.12","=",-0.1767,0.1767,0.204050162782128,0.046434544233603,FALSE,FALSE,,,,,,,FALSE,,TRUE,FALSE,FALSE,"Non-significant / other",,,
"TCONS_00033319","XLOC_005779","ARID5B","ENST00000309334.5","=",0.0129,0.0129,0.935480128737818,0.046434544233603,FALSE,FALSE,,,,,,,FALSE,,TRUE,FALSE,FALSE,"Non-significant / other",,,
"TCONS_00042346","XLOC_005779","ARID5B","PB.2545.4","c",0.230266666666667,0.230266666666667,0.046434544233603,0.046434544233603,TRUE,TRUE,,,,,,,FALSE,,TRUE,FALSE,FALSE,"T-significant / missing in U",,,
"TCONS_00034118","XLOC_005962","TMEM254","ENST00000372277.7","=",-0.00156666666666667,0.00156666666666667,0.995572275344594,6.70985800104248e-07,FALSE,FALSE,,,,,,,FALSE,,TRUE,FALSE,FALSE,"Non-significant / other",,,
"TCONS_00034119","XLOC_005962","TMEM254","PB.2701.2","=",-0.0483,0.0483,0.310518443195325,6.70985800104248e-07,FALSE,TRUE,,,,,,,FALSE,,TRUE,FALSE,FALSE,"Non-significant / other",,,
"TCONS_00034121","XLOC_005962","TMEM254","PB.2701.3","=",0.1191,0.1191,0.594024780473782,6.70985800104248e-07,FALSE,TRUE,,,,,,,FALSE,,TRUE,FALSE,FALSE,"Non-significant / other",,,
"TCONS_00034122","XLOC_005962","TMEM254","PB.2331.2","=",-0.0386,0.0386,0.572793010786582,6.70985800104248e-07,FALSE,TRUE,,,,,,,FALSE,,TRUE,FALSE,FALSE,"Non-significant / other",,,
"TCONS_00034125","XLOC_005962","TMEM254","PB.2554.9","=",-0.121433333333333,0.121433333333333,6.70985800104248e-07,6.70985800104248e-07,FALSE,TRUE,,,,,,,FALSE,,TRUE,FALSE,FALSE,"Non-significant / other",,,
"TCONS_00034129","XLOC_005962","TMEM254","ENST00000463209.1","=",-0.0380666666666667,0.0380666666666667,0.677283661991042,6.70985800104248e-07,FALSE,FALSE,,,,,,,FALSE,,TRUE,FALSE,FALSE,"Non-significant / other",,,
"TCONS_00041649","XLOC_005962","TMEM254","PB.2701.4","j",0.0188333333333333,0.0188333333333333,0.902836815260018,6.70985800104248e-07,FALSE,TRUE,,,,,,,FALSE,,TRUE,FALSE,FALSE,"Non-significant / other",,,
"TCONS_00042405","XLOC_005962","TMEM254","PB.2701.7","j",0.0685333333333333,0.0685333333333333,0.951572666742214,6.70985800104248e-07,FALSE,TRUE,,,,,,,FALSE,,TRUE,FALSE,FALSE,"Non-significant / other",,,
"TCONS_00042406","XLOC_005962","TMEM254","PB.2701.8","j",0.0446,0.0446,0.764837597099032,6.70985800104248e-07,FALSE,TRUE,,,,,,,FALSE,,TRUE,FALSE,FALSE,"Non-significant / other",,,
"TCONS_00034234","XLOC_005987","CCSER2","ENST00000359979.8","=",0.0117666666666667,0.0117666666666667,0.908606723111068,0.0205274331693437,FALSE,FALSE,,,,,,,FALSE,,TRUE,FALSE,FALSE,"Non-significant / other",,,
"TCONS_00034235","XLOC_005987","CCSER2","ENST00000372088.8","=",-0.0629333333333333,0.0629333333333333,0.604954268519144,0.0205274331693437,FALSE,FALSE,,,,,,,FALSE,,TRUE,FALSE,FALSE,"Non-significant / other",,,
"TCONS_00034236","XLOC_005987","CCSER2","ENST00000224756.12","=",0.0286333333333333,0.0286333333333333,0.0967251401203718,0.0205274331693437,FALSE,FALSE,,,,,,,FALSE,,TRUE,FALSE,FALSE,"Non-significant / other",,,
"TCONS_00034239","XLOC_005987","CCSER2","ENST00000543283.2","=",-0.1628,0.1628,0.0205274331693437,0.0205274331693437,TRUE,FALSE,,,,,,,FALSE,,TRUE,FALSE,FALSE,"T-significant / missing in U",,,
"TCONS_00041655","XLOC_005987","CCSER2","PB.2564.2","c",0.0619666666666667,0.0619666666666667,0.62100990656151,0.0205274331693437,FALSE,TRUE,,,,,,,FALSE,,TRUE,FALSE,FALSE,"Non-significant / other",,,
"TCONS_00041658","XLOC_005987","CCSER2","PB.2564.5","c",0.118933333333333,0.118933333333333,0.119186046640132,0.0205274331693437,FALSE,TRUE,,,,,,,FALSE,,TRUE,FALSE,FALSE,"Non-significant / other",,,
"TCONS_00034821","XLOC_006121","R3HCC1L","ENST00000370584.7","=",0.0311666666666667,0.0311666666666667,0.528733408133007,0.00421119824701473,FALSE,FALSE,,,,,,,FALSE,,TRUE,FALSE,FALSE,"Non-significant / other",,,
"TCONS_00034822","XLOC_006121","R3HCC1L","PB.2420.1","=",-0.0413666666666667,0.0413666666666667,0.0930885545834228,0.00421119824701473,FALSE,TRUE,,,,,,,FALSE,,TRUE,FALSE,FALSE,"Non-significant / other",,,
"TCONS_00034825","XLOC_006121","R3HCC1L","ENST00000314594.6","=",-0.122433333333333,0.122433333333333,0.466931115231888,0.00421119824701473,FALSE,FALSE,,,,,,,FALSE,,TRUE,FALSE,FALSE,"Non-significant / other",,,
"TCONS_00034826","XLOC_006121","R3HCC1L","ENST00000612478.4","=",-0.00546666666666667,0.00546666666666667,0.792935299826589,0.00421119824701473,FALSE,FALSE,,,,,,,FALSE,,TRUE,FALSE,FALSE,"Non-significant / other",,,
"TCONS_00040617","XLOC_006121","R3HCC1L","PB.2420.2","j",0.00426666666666667,0.00426666666666667,0.847476810561408,0.00421119824701473,FALSE,TRUE,,,,,,,FALSE,,TRUE,FALSE,FALSE,"Non-significant / other",,,
"TCONS_00040618","XLOC_006121","R3HCC1L","PB.2420.3","j",-0.00903333333333333,0.00903333333333333,0.929775112712701,0.00421119824701473,FALSE,TRUE,,,,,,,FALSE,,TRUE,FALSE,FALSE,"Non-significant / other",,,
"TCONS_00040619","XLOC_006121","R3HCC1L","PB.2420.4","j",-0.0211666666666667,0.0211666666666667,0.84501400778796,0.00421119824701473,FALSE,TRUE,,,,,,,FALSE,,TRUE,FALSE,FALSE,"Non-significant / other",,,
"TCONS_00040620","XLOC_006121","R3HCC1L","PB.2420.5","j",0.162866666666667,0.162866666666667,0.00421119824701473,0.00421119824701473,TRUE,TRUE,,,,,,,FALSE,,TRUE,FALSE,FALSE,"T-significant / missing in U",,,
"TCONS_00041713","XLOC_006121","R3HCC1L","PB.2675.1","c",-0.0887,0.0887,0.884816566304953,0.00421119824701473,FALSE,TRUE,,,,,,,FALSE,,TRUE,FALSE,FALSE,"Non-significant / other",,,
"TCONS_00041714","XLOC_006121","R3HCC1L","PB.2675.2","c",0.0442666666666667,0.0442666666666667,0.99353998979612,0.00421119824701473,FALSE,TRUE,,,,,,,FALSE,,TRUE,FALSE,FALSE,"Non-significant / other",,,
"TCONS_00042446","XLOC_006121","R3HCC1L","PB.2845.1","c",0.0457,0.0457,0.992390352317451,0.00421119824701473,FALSE,TRUE,,,,,,,FALSE,,TRUE,FALSE,FALSE,"Non-significant / other",,,
"TCONS_00036049","XLOC_006407","INPP5A","ENST00000368594.8","=",-0.201966666666667,0.201966666666667,0.0115057115380404,0.0115057115380404,TRUE,FALSE,,,,,,,FALSE,,TRUE,FALSE,FALSE,"T-significant / missing in U",,,
"TCONS_00036053","XLOC_006407","INPP5A","ENST00000487614.1","=",0.112166666666667,0.112166666666667,0.283296209509182,0.0115057115380404,FALSE,FALSE,,,,,,,FALSE,,TRUE,FALSE,FALSE,"Non-significant / other",,,
"TCONS_00036054","XLOC_006407","INPP5A","ENST00000498337.1","=",0.0579333333333333,0.0579333333333333,0.824426305111589,0.0115057115380404,FALSE,FALSE,,,,,,,FALSE,,TRUE,FALSE,FALSE,"Non-significant / other",,,
"TCONS_00036055","XLOC_006407","INPP5A","ENST00000445580.1","=",0.0540333333333333,0.0540333333333333,0.494478029558409,0.0115057115380404,FALSE,FALSE,,,,,,,FALSE,,TRUE,FALSE,FALSE,"Non-significant / other",,,
"TCONS_00037191","XLOC_006710","ARHGAP12","ENST00000344936.7","=",0.0557,0.0557,0.919071118761337,0.00339850334308655,FALSE,FALSE,,,,,,,FALSE,,TRUE,FALSE,FALSE,"Non-significant / other",,,
"TCONS_00037192","XLOC_006710","ARHGAP12","ENST00000375245.8","=",0.110966666666667,0.110966666666667,0.00339850334308655,0.00339850334308655,FALSE,FALSE,,,,,,,FALSE,,TRUE,FALSE,FALSE,"Non-significant / other",,,
"TCONS_00037193","XLOC_006710","ARHGAP12","ENST00000396144.8","=",0.0157,0.0157,0.932740838572512,0.00339850334308655,FALSE,FALSE,,,,,,,FALSE,,TRUE,FALSE,FALSE,"Non-significant / other",,,
"TCONS_00037194","XLOC_006710","ARHGAP12","ENST00000311380.8","=",-0.0693666666666667,0.0693666666666667,0.596975010778234,0.00339850334308655,FALSE,FALSE,,,,,,,FALSE,,TRUE,FALSE,FALSE,"Non-significant / other",,,
"TCONS_00037195","XLOC_006710","ARHGAP12","ENST00000375250.9","=",-0.0735666666666667,0.0735666666666667,0.729768519458761,0.00339850334308655,FALSE,FALSE,,,,,,,FALSE,,TRUE,FALSE,FALSE,"Non-significant / other",,,
"TCONS_00037198","XLOC_006710","ARHGAP12","ENST00000493008.1","=",0.000633333333333336,0.000633333333333336,0.992390352317451,0.00339850334308655,FALSE,FALSE,,,,,,,FALSE,,TRUE,FALSE,FALSE,"Non-significant / other",,,
"TCONS_00037199","XLOC_006710","ARHGAP12","ENST00000497103.1","=",0.0435333333333333,0.0435333333333333,0.736540094699472,0.00339850334308655,FALSE,FALSE,,,,,,,FALSE,,TRUE,FALSE,FALSE,"Non-significant / other",,,
"TCONS_00037200","XLOC_006710","ARHGAP12","ENST00000454919.1","=",0.0337,0.0337,0.935863073663332,0.00339850334308655,FALSE,FALSE,,,,,,,FALSE,,TRUE,FALSE,FALSE,"Non-significant / other",,,
"TCONS_00041914","XLOC_006710","ARHGAP12","PB.2447.1","j",-0.1097,0.1097,0.722539198218647,0.00339850334308655,FALSE,TRUE,,,,,,,FALSE,,TRUE,FALSE,FALSE,"Non-significant / other",,,
"TCONS_00041915","XLOC_006710","ARHGAP12","PB.2332.2","j",0.000866666666666668,0.000866666666666668,0.869656844097261,0.00339850334308655,FALSE,TRUE,,,,,,,FALSE,,TRUE,FALSE,FALSE,"Non-significant / other",,,
"TCONS_00041916","XLOC_006710","ARHGAP12","PB.2332.5","c",-0.00853333333333336,0.00853333333333336,0.99037720255768,0.00339850334308655,FALSE,TRUE,,,,,,,FALSE,,TRUE,FALSE,FALSE,"Non-significant / other",,,
"TCONS_00038354","XLOC_007034","AP3M1","ENST00000355264.9","=",0.00156666666666666,0.00156666666666666,0.986564092229572,0.00257077578607953,FALSE,FALSE,,,,,,,FALSE,,TRUE,FALSE,FALSE,"Non-significant / other",,,
"TCONS_00038355","XLOC_007034","AP3M1","PB.2299.4","=",0.1185,0.1185,0.518846890804192,0.00257077578607953,FALSE,TRUE,,,,,,,FALSE,,TRUE,FALSE,FALSE,"Non-significant / other",,,
"TCONS_00040878","XLOC_007034","AP3M1","PB.2299.1","c",-0.100233333333333,0.100233333333333,0.00257077578607953,0.00257077578607953,FALSE,TRUE,,,,,,,FALSE,,TRUE,FALSE,FALSE,"Non-significant / other",,,
"TCONS_00040879","XLOC_007034","AP3M1","PB.2299.3","c",0.0730333333333333,0.0730333333333333,0.647828691143566,0.00257077578607953,FALSE,TRUE,,,,,,,FALSE,,TRUE,FALSE,FALSE,"Non-significant / other",,,
"TCONS_00040880","XLOC_007034","AP3M1","PB.2299.7","c",-0.0183333333333333,0.0183333333333333,0.932942136761555,0.00257077578607953,FALSE,TRUE,,,,,,,FALSE,,TRUE,FALSE,FALSE,"Non-significant / other",,,
"TCONS_00040883","XLOC_007034","AP3M1","PB.2299.9","j",0.0195333333333333,0.0195333333333333,0.793300232436856,0.00257077578607953,FALSE,TRUE,,,,,,,FALSE,,TRUE,FALSE,FALSE,"Non-significant / other",,,
"TCONS_00040884","XLOC_007034","AP3M1","PB.2299.10","j",0.0408333333333333,0.0408333333333333,0.797112419446355,0.00257077578607953,FALSE,TRUE,,,,,,,FALSE,,TRUE,FALSE,FALSE,"Non-significant / other",,,
"TCONS_00041283","XLOC_007034","AP3M1","PB.1832.9","c",-0.108466666666667,0.108466666666667,0.772208711433825,0.00257077578607953,FALSE,TRUE,,,,,,,FALSE,,TRUE,FALSE,FALSE,"Non-significant / other",,,
"TCONS_00042701","XLOC_007034","AP3M1","PB.2662.3","c",-0.0527333333333333,0.0527333333333333,0.834799959608772,0.00257077578607953,FALSE,TRUE,,,,,,,FALSE,,TRUE,FALSE,FALSE,"Non-significant / other",,,
"TCONS_00040082","XLOC_007464","CHST15","ENST00000346248.7","=",-0.1286,0.1286,0.150935428378623,0.000136518894547025,FALSE,FALSE,,,,,,,FALSE,,TRUE,FALSE,FALSE,"Non-significant / other",,,
"TCONS_00040083","XLOC_007464","CHST15","ENST00000435907.6","=",0.1762,0.1762,0.000136518894547025,0.000136518894547025,TRUE,FALSE,,,,,,,FALSE,,TRUE,FALSE,FALSE,"T-significant / missing in U",,,
"TCONS_00040084","XLOC_007464","CHST15","ENST00000628426.1","=",0.0939666666666666,0.0939666666666666,0.109108870461435,0.000136518894547025,FALSE,FALSE,,,,,,,FALSE,,TRUE,FALSE,FALSE,"Non-significant / other",,,
"TCONS_00041030","XLOC_007464","CHST15","PB.2539.2","c",-0.00836666666666666,0.00836666666666666,0.953460934251001,0.000136518894547025,FALSE,TRUE,,,,,,,FALSE,,TRUE,FALSE,FALSE,"Non-significant / other",,,
"TCONS_00041031","XLOC_007464","CHST15","PB.2539.4","c",-0.200633333333333,0.200633333333333,0.469646415841773,0.000136518894547025,FALSE,TRUE,,,,,,,FALSE,,TRUE,FALSE,FALSE,"Non-significant / other",,,
"TCONS_00041032","XLOC_007464","CHST15","PB.2539.6","j",-0.000699999999999999,0.000699999999999999,0.911344407012543,0.000136518894547025,FALSE,TRUE,,,,,,,FALSE,,TRUE,FALSE,FALSE,"Non-significant / other",,,
"TCONS_00041360","XLOC_007464","CHST15","PB.2014.1","c",0.0603,0.0603,0.477445703039385,0.000136518894547025,FALSE,TRUE,,,,,,,FALSE,,TRUE,FALSE,FALSE,"Non-significant / other",,,
"TCONS_00042904","XLOC_007559","IFITM2","ENST00000681914.1","=",-0.0601,0.0601,0.671321114884392,9.84462106803533e-89,FALSE,FALSE,,,,,,,FALSE,,TRUE,FALSE,FALSE,"Non-significant / other",,,
"TCONS_00042908","XLOC_007559","IFITM2","ENST00000681900.1","=",0.00733333333333333,0.00733333333333333,0.337683954772748,9.84462106803533e-89,FALSE,FALSE,,,,,,,FALSE,,TRUE,FALSE,FALSE,"Non-significant / other",,,
"TCONS_00042911","XLOC_007559","IFITM2","ENST00000616316.3","=",-0.0302,0.0302,0.0558668941641276,9.84462106803533e-89,FALSE,FALSE,,,,,,,FALSE,,TRUE,FALSE,FALSE,"Non-significant / other",,,
"TCONS_00042912","XLOC_007559","IFITM2","ENST00000399817.9","=",-0.00683333333333333,0.00683333333333333,0.933115306277125,9.84462106803533e-89,FALSE,FALSE,,,,,,,FALSE,,TRUE,FALSE,FALSE,"Non-significant / other",,,
"TCONS_00042913","XLOC_007559","IFITM2","ENST00000680197.1","=",-0.112233333333333,0.112233333333333,3.41563677450876e-09,9.84462106803533e-89,FALSE,FALSE,,,,,,,FALSE,,TRUE,FALSE,FALSE,"Non-significant / other",,,
"TCONS_00042914","XLOC_007559","IFITM2","ENST00000680344.1","=",-0.0735666666666667,0.0735666666666667,0.220628948258253,9.84462106803533e-89,FALSE,FALSE,,,,,,,FALSE,,TRUE,FALSE,FALSE,"Non-significant / other",,,
"TCONS_00042917","XLOC_007559","IFITM2","ENST00000680261.1","=",-0.0119333333333333,0.0119333333333333,0.960411902213103,9.84462106803533e-89,FALSE,FALSE,,,,,,,FALSE,,TRUE,FALSE,FALSE,"Non-significant / other",,,
"TCONS_00042919","XLOC_007559","IFITM2","ENST00000602569.2","=",-0.00786666666666666,0.00786666666666666,0.800679547667975,9.84462106803533e-89,FALSE,FALSE,,,,,,,FALSE,,TRUE,FALSE,FALSE,"Non-significant / other",,,
"TCONS_00042926","XLOC_007559","IFITM2","ENST00000681211.1","=",-0.0255666666666667,0.0255666666666667,0.372664482307198,9.84462106803533e-89,FALSE,FALSE,,,,,,,FALSE,,TRUE,FALSE,FALSE,"Non-significant / other",,,
"TCONS_00042948","XLOC_007559","IFITM2","PB.3070.1","=",0.289466666666667,0.289466666666667,9.84462106803533e-89,9.84462106803533e-89,TRUE,TRUE,,,,,,,FALSE,,TRUE,FALSE,FALSE,"T-significant / missing in U",,,
"TCONS_00042952","XLOC_007559","IFITM2","ENST00000681426.1","=",0.019,0.019,0.0251065423095471,9.84462106803533e-89,FALSE,FALSE,,,,,,,FALSE,,TRUE,FALSE,FALSE,"Non-significant / other",,,
"TCONS_00043569","XLOC_007698","TRIM22","ENST00000425490.5","=",-0.2368,0.2368,0.490436214518521,9.6671648766859e-05,FALSE,FALSE,,,,,,,FALSE,,TRUE,FALSE,FALSE,"Non-significant / other",,,
"TCONS_00043570","XLOC_007698","TRIM22","PB.2620.1","=",0.0227333333333333,0.0227333333333333,0.883493004008377,9.6671648766859e-05,FALSE,TRUE,,,,,,,FALSE,,TRUE,FALSE,FALSE,"Non-significant / other",,,
"TCONS_00043571","XLOC_007698","TRIM22","ENST00000460454.1","=",0.0175666666666667,0.0175666666666667,0.612954138042066,9.6671648766859e-05,FALSE,FALSE,,,,,,,FALSE,,TRUE,FALSE,FALSE,"Non-significant / other",,,
"TCONS_00043575","XLOC_007698","TRIM22","ENST00000414897.5","=",-0.0283,0.0283,0.878278907608954,9.6671648766859e-05,FALSE,FALSE,,,,,,,FALSE,,TRUE,FALSE,FALSE,"Non-significant / other",,,
"TCONS_00043576","XLOC_007698","TRIM22","ENST00000493494.1","=",0.0206,0.0206,0.0183212016705296,9.6671648766859e-05,FALSE,FALSE,,,,,,,FALSE,,TRUE,FALSE,FALSE,"Non-significant / other",,,
"TCONS_00058714","XLOC_007698","TRIM22","PB.2078.1","m",0.119666666666667,0.119666666666667,0.180050375182135,9.6671648766859e-05,FALSE,TRUE,,,,,,,FALSE,,TRUE,FALSE,FALSE,"Non-significant / other",,,
"TCONS_00058715","XLOC_007698","TRIM22","PB.2078.4","m",0.108366666666667,0.108366666666667,9.6671648766859e-05,9.6671648766859e-05,FALSE,TRUE,,,,,,,FALSE,,TRUE,FALSE,FALSE,"Non-significant / other",,,
"TCONS_00058717","XLOC_007698","TRIM22","PB.3135.3","c",-0.0870333333333333,0.0870333333333333,0.957041560325141,9.6671648766859e-05,FALSE,TRUE,,,,,,,FALSE,,TRUE,FALSE,FALSE,"Non-significant / other",,,
"TCONS_00058718","XLOC_007698","TRIM22","PB.2078.13","c",-0.0267,0.0267,0.983926202344524,9.6671648766859e-05,FALSE,TRUE,,,,,,,FALSE,,TRUE,FALSE,FALSE,"Non-significant / other",,,
"TCONS_00059401","XLOC_007698","TRIM22","PB.2935.6","j",-0.0109,0.0109,0.989699037195604,9.6671648766859e-05,FALSE,TRUE,,,,,,,FALSE,,TRUE,FALSE,FALSE,"Non-significant / other",,,
"TCONS_00060438","XLOC_007698","TRIM22","PB.3135.4","c",0.0898666666666667,0.0898666666666667,0.039008558936862,9.6671648766859e-05,FALSE,TRUE,,,,,,,FALSE,,TRUE,FALSE,FALSE,"Non-significant / other",,,
"TCONS_00044157","XLOC_007845","SAA1","ENST00000532858.5","=",0.0381,0.0381,0.948315290869084,0.000456891284412476,FALSE,FALSE,,,,,,,FALSE,,TRUE,FALSE,FALSE,"Non-significant / other",,,
"TCONS_00044158","XLOC_007845","SAA1","ENST00000649195.1","=",0.0559333333333333,0.0559333333333333,1,0.000456891284412476,FALSE,FALSE,,,,,,,FALSE,,TRUE,FALSE,FALSE,"Non-significant / other",,,
"TCONS_00044159","XLOC_007845","SAA1","ENST00000689650.1","=",0.125033333333333,0.125033333333333,0.417219971719965,0.000456891284412476,FALSE,FALSE,,,,,,,FALSE,,TRUE,FALSE,FALSE,"Non-significant / other",,,
"TCONS_00044160","XLOC_007845","SAA1","PB.3237.1","=",-0.219066666666667,0.219066666666667,0.000456891284412476,0.000456891284412476,TRUE,TRUE,,,,,,,FALSE,,TRUE,FALSE,FALSE,"T-significant / missing in U",,,
"TCONS_00045491","XLOC_008203","RTN4RL2","ENST00000335099.8","=",-0.174,0.174,0.217134649224086,6.13178297262357e-05,FALSE,FALSE,,,,,,,FALSE,,TRUE,FALSE,FALSE,"Non-significant / other",,,
"TCONS_00045492","XLOC_008203","RTN4RL2","ENST00000533205.5","=",0.0054,0.0054,0.998161431539877,6.13178297262357e-05,FALSE,FALSE,,,,,,,FALSE,,TRUE,FALSE,FALSE,"Non-significant / other",,,
"TCONS_00045493","XLOC_008203","RTN4RL2","ENST00000395120.2","=",0.168633333333333,0.168633333333333,6.13178297262357e-05,6.13178297262357e-05,TRUE,FALSE,,,,,,,FALSE,,TRUE,FALSE,FALSE,"T-significant / missing in U",,,
"TCONS_00046077","XLOC_008309","TTC9C","ENST00000530625.5","=",0.00116666666666667,0.00116666666666667,0.988009189439222,0.00458382500313504,FALSE,FALSE,,,,,,,FALSE,,TRUE,FALSE,FALSE,"Non-significant / other",,,
"TCONS_00046079","XLOC_008309","TTC9C","PB.3471.2","=",0.179033333333333,0.179033333333333,0.00458382500313504,0.00458382500313504,TRUE,TRUE,,,,,,,FALSE,,TRUE,FALSE,FALSE,"T-significant / missing in U",,,
"TCONS_00046080","XLOC_008309","TTC9C","PB.3246.4","=",0.0071,0.0071,0.898746850691718,0.00458382500313504,FALSE,TRUE,,,,,,,FALSE,,TRUE,FALSE,FALSE,"Non-significant / other",,,
"TCONS_00046082","XLOC_008309","TTC9C","PB.3473.1","=",-0.0456666666666667,0.0456666666666667,0.576989614383307,0.00458382500313504,FALSE,TRUE,,,,,,,FALSE,,TRUE,FALSE,FALSE,"Non-significant / other",,,
"TCONS_00059599","XLOC_008309","TTC9C","PB.3246.2","j",-0.120166666666667,0.120166666666667,0.514052731144491,0.00458382500313504,FALSE,TRUE,,,,,,,FALSE,,TRUE,FALSE,FALSE,"Non-significant / other",,,
"TCONS_00059600","XLOC_008309","TTC9C","PB.3246.6","j",-0.0036,0.0036,0.975504998223721,0.00458382500313504,FALSE,TRUE,,,,,,,FALSE,,TRUE,FALSE,FALSE,"Non-significant / other",,,
"TCONS_00059601","XLOC_008309","TTC9C","PB.3471.3","m",-0.0323666666666667,0.0323666666666667,0.714351274123707,0.00458382500313504,FALSE,TRUE,,,,,,,FALSE,,TRUE,FALSE,FALSE,"Non-significant / other",,,
"TCONS_00047995","XLOC_008654","RAB30-DT","ENST00000656330.1","=",0.0226333333333333,0.0226333333333333,0.631114889359438,0.013046454172065,FALSE,FALSE,,,,,,,FALSE,,TRUE,FALSE,FALSE,"Non-significant / other",,,
"TCONS_00047996","XLOC_008654","RAB30-DT","ENST00000669459.2","=",-0.00843333333333333,0.00843333333333333,0.97634601892347,0.013046454172065,FALSE,FALSE,,,,,,,FALSE,,TRUE,FALSE,FALSE,"Non-significant / other",,,
"TCONS_00047997","XLOC_008654","RAB30-DT","ENST00000527627.5","=",-0.0694333333333333,0.0694333333333333,0.134778635334355,0.013046454172065,FALSE,FALSE,,,,,,,FALSE,,TRUE,FALSE,FALSE,"Non-significant / other",,,
"TCONS_00047998","XLOC_008654","RAB30-DT","ENST00000658004.1","=",-0.00666666666666667,0.00666666666666667,0.978092415111209,0.013046454172065,FALSE,FALSE,,,,,,,FALSE,,TRUE,FALSE,FALSE,"Non-significant / other",,,
"TCONS_00047999","XLOC_008654","RAB30-DT","ENST00000689041.1","=",0.146966666666667,0.146966666666667,0.013046454172065,0.013046454172065,FALSE,FALSE,,,,,,,FALSE,,TRUE,FALSE,FALSE,"Non-significant / other",,,
"TCONS_00048000","XLOC_008654","RAB30-DT","ENST00000526795.1","=",0.0523,0.0523,0.998161431539877,0.013046454172065,FALSE,FALSE,,,,,,,FALSE,,TRUE,FALSE,FALSE,"Non-significant / other",,,
"TCONS_00048001","XLOC_008654","RAB30-DT","PB.3748.4","=",-0.0130666666666667,0.0130666666666667,0.964424151573954,0.013046454172065,FALSE,TRUE,,,,,,,FALSE,,TRUE,FALSE,FALSE,"Non-significant / other",,,
"TCONS_00048002","XLOC_008654","RAB30-DT","ENST00000663168.1","=",-0.0075,0.0075,0.836418275464225,0.013046454172065,FALSE,FALSE,,,,,,,FALSE,,TRUE,FALSE,FALSE,"Non-significant / other",,,
"TCONS_00048003","XLOC_008654","RAB30-DT","ENST00000533528.1","=",-0.145466666666667,0.145466666666667,0.0782913907321848,0.013046454172065,FALSE,FALSE,,,,,,,FALSE,,TRUE,FALSE,FALSE,"Non-significant / other",,,
"TCONS_00048007","XLOC_008654","RAB30-DT","ENST00000658917.1","=",0.0305333333333333,0.0305333333333333,0.893303706782262,0.013046454172065,FALSE,FALSE,,,,,,,FALSE,,TRUE,FALSE,FALSE,"Non-significant / other",,,
"TCONS_00048008","XLOC_008654","RAB30-DT","ENST00000669005.1","=",-0.0272333333333333,0.0272333333333333,0.652074401895729,0.013046454172065,FALSE,FALSE,,,,,,,FALSE,,TRUE,FALSE,FALSE,"Non-significant / other",,,
"TCONS_00060711","XLOC_008654","RAB30-DT","PB.3748.8","j",0.0137,0.0137,0.640103405695328,0.013046454172065,FALSE,TRUE,,,,,,,FALSE,,TRUE,FALSE,FALSE,"Non-significant / other",,,
"TCONS_00049435","XLOC_008996","TLCD5","ENST00000314475.6","=",0.306666666666667,0.306666666666667,0.011825786020886,0.011825786020886,TRUE,FALSE,,,,,,,FALSE,,TRUE,FALSE,FALSE,"T-significant / missing in U",,,
"TCONS_00049436","XLOC_008996","TLCD5","ENST00000531346.1","=",0.0850666666666667,0.0850666666666667,0.542825646806924,0.011825786020886,FALSE,FALSE,,,,,,,FALSE,,TRUE,FALSE,FALSE,"Non-significant / other",,,
"TCONS_00049437","XLOC_008996","TLCD5","ENST00000375095.3","=",-0.403066666666667,0.403066666666667,0.0291059425360874,0.011825786020886,TRUE,FALSE,,,,,,,FALSE,,TRUE,FALSE,FALSE,"T-significant / missing in U",,,
"TCONS_00049438","XLOC_008996","TLCD5","ENST00000529187.1","=",0.0113333333333333,0.0113333333333333,0.992390352317451,0.011825786020886,FALSE,FALSE,,,,,,,FALSE,,TRUE,FALSE,FALSE,"Non-significant / other",,,
"TCONS_00051225","XLOC_009388","RNF141","ENST00000265981.7","=",-0.100166666666667,0.100166666666667,0.0211251990509736,0.0211251990509736,FALSE,FALSE,,,,,,,FALSE,,TRUE,FALSE,FALSE,"Non-significant / other",,,
"TCONS_00058048","XLOC_009388","RNF141","PB.2676.8","c",0.132133333333333,0.132133333333333,0.199619295509565,0.0211251990509736,FALSE,TRUE,,,,,,,FALSE,,TRUE,FALSE,FALSE,"Non-significant / other",,,
"TCONS_00060853","XLOC_009388","RNF141","PB.3189.1","c",-0.0530666666666667,0.0530666666666667,0.608169253285923,0.0211251990509736,FALSE,TRUE,,,,,,,FALSE,,TRUE,FALSE,FALSE,"Non-significant / other",,,
"TCONS_00060854","XLOC_009388","RNF141","PB.3191.3","j",0.0103,0.0103,0.996618379895584,0.0211251990509736,FALSE,TRUE,,,,,,,FALSE,,TRUE,FALSE,FALSE,"Non-significant / other",,,
"TCONS_00060855","XLOC_009388","RNF141","PB.3191.5","j",0.0210666666666667,0.0210666666666667,0.623802176044495,0.0211251990509736,FALSE,TRUE,,,,,,,FALSE,,TRUE,FALSE,FALSE,"Non-significant / other",,,
"TCONS_00055634","XLOC_010320","CCDC82","PB.3831.1","=",-0.103466666666667,0.103466666666667,0.569875735000751,9.63755640910023e-09,FALSE,TRUE,,,,,,,FALSE,,TRUE,FALSE,FALSE,"Non-significant / other",,,
"TCONS_00055641","XLOC_010320","CCDC82","ENST00000679708.1","=",0.0156333333333333,0.0156333333333333,0.75457338121201,9.63755640910023e-09,FALSE,FALSE,,,,,,,FALSE,,TRUE,FALSE,FALSE,"Non-significant / other",,,
"TCONS_00055646","XLOC_010320","CCDC82","ENST00000679960.1","=",-0.0420333333333333,0.0420333333333333,0.681920284145726,9.63755640910023e-09,FALSE,FALSE,,,,,,,FALSE,,TRUE,FALSE,FALSE,"Non-significant / other",,,
"TCONS_00055649","XLOC_010320","CCDC82","ENST00000680728.1","=",-0.0567333333333334,0.0567333333333334,0.770361820673662,9.63755640910023e-09,FALSE,FALSE,,,,,,,FALSE,,TRUE,FALSE,FALSE,"Non-significant / other",,,
"TCONS_00055654","XLOC_010320","CCDC82","ENST00000646050.1","=",-0.0143666666666667,0.0143666666666667,0.946073881089625,9.63755640910023e-09,FALSE,FALSE,,,,,,,FALSE,,TRUE,FALSE,FALSE,"Non-significant / other",,,
"TCONS_00055670","XLOC_010320","CCDC82","ENST00000530106.2","=",0.00113333333333333,0.00113333333333333,0.997835672756094,9.63755640910023e-09,FALSE,FALSE,,,,,,,FALSE,,TRUE,FALSE,FALSE,"Non-significant / other",,,
"TCONS_00055671","XLOC_010320","CCDC82","ENST00000679577.1","=",0.00173333333333333,0.00173333333333333,0.998357144556385,9.63755640910023e-09,FALSE,FALSE,,,,,,,FALSE,,TRUE,FALSE,FALSE,"Non-significant / other",,,
"TCONS_00055673","XLOC_010320","CCDC82","ENST00000538597.1","=",0.0284333333333333,0.0284333333333333,0.930975234181079,9.63755640910023e-09,FALSE,FALSE,,,,,,,FALSE,,TRUE,FALSE,FALSE,"Non-significant / other",,,
"TCONS_00058523","XLOC_010320","CCDC82","PB.3254.2","c",0.0181666666666667,0.0181666666666667,0.804049869478217,9.63755640910023e-09,FALSE,TRUE,,,,,,,FALSE,,TRUE,FALSE,FALSE,"Non-significant / other",,,
"TCONS_00058525","XLOC_010320","CCDC82","PB.3254.7","c",0.0374,0.0374,0.570206673200813,9.63755640910023e-09,FALSE,TRUE,,,,,,,FALSE,,TRUE,FALSE,FALSE,"Non-significant / other",,,
"TCONS_00060282","XLOC_010320","CCDC82","PB.3573.11","c",-0.0493,0.0493,9.63755640910023e-09,9.63755640910023e-09,FALSE,TRUE,,,,,,,FALSE,,TRUE,FALSE,FALSE,"Non-significant / other",,,
"TCONS_00060283","XLOC_010320","CCDC82","PB.3573.12","c",0.106833333333333,0.106833333333333,0.0387047484974208,9.63755640910023e-09,FALSE,TRUE,,,,,,,FALSE,,TRUE,FALSE,FALSE,"Non-significant / other",,,
"TCONS_00061088","XLOC_010320","CCDC82","PB.3831.3","c",0.0315,0.0315,0.833122815621873,9.63755640910023e-09,FALSE,TRUE,,,,,,,FALSE,,TRUE,FALSE,FALSE,"Non-significant / other",,,
"TCONS_00061090","XLOC_010320","CCDC82","PB.3831.9","c",0.0214666666666667,0.0214666666666667,0.824710942155114,9.63755640910023e-09,FALSE,TRUE,,,,,,,FALSE,,TRUE,FALSE,FALSE,"Non-significant / other",,,
"TCONS_00057043","XLOC_010662","SENCR","ENST00000526269.2","=",0.129133333333333,0.129133333333333,0.04585615115123,0.04585615115123,FALSE,FALSE,,,,,,,FALSE,,TRUE,FALSE,FALSE,"Non-significant / other",,,
"TCONS_00057044","XLOC_010662","SENCR","PB.4082.1","=",-0.1994,0.1994,0.0690854606900669,0.04585615115123,FALSE,TRUE,,,,,,,FALSE,,TRUE,FALSE,FALSE,"Non-significant / other",,,
"TCONS_00060403","XLOC_010662","SENCR","PB.3812.1","j",-0.0228,0.0228,0.619361465212812,0.04585615115123,FALSE,TRUE,,,,,,,FALSE,,TRUE,FALSE,FALSE,"Non-significant / other",,,
"TCONS_00060404","XLOC_010662","SENCR","PB.3812.2","c",0.0931,0.0931,0.797024882375079,0.04585615115123,FALSE,TRUE,,,,,,,FALSE,,TRUE,FALSE,FALSE,"Non-significant / other",,,
"TCONS_00062123","XLOC_010885","TMEM52B","ENST00000334148.7","=",0.00943333333333333,0.00943333333333333,0.863744295444689,0.0178798740650283,FALSE,FALSE,,,,,,,FALSE,,TRUE,FALSE,FALSE,"Non-significant / other",,,
"TCONS_00062126","XLOC_010885","TMEM52B","PB.3582.1","=",0.0328333333333333,0.0328333333333333,0.0379270576792473,0.0178798740650283,FALSE,TRUE,,,,,,,FALSE,,TRUE,FALSE,FALSE,"Non-significant / other",,,
"TCONS_00062127","XLOC_010885","TMEM52B","PB.3582.2","=",-0.248333333333333,0.248333333333333,0.0178798740650283,0.0178798740650283,TRUE,TRUE,"XLOC_010885","TMEM52B",-0.3242,0.3242,0.00694414450801821,0.00694414450801821,TRUE,TRUE,TRUE,TRUE,TRUE,"Shared significant",TRUE,-0.0758666666666666,0.0758666666666666
"TCONS_00076043","XLOC_010885","TMEM52B","PB.2843.4","j",0.0510666666666667,0.0510666666666667,0.477676789061803,0.0178798740650283,FALSE,TRUE,"XLOC_010885","TMEM52B",0.0831666666666667,0.0831666666666667,0.807182233776265,0.00694414450801821,FALSE,TRUE,TRUE,TRUE,TRUE,"Non-significant / other",TRUE,0.0321,0.0321
"TCONS_00077896","XLOC_010885","TMEM52B","PB.4207.1","j",0.139466666666667,0.139466666666667,0.191481464009851,0.0178798740650283,FALSE,TRUE,"XLOC_010885","TMEM52B",0.186433333333333,0.186433333333333,0.551617630740984,0.00694414450801821,FALSE,TRUE,TRUE,TRUE,TRUE,"Non-significant / other",TRUE,0.0469666666666666,0.0469666666666666
"TCONS_00063991","XLOC_011307","SP1","ENST00000551969.5","=",0.0150666666666667,0.0150666666666667,0.790175518244532,0.00610586046621409,FALSE,FALSE,,,,,,,FALSE,,TRUE,FALSE,FALSE,"Non-significant / other",,,
"TCONS_00063992","XLOC_011307","SP1","ENST00000327443.9","=",0.184133333333333,0.184133333333333,0.00610586046621409,0.00610586046621409,TRUE,FALSE,,,,,,,FALSE,,TRUE,FALSE,FALSE,"T-significant / missing in U",,,
"TCONS_00063993","XLOC_011307","SP1","ENST00000426431.2","=",-0.1722,0.1722,0.0428430724141491,0.00610586046621409,TRUE,FALSE,,,,,,,FALSE,,TRUE,FALSE,FALSE,"T-significant / missing in U",,,
"TCONS_00063994","XLOC_011307","SP1","ENST00000548560.1","=",-0.0212,0.0212,0.531398713169351,0.00610586046621409,FALSE,FALSE,,,,,,,FALSE,,TRUE,FALSE,FALSE,"Non-significant / other",,,
"TCONS_00064341","XLOC_011376","DGKA","PB.4250.1","=",0.00413333333333333,0.00413333333333333,0.996703760255828,0.0166488825441557,FALSE,TRUE,,,,,,,FALSE,,TRUE,FALSE,FALSE,"Non-significant / other",,,
"TCONS_00064345","XLOC_011376","DGKA","ENST00000547358.5","=",0.0131,0.0131,0.834382457937144,0.0166488825441557,FALSE,FALSE,,,,,,,FALSE,,TRUE,FALSE,FALSE,"Non-significant / other",,,
"TCONS_00064348","XLOC_011376","DGKA","ENST00000548407.6","=",0.0176,0.0176,0.970791951310185,0.0166488825441557,FALSE,FALSE,,,,,,,FALSE,,TRUE,FALSE,FALSE,"Non-significant / other",,,
"TCONS_00064351","XLOC_011376","DGKA","ENST00000551615.5","=",0.0353333333333333,0.0353333333333333,0.470143575202627,0.0166488825441557,FALSE,FALSE,,,,,,,FALSE,,TRUE,FALSE,FALSE,"Non-significant / other",,,
"TCONS_00064352","XLOC_011376","DGKA","ENST00000547535.5","=",-0.0232333333333333,0.0232333333333333,0.612194336001579,0.0166488825441557,FALSE,FALSE,,,,,,,FALSE,,TRUE,FALSE,FALSE,"Non-significant / other",,,
"TCONS_00064353","XLOC_011376","DGKA","ENST00000549323.6","=",-0.0255666666666667,0.0255666666666667,0.945310371109462,0.0166488825441557,FALSE,FALSE,,,,,,,FALSE,,TRUE,FALSE,FALSE,"Non-significant / other",,,
"TCONS_00064354","XLOC_011376","DGKA","ENST00000549097.5","=",0.0163666666666667,0.0163666666666667,0.724561356070555,0.0166488825441557,FALSE,FALSE,,,,,,,FALSE,,TRUE,FALSE,FALSE,"Non-significant / other",,,
"TCONS_00064367","XLOC_011376","DGKA","ENST00000556344.5","=",0.0246666666666667,0.0246666666666667,0.910759634817439,0.0166488825441557,FALSE,FALSE,,,,,,,FALSE,,TRUE,FALSE,FALSE,"Non-significant / other",,,
"TCONS_00064368","XLOC_011376","DGKA","ENST00000549079.6","=",0.0344333333333333,0.0344333333333333,0.988207986513287,0.0166488825441557,FALSE,FALSE,,,,,,,FALSE,,TRUE,FALSE,FALSE,"Non-significant / other",,,
"TCONS_00064369","XLOC_011376","DGKA","ENST00000551739.5","=",-0.00223333333333333,0.00223333333333333,0.97346152487344,0.0166488825441557,FALSE,FALSE,,,,,,,FALSE,,TRUE,FALSE,FALSE,"Non-significant / other",,,
"TCONS_00064373","XLOC_011376","DGKA","ENST00000549986.5","=",0.00586666666666667,0.00586666666666667,0.941817852974968,0.0166488825441557,FALSE,FALSE,,,,,,,FALSE,,TRUE,FALSE,FALSE,"Non-significant / other",,,
"TCONS_00064374","XLOC_011376","DGKA","ENST00000552335.6","=",0.0019,0.0019,0.949402454179307,0.0166488825441557,FALSE,FALSE,,,,,,,FALSE,,TRUE,FALSE,FALSE,"Non-significant / other",,,
"TCONS_00064378","XLOC_011376","DGKA","ENST00000552652.2","=",-0.0066,0.0066,0.932868488028478,0.0166488825441557,FALSE,FALSE,,,,,,,FALSE,,TRUE,FALSE,FALSE,"Non-significant / other",,,
"TCONS_00064380","XLOC_011376","DGKA","ENST00000552903.2","=",-0.0305333333333333,0.0305333333333333,0.596143238803318,0.0166488825441557,FALSE,FALSE,,,,,,,FALSE,,TRUE,FALSE,FALSE,"Non-significant / other",,,
"TCONS_00064382","XLOC_011376","DGKA","ENST00000550957.1","=",0.137233333333333,0.137233333333333,0.882503350121169,0.0166488825441557,FALSE,FALSE,,,,,,,FALSE,,TRUE,FALSE,FALSE,"Non-significant / other",,,
"TCONS_00074808","XLOC_011376","DGKA","PB.3879.2","j",-0.186933333333333,0.186933333333333,0.0166488825441557,0.0166488825441557,TRUE,TRUE,,,,,,,FALSE,,TRUE,FALSE,FALSE,"T-significant / missing in U",,,
"TCONS_00074811","XLOC_011376","DGKA","PB.3879.5","m",0.00776666666666666,0.00776666666666666,0.91621333907437,0.0166488825441557,FALSE,TRUE,,,,,,,FALSE,,TRUE,FALSE,FALSE,"Non-significant / other",,,
"TCONS_00076967","XLOC_011376","DGKA","PB.4250.3","c",-0.0524666666666667,0.0524666666666667,0.826428795623179,0.0166488825441557,FALSE,TRUE,,,,,,,FALSE,,TRUE,FALSE,FALSE,"Non-significant / other",,,
"TCONS_00078046","XLOC_011376","DGKA","PB.4559.3","c",0.0225333333333333,0.0225333333333333,0.938973290313634,0.0166488825441557,FALSE,TRUE,,,,,,,FALSE,,TRUE,FALSE,FALSE,"Non-significant / other",,,
"TCONS_00064570","XLOC_011393","IL23A","PB.4584.2","=",0.313633333333333,0.313633333333333,5.81084153231282e-28,5.81084153231282e-28,TRUE,TRUE,"XLOC_011393","IL23A",0.584466666666667,0.584466666666667,8.40519374477622e-17,8.40519374477622e-17,TRUE,TRUE,TRUE,TRUE,TRUE,"Shared significant",TRUE,0.270833333333333,0.270833333333333
"TCONS_00078058","XLOC_011393","IL23A","PB.4584.1","j",-0.2108,0.2108,1.74101816710269e-14,5.81084153231282e-28,TRUE,TRUE,"XLOC_011393","IL23A",-0.192233333333333,0.192233333333333,7.98684175490343e-08,8.40519374477622e-17,TRUE,TRUE,TRUE,TRUE,TRUE,"Shared significant",TRUE,0.0185666666666667,0.0185666666666667
"TCONS_00078059","XLOC_011393","IL23A","PB.4584.3","n",0.00766666666666667,0.00766666666666667,0.606417950342307,5.81084153231282e-28,FALSE,TRUE,"XLOC_011393","IL23A",-0.0181,0.0181,0.923014015808772,8.40519374477622e-17,FALSE,TRUE,TRUE,TRUE,TRUE,"Non-significant / other",FALSE,-0.0257666666666667,0.0257666666666667
"TCONS_00078060","XLOC_011393","IL23A","PB.4584.12","c",-0.0935,0.0935,0.984060720668274,5.81084153231282e-28,FALSE,TRUE,"XLOC_011393","IL23A",-0.0895666666666667,0.0895666666666667,0.986425454102372,8.40519374477622e-17,FALSE,TRUE,TRUE,TRUE,TRUE,"Non-significant / other",TRUE,0.00393333333333333,0.00393333333333333
"TCONS_00078061","XLOC_011393","IL23A","PB.4584.13","c",0.0162666666666667,0.0162666666666667,0.901180052358625,5.81084153231282e-28,FALSE,TRUE,"XLOC_011393","IL23A",-0.133266666666667,0.133266666666667,0.000187852720715271,8.40519374477622e-17,FALSE,TRUE,TRUE,TRUE,TRUE,"Non-significant / other",FALSE,-0.149533333333333,0.149533333333333
"TCONS_00065140","XLOC_011494","IRAK3","ENST00000545837.1","=",0.0362333333333334,0.0362333333333334,0.735729675872745,0.000148560581911093,FALSE,FALSE,,,,,,,FALSE,,TRUE,FALSE,FALSE,"Non-significant / other",,,
"TCONS_00065141","XLOC_011494","IRAK3","ENST00000261233.9","=",-0.238166666666667,0.238166666666667,0.000148560581911093,0.000148560581911093,TRUE,FALSE,,,,,,,FALSE,,TRUE,FALSE,FALSE,"T-significant / missing in U",,,
"TCONS_00065142","XLOC_011494","IRAK3","ENST00000457197.2","=",-0.0133,0.0133,0.878235189302041,0.000148560581911093,FALSE,FALSE,,,,,,,FALSE,,TRUE,FALSE,FALSE,"Non-significant / other",,,
"TCONS_00077036","XLOC_011494","IRAK3","PB.4361.2","c",0.0393,0.0393,0.926549235477512,0.000148560581911093,FALSE,TRUE,,,,,,,FALSE,,TRUE,FALSE,FALSE,"Non-significant / other",,,
"TCONS_00078099","XLOC_011494","IRAK3","PB.4682.2","c",0.1746,0.1746,0.239684854884188,0.000148560581911093,FALSE,TRUE,,,,,,,FALSE,,TRUE,FALSE,FALSE,"Non-significant / other",,,
"TCONS_00065419","XLOC_011542","THAP2","PB.4018.1","=",-0.0452333333333333,0.0452333333333333,0.317061677235888,3.49543155019469e-28,FALSE,TRUE,,,,,,,FALSE,,TRUE,FALSE,FALSE,"Non-significant / other",,,
"TCONS_00065420","XLOC_011542","THAP2","ENST00000547843.1","=",0.4244,0.4244,3.49543155019469e-28,3.49543155019469e-28,TRUE,FALSE,,,,,,,FALSE,,TRUE,FALSE,FALSE,"T-significant / missing in U",,,
"TCONS_00065424","XLOC_011542","THAP2","ENST00000266673.10","=",-0.130266666666667,0.130266666666667,7.63774687488582e-09,3.49543155019469e-28,FALSE,FALSE,,,,,,,FALSE,,TRUE,FALSE,FALSE,"Non-significant / other",,,
"TCONS_00065429","XLOC_011542","THAP2","ENST00000550787.1","=",-0.0185,0.0185,0.994715416475787,3.49543155019469e-28,FALSE,FALSE,,,,,,,FALSE,,TRUE,FALSE,FALSE,"Non-significant / other",,,
"TCONS_00076218","XLOC_011542","THAP2","PB.3173.4","c",-0.0872666666666667,0.0872666666666667,0.394772167577404,3.49543155019469e-28,FALSE,TRUE,,,,,,,FALSE,,TRUE,FALSE,FALSE,"Non-significant / other",,,
"TCONS_00077077","XLOC_011542","THAP2","PB.4402.1","j",0.0449666666666667,0.0449666666666667,5.37170049106012e-09,3.49543155019469e-28,FALSE,TRUE,,,,,,,FALSE,,TRUE,FALSE,FALSE,"Non-significant / other",,,
"TCONS_00077078","XLOC_011542","THAP2","PB.4402.6","c",-0.0294333333333333,0.0294333333333333,0.125486004200744,3.49543155019469e-28,FALSE,TRUE,,,,,,,FALSE,,TRUE,FALSE,FALSE,"Non-significant / other",,,
"TCONS_00077079","XLOC_011542","THAP2","PB.4404.1","j",-0.0254333333333333,0.0254333333333333,0.600213010309901,3.49543155019469e-28,FALSE,TRUE,,,,,,,FALSE,,TRUE,FALSE,FALSE,"Non-significant / other",,,
"TCONS_00077080","XLOC_011542","THAP2","PB.4404.3","j",-0.0643,0.0643,0.340990874837894,3.49543155019469e-28,FALSE,TRUE,,,,,,,FALSE,,TRUE,FALSE,FALSE,"Non-significant / other",,,
"TCONS_00078127","XLOC_011542","THAP2","PB.4725.2","c",-0.058,0.058,0.732031738422696,3.49543155019469e-28,FALSE,TRUE,,,,,,,FALSE,,TRUE,FALSE,FALSE,"Non-significant / other",,,
"TCONS_00078129","XLOC_011542","THAP2","PB.4725.4","c",0.00286666666666667,0.00286666666666667,0.996703760255828,3.49543155019469e-28,FALSE,TRUE,,,,,,,FALSE,,TRUE,FALSE,FALSE,"Non-significant / other",,,
"TCONS_00065826","XLOC_011692","MRPL42","ENST00000549982.6","=",-0.0068,0.0068,0.808277805364324,4.69141424581951e-06,FALSE,FALSE,,,,,,,FALSE,,TRUE,FALSE,FALSE,"Non-significant / other",,,
"TCONS_00065828","XLOC_011692","MRPL42","ENST00000552326.5","=",0.0027,0.0027,0.934264123595622,4.69141424581951e-06,FALSE,FALSE,,,,,,,FALSE,,TRUE,FALSE,FALSE,"Non-significant / other",,,
"TCONS_00065830","XLOC_011692","MRPL42","ENST00000547098.5","=",0.0882666666666667,0.0882666666666667,0.0440074539513721,4.69141424581951e-06,FALSE,FALSE,,,,,,,FALSE,,TRUE,FALSE,FALSE,"Non-significant / other",,,
"TCONS_00065833","XLOC_011692","MRPL42","ENST00000549561.6","=",0.0626,0.0626,0.504543406369733,4.69141424581951e-06,FALSE,FALSE,,,,,,,FALSE,,TRUE,FALSE,FALSE,"Non-significant / other",,,
"TCONS_00065836","XLOC_011692","MRPL42","ENST00000490246.2","=",-0.0061,0.0061,1,4.69141424581951e-06,FALSE,FALSE,,,,,,,FALSE,,TRUE,FALSE,FALSE,"Non-significant / other",,,
"TCONS_00074987","XLOC_011692","MRPL42","PB.3249.4","j",-0.0024,0.0024,0.936901116052932,4.69141424581951e-06,FALSE,TRUE,,,,,,,FALSE,,TRUE,FALSE,FALSE,"Non-significant / other",,,
"TCONS_00076234","XLOC_011692","MRPL42","PB.3249.12","c",0.1418,0.1418,0.0549979051257117,4.69141424581951e-06,FALSE,TRUE,,,,,,,FALSE,,TRUE,FALSE,FALSE,"Non-significant / other",,,
"TCONS_00077132","XLOC_011692","MRPL42","PB.4507.17","j",-0.0479,0.0479,0.698279767625489,4.69141424581951e-06,FALSE,TRUE,,,,,,,FALSE,,TRUE,FALSE,FALSE,"Non-significant / other",,,
"TCONS_00077133","XLOC_011692","MRPL42","PB.4507.19","j",-0.0171666666666667,0.0171666666666667,0.731301918147162,4.69141424581951e-06,FALSE,TRUE,,,,,,,FALSE,,TRUE,FALSE,FALSE,"Non-significant / other",,,
"TCONS_00077134","XLOC_011692","MRPL42","PB.4507.20","c",-0.2198,0.2198,4.69141424581951e-06,4.69141424581951e-06,TRUE,TRUE,,,,,,,FALSE,,TRUE,FALSE,FALSE,"T-significant / missing in U",,,
"TCONS_00069381","XLOC_012456","SOX5","ENST00000451604.7","=",-0.170966666666667,0.170966666666667,0.000537210331093829,0.000537210331093829,TRUE,FALSE,,,,,,,FALSE,,TRUE,FALSE,FALSE,"T-significant / missing in U",,,
"TCONS_00069384","XLOC_012456","SOX5","ENST00000646273.1","=",0.00796666666666667,0.00796666666666667,0.816309004645864,0.000537210331093829,FALSE,FALSE,,,,,,,FALSE,,TRUE,FALSE,FALSE,"Non-significant / other",,,
"TCONS_00069396","XLOC_012456","SOX5","ENST00000536729.2","=",-0.0278,0.0278,0.958057271926819,0.000537210331093829,FALSE,FALSE,,,,,,,FALSE,,TRUE,FALSE,FALSE,"Non-significant / other",,,
"TCONS_00069397","XLOC_012456","SOX5","ENST00000446891.7","=",-0.0324,0.0324,0.920239043762667,0.000537210331093829,FALSE,FALSE,,,,,,,FALSE,,TRUE,FALSE,FALSE,"Non-significant / other",,,
"TCONS_00069399","XLOC_012456","SOX5","ENST00000429944.6","=",-0.0035,0.0035,0.921541330915698,0.000537210331093829,FALSE,FALSE,,,,,,,FALSE,,TRUE,FALSE,FALSE,"Non-significant / other",,,
"TCONS_00069400","XLOC_012456","SOX5","ENST00000456299.2","=",-0.0252,0.0252,0.955754165315585,0.000537210331093829,FALSE,FALSE,,,,,,,FALSE,,TRUE,FALSE,FALSE,"Non-significant / other",,,
"TCONS_00069402","XLOC_012456","SOX5","ENST00000483544.1","=",-0.0186,0.0186,0.944037782897866,0.000537210331093829,FALSE,FALSE,,,,,,,FALSE,,TRUE,FALSE,FALSE,"Non-significant / other",,,
"TCONS_00075384","XLOC_012456","SOX5","PB.3651.1","j",0.0965,0.0965,0.573700383035545,0.000537210331093829,FALSE,TRUE,,,,,,,FALSE,,TRUE,FALSE,FALSE,"Non-significant / other",,,
"TCONS_00075385","XLOC_012456","SOX5","PB.3651.2","m",0.0456333333333333,0.0456333333333333,0.700837330652505,0.000537210331093829,FALSE,TRUE,,,,,,,FALSE,,TRUE,FALSE,FALSE,"Non-significant / other",,,
"TCONS_00076405","XLOC_012456","SOX5","PB.2896.10","j",0.136166666666667,0.136166666666667,0.0305499560214675,0.000537210331093829,FALSE,TRUE,,,,,,,FALSE,,TRUE,FALSE,FALSE,"Non-significant / other",,,
"TCONS_00076406","XLOC_012456","SOX5","PB.2896.13","j",0.0106666666666667,0.0106666666666667,0.941402741889791,0.000537210331093829,FALSE,TRUE,,,,,,,FALSE,,TRUE,FALSE,FALSE,"Non-significant / other",,,
"TCONS_00069723","XLOC_012538","AMN1","PB.3704.1","=",0.0333333333333333,0.0333333333333333,0.812359357628408,9.4558189929635e-07,FALSE,TRUE,,,,,,,FALSE,,TRUE,FALSE,FALSE,"Non-significant / other",,,
"TCONS_00069725","XLOC_012538","AMN1","PB.3704.3","=",-0.135266666666667,0.135266666666667,0.580224044989142,9.4558189929635e-07,FALSE,TRUE,,,,,,,FALSE,,TRUE,FALSE,FALSE,"Non-significant / other",,,
"TCONS_00069726","XLOC_012538","AMN1","PB.4352.2","=",-0.00143333333333334,0.00143333333333334,0.945753674649804,9.4558189929635e-07,FALSE,TRUE,,,,,,,FALSE,,TRUE,FALSE,FALSE,"Non-significant / other",,,
"TCONS_00069728","XLOC_012538","AMN1","ENST00000535408.5","=",-0.0406333333333333,0.0406333333333333,0.00731610975844787,9.4558189929635e-07,FALSE,FALSE,,,,,,,FALSE,,TRUE,FALSE,FALSE,"Non-significant / other",,,
"TCONS_00069729","XLOC_012538","AMN1","ENST00000537960.5","=",0.0376,0.0376,0.467769779535113,9.4558189929635e-07,FALSE,FALSE,,,,,,,FALSE,,TRUE,FALSE,FALSE,"Non-significant / other",,,
"TCONS_00069733","XLOC_012538","AMN1","PB.2937.4","=",-0.0560333333333333,0.0560333333333333,0.120441414832178,9.4558189929635e-07,FALSE,TRUE,,,,,,,FALSE,,TRUE,FALSE,FALSE,"Non-significant / other",,,
"TCONS_00069734","XLOC_012538","AMN1","ENST00000509386.2","=",0.00363333333333334,0.00363333333333334,0.993897574202545,9.4558189929635e-07,FALSE,FALSE,,,,,,,FALSE,,TRUE,FALSE,FALSE,"Non-significant / other",,,
"TCONS_00075437","XLOC_012538","AMN1","PB.3704.4","j",-0.0106,0.0106,0.944572630367694,9.4558189929635e-07,FALSE,TRUE,,,,,,,FALSE,,TRUE,FALSE,FALSE,"Non-significant / other",,,
"TCONS_00077389","XLOC_012538","AMN1","PB.4058.1","c",0.0144333333333333,0.0144333333333333,0.964261149905759,9.4558189929635e-07,FALSE,TRUE,,,,,,,FALSE,,TRUE,FALSE,FALSE,"Non-significant / other",,,
"TCONS_00077390","XLOC_012538","AMN1","PB.4058.6","j",-0.0334333333333333,0.0334333333333333,0.934715619885151,9.4558189929635e-07,FALSE,TRUE,,,,,,,FALSE,,TRUE,FALSE,FALSE,"Non-significant / other",,,
"TCONS_00077391","XLOC_012538","AMN1","PB.4058.7","c",0.250666666666667,0.250666666666667,9.4558189929635e-07,9.4558189929635e-07,TRUE,TRUE,,,,,,,FALSE,,TRUE,FALSE,FALSE,"T-significant / missing in U",,,
"TCONS_00077392","XLOC_012538","AMN1","PB.4058.8","j",-0.0704,0.0704,0.418825825720711,9.4558189929635e-07,FALSE,TRUE,,,,,,,FALSE,,TRUE,FALSE,FALSE,"Non-significant / other",,,
"TCONS_00070757","XLOC_012782","ENSG00000257337","ENST00000549388.1","=",0.0461666666666667,0.0461666666666667,0.965908825522267,0.0220145284760521,FALSE,FALSE,"XLOC_012782","ENSG00000257337",-0.00333333333333333,0.00333333333333333,1,0.0195341717956963,FALSE,FALSE,TRUE,TRUE,TRUE,"Non-significant / other",FALSE,-0.0495,0.0495
"TCONS_00070758","XLOC_012782","ENSG00000257337","ENST00000660006.2","=",0.0285666666666667,0.0285666666666667,0.930027556851579,0.0220145284760521,FALSE,FALSE,"XLOC_012782","ENSG00000257337",0.0511,0.0511,0.96870923056349,0.0195341717956963,FALSE,FALSE,TRUE,TRUE,TRUE,"Non-significant / other",TRUE,0.0225333333333333,0.0225333333333333
"TCONS_00070759","XLOC_012782","ENSG00000257337","ENST00000686638.1","=",-0.1396,0.1396,0.0220145284760521,0.0220145284760521,FALSE,FALSE,"XLOC_012782","ENSG00000257337",-0.0024,0.0024,1,0.0195341717956963,FALSE,FALSE,TRUE,TRUE,TRUE,"Non-significant / other",TRUE,0.1372,0.1372
"TCONS_00070761","XLOC_012782","ENSG00000257337","ENST00000684981.1","=",0.0169333333333333,0.0169333333333333,0.90508321113215,0.0220145284760521,FALSE,FALSE,"XLOC_012782","ENSG00000257337",-0.1511,0.1511,0.0195341717956963,0.0195341717956963,TRUE,FALSE,TRUE,TRUE,TRUE,"U-significant / T-present non-sig",FALSE,-0.168033333333333,0.168033333333333
"TCONS_00070762","XLOC_012782","ENSG00000257337","ENST00000670565.2","=",-0.0417666666666667,0.0417666666666667,0.787822621476875,0.0220145284760521,FALSE,FALSE,"XLOC_012782","ENSG00000257337",0.0619333333333333,0.0619333333333333,0.88923968892197,0.0195341717956963,FALSE,FALSE,TRUE,TRUE,TRUE,"Non-significant / other",FALSE,0.1037,0.1037
"TCONS_00070764","XLOC_012782","ENSG00000257337","ENST00000546566.7","=",-0.1768,0.1768,0.714849793153378,0.0220145284760521,FALSE,FALSE,"XLOC_012782","ENSG00000257337",-0.209366666666667,0.209366666666667,0.919287079275536,0.0195341717956963,FALSE,FALSE,TRUE,TRUE,TRUE,"Non-significant / other",TRUE,-0.0325666666666667,0.0325666666666667
"TCONS_00070765","XLOC_012782","ENSG00000257337","ENST00000663863.2","=",0.0366,0.0366,0.99633622898533,0.0220145284760521,FALSE,FALSE,,,,,,,FALSE,,TRUE,FALSE,FALSE,"Non-significant / other",,,
"TCONS_00070767","XLOC_012782","ENSG00000257337","ENST00000657729.2","=",0.0265333333333333,0.0265333333333333,0.81089006434386,0.0220145284760521,FALSE,FALSE,,,,,,,FALSE,,TRUE,FALSE,FALSE,"Non-significant / other",,,
"TCONS_00070768","XLOC_012782","ENSG00000257337","ENST00000667771.2","=",0.1341,0.1341,0.927944699964021,0.0220145284760521,FALSE,FALSE,"XLOC_012782","ENSG00000257337",-0.000866666666666667,0.000866666666666667,1,0.0195341717956963,FALSE,FALSE,TRUE,TRUE,TRUE,"Non-significant / other",FALSE,-0.134966666666667,0.134966666666667
"TCONS_00070769","XLOC_012782","ENSG00000257337","ENST00000668380.1","=",-0.0326666666666667,0.0326666666666667,0.968407797132064,0.0220145284760521,FALSE,FALSE,,,,,,,FALSE,,TRUE,FALSE,FALSE,"Non-significant / other",,,
"TCONS_00070772","XLOC_012782","ENSG00000257337","ENST00000662887.1","=",-0.0588333333333333,0.0588333333333333,0.961975582955226,0.0220145284760521,FALSE,FALSE,,,,,,,FALSE,,TRUE,FALSE,FALSE,"Non-significant / other",,,
"TCONS_00070778","XLOC_012782","ENSG00000257337","ENST00000658354.1","=",0.0707,0.0707,0.912384448370373,0.0220145284760521,FALSE,FALSE,,,,,,,FALSE,,TRUE,FALSE,FALSE,"Non-significant / other",,,
"TCONS_00070779","XLOC_012782","ENSG00000257337","ENST00000607643.1","=",0.0349333333333333,0.0349333333333333,0.93948532715722,0.0220145284760521,FALSE,FALSE,"XLOC_012782","ENSG00000257337",0.0322333333333333,0.0322333333333333,1,0.0195341717956963,FALSE,FALSE,TRUE,TRUE,TRUE,"Non-significant / other",TRUE,-0.00269999999999999,0.00269999999999999
"TCONS_00070780","XLOC_012782","ENSG00000257337","ENST00000546767.5","=",-0.01,0.01,0.989228857090959,0.0220145284760521,FALSE,FALSE,"XLOC_012782","ENSG00000257337",0.0435333333333333,0.0435333333333333,0.965773173265661,0.0195341717956963,FALSE,FALSE,TRUE,TRUE,TRUE,"Non-significant / other",FALSE,0.0535333333333333,0.0535333333333333
"TCONS_00070781","XLOC_012782","ENSG00000257337","ENST00000546793.1","=",-0.0241666666666667,0.0241666666666667,0.943987643361932,0.0220145284760521,FALSE,FALSE,"XLOC_012782","ENSG00000257337",0.00783333333333333,0.00783333333333333,1,0.0195341717956963,FALSE,FALSE,TRUE,TRUE,TRUE,"Non-significant / other",FALSE,0.032,0.032
"TCONS_00070782","XLOC_012782","ENSG00000257337","ENST00000688419.1","=",0.0609666666666667,0.0609666666666667,0.65853922570642,0.0220145284760521,FALSE,FALSE,"XLOC_012782","ENSG00000257337",0.136966666666667,0.136966666666667,0.667879013748317,0.0195341717956963,FALSE,FALSE,TRUE,TRUE,TRUE,"Non-significant / other",TRUE,0.076,0.076
"TCONS_00070959","XLOC_012805","SMUG1","ENST00000682136.1","=",0.0302,0.0302,0.189385083976442,1.7279496951697e-12,FALSE,FALSE,,,,,,,FALSE,,TRUE,FALSE,FALSE,"Non-significant / other",,,
"TCONS_00070960","XLOC_012805","SMUG1","PB.3855.1","=",-0.0308,0.0308,0.559993835539724,1.7279496951697e-12,FALSE,TRUE,,,,,,,FALSE,,TRUE,FALSE,FALSE,"Non-significant / other",,,
"TCONS_00070961","XLOC_012805","SMUG1","ENST00000511854.1","=",0.0150666666666667,0.0150666666666667,0.793653795625581,1.7279496951697e-12,FALSE,FALSE,,,,,,,FALSE,,TRUE,FALSE,FALSE,"Non-significant / other",,,
"TCONS_00070964","XLOC_012805","SMUG1","ENST00000505128.5","=",0.0101666666666667,0.0101666666666667,0.879379007734375,1.7279496951697e-12,FALSE,FALSE,,,,,,,FALSE,,TRUE,FALSE,FALSE,"Non-significant / other",,,
"TCONS_00070965","XLOC_012805","SMUG1","ENST00000337581.7","=",-0.0118666666666667,0.0118666666666667,0.934827771213762,1.7279496951697e-12,FALSE,FALSE,,,,,,,FALSE,,TRUE,FALSE,FALSE,"Non-significant / other",,,
"TCONS_00070966","XLOC_012805","SMUG1","PB.4220.2","=",-0.120466666666667,0.120466666666667,0.0376171046007322,1.7279496951697e-12,FALSE,TRUE,,,,,,,FALSE,,TRUE,FALSE,FALSE,"Non-significant / other",,,
"TCONS_00070967","XLOC_012805","SMUG1","ENST00000505662.1","=",-0.0015,0.0015,0.991800374320754,1.7279496951697e-12,FALSE,FALSE,,,,,,,FALSE,,TRUE,FALSE,FALSE,"Non-significant / other",,,
"TCONS_00070969","XLOC_012805","SMUG1","ENST00000514196.5","=",0.0027,0.0027,0.826868797135952,1.7279496951697e-12,FALSE,FALSE,,,,,,,FALSE,,TRUE,FALSE,FALSE,"Non-significant / other",,,
"TCONS_00070970","XLOC_012805","SMUG1","ENST00000511522.5","=",-0.0299,0.0299,7.70027559543786e-07,1.7279496951697e-12,FALSE,FALSE,,,,,,,FALSE,,TRUE,FALSE,FALSE,"Non-significant / other",,,
"TCONS_00070972","XLOC_012805","SMUG1","ENST00000509078.1","=",0.00323333333333333,0.00323333333333333,0.989228857090959,1.7279496951697e-12,FALSE,FALSE,,,,,,,FALSE,,TRUE,FALSE,FALSE,"Non-significant / other",,,
"TCONS_00070973","XLOC_012805","SMUG1","ENST00000507904.5","=",-0.0492,0.0492,1.7279496951697e-12,1.7279496951697e-12,FALSE,FALSE,,,,,,,FALSE,,TRUE,FALSE,FALSE,"Non-significant / other",,,
"TCONS_00070978","XLOC_012805","SMUG1","ENST00000505597.1","=",0.0307,0.0307,0.504331773188741,1.7279496951697e-12,FALSE,FALSE,,,,,,,FALSE,,TRUE,FALSE,FALSE,"Non-significant / other",,,
"TCONS_00070979","XLOC_012805","SMUG1","ENST00000503231.1","=",-0.00396666666666667,0.00396666666666667,0.848610569679328,1.7279496951697e-12,FALSE,FALSE,,,,,,,FALSE,,TRUE,FALSE,FALSE,"Non-significant / other",,,
"TCONS_00075574","XLOC_012805","SMUG1","PB.3855.3","j",0.0214333333333333,0.0214333333333333,0.766788722123395,1.7279496951697e-12,FALSE,TRUE,,,,,,,FALSE,,TRUE,FALSE,FALSE,"Non-significant / other",,,
"TCONS_00075575","XLOC_012805","SMUG1","PB.3855.4","j",-0.00933333333333333,0.00933333333333333,0.933870607164757,1.7279496951697e-12,FALSE,TRUE,,,,,,,FALSE,,TRUE,FALSE,FALSE,"Non-significant / other",,,
"TCONS_00076516","XLOC_012805","SMUG1","PB.3041.2","c",0.160766666666667,0.160766666666667,0.229351712083275,1.7279496951697e-12,FALSE,TRUE,,,,,,,FALSE,,TRUE,FALSE,FALSE,"Non-significant / other",,,
"TCONS_00071153","XLOC_012843","PYM1","PB.3878.2","=",-0.1764,0.1764,0.00210353641205075,0.00210353641205075,TRUE,TRUE,,,,,,,FALSE,,TRUE,FALSE,FALSE,"T-significant / missing in U",,,
"TCONS_00071154","XLOC_012843","PYM1","PB.3878.1","=",0.150266666666667,0.150266666666667,0.118082056941194,0.00210353641205075,FALSE,TRUE,,,,,,,FALSE,,TRUE,FALSE,FALSE,"Non-significant / other",,,
"TCONS_00071155","XLOC_012843","PYM1","PB.4249.3","=",0.0115,0.0115,0.852001446193102,0.00210353641205075,FALSE,TRUE,,,,,,,FALSE,,TRUE,FALSE,FALSE,"Non-significant / other",,,
"TCONS_00071158","XLOC_012843","PYM1","PB.4558.6","=",-0.0219,0.0219,0.528473747473528,0.00210353641205075,FALSE,TRUE,,,,,,,FALSE,,TRUE,FALSE,FALSE,"Non-significant / other",,,
"TCONS_00075610","XLOC_012843","PYM1","PB.3878.3","j",-0.00856666666666667,0.00856666666666667,0.946312450845199,0.00210353641205075,FALSE,TRUE,,,,,,,FALSE,,TRUE,FALSE,FALSE,"Non-significant / other",,,
"TCONS_00078437","XLOC_012843","PYM1","PB.4558.7","c",0.0371,0.0371,0.331821537076396,0.00210353641205075,FALSE,TRUE,,,,,,,FALSE,,TRUE,FALSE,FALSE,"Non-significant / other",,,
"TCONS_00071449","XLOC_012880","NEMP1","ENST00000379391.7","=",-0.0139666666666667,0.0139666666666667,0.356754809157539,2.64634819076352e-11,FALSE,FALSE,,,,,,,FALSE,,TRUE,FALSE,FALSE,"Non-significant / other",,,
"TCONS_00071450","XLOC_012880","NEMP1","ENST00000300128.9","=",-0.0190666666666667,0.0190666666666667,0.849372067657114,2.64634819076352e-11,FALSE,FALSE,,,,,,,FALSE,,TRUE,FALSE,FALSE,"Non-significant / other",,,
"TCONS_00075677","XLOC_012880","NEMP1","PB.3917.2","c",0.235066666666667,0.235066666666667,6.14864204821439e-06,2.64634819076352e-11,TRUE,TRUE,,,,,,,FALSE,,TRUE,FALSE,FALSE,"T-significant / missing in U",,,
"TCONS_00075678","XLOC_012880","NEMP1","PB.3917.5","o",0.0574,0.0574,0.391723877650685,2.64634819076352e-11,FALSE,TRUE,,,,,,,FALSE,,TRUE,FALSE,FALSE,"Non-significant / other",,,
"TCONS_00075680","XLOC_012880","NEMP1","PB.3917.14","j",-0.00296666666666667,0.00296666666666667,0.848990307832098,2.64634819076352e-11,FALSE,TRUE,,,,,,,FALSE,,TRUE,FALSE,FALSE,"Non-significant / other",,,
"TCONS_00076568","XLOC_012880","NEMP1","PB.3094.7","c",-0.148533333333333,0.148533333333333,0.000127973467848593,2.64634819076352e-11,FALSE,TRUE,,,,,,,FALSE,,TRUE,FALSE,FALSE,"Non-significant / other",,,
"TCONS_00076569","XLOC_012880","NEMP1","PB.3094.6","j",0.0222333333333333,0.0222333333333333,0.214483589780139,2.64634819076352e-11,FALSE,TRUE,,,,,,,FALSE,,TRUE,FALSE,FALSE,"Non-significant / other",,,
"TCONS_00076570","XLOC_012880","NEMP1","PB.3094.5","j",-0.1308,0.1308,2.64634819076352e-11,2.64634819076352e-11,FALSE,TRUE,,,,,,,FALSE,,TRUE,FALSE,FALSE,"Non-significant / other",,,
"TCONS_00076571","XLOC_012880","NEMP1","PB.3094.9","j",0.0122333333333333,0.0122333333333333,0.566712268537569,2.64634819076352e-11,FALSE,TRUE,,,,,,,FALSE,,TRUE,FALSE,FALSE,"Non-significant / other",,,
"TCONS_00071481","XLOC_012884","NDUFA4L2","ENST00000554503.6","=",0.383833333333333,0.383833333333333,0.0376171046007322,0.0376171046007322,TRUE,FALSE,,,,,,,FALSE,,TRUE,FALSE,FALSE,"T-significant / missing in U",,,
"TCONS_00071482","XLOC_012884","NDUFA4L2","ENST00000393825.5","=",-0.301333333333333,0.301333333333333,0.307429375805409,0.0376171046007322,FALSE,FALSE,,,,,,,FALSE,,TRUE,FALSE,FALSE,"Non-significant / other",,,
"TCONS_00071483","XLOC_012884","NDUFA4L2","ENST00000555173.1","=",-0.0302,0.0302,0.99473055203523,0.0376171046007322,FALSE,FALSE,,,,,,,FALSE,,TRUE,FALSE,FALSE,"Non-significant / other",,,
"TCONS_00071484","XLOC_012884","NDUFA4L2","ENST00000556732.1","=",-0.0076,0.0076,0.924420810539947,0.0376171046007322,FALSE,FALSE,,,,,,,FALSE,,TRUE,FALSE,FALSE,"Non-significant / other",,,
"TCONS_00071485","XLOC_012884","NDUFA4L2","ENST00000554688.1","=",0.00143333333333333,0.00143333333333333,0.99714218601791,0.0376171046007322,FALSE,FALSE,,,,,,,FALSE,,TRUE,FALSE,FALSE,"Non-significant / other",,,
"TCONS_00071487","XLOC_012884","NDUFA4L2","ENST00000557276.1","=",-0.0461666666666667,0.0461666666666667,0.837857463200457,0.0376171046007322,FALSE,FALSE,,,,,,,FALSE,,TRUE,FALSE,FALSE,"Non-significant / other",,,
"TCONS_00072112","XLOC_013055","PHLDA1","ENST00000266671.10","=",0.106166666666667,0.106166666666667,0.00721058541688129,0.00721058541688129,FALSE,FALSE,,,,,,,FALSE,,TRUE,FALSE,FALSE,"Non-significant / other",,,
"TCONS_00075728","XLOC_013055","PHLDA1","PB.4035.4","o",-0.106166666666667,0.106166666666667,0.0164170147356635,0.00721058541688129,FALSE,TRUE,,,,,,,FALSE,,TRUE,FALSE,FALSE,"Non-significant / other",,,
"TCONS_00072397","XLOC_013120","KITLG","ENST00000378535.4","=",-0.252133333333333,0.252133333333333,0.121433485485284,0.000207521903033161,FALSE,FALSE,,,,,,,FALSE,,TRUE,FALSE,FALSE,"Non-significant / other",,,
"TCONS_00072398","XLOC_013120","KITLG","ENST00000644744.1","=",0.2996,0.2996,0.000207521903033161,0.000207521903033161,TRUE,FALSE,,,,,,,FALSE,,TRUE,FALSE,FALSE,"T-significant / missing in U",,,
"TCONS_00072399","XLOC_013120","KITLG","ENST00000347404.10","=",-0.0507333333333333,0.0507333333333333,0.66749703290942,0.000207521903033161,FALSE,FALSE,,,,,,,FALSE,,TRUE,FALSE,FALSE,"Non-significant / other",,,
"TCONS_00073542","XLOC_013382","SPRING1","ENST00000261318.5","=",-0.0464333333333334,0.0464333333333334,0.772060926839987,4.1933642327143e-05,FALSE,FALSE,,,,,,,FALSE,,TRUE,FALSE,FALSE,"Non-significant / other",,,
"TCONS_00073543","XLOC_013382","SPRING1","ENST00000547630.1","=",-0.0112333333333333,0.0112333333333333,0.943784163117779,4.1933642327143e-05,FALSE,FALSE,,,,,,,FALSE,,TRUE,FALSE,FALSE,"Non-significant / other",,,
"TCONS_00073545","XLOC_013382","SPRING1","ENST00000547606.1","=",-0.0341666666666667,0.0341666666666667,0.804860020879958,4.1933642327143e-05,FALSE,FALSE,,,,,,,FALSE,,TRUE,FALSE,FALSE,"Non-significant / other",,,
"TCONS_00077785","XLOC_013382","SPRING1","PB.4684.4","c",-0.187766666666667,0.187766666666667,4.1933642327143e-05,4.1933642327143e-05,TRUE,TRUE,,,,,,,FALSE,,TRUE,FALSE,FALSE,"T-significant / missing in U",,,
"TCONS_00078614","XLOC_013382","SPRING1","PB.5028.2","c",0.284466666666667,0.284466666666667,0.519412292003908,4.1933642327143e-05,FALSE,TRUE,,,,,,,FALSE,,TRUE,FALSE,FALSE,"Non-significant / other",,,
"TCONS_00081966","XLOC_014600","RUBCNL","ENST00000429979.6","=",0.0019,0.0019,0.960317195296394,1.71179622571665e-05,FALSE,FALSE,,,,,,,FALSE,,TRUE,FALSE,FALSE,"Non-significant / other",,,
"TCONS_00081977","XLOC_014600","RUBCNL","ENST00000487195.5","=",0.00706666666666667,0.00706666666666667,0.908100736577068,1.71179622571665e-05,FALSE,FALSE,,,,,,,FALSE,,TRUE,FALSE,FALSE,"Non-significant / other",,,
"TCONS_00081985","XLOC_014600","RUBCNL","ENST00000675351.1","=",-0.00593333333333333,0.00593333333333333,0.898767620371566,1.71179622571665e-05,FALSE,FALSE,,,,,,,FALSE,,TRUE,FALSE,FALSE,"Non-significant / other",,,
"TCONS_00081988","XLOC_014600","RUBCNL","ENST00000424051.1","=",0.0149,0.0149,0.962788813193792,1.71179622571665e-05,FALSE,FALSE,,,,,,,FALSE,,TRUE,FALSE,FALSE,"Non-significant / other",,,
"TCONS_00083496","XLOC_014600","RUBCNL","PB.3622.2","c",-0.0915333333333333,0.0915333333333333,0.444123721133713,1.71179622571665e-05,FALSE,TRUE,,,,,,,FALSE,,TRUE,FALSE,FALSE,"Non-significant / other",,,
"TCONS_00083497","XLOC_014600","RUBCNL","PB.4593.6","j",0.0165,0.0165,0.533088827635172,1.71179622571665e-05,FALSE,TRUE,,,,,,,FALSE,,TRUE,FALSE,FALSE,"Non-significant / other",,,
"TCONS_00083498","XLOC_014600","RUBCNL","PB.4593.8","x",0.0169333333333333,0.0169333333333333,0.513622413047496,1.71179622571665e-05,FALSE,TRUE,,,,,,,FALSE,,TRUE,FALSE,FALSE,"Non-significant / other",,,
"TCONS_00083802","XLOC_014600","RUBCNL","PB.3622.4","j",0.00603333333333333,0.00603333333333333,0.924289094508948,1.71179622571665e-05,FALSE,TRUE,,,,,,,FALSE,,TRUE,FALSE,FALSE,"Non-significant / other",,,
"TCONS_00083803","XLOC_014600","RUBCNL","PB.3622.5","j",0.00173333333333334,0.00173333333333334,0.99000014532024,1.71179622571665e-05,FALSE,TRUE,,,,,,,FALSE,,TRUE,FALSE,FALSE,"Non-significant / other",,,
"TCONS_00084216","XLOC_014600","RUBCNL","PB.4974.1","c",0.0021,0.0021,0.997789717239361,1.71179622571665e-05,FALSE,TRUE,,,,,,,FALSE,,TRUE,FALSE,FALSE,"Non-significant / other",,,
"TCONS_00084217","XLOC_014600","RUBCNL","PB.4974.3","j",0.0244,0.0244,0.741824768196617,1.71179622571665e-05,FALSE,TRUE,,,,,,,FALSE,,TRUE,FALSE,FALSE,"Non-significant / other",,,
"TCONS_00084218","XLOC_014600","RUBCNL","PB.4974.12","j",-0.1447,0.1447,0.000158897769029887,1.71179622571665e-05,FALSE,TRUE,,,,,,,FALSE,,TRUE,FALSE,FALSE,"Non-significant / other",,,
"TCONS_00084219","XLOC_014600","RUBCNL","PB.4974.8","c",0.113466666666667,0.113466666666667,1.71179622571665e-05,1.71179622571665e-05,FALSE,TRUE,,,,,,,FALSE,,TRUE,FALSE,FALSE,"Non-significant / other",,,
"TCONS_00084220","XLOC_014600","RUBCNL","PB.4974.7","c",-0.0305,0.0305,0.948124554896511,1.71179622571665e-05,FALSE,TRUE,,,,,,,FALSE,,TRUE,FALSE,FALSE,"Non-significant / other",,,
"TCONS_00084221","XLOC_014600","RUBCNL","PB.4974.14","j",0.00933333333333333,0.00933333333333333,0.869566531778925,1.71179622571665e-05,FALSE,TRUE,,,,,,,FALSE,,TRUE,FALSE,FALSE,"Non-significant / other",,,
"TCONS_00084222","XLOC_014600","RUBCNL","PB.4974.16","j",0.00743333333333333,0.00743333333333333,0.990208514995564,1.71179622571665e-05,FALSE,TRUE,,,,,,,FALSE,,TRUE,FALSE,FALSE,"Non-significant / other",,,
"TCONS_00084224","XLOC_014600","RUBCNL","PB.4974.13","j",0.0134333333333333,0.0134333333333333,0.893730048307073,1.71179622571665e-05,FALSE,TRUE,,,,,,,FALSE,,TRUE,FALSE,FALSE,"Non-significant / other",,,
"TCONS_00084225","XLOC_014600","RUBCNL","PB.4974.17","j",0.00106666666666666,0.00106666666666666,0.97718011580518,1.71179622571665e-05,FALSE,TRUE,,,,,,,FALSE,,TRUE,FALSE,FALSE,"Non-significant / other",,,
"TCONS_00084673","XLOC_014600","RUBCNL","PB.5357.2","k",0.00576666666666667,0.00576666666666667,1,1.71179622571665e-05,FALSE,TRUE,,,,,,,FALSE,,TRUE,FALSE,FALSE,"Non-significant / other",,,
"TCONS_00085035","XLOC_015098","TOX4","ENST00000613005.4","=",0.00396666666666667,0.00396666666666667,0.801041667289167,0.000127258365957919,FALSE,FALSE,,,,,,,FALSE,,TRUE,FALSE,FALSE,"Non-significant / other",,,
"TCONS_00085036","XLOC_015098","TOX4","ENST00000448790.7","=",-0.116833333333333,0.116833333333333,0.000127258365957919,0.000127258365957919,FALSE,FALSE,,,,,,,FALSE,,TRUE,FALSE,FALSE,"Non-significant / other",,,
"TCONS_00085037","XLOC_015098","TOX4","ENST00000455393.5","=",-0.00293333333333333,0.00293333333333333,0.981027649969986,0.000127258365957919,FALSE,FALSE,,,,,,,FALSE,,TRUE,FALSE,FALSE,"Non-significant / other",,,
"TCONS_00085045","XLOC_015098","TOX4","ENST00000473176.1","=",-0.0035,0.0035,0.78255127784192,0.000127258365957919,FALSE,FALSE,,,,,,,FALSE,,TRUE,FALSE,FALSE,"Non-significant / other",,,
"TCONS_00093578","XLOC_015098","TOX4","PB.4791.7","c",0.138966666666667,0.138966666666667,0.00925911981511998,0.000127258365957919,FALSE,TRUE,,,,,,,FALSE,,TRUE,FALSE,FALSE,"Non-significant / other",,,
"TCONS_00093579","XLOC_015098","TOX4","PB.5651.5","c",0.0169,0.0169,0.92582993379509,0.000127258365957919,FALSE,TRUE,,,,,,,FALSE,,TRUE,FALSE,FALSE,"Non-significant / other",,,
"TCONS_00093580","XLOC_015098","TOX4","PB.4791.11","c",-0.00853333333333334,0.00853333333333334,0.967544517440302,0.000127258365957919,FALSE,TRUE,,,,,,,FALSE,,TRUE,FALSE,FALSE,"Non-significant / other",,,
"TCONS_00094401","XLOC_015098","TOX4","PB.3783.9","j",0.0165333333333333,0.0165333333333333,0.40584795690166,0.000127258365957919,FALSE,TRUE,,,,,,,FALSE,,TRUE,FALSE,FALSE,"Non-significant / other",,,
"TCONS_00094402","XLOC_015098","TOX4","PB.3783.10","c",-0.0242333333333333,0.0242333333333333,0.944728286711193,0.000127258365957919,FALSE,TRUE,,,,,,,FALSE,,TRUE,FALSE,FALSE,"Non-significant / other",,,
"TCONS_00086511","XLOC_015489","CDKN3","ENST00000555837.5","=",-0.0218666666666667,0.0218666666666667,0.773455707515258,1.70473529126736e-05,FALSE,FALSE,,,,,,,FALSE,,TRUE,FALSE,FALSE,"Non-significant / other",,,
"TCONS_00086512","XLOC_015489","CDKN3","ENST00000543789.6","=",-0.0013,0.0013,0.975890696013679,1.70473529126736e-05,FALSE,FALSE,,,,,,,FALSE,,TRUE,FALSE,FALSE,"Non-significant / other",,,
"TCONS_00086514","XLOC_015489","CDKN3","ENST00000458126.6","=",-0.00506666666666666,0.00506666666666666,0.929316774091415,1.70473529126736e-05,FALSE,FALSE,,,,,,,FALSE,,TRUE,FALSE,FALSE,"Non-significant / other",,,
"TCONS_00086515","XLOC_015489","CDKN3","ENST00000556102.6","=",-0.0142,0.0142,0.800137267613499,1.70473529126736e-05,FALSE,FALSE,,,,,,,FALSE,,TRUE,FALSE,FALSE,"Non-significant / other",,,
"TCONS_00086519","XLOC_015489","CDKN3","ENST00000556305.1","=",0.0659,0.0659,1.70473529126736e-05,1.70473529126736e-05,FALSE,FALSE,,,,,,,FALSE,,TRUE,FALSE,FALSE,"Non-significant / other",,,
"TCONS_00086520","XLOC_015489","CDKN3","ENST00000395577.2","=",-0.192066666666667,0.192066666666667,0.0358027938425051,1.70473529126736e-05,TRUE,FALSE,,,,,,,FALSE,,TRUE,FALSE,FALSE,"T-significant / missing in U",,,
"TCONS_00093679","XLOC_015489","CDKN3","PB.4973.5","j",0.0329666666666667,0.0329666666666667,0.705077577980117,1.70473529126736e-05,FALSE,TRUE,,,,,,,FALSE,,TRUE,FALSE,FALSE,"Non-significant / other",,,
"TCONS_00095039","XLOC_015489","CDKN3","PB.5450.4","j",-0.0155,0.0155,0.973966033405738,1.70473529126736e-05,FALSE,TRUE,,,,,,,FALSE,,TRUE,FALSE,FALSE,"Non-significant / other",,,
"TCONS_00095040","XLOC_015489","CDKN3","PB.5847.8","c",0.1535,0.1535,0.526074782029921,1.70473529126736e-05,FALSE,TRUE,,,,,,,FALSE,,TRUE,FALSE,FALSE,"Non-significant / other",,,
"TCONS_00086549","XLOC_015494","SOCS4","ENST00000395472.2","=",0.1795,0.1795,0.0309592436720075,0.0309592436720075,TRUE,FALSE,,,,,,,FALSE,,TRUE,FALSE,FALSE,"T-significant / missing in U",,,
"TCONS_00086550","XLOC_015494","SOCS4","ENST00000555846.2","=",-0.000500000000000056,0.000500000000000056,1,0.0309592436720075,FALSE,FALSE,,,,,,,FALSE,,TRUE,FALSE,FALSE,"Non-significant / other",,,
"TCONS_00086551","XLOC_015494","SOCS4","ENST00000553735.1","=",0.00343333333333333,0.00343333333333333,0.86826094923666,0.0309592436720075,FALSE,FALSE,,,,,,,FALSE,,TRUE,FALSE,FALSE,"Non-significant / other",,,
"TCONS_00086552","XLOC_015494","SOCS4","ENST00000339298.2","=",-0.138133333333333,0.138133333333333,0.267114646747474,0.0309592436720075,FALSE,FALSE,,,,,,,FALSE,,TRUE,FALSE,FALSE,"Non-significant / other",,,
"TCONS_00095043","XLOC_015494","SOCS4","PB.5461.3","j",-0.0379666666666666,0.0379666666666666,0.798191615210555,0.0309592436720075,FALSE,TRUE,,,,,,,FALSE,,TRUE,FALSE,FALSE,"Non-significant / other",,,
"TCONS_00087642","XLOC_015706","JDP2","ENST00000419727.6","=",-0.0683333333333333,0.0683333333333333,0.508591507200978,9.81373998389333e-30,FALSE,FALSE,,,,,,,FALSE,,TRUE,FALSE,FALSE,"Non-significant / other",,,
"TCONS_00087644","XLOC_015706","JDP2","ENST00000651602.1","=",-0.0107,0.0107,0.153647543772429,9.81373998389333e-30,FALSE,FALSE,,,,,,,FALSE,,TRUE,FALSE,FALSE,"Non-significant / other",,,
"TCONS_00087645","XLOC_015706","JDP2","ENST00000558068.1","=",0.00563333333333333,0.00563333333333333,0.982575039065785,9.81373998389333e-30,FALSE,FALSE,,,,,,,FALSE,,TRUE,FALSE,FALSE,"Non-significant / other",,,
"TCONS_00087647","XLOC_015706","JDP2","ENST00000267569.5","=",-0.175933333333333,0.175933333333333,0.0103767229149862,9.81373998389333e-30,TRUE,FALSE,,,,,,,FALSE,,TRUE,FALSE,FALSE,"T-significant / missing in U",,,
"TCONS_00094523","XLOC_015706","JDP2","PB.4081.1","j",0.0128333333333333,0.0128333333333333,0.0786181370582263,9.81373998389333e-30,FALSE,TRUE,,,,,,,FALSE,,TRUE,FALSE,FALSE,"Non-significant / other",,,
"TCONS_00094524","XLOC_015706","JDP2","PB.6034.1","c",0.2357,0.2357,9.81373998389333e-30,9.81373998389333e-30,TRUE,TRUE,,,,,,,FALSE,,TRUE,FALSE,FALSE,"T-significant / missing in U",,,
"TCONS_00088248","XLOC_015829","RIN3","ENST00000216487.12","=",0.261433333333333,0.261433333333333,0.00347338181200366,0.00108793886458013,TRUE,FALSE,,,,,,,FALSE,,TRUE,FALSE,FALSE,"T-significant / missing in U",,,
"TCONS_00088249","XLOC_015829","RIN3","ENST00000555589.5","=",0.00233333333333333,0.00233333333333333,0.941195368720082,0.00108793886458013,FALSE,FALSE,,,,,,,FALSE,,TRUE,FALSE,FALSE,"Non-significant / other",,,
"TCONS_00088250","XLOC_015829","RIN3","ENST00000620541.4","=",-0.128666666666667,0.128666666666667,0.431691315263387,0.00108793886458013,FALSE,FALSE,,,,,,,FALSE,,TRUE,FALSE,FALSE,"Non-significant / other",,,
"TCONS_00088251","XLOC_015829","RIN3","ENST00000557762.1","=",0.0245666666666667,0.0245666666666667,0.0255389099050139,0.00108793886458013,FALSE,FALSE,,,,,,,FALSE,,TRUE,FALSE,FALSE,"Non-significant / other",,,
"TCONS_00088253","XLOC_015829","RIN3","ENST00000418924.6","=",-0.2115,0.2115,0.00108793886458013,0.00108793886458013,TRUE,FALSE,,,,,,,FALSE,,TRUE,FALSE,FALSE,"T-significant / missing in U",,,
"TCONS_00088255","XLOC_015829","RIN3","ENST00000555891.1","=",0.0253666666666667,0.0253666666666667,0.0112500400855658,0.00108793886458013,FALSE,FALSE,,,,,,,FALSE,,TRUE,FALSE,FALSE,"Non-significant / other",,,
"TCONS_00088256","XLOC_015829","RIN3","ENST00000554888.1","=",0.0123,0.0123,0.738978504587519,0.00108793886458013,FALSE,FALSE,,,,,,,FALSE,,TRUE,FALSE,FALSE,"Non-significant / other",,,
"TCONS_00088258","XLOC_015829","RIN3","ENST00000556418.1","=",0.00913333333333334,0.00913333333333334,0.833122815621873,0.00108793886458013,FALSE,FALSE,,,,,,,FALSE,,TRUE,FALSE,FALSE,"Non-significant / other",,,
"TCONS_00088259","XLOC_015829","RIN3","ENST00000553959.1","=",0.00426666666666667,0.00426666666666667,0.902550685932205,0.00108793886458013,FALSE,FALSE,,,,,,,FALSE,,TRUE,FALSE,FALSE,"Non-significant / other",,,
"TCONS_00090167","XLOC_016207","CEBPE","ENST00000696121.1","=",-0.019,0.019,0.800328596685133,3.8268533871402e-08,FALSE,FALSE,,,,,,,FALSE,,TRUE,FALSE,FALSE,"Non-significant / other",,,
"TCONS_00090168","XLOC_016207","CEBPE","ENST00000206513.6","=",0.307833333333333,0.307833333333333,3.8268533871402e-08,3.8268533871402e-08,TRUE,FALSE,,,,,,,FALSE,,TRUE,FALSE,FALSE,"T-significant / missing in U",,,
"TCONS_00090169","XLOC_016207","CEBPE","ENST00000696122.1","=",-0.2888,0.2888,1.68415323611959e-05,3.8268533871402e-08,TRUE,FALSE,,,,,,,FALSE,,TRUE,FALSE,FALSE,"T-significant / missing in U",,,
"TCONS_00090765","XLOC_016311","PPP2R3C","ENST00000555614.5","=",-0.000199999999999999,0.000199999999999999,0.992224882376922,0.0400227860655008,FALSE,FALSE,,,,,,,FALSE,,TRUE,FALSE,FALSE,"Non-significant / other",,,
"TCONS_00094141","XLOC_016311","PPP2R3C","PB.4890.7","n",0.0102,0.0102,0.631699291238602,0.0400227860655008,FALSE,TRUE,,,,,,,FALSE,,TRUE,FALSE,FALSE,"Non-significant / other",,,
"TCONS_00094145","XLOC_016311","PPP2R3C","PB.4890.11","j",-0.0167666666666667,0.0167666666666667,0.573874582244056,0.0400227860655008,FALSE,TRUE,,,,,,,FALSE,,TRUE,FALSE,FALSE,"Non-significant / other",,,
"TCONS_00094702","XLOC_016311","PPP2R3C","PB.5751.10","c",0.0124333333333334,0.0124333333333334,0.993041813401932,0.0400227860655008,FALSE,TRUE,,,,,,,FALSE,,TRUE,FALSE,FALSE,"Non-significant / other",,,
"TCONS_00094703","XLOC_016311","PPP2R3C","PB.3861.5","c",0.0123,0.0123,0.99953587709918,0.0400227860655008,FALSE,TRUE,,,,,,,FALSE,,TRUE,FALSE,FALSE,"Non-significant / other",,,
"TCONS_00095473","XLOC_016311","PPP2R3C","PB.5360.5","j",-0.0069,0.0069,0.915835142653302,0.0400227860655008,FALSE,TRUE,,,,,,,FALSE,,TRUE,FALSE,FALSE,"Non-significant / other",,,
"TCONS_00095475","XLOC_016311","PPP2R3C","PB.5360.9","j",0.0207333333333333,0.0207333333333333,0.688151722136952,0.0400227860655008,FALSE,TRUE,,,,,,,FALSE,,TRUE,FALSE,FALSE,"Non-significant / other",,,
"TCONS_00095477","XLOC_016311","PPP2R3C","PB.5360.13","c",0.0072,0.0072,0.879631599572351,0.0400227860655008,FALSE,TRUE,,,,,,,FALSE,,TRUE,FALSE,FALSE,"Non-significant / other",,,
"TCONS_00095479","XLOC_016311","PPP2R3C","PB.5360.18","c",-0.0199333333333333,0.0199333333333333,0.91930545211099,0.0400227860655008,FALSE,TRUE,,,,,,,FALSE,,TRUE,FALSE,FALSE,"Non-significant / other",,,
"TCONS_00095484","XLOC_016311","PPP2R3C","PB.5751.14","c",-0.147266666666667,0.147266666666667,0.0400227860655008,0.0400227860655008,FALSE,TRUE,,,,,,,FALSE,,TRUE,FALSE,FALSE,"Non-significant / other",,,
"TCONS_00095485","XLOC_016311","PPP2R3C","PB.5360.25","j",-0.00163333333333333,0.00163333333333333,0.99953587709918,0.0400227860655008,FALSE,TRUE,,,,,,,FALSE,,TRUE,FALSE,FALSE,"Non-significant / other",,,
"TCONS_00095486","XLOC_016311","PPP2R3C","PB.5751.7","c",-0.0224333333333333,0.0224333333333333,0.596673444931733,0.0400227860655008,FALSE,TRUE,,,,,,,FALSE,,TRUE,FALSE,FALSE,"Non-significant / other",,,
"TCONS_00095493","XLOC_016311","PPP2R3C","PB.5360.38","j",-0.0155,0.0155,0.75053688986563,0.0400227860655008,FALSE,TRUE,,,,,,,FALSE,,TRUE,FALSE,FALSE,"Non-significant / other",,,
"TCONS_00096123","XLOC_016311","PPP2R3C","PB.5751.11","c",0.1213,0.1213,0.670382293999304,0.0400227860655008,FALSE,TRUE,,,,,,,FALSE,,TRUE,FALSE,FALSE,"Non-significant / other",,,
"TCONS_00096125","XLOC_016311","PPP2R3C","PB.5751.20","c",0.0277333333333333,0.0277333333333333,0.968704878908587,0.0400227860655008,FALSE,TRUE,,,,,,,FALSE,,TRUE,FALSE,FALSE,"Non-significant / other",,,
"TCONS_00096131","XLOC_016311","PPP2R3C","PB.5751.33","c",0.0014,0.0014,0.90110095720633,0.0400227860655008,FALSE,TRUE,,,,,,,FALSE,,TRUE,FALSE,FALSE,"Non-significant / other",,,
"TCONS_00091252","XLOC_016460","BMP4","PB.5446.12","=",0.0613666666666667,0.0613666666666667,0.865655557536955,0.0181046440268268,FALSE,TRUE,,,,,,,FALSE,,TRUE,FALSE,FALSE,"Non-significant / other",,,
"TCONS_00091253","XLOC_016460","BMP4","PB.5845.6","=",0.161466666666667,0.161466666666667,0.760893371802635,0.0181046440268268,FALSE,TRUE,,,,,,,FALSE,,TRUE,FALSE,FALSE,"Non-significant / other",,,
"TCONS_00091254","XLOC_016460","BMP4","ENST00000417573.5","=",-0.1605,0.1605,0.0181046440268268,0.0181046440268268,TRUE,FALSE,,,,,,,FALSE,,TRUE,FALSE,FALSE,"T-significant / missing in U",,,
"TCONS_00091260","XLOC_016460","BMP4","ENST00000558489.1","=",-0.0528,0.0528,0.786461083259514,0.0181046440268268,FALSE,FALSE,,,,,,,FALSE,,TRUE,FALSE,FALSE,"Non-significant / other",,,
"TCONS_00095544","XLOC_016460","BMP4","PB.5446.3","j",-0.0469,0.0469,0.936901116052932,0.0181046440268268,FALSE,TRUE,,,,,,,FALSE,,TRUE,FALSE,FALSE,"Non-significant / other",,,
"TCONS_00095545","XLOC_016460","BMP4","PB.5845.11","j",0.0670666666666667,0.0670666666666667,0.997967953206844,0.0181046440268268,FALSE,TRUE,,,,,,,FALSE,,TRUE,FALSE,FALSE,"Non-significant / other",,,
"TCONS_00095549","XLOC_016460","BMP4","PB.5446.13","j",0.0244333333333333,0.0244333333333333,0.879844983388642,0.0181046440268268,FALSE,TRUE,,,,,,,FALSE,,TRUE,FALSE,FALSE,"Non-significant / other",,,
"TCONS_00096170","XLOC_016460","BMP4","PB.5845.8","j",-0.0390333333333333,0.0390333333333333,0.801314398712806,0.0181046440268268,FALSE,TRUE,,,,,,,FALSE,,TRUE,FALSE,FALSE,"Non-significant / other",,,
"TCONS_00091642","XLOC_016570","FUT8-AS1","ENST00000621019.2","=",0.151833333333333,0.151833333333333,0.320671978208397,0.00226910557949053,FALSE,FALSE,,,,,,,FALSE,,TRUE,FALSE,FALSE,"Non-significant / other",,,
"TCONS_00095595","XLOC_016570","FUT8-AS1","PB.5535.1","o",0.109733333333333,0.109733333333333,0.379374472093376,0.00226910557949053,FALSE,TRUE,,,,,,,FALSE,,TRUE,FALSE,FALSE,"Non-significant / other",,,
"TCONS_00095596","XLOC_016570","FUT8-AS1","PB.5535.2","c",-0.261633333333333,0.261633333333333,0.00226910557949053,0.00226910557949053,TRUE,TRUE,,,,,,,FALSE,,TRUE,FALSE,FALSE,"T-significant / missing in U",,,
"TCONS_00091686","XLOC_016586","PIGH","PB.4013.1","=",-0.0187666666666667,0.0187666666666667,0.988516765947525,0.00395256000906607,FALSE,TRUE,,,,,,,FALSE,,TRUE,FALSE,FALSE,"Non-significant / other",,,
"TCONS_00091687","XLOC_016586","PIGH","ENST00000558987.5","=",0.00993333333333333,0.00993333333333333,0.934082812968386,0.00395256000906607,FALSE,FALSE,,,,,,,FALSE,,TRUE,FALSE,FALSE,"Non-significant / other",,,
"TCONS_00091688","XLOC_016586","PIGH","PB.5948.3","=",-0.129933333333333,0.129933333333333,0.551963072444231,0.00395256000906607,FALSE,TRUE,,,,,,,FALSE,,TRUE,FALSE,FALSE,"Non-significant / other",,,
"TCONS_00091689","XLOC_016586","PIGH","ENST00000560722.5","=",-0.0160666666666667,0.0160666666666667,0.89376118248197,0.00395256000906607,FALSE,FALSE,,,,,,,FALSE,,TRUE,FALSE,FALSE,"Non-significant / other",,,
"TCONS_00091692","XLOC_016586","PIGH","ENST00000561303.5","=",0.0126666666666667,0.0126666666666667,0.990648861933155,0.00395256000906607,FALSE,FALSE,,,,,,,FALSE,,TRUE,FALSE,FALSE,"Non-significant / other",,,
"TCONS_00091693","XLOC_016586","PIGH","ENST00000558001.1","=",-0.0344,0.0344,0.82722167896728,0.00395256000906607,FALSE,FALSE,,,,,,,FALSE,,TRUE,FALSE,FALSE,"Non-significant / other",,,
"TCONS_00091696","XLOC_016586","PIGH","ENST00000559097.1","=",0.0291,0.0291,0.761978199319848,0.00395256000906607,FALSE,FALSE,,,,,,,FALSE,,TRUE,FALSE,FALSE,"Non-significant / other",,,
"TCONS_00095600","XLOC_016586","PIGH","PB.5548.3","c",0.127566666666667,0.127566666666667,0.00395256000906607,0.00395256000906607,FALSE,TRUE,,,,,,,FALSE,,TRUE,FALSE,FALSE,"Non-significant / other",,,
"TCONS_00091915","XLOC_016653","ZFYVE1","ENST00000553891.5","=",0.00536666666666666,0.00536666666666666,0.96770994459835,2.59408465201258e-07,FALSE,FALSE,,,,,,,FALSE,,TRUE,FALSE,FALSE,"Non-significant / other",,,
"TCONS_00091916","XLOC_016653","ZFYVE1","PB.5106.1","=",0.0605333333333333,0.0605333333333333,0.944294974131356,2.59408465201258e-07,FALSE,TRUE,,,,,,,FALSE,,TRUE,FALSE,FALSE,"Non-significant / other",,,
"TCONS_00091917","XLOC_016653","ZFYVE1","ENST00000318876.9","=",0.00926666666666667,0.00926666666666667,0.875482613953234,2.59408465201258e-07,FALSE,FALSE,,,,,,,FALSE,,TRUE,FALSE,FALSE,"Non-significant / other",,,
"TCONS_00091918","XLOC_016653","ZFYVE1","ENST00000394207.6","=",0.105833333333333,0.105833333333333,2.59408465201258e-07,2.59408465201258e-07,FALSE,FALSE,,,,,,,FALSE,,TRUE,FALSE,FALSE,"Non-significant / other",,,
"TCONS_00091923","XLOC_016653","ZFYVE1","ENST00000554250.1","=",0.0138666666666667,0.0138666666666667,0.664443979574248,2.59408465201258e-07,FALSE,FALSE,,,,,,,FALSE,,TRUE,FALSE,FALSE,"Non-significant / other",,,
"TCONS_00095615","XLOC_016653","ZFYVE1","PB.5591.1","c",-0.0602666666666667,0.0602666666666667,0.769405234809746,2.59408465201258e-07,FALSE,TRUE,,,,,,,FALSE,,TRUE,FALSE,FALSE,"Non-significant / other",,,
"TCONS_00095616","XLOC_016653","ZFYVE1","PB.5591.2","c",-0.117733333333333,0.117733333333333,0.265107098291816,2.59408465201258e-07,FALSE,TRUE,,,,,,,FALSE,,TRUE,FALSE,FALSE,"Non-significant / other",,,
"TCONS_00093104","XLOC_016918","MOK","ENST00000559138.5","=",0.039,0.039,0.805876209066354,0.00527892483732302,FALSE,FALSE,,,,,,,FALSE,,TRUE,FALSE,FALSE,"Non-significant / other",,,
"TCONS_00093105","XLOC_016918","MOK","ENST00000559838.5","=",-0.0610666666666667,0.0610666666666667,0.671724806715266,0.00527892483732302,FALSE,FALSE,,,,,,,FALSE,,TRUE,FALSE,FALSE,"Non-significant / other",,,
"TCONS_00093106","XLOC_016918","MOK","ENST00000557823.5","=",0.0320333333333333,0.0320333333333333,0.741333838487823,0.00527892483732302,FALSE,FALSE,,,,,,,FALSE,,TRUE,FALSE,FALSE,"Non-significant / other",,,
"TCONS_00093108","XLOC_016918","MOK","ENST00000521249.1","=",0.0133333333333333,0.0133333333333333,0.933639688368008,0.00527892483732302,FALSE,FALSE,,,,,,,FALSE,,TRUE,FALSE,FALSE,"Non-significant / other",,,
"TCONS_00093109","XLOC_016918","MOK","ENST00000521766.5","=",-0.0122333333333333,0.0122333333333333,0.898261579684423,0.00527892483732302,FALSE,FALSE,,,,,,,FALSE,,TRUE,FALSE,FALSE,"Non-significant / other",,,
"TCONS_00093112","XLOC_016918","MOK","ENST00000361847.7","=",-0.0126666666666667,0.0126666666666667,1,0.00527892483732302,FALSE,FALSE,,,,,,,FALSE,,TRUE,FALSE,FALSE,"Non-significant / other",,,
"TCONS_00093114","XLOC_016918","MOK","ENST00000523231.5","=",0.0653,0.0653,0.133600818324139,0.00527892483732302,FALSE,FALSE,,,,,,,FALSE,,TRUE,FALSE,FALSE,"Non-significant / other",,,
"TCONS_00093115","XLOC_016918","MOK","ENST00000524370.5","=",-0.0556333333333333,0.0556333333333333,0.66967988042019,0.00527892483732302,FALSE,FALSE,,,,,,,FALSE,,TRUE,FALSE,FALSE,"Non-significant / other",,,
"TCONS_00093116","XLOC_016918","MOK","ENST00000522874.5","=",0.0533666666666666,0.0533666666666666,0.886997379739065,0.00527892483732302,FALSE,FALSE,,,,,,,FALSE,,TRUE,FALSE,FALSE,"Non-significant / other",,,
"TCONS_00093117","XLOC_016918","MOK","ENST00000518686.5","=",0.0406666666666667,0.0406666666666667,0.839067709386742,0.00527892483732302,FALSE,FALSE,,,,,,,FALSE,,TRUE,FALSE,FALSE,"Non-significant / other",,,
"TCONS_00093118","XLOC_016918","MOK","ENST00000522867.1","=",0.0343666666666667,0.0343666666666667,0.935216253469908,0.00527892483732302,FALSE,FALSE,,,,,,,FALSE,,TRUE,FALSE,FALSE,"Non-significant / other",,,
"TCONS_00093120","XLOC_016918","MOK","ENST00000519058.5","=",-0.0363333333333333,0.0363333333333333,0.991800374320754,0.00527892483732302,FALSE,FALSE,,,,,,,FALSE,,TRUE,FALSE,FALSE,"Non-significant / other",,,
"TCONS_00093122","XLOC_016918","MOK","ENST00000521937.1","=",-0.108666666666667,0.108666666666667,0.808666817321987,0.00527892483732302,FALSE,FALSE,,,,,,,FALSE,,TRUE,FALSE,FALSE,"Non-significant / other",,,
"TCONS_00093124","XLOC_016918","MOK","ENST00000522537.5","=",-0.0372,0.0372,0.964427700092231,0.00527892483732302,FALSE,FALSE,,,,,,,FALSE,,TRUE,FALSE,FALSE,"Non-significant / other",,,
"TCONS_00093129","XLOC_016918","MOK","ENST00000521388.5","=",-0.0418666666666667,0.0418666666666667,0.963565107783589,0.00527892483732302,FALSE,FALSE,,,,,,,FALSE,,TRUE,FALSE,FALSE,"Non-significant / other",,,
"TCONS_00093135","XLOC_016918","MOK","ENST00000518482.5","=",-0.0232666666666667,0.0232666666666667,0.970059777582181,0.00527892483732302,FALSE,FALSE,,,,,,,FALSE,,TRUE,FALSE,FALSE,"Non-significant / other",,,
"TCONS_00093136","XLOC_016918","MOK","ENST00000524019.5","=",5e-04,5e-04,0.997461757073048,0.00527892483732302,FALSE,FALSE,,,,,,,FALSE,,TRUE,FALSE,FALSE,"Non-significant / other",,,
"TCONS_00093138","XLOC_016918","MOK","ENST00000524207.5","=",0.172733333333333,0.172733333333333,0.00527892483732302,0.00527892483732302,TRUE,FALSE,,,,,,,FALSE,,TRUE,FALSE,FALSE,"T-significant / missing in U",,,
"TCONS_00098143","XLOC_017584","SLC27A2","ENST00000267842.10","=",0.00940000000000002,0.00940000000000002,0.9996436546372,0.0261078429542005,FALSE,FALSE,,,,,,,FALSE,,TRUE,FALSE,FALSE,"Non-significant / other",,,
"TCONS_00098144","XLOC_017584","SLC27A2","ENST00000380902.8","=",-0.00883333333333333,0.00883333333333333,1,0.0261078429542005,FALSE,FALSE,,,,,,,FALSE,,TRUE,FALSE,FALSE,"Non-significant / other",,,
"TCONS_00098145","XLOC_017584","SLC27A2","ENST00000544960.1","=",0.0253333333333333,0.0253333333333333,0.807743438853842,0.0261078429542005,FALSE,FALSE,,,,,,,FALSE,,TRUE,FALSE,FALSE,"Non-significant / other",,,
"TCONS_00098146","XLOC_017584","SLC27A2","ENST00000559938.1","=",-0.0374333333333333,0.0374333333333333,0.882343056863351,0.0261078429542005,FALSE,FALSE,,,,,,,FALSE,,TRUE,FALSE,FALSE,"Non-significant / other",,,
"TCONS_00106443","XLOC_017584","SLC27A2","PB.6084.3","c",0.299266666666667,0.299266666666667,0.0261078429542005,0.0261078429542005,TRUE,TRUE,,,,,,,FALSE,,TRUE,FALSE,FALSE,"T-significant / missing in U",,,
"TCONS_00106444","XLOC_017584","SLC27A2","PB.6084.4","c",-0.287766666666667,0.287766666666667,0.259797129833996,0.0261078429542005,FALSE,TRUE,,,,,,,FALSE,,TRUE,FALSE,FALSE,"Non-significant / other",,,
"TCONS_00098351","XLOC_017650","MYZAP","ENST00000267853.10","=",-0.108433333333333,0.108433333333333,0.379180789898399,0.000497249837571133,FALSE,FALSE,,,,,,,FALSE,,TRUE,FALSE,FALSE,"Non-significant / other",,,
"TCONS_00098354","XLOC_017650","MYZAP","ENST00000649429.1","=",-0.0189,0.0189,0.115569101709435,0.000497249837571133,FALSE,FALSE,,,,,,,FALSE,,TRUE,FALSE,FALSE,"Non-significant / other",,,
"TCONS_00098371","XLOC_017650","MYZAP","ENST00000464277.2","=",-0.0063,0.0063,0.869566531778925,0.000497249837571133,FALSE,FALSE,,,,,,,FALSE,,TRUE,FALSE,FALSE,"Non-significant / other",,,
"TCONS_00098374","XLOC_017650","MYZAP","ENST00000299638.8","=",0.192266666666667,0.192266666666667,0.013046454172065,0.000497249837571133,TRUE,FALSE,,,,,,,FALSE,,TRUE,FALSE,FALSE,"T-significant / missing in U",,,
"TCONS_00098376","XLOC_017650","MYZAP","ENST00000649091.1","=",-0.0140333333333333,0.0140333333333333,0.847359956233053,0.000497249837571133,FALSE,FALSE,,,,,,,FALSE,,TRUE,FALSE,FALSE,"Non-significant / other",,,
"TCONS_00098377","XLOC_017650","MYZAP","ENST00000464308.1","=",0.0143,0.0143,0.845521541611922,0.000497249837571133,FALSE,FALSE,,,,,,,FALSE,,TRUE,FALSE,FALSE,"Non-significant / other",,,
"TCONS_00105288","XLOC_017650","MYZAP","PB.5607.4","c",-0.0701333333333333,0.0701333333333333,0.000497249837571133,0.000497249837571133,FALSE,TRUE,,,,,,,FALSE,,TRUE,FALSE,FALSE,"Non-significant / other",,,
"TCONS_00099793","XLOC_017966","RAMAC","ENST00000304191.4","=",0.113833333333333,0.113833333333333,0.0143661480588305,0.0143661480588305,FALSE,FALSE,,,,,,,FALSE,,TRUE,FALSE,FALSE,"Non-significant / other",,,
"TCONS_00107253","XLOC_017966","RAMAC","PB.6838.8","j",-0.124066666666667,0.124066666666667,0.0527038092325166,0.0143661480588305,FALSE,TRUE,,,,,,,FALSE,,TRUE,FALSE,FALSE,"Non-significant / other",,,
"TCONS_00103843","XLOC_018925","LINGO1","ENST00000355300.7","=",-0.3636,0.3636,0.250462709842274,6.14864204821439e-06,FALSE,FALSE,,,,,,,FALSE,,TRUE,FALSE,FALSE,"Non-significant / other",,,
"TCONS_00103844","XLOC_018925","LINGO1","ENST00000561030.5","=",0.4362,0.4362,6.14864204821439e-06,6.14864204821439e-06,TRUE,FALSE,,,,,,,FALSE,,TRUE,FALSE,FALSE,"T-significant / missing in U",,,
"TCONS_00103845","XLOC_018925","LINGO1","ENST00000557798.1","=",-0.0631,0.0631,0.913183108055504,6.14864204821439e-06,FALSE,FALSE,,,,,,,FALSE,,TRUE,FALSE,FALSE,"Non-significant / other",,,
"TCONS_00103855","XLOC_018925","LINGO1","ENST00000568951.5","=",0.0240666666666667,0.0240666666666667,0.960030571919405,6.14864204821439e-06,FALSE,FALSE,,,,,,,FALSE,,TRUE,FALSE,FALSE,"Non-significant / other",,,
"TCONS_00103856","XLOC_018925","LINGO1","ENST00000564066.1","=",-0.0217,0.0217,0.932868488028478,6.14864204821439e-06,FALSE,FALSE,,,,,,,FALSE,,TRUE,FALSE,FALSE,"Non-significant / other",,,
"TCONS_00104641","XLOC_019100","HDDC3","ENST00000394272.8","=",0.1142,0.1142,0.478014317168594,0.00146290970979791,FALSE,FALSE,,,,,,,FALSE,,TRUE,FALSE,FALSE,"Non-significant / other",,,
"TCONS_00104643","XLOC_019100","HDDC3","ENST00000646620.1","=",-0.100466666666667,0.100466666666667,0.687443878989278,0.00146290970979791,FALSE,FALSE,,,,,,,FALSE,,TRUE,FALSE,FALSE,"Non-significant / other",,,
"TCONS_00104644","XLOC_019100","HDDC3","ENST00000330334.7","=",0.0868,0.0868,0.739365299062876,0.00146290970979791,FALSE,FALSE,,,,,,,FALSE,,TRUE,FALSE,FALSE,"Non-significant / other",,,
"TCONS_00104645","XLOC_019100","HDDC3","PB.6453.4","=",-0.0687666666666667,0.0687666666666667,0.581732862077568,0.00146290970979791,FALSE,TRUE,,,,,,,FALSE,,TRUE,FALSE,FALSE,"Non-significant / other",,,
"TCONS_00104646","XLOC_019100","HDDC3","ENST00000559834.1","=",0.00983333333333333,0.00983333333333333,0.955754165315585,0.00146290970979791,FALSE,FALSE,,,,,,,FALSE,,TRUE,FALSE,FALSE,"Non-significant / other",,,
"TCONS_00104647","XLOC_019100","HDDC3","ENST00000561036.1","=",-0.104766666666667,0.104766666666667,0.00146290970979791,0.00146290970979791,FALSE,FALSE,,,,,,,FALSE,,TRUE,FALSE,FALSE,"Non-significant / other",,,
"TCONS_00107018","XLOC_019100","HDDC3","PB.6453.1","j",0.0215333333333333,0.0215333333333333,0.883789023199614,0.00146290970979791,FALSE,TRUE,,,,,,,FALSE,,TRUE,FALSE,FALSE,"Non-significant / other",,,
"TCONS_00107537","XLOC_019100","HDDC3","PB.6890.1","j",0.0423666666666667,0.0423666666666667,0.572228800353686,0.00146290970979791,FALSE,TRUE,,,,,,,FALSE,,TRUE,FALSE,FALSE,"Non-significant / other",,,
"TCONS_00104699","XLOC_019116","FAM174B","ENST00000553393.5","=",-0.0476333333333333,0.0476333333333333,0.924289094508948,0.0486765493792115,FALSE,FALSE,,,,,,,FALSE,,TRUE,FALSE,FALSE,"Non-significant / other",,,
"TCONS_00104700","XLOC_019116","FAM174B","ENST00000327355.6","=",-0.1093,0.1093,0.873791697086323,0.0486765493792115,FALSE,FALSE,,,,,,,FALSE,,TRUE,FALSE,FALSE,"Non-significant / other",,,
"TCONS_00104702","XLOC_019116","FAM174B","ENST00000555064.5","=",0.0326333333333333,0.0326333333333333,0.867699612483818,0.0486765493792115,FALSE,FALSE,,,,,,,FALSE,,TRUE,FALSE,FALSE,"Non-significant / other",,,
"TCONS_00104703","XLOC_019116","FAM174B","ENST00000555696.5","=",-0.0952666666666667,0.0952666666666667,0.83224790995469,0.0486765493792115,FALSE,FALSE,,,,,,,FALSE,,TRUE,FALSE,FALSE,"Non-significant / other",,,
"TCONS_00104707","XLOC_019116","FAM174B","ENST00000555613.1","=",0.0517666666666667,0.0517666666666667,0.942534224601604,0.0486765493792115,FALSE,FALSE,,,,,,,FALSE,,TRUE,FALSE,FALSE,"Non-significant / other",,,
"TCONS_00104711","XLOC_019116","FAM174B","ENST00000685273.1","=",-0.0120333333333333,0.0120333333333333,0.998161431539877,0.0486765493792115,FALSE,FALSE,,,,,,,FALSE,,TRUE,FALSE,FALSE,"Non-significant / other",,,
"TCONS_00104712","XLOC_019116","FAM174B","ENST00000554246.1","=",-0.0122,0.0122,0.848455856303343,0.0486765493792115,FALSE,FALSE,,,,,,,FALSE,,TRUE,FALSE,FALSE,"Non-significant / other",,,
"TCONS_00104713","XLOC_019116","FAM174B","ENST00000562894.1","=",0.0599666666666667,0.0599666666666667,0.768114079273399,0.0486765493792115,FALSE,FALSE,,,,,,,FALSE,,TRUE,FALSE,FALSE,"Non-significant / other",,,
"TCONS_00104714","XLOC_019116","FAM174B","ENST00000555971.1","=",-0.0244,0.0244,0.934173192321013,0.0486765493792115,FALSE,FALSE,,,,,,,FALSE,,TRUE,FALSE,FALSE,"Non-significant / other",,,
"TCONS_00104715","XLOC_019116","FAM174B","ENST00000557545.1","=",0.113333333333333,0.113333333333333,0.0486765493792115,0.0486765493792115,FALSE,FALSE,,,,,,,FALSE,,TRUE,FALSE,FALSE,"Non-significant / other",,,
"TCONS_00104717","XLOC_019116","FAM174B","ENST00000554082.1","=",-0.0221666666666667,0.0221666666666667,0.985071213591173,0.0486765493792115,FALSE,FALSE,,,,,,,FALSE,,TRUE,FALSE,FALSE,"Non-significant / other",,,
"TCONS_00106301","XLOC_019116","FAM174B","PB.4630.1","j",0.0374333333333333,0.0374333333333333,0.776557834989281,0.0486765493792115,FALSE,TRUE,,,,,,,FALSE,,TRUE,FALSE,FALSE,"Non-significant / other",,,
"TCONS_00108707","XLOC_019395","ALG1","ENST00000683772.1","=",0.0119,0.0119,0.781604919597726,8.29729696397889e-08,FALSE,FALSE,,,,,,,FALSE,,TRUE,FALSE,FALSE,"Non-significant / other",,,
"TCONS_00108708","XLOC_019395","ALG1","ENST00000684335.1","=",0.00846666666666666,0.00846666666666666,0.963601704580138,8.29729696397889e-08,FALSE,FALSE,,,,,,,FALSE,,TRUE,FALSE,FALSE,"Non-significant / other",,,
"TCONS_00108709","XLOC_019395","ALG1","ENST00000682797.1","=",-0.0589333333333333,0.0589333333333333,8.29729696397889e-08,8.29729696397889e-08,FALSE,FALSE,,,,,,,FALSE,,TRUE,FALSE,FALSE,"Non-significant / other",,,
"TCONS_00108710","XLOC_019395","ALG1","ENST00000684190.1","=",0.032,0.032,0.821468162671814,8.29729696397889e-08,FALSE,FALSE,,,,,,,FALSE,,TRUE,FALSE,FALSE,"Non-significant / other",,,
"TCONS_00108711","XLOC_019395","ALG1","ENST00000682206.1","=",-0.0256333333333333,0.0256333333333333,0.548818087920623,8.29729696397889e-08,FALSE,FALSE,,,,,,,FALSE,,TRUE,FALSE,FALSE,"Non-significant / other",,,
"TCONS_00108717","XLOC_019395","ALG1","ENST00000262374.10","=",0.0113,0.0113,0.930095450105631,8.29729696397889e-08,FALSE,FALSE,,,,,,,FALSE,,TRUE,FALSE,FALSE,"Non-significant / other",,,
"TCONS_00108721","XLOC_019395","ALG1","ENST00000544428.1","=",0.104433333333333,0.104433333333333,0.319878193837161,8.29729696397889e-08,FALSE,FALSE,,,,,,,FALSE,,TRUE,FALSE,FALSE,"Non-significant / other",,,
"TCONS_00120739","XLOC_019395","ALG1","PB.7085.1","c",-0.1697,0.1697,0.0370829951493503,8.29729696397889e-08,TRUE,TRUE,,,,,,,FALSE,,TRUE,FALSE,FALSE,"T-significant / missing in U",,,
"TCONS_00120740","XLOC_019395","ALG1","PB.7085.2","c",0.1153,0.1153,0.715348706059865,8.29729696397889e-08,FALSE,TRUE,,,,,,,FALSE,,TRUE,FALSE,FALSE,"Non-significant / other",,,
"TCONS_00108964","XLOC_019446","RMI2","ENST00000572992.1","=",0.136933333333333,0.136933333333333,0.00126778504493296,0.00126778504493296,FALSE,FALSE,,,,,,,FALSE,,TRUE,FALSE,FALSE,"Non-significant / other",,,
"TCONS_00108966","XLOC_019446","RMI2","PB.7105.1","=",-0.103733333333333,0.103733333333333,0.54010346988453,0.00126778504493296,FALSE,TRUE,,,,,,,FALSE,,TRUE,FALSE,FALSE,"Non-significant / other",,,
"TCONS_00108967","XLOC_019446","RMI2","ENST00000312499.6","=",-0.0313333333333333,0.0313333333333333,0.903569034248697,0.00126778504493296,FALSE,FALSE,,,,,,,FALSE,,TRUE,FALSE,FALSE,"Non-significant / other",,,
"TCONS_00109722","XLOC_019624","LCMT1","PB.4850.1","=",-0.01,0.01,0.967421401709922,0.0182960269500713,FALSE,TRUE,,,,,,,FALSE,,TRUE,FALSE,FALSE,"Non-significant / other",,,
"TCONS_00109723","XLOC_019624","LCMT1","PB.6750.7","=",-0.00213333333333333,0.00213333333333333,0.996703760255828,0.0182960269500713,FALSE,TRUE,,,,,,,FALSE,,TRUE,FALSE,FALSE,"Non-significant / other",,,
"TCONS_00109725","XLOC_019624","LCMT1","PB.6750.3","=",0.0459333333333333,0.0459333333333333,0.600281911344294,0.0182960269500713,FALSE,TRUE,,,,,,,FALSE,,TRUE,FALSE,FALSE,"Non-significant / other",,,
"TCONS_00109730","XLOC_019624","LCMT1","ENST00000573435.1","=",-0.0208333333333333,0.0208333333333333,0.933847740331368,0.0182960269500713,FALSE,FALSE,,,,,,,FALSE,,TRUE,FALSE,FALSE,"Non-significant / other",,,
"TCONS_00119057","XLOC_019624","LCMT1","PB.6197.5","j",-0.219066666666667,0.219066666666667,0.395569261155055,0.0182960269500713,FALSE,TRUE,,,,,,,FALSE,,TRUE,FALSE,FALSE,"Non-significant / other",,,
"TCONS_00119785","XLOC_019624","LCMT1","PB.4850.3","j",-0.00706666666666667,0.00706666666666667,0.630572603678098,0.0182960269500713,FALSE,TRUE,,,,,,,FALSE,,TRUE,FALSE,FALSE,"Non-significant / other",,,
"TCONS_00119786","XLOC_019624","LCMT1","PB.6750.2","j",0.106366666666667,0.106366666666667,0.0182960269500713,0.0182960269500713,FALSE,TRUE,,,,,,,FALSE,,TRUE,FALSE,FALSE,"Non-significant / other",,,
"TCONS_00119787","XLOC_019624","LCMT1","PB.4850.5","c",0.0351333333333333,0.0351333333333333,0.943220362642367,0.0182960269500713,FALSE,TRUE,,,,,,,FALSE,,TRUE,FALSE,FALSE,"Non-significant / other",,,
"TCONS_00120214","XLOC_019624","LCMT1","PB.6750.1","j",-0.000700000000000003,0.000700000000000003,0.902549681186118,0.0182960269500713,FALSE,TRUE,,,,,,,FALSE,,TRUE,FALSE,FALSE,"Non-significant / other",,,
"TCONS_00120803","XLOC_019624","LCMT1","PB.7223.9","c",0.0505,0.0505,0.905706083077171,0.0182960269500713,FALSE,TRUE,,,,,,,FALSE,,TRUE,FALSE,FALSE,"Non-significant / other",,,
"TCONS_00110225","XLOC_019702","CD2BP2-DT","ENST00000690312.1","=",0.2649,0.2649,0.0112500400855658,0.0112500400855658,TRUE,FALSE,,,,,,,FALSE,,TRUE,FALSE,FALSE,"T-significant / missing in U",,,
"TCONS_00110226","XLOC_019702","CD2BP2-DT","ENST00000563252.2","=",-0.0233666666666667,0.0233666666666667,0.888641501287607,0.0112500400855658,FALSE,FALSE,,,,,,,FALSE,,TRUE,FALSE,FALSE,"Non-significant / other",,,
"TCONS_00110227","XLOC_019702","CD2BP2-DT","ENST00000688846.1","=",-0.0201333333333333,0.0201333333333333,0.961654431707496,0.0112500400855658,FALSE,FALSE,,,,,,,FALSE,,TRUE,FALSE,FALSE,"Non-significant / other",,,
"TCONS_00110228","XLOC_019702","CD2BP2-DT","ENST00000688695.1","=",-0.0202666666666667,0.0202666666666667,0.98624300515745,0.0112500400855658,FALSE,FALSE,,,,,,,FALSE,,TRUE,FALSE,FALSE,"Non-significant / other",,,
"TCONS_00110230","XLOC_019702","CD2BP2-DT","ENST00000686034.1","=",-0.186766666666667,0.186766666666667,0.455110959505828,0.0112500400855658,FALSE,FALSE,,,,,,,FALSE,,TRUE,FALSE,FALSE,"Non-significant / other",,,
"TCONS_00110346","XLOC_019728","FBXL19","ENST00000338343.10","=",0.0357,0.0357,0.0788762557666015,1.92255645501647e-16,FALSE,FALSE,,,,,,,FALSE,,TRUE,FALSE,FALSE,"Non-significant / other",,,
"TCONS_00110347","XLOC_019728","FBXL19","ENST00000562319.7","=",0.0380333333333333,0.0380333333333333,0.424589556075443,1.92255645501647e-16,FALSE,FALSE,,,,,,,FALSE,,TRUE,FALSE,FALSE,"Non-significant / other",,,
"TCONS_00110349","XLOC_019728","FBXL19","ENST00000427128.5","=",0.130733333333333,0.130733333333333,6.59571290992379e-13,1.92255645501647e-16,FALSE,FALSE,,,,,,,FALSE,,TRUE,FALSE,FALSE,"Non-significant / other",,,
"TCONS_00110351","XLOC_019728","FBXL19","ENST00000565939.1","=",0.0124333333333333,0.0124333333333333,0.916792712283151,1.92255645501647e-16,FALSE,FALSE,,,,,,,FALSE,,TRUE,FALSE,FALSE,"Non-significant / other",,,
"TCONS_00110354","XLOC_019728","FBXL19","ENST00000318663.5","=",-0.0519,0.0519,0.313117358793471,1.92255645501647e-16,FALSE,FALSE,,,,,,,FALSE,,TRUE,FALSE,FALSE,"Non-significant / other",,,
"TCONS_00110357","XLOC_019728","FBXL19","ENST00000562699.1","=",0.00476666666666667,0.00476666666666667,0.947821144108656,1.92255645501647e-16,FALSE,FALSE,,,,,,,FALSE,,TRUE,FALSE,FALSE,"Non-significant / other",,,
"TCONS_00119111","XLOC_019728","FBXL19","PB.6272.1","j",-0.148433333333333,0.148433333333333,1.92255645501647e-16,1.92255645501647e-16,FALSE,TRUE,,,,,,,FALSE,,TRUE,FALSE,FALSE,"Non-significant / other",,,
"TCONS_00120841","XLOC_019728","FBXL19","PB.7305.1","j",-0.0159666666666667,0.0159666666666667,0.863744295444689,1.92255645501647e-16,FALSE,TRUE,,,,,,,FALSE,,TRUE,FALSE,FALSE,"Non-significant / other",,,
"TCONS_00111382","XLOC_020026","CCL22","PB.4996.2","=",0.356333333333333,0.356333333333333,1.69937679328796e-06,1.43956395677891e-07,TRUE,TRUE,"XLOC_020026","CCL22",0.882166666666667,0.882166666666667,3.15525412609546e-69,3.15525412609546e-69,TRUE,TRUE,TRUE,TRUE,TRUE,"Shared significant",TRUE,0.525833333333333,0.525833333333333
"TCONS_00119223","XLOC_020026","CCL22","PB.6379.3","j",-0.2364,0.2364,0.00020489310419883,1.43956395677891e-07,TRUE,TRUE,"XLOC_020026","CCL22",-0.779966666666667,0.779966666666667,3.49039927600288e-07,3.15525412609546e-69,TRUE,TRUE,TRUE,TRUE,TRUE,"Shared significant",TRUE,-0.543566666666667,0.543566666666667
"TCONS_00119224","XLOC_020026","CCL22","PB.6379.4","j",-0.0260333333333333,0.0260333333333333,0.0203082409112856,1.43956395677891e-07,FALSE,TRUE,"XLOC_020026","CCL22",-0.0367666666666667,0.0367666666666667,0.937227308254269,3.15525412609546e-69,FALSE,TRUE,TRUE,TRUE,TRUE,"Non-significant / other",TRUE,-0.0107333333333333,0.0107333333333333
"TCONS_00119868","XLOC_020026","CCL22","PB.4996.14","c",-0.102133333333333,0.102133333333333,1.43956395677891e-07,1.43956395677891e-07,FALSE,TRUE,"XLOC_020026","CCL22",-0.0654333333333333,0.0654333333333333,0.896373912830297,3.15525412609546e-69,FALSE,TRUE,TRUE,TRUE,TRUE,"Non-significant / other",TRUE,0.0367,0.0367
"TCONS_00112668","XLOC_020221","NPIPB15","ENST00000692376.1","=",0.211533333333333,0.211533333333333,0.435983329841695,0.0334087275164649,FALSE,FALSE,,,,,,,FALSE,,TRUE,FALSE,FALSE,"Non-significant / other",,,
"TCONS_00112669","XLOC_020221","NPIPB15","ENST00000429990.1","=",-0.0266,0.0266,0.983028477095288,0.0334087275164649,FALSE,FALSE,,,,,,,FALSE,,TRUE,FALSE,FALSE,"Non-significant / other",,,
"TCONS_00112670","XLOC_020221","NPIPB15","ENST00000613038.1","=",-0.1849,0.1849,0.0334087275164649,0.0334087275164649,TRUE,FALSE,,,,,,,FALSE,,TRUE,FALSE,FALSE,"T-significant / missing in U",,,
"TCONS_00115219","XLOC_020738","NPIPA9","ENST00000545114.5","=",0.00106666666666666,0.00106666666666666,0.987495263054707,0.000213749462899874,FALSE,FALSE,,,,,,,FALSE,,TRUE,FALSE,FALSE,"Non-significant / other",,,
"TCONS_00115220","XLOC_020738","NPIPA9","ENST00000427999.6","=",0.0147666666666667,0.0147666666666667,0.538201264637752,0.000213749462899874,FALSE,FALSE,,,,,,,FALSE,,TRUE,FALSE,FALSE,"Non-significant / other",,,
"TCONS_00115221","XLOC_020738","NPIPA9","ENST00000327792.6","=",0.196666666666667,0.196666666666667,0.479041584582136,0.000213749462899874,FALSE,FALSE,,,,,,,FALSE,,TRUE,FALSE,FALSE,"Non-significant / other",,,
"TCONS_00115223","XLOC_020738","NPIPA9","ENST00000528301.1","=",0.0226333333333333,0.0226333333333333,0.860446607075175,0.000213749462899874,FALSE,FALSE,,,,,,,FALSE,,TRUE,FALSE,FALSE,"Non-significant / other",,,
"TCONS_00115224","XLOC_020738","NPIPA9","ENST00000526166.5","=",0.0116,0.0116,0.920044009345461,0.000213749462899874,FALSE,FALSE,,,,,,,FALSE,,TRUE,FALSE,FALSE,"Non-significant / other",,,
"TCONS_00115225","XLOC_020738","NPIPA9","ENST00000546267.5","=",-0.0399,0.0399,0.791600899656819,0.000213749462899874,FALSE,FALSE,,,,,,,FALSE,,TRUE,FALSE,FALSE,"Non-significant / other",,,
"TCONS_00115226","XLOC_020738","NPIPA9","ENST00000533010.6","=",-0.00253333333333333,0.00253333333333333,0.960571653593118,0.000213749462899874,FALSE,FALSE,,,,,,,FALSE,,TRUE,FALSE,FALSE,"Non-significant / other",,,
"TCONS_00115228","XLOC_020738","NPIPA9","ENST00000532415.5","=",-0.0128333333333333,0.0128333333333333,0.733650592761979,0.000213749462899874,FALSE,FALSE,,,,,,,FALSE,,TRUE,FALSE,FALSE,"Non-significant / other",,,
"TCONS_00115230","XLOC_020738","NPIPA9","ENST00000545364.5","=",-0.0305333333333333,0.0305333333333333,0.188114050445031,0.000213749462899874,FALSE,FALSE,,,,,,,FALSE,,TRUE,FALSE,FALSE,"Non-significant / other",,,
"TCONS_00115232","XLOC_020738","NPIPA9","ENST00000538166.1","=",-0.000399999999999998,0.000399999999999998,0.981747341330449,0.000213749462899874,FALSE,FALSE,,,,,,,FALSE,,TRUE,FALSE,FALSE,"Non-significant / other",,,
"TCONS_00119489","XLOC_020738","NPIPA9","PB.6118.1","c",-0.102633333333333,0.102633333333333,0.0436204702786037,0.000213749462899874,FALSE,TRUE,,,,,,,FALSE,,TRUE,FALSE,FALSE,"Non-significant / other",,,
"TCONS_00119999","XLOC_020738","NPIPA9","PB.4787.1","c",-0.0425,0.0425,0.000213749462899874,0.000213749462899874,FALSE,TRUE,,,,,,,FALSE,,TRUE,FALSE,FALSE,"Non-significant / other",,,
"TCONS_00120479","XLOC_020738","NPIPA9","PB.6676.3","k",-0.00896666666666668,0.00896666666666668,0.985071213591173,0.000213749462899874,FALSE,TRUE,,,,,,,FALSE,,TRUE,FALSE,FALSE,"Non-significant / other",,,
"TCONS_00115321","XLOC_020762","GPRC5B","ENST00000300571.7","=",0.0466333333333333,0.0466333333333333,0.868949523589377,0.00891068705301682,FALSE,FALSE,,,,,,,FALSE,,TRUE,FALSE,FALSE,"Non-significant / other",,,
"TCONS_00115324","XLOC_020762","GPRC5B","ENST00000562348.1","=",-0.218333333333333,0.218333333333333,0.00891068705301682,0.00891068705301682,TRUE,FALSE,,,,,,,FALSE,,TRUE,FALSE,FALSE,"T-significant / missing in U",,,
"TCONS_00115325","XLOC_020762","GPRC5B","ENST00000569479.5","=",0.165166666666667,0.165166666666667,0.340990874837894,0.00891068705301682,FALSE,FALSE,,,,,,,FALSE,,TRUE,FALSE,FALSE,"Non-significant / other",,,
"TCONS_00117873","XLOC_021363","TXNL4B","ENST00000562153.5","=",0.0335333333333333,0.0335333333333333,0.793069102433001,0.00196818748141227,FALSE,FALSE,,,,,,,FALSE,,TRUE,FALSE,FALSE,"Non-significant / other",,,
"TCONS_00117874","XLOC_021363","TXNL4B","PB.6503.2","=",-0.246633333333333,0.246633333333333,0.00196818748141227,0.00196818748141227,TRUE,TRUE,,,,,,,FALSE,,TRUE,FALSE,FALSE,"T-significant / missing in U",,,
"TCONS_00117876","XLOC_021363","TXNL4B","PB.6503.3","=",0.0055,0.0055,0.998161431539877,0.00196818748141227,FALSE,TRUE,,,,,,,FALSE,,TRUE,FALSE,FALSE,"Non-significant / other",,,
"TCONS_00120652","XLOC_021363","TXNL4B","PB.7051.1","j",0.0249,0.0249,0.377284727684428,0.00196818748141227,FALSE,TRUE,,,,,,,FALSE,,TRUE,FALSE,FALSE,"Non-significant / other",,,
"TCONS_00121145","XLOC_021363","TXNL4B","PB.7539.3","c",0.1774,0.1774,0.0174162779211965,0.00196818748141227,TRUE,TRUE,,,,,,,FALSE,,TRUE,FALSE,FALSE,"T-significant / missing in U",,,
"TCONS_00121333","XLOC_021625","PAFAH1B1","ENST00000397195.10","=",0.0104,0.0104,0.937469978544359,0.00963454938092339,FALSE,FALSE,,,,,,,FALSE,,TRUE,FALSE,FALSE,"Non-significant / other",,,
"TCONS_00121337","XLOC_021625","PAFAH1B1","ENST00000676353.1","=",-0.0091,0.0091,0.782669931872931,0.00963454938092339,FALSE,FALSE,,,,,,,FALSE,,TRUE,FALSE,FALSE,"Non-significant / other",,,
"TCONS_00121346","XLOC_021625","PAFAH1B1","ENST00000675430.1","=",0.00213333333333333,0.00213333333333333,0.935216253469908,0.00963454938092339,FALSE,FALSE,,,,,,,FALSE,,TRUE,FALSE,FALSE,"Non-significant / other",,,
"TCONS_00121348","XLOC_021625","PAFAH1B1","ENST00000676188.1","=",-0.1017,0.1017,0.00963454938092339,0.00963454938092339,FALSE,FALSE,,,,,,,FALSE,,TRUE,FALSE,FALSE,"Non-significant / other",,,
"TCONS_00136372","XLOC_021625","PAFAH1B1","PB.7714.2","c",0.0938666666666667,0.0938666666666667,0.0328005717335575,0.00963454938092339,FALSE,TRUE,,,,,,,FALSE,,TRUE,FALSE,FALSE,"Non-significant / other",,,
"TCONS_00136889","XLOC_021625","PAFAH1B1","PB.7205.6","c",0.1018,0.1018,0.118943440731118,0.00963454938092339,FALSE,TRUE,,,,,,,FALSE,,TRUE,FALSE,FALSE,"Non-significant / other",,,
"TCONS_00137797","XLOC_021625","PAFAH1B1","PB.7714.3","c",-0.100166666666667,0.100166666666667,0.417059868575853,0.00963454938092339,FALSE,TRUE,,,,,,,FALSE,,TRUE,FALSE,FALSE,"Non-significant / other",,,
"TCONS_00137798","XLOC_021625","PAFAH1B1","PB.7714.6","c",0.00423333333333333,0.00423333333333333,0.88013960551179,0.00963454938092339,FALSE,TRUE,,,,,,,FALSE,,TRUE,FALSE,FALSE,"Non-significant / other",,,
"TCONS_00122000","XLOC_021732","KDM6B","ENST00000448097.7","=",-0.194033333333333,0.194033333333333,0.000787817682467859,0.000787817682467859,TRUE,FALSE,"XLOC_021732","KDM6B",-0.216866666666667,0.216866666666667,0.0110576302565346,0.0110576302565346,TRUE,FALSE,TRUE,TRUE,TRUE,"Shared significant",TRUE,-0.0228333333333333,0.0228333333333333
"TCONS_00122003","XLOC_021732","KDM6B","ENST00000254846.9","=",-0.1052,0.1052,0.231352699129727,0.000787817682467859,FALSE,FALSE,"XLOC_021732","KDM6B",-0.135266666666667,0.135266666666667,0.496922432494355,0.0110576302565346,FALSE,FALSE,TRUE,TRUE,TRUE,"Non-significant / other",TRUE,-0.0300666666666667,0.0300666666666667
"TCONS_00122005","XLOC_021732","KDM6B","ENST00000575521.1","=",0.303933333333333,0.303933333333333,0.00350893914865411,0.000787817682467859,TRUE,FALSE,"XLOC_021732","KDM6B",0.349433333333333,0.349433333333333,0.0246512654091498,0.0110576302565346,TRUE,FALSE,TRUE,TRUE,TRUE,"Shared significant",TRUE,0.0454999999999999,0.0454999999999999
"TCONS_00122907","XLOC_021939","SPECC1","ENST00000472876.5","=",-0.131266666666667,0.131266666666667,0.763757414022431,0.0010670690369897,FALSE,FALSE,,,,,,,FALSE,,TRUE,FALSE,FALSE,"Non-significant / other",,,
"TCONS_00122914","XLOC_021939","SPECC1","ENST00000680830.1","=",0.0281,0.0281,0.814721095343113,0.0010670690369897,FALSE,FALSE,,,,,,,FALSE,,TRUE,FALSE,FALSE,"Non-significant / other",,,
"TCONS_00122924","XLOC_021939","SPECC1","PB.6816.2","=",0.0491333333333333,0.0491333333333333,0.998655380361917,0.0010670690369897,FALSE,TRUE,,,,,,,FALSE,,TRUE,FALSE,FALSE,"Non-significant / other",,,
"TCONS_00122925","XLOC_021939","SPECC1","ENST00000680572.1","=",-0.0621333333333333,0.0621333333333333,0.847476810561408,0.0010670690369897,FALSE,FALSE,,,,,,,FALSE,,TRUE,FALSE,FALSE,"Non-significant / other",,,
"TCONS_00122927","XLOC_021939","SPECC1","ENST00000681875.1","=",0.0281666666666667,0.0281666666666667,0.93086548207316,0.0010670690369897,FALSE,FALSE,,,,,,,FALSE,,TRUE,FALSE,FALSE,"Non-significant / other",,,
"TCONS_00122929","XLOC_021939","SPECC1","ENST00000395529.7","=",-0.201233333333333,0.201233333333333,0.304617961048055,0.0010670690369897,FALSE,FALSE,,,,,,,FALSE,,TRUE,FALSE,FALSE,"Non-significant / other",,,
"TCONS_00122937","XLOC_021939","SPECC1","ENST00000395530.6","=",-0.000333333333333331,0.000333333333333331,1,0.0010670690369897,FALSE,FALSE,,,,,,,FALSE,,TRUE,FALSE,FALSE,"Non-significant / other",,,
"TCONS_00122938","XLOC_021939","SPECC1","ENST00000581399.6","=",-0.0124666666666667,0.0124666666666667,1,0.0010670690369897,FALSE,FALSE,,,,,,,FALSE,,TRUE,FALSE,FALSE,"Non-significant / other",,,
"TCONS_00122942","XLOC_021939","SPECC1","ENST00000681545.1","=",0.0593333333333333,0.0593333333333333,1,0.0010670690369897,FALSE,FALSE,,,,,,,FALSE,,TRUE,FALSE,FALSE,"Non-significant / other",,,
"TCONS_00122943","XLOC_021939","SPECC1","ENST00000679740.1","=",0.107333333333333,0.107333333333333,0.0010670690369897,0.0010670690369897,FALSE,FALSE,,,,,,,FALSE,,TRUE,FALSE,FALSE,"Non-significant / other",,,
"TCONS_00122946","XLOC_021939","SPECC1","ENST00000395525.7","=",0.126133333333333,0.126133333333333,0.371577222624666,0.0010670690369897,FALSE,FALSE,,,,,,,FALSE,,TRUE,FALSE,FALSE,"Non-significant / other",,,
"TCONS_00123585","XLOC_022129","RHOT1","ENST00000333942.10","=",0.0565666666666667,0.0565666666666667,0.272475691633246,1.79791180750605e-12,FALSE,FALSE,,,,,,,FALSE,,TRUE,FALSE,FALSE,"Non-significant / other",,,
"TCONS_00123586","XLOC_022129","RHOT1","ENST00000358365.7","=",0.0125,0.0125,0.838699542565072,1.79791180750605e-12,FALSE,FALSE,,,,,,,FALSE,,TRUE,FALSE,FALSE,"Non-significant / other",,,
"TCONS_00123587","XLOC_022129","RHOT1","ENST00000583994.5","=",0.00716666666666668,0.00716666666666668,0.970204270112046,1.79791180750605e-12,FALSE,FALSE,,,,,,,FALSE,,TRUE,FALSE,FALSE,"Non-significant / other",,,
"TCONS_00123588","XLOC_022129","RHOT1","ENST00000545287.7","=",-0.0283333333333333,0.0283333333333333,0.79478276538597,1.79791180750605e-12,FALSE,FALSE,,,,,,,FALSE,,TRUE,FALSE,FALSE,"Non-significant / other",,,
"TCONS_00123592","XLOC_022129","RHOT1","ENST00000578205.5","=",0.0295666666666667,0.0295666666666667,0.958532652653333,1.79791180750605e-12,FALSE,FALSE,,,,,,,FALSE,,TRUE,FALSE,FALSE,"Non-significant / other",,,
"TCONS_00123594","XLOC_022129","RHOT1","ENST00000394692.6","=",-0.111766666666667,0.111766666666667,0.246827456568262,1.79791180750605e-12,FALSE,FALSE,,,,,,,FALSE,,TRUE,FALSE,FALSE,"Non-significant / other",,,
"TCONS_00123599","XLOC_022129","RHOT1","ENST00000581148.1","=",-0.0160333333333333,0.0160333333333333,0.635855993496277,1.79791180750605e-12,FALSE,FALSE,,,,,,,FALSE,,TRUE,FALSE,FALSE,"Non-significant / other",,,
"TCONS_00135351","XLOC_022129","RHOT1","PB.6918.4","c",-0.0952333333333333,0.0952333333333333,0.152427613891489,1.79791180750605e-12,FALSE,TRUE,,,,,,,FALSE,,TRUE,FALSE,FALSE,"Non-significant / other",,,
"TCONS_00135353","XLOC_022129","RHOT1","PB.7513.2","c",0.00619999999999998,0.00619999999999998,0.985234723874805,1.79791180750605e-12,FALSE,TRUE,,,,,,,FALSE,,TRUE,FALSE,FALSE,"Non-significant / other",,,
"TCONS_00137000","XLOC_022129","RHOT1","PB.7513.1","c",0.157933333333333,0.157933333333333,1.79791180750605e-12,1.79791180750605e-12,TRUE,TRUE,,,,,,,FALSE,,TRUE,FALSE,FALSE,"T-significant / missing in U",,,
"TCONS_00137887","XLOC_022129","RHOT1","PB.8025.1","c",-0.0292666666666667,0.0292666666666667,0.861720584735414,1.79791180750605e-12,FALSE,TRUE,,,,,,,FALSE,,TRUE,FALSE,FALSE,"Non-significant / other",,,
"TCONS_00137888","XLOC_022129","RHOT1","PB.8025.2","c",-0.00779999999999999,0.00779999999999999,0.997835672756094,1.79791180750605e-12,FALSE,TRUE,,,,,,,FALSE,,TRUE,FALSE,FALSE,"Non-significant / other",,,
"TCONS_00137889","XLOC_022129","RHOT1","PB.8025.3","c",0.0105333333333333,0.0105333333333333,0.990248406542962,1.79791180750605e-12,FALSE,TRUE,,,,,,,FALSE,,TRUE,FALSE,FALSE,"Non-significant / other",,,
"TCONS_00123817","XLOC_022194","CCL4","PB.5430.1","=",-0.188233333333333,0.188233333333333,0.000994243694386227,0.000328435123189006,TRUE,TRUE,"XLOC_022194","CCL4",-0.317466666666667,0.317466666666667,1.32344115943124e-72,1.13743631208785e-96,TRUE,TRUE,TRUE,TRUE,TRUE,"Shared significant",TRUE,-0.129233333333333,0.129233333333333
"TCONS_00123818","XLOC_022194","CCL4","ENST00000621626.1","=",0.00416666666666667,0.00416666666666667,0.146920019985293,0.000328435123189006,FALSE,FALSE,"XLOC_022194","CCL4",0.00933333333333334,0.00933333333333334,2.06256995447135e-07,1.13743631208785e-96,FALSE,FALSE,TRUE,TRUE,TRUE,"Non-significant / other",TRUE,0.00516666666666667,0.00516666666666667
"TCONS_00123834","XLOC_022194","CCL4","PB.5430.21","=",0.188066666666667,0.188066666666667,0.000328435123189006,0.000328435123189006,TRUE,TRUE,"XLOC_022194","CCL4",0.2781,0.2781,1.13743631208785e-96,1.13743631208785e-96,TRUE,TRUE,TRUE,TRUE,TRUE,"Shared significant",TRUE,0.0900333333333333,0.0900333333333333
"TCONS_00123835","XLOC_022194","CCL4","ENST00000620576.4","=",-0.00303333333333333,0.00303333333333333,0.934082812968386,0.000328435123189006,FALSE,FALSE,"XLOC_022194","CCL4",0.0281666666666667,0.0281666666666667,0.911040283592445,1.13743631208785e-96,FALSE,FALSE,TRUE,TRUE,TRUE,"Non-significant / other",FALSE,0.0312,0.0312
"TCONS_00123836","XLOC_022194","CCL4","ENST00000620732.4","=",-5e-04,5e-04,0.918658322413681,0.000328435123189006,FALSE,FALSE,,,,,,,FALSE,,TRUE,FALSE,FALSE,"Non-significant / other",,,
"TCONS_00123873","XLOC_022206","MRM1","ENST00000614766.5","=",0.157133333333333,0.157133333333333,0.00205270736781288,0.00205270736781288,TRUE,FALSE,,,,,,,FALSE,,TRUE,FALSE,FALSE,"T-significant / missing in U",,,
"TCONS_00123874","XLOC_022206","MRM1","ENST00000612760.1","=",-0.157133333333333,0.157133333333333,0.0229397687702455,0.00205270736781288,TRUE,FALSE,,,,,,,FALSE,,TRUE,FALSE,FALSE,"T-significant / missing in U",,,
"TCONS_00129226","XLOC_023195","ZNF18","ENST00000580306.7","=",-0.410866666666667,0.410866666666667,0.00218479826914574,2.9239208785721e-14,TRUE,FALSE,,,,,,,FALSE,,TRUE,FALSE,FALSE,"T-significant / missing in U",,,
"TCONS_00129227","XLOC_023195","ZNF18","ENST00000580613.5","=",0.6077,0.6077,2.9239208785721e-14,2.9239208785721e-14,TRUE,FALSE,,,,,,,FALSE,,TRUE,FALSE,FALSE,"T-significant / missing in U",,,
"TCONS_00129228","XLOC_023195","ZNF18","ENST00000322748.7","=",-0.0100666666666667,0.0100666666666667,0.964298910670961,2.9239208785721e-14,FALSE,FALSE,,,,,,,FALSE,,TRUE,FALSE,FALSE,"Non-significant / other",,,
"TCONS_00129229","XLOC_023195","ZNF18","ENST00000454073.7","=",-0.1392,0.1392,0.787822621476875,2.9239208785721e-14,FALSE,FALSE,,,,,,,FALSE,,TRUE,FALSE,FALSE,"Non-significant / other",,,
"TCONS_00129232","XLOC_023195","ZNF18","ENST00000580903.1","=",-0.0367,0.0367,0.971130971367954,2.9239208785721e-14,FALSE,FALSE,,,,,,,FALSE,,TRUE,FALSE,FALSE,"Non-significant / other",,,
"TCONS_00135877","XLOC_023195","ZNF18","PB.6760.2","j",-0.0108333333333333,0.0108333333333333,0.962878336108811,2.9239208785721e-14,FALSE,TRUE,,,,,,,FALSE,,TRUE,FALSE,FALSE,"Non-significant / other",,,
"TCONS_00129523","XLOC_023262","PLD6","ENST00000321560.4","=",0.221833333333333,0.221833333333333,9.86066603716753e-11,9.86066603716753e-11,TRUE,FALSE,"XLOC_023262","PLD6",0.127066666666667,0.127066666666667,0.000143708893052553,0.000143708893052553,FALSE,FALSE,TRUE,TRUE,TRUE,"T-significant / U-present non-sig",TRUE,-0.0947666666666666,0.0947666666666666
"TCONS_00129525","XLOC_023262","PLD6","ENST00000285071.9","=",-0.1794,0.1794,7.18875877193956e-07,9.86066603716753e-11,TRUE,FALSE,"XLOC_023262","PLD6",-0.107,0.107,0.0018990060261435,0.000143708893052553,FALSE,FALSE,TRUE,TRUE,TRUE,"T-significant / U-present non-sig",TRUE,0.0723999999999999,0.0723999999999999
"TCONS_00129527","XLOC_023262","PLD6","ENST00000466317.1","=",-0.00666666666666667,0.00666666666666667,0.906116988832753,9.86066603716753e-11,FALSE,FALSE,"XLOC_023262","PLD6",-0.0074,0.0074,0.98122007444023,0.000143708893052553,FALSE,FALSE,TRUE,TRUE,TRUE,"Non-significant / other",TRUE,-0.000733333333333332,0.000733333333333332
"TCONS_00129528","XLOC_023262","PLD6","ENST00000389169.9","=",-0.00633333333333333,0.00633333333333333,0.875237475457937,9.86066603716753e-11,FALSE,FALSE,,,,,,,FALSE,,TRUE,FALSE,FALSE,"Non-significant / other",,,
"TCONS_00129529","XLOC_023262","PLD6","ENST00000480316.1","=",-0.0184666666666667,0.0184666666666667,0.681785302840606,9.86066603716753e-11,FALSE,FALSE,"XLOC_023262","PLD6",-0.0062,0.0062,0.981170485656168,0.000143708893052553,FALSE,FALSE,TRUE,TRUE,TRUE,"Non-significant / other",TRUE,0.0122666666666667,0.0122666666666667
"TCONS_00129530","XLOC_023262","PLD6","ENST00000417064.1","=",0.00193333333333333,0.00193333333333333,0.993041813401932,9.86066603716753e-11,FALSE,FALSE,,,,,,,FALSE,,TRUE,FALSE,FALSE,"Non-significant / other",,,
"TCONS_00129532","XLOC_023262","PLD6","ENST00000389171.4","=",-0.00163333333333333,0.00163333333333333,0.990340222488236,9.86066603716753e-11,FALSE,FALSE,"XLOC_023262","PLD6",-0.00553333333333333,0.00553333333333333,0.97564145979317,0.000143708893052553,FALSE,FALSE,TRUE,TRUE,TRUE,"Non-significant / other",TRUE,-0.0039,0.0039
"TCONS_00129557","XLOC_023267","PEMT","ENST00000582268.5","=",-0.102833333333333,0.102833333333333,0.0147820178329314,0.0147820178329314,FALSE,FALSE,,,,,,,FALSE,,TRUE,FALSE,FALSE,"Non-significant / other",,,
"TCONS_00129559","XLOC_023267","PEMT","ENST00000490392.5","=",-0.0111333333333333,0.0111333333333333,0.999016701874542,0.0147820178329314,FALSE,FALSE,,,,,,,FALSE,,TRUE,FALSE,FALSE,"Non-significant / other",,,
"TCONS_00129560","XLOC_023267","PEMT","ENST00000395782.5","=",-0.1539,0.1539,0.42768042839147,0.0147820178329314,FALSE,FALSE,,,,,,,FALSE,,TRUE,FALSE,FALSE,"Non-significant / other",,,
"TCONS_00129562","XLOC_023267","PEMT","ENST00000435340.6","=",-0.0354,0.0354,0.79039000722064,0.0147820178329314,FALSE,FALSE,,,,,,,FALSE,,TRUE,FALSE,FALSE,"Non-significant / other",,,
"TCONS_00129563","XLOC_023267","PEMT","ENST00000255389.10","=",0.281033333333333,0.281033333333333,0.358124819746581,0.0147820178329314,FALSE,FALSE,,,,,,,FALSE,,TRUE,FALSE,FALSE,"Non-significant / other",,,
"TCONS_00129568","XLOC_023267","PEMT","ENST00000472446.1","=",0.0222,0.0222,0.834541661889395,0.0147820178329314,FALSE,FALSE,,,,,,,FALSE,,TRUE,FALSE,FALSE,"Non-significant / other",,,
"TCONS_00130712","XLOC_023567","CCL3","PB.5431.1","=",-0.219833333333333,0.219833333333333,5.61215504485498e-20,5.61215504485498e-20,TRUE,TRUE,"XLOC_023567","CCL3",-0.258266666666667,0.258266666666667,1.47851539378263e-33,3.22891529763798e-57,TRUE,TRUE,TRUE,TRUE,TRUE,"Shared significant",TRUE,-0.0384333333333333,0.0384333333333333
"TCONS_00130722","XLOC_023567","CCL3","PB.5431.20","=",0.235966666666667,0.235966666666667,3.35346207618719e-19,5.61215504485498e-20,TRUE,TRUE,"XLOC_023567","CCL3",0.292766666666667,0.292766666666667,3.22891529763798e-57,3.22891529763798e-57,TRUE,TRUE,TRUE,TRUE,TRUE,"Shared significant",TRUE,0.0568,0.0568
"TCONS_00138262","XLOC_023567","CCL3","PB.8068.1","j",-0.00826666666666667,0.00826666666666667,0.151020246467833,5.61215504485498e-20,FALSE,TRUE,"XLOC_023567","CCL3",-0.0282,0.0282,0.0229606342132802,3.22891529763798e-57,FALSE,TRUE,TRUE,TRUE,TRUE,"Non-significant / other",TRUE,-0.0199333333333333,0.0199333333333333
"TCONS_00130840","XLOC_023601","NPEPPSP1","ENST00000649858.2","=",-0.0147,0.0147,0.993667382766757,0.00892081118471953,FALSE,FALSE,,,,,,,FALSE,,TRUE,FALSE,FALSE,"Non-significant / other",,,
"TCONS_00130841","XLOC_023601","NPEPPSP1","ENST00000685092.1","=",-0.0207,0.0207,0.924289094508948,0.00892081118471953,FALSE,FALSE,,,,,,,FALSE,,TRUE,FALSE,FALSE,"Non-significant / other",,,
"TCONS_00130842","XLOC_023601","NPEPPSP1","ENST00000692748.1","=",-0.0196,0.0196,0.978160772244704,0.00892081118471953,FALSE,FALSE,,,,,,,FALSE,,TRUE,FALSE,FALSE,"Non-significant / other",,,
"TCONS_00130843","XLOC_023601","NPEPPSP1","ENST00000685611.1","=",-0.0107666666666667,0.0107666666666667,1,0.00892081118471953,FALSE,FALSE,,,,,,,FALSE,,TRUE,FALSE,FALSE,"Non-significant / other",,,
"TCONS_00130844","XLOC_023601","NPEPPSP1","ENST00000620148.2","=",-0.0332333333333333,0.0332333333333333,0.929297372894517,0.00892081118471953,FALSE,FALSE,,,,,,,FALSE,,TRUE,FALSE,FALSE,"Non-significant / other",,,
"TCONS_00130845","XLOC_023601","NPEPPSP1","ENST00000685084.1","=",0.0204666666666667,0.0204666666666667,0.944908990814648,0.00892081118471953,FALSE,FALSE,,,,,,,FALSE,,TRUE,FALSE,FALSE,"Non-significant / other",,,
"TCONS_00130846","XLOC_023601","NPEPPSP1","ENST00000690513.1","=",0.0445,0.0445,0.680243195910828,0.00892081118471953,FALSE,FALSE,,,,,,,FALSE,,TRUE,FALSE,FALSE,"Non-significant / other",,,
"TCONS_00130847","XLOC_023601","NPEPPSP1","ENST00000684912.1","=",0.187333333333333,0.187333333333333,0.00892081118471953,0.00892081118471953,TRUE,FALSE,,,,,,,FALSE,,TRUE,FALSE,FALSE,"T-significant / missing in U",,,
"TCONS_00137534","XLOC_023601","NPEPPSP1","PB.7572.2","j",-0.1533,0.1533,0.4057636809901,0.00892081118471953,FALSE,TRUE,,,,,,,FALSE,,TRUE,FALSE,FALSE,"Non-significant / other",,,
"TCONS_00131372","XLOC_023727","DHX58","ENST00000589979.1","=",-0.0436,0.0436,0.848203950048268,0.000361141719832787,FALSE,FALSE,,,,,,,FALSE,,TRUE,FALSE,FALSE,"Non-significant / other",,,
"TCONS_00131373","XLOC_023727","DHX58","ENST00000251642.8","=",-0.1133,0.1133,0.000361141719832787,0.000361141719832787,FALSE,FALSE,,,,,,,FALSE,,TRUE,FALSE,FALSE,"Non-significant / other",,,
"TCONS_00131374","XLOC_023727","DHX58","ENST00000592024.1","=",0.0313666666666667,0.0313666666666667,0.37326938434285,0.000361141719832787,FALSE,FALSE,,,,,,,FALSE,,TRUE,FALSE,FALSE,"Non-significant / other",,,
"TCONS_00131375","XLOC_023727","DHX58","ENST00000586522.5","=",0.0024,0.0024,0.992224882376922,0.000361141719832787,FALSE,FALSE,,,,,,,FALSE,,TRUE,FALSE,FALSE,"Non-significant / other",,,
"TCONS_00131377","XLOC_023727","DHX58","ENST00000413196.6","=",-0.0669,0.0669,0.00354578772044577,0.000361141719832787,FALSE,FALSE,,,,,,,FALSE,,TRUE,FALSE,FALSE,"Non-significant / other",,,
"TCONS_00131379","XLOC_023727","DHX58","ENST00000430773.1","=",0.00226666666666667,0.00226666666666667,0.873279174624485,0.000361141719832787,FALSE,FALSE,,,,,,,FALSE,,TRUE,FALSE,FALSE,"Non-significant / other",,,
"TCONS_00136727","XLOC_023727","DHX58","PB.5497.2","j",0.110066666666667,0.110066666666667,0.215258003304594,0.000361141719832787,FALSE,TRUE,,,,,,,FALSE,,TRUE,FALSE,FALSE,"Non-significant / other",,,
"TCONS_00136729","XLOC_023727","DHX58","PB.5497.3","j",0.0150666666666667,0.0150666666666667,0.86427365140928,0.000361141719832787,FALSE,TRUE,,,,,,,FALSE,,TRUE,FALSE,FALSE,"Non-significant / other",,,
"TCONS_00136732","XLOC_023727","DHX58","PB.5497.5","c",-0.0221333333333333,0.0221333333333333,0.549348762513778,0.000361141719832787,FALSE,TRUE,,,,,,,FALSE,,TRUE,FALSE,FALSE,"Non-significant / other",,,
"TCONS_00136733","XLOC_023727","DHX58","PB.5497.8","j",0.0452333333333333,0.0452333333333333,0.245898747026427,0.000361141719832787,FALSE,TRUE,,,,,,,FALSE,,TRUE,FALSE,FALSE,"Non-significant / other",,,
"TCONS_00136734","XLOC_023727","DHX58","PB.5497.9","c",-0.021,0.021,0.981610780472667,0.000361141719832787,FALSE,TRUE,,,,,,,FALSE,,TRUE,FALSE,FALSE,"Non-significant / other",,,
"TCONS_00138283","XLOC_023727","DHX58","PB.8161.1","c",0.052,0.052,0.678145732020741,0.000361141719832787,FALSE,TRUE,,,,,,,FALSE,,TRUE,FALSE,FALSE,"Non-significant / other",,,
"TCONS_00132247","XLOC_023867","OSBPL7","ENST00000007414.8","=",-0.185966666666667,0.185966666666667,0.0368124230335728,0.0368124230335728,TRUE,FALSE,,,,,,,FALSE,,TRUE,FALSE,FALSE,"T-significant / missing in U",,,
"TCONS_00132248","XLOC_023867","OSBPL7","ENST00000583167.5","=",0.0252666666666667,0.0252666666666667,0.824929858143941,0.0368124230335728,FALSE,FALSE,,,,,,,FALSE,,TRUE,FALSE,FALSE,"Non-significant / other",,,
"TCONS_00132249","XLOC_023867","OSBPL7","ENST00000392507.7","=",-0.00886666666666667,0.00886666666666667,0.868233103831812,0.0368124230335728,FALSE,FALSE,,,,,,,FALSE,,TRUE,FALSE,FALSE,"Non-significant / other",,,
"TCONS_00132250","XLOC_023867","OSBPL7","ENST00000579728.5","=",0.0018,0.0018,0.971951310155596,0.0368124230335728,FALSE,FALSE,,,,,,,FALSE,,TRUE,FALSE,FALSE,"Non-significant / other",,,
"TCONS_00132251","XLOC_023867","OSBPL7","ENST00000613735.4","=",-0.00286666666666667,0.00286666666666667,0.981905545769271,0.0368124230335728,FALSE,FALSE,,,,,,,FALSE,,TRUE,FALSE,FALSE,"Non-significant / other",,,
"TCONS_00132252","XLOC_023867","OSBPL7","ENST00000578461.1","=",0.1013,0.1013,0.652668213082292,0.0368124230335728,FALSE,FALSE,,,,,,,FALSE,,TRUE,FALSE,FALSE,"Non-significant / other",,,
"TCONS_00132253","XLOC_023867","OSBPL7","ENST00000580140.5","=",0.00836666666666667,0.00836666666666667,0.944572630367694,0.0368124230335728,FALSE,FALSE,,,,,,,FALSE,,TRUE,FALSE,FALSE,"Non-significant / other",,,
"TCONS_00132254","XLOC_023867","OSBPL7","ENST00000580808.1","=",0.0281333333333333,0.0281333333333333,0.507609511411246,0.0368124230335728,FALSE,FALSE,,,,,,,FALSE,,TRUE,FALSE,FALSE,"Non-significant / other",,,
"TCONS_00132255","XLOC_023867","OSBPL7","ENST00000584698.1","=",-0.0089,0.0089,0.916317592223027,0.0368124230335728,FALSE,FALSE,,,,,,,FALSE,,TRUE,FALSE,FALSE,"Non-significant / other",,,
"TCONS_00132256","XLOC_023867","OSBPL7","ENST00000580226.5","=",0.0454666666666667,0.0454666666666667,0.611105726241705,0.0368124230335728,FALSE,FALSE,,,,,,,FALSE,,TRUE,FALSE,FALSE,"Non-significant / other",,,
"TCONS_00132257","XLOC_023867","OSBPL7","ENST00000585051.1","=",-0.0037,0.0037,0.996876681283883,0.0368124230335728,FALSE,FALSE,,,,,,,FALSE,,TRUE,FALSE,FALSE,"Non-significant / other",,,
"TCONS_00132519","XLOC_023939","SAMD14","ENST00000330175.9","=",-0.0054,0.0054,0.973914528332969,0.00310041342177101,FALSE,FALSE,,,,,,,FALSE,,TRUE,FALSE,FALSE,"Non-significant / other",,,
"TCONS_00132520","XLOC_023939","SAMD14","ENST00000285206.12","=",-0.217633333333333,0.217633333333333,0.00310041342177101,0.00310041342177101,TRUE,FALSE,,,,,,,FALSE,,TRUE,FALSE,FALSE,"T-significant / missing in U",,,
"TCONS_00132521","XLOC_023939","SAMD14","ENST00000508892.5","=",0.161866666666667,0.161866666666667,0.261269262951451,0.00310041342177101,FALSE,FALSE,,,,,,,FALSE,,TRUE,FALSE,FALSE,"Non-significant / other",,,
"TCONS_00132522","XLOC_023939","SAMD14","ENST00000573376.1","=",0.0200666666666667,0.0200666666666667,0.754180155916966,0.00310041342177101,FALSE,FALSE,,,,,,,FALSE,,TRUE,FALSE,FALSE,"Non-significant / other",,,
"TCONS_00132523","XLOC_023939","SAMD14","ENST00000503131.1","=",0.0169,0.0169,0.980614585307135,0.00310041342177101,FALSE,FALSE,,,,,,,FALSE,,TRUE,FALSE,FALSE,"Non-significant / other",,,
"TCONS_00132524","XLOC_023939","SAMD14","ENST00000515816.1","=",0.0202333333333333,0.0202333333333333,0.914293103710033,0.00310041342177101,FALSE,FALSE,,,,,,,FALSE,,TRUE,FALSE,FALSE,"Non-significant / other",,,
"TCONS_00132526","XLOC_023939","SAMD14","ENST00000507043.1","=",-0.0129,0.0129,0.964920307696554,0.00310041342177101,FALSE,FALSE,,,,,,,FALSE,,TRUE,FALSE,FALSE,"Non-significant / other",,,
"TCONS_00132527","XLOC_023939","SAMD14","ENST00000511964.1","=",0.0107333333333333,0.0107333333333333,0.948191089408513,0.00310041342177101,FALSE,FALSE,,,,,,,FALSE,,TRUE,FALSE,FALSE,"Non-significant / other",,,
"TCONS_00132528","XLOC_023939","SAMD14","ENST00000513474.1","=",0.0035,0.0035,0.95267965359031,0.00310041342177101,FALSE,FALSE,,,,,,,FALSE,,TRUE,FALSE,FALSE,"Non-significant / other",,,
"TCONS_00133487","XLOC_024139","HELZ","ENST00000358691.10","=",-0.222066666666667,0.222066666666667,0.00802035534469342,0.00574586750109999,TRUE,FALSE,,,,,,,FALSE,,TRUE,FALSE,FALSE,"T-significant / missing in U",,,
"TCONS_00133488","XLOC_024139","HELZ","ENST00000579953.5","=",-0.00196666666666667,0.00196666666666667,0.993786521450724,0.00574586750109999,FALSE,FALSE,,,,,,,FALSE,,TRUE,FALSE,FALSE,"Non-significant / other",,,
"TCONS_00133489","XLOC_024139","HELZ","ENST00000580168.5","=",0.0835,0.0835,0.388215222137762,0.00574586750109999,FALSE,FALSE,,,,,,,FALSE,,TRUE,FALSE,FALSE,"Non-significant / other",,,
"TCONS_00133492","XLOC_024139","HELZ","ENST00000578938.1","=",-0.00826666666666667,0.00826666666666667,0.950601840759609,0.00574586750109999,FALSE,FALSE,,,,,,,FALSE,,TRUE,FALSE,FALSE,"Non-significant / other",,,
"TCONS_00133493","XLOC_024139","HELZ","ENST00000582864.1","=",0.0430333333333333,0.0430333333333333,0.771616023483635,0.00574586750109999,FALSE,FALSE,,,,,,,FALSE,,TRUE,FALSE,FALSE,"Non-significant / other",,,
"TCONS_00136268","XLOC_024139","HELZ","PB.7338.9","j",0,0,1,0.00574586750109999,FALSE,TRUE,,,,,,,FALSE,,TRUE,FALSE,FALSE,"Non-significant / other",,,
"TCONS_00136844","XLOC_024139","HELZ","PB.5720.3","c",0.109866666666667,0.109866666666667,0.00574586750109999,0.00574586750109999,FALSE,TRUE,,,,,,,FALSE,,TRUE,FALSE,FALSE,"Non-significant / other",,,
"TCONS_00134488","XLOC_024291","USP36","ENST00000588130.5","=",-0.0028,0.0028,0.990423076675415,2.22555003085575e-05,FALSE,FALSE,,,,,,,FALSE,,TRUE,FALSE,FALSE,"Non-significant / other",,,
"TCONS_00134489","XLOC_024291","USP36","ENST00000591052.5","=",-0.0042,0.0042,0.920988294096131,2.22555003085575e-05,FALSE,FALSE,,,,,,,FALSE,,TRUE,FALSE,FALSE,"Non-significant / other",,,
"TCONS_00134493","XLOC_024291","USP36","ENST00000449938.7","=",-0.0874333333333333,0.0874333333333333,0.527647682151922,2.22555003085575e-05,FALSE,FALSE,,,,,,,FALSE,,TRUE,FALSE,FALSE,"Non-significant / other",,,
"TCONS_00134494","XLOC_024291","USP36","ENST00000592231.6","=",0.132066666666667,0.132066666666667,0.61720911845238,2.22555003085575e-05,FALSE,FALSE,,,,,,,FALSE,,TRUE,FALSE,FALSE,"Non-significant / other",,,
"TCONS_00134497","XLOC_024291","USP36","ENST00000312010.10","=",0.0249333333333333,0.0249333333333333,0.490662024748305,2.22555003085575e-05,FALSE,FALSE,,,,,,,FALSE,,TRUE,FALSE,FALSE,"Non-significant / other",,,
"TCONS_00134504","XLOC_024291","USP36","ENST00000590546.6","=",-0.00503333333333333,0.00503333333333333,0.925394443075625,2.22555003085575e-05,FALSE,FALSE,,,,,,,FALSE,,TRUE,FALSE,FALSE,"Non-significant / other",,,
"TCONS_00136339","XLOC_024291","USP36","PB.7450.1","c",0.0442666666666667,0.0442666666666667,0.971854949575719,2.22555003085575e-05,FALSE,TRUE,,,,,,,FALSE,,TRUE,FALSE,FALSE,"Non-significant / other",,,
"TCONS_00136340","XLOC_024291","USP36","PB.7450.2","c",-0.0214333333333333,0.0214333333333333,0.915578600412639,2.22555003085575e-05,FALSE,TRUE,,,,,,,FALSE,,TRUE,FALSE,FALSE,"Non-significant / other",,,
"TCONS_00136341","XLOC_024291","USP36","PB.7450.4","j",0.0072,0.0072,0.79507180217508,2.22555003085575e-05,FALSE,TRUE,,,,,,,FALSE,,TRUE,FALSE,FALSE,"Non-significant / other",,,
"TCONS_00136869","XLOC_024291","USP36","PB.5813.1","j",-0.143533333333333,0.143533333333333,2.22555003085575e-05,2.22555003085575e-05,FALSE,TRUE,,,,,,,FALSE,,TRUE,FALSE,FALSE,"Non-significant / other",,,
"TCONS_00138443","XLOC_024291","USP36","PB.8615.6","c",0.0577333333333333,0.0577333333333333,0.351904656682257,2.22555003085575e-05,FALSE,TRUE,,,,,,,FALSE,,TRUE,FALSE,FALSE,"Non-significant / other",,,
"TCONS_00134513","XLOC_024293","TIMP2","ENST00000585421.5","=",-0.153533333333333,0.153533333333333,0.000525056480404501,0.000525056480404501,TRUE,FALSE,,,,,,,FALSE,,TRUE,FALSE,FALSE,"T-significant / missing in U",,,
"TCONS_00134515","XLOC_024293","TIMP2","ENST00000262768.11","=",0.00140000000000001,0.00140000000000001,0.998655380361917,0.000525056480404501,FALSE,FALSE,,,,,,,FALSE,,TRUE,FALSE,FALSE,"Non-significant / other",,,
"TCONS_00137776","XLOC_024293","TIMP2","PB.8046.1","c",0.157233333333333,0.157233333333333,0.102186520204941,0.000525056480404501,FALSE,TRUE,,,,,,,FALSE,,TRUE,FALSE,FALSE,"Non-significant / other",,,
"TCONS_00134581","XLOC_024301","CBX4","ENST00000269397.9","=",-0.115866666666667,0.115866666666667,0.000902625558613871,0.000902625558613871,FALSE,FALSE,,,,,,,FALSE,,TRUE,FALSE,FALSE,"Non-significant / other",,,
"TCONS_00134583","XLOC_024301","CBX4","ENST00000495122.1","=",0.115866666666667,0.115866666666667,0.0277189372402001,0.000902625558613871,FALSE,FALSE,,,,,,,FALSE,,TRUE,FALSE,FALSE,"Non-significant / other",,,
"TCONS_00145401","XLOC_025863","ENSG00000274425","ENST00000612689.1","=",-0.2439,0.2439,0.00527369108922298,0.00527369108922298,TRUE,FALSE,,,,,,,FALSE,,TRUE,FALSE,FALSE,"T-significant / missing in U",,,
"TCONS_00159175","XLOC_025863","ENSG00000274425","PB.8575.1","c",0.2439,0.2439,0.0212468229331591,0.00527369108922298,TRUE,TRUE,,,,,,,FALSE,,TRUE,FALSE,FALSE,"T-significant / missing in U",,,
"TCONS_00149368","XLOC_026575","INAFM1","ENST00000552360.4","=",-0.247366666666667,0.247366666666667,0.03882097946807,0.0323249159632635,TRUE,FALSE,,,,,,,FALSE,,TRUE,FALSE,FALSE,"T-significant / missing in U",,,
"TCONS_00159870","XLOC_026575","INAFM1","PB.9656.1","c",0.247366666666667,0.247366666666667,0.0323249159632635,0.0323249159632635,TRUE,TRUE,,,,,,,FALSE,,TRUE,FALSE,FALSE,"T-significant / missing in U",,,
"TCONS_00149993","XLOC_026685","SIGLEC9","PB.8495.8","=",-0.305266666666667,0.305266666666667,0.0141627425392761,0.0141627425392761,TRUE,TRUE,,,,,,,FALSE,,TRUE,FALSE,FALSE,"T-significant / missing in U",,,
"TCONS_00149994","XLOC_026685","SIGLEC9","PB.8495.7","=",0.1835,0.1835,0.104111889077461,0.0141627425392761,FALSE,TRUE,,,,,,,FALSE,,TRUE,FALSE,FALSE,"Non-significant / other",,,
"TCONS_00159377","XLOC_026685","SIGLEC9","PB.9082.2","c",0.125033333333333,0.125033333333333,0.666935678705689,0.0141627425392761,FALSE,TRUE,,,,,,,FALSE,,TRUE,FALSE,FALSE,"Non-significant / other",,,
"TCONS_00150045","XLOC_026704","ZNF175","ENST00000262259.7","=",-0.2233,0.2233,2.16468547813701e-08,2.16468547813701e-08,TRUE,FALSE,,,,,,,FALSE,,TRUE,FALSE,FALSE,"T-significant / missing in U",,,
"TCONS_00150046","XLOC_026704","ZNF175","ENST00000545217.5","=",0.0270666666666667,0.0270666666666667,0.659929501749975,2.16468547813701e-08,FALSE,FALSE,,,,,,,FALSE,,TRUE,FALSE,FALSE,"Non-significant / other",,,
"TCONS_00150047","XLOC_026704","ZNF175","ENST00000596504.1","=",0.1567,0.1567,0.000127973467848593,2.16468547813701e-08,TRUE,FALSE,,,,,,,FALSE,,TRUE,FALSE,FALSE,"T-significant / missing in U",,,
"TCONS_00150049","XLOC_026704","ZNF175","ENST00000600460.1","=",0.0396333333333333,0.0396333333333333,0.599506472172383,2.16468547813701e-08,FALSE,FALSE,,,,,,,FALSE,,TRUE,FALSE,FALSE,"Non-significant / other",,,
"TCONS_00150198","XLOC_026744","ZNF845","ENST00000595091.6","=",0.1037,0.1037,0.0320296128345626,0.0320296128345626,FALSE,FALSE,,,,,,,FALSE,,TRUE,FALSE,FALSE,"Non-significant / other",,,
"TCONS_00150199","XLOC_026744","ZNF845","PB.8539.2","=",-0.00260000000000005,0.00260000000000005,0.998161431539877,0.0320296128345626,FALSE,TRUE,,,,,,,FALSE,,TRUE,FALSE,FALSE,"Non-significant / other",,,
"TCONS_00158398","XLOC_026744","ZNF845","PB.8539.4","j",-0.1011,0.1011,0.67557261863543,0.0320296128345626,FALSE,TRUE,,,,,,,FALSE,,TRUE,FALSE,FALSE,"Non-significant / other",,,
"TCONS_00151627","XLOC_027060","SMIM24","ENST00000215531.6","=",0.0322333333333333,0.0322333333333333,0.935682588327073,0.0410770264003308,FALSE,FALSE,,,,,,,FALSE,,TRUE,FALSE,FALSE,"Non-significant / other",,,
"TCONS_00151628","XLOC_027060","SMIM24","ENST00000591708.1","=",0.209133333333333,0.209133333333333,0.0410770264003308,0.0410770264003308,TRUE,FALSE,,,,,,,FALSE,,TRUE,FALSE,FALSE,"T-significant / missing in U",,,
"TCONS_00151629","XLOC_027060","SMIM24","ENST00000587847.1","=",-0.2414,0.2414,0.40733776318943,0.0410770264003308,FALSE,FALSE,,,,,,,FALSE,,TRUE,FALSE,FALSE,"Non-significant / other",,,
"TCONS_00156887","XLOC_028007","SYT3","ENST00000338916.8","=",0.136033333333333,0.136033333333333,0.750509961171487,0.00469554652909407,FALSE,FALSE,,,,,,,FALSE,,TRUE,FALSE,FALSE,"Non-significant / other",,,
"TCONS_00156888","XLOC_028007","SYT3","ENST00000593901.5","=",-0.0331333333333333,0.0331333333333333,0.89789182031936,0.00469554652909407,FALSE,FALSE,,,,,,,FALSE,,TRUE,FALSE,FALSE,"Non-significant / other",,,
"TCONS_00156889","XLOC_028007","SYT3","ENST00000600079.6","=",-0.2483,0.2483,0.0356113729108894,0.00469554652909407,TRUE,FALSE,,,,,,,FALSE,,TRUE,FALSE,FALSE,"T-significant / missing in U",,,
"TCONS_00156890","XLOC_028007","SYT3","ENST00000595117.1","=",0.150966666666667,0.150966666666667,0.00469554652909407,0.00469554652909407,TRUE,FALSE,,,,,,,FALSE,,TRUE,FALSE,FALSE,"T-significant / missing in U",,,
"TCONS_00156926","XLOC_028013","KLK1","PB.9734.1","=",-0.325066666666667,0.325066666666667,0.000693672314573448,0.000693672314573448,TRUE,TRUE,,,,,,,FALSE,,TRUE,FALSE,FALSE,"T-significant / missing in U",,,
"TCONS_00159655","XLOC_028013","KLK1","PB.9079.1","j",-0.0491,0.0491,0.853899042511079,0.000693672314573448,FALSE,TRUE,,,,,,,FALSE,,TRUE,FALSE,FALSE,"Non-significant / other",,,
"TCONS_00160138","XLOC_028013","KLK1","PB.9734.2","c",0.369333333333333,0.369333333333333,0.0275724764938591,0.000693672314573448,TRUE,TRUE,,,,,,,FALSE,,TRUE,FALSE,FALSE,"T-significant / missing in U",,,
"TCONS_00160355","XLOC_028291","RSAD2","ENST00000442639.6","=",-0.0957333333333333,0.0957333333333333,0.000548454363892228,1.19707698783538e-09,FALSE,FALSE,,,,,,,FALSE,,TRUE,FALSE,FALSE,"Non-significant / other",,,
"TCONS_00160356","XLOC_028291","RSAD2","ENST00000679863.1","=",-0.195266666666667,0.195266666666667,1.19707698783538e-09,1.19707698783538e-09,TRUE,FALSE,,,,,,,FALSE,,TRUE,FALSE,FALSE,"T-significant / missing in U",,,
"TCONS_00160359","XLOC_028291","RSAD2","ENST00000382040.4","=",0.3374,0.3374,4.59580986727578e-09,1.19707698783538e-09,TRUE,FALSE,,,,,,,FALSE,,TRUE,FALSE,FALSE,"T-significant / missing in U",,,
"TCONS_00160360","XLOC_028291","RSAD2","PB.6682.4","=",0.0220333333333333,0.0220333333333333,0.758170713325516,1.19707698783538e-09,FALSE,TRUE,,,,,,,FALSE,,TRUE,FALSE,FALSE,"Non-significant / other",,,
"TCONS_00180234","XLOC_028291","RSAD2","PB.6682.16","j",-0.0285333333333333,0.0285333333333333,0.552820685813139,1.19707698783538e-09,FALSE,TRUE,,,,,,,FALSE,,TRUE,FALSE,FALSE,"Non-significant / other",,,
"TCONS_00180235","XLOC_028291","RSAD2","PB.6682.17","j",-0.00166666666666667,0.00166666666666667,0.988516765947525,1.19707698783538e-09,FALSE,TRUE,,,,,,,FALSE,,TRUE,FALSE,FALSE,"Non-significant / other",,,
"TCONS_00161752","XLOC_028608","CAMKMT","ENST00000378494.8","=",-0.0119666666666667,0.0119666666666667,0.998161431539877,0.0183387363415192,FALSE,FALSE,,,,,,,FALSE,,TRUE,FALSE,FALSE,"Non-significant / other",,,
"TCONS_00161753","XLOC_028608","CAMKMT","ENST00000402247.5","=",-0.0213333333333333,0.0213333333333333,0.97718011580518,0.0183387363415192,FALSE,FALSE,,,,,,,FALSE,,TRUE,FALSE,FALSE,"Non-significant / other",,,
"TCONS_00161755","XLOC_028608","CAMKMT","ENST00000403853.7","=",0.0380666666666667,0.0380666666666667,0.743620356647868,0.0183387363415192,FALSE,FALSE,,,,,,,FALSE,,TRUE,FALSE,FALSE,"Non-significant / other",,,
"TCONS_00161758","XLOC_028608","CAMKMT","ENST00000428929.5","=",0.1237,0.1237,0.545508387652664,0.0183387363415192,FALSE,FALSE,,,,,,,FALSE,,TRUE,FALSE,FALSE,"Non-significant / other",,,
"TCONS_00161759","XLOC_028608","CAMKMT","ENST00000428993.1","=",0.0132,0.0132,0.988372768421371,0.0183387363415192,FALSE,FALSE,,,,,,,FALSE,,TRUE,FALSE,FALSE,"Non-significant / other",,,
"TCONS_00161761","XLOC_028608","CAMKMT","PB.9506.1","=",-0.290133333333333,0.290133333333333,0.0183387363415192,0.0183387363415192,TRUE,TRUE,,,,,,,FALSE,,TRUE,FALSE,FALSE,"T-significant / missing in U",,,
"TCONS_00183145","XLOC_028608","CAMKMT","PB.10162.1","j",0.157066666666667,0.157066666666667,0.902929386673486,0.0183387363415192,FALSE,TRUE,,,,,,,FALSE,,TRUE,FALSE,FALSE,"Non-significant / other",,,
"TCONS_00164290","XLOC_029250","MERTK","ENST00000295408.9","=",-0.0182,0.0182,0.568006182692461,1.50409055316631e-05,FALSE,FALSE,,,,,,,FALSE,,TRUE,FALSE,FALSE,"Non-significant / other",,,
"TCONS_00164291","XLOC_029250","MERTK","ENST00000421804.6","=",-0.112333333333333,0.112333333333333,0.381338722256449,1.50409055316631e-05,FALSE,FALSE,,,,,,,FALSE,,TRUE,FALSE,FALSE,"Non-significant / other",,,
"TCONS_00164293","XLOC_029250","MERTK","ENST00000439966.5","=",0.00493333333333333,0.00493333333333333,0.99246724822025,1.50409055316631e-05,FALSE,FALSE,,,,,,,FALSE,,TRUE,FALSE,FALSE,"Non-significant / other",,,
"TCONS_00178732","XLOC_029250","MERTK","PB.9268.4","j",0.172866666666667,0.172866666666667,1.50409055316631e-05,1.50409055316631e-05,TRUE,TRUE,,,,,,,FALSE,,TRUE,FALSE,FALSE,"T-significant / missing in U",,,
"TCONS_00178734","XLOC_029250","MERTK","PB.9268.6","j",0.0246666666666667,0.0246666666666667,0.272674179147801,1.50409055316631e-05,FALSE,TRUE,,,,,,,FALSE,,TRUE,FALSE,FALSE,"Non-significant / other",,,
"TCONS_00178735","XLOC_029250","MERTK","PB.9268.7","c",-0.00349999999999999,0.00349999999999999,0.944985709332685,1.50409055316631e-05,FALSE,TRUE,,,,,,,FALSE,,TRUE,FALSE,FALSE,"Non-significant / other",,,
"TCONS_00178737","XLOC_029250","MERTK","PB.9268.11","c",-0.0785666666666667,0.0785666666666667,0.713535352395359,1.50409055316631e-05,FALSE,TRUE,,,,,,,FALSE,,TRUE,FALSE,FALSE,"Non-significant / other",,,
"TCONS_00181638","XLOC_029250","MERTK","PB.9927.5","c",0.0281,0.0281,0.849087561572537,1.50409055316631e-05,FALSE,TRUE,,,,,,,FALSE,,TRUE,FALSE,FALSE,"Non-significant / other",,,
"TCONS_00181639","XLOC_029250","MERTK","PB.10599.1","c",0.00543333333333334,0.00543333333333334,0.918430545059178,1.50409055316631e-05,FALSE,TRUE,,,,,,,FALSE,,TRUE,FALSE,FALSE,"Non-significant / other",,,
"TCONS_00181643","XLOC_029250","MERTK","PB.9927.12","c",0.00166666666666667,0.00166666666666667,0.879844983388642,1.50409055316631e-05,FALSE,TRUE,,,,,,,FALSE,,TRUE,FALSE,FALSE,"Non-significant / other",,,
"TCONS_00181644","XLOC_029250","MERTK","PB.9927.13","c",-0.0408666666666667,0.0408666666666667,0.79351255448132,1.50409055316631e-05,FALSE,TRUE,,,,,,,FALSE,,TRUE,FALSE,FALSE,"Non-significant / other",,,
"TCONS_00164297","XLOC_029252","TMEM87B","ENST00000283206.9","=",-0.0270333333333334,0.0270333333333334,0.799132309331513,0.00354012229855197,FALSE,FALSE,,,,,,,FALSE,,TRUE,FALSE,FALSE,"Non-significant / other",,,
"TCONS_00164300","XLOC_029252","TMEM87B","ENST00000452614.5","=",-0.0139,0.0139,0.673555434238417,0.00354012229855197,FALSE,FALSE,,,,,,,FALSE,,TRUE,FALSE,FALSE,"Non-significant / other",,,
"TCONS_00164301","XLOC_029252","TMEM87B","ENST00000463427.5","=",0.0421,0.0421,0.471814174320919,0.00354012229855197,FALSE,FALSE,,,,,,,FALSE,,TRUE,FALSE,FALSE,"Non-significant / other",,,
"TCONS_00178739","XLOC_029252","TMEM87B","PB.9271.9","c",-0.122233333333333,0.122233333333333,0.0618679529293314,0.00354012229855197,FALSE,TRUE,,,,,,,FALSE,,TRUE,FALSE,FALSE,"Non-significant / other",,,
"TCONS_00183347","XLOC_029252","TMEM87B","PB.10601.12","c",0.123333333333333,0.123333333333333,0.00354012229855197,0.00354012229855197,FALSE,TRUE,,,,,,,FALSE,,TRUE,FALSE,FALSE,"Non-significant / other",,,
"TCONS_00164615","XLOC_029319","PTPN4","ENST00000263708.7","=",-0.0232,0.0232,0.950852902340765,0.0265708684846023,FALSE,FALSE,,,,,,,FALSE,,TRUE,FALSE,FALSE,"Non-significant / other",,,
"TCONS_00164618","XLOC_029319","PTPN4","ENST00000460289.5","=",0.139033333333333,0.139033333333333,0.870536374906201,0.0265708684846023,FALSE,FALSE,,,,,,,FALSE,,TRUE,FALSE,FALSE,"Non-significant / other",,,
"TCONS_00164619","XLOC_029319","PTPN4","ENST00000488279.6","=",-0.0276333333333333,0.0276333333333333,0.98492096327162,0.0265708684846023,FALSE,FALSE,,,,,,,FALSE,,TRUE,FALSE,FALSE,"Non-significant / other",,,
"TCONS_00164620","XLOC_029319","PTPN4","ENST00000485247.1","=",-0.00939999999999999,0.00939999999999999,0.992869344498215,0.0265708684846023,FALSE,FALSE,,,,,,,FALSE,,TRUE,FALSE,FALSE,"Non-significant / other",,,
"TCONS_00164621","XLOC_029319","PTPN4","ENST00000433888.5","=",-0.0498666666666667,0.0498666666666667,0.844589788213286,0.0265708684846023,FALSE,FALSE,,,,,,,FALSE,,TRUE,FALSE,FALSE,"Non-significant / other",,,
"TCONS_00164624","XLOC_029319","PTPN4","ENST00000431283.1","=",0.0909666666666667,0.0909666666666667,0.83743936552903,0.0265708684846023,FALSE,FALSE,,,,,,,FALSE,,TRUE,FALSE,FALSE,"Non-significant / other",,,
"TCONS_00164625","XLOC_029319","PTPN4","ENST00000469511.1","=",-0.2298,0.2298,0.0265708684846023,0.0265708684846023,TRUE,FALSE,,,,,,,FALSE,,TRUE,FALSE,FALSE,"T-significant / missing in U",,,
"TCONS_00164626","XLOC_029319","PTPN4","ENST00000441089.1","=",0.0201,0.0201,0.906307981916668,0.0265708684846023,FALSE,FALSE,,,,,,,FALSE,,TRUE,FALSE,FALSE,"Non-significant / other",,,
"TCONS_00181683","XLOC_029319","PTPN4","PB.9981.1","c",-0.0264333333333333,0.0264333333333333,0.988903635755905,0.0265708684846023,FALSE,TRUE,,,,,,,FALSE,,TRUE,FALSE,FALSE,"Non-significant / other",,,
"TCONS_00183373","XLOC_029319","PTPN4","PB.10653.1","c",0.122266666666667,0.122266666666667,0.764179325549182,0.0265708684846023,FALSE,TRUE,,,,,,,FALSE,,TRUE,FALSE,FALSE,"Non-significant / other",,,
"TCONS_00165269","XLOC_029507","TEX41","ENST00000670681.1","=",0.0162666666666667,0.0162666666666667,0.868914494033247,0.000103295236064152,FALSE,FALSE,,,,,,,FALSE,,TRUE,FALSE,FALSE,"Non-significant / other",,,
"TCONS_00165292","XLOC_029507","TEX41","ENST00000653910.1","=",-0.00763333333333333,0.00763333333333333,0.969187423297399,0.000103295236064152,FALSE,FALSE,,,,,,,FALSE,,TRUE,FALSE,FALSE,"Non-significant / other",,,
"TCONS_00165323","XLOC_029507","TEX41","ENST00000445791.5","=",0.00793333333333334,0.00793333333333334,0.945849605886936,0.000103295236064152,FALSE,FALSE,,,,,,,FALSE,,TRUE,FALSE,FALSE,"Non-significant / other",,,
"TCONS_00165348","XLOC_029507","TEX41","ENST00000653186.1","=",-0.0320666666666667,0.0320666666666667,0.902836815260018,0.000103295236064152,FALSE,FALSE,,,,,,,FALSE,,TRUE,FALSE,FALSE,"Non-significant / other",,,
"TCONS_00165358","XLOC_029507","TEX41","ENST00000655563.1","=",0.00693333333333334,0.00693333333333334,0.944060906426192,0.000103295236064152,FALSE,FALSE,,,,,,,FALSE,,TRUE,FALSE,FALSE,"Non-significant / other",,,
"TCONS_00165383","XLOC_029507","TEX41","ENST00000630691.2","=",-0.0222,0.0222,0.719715361097418,0.000103295236064152,FALSE,FALSE,,,,,,,FALSE,,TRUE,FALSE,FALSE,"Non-significant / other",,,
"TCONS_00165396","XLOC_029507","TEX41","ENST00000630451.2","=",0.00376666666666666,0.00376666666666666,0.913676573837842,0.000103295236064152,FALSE,FALSE,,,,,,,FALSE,,TRUE,FALSE,FALSE,"Non-significant / other",,,
"TCONS_00165404","XLOC_029507","TEX41","ENST00000597173.5","=",-0.0742,0.0742,0.586374216597164,0.000103295236064152,FALSE,FALSE,,,,,,,FALSE,,TRUE,FALSE,FALSE,"Non-significant / other",,,
"TCONS_00165407","XLOC_029507","TEX41","ENST00000596034.6","=",-0.0296,0.0296,0.915895089105175,0.000103295236064152,FALSE,FALSE,,,,,,,FALSE,,TRUE,FALSE,FALSE,"Non-significant / other",,,
"TCONS_00165408","XLOC_029507","TEX41","ENST00000655165.1","=",0.0145,0.0145,0.779440436044213,0.000103295236064152,FALSE,FALSE,,,,,,,FALSE,,TRUE,FALSE,FALSE,"Non-significant / other",,,
"TCONS_00165412","XLOC_029507","TEX41","ENST00000628611.2","=",0.0202666666666667,0.0202666666666667,0.970462001052212,0.000103295236064152,FALSE,FALSE,,,,,,,FALSE,,TRUE,FALSE,FALSE,"Non-significant / other",,,
"TCONS_00165431","XLOC_029507","TEX41","PB.9404.2","=",0.0403666666666667,0.0403666666666667,0.879512574272798,0.000103295236064152,FALSE,TRUE,,,,,,,FALSE,,TRUE,FALSE,FALSE,"Non-significant / other",,,
"TCONS_00165432","XLOC_029507","TEX41","ENST00000630029.2","=",0.0078,0.0078,1,0.000103295236064152,FALSE,FALSE,,,,,,,FALSE,,TRUE,FALSE,FALSE,"Non-significant / other",,,
"TCONS_00165433","XLOC_029507","TEX41","ENST00000628167.2","=",-0.0320666666666667,0.0320666666666667,0.902836815260018,0.000103295236064152,FALSE,FALSE,,,,,,,FALSE,,TRUE,FALSE,FALSE,"Non-significant / other",,,
"TCONS_00165434","XLOC_029507","TEX41","ENST00000629194.2","=",0.0250666666666667,0.0250666666666667,0.722773470410073,0.000103295236064152,FALSE,FALSE,,,,,,,FALSE,,TRUE,FALSE,FALSE,"Non-significant / other",,,
"TCONS_00165440","XLOC_029507","TEX41","ENST00000630959.2","=",-0.0182333333333333,0.0182333333333333,0.982754234924249,0.000103295236064152,FALSE,FALSE,,,,,,,FALSE,,TRUE,FALSE,FALSE,"Non-significant / other",,,
"TCONS_00165451","XLOC_029507","TEX41","ENST00000662233.1","=",-0.0147666666666667,0.0147666666666667,0.762528614086201,0.000103295236064152,FALSE,FALSE,,,,,,,FALSE,,TRUE,FALSE,FALSE,"Non-significant / other",,,
"TCONS_00178843","XLOC_029507","TEX41","PB.9404.1","j",-0.0145,0.0145,0.993041813401932,0.000103295236064152,FALSE,TRUE,,,,,,,FALSE,,TRUE,FALSE,FALSE,"Non-significant / other",,,
"TCONS_00178844","XLOC_029507","TEX41","PB.9404.3","j",-0.1203,0.1203,0.000103295236064152,0.000103295236064152,FALSE,TRUE,,,,,,,FALSE,,TRUE,FALSE,FALSE,"Non-significant / other",,,
"TCONS_00180499","XLOC_029507","TEX41","PB.7248.2","j",0.154066666666667,0.154066666666667,0.03917380539369,0.000103295236064152,TRUE,TRUE,,,,,,,FALSE,,TRUE,FALSE,FALSE,"T-significant / missing in U",,,
"TCONS_00181731","XLOC_029507","TEX41","PB.10752.3","j",0.0534666666666667,0.0534666666666667,0.671989250110494,0.000103295236064152,FALSE,TRUE,,,,,,,FALSE,,TRUE,FALSE,FALSE,"Non-significant / other",,,
"TCONS_00183413","XLOC_029507","TEX41","PB.10752.1","j",-0.0324333333333333,0.0324333333333333,0.797709204135915,0.000103295236064152,FALSE,TRUE,,,,,,,FALSE,,TRUE,FALSE,FALSE,"Non-significant / other",,,
"TCONS_00183414","XLOC_029507","TEX41","PB.10752.2","j",-0.00326666666666667,0.00326666666666667,0.998161431539877,0.000103295236064152,FALSE,TRUE,,,,,,,FALSE,,TRUE,FALSE,FALSE,"Non-significant / other",,,
"TCONS_00166144","XLOC_029660","CYBRD1","ENST00000409484.5","=",0.0791666666666667,0.0791666666666667,0.42943119687149,0.0377126759438956,FALSE,FALSE,,,,,,,FALSE,,TRUE,FALSE,FALSE,"Non-significant / other",,,
"TCONS_00166145","XLOC_029660","CYBRD1","ENST00000468308.1","=",0.110366666666667,0.110366666666667,0.395486229251215,0.0377126759438956,FALSE,FALSE,,,,,,,FALSE,,TRUE,FALSE,FALSE,"Non-significant / other",,,
"TCONS_00166146","XLOC_029660","CYBRD1","ENST00000321348.9","=",-0.201866666666667,0.201866666666667,0.0377126759438956,0.0377126759438956,TRUE,FALSE,,,,,,,FALSE,,TRUE,FALSE,FALSE,"T-significant / missing in U",,,
"TCONS_00166147","XLOC_029660","CYBRD1","PB.9512.1","=",0.0200666666666667,0.0200666666666667,0.973641780399994,0.0377126759438956,FALSE,TRUE,,,,,,,FALSE,,TRUE,FALSE,FALSE,"Non-significant / other",,,
"TCONS_00166402","XLOC_029729","RBM45","ENST00000424000.6","=",0.0332666666666667,0.0332666666666667,0.766788722123395,9.92250083141642e-08,FALSE,FALSE,,,,,,,FALSE,,TRUE,FALSE,FALSE,"Non-significant / other",,,
"TCONS_00166403","XLOC_029729","RBM45","PB.7380.1","=",-0.0112,0.0112,0.996703760255828,9.92250083141642e-08,FALSE,TRUE,,,,,,,FALSE,,TRUE,FALSE,FALSE,"Non-significant / other",,,
"TCONS_00166404","XLOC_029729","RBM45","ENST00000616198.4","=",0.0345666666666667,0.0345666666666667,0.947821144108656,9.92250083141642e-08,FALSE,FALSE,,,,,,,FALSE,,TRUE,FALSE,FALSE,"Non-significant / other",,,
"TCONS_00166405","XLOC_029729","RBM45","ENST00000493048.1","=",-0.00476666666666667,0.00476666666666667,0.911137844812421,9.92250083141642e-08,FALSE,FALSE,,,,,,,FALSE,,TRUE,FALSE,FALSE,"Non-significant / other",,,
"TCONS_00166406","XLOC_029729","RBM45","ENST00000455903.6","=",-0.00893333333333333,0.00893333333333333,0.888007341106012,9.92250083141642e-08,FALSE,FALSE,,,,,,,FALSE,,TRUE,FALSE,FALSE,"Non-significant / other",,,
"TCONS_00166408","XLOC_029729","RBM45","ENST00000464647.1","=",0.00976666666666667,0.00976666666666667,0.989699037195604,9.92250083141642e-08,FALSE,FALSE,,,,,,,FALSE,,TRUE,FALSE,FALSE,"Non-significant / other",,,
"TCONS_00181849","XLOC_029729","RBM45","PB.10219.2","j",-0.0154333333333333,0.0154333333333333,0.941217888752449,9.92250083141642e-08,FALSE,TRUE,,,,,,,FALSE,,TRUE,FALSE,FALSE,"Non-significant / other",,,
"TCONS_00181850","XLOC_029729","RBM45","PB.10219.3","c",-0.0191,0.0191,0.998161431539877,9.92250083141642e-08,FALSE,TRUE,,,,,,,FALSE,,TRUE,FALSE,FALSE,"Non-significant / other",,,
"TCONS_00181851","XLOC_029729","RBM45","PB.10219.4","c",0.0172,0.0172,0.852279498795875,9.92250083141642e-08,FALSE,TRUE,,,,,,,FALSE,,TRUE,FALSE,FALSE,"Non-significant / other",,,
"TCONS_00181852","XLOC_029729","RBM45","PB.10219.5","c",0.1204,0.1204,9.92250083141642e-08,9.92250083141642e-08,FALSE,TRUE,,,,,,,FALSE,,TRUE,FALSE,FALSE,"Non-significant / other",,,
"TCONS_00183496","XLOC_029729","RBM45","PB.10927.3","c",-0.155833333333333,0.155833333333333,0.220118873057106,9.92250083141642e-08,FALSE,TRUE,,,,,,,FALSE,,TRUE,FALSE,FALSE,"Non-significant / other",,,
"TCONS_00168871","XLOC_030215","AGAP1","ENST00000304032.13","=",-0.0286,0.0286,0.793982415589765,6.27328011873124e-13,FALSE,FALSE,,,,,,,FALSE,,TRUE,FALSE,FALSE,"Non-significant / other",,,
"TCONS_00168873","XLOC_030215","AGAP1","ENST00000336665.9","=",0.0240666666666667,0.0240666666666667,0.661124784348556,6.27328011873124e-13,FALSE,FALSE,,,,,,,FALSE,,TRUE,FALSE,FALSE,"Non-significant / other",,,
"TCONS_00168874","XLOC_030215","AGAP1","ENST00000635100.1","=",0.186333333333333,0.186333333333333,0.0665438900573578,6.27328011873124e-13,FALSE,FALSE,,,,,,,FALSE,,TRUE,FALSE,FALSE,"Non-significant / other",,,
"TCONS_00168879","XLOC_030215","AGAP1","ENST00000619456.4","=",-0.00266666666666667,0.00266666666666667,0.942534224601604,6.27328011873124e-13,FALSE,FALSE,,,,,,,FALSE,,TRUE,FALSE,FALSE,"Non-significant / other",,,
"TCONS_00168880","XLOC_030215","AGAP1","ENST00000614409.4","=",-0.2259,0.2259,6.27328011873124e-13,6.27328011873124e-13,TRUE,FALSE,,,,,,,FALSE,,TRUE,FALSE,FALSE,"T-significant / missing in U",,,
"TCONS_00168881","XLOC_030215","AGAP1","ENST00000428334.6","=",-0.0275333333333333,0.0275333333333333,0.979858044464231,6.27328011873124e-13,FALSE,FALSE,,,,,,,FALSE,,TRUE,FALSE,FALSE,"Non-significant / other",,,
"TCONS_00168886","XLOC_030215","AGAP1","ENST00000482882.1","=",0.0243333333333333,0.0243333333333333,0.803953928780283,6.27328011873124e-13,FALSE,FALSE,,,,,,,FALSE,,TRUE,FALSE,FALSE,"Non-significant / other",,,
"TCONS_00180761","XLOC_030215","AGAP1","PB.7639.1","j",0.0166666666666667,0.0166666666666667,0.851356027715158,6.27328011873124e-13,FALSE,TRUE,,,,,,,FALSE,,TRUE,FALSE,FALSE,"Non-significant / other",,,
"TCONS_00169031","XLOC_030243","ASB1","ENST00000469885.1","=",0.004,0.004,0.866828068907984,0.00495470430030583,FALSE,FALSE,,,,,,,FALSE,,TRUE,FALSE,FALSE,"Non-significant / other",,,
"TCONS_00169032","XLOC_030243","ASB1","ENST00000264607.9","=",-0.0497666666666667,0.0497666666666667,0.572242462029341,0.00495470430030583,FALSE,FALSE,,,,,,,FALSE,,TRUE,FALSE,FALSE,"Non-significant / other",,,
"TCONS_00169033","XLOC_030243","ASB1","ENST00000409297.1","=",-0.0263,0.0263,0.820624300496758,0.00495470430030583,FALSE,FALSE,,,,,,,FALSE,,TRUE,FALSE,FALSE,"Non-significant / other",,,
"TCONS_00169038","XLOC_030243","ASB1","ENST00000473306.1","=",-0.0384666666666666,0.0384666666666666,0.791605941645424,0.00495470430030583,FALSE,FALSE,,,,,,,FALSE,,TRUE,FALSE,FALSE,"Non-significant / other",,,
"TCONS_00182112","XLOC_030243","ASB1","PB.10598.3","j",0.00543333333333333,0.00543333333333333,0.921713450440809,0.00495470430030583,FALSE,TRUE,,,,,,,FALSE,,TRUE,FALSE,FALSE,"Non-significant / other",,,
"TCONS_00182113","XLOC_030243","ASB1","PB.10598.4","c",-0.1235,0.1235,0.00495470430030583,0.00495470430030583,FALSE,TRUE,,,,,,,FALSE,,TRUE,FALSE,FALSE,"Non-significant / other",,,
"TCONS_00182114","XLOC_030243","ASB1","PB.10598.6","c",0.144533333333333,0.144533333333333,0.156484265989771,0.00495470430030583,FALSE,TRUE,,,,,,,FALSE,,TRUE,FALSE,FALSE,"Non-significant / other",,,
"TCONS_00183695","XLOC_030243","ASB1","PB.11333.2","j",0.0241333333333333,0.0241333333333333,0.890318183065975,0.00495470430030583,FALSE,TRUE,,,,,,,FALSE,,TRUE,FALSE,FALSE,"Non-significant / other",,,
"TCONS_00183696","XLOC_030243","ASB1","PB.11333.3","j",0.0634,0.0634,0.638805328079892,0.00495470430030583,FALSE,TRUE,,,,,,,FALSE,,TRUE,FALSE,FALSE,"Non-significant / other",,,
"TCONS_00169588","XLOC_030331","RNASEH1","ENST00000422961.5","=",-0.1145,0.1145,5.07758077051243e-07,5.07758077051243e-07,FALSE,FALSE,,,,,,,FALSE,,TRUE,FALSE,FALSE,"Non-significant / other",,,
"TCONS_00169595","XLOC_030331","RNASEH1","ENST00000315212.4","=",-0.0376333333333333,0.0376333333333333,0.315421543490558,5.07758077051243e-07,FALSE,FALSE,,,,,,,FALSE,,TRUE,FALSE,FALSE,"Non-significant / other",,,
"TCONS_00182149","XLOC_030331","RNASEH1","PB.9234.25","c",-0.0377,0.0377,0.603518355639998,5.07758077051243e-07,FALSE,TRUE,,,,,,,FALSE,,TRUE,FALSE,FALSE,"Non-significant / other",,,
"TCONS_00183718","XLOC_030331","RNASEH1","PB.9884.3","j",0.000566666666666667,0.000566666666666667,0.978698048756794,5.07758077051243e-07,FALSE,TRUE,,,,,,,FALSE,,TRUE,FALSE,FALSE,"Non-significant / other",,,
"TCONS_00183719","XLOC_030331","RNASEH1","PB.9884.5","j",-0.0218666666666667,0.0218666666666667,0.750435035049008,5.07758077051243e-07,FALSE,TRUE,,,,,,,FALSE,,TRUE,FALSE,FALSE,"Non-significant / other",,,
"TCONS_00183722","XLOC_030331","RNASEH1","PB.9885.9","c",0.0257333333333333,0.0257333333333333,0.424084593402833,5.07758077051243e-07,FALSE,TRUE,,,,,,,FALSE,,TRUE,FALSE,FALSE,"Non-significant / other",,,
"TCONS_00183723","XLOC_030331","RNASEH1","PB.9885.7","j",-0.00613333333333333,0.00613333333333333,1,5.07758077051243e-07,FALSE,TRUE,,,,,,,FALSE,,TRUE,FALSE,FALSE,"Non-significant / other",,,
"TCONS_00183724","XLOC_030331","RNASEH1","PB.9885.11","j",0.0140666666666667,0.0140666666666667,0.791143963441629,5.07758077051243e-07,FALSE,TRUE,,,,,,,FALSE,,TRUE,FALSE,FALSE,"Non-significant / other",,,
"TCONS_00183726","XLOC_030331","RNASEH1","PB.9885.12","c",0.1004,0.1004,0.592961215921255,5.07758077051243e-07,FALSE,TRUE,,,,,,,FALSE,,TRUE,FALSE,FALSE,"Non-significant / other",,,
"TCONS_00183727","XLOC_030331","RNASEH1","PB.9885.13","c",-0.00676666666666666,0.00676666666666666,0.903710494408025,5.07758077051243e-07,FALSE,TRUE,,,,,,,FALSE,,TRUE,FALSE,FALSE,"Non-significant / other",,,
"TCONS_00183728","XLOC_030331","RNASEH1","PB.9885.14","c",0.119533333333333,0.119533333333333,0.00179413562204685,5.07758077051243e-07,FALSE,TRUE,,,,,,,FALSE,,TRUE,FALSE,FALSE,"Non-significant / other",,,
"TCONS_00170145","XLOC_030459","HS1BP3","ENST00000446825.1","=",0.0229333333333333,0.0229333333333333,0.808514905899191,2.24715251368708e-05,FALSE,FALSE,,,,,,,FALSE,,TRUE,FALSE,FALSE,"Non-significant / other",,,
"TCONS_00170150","XLOC_030459","HS1BP3","ENST00000651498.1","=",-0.00163333333333333,0.00163333333333333,0.997577955581167,2.24715251368708e-05,FALSE,FALSE,,,,,,,FALSE,,TRUE,FALSE,FALSE,"Non-significant / other",,,
"TCONS_00170151","XLOC_030459","HS1BP3","ENST00000304031.8","=",-0.211666666666667,0.211666666666667,2.24715251368708e-05,2.24715251368708e-05,TRUE,FALSE,,,,,,,FALSE,,TRUE,FALSE,FALSE,"T-significant / missing in U",,,
"TCONS_00170152","XLOC_030459","HS1BP3","ENST00000458740.5","=",-0.0187333333333333,0.0187333333333333,0.884952257573163,2.24715251368708e-05,FALSE,FALSE,,,,,,,FALSE,,TRUE,FALSE,FALSE,"Non-significant / other",,,
"TCONS_00170153","XLOC_030459","HS1BP3","ENST00000445102.1","=",0.0039,0.0039,0.971807915567184,2.24715251368708e-05,FALSE,FALSE,,,,,,,FALSE,,TRUE,FALSE,FALSE,"Non-significant / other",,,
"TCONS_00170154","XLOC_030459","HS1BP3","ENST00000402541.5","=",0.0122333333333333,0.0122333333333333,0.853053188974598,2.24715251368708e-05,FALSE,FALSE,,,,,,,FALSE,,TRUE,FALSE,FALSE,"Non-significant / other",,,
"TCONS_00170155","XLOC_030459","HS1BP3","ENST00000406618.3","=",0.0671333333333333,0.0671333333333333,0.0270184926658816,2.24715251368708e-05,FALSE,FALSE,,,,,,,FALSE,,TRUE,FALSE,FALSE,"Non-significant / other",,,
"TCONS_00182214","XLOC_030459","HS1BP3","PB.9306.2","j",0.125766666666667,0.125766666666667,0.00266907367254315,2.24715251368708e-05,FALSE,TRUE,,,,,,,FALSE,,TRUE,FALSE,FALSE,"Non-significant / other",,,
"TCONS_00170563","XLOC_030548","RBKS","ENST00000302188.8","=",-0.329166666666667,0.329166666666667,0.00107544182710675,8.63077645685015e-12,TRUE,FALSE,"XLOC_030548","RBKS",-0.0285,0.0285,0.990334639591299,0.00127425782217146,FALSE,FALSE,TRUE,TRUE,TRUE,"T-significant / U-present non-sig",TRUE,0.300666666666667,0.300666666666667
"TCONS_00170564","XLOC_030548","RBKS","ENST00000449378.1","=",-0.0155666666666667,0.0155666666666667,0.447806593857493,8.63077645685015e-12,FALSE,FALSE,"XLOC_030548","RBKS",0.000766666666666667,0.000766666666666667,1,0.00127425782217146,FALSE,FALSE,TRUE,TRUE,TRUE,"Non-significant / other",FALSE,0.0163333333333333,0.0163333333333333
"TCONS_00170565","XLOC_030548","RBKS","ENST00000458185.1","=",-0.000933333333333335,0.000933333333333335,0.965069481405758,8.63077645685015e-12,FALSE,FALSE,"XLOC_030548","RBKS",-0.00763333333333334,0.00763333333333334,0.996799189625152,0.00127425782217146,FALSE,FALSE,TRUE,TRUE,TRUE,"Non-significant / other",TRUE,-0.0067,0.0067
"TCONS_00170566","XLOC_030548","RBKS","ENST00000453412.1","=",0.4408,0.4408,8.63077645685015e-12,8.63077645685015e-12,TRUE,FALSE,"XLOC_030548","RBKS",0.139666666666667,0.139666666666667,0.00127425782217146,0.00127425782217146,FALSE,FALSE,TRUE,TRUE,TRUE,"T-significant / U-present non-sig",TRUE,-0.301133333333333,0.301133333333333
"TCONS_00179514","XLOC_030548","RBKS","PB.6784.2","j",-0.0180666666666667,0.0180666666666667,0.485380841394982,8.63077645685015e-12,FALSE,TRUE,"XLOC_030548","RBKS",-0.0069,0.0069,0.983399061410734,0.00127425782217146,FALSE,TRUE,TRUE,TRUE,TRUE,"Non-significant / other",TRUE,0.0111666666666667,0.0111666666666667
"TCONS_00182265","XLOC_030548","RBKS","PB.9381.1","c",-0.0283,0.0283,0.962046629807009,8.63077645685015e-12,FALSE,TRUE,"XLOC_030548","RBKS",-0.144433333333333,0.144433333333333,0.899896895000781,0.00127425782217146,FALSE,TRUE,TRUE,TRUE,TRUE,"Non-significant / other",TRUE,-0.116133333333333,0.116133333333333
"TCONS_00182268","XLOC_030548","RBKS","PB.9381.5","j",-0.0355666666666667,0.0355666666666667,0.588410892007945,8.63077645685015e-12,FALSE,TRUE,"XLOC_030548","RBKS",0.0117333333333333,0.0117333333333333,0.989705381373525,0.00127425782217146,FALSE,TRUE,TRUE,TRUE,TRUE,"Non-significant / other",FALSE,0.0473,0.0473
"TCONS_00183814","XLOC_030548","RBKS","PB.10033.1","j",0.0014,0.0014,1,8.63077645685015e-12,FALSE,TRUE,"XLOC_030548","RBKS",-0.0155333333333333,0.0155333333333333,0.985467039818723,0.00127425782217146,FALSE,TRUE,TRUE,TRUE,TRUE,"Non-significant / other",FALSE,-0.0169333333333333,0.0169333333333333
"TCONS_00173375","XLOC_031146","MRPS5","ENST00000272418.7","=",-0.0189666666666667,0.0189666666666667,0.376700596526739,0.00843827408187243,FALSE,FALSE,,,,,,,FALSE,,TRUE,FALSE,FALSE,"Non-significant / other",,,
"TCONS_00173381","XLOC_031146","MRPS5","ENST00000345084.10","=",0.0162666666666667,0.0162666666666667,0.69524994499163,0.00843827408187243,FALSE,FALSE,,,,,,,FALSE,,TRUE,FALSE,FALSE,"Non-significant / other",,,
"TCONS_00173385","XLOC_031146","MRPS5","ENST00000461916.6","=",0.0108333333333333,0.0108333333333333,0.705077577980117,0.00843827408187243,FALSE,FALSE,,,,,,,FALSE,,TRUE,FALSE,FALSE,"Non-significant / other",,,
"TCONS_00173388","XLOC_031146","MRPS5","ENST00000482821.5","=",0.00143333333333333,0.00143333333333333,0.960317195296394,0.00843827408187243,FALSE,FALSE,,,,,,,FALSE,,TRUE,FALSE,FALSE,"Non-significant / other",,,
"TCONS_00173393","XLOC_031146","MRPS5","ENST00000295208.7","=",-0.00473333333333333,0.00473333333333333,0.809073332603904,0.00843827408187243,FALSE,FALSE,,,,,,,FALSE,,TRUE,FALSE,FALSE,"Non-significant / other",,,
"TCONS_00173394","XLOC_031146","MRPS5","ENST00000695481.1","=",-0.00273333333333333,0.00273333333333333,0.969718571878855,0.00843827408187243,FALSE,FALSE,,,,,,,FALSE,,TRUE,FALSE,FALSE,"Non-significant / other",,,
"TCONS_00173396","XLOC_031146","MRPS5","ENST00000411425.1","=",-0.000999999999999999,0.000999999999999999,0.993041813401932,0.00843827408187243,FALSE,FALSE,,,,,,,FALSE,,TRUE,FALSE,FALSE,"Non-significant / other",,,
"TCONS_00173397","XLOC_031146","MRPS5","ENST00000447814.1","=",-0.0182,0.0182,0.519761934211296,0.00843827408187243,FALSE,FALSE,,,,,,,FALSE,,TRUE,FALSE,FALSE,"Non-significant / other",,,
"TCONS_00179773","XLOC_031146","MRPS5","PB.9162.3","n",0.00486666666666667,0.00486666666666667,0.960317195296394,0.00843827408187243,FALSE,TRUE,,,,,,,FALSE,,TRUE,FALSE,FALSE,"Non-significant / other",,,
"TCONS_00179774","XLOC_031146","MRPS5","PB.9162.6","c",-0.1014,0.1014,0.059943188466364,0.00843827408187243,FALSE,TRUE,,,,,,,FALSE,,TRUE,FALSE,FALSE,"Non-significant / other",,,
"TCONS_00182534","XLOC_031146","MRPS5","PB.9806.3","c",0.121366666666667,0.121366666666667,0.00843827408187243,0.00843827408187243,FALSE,TRUE,,,,,,,FALSE,,TRUE,FALSE,FALSE,"Non-significant / other",,,
"TCONS_00173595","XLOC_031205","MGAT4A","ENST00000393487.6","=",0.0143,0.0143,0.951146478281843,7.16036002217278e-16,FALSE,FALSE,"XLOC_031205","MGAT4A",-0.00476666666666664,0.00476666666666664,1,0.000516752013785854,FALSE,FALSE,TRUE,TRUE,TRUE,"Non-significant / other",FALSE,-0.0190666666666666,0.0190666666666666
"TCONS_00173596","XLOC_031205","MGAT4A","ENST00000414521.6","=",-0.171233333333333,0.171233333333333,7.16036002217278e-16,7.16036002217278e-16,TRUE,FALSE,"XLOC_031205","MGAT4A",-0.153666666666667,0.153666666666667,0.000516752013785854,0.000516752013785854,TRUE,FALSE,TRUE,TRUE,TRUE,"Shared significant",TRUE,0.0175666666666667,0.0175666666666667
"TCONS_00173602","XLOC_031205","MGAT4A","ENST00000495056.2","=",0.0130666666666667,0.0130666666666667,0.91621333907437,7.16036002217278e-16,FALSE,FALSE,"XLOC_031205","MGAT4A",0.0256666666666667,0.0256666666666667,0.818481358939383,0.000516752013785854,FALSE,FALSE,TRUE,TRUE,TRUE,"Non-significant / other",TRUE,0.0126,0.0126
"TCONS_00179806","XLOC_031205","MGAT4A","PB.9193.4","j",0.165866666666667,0.165866666666667,7.40558680401664e-05,7.16036002217278e-16,TRUE,TRUE,"XLOC_031205","MGAT4A",0.1734,0.1734,0.0883524001697549,0.000516752013785854,FALSE,TRUE,TRUE,TRUE,TRUE,"T-significant / U-present non-sig",TRUE,0.00753333333333328,0.00753333333333328
"TCONS_00179807","XLOC_031205","MGAT4A","PB.9193.5","c",-0.0510333333333333,0.0510333333333333,2.67834642086556e-05,7.16036002217278e-16,FALSE,TRUE,,,,,,,FALSE,,TRUE,FALSE,FALSE,"Non-significant / other",,,
"TCONS_00182575","XLOC_031205","MGAT4A","PB.9860.3","j",0.0202666666666667,0.0202666666666667,0.916819581983074,7.16036002217278e-16,FALSE,TRUE,,,,,,,FALSE,,TRUE,FALSE,FALSE,"Non-significant / other",,,
"TCONS_00173991","XLOC_031305","RGPD6","ENST00000329516.8","=",0.0382333333333333,0.0382333333333333,0.942534224601604,0.0440074539513721,FALSE,FALSE,,,,,,,FALSE,,TRUE,FALSE,FALSE,"Non-significant / other",,,
"TCONS_00173993","XLOC_031305","RGPD6","ENST00000463822.1","=",0.0229666666666667,0.0229666666666667,0.849301761197632,0.0440074539513721,FALSE,FALSE,,,,,,,FALSE,,TRUE,FALSE,FALSE,"Non-significant / other",,,
"TCONS_00173994","XLOC_031305","RGPD6","ENST00000437167.2","=",-0.0269,0.0269,1,0.0440074539513721,FALSE,FALSE,,,,,,,FALSE,,TRUE,FALSE,FALSE,"Non-significant / other",,,
"TCONS_00173995","XLOC_031305","RGPD6","ENST00000696447.1","=",0.0678666666666667,0.0678666666666667,0.86826094923666,0.0440074539513721,FALSE,FALSE,,,,,,,FALSE,,TRUE,FALSE,FALSE,"Non-significant / other",,,
"TCONS_00173997","XLOC_031305","RGPD6","ENST00000696449.1","=",0.1586,0.1586,0.0440074539513721,0.0440074539513721,TRUE,FALSE,,,,,,,FALSE,,TRUE,FALSE,FALSE,"T-significant / missing in U",,,
"TCONS_00174000","XLOC_031305","RGPD6","ENST00000473101.1","=",0.000866666666666667,0.000866666666666667,0.990118987933235,0.0440074539513721,FALSE,FALSE,,,,,,,FALSE,,TRUE,FALSE,FALSE,"Non-significant / other",,,
"TCONS_00174001","XLOC_031305","RGPD6","ENST00000459645.1","=",0.000600000000000003,0.000600000000000003,0.978809158645834,0.0440074539513721,FALSE,FALSE,,,,,,,FALSE,,TRUE,FALSE,FALSE,"Non-significant / other",,,
"TCONS_00174003","XLOC_031305","RGPD6","ENST00000446930.1","=",-0.0271333333333333,0.0271333333333333,0.929817968200885,0.0440074539513721,FALSE,FALSE,,,,,,,FALSE,,TRUE,FALSE,FALSE,"Non-significant / other",,,
"TCONS_00174005","XLOC_031305","RGPD6","ENST00000455695.1","=",0.0413333333333333,0.0413333333333333,0.776216092179649,0.0440074539513721,FALSE,FALSE,,,,,,,FALSE,,TRUE,FALSE,FALSE,"Non-significant / other",,,
"TCONS_00179851","XLOC_031305","RGPD6","PB.9260.2","c",-0.292266666666667,0.292266666666667,0.702067410106406,0.0440074539513721,FALSE,TRUE,,,,,,,FALSE,,TRUE,FALSE,FALSE,"Non-significant / other",,,
"TCONS_00174225","XLOC_031341","RPL23AP7","ENST00000416673.6","=",0.0029,0.0029,0.945854592411088,0.0460936709963483,FALSE,FALSE,,,,,,,FALSE,,TRUE,FALSE,FALSE,"Non-significant / other",,,
"TCONS_00174226","XLOC_031341","RPL23AP7","PB.9299.1","=",-0.105733333333333,0.105733333333333,0.0460936709963483,0.0460936709963483,FALSE,TRUE,,,,,,,FALSE,,TRUE,FALSE,FALSE,"Non-significant / other",,,
"TCONS_00174227","XLOC_031341","RPL23AP7","ENST00000449021.1","=",0.103366666666667,0.103366666666667,0.201612202314833,0.0460936709963483,FALSE,FALSE,,,,,,,FALSE,,TRUE,FALSE,FALSE,"Non-significant / other",,,
"TCONS_00179877","XLOC_031341","RPL23AP7","PB.9958.2","k",-0.0487666666666667,0.0487666666666667,0.618760040363805,0.0460936709963483,FALSE,TRUE,,,,,,,FALSE,,TRUE,FALSE,FALSE,"Non-significant / other",,,
"TCONS_00179879","XLOC_031341","RPL23AP7","PB.9958.7","j",0.0676,0.0676,0.749315338442405,0.0460936709963483,FALSE,TRUE,,,,,,,FALSE,,TRUE,FALSE,FALSE,"Non-significant / other",,,
"TCONS_00182636","XLOC_031341","RPL23AP7","PB.9958.1","k",-0.0017,0.0017,0.989488040545213,0.0460936709963483,FALSE,TRUE,,,,,,,FALSE,,TRUE,FALSE,FALSE,"Non-significant / other",,,
"TCONS_00182638","XLOC_031341","RPL23AP7","PB.9958.5","j",0.0493,0.0493,0.882225222467951,0.0460936709963483,FALSE,TRUE,,,,,,,FALSE,,TRUE,FALSE,FALSE,"Non-significant / other",,,
"TCONS_00182640","XLOC_031341","RPL23AP7","PB.9958.8","j",-0.0353666666666667,0.0353666666666667,0.946312450845199,0.0460936709963483,FALSE,TRUE,,,,,,,FALSE,,TRUE,FALSE,FALSE,"Non-significant / other",,,
"TCONS_00184073","XLOC_031341","RPL23AP7","PB.10632.1","j",-0.0045,0.0045,0.9969607588298,0.0460936709963483,FALSE,TRUE,,,,,,,FALSE,,TRUE,FALSE,FALSE,"Non-significant / other",,,
"TCONS_00184076","XLOC_031341","RPL23AP7","PB.10632.3","j",-0.0151,0.0151,0.921437576414897,0.0460936709963483,FALSE,TRUE,,,,,,,FALSE,,TRUE,FALSE,FALSE,"Non-significant / other",,,
"TCONS_00184077","XLOC_031341","RPL23AP7","PB.10632.4","j",-0.0227333333333333,0.0227333333333333,0.724376836704517,0.0460936709963483,FALSE,TRUE,,,,,,,FALSE,,TRUE,FALSE,FALSE,"Non-significant / other",,,
"TCONS_00184078","XLOC_031341","RPL23AP7","PB.10632.6","j",0.0184666666666667,0.0184666666666667,0.490139365614548,0.0460936709963483,FALSE,TRUE,,,,,,,FALSE,,TRUE,FALSE,FALSE,"Non-significant / other",,,
"TCONS_00174424","XLOC_031415","LIMS2","ENST00000426981.5","=",0.0614333333333334,0.0614333333333334,0.654837149842098,0.0217259821004758,FALSE,FALSE,,,,,,,FALSE,,TRUE,FALSE,FALSE,"Non-significant / other",,,
"TCONS_00174425","XLOC_031415","LIMS2","ENST00000469300.6","=",0.00596666666666667,0.00596666666666667,0.971415173052774,0.0217259821004758,FALSE,FALSE,,,,,,,FALSE,,TRUE,FALSE,FALSE,"Non-significant / other",,,
"TCONS_00174426","XLOC_031415","LIMS2","ENST00000494613.5","=",-0.0188,0.0188,0.985071213591173,0.0217259821004758,FALSE,FALSE,,,,,,,FALSE,,TRUE,FALSE,FALSE,"Non-significant / other",,,
"TCONS_00174428","XLOC_031415","LIMS2","ENST00000409754.5","=",-0.0327333333333333,0.0327333333333333,0.963623368621842,0.0217259821004758,FALSE,FALSE,,,,,,,FALSE,,TRUE,FALSE,FALSE,"Non-significant / other",,,
"TCONS_00174430","XLOC_031415","LIMS2","ENST00000324938.9","=",-0.216233333333333,0.216233333333333,0.0217259821004758,0.0217259821004758,TRUE,FALSE,,,,,,,FALSE,,TRUE,FALSE,FALSE,"T-significant / missing in U",,,
"TCONS_00174431","XLOC_031415","LIMS2","ENST00000355119.9","=",0.0629666666666667,0.0629666666666667,0.831654661416719,0.0217259821004758,FALSE,FALSE,,,,,,,FALSE,,TRUE,FALSE,FALSE,"Non-significant / other",,,
"TCONS_00174438","XLOC_031415","LIMS2","ENST00000545738.6","=",0.1623,0.1623,0.420841875794278,0.0217259821004758,FALSE,FALSE,,,,,,,FALSE,,TRUE,FALSE,FALSE,"Non-significant / other",,,
"TCONS_00174439","XLOC_031415","LIMS2","ENST00000413578.5","=",-0.0239666666666667,0.0239666666666667,0.951096519761328,0.0217259821004758,FALSE,FALSE,,,,,,,FALSE,,TRUE,FALSE,FALSE,"Non-significant / other",,,
"TCONS_00174468","XLOC_031422","SAP130","ENST00000357702.9","=",-0.0125666666666667,0.0125666666666667,0.801984963863257,0.00842241565329453,FALSE,FALSE,,,,,,,FALSE,,TRUE,FALSE,FALSE,"Non-significant / other",,,
"TCONS_00174470","XLOC_031422","SAP130","ENST00000643581.2","=",0.0869333333333333,0.0869333333333333,0.221559343321235,0.00842241565329453,FALSE,FALSE,,,,,,,FALSE,,TRUE,FALSE,FALSE,"Non-significant / other",,,
"TCONS_00174471","XLOC_031422","SAP130","ENST00000259234.10","=",0.0022,0.0022,0.965132224912913,0.00842241565329453,FALSE,FALSE,,,,,,,FALSE,,TRUE,FALSE,FALSE,"Non-significant / other",,,
"TCONS_00179901","XLOC_031422","SAP130","PB.9346.2","j",-0.0745,0.0745,0.80305439906389,0.00842241565329453,FALSE,TRUE,,,,,,,FALSE,,TRUE,FALSE,FALSE,"Non-significant / other",,,
"TCONS_00179902","XLOC_031422","SAP130","PB.9346.1","j",0.00996666666666667,0.00996666666666667,0.902836815260018,0.00842241565329453,FALSE,TRUE,,,,,,,FALSE,,TRUE,FALSE,FALSE,"Non-significant / other",,,
"TCONS_00179903","XLOC_031422","SAP130","PB.9346.5","c",0.186566666666667,0.186566666666667,0.00842241565329453,0.00842241565329453,TRUE,TRUE,,,,,,,FALSE,,TRUE,FALSE,FALSE,"T-significant / missing in U",,,
"TCONS_00181043","XLOC_031422","SAP130","PB.7210.2","c",-0.123233333333333,0.123233333333333,0.434166419404314,0.00842241565329453,FALSE,TRUE,,,,,,,FALSE,,TRUE,FALSE,FALSE,"Non-significant / other",,,
"TCONS_00184104","XLOC_031422","SAP130","PB.10684.2","c",-0.0793,0.0793,0.620804116171177,0.00842241565329453,FALSE,TRUE,,,,,,,FALSE,,TRUE,FALSE,FALSE,"Non-significant / other",,,
"TCONS_00177112","XLOC_032056","MREG","ENST00000263268.11","=",0.144333333333333,0.144333333333333,0.00458148667166319,1.78614178981197e-12,FALSE,FALSE,"XLOC_032056","MREG",0.0817,0.0817,0.925388880447992,6.41642409669184e-06,FALSE,FALSE,TRUE,TRUE,TRUE,"Non-significant / other",TRUE,-0.0626333333333333,0.0626333333333333
"TCONS_00177113","XLOC_032056","MREG","ENST00000620139.4","=",0.146133333333333,0.146133333333333,0.00355836793682385,1.78614178981197e-12,FALSE,FALSE,"XLOC_032056","MREG",0.211166666666667,0.211166666666667,0.00925199205308195,6.41642409669184e-06,TRUE,FALSE,TRUE,TRUE,TRUE,"U-significant / T-present non-sig",TRUE,0.0650333333333334,0.0650333333333334
"TCONS_00177118","XLOC_032056","MREG","ENST00000265322.8","=",-0.332966666666667,0.332966666666667,1.78614178981197e-12,1.78614178981197e-12,TRUE,FALSE,"XLOC_032056","MREG",-0.308733333333333,0.308733333333333,6.41642409669184e-06,6.41642409669184e-06,TRUE,FALSE,TRUE,TRUE,TRUE,"Shared significant",TRUE,0.0242333333333333,0.0242333333333333
"TCONS_00177119","XLOC_032056","MREG","ENST00000461330.5","=",-0.108966666666667,0.108966666666667,0.473380514236218,1.78614178981197e-12,FALSE,FALSE,"XLOC_032056","MREG",-0.0295,0.0295,1,6.41642409669184e-06,FALSE,FALSE,TRUE,TRUE,TRUE,"Non-significant / other",TRUE,0.0794666666666667,0.0794666666666667
"TCONS_00177122","XLOC_032056","MREG","ENST00000487318.6","=",-0.0139333333333333,0.0139333333333333,0.984794452028574,1.78614178981197e-12,FALSE,FALSE,,,,,,,FALSE,,TRUE,FALSE,FALSE,"Non-significant / other",,,
"TCONS_00181164","XLOC_032056","MREG","PB.11171.1","c",0.171366666666667,0.171366666666667,0.378712214529037,1.78614178981197e-12,FALSE,TRUE,"XLOC_032056","MREG",0.119133333333333,0.119133333333333,0.258867953488851,6.41642409669184e-06,FALSE,TRUE,TRUE,TRUE,TRUE,"Non-significant / other",TRUE,-0.0522333333333333,0.0522333333333333
"TCONS_00184507","XLOC_032370","ATRN","ENST00000262919.10","=",-0.207866666666667,0.207866666666667,0.00126975818903057,0.00126975818903057,TRUE,FALSE,,,,,,,FALSE,,TRUE,FALSE,FALSE,"T-significant / missing in U",,,
"TCONS_00184508","XLOC_032370","ATRN","ENST00000446916.2","=",0.154366666666667,0.154366666666667,0.0613313275723905,0.00126975818903057,FALSE,FALSE,,,,,,,FALSE,,TRUE,FALSE,FALSE,"Non-significant / other",,,
"TCONS_00190168","XLOC_032370","ATRN","PB.9919.2","j",0.0535333333333333,0.0535333333333333,0.34117321497803,0.00126975818903057,FALSE,TRUE,,,,,,,FALSE,,TRUE,FALSE,FALSE,"Non-significant / other",,,
"TCONS_00184952","XLOC_032481","RIN2","ENST00000648165.1","=",-0.0489666666666667,0.0489666666666667,0.117104742828655,0.030842577630876,FALSE,FALSE,,,,,,,FALSE,,TRUE,FALSE,FALSE,"Non-significant / other",,,
"TCONS_00184953","XLOC_032481","RIN2","ENST00000616029.2","=",-0.0064,0.0064,0.87929220694224,0.030842577630876,FALSE,FALSE,,,,,,,FALSE,,TRUE,FALSE,FALSE,"Non-significant / other",,,
"TCONS_00184954","XLOC_032481","RIN2","ENST00000412571.1","=",-0.180766666666667,0.180766666666667,0.030842577630876,0.030842577630876,TRUE,FALSE,"XLOC_032481","RIN2",-0.0136,0.0136,0.980958915657151,0.000301325584856569,FALSE,FALSE,TRUE,TRUE,TRUE,"T-significant / U-present non-sig",TRUE,0.167166666666667,0.167166666666667
"TCONS_00184955","XLOC_032481","RIN2","ENST00000255006.12","=",0.1437,0.1437,0.245452031878147,0.030842577630876,FALSE,FALSE,"XLOC_032481","RIN2",0.2246,0.2246,0.000301325584856569,0.000301325584856569,TRUE,FALSE,TRUE,TRUE,TRUE,"U-significant / T-present non-sig",TRUE,0.0809,0.0809
"TCONS_00184956","XLOC_032481","RIN2","ENST00000426012.1","=",-0.0241,0.0241,0.463142567300436,0.030842577630876,FALSE,FALSE,,,,,,,FALSE,,TRUE,FALSE,FALSE,"Non-significant / other",,,
"TCONS_00184957","XLOC_032481","RIN2","ENST00000648440.1","=",0.0106,0.0106,0.926639568331262,0.030842577630876,FALSE,FALSE,"XLOC_032481","RIN2",-0.0587333333333333,0.0587333333333333,0.0528152689868673,0.000301325584856569,FALSE,FALSE,TRUE,TRUE,TRUE,"Non-significant / other",FALSE,-0.0693333333333333,0.0693333333333333
"TCONS_00184963","XLOC_032481","RIN2","ENST00000484638.1","=",0.127733333333333,0.127733333333333,0.350425575358733,0.030842577630876,FALSE,FALSE,"XLOC_032481","RIN2",-0.170366666666667,0.170366666666667,0.170925320753295,0.000301325584856569,FALSE,FALSE,TRUE,TRUE,TRUE,"Non-significant / other",FALSE,-0.2981,0.2981
"TCONS_00191015","XLOC_032481","RIN2","PB.10739.1","j",-0.0134666666666667,0.0134666666666667,0.880474296187872,0.030842577630876,FALSE,TRUE,,,,,,,FALSE,,TRUE,FALSE,FALSE,"Non-significant / other",,,
"TCONS_00185531","XLOC_032639","ACSS2","ENST00000481284.5","=",0.0271666666666667,0.0271666666666667,0.00106472957798689,0.00106472957798689,FALSE,FALSE,,,,,,,FALSE,,TRUE,FALSE,FALSE,"Non-significant / other",,,
"TCONS_00185537","XLOC_032639","ACSS2","ENST00000473172.5","=",0.0186333333333333,0.0186333333333333,0.751706328737582,0.00106472957798689,FALSE,FALSE,,,,,,,FALSE,,TRUE,FALSE,FALSE,"Non-significant / other",,,
"TCONS_00185541","XLOC_032639","ACSS2","ENST00000360596.7","=",-0.0818666666666667,0.0818666666666667,0.253784176116458,0.00106472957798689,FALSE,FALSE,,,,,,,FALSE,,TRUE,FALSE,FALSE,"Non-significant / other",,,
"TCONS_00185543","XLOC_032639","ACSS2","ENST00000476922.5","=",-0.00326666666666667,0.00326666666666667,0.91642739274155,0.00106472957798689,FALSE,FALSE,,,,,,,FALSE,,TRUE,FALSE,FALSE,"Non-significant / other",,,
"TCONS_00185547","XLOC_032639","ACSS2","ENST00000491533.5","=",0.0985,0.0985,0.081916234270521,0.00106472957798689,FALSE,FALSE,,,,,,,FALSE,,TRUE,FALSE,FALSE,"Non-significant / other",,,
"TCONS_00185548","XLOC_032639","ACSS2","ENST00000490464.1","=",-0.0247,0.0247,0.50829643341459,0.00106472957798689,FALSE,FALSE,,,,,,,FALSE,,TRUE,FALSE,FALSE,"Non-significant / other",,,
"TCONS_00185550","XLOC_032639","ACSS2","ENST00000494727.1","=",-0.00176666666666667,0.00176666666666667,0.99246724822025,0.00106472957798689,FALSE,FALSE,,,,,,,FALSE,,TRUE,FALSE,FALSE,"Non-significant / other",,,
"TCONS_00190277","XLOC_032639","ACSS2","PB.10057.1","m",-0.0111666666666667,0.0111666666666667,0.707308387422943,0.00106472957798689,FALSE,TRUE,,,,,,,FALSE,,TRUE,FALSE,FALSE,"Non-significant / other",,,
"TCONS_00190761","XLOC_032639","ACSS2","PB.7805.2","c",-0.145833333333333,0.145833333333333,0.0135739174448707,0.00106472957798689,FALSE,TRUE,,,,,,,FALSE,,TRUE,FALSE,FALSE,"Non-significant / other",,,
"TCONS_00191065","XLOC_032639","ACSS2","PB.10819.1","c",0.1106,0.1106,0.476303862470509,0.00106472957798689,FALSE,TRUE,,,,,,,FALSE,,TRUE,FALSE,FALSE,"Non-significant / other",,,
"TCONS_00191520","XLOC_032639","ACSS2","PB.11584.1","c",-0.00563333333333333,0.00563333333333333,0.855128037638271,0.00106472957798689,FALSE,TRUE,,,,,,,FALSE,,TRUE,FALSE,FALSE,"Non-significant / other",,,
"TCONS_00187636","XLOC_033051","SIGLEC1","ENST00000419548.4","=",0.1351,0.1351,1.45182767284446e-05,1.45182767284446e-05,FALSE,FALSE,,,,,,,FALSE,,TRUE,FALSE,FALSE,"Non-significant / other",,,
"TCONS_00187637","XLOC_033051","SIGLEC1","ENST00000344754.6","=",-0.1255,0.1255,0.34708743988265,1.45182767284446e-05,FALSE,FALSE,,,,,,,FALSE,,TRUE,FALSE,FALSE,"Non-significant / other",,,
"TCONS_00190475","XLOC_033051","SIGLEC1","PB.9921.1","m",-0.0096,0.0096,0.998059525417206,1.45182767284446e-05,FALSE,TRUE,,,,,,,FALSE,,TRUE,FALSE,FALSE,"Non-significant / other",,,
"TCONS_00187801","XLOC_033100","TMX4","ENST00000246024.7","=",-0.0242333333333333,0.0242333333333333,0.652056910289432,0.00168860608028203,FALSE,FALSE,,,,,,,FALSE,,TRUE,FALSE,FALSE,"Non-significant / other",,,
"TCONS_00187802","XLOC_033100","TMX4","ENST00000527925.1","=",-0.0025,0.0025,0.93209359879781,0.00168860608028203,FALSE,FALSE,,,,,,,FALSE,,TRUE,FALSE,FALSE,"Non-significant / other",,,
"TCONS_00190849","XLOC_033100","TMX4","PB.7721.1","c",0.0395,0.0395,0.800359080803003,0.00168860608028203,FALSE,TRUE,,,,,,,FALSE,,TRUE,FALSE,FALSE,"Non-significant / other",,,
"TCONS_00191255","XLOC_033100","TMX4","PB.10694.4","c",-0.1186,0.1186,0.333706224229762,0.00168860608028203,FALSE,TRUE,,,,,,,FALSE,,TRUE,FALSE,FALSE,"Non-significant / other",,,
"TCONS_00191659","XLOC_033100","TMX4","PB.11441.3","c",0.105866666666667,0.105866666666667,0.00168860608028203,0.00168860608028203,FALSE,TRUE,,,,,,,FALSE,,TRUE,FALSE,FALSE,"Non-significant / other",,,
"TCONS_00188508","XLOC_033318","BCL2L1","ENST00000376062.6","=",0.115566666666667,0.115566666666667,0.054696801330252,1.31301008256335e-06,FALSE,FALSE,,,,,,,FALSE,,TRUE,FALSE,FALSE,"Non-significant / other",,,
"TCONS_00188509","XLOC_033318","BCL2L1","ENST00000376055.9","=",-0.00286666666666667,0.00286666666666667,0.938133377522151,1.31301008256335e-06,FALSE,FALSE,,,,,,,FALSE,,TRUE,FALSE,FALSE,"Non-significant / other",,,
"TCONS_00188510","XLOC_033318","BCL2L1","ENST00000307677.5","=",0.0738666666666666,0.0738666666666666,0.0022606356866691,1.31301008256335e-06,FALSE,FALSE,,,,,,,FALSE,,TRUE,FALSE,FALSE,"Non-significant / other",,,
"TCONS_00188511","XLOC_033318","BCL2L1","ENST00000677194.1","=",0.112266666666667,0.112266666666667,0.583125835431066,1.31301008256335e-06,FALSE,FALSE,,,,,,,FALSE,,TRUE,FALSE,FALSE,"Non-significant / other",,,
"TCONS_00188512","XLOC_033318","BCL2L1","ENST00000434194.2","=",0.0134,0.0134,0.330735653591392,1.31301008256335e-06,FALSE,FALSE,,,,,,,FALSE,,TRUE,FALSE,FALSE,"Non-significant / other",,,
"TCONS_00188513","XLOC_033318","BCL2L1","ENST00000676582.1","=",-0.00483333333333333,0.00483333333333333,0.882563147305497,1.31301008256335e-06,FALSE,FALSE,,,,,,,FALSE,,TRUE,FALSE,FALSE,"Non-significant / other",,,
"TCONS_00188515","XLOC_033318","BCL2L1","ENST00000456404.6","=",-0.0458,0.0458,5.99522186739859e-05,1.31301008256335e-06,FALSE,FALSE,,,,,,,FALSE,,TRUE,FALSE,FALSE,"Non-significant / other",,,
"TCONS_00188516","XLOC_033318","BCL2L1","ENST00000678563.1","=",-0.0513666666666667,0.0513666666666667,1.31301008256335e-06,1.31301008256335e-06,FALSE,FALSE,,,,,,,FALSE,,TRUE,FALSE,FALSE,"Non-significant / other",,,
"TCONS_00188517","XLOC_033318","BCL2L1","ENST00000420488.6","=",-0.0343,0.0343,0.0567421448674881,1.31301008256335e-06,FALSE,FALSE,,,,,,,FALSE,,TRUE,FALSE,FALSE,"Non-significant / other",,,
"TCONS_00188518","XLOC_033318","BCL2L1","ENST00000439267.2","=",-0.129333333333333,0.129333333333333,1.89769264992705e-06,1.31301008256335e-06,FALSE,FALSE,,,,,,,FALSE,,TRUE,FALSE,FALSE,"Non-significant / other",,,
"TCONS_00188520","XLOC_033318","BCL2L1","ENST00000677494.1","=",-0.0517666666666667,0.0517666666666667,0.674190121388891,1.31301008256335e-06,FALSE,FALSE,,,,,,,FALSE,,TRUE,FALSE,FALSE,"Non-significant / other",,,
"TCONS_00190859","XLOC_033318","BCL2L1","PB.7774.4","j",0.00593333333333333,0.00593333333333333,0.861871671695584,1.31301008256335e-06,FALSE,TRUE,,,,,,,FALSE,,TRUE,FALSE,FALSE,"Non-significant / other",,,
"TCONS_00189147","XLOC_033438","ZHX3","ENST00000421422.1","=",-0.0223,0.0223,0.978160772244704,4.16930894494288e-05,FALSE,FALSE,,,,,,,FALSE,,TRUE,FALSE,FALSE,"Non-significant / other",,,
"TCONS_00189148","XLOC_033438","ZHX3","ENST00000309060.7","=",-0.102033333333333,0.102033333333333,0.665927218754348,4.16930894494288e-05,FALSE,FALSE,,,,,,,FALSE,,TRUE,FALSE,FALSE,"Non-significant / other",,,
"TCONS_00189149","XLOC_033438","ZHX3","ENST00000683867.1","=",-0.0411333333333333,0.0411333333333333,0.953566496730468,4.16930894494288e-05,FALSE,FALSE,,,,,,,FALSE,,TRUE,FALSE,FALSE,"Non-significant / other",,,
"TCONS_00189151","XLOC_033438","ZHX3","ENST00000559234.5","=",0.0255,0.0255,0.95908554376584,4.16930894494288e-05,FALSE,FALSE,,,,,,,FALSE,,TRUE,FALSE,FALSE,"Non-significant / other",,,
"TCONS_00189152","XLOC_033438","ZHX3","ENST00000544979.6","=",0.0319666666666667,0.0319666666666667,0.838574332310464,4.16930894494288e-05,FALSE,FALSE,,,,,,,FALSE,,TRUE,FALSE,FALSE,"Non-significant / other",,,
"TCONS_00189153","XLOC_033438","ZHX3","ENST00000559436.2","=",-0.0486333333333333,0.0486333333333333,0.946312450845199,4.16930894494288e-05,FALSE,FALSE,,,,,,,FALSE,,TRUE,FALSE,FALSE,"Non-significant / other",,,
"TCONS_00189156","XLOC_033438","ZHX3","ENST00000432768.6","=",0.1237,0.1237,4.16930894494288e-05,4.16930894494288e-05,FALSE,FALSE,,,,,,,FALSE,,TRUE,FALSE,FALSE,"Non-significant / other",,,
"TCONS_00189158","XLOC_033438","ZHX3","ENST00000373261.5","=",0.0105333333333333,0.0105333333333333,0.995103391677939,4.16930894494288e-05,FALSE,FALSE,,,,,,,FALSE,,TRUE,FALSE,FALSE,"Non-significant / other",,,
"TCONS_00189160","XLOC_033438","ZHX3","ENST00000436099.6","=",0.0231,0.0231,0.861628925504353,4.16930894494288e-05,FALSE,FALSE,,,,,,,FALSE,,TRUE,FALSE,FALSE,"Non-significant / other",,,
"TCONS_00191749","XLOC_033438","ZHX3","PB.11648.2","c",0.0183,0.0183,0.980155356523029,4.16930894494288e-05,FALSE,TRUE,,,,,,,FALSE,,TRUE,FALSE,FALSE,"Non-significant / other",,,
"TCONS_00189299","XLOC_033473","TOMM34","PB.7872.1","=",-0.0344666666666667,0.0344666666666667,0.854544376614417,0.00780956928227686,FALSE,TRUE,,,,,,,FALSE,,TRUE,FALSE,FALSE,"Non-significant / other",,,
"TCONS_00190641","XLOC_033473","TOMM34","PB.7872.2","j",0.00183333333333335,0.00183333333333335,1,0.00780956928227686,FALSE,TRUE,,,,,,,FALSE,,TRUE,FALSE,FALSE,"Non-significant / other",,,
"TCONS_00190642","XLOC_033473","TOMM34","PB.10908.5","c",0.0035,0.0035,0.998161431539877,0.00780956928227686,FALSE,TRUE,,,,,,,FALSE,,TRUE,FALSE,FALSE,"Non-significant / other",,,
"TCONS_00190917","XLOC_033473","TOMM34","PB.11670.8","c",-0.00483333333333333,0.00483333333333333,0.964796566986159,0.00780956928227686,FALSE,TRUE,,,,,,,FALSE,,TRUE,FALSE,FALSE,"Non-significant / other",,,
"TCONS_00191381","XLOC_033473","TOMM34","PB.10908.4","c",0.144666666666667,0.144666666666667,0.00780956928227686,0.00780956928227686,FALSE,TRUE,,,,,,,FALSE,,TRUE,FALSE,FALSE,"Non-significant / other",,,
"TCONS_00191757","XLOC_033473","TOMM34","PB.11670.3","c",-0.102,0.102,0.0104693010196307,0.00780956928227686,FALSE,TRUE,,,,,,,FALSE,,TRUE,FALSE,FALSE,"Non-significant / other",,,
"TCONS_00191758","XLOC_033473","TOMM34","PB.11670.6","j",-0.0105333333333333,0.0105333333333333,0.427513819652946,0.00780956928227686,FALSE,TRUE,,,,,,,FALSE,,TRUE,FALSE,FALSE,"Non-significant / other",,,
"TCONS_00190115","XLOC_033704","ZBTB46","ENST00000395104.5","=",-0.145633333333333,0.145633333333333,0.0342591804385584,0.0342591804385584,FALSE,FALSE,,,,,,,FALSE,,TRUE,FALSE,FALSE,"Non-significant / other",,,
"TCONS_00190116","XLOC_033704","ZBTB46","ENST00000245663.9","=",0.141566666666667,0.141566666666667,0.151786279447765,0.0342591804385584,FALSE,FALSE,,,,,,,FALSE,,TRUE,FALSE,FALSE,"Non-significant / other",,,
"TCONS_00190117","XLOC_033704","ZBTB46","ENST00000302995.2","=",0.00223333333333333,0.00223333333333333,0.950956263691001,0.0342591804385584,FALSE,FALSE,,,,,,,FALSE,,TRUE,FALSE,FALSE,"Non-significant / other",,,
"TCONS_00190118","XLOC_033704","ZBTB46","ENST00000650966.1","=",0.0206333333333333,0.0206333333333333,0.841287556357001,0.0342591804385584,FALSE,FALSE,,,,,,,FALSE,,TRUE,FALSE,FALSE,"Non-significant / other",,,
"TCONS_00190138","XLOC_033712","RGS19","ENST00000395042.2","=",-0.209233333333333,0.209233333333333,0.0211903377197789,4.17973154265066e-09,TRUE,FALSE,"XLOC_033712","RGS19",-0.274633333333333,0.274633333333333,2.60461280468907e-13,2.60461280468907e-13,TRUE,FALSE,TRUE,TRUE,TRUE,"Shared significant",TRUE,-0.0653999999999999,0.0653999999999999
"TCONS_00190139","XLOC_033712","RGS19","ENST00000332298.9","=",0.2572,0.2572,4.17973154265066e-09,4.17973154265066e-09,TRUE,FALSE,"XLOC_033712","RGS19",0.288566666666667,0.288566666666667,8.65210965649075e-11,2.60461280468907e-13,TRUE,FALSE,TRUE,TRUE,TRUE,"Shared significant",TRUE,0.0313666666666667,0.0313666666666667
"TCONS_00190140","XLOC_033712","RGS19","ENST00000493165.1","=",0.0133333333333333,0.0133333333333333,0.701421656799141,4.17973154265066e-09,FALSE,FALSE,"XLOC_033712","RGS19",0.0083,0.0083,0.97636657083859,2.60461280468907e-13,FALSE,FALSE,TRUE,TRUE,TRUE,"Non-significant / other",TRUE,-0.00503333333333333,0.00503333333333333
"TCONS_00190141","XLOC_033712","RGS19","ENST00000479996.1","=",-0.0612666666666667,0.0612666666666667,0.311309589048786,4.17973154265066e-09,FALSE,FALSE,"XLOC_033712","RGS19",-0.0221666666666667,0.0221666666666667,0.951504364397426,2.60461280468907e-13,FALSE,FALSE,TRUE,TRUE,TRUE,"Non-significant / other",TRUE,0.0391,0.0391
"TCONS_00191872","XLOC_033748","ENSG00000273590","ENST00000619874.5","=",0.266966666666667,0.266966666666667,0.208997234242498,5.42333456904899e-05,FALSE,FALSE,,,,,,,FALSE,,TRUE,FALSE,FALSE,"Non-significant / other",,,
"TCONS_00191874","XLOC_033748","ENSG00000273590","ENST00000622934.3","=",-0.307,0.307,5.42333456904899e-05,5.42333456904899e-05,TRUE,FALSE,,,,,,,FALSE,,TRUE,FALSE,FALSE,"T-significant / missing in U",,,
"TCONS_00191875","XLOC_033748","ENSG00000273590","ENST00000612624.4","=",0.0338666666666667,0.0338666666666667,0.74850107230253,5.42333456904899e-05,FALSE,FALSE,,,,,,,FALSE,,TRUE,FALSE,FALSE,"Non-significant / other",,,
"TCONS_00192630","XLOC_033970","ENSG00000286153","ENST00000651798.1","=",0.0217333333333333,0.0217333333333333,0.920988294096131,0.0259736211704661,FALSE,FALSE,,,,,,,FALSE,,TRUE,FALSE,FALSE,"Non-significant / other",,,
"TCONS_00195181","XLOC_033970","ENSG00000286153","PB.8072.1","j",-0.00473333333333331,0.00473333333333331,0.990005030056731,0.0259736211704661,FALSE,TRUE,,,,,,,FALSE,,TRUE,FALSE,FALSE,"Non-significant / other",,,
"TCONS_00195361","XLOC_033970","ENSG00000286153","PB.11984.9","j",-0.316833333333333,0.316833333333333,0.0259736211704661,0.0259736211704661,TRUE,TRUE,,,,,,,FALSE,,TRUE,FALSE,FALSE,"T-significant / missing in U",,,
"TCONS_00195569","XLOC_033970","ENSG00000286153","PB.11984.1","j",-0.0137333333333333,0.0137333333333333,0.998161431539877,0.0259736211704661,FALSE,TRUE,,,,,,,FALSE,,TRUE,FALSE,FALSE,"Non-significant / other",,,
"TCONS_00195570","XLOC_033970","ENSG00000286153","PB.11984.2","j",0.0630666666666667,0.0630666666666667,0.913394169369518,0.0259736211704661,FALSE,TRUE,,,,,,,FALSE,,TRUE,FALSE,FALSE,"Non-significant / other",,,
"TCONS_00195571","XLOC_033970","ENSG00000286153","PB.11984.4","j",0.1481,0.1481,0.739286832514861,0.0259736211704661,FALSE,TRUE,,,,,,,FALSE,,TRUE,FALSE,FALSE,"Non-significant / other",,,
"TCONS_00195573","XLOC_033970","ENSG00000286153","PB.11984.6","j",0.102366666666667,0.102366666666667,0.679654246830669,0.0259736211704661,FALSE,TRUE,,,,,,,FALSE,,TRUE,FALSE,FALSE,"Non-significant / other",,,
"TCONS_00193877","XLOC_034300","MRPL39","PB.11909.1","=",-0.2652,0.2652,0.0075214963354771,0.0075214963354771,TRUE,TRUE,,,,,,,FALSE,,TRUE,FALSE,FALSE,"T-significant / missing in U",,,
"TCONS_00193879","XLOC_034300","MRPL39","ENST00000419219.1","=",0.0239666666666667,0.0239666666666667,0.591815318238619,0.0075214963354771,FALSE,FALSE,,,,,,,FALSE,,TRUE,FALSE,FALSE,"Non-significant / other",,,
"TCONS_00195030","XLOC_034300","MRPL39","PB.10338.3","j",0.0923,0.0923,0.0100539781332247,0.0075214963354771,FALSE,TRUE,,,,,,,FALSE,,TRUE,FALSE,FALSE,"Non-significant / other",,,
"TCONS_00195433","XLOC_034300","MRPL39","PB.11139.4","c",-0.0644,0.0644,0.814212016999991,0.0075214963354771,FALSE,TRUE,,,,,,,FALSE,,TRUE,FALSE,FALSE,"Non-significant / other",,,
"TCONS_00195435","XLOC_034300","MRPL39","PB.11909.2","c",0.133533333333333,0.133533333333333,0.437556755550125,0.0075214963354771,FALSE,TRUE,,,,,,,FALSE,,TRUE,FALSE,FALSE,"Non-significant / other",,,
"TCONS_00195623","XLOC_034300","MRPL39","PB.11909.3","j",-0.00426666666666667,0.00426666666666667,0.683601690676714,0.0075214963354771,FALSE,TRUE,,,,,,,FALSE,,TRUE,FALSE,FALSE,"Non-significant / other",,,
"TCONS_00195624","XLOC_034300","MRPL39","PB.11909.4","c",0.07,0.07,0.766634175843326,0.0075214963354771,FALSE,TRUE,,,,,,,FALSE,,TRUE,FALSE,FALSE,"Non-significant / other",,,
"TCONS_00195811","XLOC_034635","PEX26","ENST00000329627.11","=",-0.00176666666666667,0.00176666666666667,0.976689437004312,0.00384416081787596,FALSE,FALSE,"XLOC_034635","PEX26",0.00103333333333333,0.00103333333333333,1,0.0139068652742631,FALSE,FALSE,TRUE,TRUE,TRUE,"Non-significant / other",FALSE,0.0028,0.0028
"TCONS_00195812","XLOC_034635","PEX26","ENST00000474897.6","=",0.019,0.019,0.78424534860535,0.00384416081787596,FALSE,FALSE,"XLOC_034635","PEX26",0.0165,0.0165,0.97111377461542,0.0139068652742631,FALSE,FALSE,TRUE,TRUE,TRUE,"Non-significant / other",TRUE,-0.0025,0.0025
"TCONS_00195813","XLOC_034635","PEX26","ENST00000399744.8","=",0.1115,0.1115,0.0368544567284059,0.00384416081787596,FALSE,FALSE,"XLOC_034635","PEX26",0.0671666666666667,0.0671666666666667,0.0434917054803733,0.0139068652742631,FALSE,FALSE,TRUE,TRUE,TRUE,"Non-significant / other",TRUE,-0.0443333333333333,0.0443333333333333
"TCONS_00195814","XLOC_034635","PEX26","ENST00000428061.2","=",0.155066666666667,0.155066666666667,0.00384416081787596,0.00384416081787596,TRUE,FALSE,"XLOC_034635","PEX26",0.105533333333333,0.105533333333333,0.0139068652742631,0.0139068652742631,FALSE,FALSE,TRUE,TRUE,TRUE,"T-significant / U-present non-sig",TRUE,-0.0495333333333333,0.0495333333333333
"TCONS_00195817","XLOC_034635","PEX26","ENST00000680175.1","=",-0.0101333333333333,0.0101333333333333,0.823113385357397,0.00384416081787596,FALSE,FALSE,"XLOC_034635","PEX26",-0.0077,0.0077,0.912638649448639,0.0139068652742631,FALSE,FALSE,TRUE,TRUE,TRUE,"Non-significant / other",TRUE,0.00243333333333333,0.00243333333333333
"TCONS_00195819","XLOC_034635","PEX26","ENST00000316027.10","=",-0.1442,0.1442,0.0281781398916524,0.00384416081787596,FALSE,FALSE,"XLOC_034635","PEX26",-0.147433333333333,0.147433333333333,0.473262959902426,0.0139068652742631,FALSE,FALSE,TRUE,TRUE,TRUE,"Non-significant / other",TRUE,-0.00323333333333337,0.00323333333333337
"TCONS_00195820","XLOC_034635","PEX26","ENST00000330423.8","=",-0.114566666666667,0.114566666666667,0.036880229150789,0.00384416081787596,FALSE,FALSE,"XLOC_034635","PEX26",-0.0206333333333333,0.0206333333333333,1,0.0139068652742631,FALSE,FALSE,TRUE,TRUE,TRUE,"Non-significant / other",TRUE,0.0939333333333333,0.0939333333333333
"TCONS_00195823","XLOC_034635","PEX26","ENST00000608634.1","=",-0.0043,0.0043,0.892255969847574,0.00384416081787596,FALSE,FALSE,"XLOC_034635","PEX26",0.00186666666666667,0.00186666666666667,0.991120045133911,0.0139068652742631,FALSE,FALSE,TRUE,TRUE,TRUE,"Non-significant / other",FALSE,0.00616666666666667,0.00616666666666667
"TCONS_00195824","XLOC_034636","USP18","PB.10528.1","=",-0.165566666666667,0.165566666666667,4.58938756885197e-13,4.58938756885197e-13,TRUE,TRUE,,,,,,,FALSE,,TRUE,FALSE,FALSE,"T-significant / missing in U",,,
"TCONS_00201312","XLOC_034636","USP18","PB.8146.4","j",0.0581,0.0581,0.383139043385971,4.58938756885197e-13,FALSE,TRUE,,,,,,,FALSE,,TRUE,FALSE,FALSE,"Non-significant / other",,,
"TCONS_00201313","XLOC_034636","USP18","PB.8146.3","m",0.0207,0.0207,0.118696598300027,4.58938756885197e-13,FALSE,TRUE,,,,,,,FALSE,,TRUE,FALSE,FALSE,"Non-significant / other",,,
"TCONS_00201319","XLOC_034636","USP18","PB.8146.13","j",0.0515,0.0515,7.77249652341912e-13,4.58938756885197e-13,FALSE,TRUE,,,,,,,FALSE,,TRUE,FALSE,FALSE,"Non-significant / other",,,
"TCONS_00201320","XLOC_034636","USP18","PB.8146.19","c",-0.0459666666666667,0.0459666666666667,0.72700388004311,4.58938756885197e-13,FALSE,TRUE,,,,,,,FALSE,,TRUE,FALSE,FALSE,"Non-significant / other",,,
"TCONS_00201321","XLOC_034636","USP18","PB.8146.20","c",0.00176666666666667,0.00176666666666667,0.643408411517323,4.58938756885197e-13,FALSE,TRUE,,,,,,,FALSE,,TRUE,FALSE,FALSE,"Non-significant / other",,,
"TCONS_00201322","XLOC_034636","USP18","PB.8146.23","c",-0.1052,0.1052,0.951758400849383,4.58938756885197e-13,FALSE,TRUE,,,,,,,FALSE,,TRUE,FALSE,FALSE,"Non-significant / other",,,
"TCONS_00201506","XLOC_034636","USP18","PB.12138.1","j",0.0311333333333333,0.0311333333333333,0.784027001573854,4.58938756885197e-13,FALSE,TRUE,,,,,,,FALSE,,TRUE,FALSE,FALSE,"Non-significant / other",,,
"TCONS_00201509","XLOC_034636","USP18","PB.11342.12","c",-0.0465333333333333,0.0465333333333333,0.725164161796557,4.58938756885197e-13,FALSE,TRUE,,,,,,,FALSE,,TRUE,FALSE,FALSE,"Non-significant / other",,,
"TCONS_00201511","XLOC_034636","USP18","PB.11342.15","c",0.149666666666667,0.149666666666667,3.38920449802572e-07,4.58938756885197e-13,FALSE,TRUE,,,,,,,FALSE,,TRUE,FALSE,FALSE,"Non-significant / other",,,
"TCONS_00201512","XLOC_034636","USP18","PB.11342.16","c",0.0737333333333333,0.0737333333333333,9.01684217990878e-13,4.58938756885197e-13,FALSE,TRUE,,,,,,,FALSE,,TRUE,FALSE,FALSE,"Non-significant / other",,,
"TCONS_00201513","XLOC_034636","USP18","PB.11342.17","j",-0.0411666666666667,0.0411666666666667,1.12545921026733e-06,4.58938756885197e-13,FALSE,TRUE,,,,,,,FALSE,,TRUE,FALSE,FALSE,"Non-significant / other",,,
"TCONS_00201816","XLOC_034636","USP18","PB.12138.13","c",0.004,0.004,0.921437576414897,4.58938756885197e-13,FALSE,TRUE,,,,,,,FALSE,,TRUE,FALSE,FALSE,"Non-significant / other",,,
"TCONS_00196638","XLOC_034887","CRYBB2P1","PB.10598.1","=",-0.0248,0.0248,0.754754187776174,0.000123551276024344,FALSE,TRUE,,,,,,,FALSE,,TRUE,FALSE,FALSE,"Non-significant / other",,,
"TCONS_00196641","XLOC_034887","CRYBB2P1","PB.10598.4","=",0.0156,0.0156,0.697436883068453,0.000123551276024344,FALSE,TRUE,,,,,,,FALSE,,TRUE,FALSE,FALSE,"Non-significant / other",,,
"TCONS_00200941","XLOC_034887","CRYBB2P1","PB.10598.2","j",-0.147966666666667,0.147966666666667,0.000123551276024344,0.000123551276024344,FALSE,TRUE,,,,,,,FALSE,,TRUE,FALSE,FALSE,"Non-significant / other",,,
"TCONS_00201343","XLOC_034887","CRYBB2P1","PB.12203.6","j",0.0887,0.0887,0.193466949695064,0.000123551276024344,FALSE,TRUE,,,,,,,FALSE,,TRUE,FALSE,FALSE,"Non-significant / other",,,
"TCONS_00201542","XLOC_034887","CRYBB2P1","PB.11406.5","c",-0.0102,0.0102,0.92915819622652,0.000123551276024344,FALSE,TRUE,,,,,,,FALSE,,TRUE,FALSE,FALSE,"Non-significant / other",,,
"TCONS_00201543","XLOC_034887","CRYBB2P1","PB.12203.7","c",0.103533333333333,0.103533333333333,0.0924195240099801,0.000123551276024344,FALSE,TRUE,,,,,,,FALSE,,TRUE,FALSE,FALSE,"Non-significant / other",,,
"TCONS_00201544","XLOC_034887","CRYBB2P1","PB.11406.7","c",0.0039,0.0039,0.89309697186122,0.000123551276024344,FALSE,TRUE,,,,,,,FALSE,,TRUE,FALSE,FALSE,"Non-significant / other",,,
"TCONS_00201545","XLOC_034887","CRYBB2P1","PB.11407.1","c",-0.0114333333333333,0.0114333333333333,0.73484931939033,0.000123551276024344,FALSE,TRUE,,,,,,,FALSE,,TRUE,FALSE,FALSE,"Non-significant / other",,,
"TCONS_00201841","XLOC_034887","CRYBB2P1","PB.12203.2","j",-0.0249666666666667,0.0249666666666667,0.26915035051474,0.000123551276024344,FALSE,TRUE,,,,,,,FALSE,,TRUE,FALSE,FALSE,"Non-significant / other",,,
"TCONS_00196930","XLOC_034947","SEC14L2","ENST00000416523.5","=",0.0184333333333333,0.0184333333333333,0.468700272485168,0.0130762271474659,FALSE,FALSE,,,,,,,FALSE,,TRUE,FALSE,FALSE,"Non-significant / other",,,
"TCONS_00196933","XLOC_034947","SEC14L2","ENST00000615189.5","=",0.122033333333333,0.122033333333333,0.0130762271474659,0.0130762271474659,FALSE,FALSE,,,,,,,FALSE,,TRUE,FALSE,FALSE,"Non-significant / other",,,
"TCONS_00196934","XLOC_034947","SEC14L2","ENST00000405717.7","=",-0.00393333333333333,0.00393333333333333,0.976753616395537,0.0130762271474659,FALSE,FALSE,,,,,,,FALSE,,TRUE,FALSE,FALSE,"Non-significant / other",,,
"TCONS_00196942","XLOC_034947","SEC14L2","ENST00000483116.5","=",-0.00106666666666667,0.00106666666666667,0.947821144108656,0.0130762271474659,FALSE,FALSE,,,,,,,FALSE,,TRUE,FALSE,FALSE,"Non-significant / other",,,
"TCONS_00196943","XLOC_034947","SEC14L2","ENST00000620251.1","=",-0.00483333333333334,0.00483333333333334,0.942534224601604,0.0130762271474659,FALSE,FALSE,,,,,,,FALSE,,TRUE,FALSE,FALSE,"Non-significant / other",,,
"TCONS_00196950","XLOC_034947","SEC14L2","ENST00000266263.10","=",-0.1682,0.1682,0.0497872035146437,0.0130762271474659,TRUE,FALSE,,,,,,,FALSE,,TRUE,FALSE,FALSE,"T-significant / missing in U",,,
"TCONS_00196951","XLOC_034947","SEC14L2","ENST00000614920.1","=",-0.000366666666666666,0.000366666666666666,0.997446839013369,0.0130762271474659,FALSE,FALSE,,,,,,,FALSE,,TRUE,FALSE,FALSE,"Non-significant / other",,,
"TCONS_00196952","XLOC_034947","SEC14L2","ENST00000355143.8","=",-0.0123,0.0123,0.979139321767302,0.0130762271474659,FALSE,FALSE,,,,,,,FALSE,,TRUE,FALSE,FALSE,"Non-significant / other",,,
"TCONS_00196953","XLOC_034947","SEC14L2","ENST00000412752.5","=",-0.00606666666666667,0.00606666666666667,0.984680769176007,0.0130762271474659,FALSE,FALSE,,,,,,,FALSE,,TRUE,FALSE,FALSE,"Non-significant / other",,,
"TCONS_00196954","XLOC_034947","SEC14L2","PB.10646.1","=",-0.0413,0.0413,0.620855550078576,0.0130762271474659,FALSE,TRUE,,,,,,,FALSE,,TRUE,FALSE,FALSE,"Non-significant / other",,,
"TCONS_00201565","XLOC_034947","SEC14L2","PB.11451.4","c",0.0414,0.0414,0.530608189920421,0.0130762271474659,FALSE,TRUE,,,,,,,FALSE,,TRUE,FALSE,FALSE,"Non-significant / other",,,
"TCONS_00201855","XLOC_034947","SEC14L2","PB.12243.5","j",-0.0012,0.0012,0.988027759747541,0.0130762271474659,FALSE,TRUE,,,,,,,FALSE,,TRUE,FALSE,FALSE,"Non-significant / other",,,
"TCONS_00197235","XLOC_034994","TIMP3","ENST00000266085.7","=",-0.0256666666666667,0.0256666666666667,0.591815318238619,8.54474554849503e-40,FALSE,FALSE,,,,,,,FALSE,,TRUE,FALSE,FALSE,"Non-significant / other",,,
"TCONS_00200962","XLOC_034994","TIMP3","PB.10677.3","c",0.269066666666667,0.269066666666667,2.83663248983064e-26,8.54474554849503e-40,TRUE,TRUE,,,,,,,FALSE,,TRUE,FALSE,FALSE,"T-significant / missing in U",,,
"TCONS_00200963","XLOC_034994","TIMP3","PB.10677.6","c",-0.253066666666667,0.253066666666667,8.54474554849503e-40,8.54474554849503e-40,TRUE,TRUE,,,,,,,FALSE,,TRUE,FALSE,FALSE,"T-significant / missing in U",,,
"TCONS_00197605","XLOC_035087","APOBEC3A","ENST00000249116.7","=",0.120433333333333,0.120433333333333,4.69657541380675e-19,4.69657541380675e-19,FALSE,FALSE,,,,,,,FALSE,,TRUE,FALSE,FALSE,"Non-significant / other",,,
"TCONS_00197607","XLOC_035087","APOBEC3A","ENST00000333467.4","=",-0.179066666666667,0.179066666666667,0.104843430995341,4.69657541380675e-19,FALSE,FALSE,,,,,,,FALSE,,TRUE,FALSE,FALSE,"Non-significant / other",,,
"TCONS_00197608","XLOC_035087","APOBEC3A","ENST00000402182.7","=",-0.0182333333333333,0.0182333333333333,0.485965557370934,4.69657541380675e-19,FALSE,FALSE,,,,,,,FALSE,,TRUE,FALSE,FALSE,"Non-significant / other",,,
"TCONS_00201018","XLOC_035087","APOBEC3A","PB.10744.4","c",-0.0046,0.0046,0.997054939994085,4.69657541380675e-19,FALSE,TRUE,,,,,,,FALSE,,TRUE,FALSE,FALSE,"Non-significant / other",,,
"TCONS_00201618","XLOC_035087","APOBEC3A","PB.12348.3","j",-0.0109333333333333,0.0109333333333333,0.749315338442405,4.69657541380675e-19,FALSE,TRUE,,,,,,,FALSE,,TRUE,FALSE,FALSE,"Non-significant / other",,,
"TCONS_00201620","XLOC_035087","APOBEC3A","PB.11533.5","j",0.004,0.004,0.888343328753206,4.69657541380675e-19,FALSE,TRUE,,,,,,,FALSE,,TRUE,FALSE,FALSE,"Non-significant / other",,,
"TCONS_00201621","XLOC_035087","APOBEC3A","PB.11533.6","c",0.0380333333333333,0.0380333333333333,0.653061563455133,4.69657541380675e-19,FALSE,TRUE,,,,,,,FALSE,,TRUE,FALSE,FALSE,"Non-significant / other",,,
"TCONS_00201880","XLOC_035087","APOBEC3A","PB.12348.7","c",0.0467,0.0467,0.750897277910937,4.69657541380675e-19,FALSE,TRUE,,,,,,,FALSE,,TRUE,FALSE,FALSE,"Non-significant / other",,,
"TCONS_00199134","XLOC_035475","LRP5L","ENST00000467672.5","=",0.0263,0.0263,0.94338141644051,0.00443193130448852,FALSE,FALSE,,,,,,,FALSE,,TRUE,FALSE,FALSE,"Non-significant / other",,,
"TCONS_00199135","XLOC_035475","LRP5L","ENST00000444995.7","=",-0.0676333333333334,0.0676333333333334,0.908294313433269,0.00443193130448852,FALSE,FALSE,,,,,,,FALSE,,TRUE,FALSE,FALSE,"Non-significant / other",,,
"TCONS_00199137","XLOC_035475","LRP5L","ENST00000650500.2","=",-0.159033333333333,0.159033333333333,0.442622241485829,0.00443193130448852,FALSE,FALSE,,,,,,,FALSE,,TRUE,FALSE,FALSE,"Non-significant / other",,,
"TCONS_00199138","XLOC_035475","LRP5L","ENST00000474163.1","=",0.1916,0.1916,0.00443193130448852,0.00443193130448852,TRUE,FALSE,,,,,,,FALSE,,TRUE,FALSE,FALSE,"T-significant / missing in U",,,
"TCONS_00199139","XLOC_035475","LRP5L","ENST00000484509.1","=",0.00876666666666667,0.00876666666666667,0.978084849803288,0.00443193130448852,FALSE,FALSE,,,,,,,FALSE,,TRUE,FALSE,FALSE,"Non-significant / other",,,
"TCONS_00199929","XLOC_035638","MFNG","PB.11504.2","=",0.147466666666667,0.147466666666667,0.157125292663988,0.0198219635429081,FALSE,TRUE,,,,,,,FALSE,,TRUE,FALSE,FALSE,"Non-significant / other",,,
"TCONS_00199931","XLOC_035638","MFNG","ENST00000489515.1","=",0.0178333333333333,0.0178333333333333,0.818886260395887,0.0198219635429081,FALSE,FALSE,,,,,,,FALSE,,TRUE,FALSE,FALSE,"Non-significant / other",,,
"TCONS_00199935","XLOC_035638","MFNG","ENST00000430411.1","=",-0.0235333333333333,0.0235333333333333,0.782713502471713,0.0198219635429081,FALSE,FALSE,,,,,,,FALSE,,TRUE,FALSE,FALSE,"Non-significant / other",,,
"TCONS_00199937","XLOC_035638","MFNG","ENST00000466943.1","=",0.0157666666666667,0.0157666666666667,0.890057697866737,0.0198219635429081,FALSE,FALSE,,,,,,,FALSE,,TRUE,FALSE,FALSE,"Non-significant / other",,,
"TCONS_00201216","XLOC_035638","MFNG","PB.10704.1","j",-0.0123,0.0123,0.919071118761337,0.0198219635429081,FALSE,TRUE,,,,,,,FALSE,,TRUE,FALSE,FALSE,"Non-significant / other",,,
"TCONS_00201217","XLOC_035638","MFNG","PB.10704.3","c",-0.1388,0.1388,0.0198219635429081,0.0198219635429081,FALSE,TRUE,,,,,,,FALSE,,TRUE,FALSE,FALSE,"Non-significant / other",,,
"TCONS_00201218","XLOC_035638","MFNG","PB.10704.4","j",-0.0188666666666667,0.0188666666666667,0.741944912818612,0.0198219635429081,FALSE,TRUE,,,,,,,FALSE,,TRUE,FALSE,FALSE,"Non-significant / other",,,
"TCONS_00200424","XLOC_035738","ARFGAP3","PB.10818.4","=",0.0707333333333333,0.0707333333333333,1.9488589418288e-14,1.9488589418288e-14,FALSE,TRUE,,,,,,,FALSE,,TRUE,FALSE,FALSE,"Non-significant / other",,,
"TCONS_00200433","XLOC_035738","ARFGAP3","ENST00000263246.8","=",-0.151133333333333,0.151133333333333,1.0181544011686e-11,1.9488589418288e-14,TRUE,FALSE,,,,,,,FALSE,,TRUE,FALSE,FALSE,"T-significant / missing in U",,,
"TCONS_00200440","XLOC_035738","ARFGAP3","ENST00000422336.5","=",-0.000766666666666665,0.000766666666666665,0.996703760255828,1.9488589418288e-14,FALSE,FALSE,,,,,,,FALSE,,TRUE,FALSE,FALSE,"Non-significant / other",,,
"TCONS_00201279","XLOC_035738","ARFGAP3","PB.10818.1","c",0.0741666666666667,0.0741666666666667,0.0740381045411277,1.9488589418288e-14,FALSE,TRUE,,,,,,,FALSE,,TRUE,FALSE,FALSE,"Non-significant / other",,,
"TCONS_00201284","XLOC_035738","ARFGAP3","PB.10818.9","c",0.0695333333333333,0.0695333333333333,6.76100678566967e-05,1.9488589418288e-14,FALSE,TRUE,,,,,,,FALSE,,TRUE,FALSE,FALSE,"Non-significant / other",,,
"TCONS_00201285","XLOC_035738","ARFGAP3","PB.10818.12","c",0.116466666666667,0.116466666666667,7.28436817888561e-10,1.9488589418288e-14,FALSE,TRUE,,,,,,,FALSE,,TRUE,FALSE,FALSE,"Non-significant / other",,,
"TCONS_00201286","XLOC_035738","ARFGAP3","PB.10821.1","c",-0.118066666666667,0.118066666666667,1.24515155599352e-11,1.9488589418288e-14,FALSE,TRUE,,,,,,,FALSE,,TRUE,FALSE,FALSE,"Non-significant / other",,,
"TCONS_00201287","XLOC_035738","ARFGAP3","PB.11602.2","j",-0.0349,0.0349,0.0207218000376808,1.9488589418288e-14,FALSE,TRUE,,,,,,,FALSE,,TRUE,FALSE,FALSE,"Non-significant / other",,,
"TCONS_00201786","XLOC_035738","ARFGAP3","PB.11602.3","c",-0.0163333333333333,0.0163333333333333,0.676174826424666,1.9488589418288e-14,FALSE,TRUE,,,,,,,FALSE,,TRUE,FALSE,FALSE,"Non-significant / other",,,
"TCONS_00204205","XLOC_036184","CCRL2","PB.11163.5","=",-0.0044,0.0044,0.970314302377782,2.28139712763848e-06,FALSE,TRUE,,,,,,,FALSE,,TRUE,FALSE,FALSE,"Non-significant / other",,,
"TCONS_00204206","XLOC_036184","CCRL2","ENST00000357392.4","=",0.144533333333333,0.144533333333333,2.28139712763848e-06,2.28139712763848e-06,FALSE,FALSE,,,,,,,FALSE,,TRUE,FALSE,FALSE,"Non-significant / other",,,
"TCONS_00204207","XLOC_036184","CCRL2","PB.11971.5","=",0.0207666666666667,0.0207666666666667,0.792486041599063,2.28139712763848e-06,FALSE,TRUE,,,,,,,FALSE,,TRUE,FALSE,FALSE,"Non-significant / other",,,
"TCONS_00204210","XLOC_036184","CCRL2","ENST00000441909.1","=",0.000966666666666668,0.000966666666666668,0.996425541196871,2.28139712763848e-06,FALSE,FALSE,,,,,,,FALSE,,TRUE,FALSE,FALSE,"Non-significant / other",,,
"TCONS_00217687","XLOC_036184","CCRL2","PB.11163.2","=",-0.0208,0.0208,0.780047054820185,2.28139712763848e-06,FALSE,TRUE,,,,,,,FALSE,,TRUE,FALSE,FALSE,"Non-significant / other",,,
"TCONS_00217688","XLOC_036184","CCRL2","PB.12815.8","j",-0.0905666666666666,0.0905666666666666,0.808211481796148,2.28139712763848e-06,FALSE,TRUE,,,,,,,FALSE,,TRUE,FALSE,FALSE,"Non-significant / other",,,
"TCONS_00219062","XLOC_036184","CCRL2","PB.8644.1","j",0.0531333333333333,0.0531333333333333,0.0779782358889187,2.28139712763848e-06,FALSE,TRUE,,,,,,,FALSE,,TRUE,FALSE,FALSE,"Non-significant / other",,,
"TCONS_00221157","XLOC_036184","CCRL2","PB.12815.1","j",0.0174,0.0174,0.834230401455922,2.28139712763848e-06,FALSE,TRUE,,,,,,,FALSE,,TRUE,FALSE,FALSE,"Non-significant / other",,,
"TCONS_00221158","XLOC_036184","CCRL2","PB.12815.10","j",-0.137,0.137,0.226360880971096,2.28139712763848e-06,FALSE,TRUE,,,,,,,FALSE,,TRUE,FALSE,FALSE,"Non-significant / other",,,
"TCONS_00205752","XLOC_036535","ST3GAL6","ENST00000265261.11","=",0.0535,0.0535,0.389543586895293,7.68225654939428e-05,FALSE,FALSE,,,,,,,FALSE,,TRUE,FALSE,FALSE,"Non-significant / other",,,
"TCONS_00205753","XLOC_036535","ST3GAL6","ENST00000460774.5","=",0.0794333333333333,0.0794333333333333,0.581060552518503,7.68225654939428e-05,FALSE,FALSE,,,,,,,FALSE,,TRUE,FALSE,FALSE,"Non-significant / other",,,
"TCONS_00205760","XLOC_036535","ST3GAL6","ENST00000394162.5","=",0.0098,0.0098,0.658442592446919,7.68225654939428e-05,FALSE,FALSE,,,,,,,FALSE,,TRUE,FALSE,FALSE,"Non-significant / other",,,
"TCONS_00205761","XLOC_036535","ST3GAL6","ENST00000613264.5","=",0.00676666666666666,0.00676666666666666,0.993666215831725,7.68225654939428e-05,FALSE,FALSE,,,,,,,FALSE,,TRUE,FALSE,FALSE,"Non-significant / other",,,
"TCONS_00205765","XLOC_036535","ST3GAL6","ENST00000468553.5","=",0.00276666666666667,0.00276666666666667,0.988650897757981,7.68225654939428e-05,FALSE,FALSE,,,,,,,FALSE,,TRUE,FALSE,FALSE,"Non-significant / other",,,
"TCONS_00205768","XLOC_036535","ST3GAL6","ENST00000483910.6","=",-0.111466666666667,0.111466666666667,0.0191166545344987,7.68225654939428e-05,FALSE,FALSE,,,,,,,FALSE,,TRUE,FALSE,FALSE,"Non-significant / other",,,
"TCONS_00205775","XLOC_036535","ST3GAL6","ENST00000477899.5","=",-0.0110666666666667,0.0110666666666667,0.867306512464546,7.68225654939428e-05,FALSE,FALSE,,,,,,,FALSE,,TRUE,FALSE,FALSE,"Non-significant / other",,,
"TCONS_00217842","XLOC_036535","ST3GAL6","PB.13099.1","j",-0.0194666666666667,0.0194666666666667,0.69688534748819,7.68225654939428e-05,FALSE,TRUE,,,,,,,FALSE,,TRUE,FALSE,FALSE,"Non-significant / other",,,
"TCONS_00217843","XLOC_036535","ST3GAL6","PB.11399.8","j",-0.0056,0.0056,0.981875057522656,7.68225654939428e-05,FALSE,TRUE,,,,,,,FALSE,,TRUE,FALSE,FALSE,"Non-significant / other",,,
"TCONS_00217845","XLOC_036535","ST3GAL6","PB.11399.12","c",-0.0335,0.0335,0.70844873077618,7.68225654939428e-05,FALSE,TRUE,,,,,,,FALSE,,TRUE,FALSE,FALSE,"Non-significant / other",,,
"TCONS_00219138","XLOC_036535","ST3GAL6","PB.8821.1","j",0.0393666666666667,0.0393666666666667,0.540400765471707,7.68225654939428e-05,FALSE,TRUE,,,,,,,FALSE,,TRUE,FALSE,FALSE,"Non-significant / other",,,
"TCONS_00219999","XLOC_036535","ST3GAL6","PB.12243.2","j",-0.0164666666666667,0.0164666666666667,0.823929986915589,7.68225654939428e-05,FALSE,TRUE,,,,,,,FALSE,,TRUE,FALSE,FALSE,"Non-significant / other",,,
"TCONS_00220000","XLOC_036535","ST3GAL6","PB.12243.3","j",-0.0266,0.0266,0.792759563549633,7.68225654939428e-05,FALSE,TRUE,,,,,,,FALSE,,TRUE,FALSE,FALSE,"Non-significant / other",,,
"TCONS_00220001","XLOC_036535","ST3GAL6","PB.12243.4","j",-0.0233666666666667,0.0233666666666667,7.68225654939428e-05,7.68225654939428e-05,FALSE,TRUE,,,,,,,FALSE,,TRUE,FALSE,FALSE,"Non-significant / other",,,
"TCONS_00220002","XLOC_036535","ST3GAL6","PB.12243.5","j",-0.0430333333333333,0.0430333333333333,0.698279767625489,7.68225654939428e-05,FALSE,TRUE,,,,,,,FALSE,,TRUE,FALSE,FALSE,"Non-significant / other",,,
"TCONS_00221242","XLOC_036535","ST3GAL6","PB.13099.8","c",0.1495,0.1495,0.00205799825666622,7.68225654939428e-05,FALSE,TRUE,,,,,,,FALSE,,TRUE,FALSE,FALSE,"Non-significant / other",,,
"TCONS_00206156","XLOC_036627","SLC35A5","ENST00000492406.6","=",0.0055,0.0055,0.989910772918083,0.00110881795412981,FALSE,FALSE,,,,,,,FALSE,,TRUE,FALSE,FALSE,"Non-significant / other",,,
"TCONS_00206157","XLOC_036627","SLC35A5","ENST00000261034.6","=",0.172166666666667,0.172166666666667,0.103741034541885,0.00110881795412981,FALSE,FALSE,,,,,,,FALSE,,TRUE,FALSE,FALSE,"Non-significant / other",,,
"TCONS_00206158","XLOC_036627","SLC35A5","ENST00000460713.5","=",0.0074,0.0074,0.987603683725645,0.00110881795412981,FALSE,FALSE,,,,,,,FALSE,,TRUE,FALSE,FALSE,"Non-significant / other",,,
"TCONS_00217880","XLOC_036627","SLC35A5","PB.11454.1","n",-0.0273,0.0273,0.855273481529498,0.00110881795412981,FALSE,TRUE,,,,,,,FALSE,,TRUE,FALSE,FALSE,"Non-significant / other",,,
"TCONS_00217881","XLOC_036627","SLC35A5","PB.11454.3","j",-0.1824,0.1824,0.00110881795412981,0.00110881795412981,TRUE,TRUE,,,,,,,FALSE,,TRUE,FALSE,FALSE,"T-significant / missing in U",,,
"TCONS_00219163","XLOC_036627","SLC35A5","PB.12310.7","c",-0.0754,0.0754,0.506062302209995,0.00110881795412981,FALSE,TRUE,,,,,,,FALSE,,TRUE,FALSE,FALSE,"Non-significant / other",,,
"TCONS_00220057","XLOC_036627","SLC35A5","PB.12310.2","n",-0.0168666666666667,0.0168666666666667,0.9582923909628,0.00110881795412981,FALSE,TRUE,,,,,,,FALSE,,TRUE,FALSE,FALSE,"Non-significant / other",,,
"TCONS_00220059","XLOC_036627","SLC35A5","PB.12310.6","c",0.0308,0.0308,0.932107909053373,0.00110881795412981,FALSE,TRUE,,,,,,,FALSE,,TRUE,FALSE,FALSE,"Non-significant / other",,,
"TCONS_00221275","XLOC_036627","SLC35A5","PB.13171.3","n",0.0752333333333333,0.0752333333333333,0.846203802118274,0.00110881795412981,FALSE,TRUE,,,,,,,FALSE,,TRUE,FALSE,FALSE,"Non-significant / other",,,
"TCONS_00206462","XLOC_036709","CD86","ENST00000330540.7","=",-0.435666666666667,0.435666666666667,2.56002638280214e-12,2.56002638280214e-12,TRUE,FALSE,,,,,,,FALSE,,TRUE,FALSE,FALSE,"T-significant / missing in U",,,
"TCONS_00206463","XLOC_036709","CD86","ENST00000469710.5","=",-0.0488333333333333,0.0488333333333333,0.678145732020741,2.56002638280214e-12,FALSE,FALSE,,,,,,,FALSE,,TRUE,FALSE,FALSE,"Non-significant / other",,,
"TCONS_00206468","XLOC_036709","CD86","ENST00000482356.5","=",-0.0226,0.0226,0.803688165245394,2.56002638280214e-12,FALSE,FALSE,,,,,,,FALSE,,TRUE,FALSE,FALSE,"Non-significant / other",,,
"TCONS_00206469","XLOC_036709","CD86","PB.8933.2","=",0.197666666666667,0.197666666666667,1.83859947652076e-07,2.56002638280214e-12,TRUE,TRUE,,,,,,,FALSE,,TRUE,FALSE,FALSE,"T-significant / missing in U",,,
"TCONS_00219179","XLOC_036709","CD86","PB.8933.3","j",0.0309333333333333,0.0309333333333333,0.562584087961379,2.56002638280214e-12,FALSE,TRUE,,,,,,,FALSE,,TRUE,FALSE,FALSE,"Non-significant / other",,,
"TCONS_00219181","XLOC_036709","CD86","PB.8933.7","c",-0.0086,0.0086,0.966365164719333,2.56002638280214e-12,FALSE,TRUE,,,,,,,FALSE,,TRUE,FALSE,FALSE,"Non-significant / other",,,
"TCONS_00220085","XLOC_036709","CD86","PB.12396.3","j",-0.0544666666666667,0.0544666666666667,0.705077577980117,2.56002638280214e-12,FALSE,TRUE,,,,,,,FALSE,,TRUE,FALSE,FALSE,"Non-significant / other",,,
"TCONS_00221290","XLOC_036709","CD86","PB.13265.3","c",0.300233333333333,0.300233333333333,2.86590948215945e-12,2.56002638280214e-12,TRUE,TRUE,,,,,,,FALSE,,TRUE,FALSE,FALSE,"T-significant / missing in U",,,
"TCONS_00211104","XLOC_037599","TRANK1","ENST00000645898.2","=",-0.0718,0.0718,0.744996534013998,1.34175915510827e-09,FALSE,FALSE,,,,,,,FALSE,,TRUE,FALSE,FALSE,"Non-significant / other",,,
"TCONS_00211105","XLOC_037599","TRANK1","ENST00000429976.5","=",0.0604666666666667,0.0604666666666667,0.622226917356227,1.34175915510827e-09,FALSE,FALSE,,,,,,,FALSE,,TRUE,FALSE,FALSE,"Non-significant / other",,,
"TCONS_00211107","XLOC_037599","TRANK1","ENST00000646436.1","=",0.0143,0.0143,0.672882562340291,1.34175915510827e-09,FALSE,FALSE,,,,,,,FALSE,,TRUE,FALSE,FALSE,"Non-significant / other",,,
"TCONS_00211111","XLOC_037599","TRANK1","ENST00000463764.2","=",0.147066666666667,0.147066666666667,1.34175915510827e-09,1.34175915510827e-09,FALSE,FALSE,,,,,,,FALSE,,TRUE,FALSE,FALSE,"Non-significant / other",,,
"TCONS_00218357","XLOC_037599","TRANK1","PB.11065.2","c",-0.147333333333333,0.147333333333333,0.00474682162618101,1.34175915510827e-09,FALSE,TRUE,,,,,,,FALSE,,TRUE,FALSE,FALSE,"Non-significant / other",,,
"TCONS_00211822","XLOC_037736","PFKFB4","PB.11192.1","=",0.0284,0.0284,0.798846229061877,4.59849992265362e-06,FALSE,TRUE,,,,,,,FALSE,,TRUE,FALSE,FALSE,"Non-significant / other",,,
"TCONS_00211828","XLOC_037736","PFKFB4","ENST00000478516.1","=",0.0174,0.0174,0.459031603678381,4.59849992265362e-06,FALSE,FALSE,,,,,,,FALSE,,TRUE,FALSE,FALSE,"Non-significant / other",,,
"TCONS_00211829","XLOC_037736","PFKFB4","ENST00000452531.5","=",0.0390333333333333,0.0390333333333333,0.838871260100968,4.59849992265362e-06,FALSE,FALSE,,,,,,,FALSE,,TRUE,FALSE,FALSE,"Non-significant / other",,,
"TCONS_00211831","XLOC_037736","PFKFB4","ENST00000412035.5","=",0.0093,0.0093,0.920249957089393,4.59849992265362e-06,FALSE,FALSE,,,,,,,FALSE,,TRUE,FALSE,FALSE,"Non-significant / other",,,
"TCONS_00211833","XLOC_037736","PFKFB4","ENST00000496767.5","=",0.0186666666666667,0.0186666666666667,0.34708743988265,4.59849992265362e-06,FALSE,FALSE,,,,,,,FALSE,,TRUE,FALSE,FALSE,"Non-significant / other",,,
"TCONS_00211836","XLOC_037736","PFKFB4","ENST00000467176.1","=",0.0121,0.0121,0.992925587288284,4.59849992265362e-06,FALSE,FALSE,,,,,,,FALSE,,TRUE,FALSE,FALSE,"Non-significant / other",,,
"TCONS_00211838","XLOC_037736","PFKFB4","ENST00000273610.4","=",0.1286,0.1286,4.59849992265362e-06,4.59849992265362e-06,FALSE,FALSE,,,,,,,FALSE,,TRUE,FALSE,FALSE,"Non-significant / other",,,
"TCONS_00218405","XLOC_037736","PFKFB4","PB.11192.6","c",-0.133966666666667,0.133966666666667,0.315716707557977,4.59849992265362e-06,FALSE,TRUE,,,,,,,FALSE,,TRUE,FALSE,FALSE,"Non-significant / other",,,
"TCONS_00218406","XLOC_037736","PFKFB4","PB.11192.4","c",0.0456666666666667,0.0456666666666667,0.598024951341159,4.59849992265362e-06,FALSE,TRUE,,,,,,,FALSE,,TRUE,FALSE,FALSE,"Non-significant / other",,,
"TCONS_00218407","XLOC_037736","PFKFB4","PB.11192.3","c",-0.00133333333333333,0.00133333333333333,0.944728286711193,4.59849992265362e-06,FALSE,TRUE,,,,,,,FALSE,,TRUE,FALSE,FALSE,"Non-significant / other",,,
"TCONS_00218409","XLOC_037736","PFKFB4","PB.11192.2","j",-0.170066666666667,0.170066666666667,0.52502546112228,4.59849992265362e-06,FALSE,TRUE,,,,,,,FALSE,,TRUE,FALSE,FALSE,"Non-significant / other",,,
"TCONS_00212763","XLOC_037864","HESX1","ENST00000295934.8","=",0.0520666666666667,0.0520666666666667,0.893741525306151,0.00985761008873253,FALSE,FALSE,,,,,,,FALSE,,TRUE,FALSE,FALSE,"Non-significant / other",,,
"TCONS_00212764","XLOC_037864","HESX1","ENST00000647958.1","=",-0.0495,0.0495,0.829291393835974,0.00985761008873253,FALSE,FALSE,,,,,,,FALSE,,TRUE,FALSE,FALSE,"Non-significant / other",,,
"TCONS_00212765","XLOC_037864","HESX1","ENST00000473921.2","=",0.00573333333333333,0.00573333333333333,0.881151436553503,0.00985761008873253,FALSE,FALSE,,,,,,,FALSE,,TRUE,FALSE,FALSE,"Non-significant / other",,,
"TCONS_00212766","XLOC_037864","HESX1","ENST00000495160.2","=",0.1699,0.1699,0.468716770138221,0.00985761008873253,FALSE,FALSE,,,,,,,FALSE,,TRUE,FALSE,FALSE,"Non-significant / other",,,
"TCONS_00220659","XLOC_037864","HESX1","PB.12115.2","j",-0.226833333333333,0.226833333333333,0.00985761008873253,0.00985761008873253,TRUE,TRUE,,,,,,,FALSE,,TRUE,FALSE,FALSE,"T-significant / missing in U",,,
"TCONS_00221662","XLOC_037864","HESX1","PB.12966.1","j",-0.0191,0.0191,1,0.00985761008873253,FALSE,TRUE,,,,,,,FALSE,,TRUE,FALSE,FALSE,"Non-significant / other",,,
"TCONS_00221663","XLOC_037864","HESX1","PB.12966.2","j",0.0678,0.0678,0.0245068378082542,0.00985761008873253,FALSE,TRUE,,,,,,,FALSE,,TRUE,FALSE,FALSE,"Non-significant / other",,,
"TCONS_00215471","XLOC_038441","PLSCR1","PB.12572.1","=",-0.1483,0.1483,3.88290061077938e-07,3.88290061077938e-07,FALSE,TRUE,,,,,,,FALSE,,TRUE,FALSE,FALSE,"Non-significant / other",,,
"TCONS_00215473","XLOC_038441","PLSCR1","PB.12572.9","=",-0.0166,0.0166,0.00121908489331754,3.88290061077938e-07,FALSE,TRUE,,,,,,,FALSE,,TRUE,FALSE,FALSE,"Non-significant / other",,,
"TCONS_00215476","XLOC_038441","PLSCR1","PB.11665.4","=",-0.0207666666666667,0.0207666666666667,0.600729496125837,3.88290061077938e-07,FALSE,TRUE,,,,,,,FALSE,,TRUE,FALSE,FALSE,"Non-significant / other",,,
"TCONS_00215479","XLOC_038441","PLSCR1","ENST00000483300.5","=",0.00143333333333333,0.00143333333333333,0.960411902213103,3.88290061077938e-07,FALSE,FALSE,,,,,,,FALSE,,TRUE,FALSE,FALSE,"Non-significant / other",,,
"TCONS_00215481","XLOC_038441","PLSCR1","ENST00000478267.5","=",0.0280333333333333,0.0280333333333333,0.738490976975812,3.88290061077938e-07,FALSE,FALSE,,,,,,,FALSE,,TRUE,FALSE,FALSE,"Non-significant / other",,,
"TCONS_00215486","XLOC_038441","PLSCR1","PB.11665.14","=",0.0279666666666667,0.0279666666666667,0.000241141143298463,3.88290061077938e-07,FALSE,TRUE,,,,,,,FALSE,,TRUE,FALSE,FALSE,"Non-significant / other",,,
"TCONS_00215488","XLOC_038441","PLSCR1","ENST00000469266.1","=",0.00536666666666667,0.00536666666666667,0.801947922242394,3.88290061077938e-07,FALSE,FALSE,,,,,,,FALSE,,TRUE,FALSE,FALSE,"Non-significant / other",,,
"TCONS_00218812","XLOC_038441","PLSCR1","PB.11665.7","j",-0.00373333333333334,0.00373333333333334,0.88899949154655,3.88290061077938e-07,FALSE,TRUE,,,,,,,FALSE,,TRUE,FALSE,FALSE,"Non-significant / other",,,
"TCONS_00219649","XLOC_038441","PLSCR1","PB.9058.6","c",0.0818333333333333,0.0818333333333333,3.27368459992706e-05,3.88290061077938e-07,FALSE,TRUE,,,,,,,FALSE,,TRUE,FALSE,FALSE,"Non-significant / other",,,
"TCONS_00219653","XLOC_038441","PLSCR1","PB.9058.15","m",0.0117333333333333,0.0117333333333333,0.337582633152833,3.88290061077938e-07,FALSE,TRUE,,,,,,,FALSE,,TRUE,FALSE,FALSE,"Non-significant / other",,,
"TCONS_00219655","XLOC_038441","PLSCR1","PB.13463.21","c",-0.0431666666666666,0.0431666666666666,0.721294037737708,3.88290061077938e-07,FALSE,TRUE,,,,,,,FALSE,,TRUE,FALSE,FALSE,"Non-significant / other",,,
"TCONS_00219656","XLOC_038441","PLSCR1","PB.9058.20","j",0.0315,0.0315,0.00151701144164736,3.88290061077938e-07,FALSE,TRUE,,,,,,,FALSE,,TRUE,FALSE,FALSE,"Non-significant / other",,,
"TCONS_00219657","XLOC_038441","PLSCR1","PB.9058.21","c",-0.0611,0.0611,0.597650572090426,3.88290061077938e-07,FALSE,TRUE,,,,,,,FALSE,,TRUE,FALSE,FALSE,"Non-significant / other",,,
"TCONS_00220906","XLOC_038441","PLSCR1","PB.12572.40","j",0.105733333333333,0.105733333333333,0.302024548694322,3.88290061077938e-07,FALSE,TRUE,,,,,,,FALSE,,TRUE,FALSE,FALSE,"Non-significant / other",,,
"TCONS_00218892","XLOC_038788","XLOC_038788","PB.11854.1","i",0.0397,0.0397,0.918642087551932,0.0155364932672094,FALSE,TRUE,,,,,,,FALSE,,TRUE,FALSE,FALSE,"Non-significant / other",,,
"TCONS_00218893","XLOC_038788","XLOC_038788","PB.12811.3","i",-0.2186,0.2186,0.544661497829954,0.0155364932672094,FALSE,TRUE,,,,,,,FALSE,,TRUE,FALSE,FALSE,"Non-significant / other",,,
"TCONS_00221005","XLOC_038788","XLOC_038788","PB.12811.2","i",-0.0244,0.0244,0.919616719894339,0.0155364932672094,FALSE,TRUE,,,,,,,FALSE,,TRUE,FALSE,FALSE,"Non-significant / other",,,
"TCONS_00221907","XLOC_038788","XLOC_038788","PB.13709.1","i",0.116,0.116,0.994760333662081,0.0155364932672094,FALSE,TRUE,,,,,,,FALSE,,TRUE,FALSE,FALSE,"Non-significant / other",,,
"TCONS_00221908","XLOC_038788","XLOC_038788","PB.13709.3","i",-0.1357,0.1357,0.75489639271233,0.0155364932672094,FALSE,TRUE,,,,,,,FALSE,,TRUE,FALSE,FALSE,"Non-significant / other",,,
"TCONS_00221909","XLOC_038788","XLOC_038788","PB.13709.2","i",0.1219,0.1219,0.0155364932672094,0.0155364932672094,FALSE,TRUE,,,,,,,FALSE,,TRUE,FALSE,FALSE,"Non-significant / other",,,
"TCONS_00221910","XLOC_038788","XLOC_038788","PB.13709.5","i",0.106666666666667,0.106666666666667,0.890313603176996,0.0155364932672094,FALSE,TRUE,,,,,,,FALSE,,TRUE,FALSE,FALSE,"Non-significant / other",,,
"TCONS_00221911","XLOC_038788","XLOC_038788","PB.13709.6","i",-0.00563333333333333,0.00563333333333333,1,0.0155364932672094,FALSE,TRUE,,,,,,,FALSE,,TRUE,FALSE,FALSE,"Non-significant / other",,,
"TCONS_00222382","XLOC_038969","ZBTB49","ENST00000515012.5","=",-0.00156666666666667,0.00156666666666667,0.998161431539877,0.00291604550311364,FALSE,FALSE,,,,,,,FALSE,,TRUE,FALSE,FALSE,"Non-significant / other",,,
"TCONS_00222383","XLOC_038969","ZBTB49","PB.9320.1","=",0.0288666666666667,0.0288666666666667,0.987142883576727,0.00291604550311364,FALSE,TRUE,,,,,,,FALSE,,TRUE,FALSE,FALSE,"Non-significant / other",,,
"TCONS_00222384","XLOC_038969","ZBTB49","ENST00000503703.5","=",0.0100666666666667,0.0100666666666667,0.994347119383883,0.00291604550311364,FALSE,FALSE,,,,,,,FALSE,,TRUE,FALSE,FALSE,"Non-significant / other",,,
"TCONS_00222385","XLOC_038969","ZBTB49","ENST00000502918.1","=",-0.0238666666666667,0.0238666666666667,0.910449534130494,0.00291604550311364,FALSE,FALSE,,,,,,,FALSE,,TRUE,FALSE,FALSE,"Non-significant / other",,,
"TCONS_00222386","XLOC_038969","ZBTB49","ENST00000504302.1","=",-0.0569333333333333,0.0569333333333333,0.897823105864515,0.00291604550311364,FALSE,FALSE,,,,,,,FALSE,,TRUE,FALSE,FALSE,"Non-significant / other",,,
"TCONS_00222387","XLOC_038969","ZBTB49","ENST00000511458.1","=",0.1946,0.1946,0.00291604550311364,0.00291604550311364,TRUE,FALSE,,,,,,,FALSE,,TRUE,FALSE,FALSE,"T-significant / missing in U",,,
"TCONS_00232776","XLOC_038969","ZBTB49","PB.9320.2","j",0.0116666666666667,0.0116666666666667,0.931298144190192,0.00291604550311364,FALSE,TRUE,,,,,,,FALSE,,TRUE,FALSE,FALSE,"Non-significant / other",,,
"TCONS_00233275","XLOC_038969","ZBTB49","PB.12970.1","c",-0.162766666666667,0.162766666666667,0.476184410710088,0.00291604550311364,FALSE,TRUE,,,,,,,FALSE,,TRUE,FALSE,FALSE,"Non-significant / other",,,
"TCONS_00222489","XLOC_038994","TBC1D14","ENST00000448507.5","=",0.130833333333333,0.130833333333333,0.111675118775549,0.0226918197045692,FALSE,FALSE,,,,,,,FALSE,,TRUE,FALSE,FALSE,"Non-significant / other",,,
"TCONS_00222490","XLOC_038994","TBC1D14","ENST00000409757.9","=",-0.105133333333333,0.105133333333333,0.247042797584386,0.0226918197045692,FALSE,FALSE,,,,,,,FALSE,,TRUE,FALSE,FALSE,"Non-significant / other",,,
"TCONS_00222493","XLOC_038994","TBC1D14","ENST00000451522.6","=",0.116066666666667,0.116066666666667,0.0226918197045692,0.0226918197045692,FALSE,FALSE,,,,,,,FALSE,,TRUE,FALSE,FALSE,"Non-significant / other",,,
"TCONS_00222494","XLOC_038994","TBC1D14","ENST00000446947.6","=",-0.0502333333333334,0.0502333333333334,0.725180900441063,0.0226918197045692,FALSE,FALSE,,,,,,,FALSE,,TRUE,FALSE,FALSE,"Non-significant / other",,,
"TCONS_00231928","XLOC_038994","TBC1D14","PB.11999.1","c",-0.0866666666666667,0.0866666666666667,0.401436448327246,0.0226918197045692,FALSE,TRUE,,,,,,,FALSE,,TRUE,FALSE,FALSE,"Non-significant / other",,,
"TCONS_00223037","XLOC_039155","STIM2","ENST00000477474.3","=",0.011,0.011,0.957009633510434,0.0476923208524766,FALSE,FALSE,,,,,,,FALSE,,TRUE,FALSE,FALSE,"Non-significant / other",,,
"TCONS_00223039","XLOC_039155","STIM2","ENST00000463501.5","=",0.00293333333333333,0.00293333333333333,0.991384976931241,0.0476923208524766,FALSE,FALSE,,,,,,,FALSE,,TRUE,FALSE,FALSE,"Non-significant / other",,,
"TCONS_00223040","XLOC_039155","STIM2","ENST00000478425.1","=",-0.0136333333333333,0.0136333333333333,0.997281536555022,0.0476923208524766,FALSE,FALSE,,,,,,,FALSE,,TRUE,FALSE,FALSE,"Non-significant / other",,,
"TCONS_00223041","XLOC_039155","STIM2","ENST00000467011.6","=",0.0361,0.0361,0.646974978497009,0.0476923208524766,FALSE,FALSE,,,,,,,FALSE,,TRUE,FALSE,FALSE,"Non-significant / other",,,
"TCONS_00223042","XLOC_039155","STIM2","ENST00000465503.6","=",-0.0530666666666667,0.0530666666666667,0.441170019363398,0.0476923208524766,FALSE,FALSE,,,,,,,FALSE,,TRUE,FALSE,FALSE,"Non-significant / other",,,
"TCONS_00223043","XLOC_039155","STIM2","ENST00000467087.7","=",0.0288333333333333,0.0288333333333333,0.906620626177513,0.0476923208524766,FALSE,FALSE,,,,,,,FALSE,,TRUE,FALSE,FALSE,"Non-significant / other",,,
"TCONS_00223046","XLOC_039155","STIM2","ENST00000504511.1","=",-0.0024,0.0024,0.954914307963583,0.0476923208524766,FALSE,FALSE,,,,,,,FALSE,,TRUE,FALSE,FALSE,"Non-significant / other",,,
"TCONS_00234239","XLOC_039155","STIM2","PB.13965.1","c",0.121733333333333,0.121733333333333,0.242479900216109,0.0476923208524766,FALSE,TRUE,,,,,,,FALSE,,TRUE,FALSE,FALSE,"Non-significant / other",,,
"TCONS_00234240","XLOC_039155","STIM2","PB.13965.2","c",-0.1272,0.1272,0.0476923208524766,0.0476923208524766,FALSE,TRUE,,,,,,,FALSE,,TRUE,FALSE,FALSE,"Non-significant / other",,,
"TCONS_00223501","XLOC_039304","DCUN1D4","ENST00000381441.7","=",0.0412,0.0412,0.663487788687442,0.00137399080983534,FALSE,FALSE,,,,,,,FALSE,,TRUE,FALSE,FALSE,"Non-significant / other",,,
"TCONS_00223502","XLOC_039304","DCUN1D4","ENST00000506673.5","=",0.000333333333333335,0.000333333333333335,0.946312450845199,0.00137399080983534,FALSE,FALSE,,,,,,,FALSE,,TRUE,FALSE,FALSE,"Non-significant / other",,,
"TCONS_00223505","XLOC_039304","DCUN1D4","ENST00000513800.5","=",-0.0106,0.0106,0.866607192905792,0.00137399080983534,FALSE,FALSE,,,,,,,FALSE,,TRUE,FALSE,FALSE,"Non-significant / other",,,
"TCONS_00223506","XLOC_039304","DCUN1D4","PB.13187.5","=",0.00156666666666667,0.00156666666666667,0.964096661538643,0.00137399080983534,FALSE,TRUE,,,,,,,FALSE,,TRUE,FALSE,FALSE,"Non-significant / other",,,
"TCONS_00223507","XLOC_039304","DCUN1D4","PB.12139.1","=",-0.1404,0.1404,0.00137399080983534,0.00137399080983534,FALSE,TRUE,,,,,,,FALSE,,TRUE,FALSE,FALSE,"Non-significant / other",,,
"TCONS_00223508","XLOC_039304","DCUN1D4","ENST00000477560.5","=",-0.0217333333333333,0.0217333333333333,0.725028476361602,0.00137399080983534,FALSE,FALSE,,,,,,,FALSE,,TRUE,FALSE,FALSE,"Non-significant / other",,,
"TCONS_00223511","XLOC_039304","DCUN1D4","ENST00000451288.6","=",-0.024,0.024,0.830129599316336,0.00137399080983534,FALSE,FALSE,,,,,,,FALSE,,TRUE,FALSE,FALSE,"Non-significant / other",,,
"TCONS_00223513","XLOC_039304","DCUN1D4","ENST00000504923.5","=",-0.00193333333333333,0.00193333333333333,0.958942883111009,0.00137399080983534,FALSE,FALSE,,,,,,,FALSE,,TRUE,FALSE,FALSE,"Non-significant / other",,,
"TCONS_00223516","XLOC_039304","DCUN1D4","ENST00000505634.5","=",0.00623333333333333,0.00623333333333333,0.998483060621087,0.00137399080983534,FALSE,FALSE,,,,,,,FALSE,,TRUE,FALSE,FALSE,"Non-significant / other",,,
"TCONS_00223519","XLOC_039304","DCUN1D4","ENST00000508257.5","=",0.0159333333333333,0.0159333333333333,1,0.00137399080983534,FALSE,FALSE,,,,,,,FALSE,,TRUE,FALSE,FALSE,"Non-significant / other",,,
"TCONS_00232027","XLOC_039304","DCUN1D4","PB.12139.6","j",-0.00816666666666667,0.00816666666666667,0.958325147419167,0.00137399080983534,FALSE,TRUE,,,,,,,FALSE,,TRUE,FALSE,FALSE,"Non-significant / other",,,
"TCONS_00232825","XLOC_039304","DCUN1D4","PB.9433.7","c",0.1706,0.1706,0.0282977836200092,0.00137399080983534,TRUE,TRUE,,,,,,,FALSE,,TRUE,FALSE,FALSE,"T-significant / missing in U",,,
"TCONS_00233389","XLOC_039304","DCUN1D4","PB.13187.2","j",-0.00826666666666667,0.00826666666666667,0.997421849616255,0.00137399080983534,FALSE,TRUE,,,,,,,FALSE,,TRUE,FALSE,FALSE,"Non-significant / other",,,
"TCONS_00233390","XLOC_039304","DCUN1D4","PB.13187.9","c",-0.0288,0.0288,0.908237508425089,0.00137399080983534,FALSE,TRUE,,,,,,,FALSE,,TRUE,FALSE,FALSE,"Non-significant / other",,,
"TCONS_00223686","XLOC_039346","CRACD","ENST00000682029.1","=",0.233766666666667,0.233766666666667,0.00835674190162495,0.00835674190162495,TRUE,FALSE,,,,,,,FALSE,,TRUE,FALSE,FALSE,"T-significant / missing in U",,,
"TCONS_00223688","XLOC_039346","CRACD","ENST00000646253.1","=",-0.0186,0.0186,1,0.00835674190162495,FALSE,FALSE,,,,,,,FALSE,,TRUE,FALSE,FALSE,"Non-significant / other",,,
"TCONS_00223695","XLOC_039346","CRACD","ENST00000514330.1","=",-0.215166666666667,0.215166666666667,0.313423105141367,0.00835674190162495,FALSE,FALSE,,,,,,,FALSE,,TRUE,FALSE,FALSE,"Non-significant / other",,,
"TCONS_00223971","XLOC_039462","MOB1B","ENST00000509041.5","=",0.0107333333333333,0.0107333333333333,0.419617986406109,0.000160154721270925,FALSE,FALSE,,,,,,,FALSE,,TRUE,FALSE,FALSE,"Non-significant / other",,,
"TCONS_00223972","XLOC_039462","MOB1B","ENST00000309395.7","=",0.1061,0.1061,0.000160154721270925,0.000160154721270925,FALSE,FALSE,,,,,,,FALSE,,TRUE,FALSE,FALSE,"Non-significant / other",,,
"TCONS_00223973","XLOC_039462","MOB1B","ENST00000396051.2","=",0.00646666666666667,0.00646666666666667,0.74151490375693,0.000160154721270925,FALSE,FALSE,,,,,,,FALSE,,TRUE,FALSE,FALSE,"Non-significant / other",,,
"TCONS_00223976","XLOC_039462","MOB1B","ENST00000503359.5","=",0.000366666666666668,0.000366666666666668,1,0.000160154721270925,FALSE,FALSE,,,,,,,FALSE,,TRUE,FALSE,FALSE,"Non-significant / other",,,
"TCONS_00223979","XLOC_039462","MOB1B","PB.9484.1","=",-0.1012,0.1012,0.0348851086821579,0.000160154721270925,FALSE,TRUE,,,,,,,FALSE,,TRUE,FALSE,FALSE,"Non-significant / other",,,
"TCONS_00232070","XLOC_039462","MOB1B","PB.14159.2","c",-0.0441333333333333,0.0441333333333333,0.653695057268652,0.000160154721270925,FALSE,TRUE,,,,,,,FALSE,,TRUE,FALSE,FALSE,"Non-significant / other",,,
"TCONS_00233442","XLOC_039462","MOB1B","PB.13263.4","c",0.0102666666666667,0.0102666666666667,0.956599893168996,0.000160154721270925,FALSE,TRUE,,,,,,,FALSE,,TRUE,FALSE,FALSE,"Non-significant / other",,,
"TCONS_00224974","XLOC_039716","GAR1","ENST00000394631.7","=",-0.146466666666667,0.146466666666667,0.130154836545049,0.00206093944169202,FALSE,FALSE,,,,,,,FALSE,,TRUE,FALSE,FALSE,"Non-significant / other",,,
"TCONS_00224975","XLOC_039716","GAR1","ENST00000506840.5","=",-0.00233333333333333,0.00233333333333333,1,0.00206093944169202,FALSE,FALSE,,,,,,,FALSE,,TRUE,FALSE,FALSE,"Non-significant / other",,,
"TCONS_00224976","XLOC_039716","GAR1","ENST00000226796.7","=",0.148,0.148,0.00206093944169202,0.00206093944169202,FALSE,FALSE,,,,,,,FALSE,,TRUE,FALSE,FALSE,"Non-significant / other",,,
"TCONS_00233556","XLOC_039716","GAR1","PB.14390.2","j",-0.00166666666666667,0.00166666666666667,0.973828596292279,0.00206093944169202,FALSE,TRUE,,,,,,,FALSE,,TRUE,FALSE,FALSE,"Non-significant / other",,,
"TCONS_00234396","XLOC_039716","GAR1","PB.14390.1","j",0.00346666666666667,0.00346666666666667,0.980613971039328,0.00206093944169202,FALSE,TRUE,,,,,,,FALSE,,TRUE,FALSE,FALSE,"Non-significant / other",,,
"TCONS_00225810","XLOC_039900","ELMOD2","ENST00000511887.6","=",-0.0102666666666667,0.0102666666666667,0.852279498795875,0.000310912602640802,FALSE,FALSE,,,,,,,FALSE,,TRUE,FALSE,FALSE,"Non-significant / other",,,
"TCONS_00225811","XLOC_039900","ELMOD2","ENST00000323570.8","=",-0.1508,0.1508,0.523075450791675,0.000310912602640802,FALSE,FALSE,,,,,,,FALSE,,TRUE,FALSE,FALSE,"Non-significant / other",,,
"TCONS_00225814","XLOC_039900","ELMOD2","ENST00000502397.5","=",-0.0162666666666667,0.0162666666666667,0.868914494033247,0.000310912602640802,FALSE,FALSE,,,,,,,FALSE,,TRUE,FALSE,FALSE,"Non-significant / other",,,
"TCONS_00225816","XLOC_039900","ELMOD2","ENST00000512057.1","=",0.00676666666666667,0.00676666666666667,0.996876681283883,0.000310912602640802,FALSE,FALSE,,,,,,,FALSE,,TRUE,FALSE,FALSE,"Non-significant / other",,,
"TCONS_00233621","XLOC_039900","ELMOD2","PB.13573.2","j",0.1997,0.1997,0.000310912602640802,0.000310912602640802,TRUE,TRUE,,,,,,,FALSE,,TRUE,FALSE,FALSE,"T-significant / missing in U",,,
"TCONS_00233622","XLOC_039900","ELMOD2","PB.13573.4","j",-0.0123,0.0123,0.909468224224715,0.000310912602640802,FALSE,TRUE,,,,,,,FALSE,,TRUE,FALSE,FALSE,"Non-significant / other",,,
"TCONS_00233623","XLOC_039900","ELMOD2","PB.13573.5","c",-0.00823333333333333,0.00823333333333333,0.990900967848036,0.000310912602640802,FALSE,TRUE,,,,,,,FALSE,,TRUE,FALSE,FALSE,"Non-significant / other",,,
"TCONS_00230042","XLOC_041015","PLA2G12A","ENST00000243501.10","=",-0.0105666666666667,0.0105666666666667,0.988156701944571,0.0236927532316061,FALSE,FALSE,,,,,,,FALSE,,TRUE,FALSE,FALSE,"Non-significant / other",,,
"TCONS_00230045","XLOC_041015","PLA2G12A","ENST00000507961.1","=",0.0208666666666667,0.0208666666666667,0.994962316366027,0.0236927532316061,FALSE,FALSE,,,,,,,FALSE,,TRUE,FALSE,FALSE,"Non-significant / other",,,
"TCONS_00230046","XLOC_041015","PLA2G12A","ENST00000502772.1","=",-0.264533333333333,0.264533333333333,0.615890480830084,0.0236927532316061,FALSE,FALSE,,,,,,,FALSE,,TRUE,FALSE,FALSE,"Non-significant / other",,,
"TCONS_00234031","XLOC_041015","PLA2G12A","PB.13463.1","j",0.289,0.289,0.0236927532316061,0.0236927532316061,TRUE,TRUE,,,,,,,FALSE,,TRUE,FALSE,FALSE,"T-significant / missing in U",,,
"TCONS_00234749","XLOC_041015","PLA2G12A","PB.14389.1","j",-0.0347666666666667,0.0347666666666667,0.968202861912383,0.0236927532316061,FALSE,TRUE,,,,,,,FALSE,,TRUE,FALSE,FALSE,"Non-significant / other",,,
"TCONS_00230961","XLOC_041265","SH3D19","ENST00000604922.1","=",-0.284833333333333,0.284833333333333,0.00096572244725111,0.00096572244725111,TRUE,FALSE,,,,,,,FALSE,,TRUE,FALSE,FALSE,"T-significant / missing in U",,,
"TCONS_00230964","XLOC_041265","SH3D19","ENST00000604030.7","=",0.0291333333333333,0.0291333333333333,0.945231725635584,0.00096572244725111,FALSE,FALSE,,,,,,,FALSE,,TRUE,FALSE,FALSE,"Non-significant / other",,,
"TCONS_00230965","XLOC_041265","SH3D19","ENST00000409252.6","=",0.2528,0.2528,0.00128843650480082,0.00096572244725111,TRUE,FALSE,,,,,,,FALSE,,TRUE,FALSE,FALSE,"T-significant / missing in U",,,
"TCONS_00230966","XLOC_041265","SH3D19","ENST00000478503.6","=",-0.0386333333333333,0.0386333333333333,0.880128969914817,0.00096572244725111,FALSE,FALSE,,,,,,,FALSE,,TRUE,FALSE,FALSE,"Non-significant / other",,,
"TCONS_00230969","XLOC_041265","SH3D19","ENST00000427414.2","=",0.0453666666666667,0.0453666666666667,0.836202099229572,0.00096572244725111,FALSE,FALSE,,,,,,,FALSE,,TRUE,FALSE,FALSE,"Non-significant / other",,,
"TCONS_00230971","XLOC_041265","SH3D19","ENST00000462257.1","=",-0.0150333333333333,0.0150333333333333,0.994046069993263,0.00096572244725111,FALSE,FALSE,,,,,,,FALSE,,TRUE,FALSE,FALSE,"Non-significant / other",,,
"TCONS_00241632","XLOC_043254","TARS1-DT","ENST00000507251.1","=",-0.1336,0.1336,0.0292411106984699,3.90005203417855e-06,FALSE,FALSE,,,,,,,FALSE,,TRUE,FALSE,FALSE,"Non-significant / other",,,
"TCONS_00241633","XLOC_043254","TARS1-DT","ENST00000689344.1","=",0.153866666666667,0.153866666666667,3.90005203417855e-06,3.90005203417855e-06,TRUE,FALSE,,,,,,,FALSE,,TRUE,FALSE,FALSE,"T-significant / missing in U",,,
"TCONS_00241634","XLOC_043254","TARS1-DT","ENST00000691449.1","=",-0.0202333333333333,0.0202333333333333,0.96833930328402,3.90005203417855e-06,FALSE,FALSE,,,,,,,FALSE,,TRUE,FALSE,FALSE,"Non-significant / other",,,
"TCONS_00242240","XLOC_043436","PLK2","ENST00000274289.8","=",0.112933333333333,0.112933333333333,0.41719084879711,0.000108593428644165,FALSE,FALSE,,,,,,,FALSE,,TRUE,FALSE,FALSE,"Non-significant / other",,,
"TCONS_00242245","XLOC_043436","PLK2","ENST00000505244.1","=",-0.000699999999999999,0.000699999999999999,0.954688391560245,0.000108593428644165,FALSE,FALSE,,,,,,,FALSE,,TRUE,FALSE,FALSE,"Non-significant / other",,,
"TCONS_00242252","XLOC_043436","PLK2","ENST00000508300.1","=",-0.130733333333333,0.130733333333333,0.000108593428644165,0.000108593428644165,FALSE,FALSE,,,,,,,FALSE,,TRUE,FALSE,FALSE,"Non-significant / other",,,
"TCONS_00248868","XLOC_043436","PLK2","PB.13979.1","c",-0.00689999999999996,0.00689999999999996,1,0.000108593428644165,FALSE,TRUE,,,,,,,FALSE,,TRUE,FALSE,FALSE,"Non-significant / other",,,
"TCONS_00249756","XLOC_043436","PLK2","PB.14943.2","m",0.00936666666666667,0.00936666666666667,0.852520439766972,0.000108593428644165,FALSE,TRUE,,,,,,,FALSE,,TRUE,FALSE,FALSE,"Non-significant / other",,,
"TCONS_00244103","XLOC_043956","MEIKIN","ENST00000439905.5","=",-0.0294,0.0294,0.985071873712392,0.0407507766759713,FALSE,FALSE,,,,,,,FALSE,,TRUE,FALSE,FALSE,"Non-significant / other",,,
"TCONS_00244105","XLOC_043956","MEIKIN","ENST00000446743.1","=",0.0182,0.0182,0.815495142394291,0.0407507766759713,FALSE,FALSE,,,,,,,FALSE,,TRUE,FALSE,FALSE,"Non-significant / other",,,
"TCONS_00247245","XLOC_043956","MEIKIN","PB.13146.1","j",0.0107333333333333,0.0107333333333333,0.921841737659602,0.0407507766759713,FALSE,TRUE,,,,,,,FALSE,,TRUE,FALSE,FALSE,"Non-significant / other",,,
"TCONS_00248000","XLOC_043956","MEIKIN","PB.10241.2","j",0.0315666666666667,0.0315666666666667,0.804590149024575,0.0407507766759713,FALSE,TRUE,,,,,,,FALSE,,TRUE,FALSE,FALSE,"Non-significant / other",,,
"TCONS_00249073","XLOC_043956","MEIKIN","PB.14387.1","j",0.0470666666666666,0.0470666666666666,0.96272029719629,0.0407507766759713,FALSE,TRUE,,,,,,,FALSE,,TRUE,FALSE,FALSE,"Non-significant / other",,,
"TCONS_00249074","XLOC_043956","MEIKIN","PB.14387.2","j",-0.00396666666666666,0.00396666666666666,0.99888114019845,0.0407507766759713,FALSE,TRUE,,,,,,,FALSE,,TRUE,FALSE,FALSE,"Non-significant / other",,,
"TCONS_00249075","XLOC_043956","MEIKIN","PB.14387.4","j",0.123866666666667,0.123866666666667,0.189911851797095,0.0407507766759713,FALSE,TRUE,,,,,,,FALSE,,TRUE,FALSE,FALSE,"Non-significant / other",,,
"TCONS_00249076","XLOC_043956","MEIKIN","PB.14387.5","j",0.0047,0.0047,0.955280962613578,0.0407507766759713,FALSE,TRUE,,,,,,,FALSE,,TRUE,FALSE,FALSE,"Non-significant / other",,,
"TCONS_00249077","XLOC_043956","MEIKIN","PB.14387.6","j",-0.175133333333333,0.175133333333333,0.0407507766759713,0.0407507766759713,TRUE,TRUE,,,,,,,FALSE,,TRUE,FALSE,FALSE,"T-significant / missing in U",,,
"TCONS_00249078","XLOC_043956","MEIKIN","PB.14387.7","j",-0.0293666666666667,0.0293666666666667,0.96770994459835,0.0407507766759713,FALSE,TRUE,,,,,,,FALSE,,TRUE,FALSE,FALSE,"Non-significant / other",,,
"TCONS_00249079","XLOC_043956","MEIKIN","PB.14387.8","j",-0.0426,0.0426,0.579740755107917,0.0407507766759713,FALSE,TRUE,,,,,,,FALSE,,TRUE,FALSE,FALSE,"Non-significant / other",,,
"TCONS_00249080","XLOC_043956","MEIKIN","PB.14387.10","j",0.0314666666666667,0.0314666666666667,0.84141835582906,0.0407507766759713,FALSE,TRUE,,,,,,,FALSE,,TRUE,FALSE,FALSE,"Non-significant / other",,,
"TCONS_00249887","XLOC_043956","MEIKIN","PB.15373.4","j",0.0215333333333333,0.0215333333333333,0.903929016802233,0.0407507766759713,FALSE,TRUE,,,,,,,FALSE,,TRUE,FALSE,FALSE,"Non-significant / other",,,
"TCONS_00244624","XLOC_044051","DNAJC18","ENST00000302060.10","=",-0.343833333333333,0.343833333333333,0.0347083546201711,0.0347083546201711,TRUE,FALSE,,,,,,,FALSE,,TRUE,FALSE,FALSE,"T-significant / missing in U",,,
"TCONS_00244625","XLOC_044051","DNAJC18","ENST00000510770.1","=",0.160066666666667,0.160066666666667,0.12842324665369,0.0347083546201711,FALSE,FALSE,,,,,,,FALSE,,TRUE,FALSE,FALSE,"Non-significant / other",,,
"TCONS_00244626","XLOC_044051","DNAJC18","ENST00000508445.5","=",0.019,0.019,0.890352118144364,0.0347083546201711,FALSE,FALSE,,,,,,,FALSE,,TRUE,FALSE,FALSE,"Non-significant / other",,,
"TCONS_00244627","XLOC_044051","DNAJC18","ENST00000514052.1","=",-0.00563333333333335,0.00563333333333335,0.992192611284982,0.0347083546201711,FALSE,FALSE,,,,,,,FALSE,,TRUE,FALSE,FALSE,"Non-significant / other",,,
"TCONS_00244628","XLOC_044051","DNAJC18","ENST00000507405.5","=",0.0436666666666667,0.0436666666666667,0.989699037195604,0.0347083546201711,FALSE,FALSE,,,,,,,FALSE,,TRUE,FALSE,FALSE,"Non-significant / other",,,
"TCONS_00244629","XLOC_044051","DNAJC18","ENST00000505568.5","=",0.0903666666666667,0.0903666666666667,0.635562577371631,0.0347083546201711,FALSE,FALSE,,,,,,,FALSE,,TRUE,FALSE,FALSE,"Non-significant / other",,,
"TCONS_00244630","XLOC_044051","DNAJC18","ENST00000506870.5","=",0.0313333333333333,0.0313333333333333,0.960302182597282,0.0347083546201711,FALSE,FALSE,,,,,,,FALSE,,TRUE,FALSE,FALSE,"Non-significant / other",,,
"TCONS_00244632","XLOC_044051","DNAJC18","ENST00000515277.5","=",0.0242,0.0242,0.963445134553073,0.0347083546201711,FALSE,FALSE,,,,,,,FALSE,,TRUE,FALSE,FALSE,"Non-significant / other",,,
"TCONS_00244635","XLOC_044051","DNAJC18","ENST00000515823.2","=",-0.0192333333333333,0.0192333333333333,0.924420810539947,0.0347083546201711,FALSE,FALSE,,,,,,,FALSE,,TRUE,FALSE,FALSE,"Non-significant / other",,,
"TCONS_00245478","XLOC_044240","EBF1","ENST00000622875.4","=",-0.135633333333333,0.135633333333333,0.422763997431156,0.0022391819176482,FALSE,FALSE,,,,,,,FALSE,,TRUE,FALSE,FALSE,"Non-significant / other",,,
"TCONS_00245481","XLOC_044240","EBF1","ENST00000518836.5","=",0.0382666666666667,0.0382666666666667,0.924711233471793,0.0022391819176482,FALSE,FALSE,,,,,,,FALSE,,TRUE,FALSE,FALSE,"Non-significant / other",,,
"TCONS_00245482","XLOC_044240","EBF1","ENST00000313708.11","=",0.00553333333333336,0.00553333333333336,0.988516765947525,0.0022391819176482,FALSE,FALSE,,,,,,,FALSE,,TRUE,FALSE,FALSE,"Non-significant / other",,,
"TCONS_00245485","XLOC_044240","EBF1","ENST00000517373.1","=",0.132133333333333,0.132133333333333,0.0022391819176482,0.0022391819176482,FALSE,FALSE,,,,,,,FALSE,,TRUE,FALSE,FALSE,"Non-significant / other",,,
"TCONS_00249993","XLOC_044240","EBF1","PB.15618.4","c",-0.0413,0.0413,0.798812612902849,0.0022391819176482,FALSE,TRUE,,,,,,,FALSE,,TRUE,FALSE,FALSE,"Non-significant / other",,,
"TCONS_00246280","XLOC_044425","GFPT2","ENST00000253778.13","=",0.279833333333333,0.279833333333333,5.84450475090343e-05,5.84450475090343e-05,TRUE,FALSE,,,,,,,FALSE,,TRUE,FALSE,FALSE,"T-significant / missing in U",,,
"TCONS_00246285","XLOC_044425","GFPT2","ENST00000518158.5","=",-0.0281666666666667,0.0281666666666667,0.862227698502374,5.84450475090343e-05,FALSE,FALSE,,,,,,,FALSE,,TRUE,FALSE,FALSE,"Non-significant / other",,,
"TCONS_00247542","XLOC_044425","GFPT2","PB.13489.2","c",-0.179,0.179,0.0223184129690166,5.84450475090343e-05,TRUE,TRUE,,,,,,,FALSE,,TRUE,FALSE,FALSE,"T-significant / missing in U",,,
"TCONS_00250055","XLOC_044425","GFPT2","PB.15751.2","j",-0.0845666666666667,0.0845666666666667,0.766830909049197,5.84450475090343e-05,FALSE,TRUE,,,,,,,FALSE,,TRUE,FALSE,FALSE,"Non-significant / other",,,
"TCONS_00250283","XLOC_044515","FARS2","PB.13521.1","=",-0.0271666666666667,0.0271666666666667,0.996345262605176,1.26451520714172e-05,FALSE,TRUE,,,,,,,FALSE,,TRUE,FALSE,FALSE,"Non-significant / other",,,
"TCONS_00250284","XLOC_044515","FARS2","ENST00000602691.1","=",0.0516666666666667,0.0516666666666667,0.348071845093057,1.26451520714172e-05,FALSE,FALSE,,,,,,,FALSE,,TRUE,FALSE,FALSE,"Non-significant / other",,,
"TCONS_00250286","XLOC_044515","FARS2","ENST00000274680.9","=",0.0888333333333333,0.0888333333333333,0.902829253434714,1.26451520714172e-05,FALSE,FALSE,,,,,,,FALSE,,TRUE,FALSE,FALSE,"Non-significant / other",,,
"TCONS_00261387","XLOC_044515","FARS2","PB.13521.3","j",-0.0729333333333333,0.0729333333333333,0.479671300836366,1.26451520714172e-05,FALSE,TRUE,,,,,,,FALSE,,TRUE,FALSE,FALSE,"Non-significant / other",,,
"TCONS_00264680","XLOC_044515","FARS2","PB.15802.2","j",-0.00783333333333333,0.00783333333333333,0.998161431539877,1.26451520714172e-05,FALSE,TRUE,,,,,,,FALSE,,TRUE,FALSE,FALSE,"Non-significant / other",,,
"TCONS_00264681","XLOC_044515","FARS2","PB.15802.4","c",-0.039,0.039,1,1.26451520714172e-05,FALSE,TRUE,,,,,,,FALSE,,TRUE,FALSE,FALSE,"Non-significant / other",,,
"TCONS_00264682","XLOC_044515","FARS2","PB.15802.6","c",-0.2247,0.2247,0.237323927524952,1.26451520714172e-05,FALSE,TRUE,,,,,,,FALSE,,TRUE,FALSE,FALSE,"Non-significant / other",,,
"TCONS_00264690","XLOC_044515","FARS2","PB.15802.18","c",0.239666666666667,0.239666666666667,1.26451520714172e-05,1.26451520714172e-05,TRUE,TRUE,,,,,,,FALSE,,TRUE,FALSE,FALSE,"T-significant / missing in U",,,
"TCONS_00250544","XLOC_044564","TMEM170B","ENST00000379426.2","=",-0.208566666666667,0.208566666666667,0.00514281917354287,0.00514281917354287,TRUE,FALSE,,,,,,,FALSE,,TRUE,FALSE,FALSE,"T-significant / missing in U",,,
"TCONS_00261399","XLOC_044564","TMEM170B","PB.13549.1","c",0.208566666666667,0.208566666666667,0.0223811407485247,0.00514281917354287,TRUE,TRUE,,,,,,,FALSE,,TRUE,FALSE,FALSE,"T-significant / missing in U",,,
"TCONS_00250954","XLOC_044695","H2BC5","ENST00000377777.6","=",0.152733333333333,0.152733333333333,0.129594918436725,0.0451076835732737,FALSE,FALSE,,,,,,,FALSE,,TRUE,FALSE,FALSE,"Non-significant / other",,,
"TCONS_00250955","XLOC_044695","H2BC5","PB.14885.2","=",-0.146133333333333,0.146133333333333,0.0451076835732737,0.0451076835732737,FALSE,TRUE,,,,,,,FALSE,,TRUE,FALSE,FALSE,"Non-significant / other",,,
"TCONS_00251176","XLOC_044771","ZSCAN9","PB.10612.1","=",0.00333333333333333,0.00333333333333333,0.996876681283883,0.00271792259447101,FALSE,TRUE,,,,,,,FALSE,,TRUE,FALSE,FALSE,"Non-significant / other",,,
"TCONS_00251177","XLOC_044771","ZSCAN9","PB.14926.3","=",0.318566666666667,0.318566666666667,0.231115934620094,0.00271792259447101,FALSE,TRUE,,,,,,,FALSE,,TRUE,FALSE,FALSE,"Non-significant / other",,,
"TCONS_00251178","XLOC_044771","ZSCAN9","PB.15961.2","=",-0.361166666666667,0.361166666666667,0.00271792259447101,0.00271792259447101,TRUE,TRUE,,,,,,,FALSE,,TRUE,FALSE,FALSE,"T-significant / missing in U",,,
"TCONS_00251180","XLOC_044771","ZSCAN9","PB.13647.2","=",0.033,0.033,0.995572275344594,0.00271792259447101,FALSE,TRUE,,,,,,,FALSE,,TRUE,FALSE,FALSE,"Non-significant / other",,,
"TCONS_00251181","XLOC_044771","ZSCAN9","ENST00000526391.5","=",0.00776666666666666,0.00776666666666666,0.989324667818179,0.00271792259447101,FALSE,FALSE,,,,,,,FALSE,,TRUE,FALSE,FALSE,"Non-significant / other",,,
"TCONS_00251182","XLOC_044771","ZSCAN9","PB.14926.4","=",-0.0114333333333333,0.0114333333333333,0.99953587709918,0.00271792259447101,FALSE,TRUE,,,,,,,FALSE,,TRUE,FALSE,FALSE,"Non-significant / other",,,
"TCONS_00261450","XLOC_044771","ZSCAN9","PB.13647.1","j",0.0451333333333333,0.0451333333333333,0.996865376668892,0.00271792259447101,FALSE,TRUE,,,,,,,FALSE,,TRUE,FALSE,FALSE,"Non-significant / other",,,
"TCONS_00264742","XLOC_044771","ZSCAN9","PB.15961.5","j",-0.0364333333333333,0.0364333333333333,0.842816695067014,0.00271792259447101,FALSE,TRUE,,,,,,,FALSE,,TRUE,FALSE,FALSE,"Non-significant / other",,,
"TCONS_00251366","XLOC_044835","HLA-L","ENST00000463348.6","=",0.0442666666666667,0.0442666666666667,0.433145773575011,0.00354012229855197,FALSE,FALSE,,,,,,,FALSE,,TRUE,FALSE,FALSE,"Non-significant / other",,,
"TCONS_00251367","XLOC_044835","HLA-L","ENST00000685314.1","=",0.00823333333333334,0.00823333333333334,0.996425541196871,0.00354012229855197,FALSE,FALSE,,,,,,,FALSE,,TRUE,FALSE,FALSE,"Non-significant / other",,,
"TCONS_00251368","XLOC_044835","HLA-L","ENST00000692540.1","=",-0.00676666666666667,0.00676666666666667,0.983138763320386,0.00354012229855197,FALSE,FALSE,,,,,,,FALSE,,TRUE,FALSE,FALSE,"Non-significant / other",,,
"TCONS_00251370","XLOC_044835","HLA-L","ENST00000692925.1","=",0.150833333333333,0.150833333333333,0.610289407529099,0.00354012229855197,FALSE,FALSE,,,,,,,FALSE,,TRUE,FALSE,FALSE,"Non-significant / other",,,
"TCONS_00251371","XLOC_044835","HLA-L","ENST00000686490.1","=",0.0159333333333333,0.0159333333333333,0.91561970226539,0.00354012229855197,FALSE,FALSE,,,,,,,FALSE,,TRUE,FALSE,FALSE,"Non-significant / other",,,
"TCONS_00251374","XLOC_044835","HLA-L","ENST00000687694.1","=",-0.424166666666667,0.424166666666667,0.00354012229855197,0.00354012229855197,TRUE,FALSE,,,,,,,FALSE,,TRUE,FALSE,FALSE,"T-significant / missing in U",,,
"TCONS_00251375","XLOC_044835","HLA-L","ENST00000691908.1","=",0.2193,0.2193,0.284949673179556,0.00354012229855197,FALSE,FALSE,,,,,,,FALSE,,TRUE,FALSE,FALSE,"Non-significant / other",,,
"TCONS_00252654","XLOC_045100","TMEM63B","ENST00000259746.13","=",0.234633333333333,0.234633333333333,2.63671632037402e-15,2.63671632037402e-15,TRUE,FALSE,"XLOC_045100","TMEM63B",0.228933333333333,0.228933333333333,1.30895071084853e-14,1.30895071084853e-14,TRUE,FALSE,TRUE,TRUE,TRUE,"Shared significant",TRUE,-0.00570000000000001,0.00570000000000001
"TCONS_00252656","XLOC_045100","TMEM63B","ENST00000323267.11","=",-0.2444,0.2444,7.72599981385702e-09,2.63671632037402e-15,TRUE,FALSE,"XLOC_045100","TMEM63B",-0.1888,0.1888,0.0540292498187366,1.30895071084853e-14,FALSE,FALSE,TRUE,TRUE,TRUE,"T-significant / U-present non-sig",TRUE,0.0556,0.0556
"TCONS_00252657","XLOC_045100","TMEM63B","ENST00000534326.5","=",0.0104333333333333,0.0104333333333333,0.420840500129809,2.63671632037402e-15,FALSE,FALSE,"XLOC_045100","TMEM63B",0.000699999999999999,0.000699999999999999,1,1.30895071084853e-14,FALSE,FALSE,TRUE,TRUE,TRUE,"Non-significant / other",TRUE,-0.00973333333333334,0.00973333333333334
"TCONS_00252659","XLOC_045100","TMEM63B","ENST00000371893.6","=",-0.0103333333333333,0.0103333333333333,0.985218076973097,2.63671632037402e-15,FALSE,FALSE,"XLOC_045100","TMEM63B",-0.0485,0.0485,0.96582711253457,1.30895071084853e-14,FALSE,FALSE,TRUE,TRUE,TRUE,"Non-significant / other",TRUE,-0.0381666666666667,0.0381666666666667
"TCONS_00263603","XLOC_045100","TMEM63B","PB.15196.1","c",0.0016,0.0016,0.998161431539877,2.63671632037402e-15,FALSE,TRUE,"XLOC_045100","TMEM63B",0.0052,0.0052,0.989014180580543,1.30895071084853e-14,FALSE,TRUE,TRUE,TRUE,TRUE,"Non-significant / other",TRUE,0.0036,0.0036
"TCONS_00252895","XLOC_045156","TMEM14A","ENST00000643631.2","=",0.0954,0.0954,0.063640974493898,1.41600215498545e-07,FALSE,FALSE,,,,,,,FALSE,,TRUE,FALSE,FALSE,"Non-significant / other",,,
"TCONS_00252896","XLOC_045156","TMEM14A","ENST00000602367.2","=",0.134233333333333,0.134233333333333,0.000232596105861239,1.41600215498545e-07,FALSE,FALSE,,,,,,,FALSE,,TRUE,FALSE,FALSE,"Non-significant / other",,,
"TCONS_00252899","XLOC_045156","TMEM14A","PB.15236.4","=",-0.213633333333333,0.213633333333333,1.41600215498545e-07,1.41600215498545e-07,TRUE,TRUE,,,,,,,FALSE,,TRUE,FALSE,FALSE,"T-significant / missing in U",,,
"TCONS_00261648","XLOC_045156","TMEM14A","PB.15236.5","j",-0.0175333333333333,0.0175333333333333,0.80456416816268,1.41600215498545e-07,FALSE,TRUE,,,,,,,FALSE,,TRUE,FALSE,FALSE,"Non-significant / other",,,
"TCONS_00253364","XLOC_045291","SH3BGRL2","ENST00000692474.1","=",0.0104,0.0104,0.88013960551179,1.08013110527317e-06,FALSE,FALSE,,,,,,,FALSE,,TRUE,FALSE,FALSE,"Non-significant / other",,,
"TCONS_00253365","XLOC_045291","SH3BGRL2","ENST00000671258.1","=",-0.0127666666666667,0.0127666666666667,0.719880455981829,1.08013110527317e-06,FALSE,FALSE,,,,,,,FALSE,,TRUE,FALSE,FALSE,"Non-significant / other",,,
"TCONS_00253366","XLOC_045291","SH3BGRL2","ENST00000690902.1","=",-0.0390666666666667,0.0390666666666667,0.904558573052915,1.08013110527317e-06,FALSE,FALSE,,,,,,,FALSE,,TRUE,FALSE,FALSE,"Non-significant / other",,,
"TCONS_00253371","XLOC_045291","SH3BGRL2","ENST00000369838.6","=",0.288633333333333,0.288633333333333,0.00612353824677521,1.08013110527317e-06,TRUE,FALSE,,,,,,,FALSE,,TRUE,FALSE,FALSE,"T-significant / missing in U",,,
"TCONS_00261711","XLOC_045291","SH3BGRL2","PB.14034.1","j",-0.00576666666666666,0.00576666666666666,0.986045402746265,1.08013110527317e-06,FALSE,TRUE,,,,,,,FALSE,,TRUE,FALSE,FALSE,"Non-significant / other",,,
"TCONS_00261713","XLOC_045291","SH3BGRL2","PB.14034.6","j",-0.179433333333333,0.179433333333333,1.08013110527317e-06,1.08013110527317e-06,TRUE,TRUE,,,,,,,FALSE,,TRUE,FALSE,FALSE,"T-significant / missing in U",,,
"TCONS_00262867","XLOC_045291","SH3BGRL2","PB.10877.1","j",-0.00116666666666666,0.00116666666666666,0.998161431539877,1.08013110527317e-06,FALSE,TRUE,,,,,,,FALSE,,TRUE,FALSE,FALSE,"Non-significant / other",,,
"TCONS_00263721","XLOC_045291","SH3BGRL2","PB.15338.1","j",-0.044,0.044,0.701421656799141,1.08013110527317e-06,FALSE,TRUE,,,,,,,FALSE,,TRUE,FALSE,FALSE,"Non-significant / other",,,
"TCONS_00253406","XLOC_045311","TPBG","ENST00000535040.4","=",-0.00113333333333333,0.00113333333333333,0.991418570288448,2.22053916583073e-14,FALSE,FALSE,,,,,,,FALSE,,TRUE,FALSE,FALSE,"Non-significant / other",,,
"TCONS_00253407","XLOC_045311","TPBG","ENST00000369750.4","=",0.1223,0.1223,2.22053916583073e-14,2.22053916583073e-14,FALSE,FALSE,,,,,,,FALSE,,TRUE,FALSE,FALSE,"Non-significant / other",,,
"TCONS_00253408","XLOC_045311","TPBG","ENST00000543496.3","=",-0.121166666666667,0.121166666666667,5.77227781279239e-06,2.22053916583073e-14,FALSE,FALSE,,,,,,,FALSE,,TRUE,FALSE,FALSE,"Non-significant / other",,,
"TCONS_00254322","XLOC_045594","NCOA7","ENST00000453302.5","=",-0.0198666666666667,0.0198666666666667,0.0198291731971733,1.25356438037034e-254,FALSE,FALSE,"XLOC_045594","NCOA7",-9.99999999999994e-05,9.99999999999994e-05,1,2.16011025888117e-07,FALSE,FALSE,TRUE,TRUE,TRUE,"Non-significant / other",TRUE,0.0197666666666667,0.0197666666666667
"TCONS_00254323","XLOC_045594","NCOA7","ENST00000417494.5","=",-0.0381,0.0381,0.000503473113060935,1.25356438037034e-254,FALSE,FALSE,"XLOC_045594","NCOA7",-0.00466666666666667,0.00466666666666667,0.99089721682693,2.16011025888117e-07,FALSE,FALSE,TRUE,TRUE,TRUE,"Non-significant / other",TRUE,0.0334333333333333,0.0334333333333333
"TCONS_00254324","XLOC_045594","NCOA7","ENST00000392477.7","=",-0.132766666666667,0.132766666666667,8.84498784937619e-25,1.25356438037034e-254,FALSE,FALSE,"XLOC_045594","NCOA7",-0.0765333333333333,0.0765333333333333,0.014410009283768,2.16011025888117e-07,FALSE,FALSE,TRUE,TRUE,TRUE,"Non-significant / other",TRUE,0.0562333333333333,0.0562333333333333
"TCONS_00254325","XLOC_045594","NCOA7","ENST00000229634.13","=",-0.0507,0.0507,5.41339962620369e-06,1.25356438037034e-254,FALSE,FALSE,"XLOC_045594","NCOA7",-0.0356,0.0356,0.797005112400228,2.16011025888117e-07,FALSE,FALSE,TRUE,TRUE,TRUE,"Non-significant / other",TRUE,0.0151,0.0151
"TCONS_00254331","XLOC_045594","NCOA7","ENST00000438495.6","=",0.6734,0.6734,1.25356438037034e-254,1.25356438037034e-254,TRUE,FALSE,"XLOC_045594","NCOA7",0.3771,0.3771,2.16011025888117e-07,2.16011025888117e-07,TRUE,FALSE,TRUE,TRUE,TRUE,"Shared significant",TRUE,-0.2963,0.2963
"TCONS_00261824","XLOC_045594","NCOA7","PB.14269.4","c",-0.128533333333333,0.128533333333333,3.5876149243081e-49,1.25356438037034e-254,FALSE,TRUE,"XLOC_045594","NCOA7",-0.0345,0.0345,0.632023097797138,2.16011025888117e-07,FALSE,TRUE,TRUE,TRUE,TRUE,"Non-significant / other",TRUE,0.0940333333333333,0.0940333333333333
"TCONS_00261825","XLOC_045594","NCOA7","PB.14269.6","c",-0.0341666666666667,0.0341666666666667,0.7517950620845,1.25356438037034e-254,FALSE,TRUE,"XLOC_045594","NCOA7",-0.0433666666666667,0.0433666666666667,0.00224734309241077,2.16011025888117e-07,FALSE,TRUE,TRUE,TRUE,TRUE,"Non-significant / other",TRUE,-0.0092,0.0092
"TCONS_00261826","XLOC_045594","NCOA7","PB.11066.12","c",-0.106166666666667,0.106166666666667,0.52502546112228,1.25356438037034e-254,FALSE,TRUE,"XLOC_045594","NCOA7",-0.117966666666667,0.117966666666667,0.00680965722628859,2.16011025888117e-07,FALSE,TRUE,TRUE,TRUE,TRUE,"Non-significant / other",TRUE,-0.0118,0.0118
"TCONS_00263872","XLOC_045594","NCOA7","PB.15579.7","c",-0.137766666666667,0.137766666666667,0.0897820086157628,1.25356438037034e-254,FALSE,TRUE,"XLOC_045594","NCOA7",-0.0217333333333333,0.0217333333333333,0.991731526947186,2.16011025888117e-07,FALSE,TRUE,TRUE,TRUE,TRUE,"Non-significant / other",TRUE,0.116033333333333,0.116033333333333
"TCONS_00254413","XLOC_045620","TMEM200A","ENST00000296978.4","=",0.0259333333333333,0.0259333333333333,0.979202929540131,0.0107408642814638,FALSE,FALSE,,,,,,,FALSE,,TRUE,FALSE,FALSE,"Non-significant / other",,,
"TCONS_00254414","XLOC_045620","TMEM200A","ENST00000617887.4","=",-0.1846,0.1846,0.314536919579263,0.0107408642814638,FALSE,FALSE,,,,,,,FALSE,,TRUE,FALSE,FALSE,"Non-significant / other",,,
"TCONS_00263886","XLOC_045620","TMEM200A","PB.15609.1","j",0.158633333333333,0.158633333333333,0.0107408642814638,0.0107408642814638,TRUE,TRUE,,,,,,,FALSE,,TRUE,FALSE,FALSE,"T-significant / missing in U",,,
"TCONS_00255249","XLOC_045851","SYNJ2","ENST00000355585.9","=",-0.0399666666666667,0.0399666666666667,0.829291393835974,8.57394000475914e-05,FALSE,FALSE,"XLOC_045851","SYNJ2",0.110133333333333,0.110133333333333,0.0451571336086002,0.00230274194467558,FALSE,FALSE,TRUE,TRUE,TRUE,"Non-significant / other",FALSE,0.1501,0.1501
"TCONS_00255251","XLOC_045851","SYNJ2","ENST00000367113.5","=",-0.0096,0.0096,0.925958199130297,8.57394000475914e-05,FALSE,FALSE,"XLOC_045851","SYNJ2",-0.181233333333333,0.181233333333333,0.00230274194467558,0.00230274194467558,TRUE,FALSE,TRUE,TRUE,TRUE,"U-significant / T-present non-sig",TRUE,-0.171633333333333,0.171633333333333
"TCONS_00255253","XLOC_045851","SYNJ2","ENST00000638626.1","=",-0.130966666666667,0.130966666666667,0.222286752197212,8.57394000475914e-05,FALSE,FALSE,"XLOC_045851","SYNJ2",-0.0368666666666667,0.0368666666666667,0.272671495175748,0.00230274194467558,FALSE,FALSE,TRUE,TRUE,TRUE,"Non-significant / other",TRUE,0.0941,0.0941
"TCONS_00262979","XLOC_045851","SYNJ2","PB.11220.1","j",0.180266666666667,0.180266666666667,8.57394000475914e-05,8.57394000475914e-05,TRUE,TRUE,"XLOC_045851","SYNJ2",0.107066666666667,0.107066666666667,0.00490444108452019,0.00230274194467558,FALSE,TRUE,TRUE,TRUE,TRUE,"T-significant / U-present non-sig",TRUE,-0.0732,0.0732
"TCONS_00256224","XLOC_046117","TPMT","ENST00000309983.5","=",-0.0686333333333334,0.0686333333333334,0.792232102902113,1.37420687784195e-15,FALSE,FALSE,"XLOC_046117","TPMT",-0.0291333333333333,0.0291333333333333,0.981170485656168,3.07426198679476e-05,FALSE,FALSE,TRUE,TRUE,TRUE,"Non-significant / other",TRUE,0.0395000000000001,0.0395000000000001
"TCONS_00261996","XLOC_046117","TPMT","PB.13586.2","j",0.155433333333333,0.155433333333333,0.34708743988265,1.37420687784195e-15,FALSE,TRUE,"XLOC_046117","TPMT",-0.2813,0.2813,3.07426198679476e-05,3.07426198679476e-05,TRUE,TRUE,TRUE,TRUE,TRUE,"U-significant / T-present non-sig",FALSE,-0.436733333333333,0.436733333333333
"TCONS_00263026","XLOC_046117","TPMT","PB.10566.3","j",-0.0349,0.0349,0.898767620371566,1.37420687784195e-15,FALSE,TRUE,"XLOC_046117","TPMT",0.0411333333333333,0.0411333333333333,0.95435865943483,3.07426198679476e-05,FALSE,TRUE,TRUE,TRUE,TRUE,"Non-significant / other",FALSE,0.0760333333333333,0.0760333333333333
"TCONS_00264086","XLOC_046117","TPMT","PB.14851.1","j",0.0953666666666667,0.0953666666666667,0.818833784561703,1.37420687784195e-15,FALSE,TRUE,"XLOC_046117","TPMT",0.160733333333333,0.160733333333333,0.593205331355689,3.07426198679476e-05,FALSE,TRUE,TRUE,TRUE,TRUE,"Non-significant / other",TRUE,0.0653666666666667,0.0653666666666667
"TCONS_00264087","XLOC_046117","TPMT","PB.14851.3","j",0.000933333333333328,0.000933333333333328,0.998161431539877,1.37420687784195e-15,FALSE,TRUE,"XLOC_046117","TPMT",0.0394333333333333,0.0394333333333333,0.7295791708509,3.07426198679476e-05,FALSE,TRUE,TRUE,TRUE,TRUE,"Non-significant / other",TRUE,0.0385,0.0385
"TCONS_00265210","XLOC_046117","TPMT","PB.15884.1","j",-0.154666666666667,0.154666666666667,1.37420687784195e-15,1.37420687784195e-15,TRUE,TRUE,"XLOC_046117","TPMT",0.0780333333333333,0.0780333333333333,0.90514260292849,3.07426198679476e-05,FALSE,TRUE,TRUE,TRUE,TRUE,"T-significant / U-present non-sig",FALSE,0.2327,0.2327
"TCONS_00257113","XLOC_046375","PBX2","ENST00000375050.6","=",-0.01,0.01,0.361728562275479,2.04389755972963e-12,FALSE,FALSE,"XLOC_046375","PBX2",-0.0064,0.0064,0.659524034557639,6.93207868819508e-14,FALSE,FALSE,TRUE,TRUE,TRUE,"Non-significant / other",TRUE,0.0036,0.0036
"TCONS_00257115","XLOC_046375","PBX2","ENST00000478678.5","=",-0.00126666666666667,0.00126666666666667,0.993483116879356,2.04389755972963e-12,FALSE,FALSE,"XLOC_046375","PBX2",0.00786666666666667,0.00786666666666667,0.836430970730228,6.93207868819508e-14,FALSE,FALSE,TRUE,TRUE,TRUE,"Non-significant / other",FALSE,0.00913333333333333,0.00913333333333333
"TCONS_00257116","XLOC_046375","PBX2","ENST00000496171.1","=",0.0103,0.0103,0.264154375688756,2.04389755972963e-12,FALSE,FALSE,"XLOC_046375","PBX2",0.00453333333333333,0.00453333333333333,0.798658621198778,6.93207868819508e-14,FALSE,FALSE,TRUE,TRUE,TRUE,"Non-significant / other",TRUE,-0.00576666666666667,0.00576666666666667
"TCONS_00257117","XLOC_046375","PBX2","ENST00000480254.1","=",0.0164333333333333,0.0164333333333333,0.0110589587270066,2.04389755972963e-12,FALSE,FALSE,"XLOC_046375","PBX2",-0.000466666666666667,0.000466666666666667,1,6.93207868819508e-14,FALSE,FALSE,TRUE,TRUE,TRUE,"Non-significant / other",FALSE,-0.0169,0.0169
"TCONS_00257118","XLOC_046375","PBX2","ENST00000375040.8","=",-0.139566666666667,0.139566666666667,2.6156809620456e-05,2.04389755972963e-12,FALSE,FALSE,"XLOC_046375","PBX2",-0.1252,0.1252,6.93207868819508e-14,6.93207868819508e-14,FALSE,FALSE,TRUE,TRUE,TRUE,"Non-significant / other",TRUE,0.0143666666666666,0.0143666666666666
"TCONS_00257119","XLOC_046375","PBX2","ENST00000487761.5","=",-0.00476666666666667,0.00476666666666667,0.236504825597821,2.04389755972963e-12,FALSE,FALSE,"XLOC_046375","PBX2",-0.0047,0.0047,0.784356153804572,6.93207868819508e-14,FALSE,FALSE,TRUE,TRUE,TRUE,"Non-significant / other",TRUE,6.6666666666668e-05,6.6666666666668e-05
"TCONS_00257120","XLOC_046375","PBX2","ENST00000472768.5","=",-0.0151666666666667,0.0151666666666667,0.174595806772196,2.04389755972963e-12,FALSE,FALSE,"XLOC_046375","PBX2",-0.0175333333333333,0.0175333333333333,0.028559249609321,6.93207868819508e-14,FALSE,FALSE,TRUE,TRUE,TRUE,"Non-significant / other",TRUE,-0.00236666666666667,0.00236666666666667
"TCONS_00262081","XLOC_046375","PBX2","PB.13725.2","c",-0.0066,0.0066,0.879660510757717,2.04389755972963e-12,FALSE,TRUE,"XLOC_046375","PBX2",0.0187,0.0187,0.658264849191464,6.93207868819508e-14,FALSE,TRUE,TRUE,TRUE,TRUE,"Non-significant / other",FALSE,0.0253,0.0253
"TCONS_00262082","XLOC_046375","PBX2","PB.10669.6","j",0.147333333333333,0.147333333333333,2.04389755972963e-12,2.04389755972963e-12,FALSE,TRUE,"XLOC_046375","PBX2",0.119366666666667,0.119366666666667,3.75901279351683e-06,6.93207868819508e-14,FALSE,TRUE,TRUE,TRUE,TRUE,"Non-significant / other",TRUE,-0.0279666666666666,0.0279666666666666
"TCONS_00257706","XLOC_046511","FOXP4-AS1","ENST00000439386.2","=",-0.196333333333333,0.196333333333333,0.00522884585530762,0.00522884585530762,TRUE,FALSE,,,,,,,FALSE,,TRUE,FALSE,FALSE,"T-significant / missing in U",,,
"TCONS_00257707","XLOC_046511","FOXP4-AS1","PB.15136.1","=",0.0793666666666667,0.0793666666666667,0.671442537511177,0.00522884585530762,FALSE,TRUE,,,,,,,FALSE,,TRUE,FALSE,FALSE,"Non-significant / other",,,
"TCONS_00257709","XLOC_046511","FOXP4-AS1","ENST00000432751.1","=",0.116966666666667,0.116966666666667,0.913115846126756,0.00522884585530762,FALSE,FALSE,,,,,,,FALSE,,TRUE,FALSE,FALSE,"Non-significant / other",,,
"TCONS_00258599","XLOC_046784","LINC02542","ENST00000667666.1","=",-0.0859,0.0859,0.550934557595639,0.00366862753220843,FALSE,FALSE,,,,,,,FALSE,,TRUE,FALSE,FALSE,"Non-significant / other",,,
"TCONS_00258600","XLOC_046784","LINC02542","ENST00000658218.1","=",0.0427666666666667,0.0427666666666667,0.540133174207334,0.00366862753220843,FALSE,FALSE,,,,,,,FALSE,,TRUE,FALSE,FALSE,"Non-significant / other",,,
"TCONS_00258601","XLOC_046784","LINC02542","ENST00000665153.1","=",0.0217666666666667,0.0217666666666667,0.861251306728163,0.00366862753220843,FALSE,FALSE,,,,,,,FALSE,,TRUE,FALSE,FALSE,"Non-significant / other",,,
"TCONS_00258602","XLOC_046784","LINC02542","ENST00000418567.2","=",0.0852666666666667,0.0852666666666667,0.794466599091049,0.00366862753220843,FALSE,FALSE,,,,,,,FALSE,,TRUE,FALSE,FALSE,"Non-significant / other",,,
"TCONS_00258606","XLOC_046784","LINC02542","ENST00000668303.1","=",0.220266666666667,0.220266666666667,0.00366862753220843,0.00366862753220843,TRUE,FALSE,,,,,,,FALSE,,TRUE,FALSE,FALSE,"T-significant / missing in U",,,
"TCONS_00258608","XLOC_046784","LINC02542","ENST00000660534.2","=",-0.242966666666667,0.242966666666667,0.320773760999432,0.00366862753220843,FALSE,FALSE,,,,,,,FALSE,,TRUE,FALSE,FALSE,"Non-significant / other",,,
"TCONS_00265372","XLOC_046784","LINC02542","PB.16404.4","j",-0.0293333333333333,0.0293333333333333,0.882343056863351,0.00366862753220843,FALSE,TRUE,,,,,,,FALSE,,TRUE,FALSE,FALSE,"Non-significant / other",,,
"TCONS_00259070","XLOC_046847","BACH2","ENST00000257749.9","=",-0.174833333333333,0.174833333333333,0.580656714082043,0.0315536049655297,FALSE,FALSE,,,,,,,FALSE,,TRUE,FALSE,FALSE,"Non-significant / other",,,
"TCONS_00259071","XLOC_046847","BACH2","ENST00000406998.7","=",0.0238,0.0238,0.94338141644051,0.0315536049655297,FALSE,FALSE,,,,,,,FALSE,,TRUE,FALSE,FALSE,"Non-significant / other",,,
"TCONS_00259073","XLOC_046847","BACH2","ENST00000695952.1","=",0.0196666666666667,0.0196666666666667,0.898319286622654,0.0315536049655297,FALSE,FALSE,,,,,,,FALSE,,TRUE,FALSE,FALSE,"Non-significant / other",,,
"TCONS_00259076","XLOC_046847","BACH2","ENST00000695954.1","=",0.0195333333333333,0.0195333333333333,0.943641966841017,0.0315536049655297,FALSE,FALSE,,,,,,,FALSE,,TRUE,FALSE,FALSE,"Non-significant / other",,,
"TCONS_00259078","XLOC_046847","BACH2","ENST00000481150.1","=",-0.0215,0.0215,0.838422529570766,0.0315536049655297,FALSE,FALSE,,,,,,,FALSE,,TRUE,FALSE,FALSE,"Non-significant / other",,,
"TCONS_00259079","XLOC_046847","BACH2","ENST00000470301.6","=",0.119733333333333,0.119733333333333,0.0315536049655297,0.0315536049655297,FALSE,FALSE,,,,,,,FALSE,,TRUE,FALSE,FALSE,"Non-significant / other",,,
"TCONS_00259081","XLOC_046847","BACH2","ENST00000472023.5","=",0.0456333333333333,0.0456333333333333,0.664864655022145,0.0315536049655297,FALSE,FALSE,,,,,,,FALSE,,TRUE,FALSE,FALSE,"Non-significant / other",,,
"TCONS_00259082","XLOC_046847","BACH2","ENST00000494747.2","=",-0.0509,0.0509,0.690035559972434,0.0315536049655297,FALSE,FALSE,,,,,,,FALSE,,TRUE,FALSE,FALSE,"Non-significant / other",,,
"TCONS_00259416","XLOC_046945","SESN1","ENST00000436639.7","=",0.0405,0.0405,0.000212801895586468,4.15480830751356e-10,FALSE,FALSE,,,,,,,FALSE,,TRUE,FALSE,FALSE,"Non-significant / other",,,
"TCONS_00259418","XLOC_046945","SESN1","ENST00000356644.7","=",-0.1307,0.1307,0.0210981041405582,4.15480830751356e-10,FALSE,FALSE,,,,,,,FALSE,,TRUE,FALSE,FALSE,"Non-significant / other",,,
"TCONS_00259420","XLOC_046945","SESN1","ENST00000368971.2","=",0.0012,0.0012,0.809454605563255,4.15480830751356e-10,FALSE,FALSE,,,,,,,FALSE,,TRUE,FALSE,FALSE,"Non-significant / other",,,
"TCONS_00262443","XLOC_046945","SESN1","PB.16559.1","c",-0.0554333333333333,0.0554333333333333,0.392682810079091,4.15480830751356e-10,FALSE,TRUE,,,,,,,FALSE,,TRUE,FALSE,FALSE,"Non-significant / other",,,
"TCONS_00262444","XLOC_046945","SESN1","PB.15482.4","c",-0.0600666666666667,0.0600666666666667,0.522404366784864,4.15480830751356e-10,FALSE,TRUE,,,,,,,FALSE,,TRUE,FALSE,FALSE,"Non-significant / other",,,
"TCONS_00262445","XLOC_046945","SESN1","PB.14176.4","c",0.1129,0.1129,0.370182755984383,4.15480830751356e-10,FALSE,TRUE,,,,,,,FALSE,,TRUE,FALSE,FALSE,"Non-significant / other",,,
"TCONS_00264428","XLOC_046945","SESN1","PB.15482.3","c",-0.0494333333333333,0.0494333333333333,0.392621015101385,4.15480830751356e-10,FALSE,TRUE,,,,,,,FALSE,,TRUE,FALSE,FALSE,"Non-significant / other",,,
"TCONS_00264429","XLOC_046945","SESN1","PB.15482.5","j",0.1395,0.1395,4.15480830751356e-10,4.15480830751356e-10,FALSE,TRUE,,,,,,,FALSE,,TRUE,FALSE,FALSE,"Non-significant / other",,,
"TCONS_00260841","XLOC_047270","IPCEF1","ENST00000367220.9","=",-0.275,0.275,1.83275224490228e-29,1.83275224490228e-29,TRUE,FALSE,"XLOC_047270","IPCEF1",-0.238733333333333,0.238733333333333,0.00200744872852647,0.000397164125925945,TRUE,FALSE,TRUE,TRUE,TRUE,"Shared significant",TRUE,0.0362666666666666,0.0362666666666666
"TCONS_00260842","XLOC_047270","IPCEF1","PB.14434.2","=",-0.202766666666667,0.202766666666667,9.98322523094199e-06,1.83275224490228e-29,TRUE,TRUE,"XLOC_047270","IPCEF1",-0.0385,0.0385,0.966783041115163,0.000397164125925945,FALSE,TRUE,TRUE,TRUE,TRUE,"T-significant / U-present non-sig",TRUE,0.164266666666667,0.164266666666667
"TCONS_00260845","XLOC_047270","IPCEF1","PB.14434.6","=",-0.0208333333333333,0.0208333333333333,0.0017700461885993,1.83275224490228e-29,FALSE,TRUE,"XLOC_047270","IPCEF1",-0.0371333333333333,0.0371333333333333,0.428130715846518,0.000397164125925945,FALSE,TRUE,TRUE,TRUE,TRUE,"Non-significant / other",TRUE,-0.0163,0.0163
"TCONS_00260846","XLOC_047270","IPCEF1","ENST00000673182.1","=",0.00933333333333333,0.00933333333333333,0.776378373091925,1.83275224490228e-29,FALSE,FALSE,"XLOC_047270","IPCEF1",0.0369666666666667,0.0369666666666667,0.290835501798546,0.000397164125925945,FALSE,FALSE,TRUE,TRUE,TRUE,"Non-significant / other",TRUE,0.0276333333333333,0.0276333333333333
"TCONS_00260853","XLOC_047270","IPCEF1","ENST00000520261.1","=",-0.0209,0.0209,0.00213982098281753,1.83275224490228e-29,FALSE,FALSE,,,,,,,FALSE,,TRUE,FALSE,FALSE,"Non-significant / other",,,
"TCONS_00260854","XLOC_047270","IPCEF1","ENST00000607772.6","=",0.0294333333333333,0.0294333333333333,0.00015004030285004,1.83275224490228e-29,FALSE,FALSE,"XLOC_047270","IPCEF1",0.0139333333333333,0.0139333333333333,0.382997117599279,0.000397164125925945,FALSE,FALSE,TRUE,TRUE,TRUE,"Non-significant / other",TRUE,-0.0155,0.0155
"TCONS_00262657","XLOC_047270","IPCEF1","PB.15761.2","c",0.1249,0.1249,0.254256526960049,1.83275224490228e-29,FALSE,TRUE,"XLOC_047270","IPCEF1",0.0716666666666667,0.0716666666666667,0.447101075988343,0.000397164125925945,FALSE,TRUE,TRUE,TRUE,TRUE,"Non-significant / other",TRUE,-0.0532333333333333,0.0532333333333333
"TCONS_00262658","XLOC_047270","IPCEF1","PB.14436.2","c",0.192033333333333,0.192033333333333,6.66573702736879e-18,1.83275224490228e-29,TRUE,TRUE,"XLOC_047270","IPCEF1",0.1381,0.1381,0.000397164125925945,0.000397164125925945,FALSE,TRUE,TRUE,TRUE,TRUE,"T-significant / U-present non-sig",TRUE,-0.0539333333333333,0.0539333333333333
"TCONS_00264596","XLOC_047270","IPCEF1","PB.15760.5","j",-0.0053,0.0053,0.878235189302041,1.83275224490228e-29,FALSE,TRUE,,,,,,,FALSE,,TRUE,FALSE,FALSE,"Non-significant / other",,,
"TCONS_00264597","XLOC_047270","IPCEF1","PB.15761.3","j",0.1518,0.1518,4.29208100619778e-08,1.83275224490228e-29,TRUE,TRUE,"XLOC_047270","IPCEF1",0.0486333333333333,0.0486333333333333,0.355498747402458,0.000397164125925945,FALSE,TRUE,TRUE,TRUE,TRUE,"T-significant / U-present non-sig",TRUE,-0.103166666666667,0.103166666666667
"TCONS_00265555","XLOC_047270","IPCEF1","PB.16893.2","c",0.0733666666666667,0.0733666666666667,0.760291679821883,1.83275224490228e-29,FALSE,TRUE,"XLOC_047270","IPCEF1",0.0397333333333333,0.0397333333333333,0.927387033196159,0.000397164125925945,FALSE,TRUE,TRUE,TRUE,TRUE,"Non-significant / other",TRUE,-0.0336333333333333,0.0336333333333333
"TCONS_00266558","XLOC_047650","CREB5","ENST00000478078.1","=",0.181033333333333,0.181033333333333,4.42653987360935e-05,4.42653987360935e-05,TRUE,FALSE,,,,,,,FALSE,,TRUE,FALSE,FALSE,"T-significant / missing in U",,,
"TCONS_00266559","XLOC_047650","CREB5","ENST00000482692.1","=",0.049,0.049,0.791052418311344,4.42653987360935e-05,FALSE,FALSE,,,,,,,FALSE,,TRUE,FALSE,FALSE,"Non-significant / other",,,
"TCONS_00266561","XLOC_047650","CREB5","ENST00000357727.7","=",-0.2537,0.2537,0.307937305470104,4.42653987360935e-05,FALSE,FALSE,,,,,,,FALSE,,TRUE,FALSE,FALSE,"Non-significant / other",,,
"TCONS_00266564","XLOC_047650","CREB5","ENST00000461921.5","=",0.014,0.014,0.921541330915698,4.42653987360935e-05,FALSE,FALSE,,,,,,,FALSE,,TRUE,FALSE,FALSE,"Non-significant / other",,,
"TCONS_00266565","XLOC_047650","CREB5","ENST00000426500.5","=",0.0148666666666667,0.0148666666666667,1,4.42653987360935e-05,FALSE,FALSE,,,,,,,FALSE,,TRUE,FALSE,FALSE,"Non-significant / other",,,
"TCONS_00266566","XLOC_047650","CREB5","ENST00000396298.6","=",0.00703333333333334,0.00703333333333334,0.986563501040065,4.42653987360935e-05,FALSE,FALSE,,,,,,,FALSE,,TRUE,FALSE,FALSE,"Non-significant / other",,,
"TCONS_00266568","XLOC_047650","CREB5","ENST00000484383.1","=",-0.051,0.051,0.960033547859397,4.42653987360935e-05,FALSE,FALSE,,,,,,,FALSE,,TRUE,FALSE,FALSE,"Non-significant / other",,,
"TCONS_00266570","XLOC_047650","CREB5","ENST00000498316.3","=",0.0328333333333333,0.0328333333333333,0.969473296163128,4.42653987360935e-05,FALSE,FALSE,,,,,,,FALSE,,TRUE,FALSE,FALSE,"Non-significant / other",,,
"TCONS_00266850","XLOC_047710","HERPUD2-AS1","ENST00000605778.1","=",0.1844,0.1844,0.0190931340090888,0.0190931340090888,TRUE,FALSE,,,,,,,FALSE,,TRUE,FALSE,FALSE,"T-significant / missing in U",,,
"TCONS_00277277","XLOC_047710","HERPUD2-AS1","PB.14745.3","c",0.0133666666666667,0.0133666666666667,0.886805583890162,0.0190931340090888,FALSE,TRUE,,,,,,,FALSE,,TRUE,FALSE,FALSE,"Non-significant / other",,,
"TCONS_00278793","XLOC_047710","HERPUD2-AS1","PB.17246.1","c",-0.1176,0.1176,0.159755497794202,0.0190931340090888,FALSE,TRUE,,,,,,,FALSE,,TRUE,FALSE,FALSE,"Non-significant / other",,,
"TCONS_00279655","XLOC_047710","HERPUD2-AS1","PB.17245.1","c",-0.0802333333333333,0.0802333333333333,0.470194996452664,0.0190931340090888,FALSE,TRUE,,,,,,,FALSE,,TRUE,FALSE,FALSE,"Non-significant / other",,,
"TCONS_00266990","XLOC_047745","RALA","ENST00000468201.1","=",-0.0127666666666667,0.0127666666666667,0.800573394062832,0.0329041497947991,FALSE,FALSE,,,,,,,FALSE,,TRUE,FALSE,FALSE,"Non-significant / other",,,
"TCONS_00266991","XLOC_047745","RALA","ENST00000005257.7","=",0.109233333333333,0.109233333333333,0.0836449381898531,0.0329041497947991,FALSE,FALSE,,,,,,,FALSE,,TRUE,FALSE,FALSE,"Non-significant / other",,,
"TCONS_00277297","XLOC_047745","RALA","PB.14770.2","j",0.00313333333333333,0.00313333333333333,0.906116988832753,0.0329041497947991,FALSE,TRUE,,,,,,,FALSE,,TRUE,FALSE,FALSE,"Non-significant / other",,,
"TCONS_00277298","XLOC_047745","RALA","PB.16096.5","c",-0.133133333333333,0.133133333333333,0.0329041497947991,0.0329041497947991,FALSE,TRUE,,,,,,,FALSE,,TRUE,FALSE,FALSE,"Non-significant / other",,,
"TCONS_00278249","XLOC_047745","RALA","PB.11446.2","j",0.0311666666666667,0.0311666666666667,0.104196126966125,0.0329041497947991,FALSE,TRUE,,,,,,,FALSE,,TRUE,FALSE,FALSE,"Non-significant / other",,,
"TCONS_00267715","XLOC_048013","TPST1","ENST00000442120.1","=",-0.00756666666666667,0.00756666666666667,0.735993186705965,0.0329961123902529,FALSE,FALSE,,,,,,,FALSE,,TRUE,FALSE,FALSE,"Non-significant / other",,,
"TCONS_00267716","XLOC_048013","TPST1","ENST00000480281.5","=",0.0141333333333333,0.0141333333333333,0.894435322839215,0.0329961123902529,FALSE,FALSE,,,,,,,FALSE,,TRUE,FALSE,FALSE,"Non-significant / other",,,
"TCONS_00267717","XLOC_048013","TPST1","ENST00000304842.6","=",0.0178333333333333,0.0178333333333333,0.994429022886634,0.0329961123902529,FALSE,FALSE,,,,,,,FALSE,,TRUE,FALSE,FALSE,"Non-significant / other",,,
"TCONS_00277344","XLOC_048013","TPST1","PB.14880.1","j",0.101166666666667,0.101166666666667,0.0329961123902529,0.0329961123902529,FALSE,TRUE,,,,,,,FALSE,,TRUE,FALSE,FALSE,"Non-significant / other",,,
"TCONS_00278851","XLOC_048013","TPST1","PB.16212.1","c",-0.1048,0.1048,0.465794423862546,0.0329961123902529,FALSE,TRUE,,,,,,,FALSE,,TRUE,FALSE,FALSE,"Non-significant / other",,,
"TCONS_00279696","XLOC_048013","TPST1","PB.17405.1","j",0.00543333333333333,0.00543333333333333,0.993408938078575,0.0329961123902529,FALSE,TRUE,,,,,,,FALSE,,TRUE,FALSE,FALSE,"Non-significant / other",,,
"TCONS_00279697","XLOC_048013","TPST1","PB.17405.2","j",0.0016,0.0016,0.998161431539877,0.0329961123902529,FALSE,TRUE,,,,,,,FALSE,,TRUE,FALSE,FALSE,"Non-significant / other",,,
"TCONS_00268325","XLOC_048143","GNAI1","ENST00000648663.1","=",-0.0226666666666667,0.0226666666666667,0.743498430661376,0.00334583542344979,FALSE,FALSE,,,,,,,FALSE,,TRUE,FALSE,FALSE,"Non-significant / other",,,
"TCONS_00268337","XLOC_048143","GNAI1","ENST00000351004.8","=",0.106433333333333,0.106433333333333,0.7050536116442,0.00334583542344979,FALSE,FALSE,,,,,,,FALSE,,TRUE,FALSE,FALSE,"Non-significant / other",,,
"TCONS_00268338","XLOC_048143","GNAI1","ENST00000650431.1","=",-0.0529666666666667,0.0529666666666667,0.641965462984949,0.00334583542344979,FALSE,FALSE,,,,,,,FALSE,,TRUE,FALSE,FALSE,"Non-significant / other",,,
"TCONS_00268341","XLOC_048143","GNAI1","ENST00000649214.1","=",0.0190333333333333,0.0190333333333333,0.810125956684515,0.00334583542344979,FALSE,FALSE,,,,,,,FALSE,,TRUE,FALSE,FALSE,"Non-significant / other",,,
"TCONS_00268342","XLOC_048143","GNAI1","ENST00000649922.1","=",-0.0120666666666667,0.0120666666666667,0.998900373957853,0.00334583542344979,FALSE,FALSE,,,,,,,FALSE,,TRUE,FALSE,FALSE,"Non-significant / other",,,
"TCONS_00268344","XLOC_048143","GNAI1","ENST00000649634.1","=",0.0317333333333333,0.0317333333333333,0.839273092372023,0.00334583542344979,FALSE,FALSE,,,,,,,FALSE,,TRUE,FALSE,FALSE,"Non-significant / other",,,
"TCONS_00268347","XLOC_048143","GNAI1","ENST00000648449.1","=",-0.0733333333333333,0.0733333333333333,0.831082279535957,0.00334583542344979,FALSE,FALSE,,,,,,,FALSE,,TRUE,FALSE,FALSE,"Non-significant / other",,,
"TCONS_00268349","XLOC_048143","GNAI1","ENST00000649148.1","=",0.111633333333333,0.111633333333333,0.00334583542344979,0.00334583542344979,FALSE,FALSE,,,,,,,FALSE,,TRUE,FALSE,FALSE,"Non-significant / other",,,
"TCONS_00268351","XLOC_048143","GNAI1","ENST00000648097.1","=",-0.0329666666666667,0.0329666666666667,0.943009150118856,0.00334583542344979,FALSE,FALSE,,,,,,,FALSE,,TRUE,FALSE,FALSE,"Non-significant / other",,,
"TCONS_00278908","XLOC_048143","GNAI1","PB.16302.4","c",0.1077,0.1077,0.836897538234847,0.00334583542344979,FALSE,TRUE,,,,,,,FALSE,,TRUE,FALSE,FALSE,"Non-significant / other",,,
"TCONS_00278909","XLOC_048143","GNAI1","PB.16302.5","c",-0.184166666666667,0.184166666666667,0.19754840468272,0.00334583542344979,FALSE,TRUE,,,,,,,FALSE,,TRUE,FALSE,FALSE,"Non-significant / other",,,
"TCONS_00270268","XLOC_048531","MKLN1","ENST00000421797.6","=",-0.012,0.012,0.866521497962962,0.00584877600785548,FALSE,FALSE,,,,,,,FALSE,,TRUE,FALSE,FALSE,"Non-significant / other",,,
"TCONS_00270274","XLOC_048531","MKLN1","ENST00000352689.11","=",-0.102666666666667,0.102666666666667,0.468514933841726,0.00584877600785548,FALSE,FALSE,,,,,,,FALSE,,TRUE,FALSE,FALSE,"Non-significant / other",,,
"TCONS_00270275","XLOC_048531","MKLN1","ENST00000494785.5","=",0.021,0.021,0.53643706619873,0.00584877600785548,FALSE,FALSE,,,,,,,FALSE,,TRUE,FALSE,FALSE,"Non-significant / other",,,
"TCONS_00277606","XLOC_048531","MKLN1","PB.15256.1","j",0.0400333333333333,0.0400333333333333,0.806992173601834,0.00584877600785548,FALSE,TRUE,,,,,,,FALSE,,TRUE,FALSE,FALSE,"Non-significant / other",,,
"TCONS_00277608","XLOC_048531","MKLN1","PB.15256.5","j",0.0018,0.0018,0.955966621133578,0.00584877600785548,FALSE,TRUE,,,,,,,FALSE,,TRUE,FALSE,FALSE,"Non-significant / other",,,
"TCONS_00277610","XLOC_048531","MKLN1","PB.15256.9","j",0.0110666666666667,0.0110666666666667,0.735269625331942,0.00584877600785548,FALSE,TRUE,,,,,,,FALSE,,TRUE,FALSE,FALSE,"Non-significant / other",,,
"TCONS_00278398","XLOC_048531","MKLN1","PB.11853.7","c",0.132633333333333,0.132633333333333,0.00584877600785548,0.00584877600785548,FALSE,TRUE,,,,,,,FALSE,,TRUE,FALSE,FALSE,"Non-significant / other",,,
"TCONS_00278399","XLOC_048531","MKLN1","PB.11853.8","c",0.0173,0.0173,0.60585286913224,0.00584877600785548,FALSE,TRUE,,,,,,,FALSE,,TRUE,FALSE,FALSE,"Non-significant / other",,,
"TCONS_00279076","XLOC_048531","MKLN1","PB.16600.5","j",0.0258666666666667,0.0258666666666667,0.0291890419007672,0.00584877600785548,FALSE,TRUE,,,,,,,FALSE,,TRUE,FALSE,FALSE,"Non-significant / other",,,
"TCONS_00279077","XLOC_048531","MKLN1","PB.16600.7","c",-0.0502666666666667,0.0502666666666667,0.753617156900697,0.00584877600785548,FALSE,TRUE,,,,,,,FALSE,,TRUE,FALSE,FALSE,"Non-significant / other",,,
"TCONS_00279078","XLOC_048531","MKLN1","PB.17842.6","c",-0.0230333333333333,0.0230333333333333,0.923238713624286,0.00584877600785548,FALSE,TRUE,,,,,,,FALSE,,TRUE,FALSE,FALSE,"Non-significant / other",,,
"TCONS_00279862","XLOC_048531","MKLN1","PB.17842.4","c",-0.0487333333333333,0.0487333333333333,0.82956801512947,0.00584877600785548,FALSE,TRUE,,,,,,,FALSE,,TRUE,FALSE,FALSE,"Non-significant / other",,,
"TCONS_00271219","XLOC_048833","PRKAG2-AS1","ENST00000464464.1","=",0.1898,0.1898,0.912691797331015,0.0238654692324716,FALSE,FALSE,,,,,,,FALSE,,TRUE,FALSE,FALSE,"Non-significant / other",,,
"TCONS_00271220","XLOC_048833","PRKAG2-AS1","ENST00000467458.3","=",-0.4897,0.4897,0.0238654692324716,0.0238654692324716,TRUE,FALSE,,,,,,,FALSE,,TRUE,FALSE,FALSE,"T-significant / missing in U",,,
"TCONS_00271221","XLOC_048833","PRKAG2-AS1","ENST00000690829.1","=",0.155333333333333,0.155333333333333,0.080513533768341,0.0238654692324716,FALSE,FALSE,,,,,,,FALSE,,TRUE,FALSE,FALSE,"Non-significant / other",,,
"TCONS_00271223","XLOC_048833","PRKAG2-AS1","ENST00000687407.1","=",0.1445,0.1445,0.697595555554973,0.0238654692324716,FALSE,FALSE,,,,,,,FALSE,,TRUE,FALSE,FALSE,"Non-significant / other",,,
"TCONS_00271460","XLOC_048915","PRKAR1B","ENST00000537384.6","=",-0.137133333333333,0.137133333333333,0.0546006136854933,0.0299373683787165,FALSE,FALSE,,,,,,,FALSE,,TRUE,FALSE,FALSE,"Non-significant / other",,,
"TCONS_00271461","XLOC_048915","PRKAR1B","ENST00000403562.5","=",-0.0329666666666667,0.0329666666666667,0.5086367565635,0.0299373683787165,FALSE,FALSE,,,,,,,FALSE,,TRUE,FALSE,FALSE,"Non-significant / other",,,
"TCONS_00271463","XLOC_048915","PRKAR1B","ENST00000400758.6","=",0.168833333333333,0.168833333333333,0.0299373683787165,0.0299373683787165,TRUE,FALSE,,,,,,,FALSE,,TRUE,FALSE,FALSE,"T-significant / missing in U",,,
"TCONS_00279148","XLOC_048915","PRKAR1B","PB.17014.1","j",0.000999999999999994,0.000999999999999994,0.926500030747418,0.0299373683787165,FALSE,TRUE,,,,,,,FALSE,,TRUE,FALSE,FALSE,"Non-significant / other",,,
"TCONS_00271584","XLOC_048934","SNX8","ENST00000222990.8","=",-0.112666666666667,0.112666666666667,0.0665438900573578,0.0315091484655929,FALSE,FALSE,,,,,,,FALSE,,TRUE,FALSE,FALSE,"Non-significant / other",,,
"TCONS_00271590","XLOC_048934","SNX8","ENST00000435336.5","=",0.0262666666666667,0.0262666666666667,0.90701231722743,0.0315091484655929,FALSE,FALSE,,,,,,,FALSE,,TRUE,FALSE,FALSE,"Non-significant / other",,,
"TCONS_00271591","XLOC_048934","SNX8","ENST00000494722.1","=",0.115633333333333,0.115633333333333,0.0315091484655929,0.0315091484655929,FALSE,FALSE,,,,,,,FALSE,,TRUE,FALSE,FALSE,"Non-significant / other",,,
"TCONS_00279153","XLOC_048934","SNX8","PB.15896.2","c",-0.0489666666666667,0.0489666666666667,0.807766782412031,0.0315091484655929,FALSE,TRUE,,,,,,,FALSE,,TRUE,FALSE,FALSE,"Non-significant / other",,,
"TCONS_00279154","XLOC_048934","SNX8","PB.17041.3","c",0.00663333333333332,0.00663333333333332,0.984799902287477,0.0315091484655929,FALSE,TRUE,,,,,,,FALSE,,TRUE,FALSE,FALSE,"Non-significant / other",,,
"TCONS_00271631","XLOC_048950","RADIL","ENST00000399583.4","=",-0.1898,0.1898,0.434431107772579,0.000266868640882149,FALSE,FALSE,,,,,,,FALSE,,TRUE,FALSE,FALSE,"Non-significant / other",,,
"TCONS_00271632","XLOC_048950","RADIL","ENST00000472999.5","=",0.0454,0.0454,0.78424534860535,0.000266868640882149,FALSE,FALSE,,,,,,,FALSE,,TRUE,FALSE,FALSE,"Non-significant / other",,,
"TCONS_00271633","XLOC_048950","RADIL","ENST00000473130.5","=",-0.322933333333333,0.322933333333333,0.345681655597636,0.000266868640882149,FALSE,FALSE,,,,,,,FALSE,,TRUE,FALSE,FALSE,"Non-significant / other",,,
"TCONS_00271636","XLOC_048950","RADIL","ENST00000484211.1","=",0.1896,0.1896,0.439116261625127,0.000266868640882149,FALSE,FALSE,,,,,,,FALSE,,TRUE,FALSE,FALSE,"Non-significant / other",,,
"TCONS_00271639","XLOC_048950","RADIL","ENST00000457174.1","=",0.288133333333333,0.288133333333333,0.000266868640882149,0.000266868640882149,TRUE,FALSE,,,,,,,FALSE,,TRUE,FALSE,FALSE,"T-significant / missing in U",,,
"TCONS_00271925","XLOC_049028","MEOX2","ENST00000262041.6","=",-0.1706,0.1706,0.0179590753998377,0.0179590753998377,TRUE,FALSE,,,,,,,FALSE,,TRUE,FALSE,FALSE,"T-significant / missing in U",,,
"TCONS_00278460","XLOC_049028","MEOX2","PB.11341.1","j",0.1706,0.1706,0.102186520204941,0.0179590753998377,FALSE,TRUE,,,,,,,FALSE,,TRUE,FALSE,FALSE,"Non-significant / other",,,
"TCONS_00272161","XLOC_049092","GSDME","ENST00000645220.1","=",-0.1706,0.1706,0.22103900950262,1.14821467496317e-09,FALSE,FALSE,"XLOC_049092","GSDME",-0.157866666666667,0.157866666666667,0.835083717767851,0.0111525154795866,FALSE,FALSE,TRUE,TRUE,TRUE,"Non-significant / other",TRUE,0.0127333333333333,0.0127333333333333
"TCONS_00272162","XLOC_049092","GSDME","ENST00000342947.9","=",0.147966666666667,0.147966666666667,1.14821467496317e-09,1.14821467496317e-09,FALSE,FALSE,"XLOC_049092","GSDME",0.1441,0.1441,0.0111525154795866,0.0111525154795866,FALSE,FALSE,TRUE,TRUE,TRUE,"Non-significant / other",TRUE,-0.00386666666666666,0.00386666666666666
"TCONS_00272163","XLOC_049092","GSDME","ENST00000479636.1","=",0.00186666666666667,0.00186666666666667,0.967504631731156,1.14821467496317e-09,FALSE,FALSE,"XLOC_049092","GSDME",0.00486666666666667,0.00486666666666667,0.983794460546659,0.0111525154795866,FALSE,FALSE,TRUE,TRUE,TRUE,"Non-significant / other",TRUE,0.003,0.003
"TCONS_00272164","XLOC_049092","GSDME","ENST00000409970.6","=",-0.0329333333333333,0.0329333333333333,0.714460943452615,1.14821467496317e-09,FALSE,FALSE,"XLOC_049092","GSDME",-0.0345,0.0345,0.747092075071677,0.0111525154795866,FALSE,FALSE,TRUE,TRUE,TRUE,"Non-significant / other",TRUE,-0.00156666666666667,0.00156666666666667
"TCONS_00272165","XLOC_049092","GSDME","ENST00000419307.6","=",0.0145,0.0145,0.634736485382244,1.14821467496317e-09,FALSE,FALSE,"XLOC_049092","GSDME",0.00986666666666667,0.00986666666666667,0.932644218198969,0.0111525154795866,FALSE,FALSE,TRUE,TRUE,TRUE,"Non-significant / other",TRUE,-0.00463333333333333,0.00463333333333333
"TCONS_00272166","XLOC_049092","GSDME","ENST00000430096.1","=",-0.00666666666666667,0.00666666666666667,0.86672937012467,1.14821467496317e-09,FALSE,FALSE,"XLOC_049092","GSDME",-0.00606666666666667,0.00606666666666667,1,0.0111525154795866,FALSE,FALSE,TRUE,TRUE,TRUE,"Non-significant / other",TRUE,0.000600000000000001,0.000600000000000001
"TCONS_00272169","XLOC_049092","GSDME","ENST00000414428.2","=",0.00343333333333333,0.00343333333333333,0.902667519987352,1.14821467496317e-09,FALSE,FALSE,"XLOC_049092","GSDME",-0.00353333333333333,0.00353333333333333,1,0.0111525154795866,FALSE,FALSE,TRUE,TRUE,TRUE,"Non-significant / other",FALSE,-0.00696666666666667,0.00696666666666667
"TCONS_00272170","XLOC_049092","GSDME","ENST00000469133.1","=",0.000199999999999999,0.000199999999999999,1,1.14821467496317e-09,FALSE,FALSE,,,,,,,FALSE,,TRUE,FALSE,FALSE,"Non-significant / other",,,
"TCONS_00277749","XLOC_049092","GSDME","PB.14681.1","c",0.0945333333333333,0.0945333333333333,0.763064179788048,1.14821467496317e-09,FALSE,TRUE,"XLOC_049092","GSDME",0.0494333333333333,0.0494333333333333,0.912244766419748,0.0111525154795866,FALSE,TRUE,TRUE,TRUE,TRUE,"Non-significant / other",TRUE,-0.0451,0.0451
"TCONS_00277750","XLOC_049092","GSDME","PB.14681.3","c",-0.0515333333333334,0.0515333333333334,0.812311746480632,1.14821467496317e-09,FALSE,TRUE,"XLOC_049092","GSDME",-0.042,0.042,0.981170485656168,0.0111525154795866,FALSE,TRUE,TRUE,TRUE,TRUE,"Non-significant / other",TRUE,0.00953333333333337,0.00953333333333337
"TCONS_00278470","XLOC_049092","GSDME","PB.11378.2","j",-0.00796666666666667,0.00796666666666667,0.893303706782262,1.14821467496317e-09,FALSE,TRUE,"XLOC_049092","GSDME",0.0283,0.0283,0.796479850034382,0.0111525154795866,FALSE,TRUE,TRUE,TRUE,TRUE,"Non-significant / other",FALSE,0.0362666666666667,0.0362666666666667
"TCONS_00277795","XLOC_049153","XLOC_049153","PB.14721.1","x",0.292866666666667,0.292866666666667,0.420723800446059,0.00450619718426875,FALSE,TRUE,,,,,,,FALSE,,TRUE,FALSE,FALSE,"Non-significant / other",,,
"TCONS_00279980","XLOC_049153","XLOC_049153","PB.17209.1","x",-0.2406,0.2406,0.00450619718426875,0.00450619718426875,TRUE,TRUE,,,,,,,FALSE,,TRUE,FALSE,FALSE,"T-significant / missing in U",,,
"TCONS_00279981","XLOC_049153","XLOC_049153","PB.17209.2","x",-0.0522333333333333,0.0522333333333333,0.752560418438615,0.00450619718426875,FALSE,TRUE,,,,,,,FALSE,,TRUE,FALSE,FALSE,"Non-significant / other",,,
"TCONS_00273608","XLOC_049509","CALN1","ENST00000329008.9","=",-6e-04,6e-04,0.988207986513287,0.0153176829302908,FALSE,FALSE,,,,,,,FALSE,,TRUE,FALSE,FALSE,"Non-significant / other",,,
"TCONS_00273609","XLOC_049509","CALN1","ENST00000395275.7","=",0.218366666666667,0.218366666666667,0.0153176829302908,0.0153176829302908,TRUE,FALSE,,,,,,,FALSE,,TRUE,FALSE,FALSE,"T-significant / missing in U",,,
"TCONS_00273611","XLOC_049509","CALN1","ENST00000405452.3","=",-0.0866333333333333,0.0866333333333333,0.648953916503912,0.0153176829302908,FALSE,FALSE,,,,,,,FALSE,,TRUE,FALSE,FALSE,"Non-significant / other",,,
"TCONS_00273612","XLOC_049509","CALN1","ENST00000431984.5","=",-0.205866666666667,0.205866666666667,0.388591196213346,0.0153176829302908,FALSE,FALSE,,,,,,,FALSE,,TRUE,FALSE,FALSE,"Non-significant / other",,,
"TCONS_00278537","XLOC_049509","CALN1","PB.11555.1","j",0.0291666666666666,0.0291666666666666,0.990930777485298,0.0153176829302908,FALSE,TRUE,,,,,,,FALSE,,TRUE,FALSE,FALSE,"Non-significant / other",,,
"TCONS_00280053","XLOC_049509","CALN1","PB.17425.1","j",0.0455666666666667,0.0455666666666667,0.862103309564571,0.0153176829302908,FALSE,TRUE,,,,,,,FALSE,,TRUE,FALSE,FALSE,"Non-significant / other",,,
"TCONS_00273666","XLOC_049531","BCL7B","ENST00000486818.5","=",-0.00763333333333333,0.00763333333333333,0.765915389192042,1.93047135577884e-07,FALSE,FALSE,,,,,,,FALSE,,TRUE,FALSE,FALSE,"Non-significant / other",,,
"TCONS_00273668","XLOC_049531","BCL7B","ENST00000223368.7","=",0.168033333333333,0.168033333333333,1.93047135577884e-07,1.93047135577884e-07,TRUE,FALSE,,,,,,,FALSE,,TRUE,FALSE,FALSE,"T-significant / missing in U",,,
"TCONS_00273670","XLOC_049531","BCL7B","ENST00000482231.5","=",-0.11,0.11,0.00826729176502236,1.93047135577884e-07,FALSE,FALSE,,,,,,,FALSE,,TRUE,FALSE,FALSE,"Non-significant / other",,,
"TCONS_00273672","XLOC_049531","BCL7B","PB.17439.5","=",0.00836666666666666,0.00836666666666666,0.986079745097535,1.93047135577884e-07,FALSE,TRUE,,,,,,,FALSE,,TRUE,FALSE,FALSE,"Non-significant / other",,,
"TCONS_00273674","XLOC_049531","BCL7B","ENST00000455335.2","=",-0.00703333333333333,0.00703333333333333,0.82786874993189,1.93047135577884e-07,FALSE,FALSE,,,,,,,FALSE,,TRUE,FALSE,FALSE,"Non-significant / other",,,
"TCONS_00273676","XLOC_049531","BCL7B","PB.16241.5","=",-0.0219666666666667,0.0219666666666667,0.474707622164953,1.93047135577884e-07,FALSE,TRUE,,,,,,,FALSE,,TRUE,FALSE,FALSE,"Non-significant / other",,,
"TCONS_00277929","XLOC_049531","BCL7B","PB.14920.3","j",-0.0187333333333333,0.0187333333333333,0.674408407201408,1.93047135577884e-07,FALSE,TRUE,,,,,,,FALSE,,TRUE,FALSE,FALSE,"Non-significant / other",,,
"TCONS_00274322","XLOC_049662","CDK6","ENST00000265734.8","=",-0.181233333333333,0.181233333333333,0.0292947571176595,0.0292947571176595,TRUE,FALSE,,,,,,,FALSE,,TRUE,FALSE,FALSE,"T-significant / missing in U",,,
"TCONS_00274323","XLOC_049662","CDK6","ENST00000424848.3","=",0.181,0.181,0.0391839483348791,0.0292947571176595,TRUE,FALSE,,,,,,,FALSE,,TRUE,FALSE,FALSE,"T-significant / missing in U",,,
"TCONS_00274354","XLOC_049673","TFPI2","PB.11657.2","=",0.2711,0.2711,4.43055467765093e-09,4.43055467765093e-09,TRUE,TRUE,,,,,,,FALSE,,TRUE,FALSE,FALSE,"T-significant / missing in U",,,
"TCONS_00274355","XLOC_049673","TFPI2","ENST00000451238.1","=",0.0177333333333333,0.0177333333333333,0.513266089110622,4.43055467765093e-09,FALSE,FALSE,,,,,,,FALSE,,TRUE,FALSE,FALSE,"Non-significant / other",,,
"TCONS_00274356","XLOC_049673","TFPI2","ENST00000650573.1","=",-0.0951333333333333,0.0951333333333333,0.883875711597994,4.43055467765093e-09,FALSE,FALSE,,,,,,,FALSE,,TRUE,FALSE,FALSE,"Non-significant / other",,,
"TCONS_00274358","XLOC_049673","TFPI2","ENST00000647793.1","=",-0.0700333333333333,0.0700333333333333,0.855128037638271,4.43055467765093e-09,FALSE,FALSE,,,,,,,FALSE,,TRUE,FALSE,FALSE,"Non-significant / other",,,
"TCONS_00278563","XLOC_049673","TFPI2","PB.11657.4","c",0.0105666666666667,0.0105666666666667,0.934807174054264,4.43055467765093e-09,FALSE,TRUE,,,,,,,FALSE,,TRUE,FALSE,FALSE,"Non-significant / other",,,
"TCONS_00279402","XLOC_049673","TFPI2","PB.17574.5","c",-0.134733333333333,0.134733333333333,0.467820964578344,4.43055467765093e-09,FALSE,TRUE,,,,,,,FALSE,,TRUE,FALSE,FALSE,"Non-significant / other",,,
"TCONS_00280096","XLOC_049673","TFPI2","PB.17574.3","c",-0.0238333333333333,0.0238333333333333,0.959341450982764,4.43055467765093e-09,FALSE,TRUE,,,,,,,FALSE,,TRUE,FALSE,FALSE,"Non-significant / other",,,
"TCONS_00274590","XLOC_049699","OR7E7P","ENST00000455678.1","=",0.383733333333333,0.383733333333333,0.627807442952048,0.0120880448709209,FALSE,FALSE,,,,,,,FALSE,,TRUE,FALSE,FALSE,"Non-significant / other",,,
"TCONS_00279413","XLOC_049699","OR7E7P","PB.16380.1","c",-0.292833333333333,0.292833333333333,0.0120880448709209,0.0120880448709209,TRUE,TRUE,,,,,,,FALSE,,TRUE,FALSE,FALSE,"T-significant / missing in U",,,
"TCONS_00280113","XLOC_049699","OR7E7P","PB.17592.1","c",-0.0909,0.0909,0.915441462693823,0.0120880448709209,FALSE,TRUE,,,,,,,FALSE,,TRUE,FALSE,FALSE,"Non-significant / other",,,
"TCONS_00275346","XLOC_049811","ATXN7L1","ENST00000419735.8","=",-0.00629999999999997,0.00629999999999997,0.986563501040065,0.00602828071582492,FALSE,FALSE,,,,,,,FALSE,,TRUE,FALSE,FALSE,"Non-significant / other",,,
"TCONS_00275347","XLOC_049811","ATXN7L1","ENST00000477775.5","=",0.100133333333333,0.100133333333333,0.359592227734226,0.00602828071582492,FALSE,FALSE,,,,,,,FALSE,,TRUE,FALSE,FALSE,"Non-significant / other",,,
"TCONS_00275348","XLOC_049811","ATXN7L1","ENST00000484475.5","=",0.0199333333333333,0.0199333333333333,0.922581106348988,0.00602828071582492,FALSE,FALSE,,,,,,,FALSE,,TRUE,FALSE,FALSE,"Non-significant / other",,,
"TCONS_00275349","XLOC_049811","ATXN7L1","ENST00000474433.5","=",0.00156666666666666,0.00156666666666666,0.998161431539877,0.00602828071582492,FALSE,FALSE,,,,,,,FALSE,,TRUE,FALSE,FALSE,"Non-significant / other",,,
"TCONS_00275352","XLOC_049811","ATXN7L1","ENST00000485652.1","=",0.0715333333333333,0.0715333333333333,0.278643341782441,0.00602828071582492,FALSE,FALSE,,,,,,,FALSE,,TRUE,FALSE,FALSE,"Non-significant / other",,,
"TCONS_00275353","XLOC_049811","ATXN7L1","PB.15136.1","=",-0.120633333333333,0.120633333333333,0.00602828071582492,0.00602828071582492,FALSE,TRUE,,,,,,,FALSE,,TRUE,FALSE,FALSE,"Non-significant / other",,,
"TCONS_00275356","XLOC_049811","ATXN7L1","ENST00000464874.1","=",-0.0461666666666667,0.0461666666666667,0.713129866136731,0.00602828071582492,FALSE,FALSE,,,,,,,FALSE,,TRUE,FALSE,FALSE,"Non-significant / other",,,
"TCONS_00279453","XLOC_049811","ATXN7L1","PB.17698.3","j",-0.0394333333333333,0.0394333333333333,0.699681548360253,0.00602828071582492,FALSE,TRUE,,,,,,,FALSE,,TRUE,FALSE,FALSE,"Non-significant / other",,,
"TCONS_00280142","XLOC_049811","ATXN7L1","PB.17697.1","j",0.0502,0.0502,0.059483802578171,0.00602828071582492,FALSE,TRUE,,,,,,,FALSE,,TRUE,FALSE,FALSE,"Non-significant / other",,,
"TCONS_00276349","XLOC_050046","ZC3HAV1","ENST00000242351.10","=",-0.202066666666667,0.202066666666667,2.51039703688509e-07,1.24822009558154e-13,TRUE,FALSE,,,,,,,FALSE,,TRUE,FALSE,FALSE,"T-significant / missing in U",,,
"TCONS_00276353","XLOC_050046","ZC3HAV1","PB.11889.24","=",0.0274333333333333,0.0274333333333333,0.231352699129727,1.24822009558154e-13,FALSE,TRUE,,,,,,,FALSE,,TRUE,FALSE,FALSE,"Non-significant / other",,,
"TCONS_00278627","XLOC_050046","ZC3HAV1","PB.11889.22","c",0.0344666666666667,0.0344666666666667,1.24822009558154e-13,1.24822009558154e-13,FALSE,TRUE,,,,,,,FALSE,,TRUE,FALSE,FALSE,"Non-significant / other",,,
"TCONS_00278628","XLOC_050046","ZC3HAV1","PB.11889.23","c",0.0209666666666667,0.0209666666666667,8.37197594467122e-11,1.24822009558154e-13,FALSE,TRUE,,,,,,,FALSE,,TRUE,FALSE,FALSE,"Non-significant / other",,,
"TCONS_00278630","XLOC_050046","ZC3HAV1","PB.11889.27","c",0.110433333333333,0.110433333333333,0.000421175058332179,1.24822009558154e-13,FALSE,TRUE,,,,,,,FALSE,,TRUE,FALSE,FALSE,"Non-significant / other",,,
"TCONS_00280298","XLOC_050251","CLN8","ENST00000524258.2","=",-0.0377333333333333,0.0377333333333333,0.698086626450524,5.19185806460791e-05,FALSE,FALSE,,,,,,,FALSE,,TRUE,FALSE,FALSE,"Non-significant / other",,,
"TCONS_00280299","XLOC_050251","CLN8","ENST00000518780.1","=",-0.000366666666666668,0.000366666666666668,1,5.19185806460791e-05,FALSE,FALSE,,,,,,,FALSE,,TRUE,FALSE,FALSE,"Non-significant / other",,,
"TCONS_00280301","XLOC_050251","CLN8","ENST00000519254.2","=",0.0473,0.0473,0.263444228886907,5.19185806460791e-05,FALSE,FALSE,,,,,,,FALSE,,TRUE,FALSE,FALSE,"Non-significant / other",,,
"TCONS_00280302","XLOC_050251","CLN8","ENST00000635751.1","=",-0.0227333333333333,0.0227333333333333,0.383200105182721,5.19185806460791e-05,FALSE,FALSE,,,,,,,FALSE,,TRUE,FALSE,FALSE,"Non-significant / other",,,
"TCONS_00280303","XLOC_050251","CLN8","ENST00000331222.6","=",-0.1598,0.1598,5.19185806460791e-05,5.19185806460791e-05,TRUE,FALSE,,,,,,,FALSE,,TRUE,FALSE,FALSE,"T-significant / missing in U",,,
"TCONS_00280304","XLOC_050251","CLN8","ENST00000637156.1","=",-0.00456666666666667,0.00456666666666667,0.998161431539877,5.19185806460791e-05,FALSE,FALSE,,,,,,,FALSE,,TRUE,FALSE,FALSE,"Non-significant / other",,,
"TCONS_00280307","XLOC_050251","CLN8","ENST00000635970.1","=",0.104333333333333,0.104333333333333,0.00306609226747422,5.19185806460791e-05,FALSE,FALSE,,,,,,,FALSE,,TRUE,FALSE,FALSE,"Non-significant / other",,,
"TCONS_00280308","XLOC_050251","CLN8","ENST00000520991.3","=",0.0219333333333333,0.0219333333333333,0.663014398789642,5.19185806460791e-05,FALSE,FALSE,,,,,,,FALSE,,TRUE,FALSE,FALSE,"Non-significant / other",,,
"TCONS_00280317","XLOC_050251","CLN8","ENST00000349830.8","=",0.014,0.014,0.463549707562175,5.19185806460791e-05,FALSE,FALSE,,,,,,,FALSE,,TRUE,FALSE,FALSE,"Non-significant / other",,,
"TCONS_00280318","XLOC_050251","CLN8","ENST00000520359.5","=",0.00853333333333334,0.00853333333333334,0.932064423191774,5.19185806460791e-05,FALSE,FALSE,,,,,,,FALSE,,TRUE,FALSE,FALSE,"Non-significant / other",,,
"TCONS_00280323","XLOC_050251","CLN8","ENST00000520972.5","=",0.0134,0.0134,0.310766265266663,5.19185806460791e-05,FALSE,FALSE,,,,,,,FALSE,,TRUE,FALSE,FALSE,"Non-significant / other",,,
"TCONS_00280326","XLOC_050251","CLN8","ENST00000522435.5","=",0.0264,0.0264,0.723218047209009,5.19185806460791e-05,FALSE,FALSE,,,,,,,FALSE,,TRUE,FALSE,FALSE,"Non-significant / other",,,
"TCONS_00280331","XLOC_050251","CLN8","ENST00000521927.1","=",0.0265333333333333,0.0265333333333333,0.806145904638854,5.19185806460791e-05,FALSE,FALSE,,,,,,,FALSE,,TRUE,FALSE,FALSE,"Non-significant / other",,,
"TCONS_00290185","XLOC_050251","CLN8","PB.15434.2","j",0.0221333333333333,0.0221333333333333,0.504616773752242,5.19185806460791e-05,FALSE,TRUE,,,,,,,FALSE,,TRUE,FALSE,FALSE,"Non-significant / other",,,
"TCONS_00292642","XLOC_050251","CLN8","PB.18039.1","j",-0.0262666666666667,0.0262666666666667,0.686415756765847,5.19185806460791e-05,FALSE,TRUE,,,,,,,FALSE,,TRUE,FALSE,FALSE,"Non-significant / other",,,
"TCONS_00292643","XLOC_050251","CLN8","PB.18039.2","j",-0.0222,0.0222,0.960379229773896,5.19185806460791e-05,FALSE,TRUE,,,,,,,FALSE,,TRUE,FALSE,FALSE,"Non-significant / other",,,
"TCONS_00283211","XLOC_050944","ZBTB10","PB.18511.1","=",0.0550666666666667,0.0550666666666667,0.0903395650697031,0.0103806003112376,FALSE,TRUE,,,,,,,FALSE,,TRUE,FALSE,FALSE,"Non-significant / other",,,
"TCONS_00283212","XLOC_050944","ZBTB10","ENST00000430430.5","=",-0.000266666666666667,0.000266666666666667,0.998161431539877,0.0103806003112376,FALSE,FALSE,,,,,,,FALSE,,TRUE,FALSE,FALSE,"Non-significant / other",,,
"TCONS_00283213","XLOC_050944","ZBTB10","ENST00000426744.5","=",0.0150333333333333,0.0150333333333333,0.788385921214345,0.0103806003112376,FALSE,FALSE,,,,,,,FALSE,,TRUE,FALSE,FALSE,"Non-significant / other",,,
"TCONS_00283214","XLOC_050944","ZBTB10","ENST00000455036.8","=",-0.0454,0.0454,0.715348706059865,0.0103806003112376,FALSE,FALSE,,,,,,,FALSE,,TRUE,FALSE,FALSE,"Non-significant / other",,,
"TCONS_00283215","XLOC_050944","ZBTB10","ENST00000610895.2","=",-0.0151333333333333,0.0151333333333333,0.920249957089393,0.0103806003112376,FALSE,FALSE,,,,,,,FALSE,,TRUE,FALSE,FALSE,"Non-significant / other",,,
"TCONS_00290521","XLOC_050944","ZBTB10","PB.15833.1","j",0.0252666666666667,0.0252666666666667,0.40009891407273,0.0103806003112376,FALSE,TRUE,,,,,,,FALSE,,TRUE,FALSE,FALSE,"Non-significant / other",,,
"TCONS_00290522","XLOC_050944","ZBTB10","PB.12317.4","c",-0.1357,0.1357,0.0589637175000615,0.0103806003112376,FALSE,TRUE,,,,,,,FALSE,,TRUE,FALSE,FALSE,"Non-significant / other",,,
"TCONS_00290523","XLOC_050944","ZBTB10","PB.15833.6","c",0.113233333333333,0.113233333333333,0.0103806003112376,0.0103806003112376,FALSE,TRUE,,,,,,,FALSE,,TRUE,FALSE,FALSE,"Non-significant / other",,,
"TCONS_00291358","XLOC_050944","ZBTB10","PB.12317.5","c",-0.0120666666666667,0.0120666666666667,0.93385617169259,0.0103806003112376,FALSE,TRUE,,,,,,,FALSE,,TRUE,FALSE,FALSE,"Non-significant / other",,,
"TCONS_00283339","XLOC_050989","CPNE3","ENST00000517490.6","=",-0.0172,0.0172,0.917777174046653,5.01090094299034e-19,FALSE,FALSE,,,,,,,FALSE,,TRUE,FALSE,FALSE,"Non-significant / other",,,
"TCONS_00283340","XLOC_050989","CPNE3","ENST00000621783.4","=",9.99999999999994e-05,9.99999999999994e-05,1,5.01090094299034e-19,FALSE,FALSE,,,,,,,FALSE,,TRUE,FALSE,FALSE,"Non-significant / other",,,
"TCONS_00283341","XLOC_050989","CPNE3","ENST00000620393.4","=",0.0118666666666667,0.0118666666666667,0.778107681179174,5.01090094299034e-19,FALSE,FALSE,,,,,,,FALSE,,TRUE,FALSE,FALSE,"Non-significant / other",,,
"TCONS_00283343","XLOC_050989","CPNE3","ENST00000622183.1","=",0.130666666666667,0.130666666666667,5.01090094299034e-19,5.01090094299034e-19,FALSE,FALSE,,,,,,,FALSE,,TRUE,FALSE,FALSE,"Non-significant / other",,,
"TCONS_00290537","XLOC_050989","CPNE3","PB.15862.9","c",-0.110733333333333,0.110733333333333,0.330059239559661,5.01090094299034e-19,FALSE,TRUE,,,,,,,FALSE,,TRUE,FALSE,FALSE,"Non-significant / other",,,
"TCONS_00290667","XLOC_051298","XLOC_051298","PB.16076.1","x",0.117733333333333,0.117733333333333,0.127871981589354,0.0315536049655297,FALSE,TRUE,,,,,,,FALSE,,TRUE,FALSE,FALSE,"Non-significant / other",,,
"TCONS_00291445","XLOC_051298","XLOC_051298","PB.12526.1","x",0.0337333333333333,0.0337333333333333,0.54800646534064,0.0315536049655297,FALSE,TRUE,,,,,,,FALSE,,TRUE,FALSE,FALSE,"Non-significant / other",,,
"TCONS_00291446","XLOC_051298","XLOC_051298","PB.12526.2","x",-0.0072,0.0072,0.997504284880317,0.0315536049655297,FALSE,TRUE,,,,,,,FALSE,,TRUE,FALSE,FALSE,"Non-significant / other",,,
"TCONS_00292988","XLOC_051298","XLOC_051298","PB.18827.1","x",-0.1579,0.1579,0.0315536049655297,0.0315536049655297,TRUE,TRUE,,,,,,,FALSE,,TRUE,FALSE,FALSE,"T-significant / missing in U",,,
"TCONS_00285969","XLOC_051685","HR","ENST00000381418.9","=",-0.327,0.327,0.266800482763093,0.0211251990509736,FALSE,FALSE,,,,,,,FALSE,,TRUE,FALSE,FALSE,"Non-significant / other",,,
"TCONS_00285970","XLOC_051685","HR","ENST00000312841.9","=",-0.0731666666666667,0.0731666666666667,0.879571038796339,0.0211251990509736,FALSE,FALSE,,,,,,,FALSE,,TRUE,FALSE,FALSE,"Non-significant / other",,,
"TCONS_00285971","XLOC_051685","HR","ENST00000680789.1","=",0.0342666666666667,0.0342666666666667,0.982239626105487,0.0211251990509736,FALSE,FALSE,,,,,,,FALSE,,TRUE,FALSE,FALSE,"Non-significant / other",,,
"TCONS_00285972","XLOC_051685","HR","ENST00000522016.1","=",0.0115666666666667,0.0115666666666667,0.974110507985029,0.0211251990509736,FALSE,FALSE,,,,,,,FALSE,,TRUE,FALSE,FALSE,"Non-significant / other",,,
"TCONS_00285973","XLOC_051685","HR","ENST00000522039.1","=",0.0600666666666667,0.0600666666666667,0.955966621133578,0.0211251990509736,FALSE,FALSE,,,,,,,FALSE,,TRUE,FALSE,FALSE,"Non-significant / other",,,
"TCONS_00285974","XLOC_051685","HR","ENST00000517699.2","=",0.0259333333333333,0.0259333333333333,0.979503908335661,0.0211251990509736,FALSE,FALSE,,,,,,,FALSE,,TRUE,FALSE,FALSE,"Non-significant / other",,,
"TCONS_00285975","XLOC_051685","HR","ENST00000518461.2","=",0.280433333333333,0.280433333333333,0.0211251990509736,0.0211251990509736,TRUE,FALSE,,,,,,,FALSE,,TRUE,FALSE,FALSE,"T-significant / missing in U",,,
"TCONS_00287018","XLOC_051993","BPNT2","ENST00000262644.9","=",-0.163866666666667,0.163866666666667,1.73665391804961e-18,1.73665391804961e-18,TRUE,FALSE,,,,,,,FALSE,,TRUE,FALSE,FALSE,"T-significant / missing in U",,,
"TCONS_00287019","XLOC_051993","BPNT2","ENST00000520392.1","=",-0.00696666666666668,0.00696666666666668,0.904838983092752,1.73665391804961e-18,FALSE,FALSE,,,,,,,FALSE,,TRUE,FALSE,FALSE,"Non-significant / other",,,
"TCONS_00292333","XLOC_051993","BPNT2","PB.17094.1","c",0.1708,0.1708,0.0108704009636582,1.73665391804961e-18,TRUE,TRUE,,,,,,,FALSE,,TRUE,FALSE,FALSE,"T-significant / missing in U",,,
"TCONS_00287192","XLOC_052058","ENSG00000272010","ENST00000606963.1","=",0.3054,0.3054,0.021211537538708,0.021211537538708,TRUE,FALSE,,,,,,,FALSE,,TRUE,FALSE,FALSE,"T-significant / missing in U",,,
"TCONS_00290891","XLOC_052058","ENSG00000272010","PB.15771.1","k",-0.0766000000000001,0.0766000000000001,0.907914442809113,0.021211537538708,FALSE,TRUE,,,,,,,FALSE,,TRUE,FALSE,FALSE,"Non-significant / other",,,
"TCONS_00292351","XLOC_052058","ENSG00000272010","PB.17137.1","c",-0.2288,0.2288,0.458019157969864,0.021211537538708,FALSE,TRUE,,,,,,,FALSE,,TRUE,FALSE,FALSE,"Non-significant / other",,,
"TCONS_00294338","XLOC_053001","ENSG00000287838","ENST00000660743.1","=",0.264333333333333,0.264333333333333,0.636342878811983,0.0458723348281728,FALSE,FALSE,,,,,,,FALSE,,TRUE,FALSE,FALSE,"Non-significant / other",,,
"TCONS_00301846","XLOC_053001","ENSG00000287838","PB.16358.1","o",0.0372,0.0372,0.99761800042806,0.0458723348281728,FALSE,TRUE,,,,,,,FALSE,,TRUE,FALSE,FALSE,"Non-significant / other",,,
"TCONS_00302675","XLOC_053001","ENSG00000287838","PB.12743.1","j",-0.272133333333333,0.272133333333333,0.0458723348281728,0.0458723348281728,TRUE,TRUE,,,,,,,FALSE,,TRUE,FALSE,FALSE,"T-significant / missing in U",,,
"TCONS_00303210","XLOC_053001","ENSG00000287838","PB.17843.1","j",-0.0294666666666667,0.0294666666666667,0.916819581983074,0.0458723348281728,FALSE,TRUE,,,,,,,FALSE,,TRUE,FALSE,FALSE,"Non-significant / other",,,
"TCONS_00294674","XLOC_053140","PGM5","ENST00000603200.5","=",0.0242333333333333,0.0242333333333333,0.701421656799141,9.28127852614633e-09,FALSE,FALSE,,,,,,,FALSE,,TRUE,FALSE,FALSE,"Non-significant / other",,,
"TCONS_00294677","XLOC_053140","PGM5","ENST00000414223.4","=",0.688766666666667,0.688766666666667,9.28127852614633e-09,9.28127852614633e-09,TRUE,FALSE,,,,,,,FALSE,,TRUE,FALSE,FALSE,"T-significant / missing in U",,,
"TCONS_00294679","XLOC_053140","PGM5","ENST00000396396.6","=",-0.380266666666667,0.380266666666667,0.190049134914136,9.28127852614633e-09,FALSE,FALSE,,,,,,,FALSE,,TRUE,FALSE,FALSE,"Non-significant / other",,,
"TCONS_00294684","XLOC_053140","PGM5","ENST00000472639.1","=",-0.0635,0.0635,0.849879908182567,9.28127852614633e-09,FALSE,FALSE,,,,,,,FALSE,,TRUE,FALSE,FALSE,"Non-significant / other",,,
"TCONS_00301861","XLOC_053140","PGM5","PB.16396.1","c",-0.278366666666667,0.278366666666667,0.195014939559769,9.28127852614633e-09,FALSE,TRUE,,,,,,,FALSE,,TRUE,FALSE,FALSE,"Non-significant / other",,,
"TCONS_00295877","XLOC_053493","SNX30","ENST00000374232.8","=",-0.2442,0.2442,2.0644311882522e-05,2.0644311882522e-05,TRUE,FALSE,,,,,,,FALSE,,TRUE,FALSE,FALSE,"T-significant / missing in U",,,
"TCONS_00295878","XLOC_053493","SNX30","ENST00000416585.1","=",0.0628666666666667,0.0628666666666667,0.556669026374826,2.0644311882522e-05,FALSE,FALSE,,,,,,,FALSE,,TRUE,FALSE,FALSE,"Non-significant / other",,,
"TCONS_00295879","XLOC_053493","SNX30","ENST00000604751.1","=",0.181333333333333,0.181333333333333,0.0395956126277661,2.0644311882522e-05,TRUE,FALSE,,,,,,,FALSE,,TRUE,FALSE,FALSE,"T-significant / missing in U",,,
"TCONS_00296333","XLOC_053604","ZNF79","ENST00000543471.5","=",0.145166666666667,0.145166666666667,0.0192266867431366,0.0192266867431366,FALSE,FALSE,,,,,,,FALSE,,TRUE,FALSE,FALSE,"Non-significant / other",,,
"TCONS_00296334","XLOC_053604","ZNF79","ENST00000612342.4","=",-0.0229,0.0229,0.937423824032236,0.0192266867431366,FALSE,FALSE,,,,,,,FALSE,,TRUE,FALSE,FALSE,"Non-significant / other",,,
"TCONS_00296336","XLOC_053604","ZNF79","ENST00000342483.5","=",0.0091,0.0091,1,0.0192266867431366,FALSE,FALSE,,,,,,,FALSE,,TRUE,FALSE,FALSE,"Non-significant / other",,,
"TCONS_00302795","XLOC_053604","ZNF79","PB.13015.1","c",-0.131366666666667,0.131366666666667,0.512968368425605,0.0192266867431366,FALSE,TRUE,,,,,,,FALSE,,TRUE,FALSE,FALSE,"Non-significant / other",,,
"TCONS_00296578","XLOC_053633","SPTAN1","ENST00000372731.8","=",0.0247,0.0247,0.687624586960597,0.0029767228266673,FALSE,FALSE,,,,,,,FALSE,,TRUE,FALSE,FALSE,"Non-significant / other",,,
"TCONS_00296580","XLOC_053633","SPTAN1","ENST00000372739.7","=",0.0195666666666667,0.0195666666666667,0.810065006897818,0.0029767228266673,FALSE,FALSE,,,,,,,FALSE,,TRUE,FALSE,FALSE,"Non-significant / other",,,
"TCONS_00296583","XLOC_053633","SPTAN1","ENST00000358161.9","=",0.000766666666666665,0.000766666666666665,0.992239735540577,0.0029767228266673,FALSE,FALSE,,,,,,,FALSE,,TRUE,FALSE,FALSE,"Non-significant / other",,,
"TCONS_00296610","XLOC_053633","SPTAN1","ENST00000629089.1","=",0.0012,0.0012,0.958125443543968,0.0029767228266673,FALSE,FALSE,,,,,,,FALSE,,TRUE,FALSE,FALSE,"Non-significant / other",,,
"TCONS_00296613","XLOC_053633","SPTAN1","ENST00000625980.2","=",-0.00166666666666667,0.00166666666666667,0.917935264772754,0.0029767228266673,FALSE,FALSE,,,,,,,FALSE,,TRUE,FALSE,FALSE,"Non-significant / other",,,
"TCONS_00302111","XLOC_053633","SPTAN1","PB.16746.7","c",0.0177666666666667,0.0177666666666667,0.998161431539877,0.0029767228266673,FALSE,TRUE,,,,,,,FALSE,,TRUE,FALSE,FALSE,"Non-significant / other",,,
"TCONS_00302803","XLOC_053633","SPTAN1","PB.13036.1","j",0.0176333333333333,0.0176333333333333,0.573762617130376,0.0029767228266673,FALSE,TRUE,,,,,,,FALSE,,TRUE,FALSE,FALSE,"Non-significant / other",,,
"TCONS_00302804","XLOC_053633","SPTAN1","PB.13036.2","c",-0.0210666666666667,0.0210666666666667,0.613881281414682,0.0029767228266673,FALSE,TRUE,,,,,,,FALSE,,TRUE,FALSE,FALSE,"Non-significant / other",,,
"TCONS_00302807","XLOC_053633","SPTAN1","PB.13036.5","j",-0.1168,0.1168,0.0029767228266673,0.0029767228266673,FALSE,TRUE,,,,,,,FALSE,,TRUE,FALSE,FALSE,"Non-significant / other",,,
"TCONS_00303394","XLOC_053633","SPTAN1","PB.18271.1","c",0.0126666666666667,0.0126666666666667,0.805351995100665,0.0029767228266673,FALSE,TRUE,,,,,,,FALSE,,TRUE,FALSE,FALSE,"Non-significant / other",,,
"TCONS_00303395","XLOC_053633","SPTAN1","PB.18271.2","j",-0.0299333333333333,0.0299333333333333,0.748817388137109,0.0029767228266673,FALSE,TRUE,,,,,,,FALSE,,TRUE,FALSE,FALSE,"Non-significant / other",,,
"TCONS_00303396","XLOC_053633","SPTAN1","PB.18271.3","c",-0.0142333333333333,0.0142333333333333,0.895077762788282,0.0029767228266673,FALSE,TRUE,,,,,,,FALSE,,TRUE,FALSE,FALSE,"Non-significant / other",,,
"TCONS_00303401","XLOC_053633","SPTAN1","PB.18271.9","c",-0.0087,0.0087,0.93872359539069,0.0029767228266673,FALSE,TRUE,,,,,,,FALSE,,TRUE,FALSE,FALSE,"Non-significant / other",,,
"TCONS_00304019","XLOC_053633","SPTAN1","PB.19622.4","j",-0.0113333333333333,0.0113333333333333,0.419229302174353,0.0029767228266673,FALSE,TRUE,,,,,,,FALSE,,TRUE,FALSE,FALSE,"Non-significant / other",,,
"TCONS_00304020","XLOC_053633","SPTAN1","PB.19622.8","c",0.1049,0.1049,0.331093780547767,0.0029767228266673,FALSE,TRUE,,,,,,,FALSE,,TRUE,FALSE,FALSE,"Non-significant / other",,,
"TCONS_00297982","XLOC_053892","ZDHHC21","ENST00000380916.9","=",-0.162666666666667,0.162666666666667,0.0235887425139848,0.0235887425139848,TRUE,FALSE,,,,,,,FALSE,,TRUE,FALSE,FALSE,"T-significant / missing in U",,,
"TCONS_00297983","XLOC_053892","ZDHHC21","ENST00000497966.1","=",0.0241,0.0241,0.850061362306924,0.0235887425139848,FALSE,FALSE,,,,,,,FALSE,,TRUE,FALSE,FALSE,"Non-significant / other",,,
"TCONS_00302207","XLOC_053892","ZDHHC21","PB.16215.1","j",0.1386,0.1386,0.0518834416757346,0.0235887425139848,FALSE,TRUE,,,,,,,FALSE,,TRUE,FALSE,FALSE,"Non-significant / other",,,
"TCONS_00298096","XLOC_053931","HACD4","ENST00000495827.3","=",0.00186666666666667,0.00186666666666667,0.998161431539877,0.00101197104141921,FALSE,FALSE,,,,,,,FALSE,,TRUE,FALSE,FALSE,"Non-significant / other",,,
"TCONS_00302242","XLOC_053931","HACD4","PB.16243.1","j",-0.164033333333333,0.164033333333333,0.124911724849339,0.00101197104141921,FALSE,TRUE,,,,,,,FALSE,,TRUE,FALSE,FALSE,"Non-significant / other",,,
"TCONS_00302243","XLOC_053931","HACD4","PB.16243.4","j",0.154633333333333,0.154633333333333,0.00101197104141921,0.00101197104141921,TRUE,TRUE,,,,,,,FALSE,,TRUE,FALSE,FALSE,"T-significant / missing in U",,,
"TCONS_00302244","XLOC_053931","HACD4","PB.16243.6","j",0.0372666666666667,0.0372666666666667,0.762960868804912,0.00101197104141921,FALSE,TRUE,,,,,,,FALSE,,TRUE,FALSE,FALSE,"Non-significant / other",,,
"TCONS_00302245","XLOC_053931","HACD4","PB.16243.7","j",-0.0242333333333333,0.0242333333333333,0.83036011644036,0.00101197104141921,FALSE,TRUE,,,,,,,FALSE,,TRUE,FALSE,FALSE,"Non-significant / other",,,
"TCONS_00298241","XLOC_054002","TOPORS","ENST00000360538.7","=",-0.177166666666667,0.177166666666667,3.15082386545493e-12,1.03910573457335e-32,TRUE,FALSE,,,,,,,FALSE,,TRUE,FALSE,FALSE,"T-significant / missing in U",,,
"TCONS_00302251","XLOC_054002","TOPORS","PB.16261.1","c",-0.2854,0.2854,1.03910573457335e-32,1.03910573457335e-32,TRUE,TRUE,,,,,,,FALSE,,TRUE,FALSE,FALSE,"T-significant / missing in U",,,
"TCONS_00302878","XLOC_054002","TOPORS","PB.12666.8","c",0.0497,0.0497,0.309722541199877,1.03910573457335e-32,FALSE,TRUE,,,,,,,FALSE,,TRUE,FALSE,FALSE,"Non-significant / other",,,
"TCONS_00302879","XLOC_054002","TOPORS","PB.12666.9","c",0.0382,0.0382,0.430998788349647,1.03910573457335e-32,FALSE,TRUE,,,,,,,FALSE,,TRUE,FALSE,FALSE,"Non-significant / other",,,
"TCONS_00302885","XLOC_054002","TOPORS","PB.12666.20","c",0.0153333333333333,0.0153333333333333,0.687041495509555,1.03910573457335e-32,FALSE,TRUE,,,,,,,FALSE,,TRUE,FALSE,FALSE,"Non-significant / other",,,
"TCONS_00302887","XLOC_054002","TOPORS","PB.12666.25","c",0.0711333333333333,0.0711333333333333,0.00530793772534898,1.03910573457335e-32,FALSE,TRUE,,,,,,,FALSE,,TRUE,FALSE,FALSE,"Non-significant / other",,,
"TCONS_00302888","XLOC_054002","TOPORS","PB.12666.24","c",0.0378333333333333,0.0378333333333333,0.0588888748040848,1.03910573457335e-32,FALSE,TRUE,,,,,,,FALSE,,TRUE,FALSE,FALSE,"Non-significant / other",,,
"TCONS_00302892","XLOC_054002","TOPORS","PB.12666.37","c",0.182833333333333,0.182833333333333,6.93434741530914e-17,1.03910573457335e-32,TRUE,TRUE,,,,,,,FALSE,,TRUE,FALSE,FALSE,"T-significant / missing in U",,,
"TCONS_00303521","XLOC_054002","TOPORS","PB.17741.5","c",0.0463,0.0463,0.118696598300027,1.03910573457335e-32,FALSE,TRUE,,,,,,,FALSE,,TRUE,FALSE,FALSE,"Non-significant / other",,,
"TCONS_00304106","XLOC_054002","TOPORS","PB.19046.8","j",-0.00856666666666667,0.00856666666666667,0.578910801639658,1.03910573457335e-32,FALSE,TRUE,,,,,,,FALSE,,TRUE,FALSE,FALSE,"Non-significant / other",,,
"TCONS_00300426","XLOC_054645","AKNA","ENST00000374088.8","=",-0.0856666666666667,0.0856666666666667,0.00128606861529934,1.09270434707927e-05,FALSE,FALSE,,,,,,,FALSE,,TRUE,FALSE,FALSE,"Non-significant / other",,,
"TCONS_00300427","XLOC_054645","AKNA","ENST00000307564.8","=",0.120266666666667,0.120266666666667,1.09270434707927e-05,1.09270434707927e-05,FALSE,FALSE,,,,,,,FALSE,,TRUE,FALSE,FALSE,"Non-significant / other",,,
"TCONS_00300428","XLOC_054645","AKNA","ENST00000374079.8","=",-0.103633333333333,0.103633333333333,0.439351644241841,1.09270434707927e-05,FALSE,FALSE,,,,,,,FALSE,,TRUE,FALSE,FALSE,"Non-significant / other",,,
"TCONS_00300429","XLOC_054645","AKNA","ENST00000492875.1","=",0.008,0.008,0.703131707040492,1.09270434707927e-05,FALSE,FALSE,,,,,,,FALSE,,TRUE,FALSE,FALSE,"Non-significant / other",,,
"TCONS_00300431","XLOC_054645","AKNA","ENST00000374075.9","=",0.0373666666666667,0.0373666666666667,0.742370174874513,1.09270434707927e-05,FALSE,FALSE,,,,,,,FALSE,,TRUE,FALSE,FALSE,"Non-significant / other",,,
"TCONS_00300433","XLOC_054645","AKNA","ENST00000490767.1","=",0.0077,0.0077,0.971130971367954,1.09270434707927e-05,FALSE,FALSE,,,,,,,FALSE,,TRUE,FALSE,FALSE,"Non-significant / other",,,
"TCONS_00300434","XLOC_054645","AKNA","ENST00000312033.3","=",0.0159333333333333,0.0159333333333333,0.812985767665337,1.09270434707927e-05,FALSE,FALSE,,,,,,,FALSE,,TRUE,FALSE,FALSE,"Non-significant / other",,,
"TCONS_00300597","XLOC_054683","STOM","ENST00000286713.7","=",0.164333333333333,0.164333333333333,0.123569368662065,8.19231379536425e-16,FALSE,FALSE,,,,,,,FALSE,,TRUE,FALSE,FALSE,"Non-significant / other",,,
"TCONS_00300598","XLOC_054683","STOM","ENST00000538954.5","=",-0.0098,0.0098,0.878235189302041,8.19231379536425e-16,FALSE,FALSE,,,,,,,FALSE,,TRUE,FALSE,FALSE,"Non-significant / other",,,
"TCONS_00302534","XLOC_054683","STOM","PB.16669.2","c",-0.0302333333333333,0.0302333333333333,0.840602709021057,8.19231379536425e-16,FALSE,TRUE,,,,,,,FALSE,,TRUE,FALSE,FALSE,"Non-significant / other",,,
"TCONS_00304242","XLOC_054683","STOM","PB.19530.1","o",-0.123966666666667,0.123966666666667,8.19231379536425e-16,8.19231379536425e-16,FALSE,TRUE,,,,,,,FALSE,,TRUE,FALSE,FALSE,"Non-significant / other",,,
"TCONS_00301571","XLOC_054896","FUT7","ENST00000314412.7","=",-0.157266666666667,0.157266666666667,7.26677217165528e-77,7.26677217165528e-77,TRUE,FALSE,,,,,,,FALSE,,TRUE,FALSE,FALSE,"T-significant / missing in U",,,
"TCONS_00301574","XLOC_054896","FUT7","ENST00000371601.5","=",0.135166666666667,0.135166666666667,0.00324742229213381,7.26677217165528e-77,FALSE,FALSE,,,,,,,FALSE,,TRUE,FALSE,FALSE,"Non-significant / other",,,
"TCONS_00301575","XLOC_054896","FUT7","ENST00000371600.7","=",0.0155333333333333,0.0155333333333333,0.784956772936506,7.26677217165528e-77,FALSE,FALSE,,,,,,,FALSE,,TRUE,FALSE,FALSE,"Non-significant / other",,,
"TCONS_00301576","XLOC_054896","FUT7","ENST00000496498.1","=",0.0131666666666667,0.0131666666666667,0.946312450845199,7.26677217165528e-77,FALSE,FALSE,,,,,,,FALSE,,TRUE,FALSE,FALSE,"Non-significant / other",,,
"TCONS_00305431","XLOC_055234","JADE3","ENST00000611250.4","=",-0.172933333333333,0.172933333333333,0.0360750676704684,0.0360750676704684,TRUE,FALSE,,,,,,,FALSE,,TRUE,FALSE,FALSE,"T-significant / missing in U",,,
"TCONS_00305432","XLOC_055234","JADE3","ENST00000614628.5","=",0.172933333333333,0.172933333333333,0.117515235955815,0.0360750676704684,FALSE,FALSE,,,,,,,FALSE,,TRUE,FALSE,FALSE,"Non-significant / other",,,
"TCONS_00308571","XLOC_056195","ANOS1","ENST00000262648.8","=",-0.1274,0.1274,0.000635904744520582,0.000635904744520582,FALSE,FALSE,,,,,,,FALSE,,TRUE,FALSE,FALSE,"Non-significant / other",,,
"TCONS_00308572","XLOC_056195","ANOS1","ENST00000481896.1","=",-0.0089,0.0089,0.873271715305195,0.000635904744520582,FALSE,FALSE,,,,,,,FALSE,,TRUE,FALSE,FALSE,"Non-significant / other",,,
"TCONS_00308573","XLOC_056195","ANOS1","ENST00000488294.1","=",0.0236333333333333,0.0236333333333333,0.971130971367954,0.000635904744520582,FALSE,FALSE,,,,,,,FALSE,,TRUE,FALSE,FALSE,"Non-significant / other",,,
"TCONS_00313052","XLOC_056195","ANOS1","PB.13152.2","j",0.1319,0.1319,0.373151938121744,0.000635904744520582,FALSE,TRUE,,,,,,,FALSE,,TRUE,FALSE,FALSE,"Non-significant / other",,,
"TCONS_00313979","XLOC_056195","ANOS1","PB.19802.2","j",-0.0400333333333333,0.0400333333333333,0.861049996332503,0.000635904744520582,FALSE,TRUE,,,,,,,FALSE,,TRUE,FALSE,FALSE,"Non-significant / other",,,
"TCONS_00309302","XLOC_056436","SLC9A7","ENST00000616978.5","=",-0.134333333333333,0.134333333333333,0.0735159462638333,0.00142949821495016,FALSE,FALSE,,,,,,,FALSE,,TRUE,FALSE,FALSE,"Non-significant / other",,,
"TCONS_00309304","XLOC_056436","SLC9A7","PB.17015.8","=",-0.0018,0.0018,0.981028753491654,0.00142949821495016,FALSE,TRUE,,,,,,,FALSE,,TRUE,FALSE,FALSE,"Non-significant / other",,,
"TCONS_00309305","XLOC_056436","SLC9A7","ENST00000491894.4","=",0.0523333333333333,0.0523333333333333,0.877889821425336,0.00142949821495016,FALSE,FALSE,,,,,,,FALSE,,TRUE,FALSE,FALSE,"Non-significant / other",,,
"TCONS_00314027","XLOC_056436","SLC9A7","PB.19938.4","j",-0.0303333333333333,0.0303333333333333,0.300011901467181,0.00142949821495016,FALSE,TRUE,,,,,,,FALSE,,TRUE,FALSE,FALSE,"Non-significant / other",,,
"TCONS_00314028","XLOC_056436","SLC9A7","PB.19938.6","c",-0.0385,0.0385,0.990366837300031,0.00142949821495016,FALSE,TRUE,,,,,,,FALSE,,TRUE,FALSE,FALSE,"Non-significant / other",,,
"TCONS_00314029","XLOC_056436","SLC9A7","PB.19938.7","c",0.156333333333333,0.156333333333333,0.00142949821495016,0.00142949821495016,TRUE,TRUE,,,,,,,FALSE,,TRUE,FALSE,FALSE,"T-significant / missing in U",,,
"TCONS_00309650","XLOC_056546","FAM156A","ENST00000612846.5","=",-0.162866666666667,0.162866666666667,0.32716995060138,2.39605411770111e-06,FALSE,FALSE,"XLOC_056546","FAM156A",-0.0145333333333333,0.0145333333333333,0.99498894148342,2.18231385302281e-15,FALSE,FALSE,TRUE,TRUE,TRUE,"Non-significant / other",TRUE,0.148333333333333,0.148333333333333
"TCONS_00309653","XLOC_056546","FAM156A","ENST00000619518.5","=",-0.0624,0.0624,1,2.39605411770111e-06,FALSE,FALSE,"XLOC_056546","FAM156A",-0.2188,0.2188,2.18231385302281e-15,2.18231385302281e-15,TRUE,FALSE,TRUE,TRUE,TRUE,"U-significant / T-present non-sig",TRUE,-0.1564,0.1564
"TCONS_00309654","XLOC_056546","FAM156A","ENST00000622447.5","=",0.0807666666666667,0.0807666666666667,0.879379007734375,2.39605411770111e-06,FALSE,FALSE,"XLOC_056546","FAM156A",0.145,0.145,0.357397745746581,2.18231385302281e-15,FALSE,FALSE,TRUE,TRUE,TRUE,"Non-significant / other",TRUE,0.0642333333333334,0.0642333333333334
"TCONS_00309655","XLOC_056546","FAM156A","ENST00000619373.5","=",0.0212,0.0212,0.83907692733953,2.39605411770111e-06,FALSE,FALSE,"XLOC_056546","FAM156A",-0.00156666666666667,0.00156666666666667,1,2.18231385302281e-15,FALSE,FALSE,TRUE,TRUE,TRUE,"Non-significant / other",FALSE,-0.0227666666666667,0.0227666666666667
"TCONS_00309656","XLOC_056546","FAM156A","ENST00000618601.5","=",0.0251666666666667,0.0251666666666667,0.979192244376396,2.39605411770111e-06,FALSE,FALSE,"XLOC_056546","FAM156A",0.0129333333333333,0.0129333333333333,0.963222424897177,2.18231385302281e-15,FALSE,FALSE,TRUE,TRUE,TRUE,"Non-significant / other",TRUE,-0.0122333333333333,0.0122333333333333
"TCONS_00309657","XLOC_056546","FAM156A","ENST00000612083.5","=",0.0453333333333333,0.0453333333333333,0.772667223086805,2.39605411770111e-06,FALSE,FALSE,"XLOC_056546","FAM156A",0.0259666666666667,0.0259666666666667,0.760669385420707,2.18231385302281e-15,FALSE,FALSE,TRUE,TRUE,TRUE,"Non-significant / other",TRUE,-0.0193666666666667,0.0193666666666667
"TCONS_00309658","XLOC_056546","FAM156A","ENST00000622323.5","=",0.0376,0.0376,0.94251176657638,2.39605411770111e-06,FALSE,FALSE,"XLOC_056546","FAM156A",0.0125666666666667,0.0125666666666667,0.976183764478927,2.18231385302281e-15,FALSE,FALSE,TRUE,TRUE,TRUE,"Non-significant / other",TRUE,-0.0250333333333333,0.0250333333333333
"TCONS_00309659","XLOC_056546","FAM156A","ENST00000622732.5","=",0.104533333333333,0.104533333333333,2.39605411770111e-06,2.39605411770111e-06,FALSE,FALSE,"XLOC_056546","FAM156A",0.1032,0.1032,0.891581224272482,2.18231385302281e-15,FALSE,FALSE,TRUE,TRUE,TRUE,"Non-significant / other",TRUE,-0.00133333333333334,0.00133333333333334
"TCONS_00309661","XLOC_056546","FAM156A","ENST00000596733.7","=",-0.0287,0.0287,0.646697122922386,2.39605411770111e-06,FALSE,FALSE,"XLOC_056546","FAM156A",-0.0185333333333333,0.0185333333333333,0.9944959503103,2.18231385302281e-15,FALSE,FALSE,TRUE,TRUE,TRUE,"Non-significant / other",TRUE,0.0101666666666667,0.0101666666666667
"TCONS_00309665","XLOC_056546","FAM156A","ENST00000616592.1","=",-0.0298,0.0298,0.857408625212502,2.39605411770111e-06,FALSE,FALSE,,,,,,,FALSE,,TRUE,FALSE,FALSE,"Non-significant / other",,,
"TCONS_00312642","XLOC_056546","FAM156A","PB.17065.5","j",6e-04,6e-04,0.753617156900697,2.39605411770111e-06,FALSE,TRUE,"XLOC_056546","FAM156A",-0.0278333333333333,0.0278333333333333,0.883162282320741,2.18231385302281e-15,FALSE,TRUE,TRUE,TRUE,TRUE,"Non-significant / other",FALSE,-0.0284333333333333,0.0284333333333333
"TCONS_00310626","XLOC_056821","SYTL4","ENST00000372989.6","=",0.0748666666666667,0.0748666666666667,0.66473069280261,1.46774526288541e-09,FALSE,FALSE,,,,,,,FALSE,,TRUE,FALSE,FALSE,"Non-significant / other",,,
"TCONS_00310627","XLOC_056821","SYTL4","ENST00000491602.1","=",-0.196966666666667,0.196966666666667,0.198748837060749,1.46774526288541e-09,FALSE,FALSE,,,,,,,FALSE,,TRUE,FALSE,FALSE,"Non-significant / other",,,
"TCONS_00310628","XLOC_056821","SYTL4","ENST00000276141.10","=",-0.318233333333333,0.318233333333333,0.541883190873543,1.46774526288541e-09,FALSE,FALSE,,,,,,,FALSE,,TRUE,FALSE,FALSE,"Non-significant / other",,,
"TCONS_00310629","XLOC_056821","SYTL4","ENST00000263033.9","=",0.0357,0.0357,0.97076658856522,1.46774526288541e-09,FALSE,FALSE,,,,,,,FALSE,,TRUE,FALSE,FALSE,"Non-significant / other",,,
"TCONS_00310630","XLOC_056821","SYTL4","ENST00000372981.1","=",-0.0018,0.0018,0.998161431539877,1.46774526288541e-09,FALSE,FALSE,,,,,,,FALSE,,TRUE,FALSE,FALSE,"Non-significant / other",,,
"TCONS_00312716","XLOC_056821","SYTL4","PB.17198.2","j",-0.0827333333333333,0.0827333333333333,0.913037048953722,1.46774526288541e-09,FALSE,TRUE,,,,,,,FALSE,,TRUE,FALSE,FALSE,"Non-significant / other",,,
"TCONS_00313138","XLOC_056821","SYTL4","PB.13384.2","j",-0.0573,0.0573,0.784159109858664,1.46774526288541e-09,FALSE,TRUE,,,,,,,FALSE,,TRUE,FALSE,FALSE,"Non-significant / other",,,
"TCONS_00314106","XLOC_056821","SYTL4","PB.20143.1","c",0.551133333333333,0.551133333333333,1.46774526288541e-09,1.46774526288541e-09,TRUE,TRUE,,,,,,,FALSE,,TRUE,FALSE,FALSE,"T-significant / missing in U",,,
"TCONS_00311586","XLOC_057156","SLITRK4","ENST00000596188.2","=",-0.1599,0.1599,0.0345361519574809,0.000333571752608824,TRUE,FALSE,,,,,,,FALSE,,TRUE,FALSE,FALSE,"T-significant / missing in U",,,
"TCONS_00311587","XLOC_057156","SLITRK4","ENST00000356928.2","=",0.0212,0.0212,0.886202366291393,0.000333571752608824,FALSE,FALSE,,,,,,,FALSE,,TRUE,FALSE,FALSE,"Non-significant / other",,,
"TCONS_00311588","XLOC_057156","SLITRK4","ENST00000338017.8","=",0.138766666666667,0.138766666666667,0.000333571752608824,0.000333571752608824,FALSE,FALSE,,,,,,,FALSE,,TRUE,FALSE,FALSE,"Non-significant / other",,,
"TCONS_00314314","XLOC_057326","LINC00278","ENST00000654222.1","=",-0.0046,0.0046,0.971788181878528,0.000512640779958261,FALSE,FALSE,,,,,,,FALSE,,TRUE,FALSE,FALSE,"Non-significant / other",,,
"TCONS_00314315","XLOC_057326","LINC00278","ENST00000665487.1","=",-0.241566666666667,0.241566666666667,0.000512640779958261,0.000512640779958261,TRUE,FALSE,,,,,,,FALSE,,TRUE,FALSE,FALSE,"T-significant / missing in U",,,
"TCONS_00314316","XLOC_057326","LINC00278","ENST00000685199.1","=",0.000100000000000001,0.000100000000000001,1,0.000512640779958261,FALSE,FALSE,,,,,,,FALSE,,TRUE,FALSE,FALSE,"Non-significant / other",,,
"TCONS_00314317","XLOC_057326","LINC00278","ENST00000444263.6","=",-0.000499999999999999,0.000499999999999999,0.936420199554351,0.000512640779958261,FALSE,FALSE,,,,,,,FALSE,,TRUE,FALSE,FALSE,"Non-significant / other",,,
"TCONS_00314318","XLOC_057326","LINC00278","ENST00000652068.1","=",0.121533333333333,0.121533333333333,0.389138719127724,0.000512640779958261,FALSE,FALSE,,,,,,,FALSE,,TRUE,FALSE,FALSE,"Non-significant / other",,,
"TCONS_00314319","XLOC_057326","LINC00278","ENST00000651090.1","=",0.02,0.02,1,0.000512640779958261,FALSE,FALSE,,,,,,,FALSE,,TRUE,FALSE,FALSE,"Non-significant / other",,,
"TCONS_00314321","XLOC_057326","LINC00278","ENST00000655607.1","=",0.0832333333333333,0.0832333333333333,0.22730892317836,0.000512640779958261,FALSE,FALSE,,,,,,,FALSE,,TRUE,FALSE,FALSE,"Non-significant / other",,,
"TCONS_00314322","XLOC_057326","LINC00278","ENST00000425031.1","=",0.0252666666666667,0.0252666666666667,0.91930545211099,0.000512640779958261,FALSE,FALSE,,,,,,,FALSE,,TRUE,FALSE,FALSE,"Non-significant / other",,,
"TCONS_00314323","XLOC_057326","LINC00278","ENST00000653660.1","=",0.00543333333333333,0.00543333333333333,0.951083566560416,0.000512640779958261,FALSE,FALSE,,,,,,,FALSE,,TRUE,FALSE,FALSE,"Non-significant / other",,,
"TCONS_00315220","XLOC_057326","LINC00278","PB.17446.1","j",0.0069,0.0069,0.882343056863351,0.000512640779958261,FALSE,TRUE,,,,,,,FALSE,,TRUE,FALSE,FALSE,"Non-significant / other",,,
"TCONS_00315256","XLOC_057326","LINC00278","PB.13593.4","j",-0.00366666666666665,0.00366666666666665,0.9997267786426,0.000512640779958261,FALSE,TRUE,,,,,,,FALSE,,TRUE,FALSE,FALSE,"Non-significant / other",,,
"TCONS_00315294","XLOC_057326","LINC00278","PB.19028.2","j",-0.0241333333333333,0.0241333333333333,0.765271214348564,0.000512640779958261,FALSE,TRUE,,,,,,,FALSE,,TRUE,FALSE,FALSE,"Non-significant / other",,,
"TCONS_00000030","XLOC_000009","XLOC_000009",,,,,,,FALSE,,"XLOC_000009","XLOC_000009",0.0824333333333334,0.0824333333333334,0.896373912830297,0.000291520874615372,FALSE,TRUE,FALSE,TRUE,FALSE,"Non-significant / other",,,
"TCONS_00000031","XLOC_000009","XLOC_000009",,,,,,,FALSE,,"XLOC_000009","XLOC_000009",0.0124,0.0124,0.991120045133911,0.000291520874615372,FALSE,TRUE,FALSE,TRUE,FALSE,"Non-significant / other",,,
"TCONS_00000033","XLOC_000009","XLOC_000009",,,,,,,FALSE,,"XLOC_000009","XLOC_000009",-0.261166666666667,0.261166666666667,0.369776335009095,0.000291520874615372,FALSE,TRUE,FALSE,TRUE,FALSE,"Non-significant / other",,,
"TCONS_00000034","XLOC_000009","XLOC_000009",,,,,,,FALSE,,"XLOC_000009","XLOC_000009",0.0106666666666667,0.0106666666666667,0.995672729419513,0.000291520874615372,FALSE,TRUE,FALSE,TRUE,FALSE,"Non-significant / other",,,
"TCONS_00000035","XLOC_000009","XLOC_000009",,,,,,,FALSE,,"XLOC_000009","XLOC_000009",0.1478,0.1478,0.000291520874615372,0.000291520874615372,FALSE,TRUE,FALSE,TRUE,FALSE,"Non-significant / other",,,
"TCONS_00000167","XLOC_000044","PLEKHN1",,,,,,,FALSE,,"XLOC_000044","PLEKHN1",0.153633333333333,0.153633333333333,0.451232289819475,0.0463109063001286,FALSE,FALSE,FALSE,TRUE,FALSE,"Non-significant / other",,,
"TCONS_00000168","XLOC_000044","PLEKHN1",,,,,,,FALSE,,"XLOC_000044","PLEKHN1",0.0430333333333333,0.0430333333333333,0.96582711253457,0.0463109063001286,FALSE,FALSE,FALSE,TRUE,FALSE,"Non-significant / other",,,
"TCONS_00000169","XLOC_000044","PLEKHN1",,,,,,,FALSE,,"XLOC_000044","PLEKHN1",0.0208,0.0208,1,0.0463109063001286,FALSE,FALSE,FALSE,TRUE,FALSE,"Non-significant / other",,,
"TCONS_00000170","XLOC_000044","PLEKHN1",,,,,,,FALSE,,"XLOC_000044","PLEKHN1",-0.110633333333333,0.110633333333333,0.0463109063001286,0.0463109063001286,FALSE,FALSE,FALSE,TRUE,FALSE,"Non-significant / other",,,
"TCONS_00000171","XLOC_000044","PLEKHN1",,,,,,,FALSE,,"XLOC_000044","PLEKHN1",-0.1069,0.1069,0.826304615257557,0.0463109063001286,FALSE,FALSE,FALSE,TRUE,FALSE,"Non-significant / other",,,
"TCONS_00002083","XLOC_000487","TAF12-DT",,,,,,,FALSE,,"XLOC_000487","TAF12-DT",0.1201,0.1201,0.849485267106676,0.000853508550299683,FALSE,TRUE,FALSE,TRUE,FALSE,"Non-significant / other",,,
"TCONS_00002084","XLOC_000487","TAF12-DT",,,,,,,FALSE,,"XLOC_000487","TAF12-DT",0.0380333333333333,0.0380333333333333,1,0.000853508550299683,FALSE,FALSE,FALSE,TRUE,FALSE,"Non-significant / other",,,
"TCONS_00002085","XLOC_000487","TAF12-DT",,,,,,,FALSE,,"XLOC_000487","TAF12-DT",-0.542933333333333,0.542933333333333,0.474269573633632,0.000853508550299683,FALSE,FALSE,FALSE,TRUE,FALSE,"Non-significant / other",,,
"TCONS_00025313","XLOC_000487","TAF12-DT",,,,,,,FALSE,,"XLOC_000487","TAF12-DT",-0.0105,0.0105,1,0.000853508550299683,FALSE,TRUE,FALSE,TRUE,FALSE,"Non-significant / other",,,
"TCONS_00029824","XLOC_000487","TAF12-DT",,,,,,,FALSE,,"XLOC_000487","TAF12-DT",0.395266666666667,0.395266666666667,0.000853508550299683,0.000853508550299683,TRUE,TRUE,FALSE,TRUE,FALSE,"U-significant / missing in T",,,
"TCONS_00004925","XLOC_001093","GBP1P1",,,,,,,FALSE,,"XLOC_001093","GBP1P1",-0.00426666666666667,0.00426666666666667,1,0.0209434200042643,FALSE,FALSE,FALSE,TRUE,FALSE,"Non-significant / other",,,
"TCONS_00004926","XLOC_001093","GBP1P1",,,,,,,FALSE,,"XLOC_001093","GBP1P1",-0.0136333333333333,0.0136333333333333,0.987349534682011,0.0209434200042643,FALSE,FALSE,FALSE,TRUE,FALSE,"Non-significant / other",,,
"TCONS_00025575","XLOC_001093","GBP1P1",,,,,,,FALSE,,"XLOC_001093","GBP1P1",-0.1379,0.1379,0.88468687185037,0.0209434200042643,FALSE,TRUE,FALSE,TRUE,FALSE,"Non-significant / other",,,
"TCONS_00025576","XLOC_001093","GBP1P1",,,,,,,FALSE,,"XLOC_001093","GBP1P1",0.0514,0.0514,0.927829675502424,0.0209434200042643,FALSE,TRUE,FALSE,TRUE,FALSE,"Non-significant / other",,,
"TCONS_00025577","XLOC_001093","GBP1P1",,,,,,,FALSE,,"XLOC_001093","GBP1P1",0.1768,0.1768,0.0209434200042643,0.0209434200042643,TRUE,TRUE,FALSE,TRUE,FALSE,"U-significant / missing in T",,,
"TCONS_00025578","XLOC_001093","GBP1P1",,,,,,,FALSE,,"XLOC_001093","GBP1P1",0.0202,0.0202,0.990128204770429,0.0209434200042643,FALSE,TRUE,FALSE,TRUE,FALSE,"Non-significant / other",,,
"TCONS_00027461","XLOC_001093","GBP1P1",,,,,,,FALSE,,"XLOC_001093","GBP1P1",-0.0926666666666667,0.0926666666666667,0.879587040271431,0.0209434200042643,FALSE,TRUE,FALSE,TRUE,FALSE,"Non-significant / other",,,
"TCONS_00006541","XLOC_001497","NOTCH2NLC",,,,,,,FALSE,,"XLOC_001497","NOTCH2NLC",-0.0107666666666667,0.0107666666666667,0.97111377461542,0.00394440764347633,FALSE,FALSE,FALSE,TRUE,FALSE,"Non-significant / other",,,
"TCONS_00006545","XLOC_001497","NOTCH2NLC",,,,,,,FALSE,,"XLOC_001497","NOTCH2NLC",0.00863333333333333,0.00863333333333333,0.911890857181626,0.00394440764347633,FALSE,FALSE,FALSE,TRUE,FALSE,"Non-significant / other",,,
"TCONS_00006549","XLOC_001497","NOTCH2NLC",,,,,,,FALSE,,"XLOC_001497","NOTCH2NLC",0.0197666666666667,0.0197666666666667,0.56511729398451,0.00394440764347633,FALSE,FALSE,FALSE,TRUE,FALSE,"Non-significant / other",,,
"TCONS_00025714","XLOC_001497","NOTCH2NLC",,,,,,,FALSE,,"XLOC_001497","NOTCH2NLC",0.0133666666666667,0.0133666666666667,0.950056491213761,0.00394440764347633,FALSE,TRUE,FALSE,TRUE,FALSE,"Non-significant / other",,,
"TCONS_00025715","XLOC_001497","NOTCH2NLC",,,,,,,FALSE,,"XLOC_001497","NOTCH2NLC",0.118133333333333,0.118133333333333,0.37534864164671,0.00394440764347633,FALSE,TRUE,FALSE,TRUE,FALSE,"Non-significant / other",,,
"TCONS_00030251","XLOC_001497","NOTCH2NLC",,,,,,,FALSE,,"XLOC_001497","NOTCH2NLC",-0.172033333333333,0.172033333333333,0.00394440764347633,0.00394440764347633,TRUE,TRUE,FALSE,TRUE,FALSE,"U-significant / missing in T",,,
"TCONS_00009548","XLOC_002245","RASSF5",,,,,,,FALSE,,"XLOC_002245","RASSF5",0.140533333333333,0.140533333333333,1.11774481394504e-10,1.11774481394504e-10,FALSE,FALSE,FALSE,TRUE,FALSE,"Non-significant / other",,,
"TCONS_00009551","XLOC_002245","RASSF5",,,,,,,FALSE,,"XLOC_002245","RASSF5",0.0331666666666667,0.0331666666666667,0.723649882353975,1.11774481394504e-10,FALSE,FALSE,FALSE,TRUE,FALSE,"Non-significant / other",,,
"TCONS_00009554","XLOC_002245","RASSF5",,,,,,,FALSE,,"XLOC_002245","RASSF5",-0.159566666666667,0.159566666666667,0.000767934198526106,1.11774481394504e-10,TRUE,FALSE,FALSE,TRUE,FALSE,"U-significant / missing in T",,,
"TCONS_00009557","XLOC_002245","RASSF5",,,,,,,FALSE,,"XLOC_002245","RASSF5",0.00163333333333333,0.00163333333333333,0.989014180580543,1.11774481394504e-10,FALSE,FALSE,FALSE,TRUE,FALSE,"Non-significant / other",,,
"TCONS_00009558","XLOC_002245","RASSF5",,,,,,,FALSE,,"XLOC_002245","RASSF5",-0.00516666666666667,0.00516666666666667,0.948835016212053,1.11774481394504e-10,FALSE,FALSE,FALSE,TRUE,FALSE,"Non-significant / other",,,
"TCONS_00023092","XLOC_002245","RASSF5",,,,,,,FALSE,,"XLOC_002245","RASSF5",0.0139333333333333,0.0139333333333333,0.813140608335299,1.11774481394504e-10,FALSE,TRUE,FALSE,TRUE,FALSE,"Non-significant / other",,,
"TCONS_00023093","XLOC_002245","RASSF5",,,,,,,FALSE,,"XLOC_002245","RASSF5",-0.0294333333333333,0.0294333333333333,0.479541481803403,1.11774481394504e-10,FALSE,TRUE,FALSE,TRUE,FALSE,"Non-significant / other",,,
"TCONS_00023094","XLOC_002245","RASSF5",,,,,,,FALSE,,"XLOC_002245","RASSF5",0.0083333333333333,0.0083333333333333,1,1.11774481394504e-10,FALSE,TRUE,FALSE,TRUE,FALSE,"Non-significant / other",,,
"TCONS_00011282","XLOC_002721","LINC00115",,,,,,,FALSE,,"XLOC_002721","LINC00115",-0.0181666666666667,0.0181666666666667,1,8.85676458418919e-09,FALSE,FALSE,FALSE,TRUE,FALSE,"Non-significant / other",,,
"TCONS_00011283","XLOC_002721","LINC00115",,,,,,,FALSE,,"XLOC_002721","LINC00115",0.360066666666667,0.360066666666667,8.85676458418919e-09,8.85676458418919e-09,TRUE,FALSE,FALSE,TRUE,FALSE,"U-significant / missing in T",,,
"TCONS_00011284","XLOC_002721","LINC00115",,,,,,,FALSE,,"XLOC_002721","LINC00115",-0.102666666666667,0.102666666666667,0.918659504726008,8.85676458418919e-09,FALSE,FALSE,FALSE,TRUE,FALSE,"Non-significant / other",,,
"TCONS_00023356","XLOC_002721","LINC00115",,,,,,,FALSE,,"XLOC_002721","LINC00115",-0.168066666666667,0.168066666666667,0.377329951956354,8.85676458418919e-09,FALSE,TRUE,FALSE,TRUE,FALSE,"Non-significant / other",,,
"TCONS_00028420","XLOC_002721","LINC00115",,,,,,,FALSE,,"XLOC_002721","LINC00115",-0.0413333333333333,0.0413333333333333,0.976754325457568,8.85676458418919e-09,FALSE,TRUE,FALSE,TRUE,FALSE,"Non-significant / other",,,
"TCONS_00030718","XLOC_002721","LINC00115",,,,,,,FALSE,,"XLOC_002721","LINC00115",-0.0298333333333333,0.0298333333333333,0.921080288383413,8.85676458418919e-09,FALSE,TRUE,FALSE,TRUE,FALSE,"Non-significant / other",,,
"TCONS_00011740","XLOC_002795","CEP104",,,,,,,FALSE,,"XLOC_002795","CEP104",0.274566666666667,0.274566666666667,0.0128149126426634,0.0128149126426634,TRUE,FALSE,FALSE,TRUE,FALSE,"U-significant / missing in T",,,
"TCONS_00011747","XLOC_002795","CEP104",,,,,,,FALSE,,"XLOC_002795","CEP104",-0.0114,0.0114,0.990128204770429,0.0128149126426634,FALSE,FALSE,FALSE,TRUE,FALSE,"Non-significant / other",,,
"TCONS_00011750","XLOC_002795","CEP104",,,,,,,FALSE,,"XLOC_002795","CEP104",-0.0210666666666667,0.0210666666666667,0.932397636590221,0.0128149126426634,FALSE,FALSE,FALSE,TRUE,FALSE,"Non-significant / other",,,
"TCONS_00011751","XLOC_002795","CEP104",,,,,,,FALSE,,"XLOC_002795","CEP104",-0.228466666666667,0.228466666666667,0.0786911185691224,0.0128149126426634,FALSE,FALSE,FALSE,TRUE,FALSE,"Non-significant / other",,,
"TCONS_00011752","XLOC_002795","CEP104",,,,,,,FALSE,,"XLOC_002795","CEP104",0.0482666666666667,0.0482666666666667,0.975891608623492,0.0128149126426634,FALSE,FALSE,FALSE,TRUE,FALSE,"Non-significant / other",,,
"TCONS_00011755","XLOC_002795","CEP104",,,,,,,FALSE,,"XLOC_002795","CEP104",-0.0082,0.0082,1,0.0128149126426634,FALSE,FALSE,FALSE,TRUE,FALSE,"Non-significant / other",,,
"TCONS_00011756","XLOC_002795","CEP104",,,,,,,FALSE,,"XLOC_002795","CEP104",-0.0226333333333333,0.0226333333333333,0.981170485656168,0.0128149126426634,FALSE,FALSE,FALSE,TRUE,FALSE,"Non-significant / other",,,
"TCONS_00011758","XLOC_002795","CEP104",,,,,,,FALSE,,"XLOC_002795","CEP104",0.0229666666666667,0.0229666666666667,0.965931863907408,0.0128149126426634,FALSE,FALSE,FALSE,TRUE,FALSE,"Non-significant / other",,,
"TCONS_00011759","XLOC_002795","CEP104",,,,,,,FALSE,,"XLOC_002795","CEP104",-0.0242666666666667,0.0242666666666667,1,0.0128149126426634,FALSE,FALSE,FALSE,TRUE,FALSE,"Non-significant / other",,,
"TCONS_00011764","XLOC_002795","CEP104",,,,,,,FALSE,,"XLOC_002795","CEP104",-0.00826666666666667,0.00826666666666667,0.97139012951773,0.0128149126426634,FALSE,FALSE,FALSE,TRUE,FALSE,"Non-significant / other",,,
"TCONS_00023386","XLOC_002833","UTS2",,,,,,,FALSE,,"XLOC_002833","UTS2",-0.0136,0.0136,0.655335807236704,2.37319292335412e-30,FALSE,TRUE,FALSE,TRUE,FALSE,"Non-significant / other",,,
"TCONS_00026140","XLOC_002833","UTS2",,,,,,,FALSE,,"XLOC_002833","UTS2",-0.004,0.004,0.997784763852538,2.37319292335412e-30,FALSE,TRUE,FALSE,TRUE,FALSE,"Non-significant / other",,,
"TCONS_00026143","XLOC_002833","UTS2",,,,,,,FALSE,,"XLOC_002833","UTS2",0.0184666666666667,0.0184666666666667,0.983794460546659,2.37319292335412e-30,FALSE,TRUE,FALSE,TRUE,FALSE,"Non-significant / other",,,
"TCONS_00028443","XLOC_002833","UTS2",,,,,,,FALSE,,"XLOC_002833","UTS2",-0.0052,0.0052,0.926981436064936,2.37319292335412e-30,FALSE,TRUE,FALSE,TRUE,FALSE,"Non-significant / other",,,
"TCONS_00012973","XLOC_003125","WASF2",,,,,,,FALSE,,"XLOC_003125","WASF2",-0.00193333333333329,0.00193333333333329,1,0.021401944117729,FALSE,FALSE,FALSE,TRUE,FALSE,"Non-significant / other",,,
"TCONS_00023552","XLOC_003125","WASF2",,,,,,,FALSE,,"XLOC_003125","WASF2",-0.119566666666667,0.119566666666667,0.721627126635598,0.021401944117729,FALSE,TRUE,FALSE,TRUE,FALSE,"Non-significant / other",,,
"TCONS_00030800","XLOC_003125","WASF2",,,,,,,FALSE,,"XLOC_003125","WASF2",0.120233333333333,0.120233333333333,0.021401944117729,0.021401944117729,FALSE,TRUE,FALSE,TRUE,FALSE,"Non-significant / other",,,
"TCONS_00014045","XLOC_003349","KDM4A-AS1",,,,,,,FALSE,,"XLOC_003349","KDM4A-AS1",-0.00676666666666667,0.00676666666666667,1,7.55157600654267e-06,FALSE,FALSE,FALSE,TRUE,FALSE,"Non-significant / other",,,
"TCONS_00015494","XLOC_003695","MCOLN2",,,,,,,FALSE,,"XLOC_003695","MCOLN2",0.128866666666667,0.128866666666667,0.832012032632528,9.17624772376985e-05,FALSE,FALSE,FALSE,TRUE,FALSE,"Non-significant / other",,,
"TCONS_00015496","XLOC_003695","MCOLN2",,,,,,,FALSE,,"XLOC_003695","MCOLN2",0.0122333333333333,0.0122333333333333,0.965805255097078,9.17624772376985e-05,FALSE,TRUE,FALSE,TRUE,FALSE,"Non-significant / other",,,
"TCONS_00015497","XLOC_003695","MCOLN2",,,,,,,FALSE,,"XLOC_003695","MCOLN2",-0.0213,0.0213,0.950293547214335,9.17624772376985e-05,FALSE,TRUE,FALSE,TRUE,FALSE,"Non-significant / other",,,
"TCONS_00015498","XLOC_003695","MCOLN2",,,,,,,FALSE,,"XLOC_003695","MCOLN2",-0.0783333333333333,0.0783333333333333,0.21194449297769,9.17624772376985e-05,FALSE,FALSE,FALSE,TRUE,FALSE,"Non-significant / other",,,
"TCONS_00015499","XLOC_003695","MCOLN2",,,,,,,FALSE,,"XLOC_003695","MCOLN2",-0.00660000000000002,0.00660000000000002,0.993817511975833,9.17624772376985e-05,FALSE,FALSE,FALSE,TRUE,FALSE,"Non-significant / other",,,
"TCONS_00024078","XLOC_003695","MCOLN2",,,,,,,FALSE,,"XLOC_003695","MCOLN2",-0.105566666666667,0.105566666666667,9.17624772376985e-05,9.17624772376985e-05,FALSE,TRUE,FALSE,TRUE,FALSE,"Non-significant / other",,,
"TCONS_00024079","XLOC_003695","MCOLN2",,,,,,,FALSE,,"XLOC_003695","MCOLN2",0.0123,0.0123,0.923014015808772,9.17624772376985e-05,FALSE,TRUE,FALSE,TRUE,FALSE,"Non-significant / other",,,
"TCONS_00024081","XLOC_003695","MCOLN2",,,,,,,FALSE,,"XLOC_003695","MCOLN2",-0.0143,0.0143,0.638182257107477,9.17624772376985e-05,FALSE,TRUE,FALSE,TRUE,FALSE,"Non-significant / other",,,
"TCONS_00024083","XLOC_003695","MCOLN2",,,,,,,FALSE,,"XLOC_003695","MCOLN2",0.0225333333333333,0.0225333333333333,0.789750683708148,9.17624772376985e-05,FALSE,TRUE,FALSE,TRUE,FALSE,"Non-significant / other",,,
"TCONS_00026406","XLOC_003695","MCOLN2",,,,,,,FALSE,,"XLOC_003695","MCOLN2",0.0127,0.0127,0.98604715132684,9.17624772376985e-05,FALSE,TRUE,FALSE,TRUE,FALSE,"Non-significant / other",,,
"TCONS_00026408","XLOC_003695","MCOLN2",,,,,,,FALSE,,"XLOC_003695","MCOLN2",-0.000133333333333336,0.000133333333333336,0.989014180580543,9.17624772376985e-05,FALSE,TRUE,FALSE,TRUE,FALSE,"Non-significant / other",,,
"TCONS_00026409","XLOC_003695","MCOLN2",,,,,,,FALSE,,"XLOC_003695","MCOLN2",0.0444333333333333,0.0444333333333333,0.943376295364506,9.17624772376985e-05,FALSE,TRUE,FALSE,TRUE,FALSE,"Non-significant / other",,,
"TCONS_00026410","XLOC_003695","MCOLN2",,,,,,,FALSE,,"XLOC_003695","MCOLN2",-0.0275666666666667,0.0275666666666667,0.325017779525108,9.17624772376985e-05,FALSE,TRUE,FALSE,TRUE,FALSE,"Non-significant / other",,,
"TCONS_00026413","XLOC_003695","MCOLN2",,,,,,,FALSE,,"XLOC_003695","MCOLN2",0.00303333333333334,0.00303333333333334,0.989014180580543,9.17624772376985e-05,FALSE,TRUE,FALSE,TRUE,FALSE,"Non-significant / other",,,
"TCONS_00026415","XLOC_003695","MCOLN2",,,,,,,FALSE,,"XLOC_003695","MCOLN2",0.000766666666666672,0.000766666666666672,1,9.17624772376985e-05,FALSE,TRUE,FALSE,TRUE,FALSE,"Non-significant / other",,,
"TCONS_00026419","XLOC_003695","MCOLN2",,,,,,,FALSE,,"XLOC_003695","MCOLN2",0.00636666666666667,0.00636666666666667,0.987103992947926,9.17624772376985e-05,FALSE,TRUE,FALSE,TRUE,FALSE,"Non-significant / other",,,
"TCONS_00026420","XLOC_003695","MCOLN2",,,,,,,FALSE,,"XLOC_003695","MCOLN2",0.0087,0.0087,0.927227550584249,9.17624772376985e-05,FALSE,TRUE,FALSE,TRUE,FALSE,"Non-significant / other",,,
"TCONS_00015638","XLOC_003728","PTGES3P1",,,,,,,FALSE,,"XLOC_003728","PTGES3P1",-0.0907,0.0907,0.000765981171752436,0.000765981171752436,FALSE,FALSE,FALSE,TRUE,FALSE,"Non-significant / other",,,
"TCONS_00024114","XLOC_003728","PTGES3P1",,,,,,,FALSE,,"XLOC_003728","PTGES3P1",-0.1134,0.1134,0.00994811113593578,0.000765981171752436,FALSE,TRUE,FALSE,TRUE,FALSE,"Non-significant / other",,,
"TCONS_00024115","XLOC_003728","PTGES3P1",,,,,,,FALSE,,"XLOC_003728","PTGES3P1",0.1066,0.1066,0.172237507291256,0.000765981171752436,FALSE,TRUE,FALSE,TRUE,FALSE,"Non-significant / other",,,
"TCONS_00024116","XLOC_003728","PTGES3P1",,,,,,,FALSE,,"XLOC_003728","PTGES3P1",-0.00453333333333333,0.00453333333333333,0.93747987972746,0.000765981171752436,FALSE,TRUE,FALSE,TRUE,FALSE,"Non-significant / other",,,
"TCONS_00024118","XLOC_003728","PTGES3P1",,,,,,,FALSE,,"XLOC_003728","PTGES3P1",0.0115333333333333,0.0115333333333333,0.54209239064379,0.000765981171752436,FALSE,TRUE,FALSE,TRUE,FALSE,"Non-significant / other",,,
"TCONS_00024119","XLOC_003728","PTGES3P1",,,,,,,FALSE,,"XLOC_003728","PTGES3P1",0.0168333333333333,0.0168333333333333,0.923073719027552,0.000765981171752436,FALSE,TRUE,FALSE,TRUE,FALSE,"Non-significant / other",,,
"TCONS_00024120","XLOC_003728","PTGES3P1",,,,,,,FALSE,,"XLOC_003728","PTGES3P1",0.0269333333333333,0.0269333333333333,0.771976923464073,0.000765981171752436,FALSE,TRUE,FALSE,TRUE,FALSE,"Non-significant / other",,,
"TCONS_00026461","XLOC_003728","PTGES3P1",,,,,,,FALSE,,"XLOC_003728","PTGES3P1",-0.0255666666666667,0.0255666666666667,0.987662025057547,0.000765981171752436,FALSE,TRUE,FALSE,TRUE,FALSE,"Non-significant / other",,,
"TCONS_00026465","XLOC_003728","PTGES3P1",,,,,,,FALSE,,"XLOC_003728","PTGES3P1",-0.0138,0.0138,0.978802041327724,0.000765981171752436,FALSE,TRUE,FALSE,TRUE,FALSE,"Non-significant / other",,,
"TCONS_00026467","XLOC_003728","PTGES3P1",,,,,,,FALSE,,"XLOC_003728","PTGES3P1",0.0740333333333333,0.0740333333333333,0.00102489857626895,0.000765981171752436,FALSE,TRUE,FALSE,TRUE,FALSE,"Non-significant / other",,,
"TCONS_00031077","XLOC_003728","PTGES3P1",,,,,,,FALSE,,"XLOC_003728","PTGES3P1",-0.0330666666666667,0.0330666666666667,0.891875847972356,0.000765981171752436,FALSE,TRUE,FALSE,TRUE,FALSE,"Non-significant / other",,,
"TCONS_00031078","XLOC_003728","PTGES3P1",,,,,,,FALSE,,"XLOC_003728","PTGES3P1",0.0262,0.0262,0.74411134048912,0.000765981171752436,FALSE,TRUE,FALSE,TRUE,FALSE,"Non-significant / other",,,
"TCONS_00024182","XLOC_003850","XLOC_003850",,,,,,,FALSE,,"XLOC_003850","XLOC_003850",0.0271,0.0271,0.80722715105504,0.0313016796079672,FALSE,TRUE,FALSE,TRUE,FALSE,"Non-significant / other",,,
"TCONS_00024184","XLOC_003850","XLOC_003850",,,,,,,FALSE,,"XLOC_003850","XLOC_003850",-0.0375333333333333,0.0375333333333333,0.679076494993958,0.0313016796079672,FALSE,TRUE,FALSE,TRUE,FALSE,"Non-significant / other",,,
"TCONS_00024185","XLOC_003850","XLOC_003850",,,,,,,FALSE,,"XLOC_003850","XLOC_003850",0.00146666666666666,0.00146666666666666,0.990128204770429,0.0313016796079672,FALSE,TRUE,FALSE,TRUE,FALSE,"Non-significant / other",,,
"TCONS_00024188","XLOC_003850","XLOC_003850",,,,,,,FALSE,,"XLOC_003850","XLOC_003850",0.0035,0.0035,1,0.0313016796079672,FALSE,TRUE,FALSE,TRUE,FALSE,"Non-significant / other",,,
"TCONS_00024189","XLOC_003850","XLOC_003850",,,,,,,FALSE,,"XLOC_003850","XLOC_003850",-0.206733333333333,0.206733333333333,0.0313016796079672,0.0313016796079672,TRUE,TRUE,FALSE,TRUE,FALSE,"U-significant / missing in T",,,
"TCONS_00024190","XLOC_003850","XLOC_003850",,,,,,,FALSE,,"XLOC_003850","XLOC_003850",-0.0437333333333333,0.0437333333333333,0.204837927193723,0.0313016796079672,FALSE,TRUE,FALSE,TRUE,FALSE,"Non-significant / other",,,
"TCONS_00024191","XLOC_003850","XLOC_003850",,,,,,,FALSE,,"XLOC_003850","XLOC_003850",0.0376666666666666,0.0376666666666666,0.948472125753276,0.0313016796079672,FALSE,TRUE,FALSE,TRUE,FALSE,"Non-significant / other",,,
"TCONS_00024192","XLOC_003850","XLOC_003850",,,,,,,FALSE,,"XLOC_003850","XLOC_003850",0.0344666666666667,0.0344666666666667,0.906661430178848,0.0313016796079672,FALSE,TRUE,FALSE,TRUE,FALSE,"Non-significant / other",,,
"TCONS_00029033","XLOC_003850","XLOC_003850",,,,,,,FALSE,,"XLOC_003850","XLOC_003850",0.0288666666666667,0.0288666666666667,0.837480185230562,0.0313016796079672,FALSE,TRUE,FALSE,TRUE,FALSE,"Non-significant / other",,,
"TCONS_00029035","XLOC_003850","XLOC_003850",,,,,,,FALSE,,"XLOC_003850","XLOC_003850",0.151233333333333,0.151233333333333,0.0367154764800077,0.0313016796079672,TRUE,TRUE,FALSE,TRUE,FALSE,"U-significant / missing in T",,,
"TCONS_00016521","XLOC_003947","AP4B1",,,,,,,FALSE,,"XLOC_003947","AP4B1",0.00193333333333334,0.00193333333333334,1,0.0229892457814974,FALSE,TRUE,FALSE,TRUE,FALSE,"Non-significant / other",,,
"TCONS_00016522","XLOC_003947","AP4B1",,,,,,,FALSE,,"XLOC_003947","AP4B1",0.00633333333333333,0.00633333333333333,0.973088907463808,0.0229892457814974,FALSE,FALSE,FALSE,TRUE,FALSE,"Non-significant / other",,,
"TCONS_00016527","XLOC_003947","AP4B1",,,,,,,FALSE,,"XLOC_003947","AP4B1",-0.0052,0.0052,0.968018926657752,0.0229892457814974,FALSE,FALSE,FALSE,TRUE,FALSE,"Non-significant / other",,,
"TCONS_00016532","XLOC_003947","AP4B1",,,,,,,FALSE,,"XLOC_003947","AP4B1",-0.00306666666666667,0.00306666666666667,1,0.0229892457814974,FALSE,FALSE,FALSE,TRUE,FALSE,"Non-significant / other",,,
"TCONS_00024264","XLOC_003947","AP4B1",,,,,,,FALSE,,"XLOC_003947","AP4B1",0.0072,0.0072,0.905938797080922,0.0229892457814974,FALSE,TRUE,FALSE,TRUE,FALSE,"Non-significant / other",,,
"TCONS_00024266","XLOC_003947","AP4B1",,,,,,,FALSE,,"XLOC_003947","AP4B1",-0.0527333333333333,0.0527333333333333,0.158825840665567,0.0229892457814974,FALSE,TRUE,FALSE,TRUE,FALSE,"Non-significant / other",,,
"TCONS_00024267","XLOC_003947","AP4B1",,,,,,,FALSE,,"XLOC_003947","AP4B1",-3.33333333333331e-05,3.33333333333331e-05,1,0.0229892457814974,FALSE,TRUE,FALSE,TRUE,FALSE,"Non-significant / other",,,
"TCONS_00024268","XLOC_003947","AP4B1",,,,,,,FALSE,,"XLOC_003947","AP4B1",0.00926666666666667,0.00926666666666667,0.986801764404394,0.0229892457814974,FALSE,TRUE,FALSE,TRUE,FALSE,"Non-significant / other",,,
"TCONS_00024269","XLOC_003947","AP4B1",,,,,,,FALSE,,"XLOC_003947","AP4B1",-0.0029,0.0029,1,0.0229892457814974,FALSE,TRUE,FALSE,TRUE,FALSE,"Non-significant / other",,,
"TCONS_00026538","XLOC_003947","AP4B1",,,,,,,FALSE,,"XLOC_003947","AP4B1",0.115133333333333,0.115133333333333,0.0229892457814974,0.0229892457814974,FALSE,TRUE,FALSE,TRUE,FALSE,"Non-significant / other",,,
"TCONS_00029139","XLOC_003947","AP4B1",,,,,,,FALSE,,"XLOC_003947","AP4B1",0.0605,0.0605,0.324206931954933,0.0229892457814974,FALSE,TRUE,FALSE,TRUE,FALSE,"Non-significant / other",,,
"TCONS_00029142","XLOC_003947","AP4B1",,,,,,,FALSE,,"XLOC_003947","AP4B1",0.015,0.015,0.639797535580217,0.0229892457814974,FALSE,TRUE,FALSE,TRUE,FALSE,"Non-significant / other",,,
"TCONS_00031205","XLOC_003947","AP4B1",,,,,,,FALSE,,"XLOC_003947","AP4B1",-0.1159,0.1159,0.0473314525418295,0.0229892457814974,FALSE,TRUE,FALSE,TRUE,FALSE,"Non-significant / other",,,
"TCONS_00031206","XLOC_003947","AP4B1",,,,,,,FALSE,,"XLOC_003947","AP4B1",-0.0805,0.0805,0.756777919962501,0.0229892457814974,FALSE,TRUE,FALSE,TRUE,FALSE,"Non-significant / other",,,
"TCONS_00031209","XLOC_003947","AP4B1",,,,,,,FALSE,,"XLOC_003947","AP4B1",0.0160333333333333,0.0160333333333333,0.932397636590221,0.0229892457814974,FALSE,TRUE,FALSE,TRUE,FALSE,"Non-significant / other",,,
"TCONS_00018924","XLOC_004551","TNFSF4",,,,,,,FALSE,,"XLOC_004551","TNFSF4",-0.0388,0.0388,0.0185931426652911,5.7486059983822e-11,FALSE,FALSE,FALSE,TRUE,FALSE,"Non-significant / other",,,
"TCONS_00020748","XLOC_005046","H2AW",,,,,,,FALSE,,"XLOC_005046","H2AW",-0.120533333333333,0.120533333333333,0.000238168287789761,0.000238168287789761,FALSE,FALSE,FALSE,TRUE,FALSE,"Non-significant / other",,,
"TCONS_00031563","XLOC_005046","H2AW",,,,,,,FALSE,,"XLOC_005046","H2AW",0.1197,0.1197,0.00168228732760884,0.000238168287789761,FALSE,TRUE,FALSE,TRUE,FALSE,"Non-significant / other",,,
"TCONS_00021077","XLOC_005152","ERO1B",,,,,,,FALSE,,"XLOC_005152","ERO1B",-0.278433333333333,0.278433333333333,1.0520330536767e-06,1.0520330536767e-06,TRUE,FALSE,FALSE,TRUE,FALSE,"U-significant / missing in T",,,
"TCONS_00021078","XLOC_005152","ERO1B",,,,,,,FALSE,,"XLOC_005152","ERO1B",0.1427,0.1427,0.369776335009095,1.0520330536767e-06,FALSE,FALSE,FALSE,TRUE,FALSE,"Non-significant / other",,,
"TCONS_00021081","XLOC_005152","ERO1B",,,,,,,FALSE,,"XLOC_005152","ERO1B",-0.0434,0.0434,0.601890409685503,1.0520330536767e-06,FALSE,FALSE,FALSE,TRUE,FALSE,"Non-significant / other",,,
"TCONS_00021082","XLOC_005152","ERO1B",,,,,,,FALSE,,"XLOC_005152","ERO1B",-0.0128,0.0128,0.944997994078737,1.0520330536767e-06,FALSE,FALSE,FALSE,TRUE,FALSE,"Non-significant / other",,,
"TCONS_00031611","XLOC_005152","ERO1B",,,,,,,FALSE,,"XLOC_005152","ERO1B",0.177933333333333,0.177933333333333,0.763932110993259,1.0520330536767e-06,FALSE,TRUE,FALSE,TRUE,FALSE,"Non-significant / other",,,
"TCONS_00031817","XLOC_005330","NET1",,,,,,,FALSE,,"XLOC_005330","NET1",-0.1665,0.1665,0.0302548864782146,0.0302548864782146,TRUE,FALSE,FALSE,TRUE,FALSE,"U-significant / missing in T",,,
"TCONS_00031819","XLOC_005330","NET1",,,,,,,FALSE,,"XLOC_005330","NET1",0.0079,0.0079,0.964797189556283,0.0302548864782146,FALSE,FALSE,FALSE,TRUE,FALSE,"Non-significant / other",,,
"TCONS_00031820","XLOC_005330","NET1",,,,,,,FALSE,,"XLOC_005330","NET1",0.158766666666667,0.158766666666667,0.0456168164144599,0.0302548864782146,TRUE,FALSE,FALSE,TRUE,FALSE,"U-significant / missing in T",,,
"TCONS_00033700","XLOC_005858","SLC29A3",,,,,,,FALSE,,"XLOC_005858","SLC29A3",0.170033333333333,0.170033333333333,0.121234686377073,0.00034838713450153,FALSE,TRUE,FALSE,TRUE,FALSE,"Non-significant / other",,,
"TCONS_00033701","XLOC_005858","SLC29A3",,,,,,,FALSE,,"XLOC_005858","SLC29A3",-0.0096,0.0096,0.988588853578776,0.00034838713450153,FALSE,TRUE,FALSE,TRUE,FALSE,"Non-significant / other",,,
"TCONS_00033705","XLOC_005858","SLC29A3",,,,,,,FALSE,,"XLOC_005858","SLC29A3",0.0108,0.0108,0.989014180580543,0.00034838713450153,FALSE,FALSE,FALSE,TRUE,FALSE,"Non-significant / other",,,
"TCONS_00033707","XLOC_005858","SLC29A3",,,,,,,FALSE,,"XLOC_005858","SLC29A3",-0.00166666666666667,0.00166666666666667,0.989416824146811,0.00034838713450153,FALSE,FALSE,FALSE,TRUE,FALSE,"Non-significant / other",,,
"TCONS_00033712","XLOC_005858","SLC29A3",,,,,,,FALSE,,"XLOC_005858","SLC29A3",-0.00966666666666667,0.00966666666666667,0.998954986259001,0.00034838713450153,FALSE,FALSE,FALSE,TRUE,FALSE,"Non-significant / other",,,
"TCONS_00033713","XLOC_005858","SLC29A3",,,,,,,FALSE,,"XLOC_005858","SLC29A3",-0.0059,0.0059,0.987349534682011,0.00034838713450153,FALSE,FALSE,FALSE,TRUE,FALSE,"Non-significant / other",,,
"TCONS_00040531","XLOC_005858","SLC29A3",,,,,,,FALSE,,"XLOC_005858","SLC29A3",-0.2036,0.2036,0.00034838713450153,0.00034838713450153,TRUE,TRUE,FALSE,TRUE,FALSE,"U-significant / missing in T",,,
"TCONS_00040532","XLOC_005858","SLC29A3",,,,,,,FALSE,,"XLOC_005858","SLC29A3",0.0163333333333333,0.0163333333333333,1,0.00034838713450153,FALSE,TRUE,FALSE,TRUE,FALSE,"Non-significant / other",,,
"TCONS_00041608","XLOC_005858","SLC29A3",,,,,,,FALSE,,"XLOC_005858","SLC29A3",0.0348666666666667,0.0348666666666667,0.980553874233056,0.00034838713450153,FALSE,TRUE,FALSE,TRUE,FALSE,"Non-significant / other",,,
"TCONS_00034877","XLOC_006137","OLMALINC",,,,,,,FALSE,,"XLOC_006137","OLMALINC",-0.179866666666667,0.179866666666667,0.00367960084998323,2.00115375660898e-05,TRUE,FALSE,FALSE,TRUE,FALSE,"U-significant / missing in T",,,
"TCONS_00034878","XLOC_006137","OLMALINC",,,,,,,FALSE,,"XLOC_006137","OLMALINC",0.0783666666666667,0.0783666666666667,0.993010872953268,2.00115375660898e-05,FALSE,FALSE,FALSE,TRUE,FALSE,"Non-significant / other",,,
"TCONS_00034879","XLOC_006137","OLMALINC",,,,,,,FALSE,,"XLOC_006137","OLMALINC",-0.00056666666666666,0.00056666666666666,0.99896816865485,2.00115375660898e-05,FALSE,FALSE,FALSE,TRUE,FALSE,"Non-significant / other",,,
"TCONS_00034880","XLOC_006137","OLMALINC",,,,,,,FALSE,,"XLOC_006137","OLMALINC",-0.000466666666666671,0.000466666666666671,1,2.00115375660898e-05,FALSE,FALSE,FALSE,TRUE,FALSE,"Non-significant / other",,,
"TCONS_00034886","XLOC_006137","OLMALINC",,,,,,,FALSE,,"XLOC_006137","OLMALINC",-0.0877666666666667,0.0877666666666667,0.896401936457543,2.00115375660898e-05,FALSE,FALSE,FALSE,TRUE,FALSE,"Non-significant / other",,,
"TCONS_00034887","XLOC_006137","OLMALINC",,,,,,,FALSE,,"XLOC_006137","OLMALINC",-0.00316666666666666,0.00316666666666666,0.991188492180117,2.00115375660898e-05,FALSE,FALSE,FALSE,TRUE,FALSE,"Non-significant / other",,,
"TCONS_00034888","XLOC_006137","OLMALINC",,,,,,,FALSE,,"XLOC_006137","OLMALINC",-0.0610333333333333,0.0610333333333333,0.938623355482199,2.00115375660898e-05,FALSE,FALSE,FALSE,TRUE,FALSE,"Non-significant / other",,,
"TCONS_00034889","XLOC_006137","OLMALINC",,,,,,,FALSE,,"XLOC_006137","OLMALINC",0.00993333333333333,0.00993333333333333,0.974165911214362,2.00115375660898e-05,FALSE,FALSE,FALSE,TRUE,FALSE,"Non-significant / other",,,
"TCONS_00034894","XLOC_006137","OLMALINC",,,,,,,FALSE,,"XLOC_006137","OLMALINC",0.0339333333333333,0.0339333333333333,0.878339017020807,2.00115375660898e-05,FALSE,FALSE,FALSE,TRUE,FALSE,"Non-significant / other",,,
"TCONS_00034900","XLOC_006137","OLMALINC",,,,,,,FALSE,,"XLOC_006137","OLMALINC",-0.0947333333333333,0.0947333333333333,0.0193673743530942,2.00115375660898e-05,FALSE,FALSE,FALSE,TRUE,FALSE,"Non-significant / other",,,
"TCONS_00034902","XLOC_006137","OLMALINC",,,,,,,FALSE,,"XLOC_006137","OLMALINC",0.0273,0.0273,0.989014180580543,2.00115375660898e-05,FALSE,FALSE,FALSE,TRUE,FALSE,"Non-significant / other",,,
"TCONS_00034906","XLOC_006137","OLMALINC",,,,,,,FALSE,,"XLOC_006137","OLMALINC",0.00106666666666667,0.00106666666666667,1,2.00115375660898e-05,FALSE,FALSE,FALSE,TRUE,FALSE,"Non-significant / other",,,
"TCONS_00034907","XLOC_006137","OLMALINC",,,,,,,FALSE,,"XLOC_006137","OLMALINC",0.102533333333333,0.102533333333333,0.876183392551779,2.00115375660898e-05,FALSE,TRUE,FALSE,TRUE,FALSE,"Non-significant / other",,,
"TCONS_00034911","XLOC_006137","OLMALINC",,,,,,,FALSE,,"XLOC_006137","OLMALINC",-0.0380666666666667,0.0380666666666667,0.99089721682693,2.00115375660898e-05,FALSE,FALSE,FALSE,TRUE,FALSE,"Non-significant / other",,,
"TCONS_00041720","XLOC_006137","OLMALINC",,,,,,,FALSE,,"XLOC_006137","OLMALINC",0.191,0.191,2.00115375660898e-05,2.00115375660898e-05,TRUE,TRUE,FALSE,TRUE,FALSE,"U-significant / missing in T",,,
"TCONS_00034949","XLOC_006145","TWNK",,,,,,,FALSE,,"XLOC_006145","TWNK",0.1256,0.1256,0.000580566103924503,0.000580566103924503,FALSE,FALSE,FALSE,TRUE,FALSE,"Non-significant / other",,,
"TCONS_00034950","XLOC_006145","TWNK",,,,,,,FALSE,,"XLOC_006145","TWNK",-0.112366666666667,0.112366666666667,0.896373912830297,0.000580566103924503,FALSE,FALSE,FALSE,TRUE,FALSE,"Non-significant / other",,,
"TCONS_00034951","XLOC_006145","TWNK",,,,,,,FALSE,,"XLOC_006145","TWNK",0.0787666666666667,0.0787666666666667,0.967107464655928,0.000580566103924503,FALSE,TRUE,FALSE,TRUE,FALSE,"Non-significant / other",,,
"TCONS_00034952","XLOC_006145","TWNK",,,,,,,FALSE,,"XLOC_006145","TWNK",-0.0152,0.0152,0.95079614616712,0.000580566103924503,FALSE,FALSE,FALSE,TRUE,FALSE,"Non-significant / other",,,
"TCONS_00034954","XLOC_006145","TWNK",,,,,,,FALSE,,"XLOC_006145","TWNK",0.0247666666666667,0.0247666666666667,0.515955421608454,0.000580566103924503,FALSE,FALSE,FALSE,TRUE,FALSE,"Non-significant / other",,,
"TCONS_00034955","XLOC_006145","TWNK",,,,,,,FALSE,,"XLOC_006145","TWNK",-0.00503333333333333,0.00503333333333333,1,0.000580566103924503,FALSE,FALSE,FALSE,TRUE,FALSE,"Non-significant / other",,,
"TCONS_00041145","XLOC_006145","TWNK",,,,,,,FALSE,,"XLOC_006145","TWNK",-0.0941,0.0941,0.847092265495657,0.000580566103924503,FALSE,TRUE,FALSE,TRUE,FALSE,"Non-significant / other",,,
"TCONS_00034976","XLOC_006149","TLX1",,,,,,,FALSE,,"XLOC_006149","TLX1",0.166933333333333,0.166933333333333,2.15923464204543e-06,2.15923464204543e-06,TRUE,FALSE,FALSE,TRUE,FALSE,"U-significant / missing in T",,,
"TCONS_00034977","XLOC_006149","TLX1",,,,,,,FALSE,,"XLOC_006149","TLX1",-0.00943333333333334,0.00943333333333334,0.981609747872475,2.15923464204543e-06,FALSE,FALSE,FALSE,TRUE,FALSE,"Non-significant / other",,,
"TCONS_00034979","XLOC_006149","TLX1",,,,,,,FALSE,,"XLOC_006149","TLX1",-0.0544,0.0544,0.068438987448292,2.15923464204543e-06,FALSE,FALSE,FALSE,TRUE,FALSE,"Non-significant / other",,,
"TCONS_00034980","XLOC_006149","TLX1",,,,,,,FALSE,,"XLOC_006149","TLX1",-0.103066666666667,0.103066666666667,0.721852183229107,2.15923464204543e-06,FALSE,FALSE,FALSE,TRUE,FALSE,"Non-significant / other",,,
"TCONS_00039497","XLOC_007337","STN1",,,,,,,FALSE,,"XLOC_007337","STN1",0.00186666666666667,0.00186666666666667,0.989014180580543,0.000165768245659979,FALSE,FALSE,FALSE,TRUE,FALSE,"Non-significant / other",,,
"TCONS_00039498","XLOC_007337","STN1",,,,,,,FALSE,,"XLOC_007337","STN1",0.0182666666666667,0.0182666666666667,0.96870923056349,0.000165768245659979,FALSE,FALSE,FALSE,TRUE,FALSE,"Non-significant / other",,,
"TCONS_00039499","XLOC_007337","STN1",,,,,,,FALSE,,"XLOC_007337","STN1",0.0197333333333333,0.0197333333333333,0.981277402831502,0.000165768245659979,FALSE,TRUE,FALSE,TRUE,FALSE,"Non-significant / other",,,
"TCONS_00039500","XLOC_007337","STN1",,,,,,,FALSE,,"XLOC_007337","STN1",0.0185,0.0185,0.970085978437232,0.000165768245659979,FALSE,FALSE,FALSE,TRUE,FALSE,"Non-significant / other",,,
"TCONS_00039501","XLOC_007337","STN1",,,,,,,FALSE,,"XLOC_007337","STN1",0.0177666666666667,0.0177666666666667,0.926252700075564,0.000165768245659979,FALSE,FALSE,FALSE,TRUE,FALSE,"Non-significant / other",,,
"TCONS_00042167","XLOC_007337","STN1",,,,,,,FALSE,,"XLOC_007337","STN1",0.00843333333333333,0.00843333333333333,1,0.000165768245659979,FALSE,TRUE,FALSE,TRUE,FALSE,"Non-significant / other",,,
"TCONS_00042168","XLOC_007337","STN1",,,,,,,FALSE,,"XLOC_007337","STN1",0.00980000000000003,0.00980000000000003,1,0.000165768245659979,FALSE,TRUE,FALSE,TRUE,FALSE,"Non-significant / other",,,
"TCONS_00042169","XLOC_007337","STN1",,,,,,,FALSE,,"XLOC_007337","STN1",-0.184633333333333,0.184633333333333,0.000165768245659979,0.000165768245659979,TRUE,TRUE,FALSE,TRUE,FALSE,"U-significant / missing in T",,,
"TCONS_00042793","XLOC_007337","STN1",,,,,,,FALSE,,"XLOC_007337","STN1",-0.00806666666666668,0.00806666666666668,1,0.000165768245659979,FALSE,TRUE,FALSE,TRUE,FALSE,"Non-significant / other",,,
"TCONS_00042795","XLOC_007337","STN1",,,,,,,FALSE,,"XLOC_007337","STN1",0.108166666666667,0.108166666666667,0.892270744061464,0.000165768245659979,FALSE,TRUE,FALSE,TRUE,FALSE,"Non-significant / other",,,
"TCONS_00040159","XLOC_007479","UROS",,,,,,,FALSE,,"XLOC_007479","UROS",0.0048,0.0048,0.936654788238057,0.000345449923346024,FALSE,FALSE,FALSE,TRUE,FALSE,"Non-significant / other",,,
"TCONS_00040162","XLOC_007479","UROS",,,,,,,FALSE,,"XLOC_007479","UROS",-0.00183333333333333,0.00183333333333333,0.994650049001302,0.000345449923346024,FALSE,FALSE,FALSE,TRUE,FALSE,"Non-significant / other",,,
"TCONS_00040163","XLOC_007479","UROS",,,,,,,FALSE,,"XLOC_007479","UROS",0.122133333333333,0.122133333333333,0.0795360617955184,0.000345449923346024,FALSE,FALSE,FALSE,TRUE,FALSE,"Non-significant / other",,,
"TCONS_00040165","XLOC_007479","UROS",,,,,,,FALSE,,"XLOC_007479","UROS",-0.00776666666666666,0.00776666666666666,0.977120724722993,0.000345449923346024,FALSE,FALSE,FALSE,TRUE,FALSE,"Non-significant / other",,,
"TCONS_00040167","XLOC_007479","UROS",,,,,,,FALSE,,"XLOC_007479","UROS",0.0154666666666667,0.0154666666666667,0.673168819317292,0.000345449923346024,FALSE,FALSE,FALSE,TRUE,FALSE,"Non-significant / other",,,
"TCONS_00040168","XLOC_007479","UROS",,,,,,,FALSE,,"XLOC_007479","UROS",-0.1368,0.1368,0.000345449923346024,0.000345449923346024,FALSE,FALSE,FALSE,TRUE,FALSE,"Non-significant / other",,,
"TCONS_00040169","XLOC_007479","UROS",,,,,,,FALSE,,"XLOC_007479","UROS",-0.000399999999999999,0.000399999999999999,1,0.000345449923346024,FALSE,FALSE,FALSE,TRUE,FALSE,"Non-significant / other",,,
"TCONS_00040173","XLOC_007479","UROS",,,,,,,FALSE,,"XLOC_007479","UROS",-0.0052,0.0052,0.971364481707397,0.000345449923346024,FALSE,FALSE,FALSE,TRUE,FALSE,"Non-significant / other",,,
"TCONS_00040174","XLOC_007479","UROS",,,,,,,FALSE,,"XLOC_007479","UROS",0.0025,0.0025,0.983731514541604,0.000345449923346024,FALSE,FALSE,FALSE,TRUE,FALSE,"Non-significant / other",,,
"TCONS_00040178","XLOC_007479","UROS",,,,,,,FALSE,,"XLOC_007479","UROS",0.000466666666666667,0.000466666666666667,1,0.000345449923346024,FALSE,FALSE,FALSE,TRUE,FALSE,"Non-significant / other",,,
"TCONS_00047508","XLOC_008528","FOLR2",,,,,,,FALSE,,"XLOC_008528","FOLR2",0.0846,0.0846,0.980958915657151,0.000173530444491266,FALSE,FALSE,FALSE,TRUE,FALSE,"Non-significant / other",,,
"TCONS_00047509","XLOC_008528","FOLR2",,,,,,,FALSE,,"XLOC_008528","FOLR2",-0.0233333333333333,0.0233333333333333,0.988084623504653,0.000173530444491266,FALSE,FALSE,FALSE,TRUE,FALSE,"Non-significant / other",,,
"TCONS_00047511","XLOC_008528","FOLR2",,,,,,,FALSE,,"XLOC_008528","FOLR2",0.0923333333333333,0.0923333333333333,0.957091352914692,0.000173530444491266,FALSE,TRUE,FALSE,TRUE,FALSE,"Non-significant / other",,,
"TCONS_00047515","XLOC_008528","FOLR2",,,,,,,FALSE,,"XLOC_008528","FOLR2",0.139933333333333,0.139933333333333,0.917342830876149,0.000173530444491266,FALSE,FALSE,FALSE,TRUE,FALSE,"Non-significant / other",,,
"TCONS_00057710","XLOC_008528","FOLR2",,,,,,,FALSE,,"XLOC_008528","FOLR2",0.0573333333333333,0.0573333333333333,1,0.000173530444491266,FALSE,TRUE,FALSE,TRUE,FALSE,"Non-significant / other",,,
"TCONS_00057711","XLOC_008528","FOLR2",,,,,,,FALSE,,"XLOC_008528","FOLR2",-0.0658333333333333,0.0658333333333333,0.997614183972603,0.000173530444491266,FALSE,TRUE,FALSE,TRUE,FALSE,"Non-significant / other",,,
"TCONS_00059691","XLOC_008528","FOLR2",,,,,,,FALSE,,"XLOC_008528","FOLR2",-0.285033333333333,0.285033333333333,0.000173530444491266,0.000173530444491266,TRUE,TRUE,FALSE,TRUE,FALSE,"U-significant / missing in T",,,
"TCONS_00047948","XLOC_008629","USP35",,,,,,,FALSE,,"XLOC_008629","USP35",0.199366666666667,0.199366666666667,0.000191363543156514,0.000191363543156514,TRUE,FALSE,FALSE,TRUE,FALSE,"U-significant / missing in T",,,
"TCONS_00047949","XLOC_008629","USP35",,,,,,,FALSE,,"XLOC_008629","USP35",-0.256433333333333,0.256433333333333,0.154330971677881,0.000191363543156514,FALSE,FALSE,FALSE,TRUE,FALSE,"Non-significant / other",,,
"TCONS_00047950","XLOC_008629","USP35",,,,,,,FALSE,,"XLOC_008629","USP35",0.0728333333333333,0.0728333333333333,0.889227687977879,0.000191363543156514,FALSE,FALSE,FALSE,TRUE,FALSE,"Non-significant / other",,,
"TCONS_00047951","XLOC_008629","USP35",,,,,,,FALSE,,"XLOC_008629","USP35",-0.038,0.038,0.982866151393326,0.000191363543156514,FALSE,FALSE,FALSE,TRUE,FALSE,"Non-significant / other",,,
"TCONS_00047952","XLOC_008629","USP35",,,,,,,FALSE,,"XLOC_008629","USP35",0.0362666666666667,0.0362666666666667,0.932397636590221,0.000191363543156514,FALSE,FALSE,FALSE,TRUE,FALSE,"Non-significant / other",,,
"TCONS_00047953","XLOC_008629","USP35",,,,,,,FALSE,,"XLOC_008629","USP35",-0.0140333333333333,0.0140333333333333,1,0.000191363543156514,FALSE,FALSE,FALSE,TRUE,FALSE,"Non-significant / other",,,
"TCONS_00049566","XLOC_009033","VWA5A",,,,,,,FALSE,,"XLOC_009033","VWA5A",0.105333333333333,0.105333333333333,0.835691654188067,0.000171130255773441,FALSE,FALSE,FALSE,TRUE,FALSE,"Non-significant / other",,,
"TCONS_00049567","XLOC_009033","VWA5A",,,,,,,FALSE,,"XLOC_009033","VWA5A",-0.0713,0.0713,0.330792707548672,0.000171130255773441,FALSE,FALSE,FALSE,TRUE,FALSE,"Non-significant / other",,,
"TCONS_00049568","XLOC_009033","VWA5A",,,,,,,FALSE,,"XLOC_009033","VWA5A",-0.0692,0.0692,0.890899244233021,0.000171130255773441,FALSE,FALSE,FALSE,TRUE,FALSE,"Non-significant / other",,,
"TCONS_00049570","XLOC_009033","VWA5A",,,,,,,FALSE,,"XLOC_009033","VWA5A",0.0207,0.0207,0.981170485656168,0.000171130255773441,FALSE,FALSE,FALSE,TRUE,FALSE,"Non-significant / other",,,
"TCONS_00057875","XLOC_009033","VWA5A",,,,,,,FALSE,,"XLOC_009033","VWA5A",-0.1027,0.1027,0.000171130255773441,0.000171130255773441,FALSE,TRUE,FALSE,TRUE,FALSE,"Non-significant / other",,,
"TCONS_00057876","XLOC_009033","VWA5A",,,,,,,FALSE,,"XLOC_009033","VWA5A",0.108133333333333,0.108133333333333,0.629714762936201,0.000171130255773441,FALSE,TRUE,FALSE,TRUE,FALSE,"Non-significant / other",,,
"TCONS_00057878","XLOC_009033","VWA5A",,,,,,,FALSE,,"XLOC_009033","VWA5A",0.0144666666666667,0.0144666666666667,0.989932621591044,0.000171130255773441,FALSE,TRUE,FALSE,TRUE,FALSE,"Non-significant / other",,,
"TCONS_00058990","XLOC_009033","VWA5A",,,,,,,FALSE,,"XLOC_009033","VWA5A",0.0444666666666667,0.0444666666666667,0.977515223944676,0.000171130255773441,FALSE,TRUE,FALSE,TRUE,FALSE,"Non-significant / other",,,
"TCONS_00060792","XLOC_009033","VWA5A",,,,,,,FALSE,,"XLOC_009033","VWA5A",-0.0563333333333333,0.0563333333333333,0.86329573797533,0.000171130255773441,FALSE,TRUE,FALSE,TRUE,FALSE,"Non-significant / other",,,
"TCONS_00051171","XLOC_009382","SBF2",,,,,,,FALSE,,"XLOC_009382","SBF2",-0.0034,0.0034,0.9944959503103,0.0174376471160519,FALSE,FALSE,FALSE,TRUE,FALSE,"Non-significant / other",,,
"TCONS_00051172","XLOC_009382","SBF2",,,,,,,FALSE,,"XLOC_009382","SBF2",0.0295333333333333,0.0295333333333333,0.932397636590221,0.0174376471160519,FALSE,FALSE,FALSE,TRUE,FALSE,"Non-significant / other",,,
"TCONS_00051173","XLOC_009382","SBF2",,,,,,,FALSE,,"XLOC_009382","SBF2",0.0388,0.0388,0.983794460546659,0.0174376471160519,FALSE,FALSE,FALSE,TRUE,FALSE,"Non-significant / other",,,
"TCONS_00051181","XLOC_009382","SBF2",,,,,,,FALSE,,"XLOC_009382","SBF2",0.0232,0.0232,0.952344273497243,0.0174376471160519,FALSE,FALSE,FALSE,TRUE,FALSE,"Non-significant / other",,,
"TCONS_00051189","XLOC_009382","SBF2",,,,,,,FALSE,,"XLOC_009382","SBF2",0.0341666666666667,0.0341666666666667,0.981170485656168,0.0174376471160519,FALSE,FALSE,FALSE,TRUE,FALSE,"Non-significant / other",,,
"TCONS_00051191","XLOC_009382","SBF2",,,,,,,FALSE,,"XLOC_009382","SBF2",-0.0698666666666667,0.0698666666666667,0.896373912830297,0.0174376471160519,FALSE,FALSE,FALSE,TRUE,FALSE,"Non-significant / other",,,
"TCONS_00051196","XLOC_009382","SBF2",,,,,,,FALSE,,"XLOC_009382","SBF2",0.0127333333333333,0.0127333333333333,1,0.0174376471160519,FALSE,FALSE,FALSE,TRUE,FALSE,"Non-significant / other",,,
"TCONS_00051211","XLOC_009382","SBF2",,,,,,,FALSE,,"XLOC_009382","SBF2",0.00936666666666667,0.00936666666666667,0.92273285386759,0.0174376471160519,FALSE,FALSE,FALSE,TRUE,FALSE,"Non-significant / other",,,
"TCONS_00059944","XLOC_009382","SBF2",,,,,,,FALSE,,"XLOC_009382","SBF2",-0.189266666666667,0.189266666666667,0.0174376471160519,0.0174376471160519,TRUE,TRUE,FALSE,TRUE,FALSE,"U-significant / missing in T",,,
"TCONS_00059945","XLOC_009382","SBF2",,,,,,,FALSE,,"XLOC_009382","SBF2",0.109333333333333,0.109333333333333,0.703203057352203,0.0174376471160519,FALSE,TRUE,FALSE,TRUE,FALSE,"Non-significant / other",,,
"TCONS_00056562","XLOC_010543","CCDC153",,,,,,,FALSE,,"XLOC_010543","CCDC153",-0.0744666666666667,0.0744666666666667,0.92273285386759,2.30254485771752e-05,FALSE,FALSE,FALSE,TRUE,FALSE,"Non-significant / other",,,
"TCONS_00056563","XLOC_010543","CCDC153",,,,,,,FALSE,,"XLOC_010543","CCDC153",-0.00969999999999999,0.00969999999999999,0.996670424341385,2.30254485771752e-05,FALSE,FALSE,FALSE,TRUE,FALSE,"Non-significant / other",,,
"TCONS_00056564","XLOC_010543","CCDC153",,,,,,,FALSE,,"XLOC_010543","CCDC153",0.0211333333333333,0.0211333333333333,0.993547557400243,2.30254485771752e-05,FALSE,FALSE,FALSE,TRUE,FALSE,"Non-significant / other",,,
"TCONS_00056565","XLOC_010543","CCDC153",,,,,,,FALSE,,"XLOC_010543","CCDC153",-0.0448666666666667,0.0448666666666667,0.987693809887796,2.30254485771752e-05,FALSE,FALSE,FALSE,TRUE,FALSE,"Non-significant / other",,,
"TCONS_00060379","XLOC_010543","CCDC153",,,,,,,FALSE,,"XLOC_010543","CCDC153",0.527466666666667,0.527466666666667,2.30254485771752e-05,2.30254485771752e-05,TRUE,TRUE,FALSE,TRUE,FALSE,"U-significant / missing in T",,,
"TCONS_00061170","XLOC_010543","CCDC153",,,,,,,FALSE,,"XLOC_010543","CCDC153",-0.419566666666667,0.419566666666667,0.0706333289726033,2.30254485771752e-05,FALSE,TRUE,FALSE,TRUE,FALSE,"Non-significant / other",,,
"TCONS_00062125","XLOC_010885","TMEM52B",,,,,,,FALSE,,"XLOC_010885","TMEM52B",0.0290333333333333,0.0290333333333333,0.899579564283678,0.00694414450801821,FALSE,FALSE,FALSE,TRUE,FALSE,"Non-significant / other",,,
"TCONS_00062891","XLOC_011077","ETFBKMT",,,,,,,FALSE,,"XLOC_011077","ETFBKMT",0.0352,0.0352,0.990334639591299,0.0229169201779544,FALSE,FALSE,FALSE,TRUE,FALSE,"Non-significant / other",,,
"TCONS_00062892","XLOC_011077","ETFBKMT",,,,,,,FALSE,,"XLOC_011077","ETFBKMT",-0.181766666666667,0.181766666666667,0.92243368740017,0.0229169201779544,FALSE,FALSE,FALSE,TRUE,FALSE,"Non-significant / other",,,
"TCONS_00062893","XLOC_011077","ETFBKMT",,,,,,,FALSE,,"XLOC_011077","ETFBKMT",0.00923333333333333,0.00923333333333333,1,0.0229169201779544,FALSE,FALSE,FALSE,TRUE,FALSE,"Non-significant / other",,,
"TCONS_00062894","XLOC_011077","ETFBKMT",,,,,,,FALSE,,"XLOC_011077","ETFBKMT",-0.0231333333333333,0.0231333333333333,0.99805204974347,0.0229169201779544,FALSE,FALSE,FALSE,TRUE,FALSE,"Non-significant / other",,,
"TCONS_00062895","XLOC_011077","ETFBKMT",,,,,,,FALSE,,"XLOC_011077","ETFBKMT",0.0234666666666667,0.0234666666666667,0.992534350387778,0.0229169201779544,FALSE,FALSE,FALSE,TRUE,FALSE,"Non-significant / other",,,
"TCONS_00076861","XLOC_011077","ETFBKMT",,,,,,,FALSE,,"XLOC_011077","ETFBKMT",-0.0338,0.0338,0.989014180580543,0.0229169201779544,FALSE,TRUE,FALSE,TRUE,FALSE,"Non-significant / other",,,
"TCONS_00077952","XLOC_011077","ETFBKMT",,,,,,,FALSE,,"XLOC_011077","ETFBKMT",-0.0324333333333333,0.0324333333333333,0.984039326204465,0.0229169201779544,FALSE,TRUE,FALSE,TRUE,FALSE,"Non-significant / other",,,
"TCONS_00077953","XLOC_011077","ETFBKMT",,,,,,,FALSE,,"XLOC_011077","ETFBKMT",0.203133333333333,0.203133333333333,0.0229169201779544,0.0229169201779544,TRUE,TRUE,FALSE,TRUE,FALSE,"U-significant / missing in T",,,
"TCONS_00064569","XLOC_011393","IL23A",,,,,,,FALSE,,"XLOC_011393","IL23A",-0.0640333333333333,0.0640333333333333,0.804316538791987,8.40519374477622e-17,FALSE,FALSE,FALSE,TRUE,FALSE,"Non-significant / other",,,
"TCONS_00076985","XLOC_011393","IL23A",,,,,,,FALSE,,"XLOC_011393","IL23A",-0.0360333333333333,0.0360333333333333,0.892270744061464,8.40519374477622e-17,FALSE,TRUE,FALSE,TRUE,FALSE,"Non-significant / other",,,
"TCONS_00076986","XLOC_011393","IL23A",,,,,,,FALSE,,"XLOC_011393","IL23A",-0.0566333333333333,0.0566333333333333,0.155649487912323,8.40519374477622e-17,FALSE,TRUE,FALSE,TRUE,FALSE,"Non-significant / other",,,
"TCONS_00066605","XLOC_011852","IFT81",,,,,,,FALSE,,"XLOC_011852","IFT81",-0.00966666666666667,0.00966666666666667,0.954179833799416,0.041857681292763,FALSE,FALSE,FALSE,TRUE,FALSE,"Non-significant / other",,,
"TCONS_00066606","XLOC_011852","IFT81",,,,,,,FALSE,,"XLOC_011852","IFT81",0.0296666666666666,0.0296666666666666,0.968018926657752,0.041857681292763,FALSE,TRUE,FALSE,TRUE,FALSE,"Non-significant / other",,,
"TCONS_00066607","XLOC_011852","IFT81",,,,,,,FALSE,,"XLOC_011852","IFT81",0.0130666666666667,0.0130666666666667,0.991599587793934,0.041857681292763,FALSE,FALSE,FALSE,TRUE,FALSE,"Non-significant / other",,,
"TCONS_00075098","XLOC_011852","IFT81",,,,,,,FALSE,,"XLOC_011852","IFT81",-0.157733333333333,0.157733333333333,0.041857681292763,0.041857681292763,TRUE,TRUE,FALSE,TRUE,FALSE,"U-significant / missing in T",,,
"TCONS_00076284","XLOC_011852","IFT81",,,,,,,FALSE,,"XLOC_011852","IFT81",0.0179,0.0179,0.965773173265661,0.041857681292763,FALSE,TRUE,FALSE,TRUE,FALSE,"Non-significant / other",,,
"TCONS_00077188","XLOC_011852","IFT81",,,,,,,FALSE,,"XLOC_011852","IFT81",-0.0314666666666667,0.0314666666666667,0.641236221870547,0.041857681292763,FALSE,TRUE,FALSE,TRUE,FALSE,"Non-significant / other",,,
"TCONS_00077190","XLOC_011852","IFT81",,,,,,,FALSE,,"XLOC_011852","IFT81",0.0035,0.0035,0.976754325457568,0.041857681292763,FALSE,TRUE,FALSE,TRUE,FALSE,"Non-significant / other",,,
"TCONS_00077192","XLOC_011852","IFT81",,,,,,,FALSE,,"XLOC_011852","IFT81",0.142366666666667,0.142366666666667,0.0473125653494331,0.041857681292763,FALSE,TRUE,FALSE,TRUE,FALSE,"Non-significant / other",,,
"TCONS_00078208","XLOC_011852","IFT81",,,,,,,FALSE,,"XLOC_011852","IFT81",-0.0277666666666667,0.0277666666666667,0.988588853578776,0.041857681292763,FALSE,TRUE,FALSE,TRUE,FALSE,"Non-significant / other",,,
"TCONS_00066627","XLOC_011856","FAM216A",,,,,,,FALSE,,"XLOC_011856","FAM216A",-0.0101333333333333,0.0101333333333333,0.980958915657151,6.04810516151594e-08,FALSE,FALSE,FALSE,TRUE,FALSE,"Non-significant / other",,,
"TCONS_00066630","XLOC_011856","FAM216A",,,,,,,FALSE,,"XLOC_011856","FAM216A",0.0503333333333333,0.0503333333333333,0.950158715649288,6.04810516151594e-08,FALSE,TRUE,FALSE,TRUE,FALSE,"Non-significant / other",,,
"TCONS_00066632","XLOC_011856","FAM216A",,,,,,,FALSE,,"XLOC_011856","FAM216A",0.0133333333333333,0.0133333333333333,0.94095012540802,6.04810516151594e-08,FALSE,FALSE,FALSE,TRUE,FALSE,"Non-significant / other",,,
"TCONS_00077193","XLOC_011856","FAM216A",,,,,,,FALSE,,"XLOC_011856","FAM216A",0.139166666666667,0.139166666666667,0.451232289819475,6.04810516151594e-08,FALSE,TRUE,FALSE,TRUE,FALSE,"Non-significant / other",,,
"TCONS_00077194","XLOC_011856","FAM216A",,,,,,,FALSE,,"XLOC_011856","FAM216A",-0.1887,0.1887,6.04810516151594e-08,6.04810516151594e-08,TRUE,TRUE,FALSE,TRUE,FALSE,"U-significant / missing in T",,,
"TCONS_00067446","XLOC_012026","SBNO1-AS1",,,,,,,FALSE,,"XLOC_012026","SBNO1-AS1",0.0923,0.0923,0.89201326817898,3.85469275028443e-05,FALSE,FALSE,FALSE,TRUE,FALSE,"Non-significant / other",,,
"TCONS_00067447","XLOC_012026","SBNO1-AS1",,,,,,,FALSE,,"XLOC_012026","SBNO1-AS1",0.158766666666667,0.158766666666667,0.763932110993259,3.85469275028443e-05,FALSE,FALSE,FALSE,TRUE,FALSE,"Non-significant / other",,,
"TCONS_00067448","XLOC_012026","SBNO1-AS1",,,,,,,FALSE,,"XLOC_012026","SBNO1-AS1",0.123266666666667,0.123266666666667,0.893350719994068,3.85469275028443e-05,FALSE,FALSE,FALSE,TRUE,FALSE,"Non-significant / other",,,
"TCONS_00067449","XLOC_012026","SBNO1-AS1",,,,,,,FALSE,,"XLOC_012026","SBNO1-AS1",-0.374366666666667,0.374366666666667,3.85469275028443e-05,3.85469275028443e-05,TRUE,FALSE,FALSE,TRUE,FALSE,"U-significant / missing in T",,,
"TCONS_00070783","XLOC_012782","ENSG00000257337",,,,,,,FALSE,,"XLOC_012782","ENSG00000257337",0.0233666666666667,0.0233666666666667,0.924396737381444,0.0195341717956963,FALSE,FALSE,FALSE,TRUE,FALSE,"Non-significant / other",,,
"TCONS_00073896","XLOC_013451","RHOF",,,,,,,FALSE,,"XLOC_013451","RHOF",0.266533333333333,0.266533333333333,0.00103779895997685,0.00103779895997685,TRUE,FALSE,FALSE,TRUE,FALSE,"U-significant / missing in T",,,
"TCONS_00073898","XLOC_013451","RHOF",,,,,,,FALSE,,"XLOC_013451","RHOF",-0.0142333333333333,0.0142333333333333,0.573212151575097,0.00103779895997685,FALSE,FALSE,FALSE,TRUE,FALSE,"Non-significant / other",,,
"TCONS_00073899","XLOC_013451","RHOF",,,,,,,FALSE,,"XLOC_013451","RHOF",0.00923333333333333,0.00923333333333333,0.749163187604702,0.00103779895997685,FALSE,FALSE,FALSE,TRUE,FALSE,"Non-significant / other",,,
"TCONS_00073900","XLOC_013451","RHOF",,,,,,,FALSE,,"XLOC_013451","RHOF",-0.0206666666666667,0.0206666666666667,0.320197170453822,0.00103779895997685,FALSE,FALSE,FALSE,TRUE,FALSE,"Non-significant / other",,,
"TCONS_00073903","XLOC_013451","RHOF",,,,,,,FALSE,,"XLOC_013451","RHOF",-0.142233333333333,0.142233333333333,0.0135119648839613,0.00103779895997685,FALSE,FALSE,FALSE,TRUE,FALSE,"Non-significant / other",,,
"TCONS_00073904","XLOC_013451","RHOF",,,,,,,FALSE,,"XLOC_013451","RHOF",-0.0091,0.0091,0.814180341631834,0.00103779895997685,FALSE,FALSE,FALSE,TRUE,FALSE,"Non-significant / other",,,
"TCONS_00073908","XLOC_013451","RHOF",,,,,,,FALSE,,"XLOC_013451","RHOF",0.00296666666666667,0.00296666666666667,1,0.00103779895997685,FALSE,FALSE,FALSE,TRUE,FALSE,"Non-significant / other",,,
"TCONS_00073909","XLOC_013451","RHOF",,,,,,,FALSE,,"XLOC_013451","RHOF",-0.0399,0.0399,0.878339017020807,0.00103779895997685,FALSE,FALSE,FALSE,TRUE,FALSE,"Non-significant / other",,,
"TCONS_00073910","XLOC_013451","RHOF",,,,,,,FALSE,,"XLOC_013451","RHOF",-0.0135,0.0135,0.916697777098984,0.00103779895997685,FALSE,FALSE,FALSE,TRUE,FALSE,"Non-significant / other",,,
"TCONS_00073913","XLOC_013451","RHOF",,,,,,,FALSE,,"XLOC_013451","RHOF",-0.0122333333333333,0.0122333333333333,0.84328432450004,0.00103779895997685,FALSE,FALSE,FALSE,TRUE,FALSE,"Non-significant / other",,,
"TCONS_00077812","XLOC_013451","RHOF",,,,,,,FALSE,,"XLOC_013451","RHOF",-0.0444333333333333,0.0444333333333333,0.789689883128208,0.00103779895997685,FALSE,TRUE,FALSE,TRUE,FALSE,"Non-significant / other",,,
"TCONS_00077814","XLOC_013451","RHOF",,,,,,,FALSE,,"XLOC_013451","RHOF",-0.0029,0.0029,0.995607448736672,0.00103779895997685,FALSE,TRUE,FALSE,TRUE,FALSE,"Non-significant / other",,,
"TCONS_00077815","XLOC_013451","RHOF",,,,,,,FALSE,,"XLOC_013451","RHOF",-0.0126,0.0126,0.987146955700685,0.00103779895997685,FALSE,TRUE,FALSE,TRUE,FALSE,"Non-significant / other",,,
"TCONS_00077816","XLOC_013451","RHOF",,,,,,,FALSE,,"XLOC_013451","RHOF",0.0322,0.0322,0.564864529013622,0.00103779895997685,FALSE,TRUE,FALSE,TRUE,FALSE,"Non-significant / other",,,
"TCONS_00078764","XLOC_013667","MIPEPP3",,,,,,,FALSE,,"XLOC_013667","MIPEPP3",0.149333333333333,0.149333333333333,0.182711410392094,0.0111525154795866,FALSE,FALSE,FALSE,TRUE,FALSE,"Non-significant / other",,,
"TCONS_00078765","XLOC_013667","MIPEPP3",,,,,,,FALSE,,"XLOC_013667","MIPEPP3",-0.0349,0.0349,0.976998645722529,0.0111525154795866,FALSE,FALSE,FALSE,TRUE,FALSE,"Non-significant / other",,,
"TCONS_00078766","XLOC_013667","MIPEPP3",,,,,,,FALSE,,"XLOC_013667","MIPEPP3",-0.0022,0.0022,1,0.0111525154795866,FALSE,FALSE,FALSE,TRUE,FALSE,"Non-significant / other",,,
"TCONS_00083182","XLOC_013667","MIPEPP3",,,,,,,FALSE,,"XLOC_013667","MIPEPP3",-0.258133333333333,0.258133333333333,0.0111525154795866,0.0111525154795866,TRUE,TRUE,FALSE,TRUE,FALSE,"U-significant / missing in T",,,
"TCONS_00083864","XLOC_013667","MIPEPP3",,,,,,,FALSE,,"XLOC_013667","MIPEPP3",0.145866666666667,0.145866666666667,0.623053183234611,0.0111525154795866,FALSE,TRUE,FALSE,TRUE,FALSE,"Non-significant / other",,,
"TCONS_00081821","XLOC_014548","KBTBD7",,,,,,,FALSE,,"XLOC_014548","KBTBD7",0.0524333333333334,0.0524333333333334,0.979794798445522,3.72679269627921e-06,FALSE,FALSE,FALSE,TRUE,FALSE,"Non-significant / other",,,
"TCONS_00083447","XLOC_014548","KBTBD7",,,,,,,FALSE,,"XLOC_014548","KBTBD7",-0.0391666666666667,0.0391666666666667,1,3.72679269627921e-06,FALSE,TRUE,FALSE,TRUE,FALSE,"Non-significant / other",,,
"TCONS_00084179","XLOC_014548","KBTBD7",,,,,,,FALSE,,"XLOC_014548","KBTBD7",0.159833333333333,0.159833333333333,0.698255905120847,3.72679269627921e-06,FALSE,TRUE,FALSE,TRUE,FALSE,"Non-significant / other",,,
"TCONS_00084646","XLOC_014548","KBTBD7",,,,,,,FALSE,,"XLOC_014548","KBTBD7",-0.1731,0.1731,3.72679269627921e-06,3.72679269627921e-06,TRUE,TRUE,FALSE,TRUE,FALSE,"U-significant / missing in T",,,
"TCONS_00084936","XLOC_015074","ANG",,,,,,,FALSE,,"XLOC_015074","ANG",0.0441666666666667,0.0441666666666667,0.989014180580543,0.000307541401859373,FALSE,FALSE,FALSE,TRUE,FALSE,"Non-significant / other",,,
"TCONS_00084937","XLOC_015074","ANG",,,,,,,FALSE,,"XLOC_015074","ANG",0.0337666666666667,0.0337666666666667,1,0.000307541401859373,FALSE,FALSE,FALSE,TRUE,FALSE,"Non-significant / other",,,
"TCONS_00084938","XLOC_015074","ANG",,,,,,,FALSE,,"XLOC_015074","ANG",-0.256666666666667,0.256666666666667,0.000307541401859373,0.000307541401859373,TRUE,FALSE,FALSE,TRUE,FALSE,"U-significant / missing in T",,,
"TCONS_00084939","XLOC_015074","ANG",,,,,,,FALSE,,"XLOC_015074","ANG",-0.0300666666666667,0.0300666666666667,0.989705381373525,0.000307541401859373,FALSE,FALSE,FALSE,TRUE,FALSE,"Non-significant / other",,,
"TCONS_00084942","XLOC_015074","ANG",,,,,,,FALSE,,"XLOC_015074","ANG",0.182533333333333,0.182533333333333,0.970792579313466,0.000307541401859373,FALSE,FALSE,FALSE,TRUE,FALSE,"Non-significant / other",,,
"TCONS_00095734","XLOC_015074","ANG",,,,,,,FALSE,,"XLOC_015074","ANG",0.0263,0.0263,0.987079186366041,0.000307541401859373,FALSE,TRUE,FALSE,TRUE,FALSE,"Non-significant / other",,,
"TCONS_00091500","XLOC_016521","TRMT5",,,,,,,FALSE,,"XLOC_016521","TRMT5",0.0796666666666667,0.0796666666666667,0.86593573160101,0.000935919495501593,FALSE,FALSE,FALSE,TRUE,FALSE,"Non-significant / other",,,
"TCONS_00091501","XLOC_016521","TRMT5",,,,,,,FALSE,,"XLOC_016521","TRMT5",-0.151766666666667,0.151766666666667,0.351378715772039,0.000935919495501593,FALSE,FALSE,FALSE,TRUE,FALSE,"Non-significant / other",,,
"TCONS_00094219","XLOC_016521","TRMT5",,,,,,,FALSE,,"XLOC_016521","TRMT5",0.00536666666666667,0.00536666666666667,0.995607448736672,0.000935919495501593,FALSE,TRUE,FALSE,TRUE,FALSE,"Non-significant / other",,,
"TCONS_00094220","XLOC_016521","TRMT5",,,,,,,FALSE,,"XLOC_016521","TRMT5",-0.0027,0.0027,1,0.000935919495501593,FALSE,TRUE,FALSE,TRUE,FALSE,"Non-significant / other",,,
"TCONS_00094224","XLOC_016521","TRMT5",,,,,,,FALSE,,"XLOC_016521","TRMT5",-0.00716666666666665,0.00716666666666665,1,0.000935919495501593,FALSE,TRUE,FALSE,TRUE,FALSE,"Non-significant / other",,,
"TCONS_00095584","XLOC_016521","TRMT5",,,,,,,FALSE,,"XLOC_016521","TRMT5",0.0058,0.0058,0.988207117223667,0.000935919495501593,FALSE,TRUE,FALSE,TRUE,FALSE,"Non-significant / other",,,
"TCONS_00095585","XLOC_016521","TRMT5",,,,,,,FALSE,,"XLOC_016521","TRMT5",0.0186,0.0186,0.860959434165151,0.000935919495501593,FALSE,TRUE,FALSE,TRUE,FALSE,"Non-significant / other",,,
"TCONS_00095587","XLOC_016521","TRMT5",,,,,,,FALSE,,"XLOC_016521","TRMT5",-0.00113333333333334,0.00113333333333334,1,0.000935919495501593,FALSE,TRUE,FALSE,TRUE,FALSE,"Non-significant / other",,,
"TCONS_00095589","XLOC_016521","TRMT5",,,,,,,FALSE,,"XLOC_016521","TRMT5",-0.0107333333333333,0.0107333333333333,0.893350719994068,0.000935919495501593,FALSE,TRUE,FALSE,TRUE,FALSE,"Non-significant / other",,,
"TCONS_00095590","XLOC_016521","TRMT5",,,,,,,FALSE,,"XLOC_016521","TRMT5",-0.0228666666666667,0.0228666666666667,0.934692277480763,0.000935919495501593,FALSE,TRUE,FALSE,TRUE,FALSE,"Non-significant / other",,,
"TCONS_00095591","XLOC_016521","TRMT5",,,,,,,FALSE,,"XLOC_016521","TRMT5",-0.0119666666666667,0.0119666666666667,0.98122007444023,0.000935919495501593,FALSE,TRUE,FALSE,TRUE,FALSE,"Non-significant / other",,,
"TCONS_00096193","XLOC_016521","TRMT5",,,,,,,FALSE,,"XLOC_016521","TRMT5",0.108033333333333,0.108033333333333,0.000935919495501593,0.000935919495501593,FALSE,TRUE,FALSE,TRUE,FALSE,"Non-significant / other",,,
"TCONS_00096194","XLOC_016521","TRMT5",,,,,,,FALSE,,"XLOC_016521","TRMT5",-0.00353333333333333,0.00353333333333333,0.928369002138319,0.000935919495501593,FALSE,TRUE,FALSE,TRUE,FALSE,"Non-significant / other",,,
"TCONS_00092001","XLOC_016675","ENTPD5",,,,,,,FALSE,,"XLOC_016675","ENTPD5",-0.00166666666666666,0.00166666666666666,1,1.06068307262071e-07,FALSE,FALSE,FALSE,TRUE,FALSE,"Non-significant / other",,,
"TCONS_00092003","XLOC_016675","ENTPD5",,,,,,,FALSE,,"XLOC_016675","ENTPD5",0.165666666666667,0.165666666666667,0.021401944117729,1.06068307262071e-07,TRUE,FALSE,FALSE,TRUE,FALSE,"U-significant / missing in T",,,
"TCONS_00092006","XLOC_016675","ENTPD5",,,,,,,FALSE,,"XLOC_016675","ENTPD5",-0.0236666666666667,0.0236666666666667,0.908350609824767,1.06068307262071e-07,FALSE,FALSE,FALSE,TRUE,FALSE,"Non-significant / other",,,
"TCONS_00094281","XLOC_016675","ENTPD5",,,,,,,FALSE,,"XLOC_016675","ENTPD5",0.0079,0.0079,0.92273285386759,1.06068307262071e-07,FALSE,TRUE,FALSE,TRUE,FALSE,"Non-significant / other",,,
"TCONS_00094282","XLOC_016675","ENTPD5",,,,,,,FALSE,,"XLOC_016675","ENTPD5",-0.00206666666666667,0.00206666666666667,0.990128204770429,1.06068307262071e-07,FALSE,TRUE,FALSE,TRUE,FALSE,"Non-significant / other",,,
"TCONS_00094772","XLOC_016675","ENTPD5",,,,,,,FALSE,,"XLOC_016675","ENTPD5",-0.1796,0.1796,1.06068307262071e-07,1.06068307262071e-07,TRUE,TRUE,FALSE,TRUE,FALSE,"U-significant / missing in T",,,
"TCONS_00094774","XLOC_016675","ENTPD5",,,,,,,FALSE,,"XLOC_016675","ENTPD5",0.000933333333333331,0.000933333333333331,1,1.06068307262071e-07,FALSE,TRUE,FALSE,TRUE,FALSE,"Non-significant / other",,,
"TCONS_00096219","XLOC_016675","ENTPD5",,,,,,,FALSE,,"XLOC_016675","ENTPD5",0.0263,0.0263,0.926252700075564,1.06068307262071e-07,FALSE,TRUE,FALSE,TRUE,FALSE,"Non-significant / other",,,
"TCONS_00092457","XLOC_016784","GALC",,,,,,,FALSE,,"XLOC_016784","GALC",-0.105233333333333,0.105233333333333,0.937227308254269,0.0475164612197171,FALSE,FALSE,FALSE,TRUE,FALSE,"Non-significant / other",,,
"TCONS_00092461","XLOC_016784","GALC",,,,,,,FALSE,,"XLOC_016784","GALC",-0.00683333333333333,0.00683333333333333,1,0.0475164612197171,FALSE,FALSE,FALSE,TRUE,FALSE,"Non-significant / other",,,
"TCONS_00092462","XLOC_016784","GALC",,,,,,,FALSE,,"XLOC_016784","GALC",-0.00133333333333333,0.00133333333333333,1,0.0475164612197171,FALSE,FALSE,FALSE,TRUE,FALSE,"Non-significant / other",,,
"TCONS_00092464","XLOC_016784","GALC",,,,,,,FALSE,,"XLOC_016784","GALC",0.166,0.166,0.0475164612197171,0.0475164612197171,TRUE,FALSE,FALSE,TRUE,FALSE,"U-significant / missing in T",,,
"TCONS_00092465","XLOC_016784","GALC",,,,,,,FALSE,,"XLOC_016784","GALC",-0.0119,0.0119,0.926981436064936,0.0475164612197171,FALSE,FALSE,FALSE,TRUE,FALSE,"Non-significant / other",,,
"TCONS_00092466","XLOC_016784","GALC",,,,,,,FALSE,,"XLOC_016784","GALC",-0.0222,0.0222,0.809196686170956,0.0475164612197171,FALSE,FALSE,FALSE,TRUE,FALSE,"Non-significant / other",,,
"TCONS_00094328","XLOC_016784","GALC",,,,,,,FALSE,,"XLOC_016784","GALC",0.0104666666666667,0.0104666666666667,0.967128753337111,0.0475164612197171,FALSE,TRUE,FALSE,TRUE,FALSE,"Non-significant / other",,,
"TCONS_00094329","XLOC_016784","GALC",,,,,,,FALSE,,"XLOC_016784","GALC",-0.00663333333333335,0.00663333333333335,1,0.0475164612197171,FALSE,TRUE,FALSE,TRUE,FALSE,"Non-significant / other",,,
"TCONS_00094330","XLOC_016784","GALC",,,,,,,FALSE,,"XLOC_016784","GALC",-0.0675,0.0675,0.903048011132418,0.0475164612197171,FALSE,TRUE,FALSE,TRUE,FALSE,"Non-significant / other",,,
"TCONS_00094332","XLOC_016784","GALC",,,,,,,FALSE,,"XLOC_016784","GALC",0.0113333333333333,0.0113333333333333,0.980553874233056,0.0475164612197171,FALSE,TRUE,FALSE,TRUE,FALSE,"Non-significant / other",,,
"TCONS_00094795","XLOC_016784","GALC",,,,,,,FALSE,,"XLOC_016784","GALC",0.0449,0.0449,0.968004094091463,0.0475164612197171,FALSE,TRUE,FALSE,TRUE,FALSE,"Non-significant / other",,,
"TCONS_00095675","XLOC_016784","GALC",,,,,,,FALSE,,"XLOC_016784","GALC",-0.00906666666666666,0.00906666666666666,0.96255287566666,0.0475164612197171,FALSE,TRUE,FALSE,TRUE,FALSE,"Non-significant / other",,,
"TCONS_00097958","XLOC_017541","SPATA5L1",,,,,,,FALSE,,"XLOC_017541","SPATA5L1",-0.1444,0.1444,0.0208465803223156,0.00285735176556711,FALSE,FALSE,FALSE,TRUE,FALSE,"Non-significant / other",,,
"TCONS_00097959","XLOC_017541","SPATA5L1",,,,,,,FALSE,,"XLOC_017541","SPATA5L1",0.0321333333333333,0.0321333333333333,0.453200471201118,0.00285735176556711,FALSE,FALSE,FALSE,TRUE,FALSE,"Non-significant / other",,,
"TCONS_00097960","XLOC_017541","SPATA5L1",,,,,,,FALSE,,"XLOC_017541","SPATA5L1",0.130066666666667,0.130066666666667,0.0777117459301189,0.00285735176556711,FALSE,FALSE,FALSE,TRUE,FALSE,"Non-significant / other",,,
"TCONS_00097961","XLOC_017541","SPATA5L1",,,,,,,FALSE,,"XLOC_017541","SPATA5L1",0.00456666666666667,0.00456666666666667,0.99018491563536,0.00285735176556711,FALSE,FALSE,FALSE,TRUE,FALSE,"Non-significant / other",,,
"TCONS_00097963","XLOC_017541","SPATA5L1",,,,,,,FALSE,,"XLOC_017541","SPATA5L1",-0.000399999999999998,0.000399999999999998,1,0.00285735176556711,FALSE,FALSE,FALSE,TRUE,FALSE,"Non-significant / other",,,
"TCONS_00106004","XLOC_017541","SPATA5L1",,,,,,,FALSE,,"XLOC_017541","SPATA5L1",-0.0861,0.0861,0.00285735176556711,0.00285735176556711,FALSE,TRUE,FALSE,TRUE,FALSE,"Non-significant / other",,,
"TCONS_00106414","XLOC_017541","SPATA5L1",,,,,,,FALSE,,"XLOC_017541","SPATA5L1",0.00259999999999999,0.00259999999999999,1,0.00285735176556711,FALSE,TRUE,FALSE,TRUE,FALSE,"Non-significant / other",,,
"TCONS_00106415","XLOC_017541","SPATA5L1",,,,,,,FALSE,,"XLOC_017541","SPATA5L1",0.0648666666666667,0.0648666666666667,0.870434038742955,0.00285735176556711,FALSE,TRUE,FALSE,TRUE,FALSE,"Non-significant / other",,,
"TCONS_00098381","XLOC_017653","AQP9",,,,,,,FALSE,,"XLOC_017653","AQP9",-0.201933333333333,0.201933333333333,0.0382708416554627,1.67492245634786e-08,TRUE,TRUE,FALSE,TRUE,FALSE,"U-significant / missing in T",,,
"TCONS_00098382","XLOC_017653","AQP9",,,,,,,FALSE,,"XLOC_017653","AQP9",-0.180766666666667,0.180766666666667,0.226695370785679,1.67492245634786e-08,FALSE,FALSE,FALSE,TRUE,FALSE,"Non-significant / other",,,
"TCONS_00098383","XLOC_017653","AQP9",,,,,,,FALSE,,"XLOC_017653","AQP9",0.324266666666667,0.324266666666667,1.67492245634786e-08,1.67492245634786e-08,TRUE,FALSE,FALSE,TRUE,FALSE,"U-significant / missing in T",,,
"TCONS_00106032","XLOC_017653","AQP9",,,,,,,FALSE,,"XLOC_017653","AQP9",0.0507,0.0507,0.039608757011457,1.67492245634786e-08,FALSE,TRUE,FALSE,TRUE,FALSE,"Non-significant / other",,,
"TCONS_00099163","XLOC_017830","ISLR",,,,,,,FALSE,,"XLOC_017830","ISLR",-0.0303,0.0303,1,0.0343799709963274,FALSE,FALSE,FALSE,TRUE,FALSE,"Non-significant / other",,,
"TCONS_00099166","XLOC_017830","ISLR",,,,,,,FALSE,,"XLOC_017830","ISLR",-0.147533333333333,0.147533333333333,0.641584198895136,0.0343799709963274,FALSE,FALSE,FALSE,TRUE,FALSE,"Non-significant / other",,,
"TCONS_00105358","XLOC_017830","ISLR",,,,,,,FALSE,,"XLOC_017830","ISLR",0.177833333333333,0.177833333333333,0.0343799709963274,0.0343799709963274,TRUE,TRUE,FALSE,TRUE,FALSE,"U-significant / missing in T",,,
"TCONS_00115798","XLOC_020854","NUPR1",,,,,,,FALSE,,"XLOC_020854","NUPR1",-0.0190666666666667,0.0190666666666667,0.697253288286789,0.00385695661216565,FALSE,FALSE,FALSE,TRUE,FALSE,"Non-significant / other",,,
"TCONS_00115801","XLOC_020854","NUPR1",,,,,,,FALSE,,"XLOC_020854","NUPR1",-0.165966666666667,0.165966666666667,0.00385695661216565,0.00385695661216565,TRUE,TRUE,FALSE,TRUE,FALSE,"U-significant / missing in T",,,
"TCONS_00115802","XLOC_020854","NUPR1",,,,,,,FALSE,,"XLOC_020854","NUPR1",-0.000733333333333334,0.000733333333333334,1,0.00385695661216565,FALSE,FALSE,FALSE,TRUE,FALSE,"Non-significant / other",,,
"TCONS_00115814","XLOC_020854","NUPR1",,,,,,,FALSE,,"XLOC_020854","NUPR1",0.165066666666667,0.165066666666667,0.182333624451606,0.00385695661216565,FALSE,FALSE,FALSE,TRUE,FALSE,"Non-significant / other",,,
"TCONS_00115818","XLOC_020854","NUPR1",,,,,,,FALSE,,"XLOC_020854","NUPR1",0.000400000000000001,0.000400000000000001,1,0.00385695661216565,FALSE,FALSE,FALSE,TRUE,FALSE,"Non-significant / other",,,
"TCONS_00115820","XLOC_020854","NUPR1",,,,,,,FALSE,,"XLOC_020854","NUPR1",-0.00523333333333333,0.00523333333333333,0.983399061410734,0.00385695661216565,FALSE,FALSE,FALSE,TRUE,FALSE,"Non-significant / other",,,
"TCONS_00115821","XLOC_020854","NUPR1",,,,,,,FALSE,,"XLOC_020854","NUPR1",0.0186,0.0186,0.901282225047131,0.00385695661216565,FALSE,FALSE,FALSE,TRUE,FALSE,"Non-significant / other",,,
"TCONS_00120534","XLOC_020854","NUPR1",,,,,,,FALSE,,"XLOC_020854","NUPR1",0.0166333333333333,0.0166333333333333,0.92273285386759,0.00385695661216565,FALSE,TRUE,FALSE,TRUE,FALSE,"Non-significant / other",,,
"TCONS_00116099","XLOC_020932","ENSG00000261840",,,,,,,FALSE,,"XLOC_020932","ENSG00000261840",-0.0702,0.0702,0.977508544046713,0.000686537097249809,FALSE,FALSE,FALSE,TRUE,FALSE,"Non-significant / other",,,
"TCONS_00116100","XLOC_020932","ENSG00000261840",,,,,,,FALSE,,"XLOC_020932","ENSG00000261840",-0.182233333333333,0.182233333333333,0.000686537097249809,0.000686537097249809,TRUE,TRUE,FALSE,TRUE,FALSE,"U-significant / missing in T",,,
"TCONS_00116101","XLOC_020932","ENSG00000261840",,,,,,,FALSE,,"XLOC_020932","ENSG00000261840",0.110633333333333,0.110633333333333,0.978251690417206,0.000686537097249809,FALSE,FALSE,FALSE,TRUE,FALSE,"Non-significant / other",,,
"TCONS_00120545","XLOC_020932","ENSG00000261840",,,,,,,FALSE,,"XLOC_020932","ENSG00000261840",-0.0693333333333333,0.0693333333333333,0.990128204770429,0.000686537097249809,FALSE,TRUE,FALSE,TRUE,FALSE,"Non-significant / other",,,
"TCONS_00121065","XLOC_020932","ENSG00000261840",,,,,,,FALSE,,"XLOC_020932","ENSG00000261840",0.2111,0.2111,0.9830389336164,0.000686537097249809,FALSE,TRUE,FALSE,TRUE,FALSE,"Non-significant / other",,,
"TCONS_00123918","XLOC_022219","TADA2A",,,,,,,FALSE,,"XLOC_022219","TADA2A",-0.0134666666666667,0.0134666666666667,0.970822856750795,0.000722877723886505,FALSE,FALSE,FALSE,TRUE,FALSE,"Non-significant / other",,,
"TCONS_00123920","XLOC_022219","TADA2A",,,,,,,FALSE,,"XLOC_022219","TADA2A",-0.108966666666667,0.108966666666667,0.560175879679722,0.000722877723886505,FALSE,FALSE,FALSE,TRUE,FALSE,"Non-significant / other",,,
"TCONS_00123922","XLOC_022219","TADA2A",,,,,,,FALSE,,"XLOC_022219","TADA2A",0.136333333333333,0.136333333333333,0.000722877723886505,0.000722877723886505,FALSE,TRUE,FALSE,TRUE,FALSE,"Non-significant / other",,,
"TCONS_00123923","XLOC_022219","TADA2A",,,,,,,FALSE,,"XLOC_022219","TADA2A",0.0062,0.0062,0.990750118490409,0.000722877723886505,FALSE,FALSE,FALSE,TRUE,FALSE,"Non-significant / other",,,
"TCONS_00123928","XLOC_022219","TADA2A",,,,,,,FALSE,,"XLOC_022219","TADA2A",-0.00323333333333333,0.00323333333333333,1,0.000722877723886505,FALSE,FALSE,FALSE,TRUE,FALSE,"Non-significant / other",,,
"TCONS_00135398","XLOC_022219","TADA2A",,,,,,,FALSE,,"XLOC_022219","TADA2A",0.0238,0.0238,0.988292988043654,0.000722877723886505,FALSE,TRUE,FALSE,TRUE,FALSE,"Non-significant / other",,,
"TCONS_00135399","XLOC_022219","TADA2A",,,,,,,FALSE,,"XLOC_022219","TADA2A",0.0084,0.0084,0.979252005404395,0.000722877723886505,FALSE,TRUE,FALSE,TRUE,FALSE,"Non-significant / other",,,
"TCONS_00135400","XLOC_022219","TADA2A",,,,,,,FALSE,,"XLOC_022219","TADA2A",-0.0038,0.0038,0.990128204770429,0.000722877723886505,FALSE,TRUE,FALSE,TRUE,FALSE,"Non-significant / other",,,
"TCONS_00135401","XLOC_022219","TADA2A",,,,,,,FALSE,,"XLOC_022219","TADA2A",-0.00540000000000002,0.00540000000000002,1,0.000722877723886505,FALSE,TRUE,FALSE,TRUE,FALSE,"Non-significant / other",,,
"TCONS_00136457","XLOC_022219","TADA2A",,,,,,,FALSE,,"XLOC_022219","TADA2A",-0.00756666666666667,0.00756666666666667,0.969761096669615,0.000722877723886505,FALSE,TRUE,FALSE,TRUE,FALSE,"Non-significant / other",,,
"TCONS_00137035","XLOC_022219","TADA2A",,,,,,,FALSE,,"XLOC_022219","TADA2A",-0.00463333333333333,0.00463333333333333,0.97238080373476,0.000722877723886505,FALSE,TRUE,FALSE,TRUE,FALSE,"Non-significant / other",,,
"TCONS_00137913","XLOC_022219","TADA2A",,,,,,,FALSE,,"XLOC_022219","TADA2A",-0.0155333333333333,0.0155333333333333,0.979096630296865,0.000722877723886505,FALSE,TRUE,FALSE,TRUE,FALSE,"Non-significant / other",,,
"TCONS_00128134","XLOC_022990","SLC43A2",,,,,,,FALSE,,"XLOC_022990","SLC43A2",0.1561,0.1561,2.96573636400851e-07,2.96573636400851e-07,TRUE,FALSE,FALSE,TRUE,FALSE,"U-significant / missing in T",,,
"TCONS_00128135","XLOC_022990","SLC43A2",,,,,,,FALSE,,"XLOC_022990","SLC43A2",-0.0602333333333334,0.0602333333333334,0.860798736851125,2.96573636400851e-07,FALSE,FALSE,FALSE,TRUE,FALSE,"Non-significant / other",,,
"TCONS_00128136","XLOC_022990","SLC43A2",,,,,,,FALSE,,"XLOC_022990","SLC43A2",-0.1065,0.1065,0.158825840665567,2.96573636400851e-07,FALSE,FALSE,FALSE,TRUE,FALSE,"Non-significant / other",,,
"TCONS_00128138","XLOC_022990","SLC43A2",,,,,,,FALSE,,"XLOC_022990","SLC43A2",0.0126666666666667,0.0126666666666667,0.84175887335536,2.96573636400851e-07,FALSE,FALSE,FALSE,TRUE,FALSE,"Non-significant / other",,,
"TCONS_00128139","XLOC_022990","SLC43A2",,,,,,,FALSE,,"XLOC_022990","SLC43A2",-0.0025,0.0025,0.988588853578776,2.96573636400851e-07,FALSE,FALSE,FALSE,TRUE,FALSE,"Non-significant / other",,,
"TCONS_00128140","XLOC_022990","SLC43A2",,,,,,,FALSE,,"XLOC_022990","SLC43A2",-0.00916666666666667,0.00916666666666667,0.941542176936625,2.96573636400851e-07,FALSE,FALSE,FALSE,TRUE,FALSE,"Non-significant / other",,,
"TCONS_00128141","XLOC_022990","SLC43A2",,,,,,,FALSE,,"XLOC_022990","SLC43A2",-0.00263333333333333,0.00263333333333333,1,2.96573636400851e-07,FALSE,FALSE,FALSE,TRUE,FALSE,"Non-significant / other",,,
"TCONS_00128553","XLOC_023081","ZNF232",,,,,,,FALSE,,"XLOC_023081","ZNF232",-0.00266666666666667,0.00266666666666667,0.988265063987165,0.000252034537262532,FALSE,FALSE,FALSE,TRUE,FALSE,"Non-significant / other",,,
"TCONS_00128554","XLOC_023081","ZNF232",,,,,,,FALSE,,"XLOC_023081","ZNF232",0.0041,0.0041,1,0.000252034537262532,FALSE,FALSE,FALSE,TRUE,FALSE,"Non-significant / other",,,
"TCONS_00128555","XLOC_023081","ZNF232",,,,,,,FALSE,,"XLOC_023081","ZNF232",-0.2246,0.2246,0.71844065281942,0.000252034537262532,FALSE,FALSE,FALSE,TRUE,FALSE,"Non-significant / other",,,
"TCONS_00128556","XLOC_023081","ZNF232",,,,,,,FALSE,,"XLOC_023081","ZNF232",0.0971,0.0971,0.000252034537262532,0.000252034537262532,FALSE,FALSE,FALSE,TRUE,FALSE,"Non-significant / other",,,
"TCONS_00128562","XLOC_023081","ZNF232",,,,,,,FALSE,,"XLOC_023081","ZNF232",0.015,0.015,0.965773173265661,0.000252034537262532,FALSE,FALSE,FALSE,TRUE,FALSE,"Non-significant / other",,,
"TCONS_00135856","XLOC_023081","ZNF232",,,,,,,FALSE,,"XLOC_023081","ZNF232",-0.0415666666666667,0.0415666666666667,0.808719854793315,0.000252034537262532,FALSE,TRUE,FALSE,TRUE,FALSE,"Non-significant / other",,,
"TCONS_00135857","XLOC_023081","ZNF232",,,,,,,FALSE,,"XLOC_023081","ZNF232",0.163733333333333,0.163733333333333,0.654953209186049,0.000252034537262532,FALSE,TRUE,FALSE,TRUE,FALSE,"Non-significant / other",,,
"TCONS_00137381","XLOC_023081","ZNF232",,,,,,,FALSE,,"XLOC_023081","ZNF232",0.0367333333333333,0.0367333333333333,1,0.000252034537262532,FALSE,TRUE,FALSE,TRUE,FALSE,"Non-significant / other",,,
"TCONS_00138149","XLOC_023081","ZNF232",,,,,,,FALSE,,"XLOC_023081","ZNF232",-0.1155,0.1155,0.0452530908667563,0.000252034537262532,FALSE,TRUE,FALSE,TRUE,FALSE,"Non-significant / other",,,
"TCONS_00138151","XLOC_023081","ZNF232",,,,,,,FALSE,,"XLOC_023081","ZNF232",0.0708333333333333,0.0708333333333333,0.837480185230562,0.000252034537262532,FALSE,TRUE,FALSE,TRUE,FALSE,"Non-significant / other",,,
"TCONS_00138152","XLOC_023081","ZNF232",,,,,,,FALSE,,"XLOC_023081","ZNF232",0.0147666666666667,0.0147666666666667,1,0.000252034537262532,FALSE,TRUE,FALSE,TRUE,FALSE,"Non-significant / other",,,
"TCONS_00130168","XLOC_023416","PROCA1",,,,,,,FALSE,,"XLOC_023416","PROCA1",-0.00240000000000001,0.00240000000000001,0.99458793276619,0.0282331563617409,FALSE,FALSE,FALSE,TRUE,FALSE,"Non-significant / other",,,
"TCONS_00130169","XLOC_023416","PROCA1",,,,,,,FALSE,,"XLOC_023416","PROCA1",-0.1731,0.1731,0.952344273497243,0.0282331563617409,FALSE,FALSE,FALSE,TRUE,FALSE,"Non-significant / other",,,
"TCONS_00130170","XLOC_023416","PROCA1",,,,,,,FALSE,,"XLOC_023416","PROCA1",0.0245666666666667,0.0245666666666667,0.989705381373525,0.0282331563617409,FALSE,FALSE,FALSE,TRUE,FALSE,"Non-significant / other",,,
"TCONS_00130173","XLOC_023416","PROCA1",,,,,,,FALSE,,"XLOC_023416","PROCA1",0.103666666666667,0.103666666666667,0.0282331563617409,0.0282331563617409,FALSE,FALSE,FALSE,TRUE,FALSE,"Non-significant / other",,,
"TCONS_00130174","XLOC_023416","PROCA1",,,,,,,FALSE,,"XLOC_023416","PROCA1",-0.054,0.054,0.981170485656168,0.0282331563617409,FALSE,FALSE,FALSE,TRUE,FALSE,"Non-significant / other",,,
"TCONS_00130176","XLOC_023416","PROCA1",,,,,,,FALSE,,"XLOC_023416","PROCA1",0.00726666666666666,0.00726666666666666,1,0.0282331563617409,FALSE,FALSE,FALSE,TRUE,FALSE,"Non-significant / other",,,
"TCONS_00130178","XLOC_023416","PROCA1",,,,,,,FALSE,,"XLOC_023416","PROCA1",0.0935,0.0935,0.931189426806488,0.0282331563617409,FALSE,FALSE,FALSE,TRUE,FALSE,"Non-significant / other",,,
"TCONS_00144143","XLOC_025627","FSTL3",,,,,,,FALSE,,"XLOC_025627","FSTL3",0.437166666666667,0.437166666666667,1.78021485105411e-13,1.78021485105411e-13,TRUE,FALSE,FALSE,TRUE,FALSE,"U-significant / missing in T",,,
"TCONS_00144145","XLOC_025627","FSTL3",,,,,,,FALSE,,"XLOC_025627","FSTL3",-0.0144,0.0144,1,1.78021485105411e-13,FALSE,FALSE,FALSE,TRUE,FALSE,"Non-significant / other",,,
"TCONS_00144146","XLOC_025627","FSTL3",,,,,,,FALSE,,"XLOC_025627","FSTL3",-0.3737,0.3737,0.000101444613277964,1.78021485105411e-13,TRUE,FALSE,FALSE,TRUE,FALSE,"U-significant / missing in T",,,
"TCONS_00144147","XLOC_025627","FSTL3",,,,,,,FALSE,,"XLOC_025627","FSTL3",-0.0345333333333333,0.0345333333333333,0.891433304524622,1.78021485105411e-13,FALSE,FALSE,FALSE,TRUE,FALSE,"Non-significant / other",,,
"TCONS_00144149","XLOC_025627","FSTL3",,,,,,,FALSE,,"XLOC_025627","FSTL3",-0.0250333333333333,0.0250333333333333,0.888195804449086,1.78021485105411e-13,FALSE,FALSE,FALSE,TRUE,FALSE,"Non-significant / other",,,
"TCONS_00145891","XLOC_025951","MRI1",,,,,,,FALSE,,"XLOC_025951","MRI1",-0.104466666666667,0.104466666666667,0.548402398925095,0.0439427891434165,FALSE,FALSE,FALSE,TRUE,FALSE,"Non-significant / other",,,
"TCONS_00145892","XLOC_025951","MRI1",,,,,,,FALSE,,"XLOC_025951","MRI1",-0.0249,0.0249,0.977548413874365,0.0439427891434165,FALSE,FALSE,FALSE,TRUE,FALSE,"Non-significant / other",,,
"TCONS_00145893","XLOC_025951","MRI1",,,,,,,FALSE,,"XLOC_025951","MRI1",0.1299,0.1299,0.0439427891434165,0.0439427891434165,FALSE,FALSE,FALSE,TRUE,FALSE,"Non-significant / other",,,
"TCONS_00145894","XLOC_025951","MRI1",,,,,,,FALSE,,"XLOC_025951","MRI1",-0.00119999999999999,0.00119999999999999,1,0.0439427891434165,FALSE,FALSE,FALSE,TRUE,FALSE,"Non-significant / other",,,
"TCONS_00145896","XLOC_025951","MRI1",,,,,,,FALSE,,"XLOC_025951","MRI1",0.0027,0.0027,1,0.0439427891434165,FALSE,FALSE,FALSE,TRUE,FALSE,"Non-significant / other",,,
"TCONS_00150522","XLOC_026851","FCAR",,,,,,,FALSE,,"XLOC_026851","FCAR",0.1385,0.1385,0.791963903928159,0.00145814353464832,FALSE,TRUE,FALSE,TRUE,FALSE,"Non-significant / other",,,
"TCONS_00150523","XLOC_026851","FCAR",,,,,,,FALSE,,"XLOC_026851","FCAR",0.062,0.062,0.854984775849313,0.00145814353464832,FALSE,FALSE,FALSE,TRUE,FALSE,"Non-significant / other",,,
"TCONS_00150525","XLOC_026851","FCAR",,,,,,,FALSE,,"XLOC_026851","FCAR",0.0216666666666667,0.0216666666666667,0.986467234789445,0.00145814353464832,FALSE,FALSE,FALSE,TRUE,FALSE,"Non-significant / other",,,
"TCONS_00150527","XLOC_026851","FCAR",,,,,,,FALSE,,"XLOC_026851","FCAR",-0.106766666666667,0.106766666666667,0.940793905230096,0.00145814353464832,FALSE,FALSE,FALSE,TRUE,FALSE,"Non-significant / other",,,
"TCONS_00150528","XLOC_026851","FCAR",,,,,,,FALSE,,"XLOC_026851","FCAR",-0.0233333333333333,0.0233333333333333,0.972361462437259,0.00145814353464832,FALSE,FALSE,FALSE,TRUE,FALSE,"Non-significant / other",,,
"TCONS_00150529","XLOC_026851","FCAR",,,,,,,FALSE,,"XLOC_026851","FCAR",-0.125633333333333,0.125633333333333,0.00145814353464832,0.00145814353464832,FALSE,FALSE,FALSE,TRUE,FALSE,"Non-significant / other",,,
"TCONS_00150530","XLOC_026851","FCAR",,,,,,,FALSE,,"XLOC_026851","FCAR",-0.0445333333333333,0.0445333333333333,1,0.00145814353464832,FALSE,FALSE,FALSE,TRUE,FALSE,"Non-significant / other",,,
"TCONS_00150535","XLOC_026851","FCAR",,,,,,,FALSE,,"XLOC_026851","FCAR",0.0575,0.0575,0.799909170826277,0.00145814353464832,FALSE,FALSE,FALSE,TRUE,FALSE,"Non-significant / other",,,
"TCONS_00153686","XLOC_027400","IQCN",,,,,,,FALSE,,"XLOC_027400","IQCN",0.0870333333333334,0.0870333333333334,0.730100872831652,0.00351235648299829,FALSE,FALSE,FALSE,TRUE,FALSE,"Non-significant / other",,,
"TCONS_00153687","XLOC_027400","IQCN",,,,,,,FALSE,,"XLOC_027400","IQCN",0.0135333333333333,0.0135333333333333,0.979737018344796,0.00351235648299829,FALSE,FALSE,FALSE,TRUE,FALSE,"Non-significant / other",,,
"TCONS_00153689","XLOC_027400","IQCN",,,,,,,FALSE,,"XLOC_027400","IQCN",0.194466666666667,0.194466666666667,0.0600554053676174,0.00351235648299829,FALSE,FALSE,FALSE,TRUE,FALSE,"Non-significant / other",,,
"TCONS_00160022","XLOC_027400","IQCN",,,,,,,FALSE,,"XLOC_027400","IQCN",-0.3154,0.3154,0.00351235648299829,0.00351235648299829,TRUE,TRUE,FALSE,TRUE,FALSE,"U-significant / missing in T",,,
"TCONS_00166830","XLOC_029802","NAB1",,,,,,,FALSE,,"XLOC_029802","NAB1",-0.00146666666666666,0.00146666666666666,0.913421180255185,0.0115126038942418,FALSE,FALSE,FALSE,TRUE,FALSE,"Non-significant / other",,,
"TCONS_00166831","XLOC_029802","NAB1",,,,,,,FALSE,,"XLOC_029802","NAB1",0.0129,0.0129,0.851246121750865,0.0115126038942418,FALSE,FALSE,FALSE,TRUE,FALSE,"Non-significant / other",,,
"TCONS_00166832","XLOC_029802","NAB1",,,,,,,FALSE,,"XLOC_029802","NAB1",0.162833333333333,0.162833333333333,0.535660178827689,0.0115126038942418,FALSE,TRUE,FALSE,TRUE,FALSE,"Non-significant / other",,,
"TCONS_00166833","XLOC_029802","NAB1",,,,,,,FALSE,,"XLOC_029802","NAB1",-0.0171666666666667,0.0171666666666667,0.798795087651854,0.0115126038942418,FALSE,FALSE,FALSE,TRUE,FALSE,"Non-significant / other",,,
"TCONS_00166836","XLOC_029802","NAB1",,,,,,,FALSE,,"XLOC_029802","NAB1",-0.0108,0.0108,0.989014180580543,0.0115126038942418,FALSE,TRUE,FALSE,TRUE,FALSE,"Non-significant / other",,,
"TCONS_00166837","XLOC_029802","NAB1",,,,,,,FALSE,,"XLOC_029802","NAB1",0.0188,0.0188,0.479541481803403,0.0115126038942418,FALSE,FALSE,FALSE,TRUE,FALSE,"Non-significant / other",,,
"TCONS_00179001","XLOC_029802","NAB1",,,,,,,FALSE,,"XLOC_029802","NAB1",-0.00616666666666667,0.00616666666666667,0.92243368740017,0.0115126038942418,FALSE,TRUE,FALSE,TRUE,FALSE,"Non-significant / other",,,
"TCONS_00180606","XLOC_029802","NAB1",,,,,,,FALSE,,"XLOC_029802","NAB1",-0.0805,0.0805,0.270783085406662,0.0115126038942418,FALSE,TRUE,FALSE,TRUE,FALSE,"Non-significant / other",,,
"TCONS_00180607","XLOC_029802","NAB1",,,,,,,FALSE,,"XLOC_029802","NAB1",-0.125333333333333,0.125333333333333,0.0115126038942418,0.0115126038942418,FALSE,TRUE,FALSE,TRUE,FALSE,"Non-significant / other",,,
"TCONS_00181913","XLOC_029802","NAB1",,,,,,,FALSE,,"XLOC_029802","NAB1",0.0635,0.0635,0.870217651732574,0.0115126038942418,FALSE,TRUE,FALSE,TRUE,FALSE,"Non-significant / other",,,
"TCONS_00167839","XLOC_030040","SLC11A1",,,,,,,FALSE,,"XLOC_030040","SLC11A1",-0.00936666666666667,0.00936666666666667,0.799361910193854,0.0095241455619334,FALSE,FALSE,FALSE,TRUE,FALSE,"Non-significant / other",,,
"TCONS_00167840","XLOC_030040","SLC11A1",,,,,,,FALSE,,"XLOC_030040","SLC11A1",0.00183333333333333,0.00183333333333333,1,0.0095241455619334,FALSE,FALSE,FALSE,TRUE,FALSE,"Non-significant / other",,,
"TCONS_00167841","XLOC_030040","SLC11A1",,,,,,,FALSE,,"XLOC_030040","SLC11A1",-0.00913333333333333,0.00913333333333333,0.919005826103935,0.0095241455619334,FALSE,FALSE,FALSE,TRUE,FALSE,"Non-significant / other",,,
"TCONS_00167843","XLOC_030040","SLC11A1",,,,,,,FALSE,,"XLOC_030040","SLC11A1",0.0142333333333333,0.0142333333333333,0.981387169642105,0.0095241455619334,FALSE,FALSE,FALSE,TRUE,FALSE,"Non-significant / other",,,
"TCONS_00167844","XLOC_030040","SLC11A1",,,,,,,FALSE,,"XLOC_030040","SLC11A1",0.0167,0.0167,0.981170485656168,0.0095241455619334,FALSE,FALSE,FALSE,TRUE,FALSE,"Non-significant / other",,,
"TCONS_00167846","XLOC_030040","SLC11A1",,,,,,,FALSE,,"XLOC_030040","SLC11A1",-0.117,0.117,0.0396525575295302,0.0095241455619334,FALSE,FALSE,FALSE,TRUE,FALSE,"Non-significant / other",,,
"TCONS_00167850","XLOC_030040","SLC11A1",,,,,,,FALSE,,"XLOC_030040","SLC11A1",-0.0176333333333333,0.0176333333333333,0.617519005827131,0.0095241455619334,FALSE,FALSE,FALSE,TRUE,FALSE,"Non-significant / other",,,
"TCONS_00167852","XLOC_030040","SLC11A1",,,,,,,FALSE,,"XLOC_030040","SLC11A1",0.0106,0.0106,1,0.0095241455619334,FALSE,FALSE,FALSE,TRUE,FALSE,"Non-significant / other",,,
"TCONS_00167854","XLOC_030040","SLC11A1",,,,,,,FALSE,,"XLOC_030040","SLC11A1",-0.0193333333333333,0.0193333333333333,0.0095241455619334,0.0095241455619334,FALSE,FALSE,FALSE,TRUE,FALSE,"Non-significant / other",,,
"TCONS_00167855","XLOC_030040","SLC11A1",,,,,,,FALSE,,"XLOC_030040","SLC11A1",-0.0182666666666667,0.0182666666666667,0.743733519156181,0.0095241455619334,FALSE,FALSE,FALSE,TRUE,FALSE,"Non-significant / other",,,
"TCONS_00179170","XLOC_030040","SLC11A1",,,,,,,FALSE,,"XLOC_030040","SLC11A1",0.0121333333333333,0.0121333333333333,0.991731526947186,0.0095241455619334,FALSE,TRUE,FALSE,TRUE,FALSE,"Non-significant / other",,,
"TCONS_00179171","XLOC_030040","SLC11A1",,,,,,,FALSE,,"XLOC_030040","SLC11A1",-0.00646666666666667,0.00646666666666667,0.94775206261009,0.0095241455619334,FALSE,TRUE,FALSE,TRUE,FALSE,"Non-significant / other",,,
"TCONS_00179172","XLOC_030040","SLC11A1",,,,,,,FALSE,,"XLOC_030040","SLC11A1",0.00443333333333333,0.00443333333333333,0.983794460546659,0.0095241455619334,FALSE,TRUE,FALSE,TRUE,FALSE,"Non-significant / other",,,
"TCONS_00179173","XLOC_030040","SLC11A1",,,,,,,FALSE,,"XLOC_030040","SLC11A1",-0.0322333333333333,0.0322333333333333,0.723649882353975,0.0095241455619334,FALSE,TRUE,FALSE,TRUE,FALSE,"Non-significant / other",,,
"TCONS_00180683","XLOC_030040","SLC11A1",,,,,,,FALSE,,"XLOC_030040","SLC11A1",0.0561,0.0561,0.339200045056852,0.0095241455619334,FALSE,TRUE,FALSE,TRUE,FALSE,"Non-significant / other",,,
"TCONS_00180684","XLOC_030040","SLC11A1",,,,,,,FALSE,,"XLOC_030040","SLC11A1",0.128266666666667,0.128266666666667,0.106891712848048,0.0095241455619334,FALSE,TRUE,FALSE,TRUE,FALSE,"Non-significant / other",,,
"TCONS_00170405","XLOC_030529","CGREF1",,,,,,,FALSE,,"XLOC_030529","CGREF1",0.0225666666666667,0.0225666666666667,0.981170485656168,0.00351235648299829,FALSE,FALSE,FALSE,TRUE,FALSE,"Non-significant / other",,,
"TCONS_00170406","XLOC_030529","CGREF1",,,,,,,FALSE,,"XLOC_030529","CGREF1",-0.0301666666666667,0.0301666666666667,0.992534350387778,0.00351235648299829,FALSE,FALSE,FALSE,TRUE,FALSE,"Non-significant / other",,,
"TCONS_00170408","XLOC_030529","CGREF1",,,,,,,FALSE,,"XLOC_030529","CGREF1",-0.1971,0.1971,0.504179355156376,0.00351235648299829,FALSE,FALSE,FALSE,TRUE,FALSE,"Non-significant / other",,,
"TCONS_00170409","XLOC_030529","CGREF1",,,,,,,FALSE,,"XLOC_030529","CGREF1",0.239333333333333,0.239333333333333,0.00351235648299829,0.00351235648299829,TRUE,FALSE,FALSE,TRUE,FALSE,"U-significant / missing in T",,,
"TCONS_00170410","XLOC_030529","CGREF1",,,,,,,FALSE,,"XLOC_030529","CGREF1",-0.0532,0.0532,0.988265063987165,0.00351235648299829,FALSE,FALSE,FALSE,TRUE,FALSE,"Non-significant / other",,,
"TCONS_00170412","XLOC_030529","CGREF1",,,,,,,FALSE,,"XLOC_030529","CGREF1",0.0199666666666667,0.0199666666666667,0.971846844326053,0.00351235648299829,FALSE,FALSE,FALSE,TRUE,FALSE,"Non-significant / other",,,
"TCONS_00182267","XLOC_030548","RBKS",,,,,,,FALSE,,"XLOC_030548","RBKS",0.0581,0.0581,0.987079186366041,0.00127425782217146,FALSE,TRUE,FALSE,TRUE,FALSE,"Non-significant / other",,,
"TCONS_00171751","XLOC_030783","BCL11A",,,,,,,FALSE,,"XLOC_030783","BCL11A",-0.0111666666666667,0.0111666666666667,0.986747252775456,0.00491071332414216,FALSE,FALSE,FALSE,TRUE,FALSE,"Non-significant / other",,,
"TCONS_00171753","XLOC_030783","BCL11A",,,,,,,FALSE,,"XLOC_030783","BCL11A",0.0414333333333333,0.0414333333333333,0.589160208723045,0.00491071332414216,FALSE,FALSE,FALSE,TRUE,FALSE,"Non-significant / other",,,
"TCONS_00171755","XLOC_030783","BCL11A",,,,,,,FALSE,,"XLOC_030783","BCL11A",-0.154466666666667,0.154466666666667,0.504614584681504,0.00491071332414216,FALSE,FALSE,FALSE,TRUE,FALSE,"Non-significant / other",,,
"TCONS_00171758","XLOC_030783","BCL11A",,,,,,,FALSE,,"XLOC_030783","BCL11A",0.0185333333333333,0.0185333333333333,0.966701193959548,0.00491071332414216,FALSE,FALSE,FALSE,TRUE,FALSE,"Non-significant / other",,,
"TCONS_00171761","XLOC_030783","BCL11A",,,,,,,FALSE,,"XLOC_030783","BCL11A",0.0295666666666667,0.0295666666666667,1,0.00491071332414216,FALSE,FALSE,FALSE,TRUE,FALSE,"Non-significant / other",,,
"TCONS_00171763","XLOC_030783","BCL11A",,,,,,,FALSE,,"XLOC_030783","BCL11A",0.0580666666666667,0.0580666666666667,0.925720378619652,0.00491071332414216,FALSE,FALSE,FALSE,TRUE,FALSE,"Non-significant / other",,,
"TCONS_00171767","XLOC_030783","BCL11A",,,,,,,FALSE,,"XLOC_030783","BCL11A",0.119766666666667,0.119766666666667,0.00491071332414216,0.00491071332414216,FALSE,FALSE,FALSE,TRUE,FALSE,"Non-significant / other",,,
"TCONS_00171769","XLOC_030783","BCL11A",,,,,,,FALSE,,"XLOC_030783","BCL11A",-0.0216333333333333,0.0216333333333333,0.944328788677913,0.00491071332414216,FALSE,FALSE,FALSE,TRUE,FALSE,"Non-significant / other",,,
"TCONS_00171771","XLOC_030783","BCL11A",,,,,,,FALSE,,"XLOC_030783","BCL11A",-0.0135,0.0135,0.973469479200633,0.00491071332414216,FALSE,FALSE,FALSE,TRUE,FALSE,"Non-significant / other",,,
"TCONS_00171774","XLOC_030783","BCL11A",,,,,,,FALSE,,"XLOC_030783","BCL11A",-0.0258666666666667,0.0258666666666667,0.944687540006028,0.00491071332414216,FALSE,FALSE,FALSE,TRUE,FALSE,"Non-significant / other",,,
"TCONS_00180922","XLOC_030783","BCL11A",,,,,,,FALSE,,"XLOC_030783","BCL11A",-0.078,0.078,0.980958915657151,0.00491071332414216,FALSE,TRUE,FALSE,TRUE,FALSE,"Non-significant / other",,,
"TCONS_00180923","XLOC_030783","BCL11A",,,,,,,FALSE,,"XLOC_030783","BCL11A",0.0209,0.0209,0.984510862656485,0.00491071332414216,FALSE,TRUE,FALSE,TRUE,FALSE,"Non-significant / other",,,
"TCONS_00173601","XLOC_031205","MGAT4A",,,,,,,FALSE,,"XLOC_031205","MGAT4A",-0.0319,0.0319,0.991511737008847,0.000516752013785854,FALSE,FALSE,FALSE,TRUE,FALSE,"Non-significant / other",,,
"TCONS_00173717","XLOC_031217","CHST10",,,,,,,FALSE,,"XLOC_031217","CHST10",-0.0107,0.0107,0.989014180580543,0.00051192209405217,FALSE,FALSE,FALSE,TRUE,FALSE,"Non-significant / other",,,
"TCONS_00173723","XLOC_031217","CHST10",,,,,,,FALSE,,"XLOC_031217","CHST10",0.00506666666666667,0.00506666666666667,0.988265063987165,0.00051192209405217,FALSE,FALSE,FALSE,TRUE,FALSE,"Non-significant / other",,,
"TCONS_00173725","XLOC_031217","CHST10",,,,,,,FALSE,,"XLOC_031217","CHST10",0.00243333333333333,0.00243333333333333,1,0.00051192209405217,FALSE,FALSE,FALSE,TRUE,FALSE,"Non-significant / other",,,
"TCONS_00179824","XLOC_031217","CHST10",,,,,,,FALSE,,"XLOC_031217","CHST10",-0.267866666666667,0.267866666666667,0.018514471417919,0.00051192209405217,TRUE,TRUE,FALSE,TRUE,FALSE,"U-significant / missing in T",,,
"TCONS_00182589","XLOC_031217","CHST10",,,,,,,FALSE,,"XLOC_031217","CHST10",0.1479,0.1479,0.00051192209405217,0.00051192209405217,FALSE,TRUE,FALSE,TRUE,FALSE,"Non-significant / other",,,
"TCONS_00184035","XLOC_031217","CHST10",,,,,,,FALSE,,"XLOC_031217","CHST10",0.1185,0.1185,0.892899509494913,0.00051192209405217,FALSE,TRUE,FALSE,TRUE,FALSE,"Non-significant / other",,,
"TCONS_00175174","XLOC_031650","WDSUB1",,,,,,,FALSE,,"XLOC_031650","WDSUB1",0.0184666666666667,0.0184666666666667,0.95079614616712,0.0140014320173363,FALSE,FALSE,FALSE,TRUE,FALSE,"Non-significant / other",,,
"TCONS_00175175","XLOC_031650","WDSUB1",,,,,,,FALSE,,"XLOC_031650","WDSUB1",0.1218,0.1218,0.679830281778928,0.0140014320173363,FALSE,FALSE,FALSE,TRUE,FALSE,"Non-significant / other",,,
"TCONS_00175177","XLOC_031650","WDSUB1",,,,,,,FALSE,,"XLOC_031650","WDSUB1",0.0196666666666667,0.0196666666666667,0.940812672962161,0.0140014320173363,FALSE,FALSE,FALSE,TRUE,FALSE,"Non-significant / other",,,
"TCONS_00175178","XLOC_031650","WDSUB1",,,,,,,FALSE,,"XLOC_031650","WDSUB1",-0.0207333333333333,0.0207333333333333,0.97139012951773,0.0140014320173363,FALSE,FALSE,FALSE,TRUE,FALSE,"Non-significant / other",,,
"TCONS_00182749","XLOC_031650","WDSUB1",,,,,,,FALSE,,"XLOC_031650","WDSUB1",-0.0242,0.0242,1,0.0140014320173363,FALSE,TRUE,FALSE,TRUE,FALSE,"Non-significant / other",,,
"TCONS_00184143","XLOC_031650","WDSUB1",,,,,,,FALSE,,"XLOC_031650","WDSUB1",-0.00569999999999998,0.00569999999999998,1,0.0140014320173363,FALSE,TRUE,FALSE,TRUE,FALSE,"Non-significant / other",,,
"TCONS_00184144","XLOC_031650","WDSUB1",,,,,,,FALSE,,"XLOC_031650","WDSUB1",-0.118033333333333,0.118033333333333,0.0140014320173363,0.0140014320173363,FALSE,TRUE,FALSE,TRUE,FALSE,"Non-significant / other",,,
"TCONS_00177117","XLOC_032056","MREG",,,,,,,FALSE,,"XLOC_032056","MREG",-0.0243333333333333,0.0243333333333333,0.0209376080942553,6.41642409669184e-06,FALSE,FALSE,FALSE,TRUE,FALSE,"Non-significant / other",,,
"TCONS_00177123","XLOC_032056","MREG",,,,,,,FALSE,,"XLOC_032056","MREG",-0.0431666666666667,0.0431666666666667,0.660770823120934,6.41642409669184e-06,FALSE,FALSE,FALSE,TRUE,FALSE,"Non-significant / other",,,
"TCONS_00184951","XLOC_032481","RIN2",,,,,,,FALSE,,"XLOC_032481","RIN2",-0.00543333333333333,0.00543333333333333,0.990128204770429,0.000301325584856569,FALSE,FALSE,FALSE,TRUE,FALSE,"Non-significant / other",,,
"TCONS_00184959","XLOC_032481","RIN2",,,,,,,FALSE,,"XLOC_032481","RIN2",0.0309666666666667,0.0309666666666667,0.970699261633703,0.000301325584856569,FALSE,FALSE,FALSE,TRUE,FALSE,"Non-significant / other",,,
"TCONS_00192649","XLOC_033984","CBR3",,,,,,,FALSE,,"XLOC_033984","CBR3",-0.175933333333333,0.175933333333333,0.0175434358624711,0.0175434358624711,TRUE,FALSE,FALSE,TRUE,FALSE,"U-significant / missing in T",,,
"TCONS_00195577","XLOC_033984","CBR3",,,,,,,FALSE,,"XLOC_033984","CBR3",0.175933333333333,0.175933333333333,0.0253386371891993,0.0175434358624711,TRUE,TRUE,FALSE,TRUE,FALSE,"U-significant / missing in T",,,
"TCONS_00193233","XLOC_034110","ENSG00000272825",,,,,,,FALSE,,"XLOC_034110","ENSG00000272825",0.163166666666667,0.163166666666667,3.81030758430311e-11,3.81030758430311e-11,TRUE,TRUE,FALSE,TRUE,FALSE,"U-significant / missing in T",,,
"TCONS_00195595","XLOC_034110","ENSG00000272825",,,,,,,FALSE,,"XLOC_034110","ENSG00000272825",-0.163166666666667,0.163166666666667,9.51359322157752e-07,3.81030758430311e-11,TRUE,TRUE,FALSE,TRUE,FALSE,"U-significant / missing in T",,,
"TCONS_00195821","XLOC_034635","PEX26",,,,,,,FALSE,,"XLOC_034635","PEX26",-0.00923333333333333,0.00923333333333333,0.906041628114863,0.0139068652742631,FALSE,FALSE,FALSE,TRUE,FALSE,"Non-significant / other",,,
"TCONS_00195961","XLOC_034674","TANGO2",,,,,,,FALSE,,"XLOC_034674","TANGO2",0.0175666666666667,0.0175666666666667,0.979985031445639,0.0402810827001302,FALSE,FALSE,FALSE,TRUE,FALSE,"Non-significant / other",,,
"TCONS_00195964","XLOC_034674","TANGO2",,,,,,,FALSE,,"XLOC_034674","TANGO2",0.00673333333333333,0.00673333333333333,1,0.0402810827001302,FALSE,FALSE,FALSE,TRUE,FALSE,"Non-significant / other",,,
"TCONS_00195965","XLOC_034674","TANGO2",,,,,,,FALSE,,"XLOC_034674","TANGO2",0.00813333333333333,0.00813333333333333,0.978662687058021,0.0402810827001302,FALSE,FALSE,FALSE,TRUE,FALSE,"Non-significant / other",,,
"TCONS_00195966","XLOC_034674","TANGO2",,,,,,,FALSE,,"XLOC_034674","TANGO2",-0.0171666666666667,0.0171666666666667,0.620156750191236,0.0402810827001302,FALSE,FALSE,FALSE,TRUE,FALSE,"Non-significant / other",,,
"TCONS_00195967","XLOC_034674","TANGO2",,,,,,,FALSE,,"XLOC_034674","TANGO2",0.105866666666667,0.105866666666667,0.0402810827001302,0.0402810827001302,FALSE,FALSE,FALSE,TRUE,FALSE,"Non-significant / other",,,
"TCONS_00195969","XLOC_034674","TANGO2",,,,,,,FALSE,,"XLOC_034674","TANGO2",0.0256,0.0256,0.957406529265331,0.0402810827001302,FALSE,FALSE,FALSE,TRUE,FALSE,"Non-significant / other",,,
"TCONS_00195973","XLOC_034674","TANGO2",,,,,,,FALSE,,"XLOC_034674","TANGO2",0.000900000000000001,0.000900000000000001,1,0.0402810827001302,FALSE,FALSE,FALSE,TRUE,FALSE,"Non-significant / other",,,
"TCONS_00195975","XLOC_034674","TANGO2",,,,,,,FALSE,,"XLOC_034674","TANGO2",-0.0022,0.0022,1,0.0402810827001302,FALSE,FALSE,FALSE,TRUE,FALSE,"Non-significant / other",,,
"TCONS_00195979","XLOC_034674","TANGO2",,,,,,,FALSE,,"XLOC_034674","TANGO2",-0.00313333333333333,0.00313333333333333,0.971607268045118,0.0402810827001302,FALSE,FALSE,FALSE,TRUE,FALSE,"Non-significant / other",,,
"TCONS_00195980","XLOC_034674","TANGO2",,,,,,,FALSE,,"XLOC_034674","TANGO2",-0.109933333333333,0.109933333333333,0.991511737008847,0.0402810827001302,FALSE,FALSE,FALSE,TRUE,FALSE,"Non-significant / other",,,
"TCONS_00195981","XLOC_034674","TANGO2",,,,,,,FALSE,,"XLOC_034674","TANGO2",0.00106666666666667,0.00106666666666667,0.994650049001302,0.0402810827001302,FALSE,FALSE,FALSE,TRUE,FALSE,"Non-significant / other",,,
"TCONS_00200893","XLOC_034674","TANGO2",,,,,,,FALSE,,"XLOC_034674","TANGO2",0.00933333333333333,0.00933333333333333,0.937984431745292,0.0402810827001302,FALSE,TRUE,FALSE,TRUE,FALSE,"Non-significant / other",,,
"TCONS_00200894","XLOC_034674","TANGO2",,,,,,,FALSE,,"XLOC_034674","TANGO2",-0.0662,0.0662,0.893530742133739,0.0402810827001302,FALSE,TRUE,FALSE,TRUE,FALSE,"Non-significant / other",,,
"TCONS_00200895","XLOC_034674","TANGO2",,,,,,,FALSE,,"XLOC_034674","TANGO2",0.0190666666666667,0.0190666666666667,0.878865892816648,0.0402810827001302,FALSE,TRUE,FALSE,TRUE,FALSE,"Non-significant / other",,,
"TCONS_00200896","XLOC_034674","TANGO2",,,,,,,FALSE,,"XLOC_034674","TANGO2",0.00786666666666669,0.00786666666666669,1,0.0402810827001302,FALSE,TRUE,FALSE,TRUE,FALSE,"Non-significant / other",,,
"TCONS_00196541","XLOC_034870","SPECC1L",,,,,,,FALSE,,"XLOC_034870","SPECC1L",-0.307266666666667,0.307266666666667,1.85667411430426e-14,1.85667411430426e-14,TRUE,FALSE,FALSE,TRUE,FALSE,"U-significant / missing in T",,,
"TCONS_00196543","XLOC_034870","SPECC1L",,,,,,,FALSE,,"XLOC_034870","SPECC1L",-0.119333333333333,0.119333333333333,0.000730111378805352,1.85667411430426e-14,FALSE,FALSE,FALSE,TRUE,FALSE,"Non-significant / other",,,
"TCONS_00196544","XLOC_034870","SPECC1L",,,,,,,FALSE,,"XLOC_034870","SPECC1L",-0.0186,0.0186,0.384315063663497,1.85667411430426e-14,FALSE,FALSE,FALSE,TRUE,FALSE,"Non-significant / other",,,
"TCONS_00196553","XLOC_034870","SPECC1L",,,,,,,FALSE,,"XLOC_034870","SPECC1L",0.0372666666666667,0.0372666666666667,0.351632238357012,1.85667411430426e-14,FALSE,FALSE,FALSE,TRUE,FALSE,"Non-significant / other",,,
"TCONS_00200919","XLOC_034870","SPECC1L",,,,,,,FALSE,,"XLOC_034870","SPECC1L",0.1258,0.1258,1.24732023954975e-08,1.85667411430426e-14,FALSE,TRUE,FALSE,TRUE,FALSE,"Non-significant / other",,,
"TCONS_00200920","XLOC_034870","SPECC1L",,,,,,,FALSE,,"XLOC_034870","SPECC1L",0.143333333333333,0.143333333333333,5.49860859743414e-06,1.85667411430426e-14,FALSE,TRUE,FALSE,TRUE,FALSE,"Non-significant / other",,,
"TCONS_00201837","XLOC_034870","SPECC1L",,,,,,,FALSE,,"XLOC_034870","SPECC1L",0.114966666666667,0.114966666666667,0.523198698095323,1.85667411430426e-14,FALSE,TRUE,FALSE,TRUE,FALSE,"Non-significant / other",,,
"TCONS_00200269","XLOC_035703","POLR3H",,,,,,,FALSE,,"XLOC_035703","POLR3H",0.0209666666666666,0.0209666666666666,0.980958915657151,0.000770229846171572,FALSE,FALSE,FALSE,TRUE,FALSE,"Non-significant / other",,,
"TCONS_00200270","XLOC_035703","POLR3H",,,,,,,FALSE,,"XLOC_035703","POLR3H",-0.0208666666666667,0.0208666666666667,0.902779340874968,0.000770229846171572,FALSE,FALSE,FALSE,TRUE,FALSE,"Non-significant / other",,,
"TCONS_00200272","XLOC_035703","POLR3H",,,,,,,FALSE,,"XLOC_035703","POLR3H",-0.0093,0.0093,0.992001294022286,0.000770229846171572,FALSE,FALSE,FALSE,TRUE,FALSE,"Non-significant / other",,,
"TCONS_00200275","XLOC_035703","POLR3H",,,,,,,FALSE,,"XLOC_035703","POLR3H",-0.000600000000000003,0.000600000000000003,1,0.000770229846171572,FALSE,FALSE,FALSE,TRUE,FALSE,"Non-significant / other",,,
"TCONS_00201772","XLOC_035703","POLR3H",,,,,,,FALSE,,"XLOC_035703","POLR3H",-0.117366666666667,0.117366666666667,0.000770229846171572,0.000770229846171572,FALSE,TRUE,FALSE,TRUE,FALSE,"Non-significant / other",,,
"TCONS_00201998","XLOC_035703","POLR3H",,,,,,,FALSE,,"XLOC_035703","POLR3H",0.1225,0.1225,0.0772706094141608,0.000770229846171572,FALSE,TRUE,FALSE,TRUE,FALSE,"Non-significant / other",,,
"TCONS_00203727","XLOC_036091","WDR48",,,,,,,FALSE,,"XLOC_036091","WDR48",0.1976,0.1976,0.0161005551200124,3.16984236366862e-18,TRUE,TRUE,FALSE,TRUE,FALSE,"U-significant / missing in T",,,
"TCONS_00203733","XLOC_036091","WDR48",,,,,,,FALSE,,"XLOC_036091","WDR48",-0.0089,0.0089,0.98041524190658,3.16984236366862e-18,FALSE,FALSE,FALSE,TRUE,FALSE,"Non-significant / other",,,
"TCONS_00217616","XLOC_036091","WDR48",,,,,,,FALSE,,"XLOC_036091","WDR48",-0.0267666666666667,0.0267666666666667,0.989705381373525,3.16984236366862e-18,FALSE,TRUE,FALSE,TRUE,FALSE,"Non-significant / other",,,
"TCONS_00219036","XLOC_036091","WDR48",,,,,,,FALSE,,"XLOC_036091","WDR48",-0.0955,0.0955,0.304995842908747,3.16984236366862e-18,FALSE,TRUE,FALSE,TRUE,FALSE,"Non-significant / other",,,
"TCONS_00219850","XLOC_036091","WDR48",,,,,,,FALSE,,"XLOC_036091","WDR48",0.0178333333333333,0.0178333333333333,0.956688727286596,3.16984236366862e-18,FALSE,TRUE,FALSE,TRUE,FALSE,"Non-significant / other",,,
"TCONS_00221128","XLOC_036091","WDR48",,,,,,,FALSE,,"XLOC_036091","WDR48",-0.1214,0.1214,3.16984236366862e-18,3.16984236366862e-18,FALSE,TRUE,FALSE,TRUE,FALSE,"Non-significant / other",,,
"TCONS_00221129","XLOC_036091","WDR48",,,,,,,FALSE,,"XLOC_036091","WDR48",0.0137666666666667,0.0137666666666667,0.977508544046713,3.16984236366862e-18,FALSE,TRUE,FALSE,TRUE,FALSE,"Non-significant / other",,,
"TCONS_00205905","XLOC_036566","NXPE3",,,,,,,FALSE,,"XLOC_036566","NXPE3",-0.101966666666667,0.101966666666667,1.91570211182295e-09,1.22319290635195e-14,FALSE,FALSE,FALSE,TRUE,FALSE,"Non-significant / other",,,
"TCONS_00205911","XLOC_036566","NXPE3",,,,,,,FALSE,,"XLOC_036566","NXPE3",0.0208666666666667,0.0208666666666667,0.000859004868741646,1.22319290635195e-14,FALSE,FALSE,FALSE,TRUE,FALSE,"Non-significant / other",,,
"TCONS_00205912","XLOC_036566","NXPE3",,,,,,,FALSE,,"XLOC_036566","NXPE3",0.145766666666667,0.145766666666667,5.06100160246976e-05,1.22319290635195e-14,FALSE,FALSE,FALSE,TRUE,FALSE,"Non-significant / other",,,
"TCONS_00205914","XLOC_036566","NXPE3",,,,,,,FALSE,,"XLOC_036566","NXPE3",0.0639,0.0639,0.133027844083097,1.22319290635195e-14,FALSE,FALSE,FALSE,TRUE,FALSE,"Non-significant / other",,,
"TCONS_00205919","XLOC_036566","NXPE3",,,,,,,FALSE,,"XLOC_036566","NXPE3",-0.0232,0.0232,0.925549689435736,1.22319290635195e-14,FALSE,TRUE,FALSE,TRUE,FALSE,"Non-significant / other",,,
"TCONS_00205920","XLOC_036566","NXPE3",,,,,,,FALSE,,"XLOC_036566","NXPE3",0.00286666666666667,0.00286666666666667,0.961412195861879,1.22319290635195e-14,FALSE,TRUE,FALSE,TRUE,FALSE,"Non-significant / other",,,
"TCONS_00217859","XLOC_036566","NXPE3",,,,,,,FALSE,,"XLOC_036566","NXPE3",-0.0955666666666667,0.0955666666666667,1.61782971820209e-10,1.22319290635195e-14,FALSE,TRUE,FALSE,TRUE,FALSE,"Non-significant / other",,,
"TCONS_00217863","XLOC_036566","NXPE3",,,,,,,FALSE,,"XLOC_036566","NXPE3",-0.0112,0.0112,1,1.22319290635195e-14,FALSE,TRUE,FALSE,TRUE,FALSE,"Non-significant / other",,,
"TCONS_00217864","XLOC_036566","NXPE3",,,,,,,FALSE,,"XLOC_036566","NXPE3",0.0413666666666667,0.0413666666666667,0.703566654297494,1.22319290635195e-14,FALSE,TRUE,FALSE,TRUE,FALSE,"Non-significant / other",,,
"TCONS_00219152","XLOC_036566","NXPE3",,,,,,,FALSE,,"XLOC_036566","NXPE3",-0.126433333333333,0.126433333333333,1.22319290635195e-14,1.22319290635195e-14,FALSE,TRUE,FALSE,TRUE,FALSE,"Non-significant / other",,,
"TCONS_00219153","XLOC_036566","NXPE3",,,,,,,FALSE,,"XLOC_036566","NXPE3",-0.00556666666666667,0.00556666666666667,0.969415372461916,1.22319290635195e-14,FALSE,TRUE,FALSE,TRUE,FALSE,"Non-significant / other",,,
"TCONS_00219154","XLOC_036566","NXPE3",,,,,,,FALSE,,"XLOC_036566","NXPE3",0.1095,0.1095,0.754127745773938,1.22319290635195e-14,FALSE,TRUE,FALSE,TRUE,FALSE,"Non-significant / other",,,
"TCONS_00219156","XLOC_036566","NXPE3",,,,,,,FALSE,,"XLOC_036566","NXPE3",-0.00726666666666667,0.00726666666666667,0.893350719994068,1.22319290635195e-14,FALSE,TRUE,FALSE,TRUE,FALSE,"Non-significant / other",,,
"TCONS_00206170","XLOC_036631","NEPRO-AS1",,,,,,,FALSE,,"XLOC_036631","NEPRO-AS1",-0.0102666666666667,0.0102666666666667,0.983399061410734,0.0133925189266396,FALSE,FALSE,FALSE,TRUE,FALSE,"Non-significant / other",,,
"TCONS_00206171","XLOC_036631","NEPRO-AS1",,,,,,,FALSE,,"XLOC_036631","NEPRO-AS1",0.0044,0.0044,1,0.0133925189266396,FALSE,FALSE,FALSE,TRUE,FALSE,"Non-significant / other",,,
"TCONS_00206172","XLOC_036631","NEPRO-AS1",,,,,,,FALSE,,"XLOC_036631","NEPRO-AS1",-0.154066666666667,0.154066666666667,0.545351912946108,0.0133925189266396,FALSE,FALSE,FALSE,TRUE,FALSE,"Non-significant / other",,,
"TCONS_00206173","XLOC_036631","NEPRO-AS1",,,,,,,FALSE,,"XLOC_036631","NEPRO-AS1",-0.0390666666666667,0.0390666666666667,0.754625080885614,0.0133925189266396,FALSE,FALSE,FALSE,TRUE,FALSE,"Non-significant / other",,,
"TCONS_00206174","XLOC_036631","NEPRO-AS1",,,,,,,FALSE,,"XLOC_036631","NEPRO-AS1",0.1615,0.1615,0.0133925189266396,0.0133925189266396,TRUE,FALSE,FALSE,TRUE,FALSE,"U-significant / missing in T",,,
"TCONS_00220062","XLOC_036631","NEPRO-AS1",,,,,,,FALSE,,"XLOC_036631","NEPRO-AS1",0.0713,0.0713,0.950158715649288,0.0133925189266396,FALSE,TRUE,FALSE,TRUE,FALSE,"Non-significant / other",,,
"TCONS_00221277","XLOC_036631","NEPRO-AS1",,,,,,,FALSE,,"XLOC_036631","NEPRO-AS1",-0.0295333333333333,0.0295333333333333,0.8107914106397,0.0133925189266396,FALSE,TRUE,FALSE,TRUE,FALSE,"Non-significant / other",,,
"TCONS_00210659","XLOC_037485","HACL1",,,,,,,FALSE,,"XLOC_037485","HACL1",-0.00286666666666667,0.00286666666666667,0.998542008293684,0.000360843131633716,FALSE,TRUE,FALSE,TRUE,FALSE,"Non-significant / other",,,
"TCONS_00210663","XLOC_037485","HACL1",,,,,,,FALSE,,"XLOC_037485","HACL1",0.00116666666666667,0.00116666666666667,1,0.000360843131633716,FALSE,FALSE,FALSE,TRUE,FALSE,"Non-significant / other",,,
"TCONS_00210666","XLOC_037485","HACL1",,,,,,,FALSE,,"XLOC_037485","HACL1",0.00316666666666666,0.00316666666666666,0.990334639591299,0.000360843131633716,FALSE,FALSE,FALSE,TRUE,FALSE,"Non-significant / other",,,
"TCONS_00210667","XLOC_037485","HACL1",,,,,,,FALSE,,"XLOC_037485","HACL1",-0.0505333333333333,0.0505333333333333,0.59343699987114,0.000360843131633716,FALSE,FALSE,FALSE,TRUE,FALSE,"Non-significant / other",,,
"TCONS_00219410","XLOC_037485","HACL1",,,,,,,FALSE,,"XLOC_037485","HACL1",0.0023,0.0023,1,0.000360843131633716,FALSE,TRUE,FALSE,TRUE,FALSE,"Non-significant / other",,,
"TCONS_00220465","XLOC_037485","HACL1",,,,,,,FALSE,,"XLOC_037485","HACL1",-0.133833333333333,0.133833333333333,0.000360843131633716,0.000360843131633716,FALSE,TRUE,FALSE,TRUE,FALSE,"Non-significant / other",,,
"TCONS_00220466","XLOC_037485","HACL1",,,,,,,FALSE,,"XLOC_037485","HACL1",-0.0498,0.0498,0.632426400229735,0.000360843131633716,FALSE,TRUE,FALSE,TRUE,FALSE,"Non-significant / other",,,
"TCONS_00220467","XLOC_037485","HACL1",,,,,,,FALSE,,"XLOC_037485","HACL1",0.0340333333333333,0.0340333333333333,0.976762430377252,0.000360843131633716,FALSE,TRUE,FALSE,TRUE,FALSE,"Non-significant / other",,,
"TCONS_00220468","XLOC_037485","HACL1",,,,,,,FALSE,,"XLOC_037485","HACL1",-0.0589,0.0589,0.713476662234007,0.000360843131633716,FALSE,TRUE,FALSE,TRUE,FALSE,"Non-significant / other",,,
"TCONS_00221519","XLOC_037485","HACL1",,,,,,,FALSE,,"XLOC_037485","HACL1",0.1058,0.1058,0.540931324700995,0.000360843131633716,FALSE,TRUE,FALSE,TRUE,FALSE,"Non-significant / other",,,
"TCONS_00221520","XLOC_037485","HACL1",,,,,,,FALSE,,"XLOC_037485","HACL1",0.130366666666667,0.130366666666667,0.757718467101929,0.000360843131633716,FALSE,TRUE,FALSE,TRUE,FALSE,"Non-significant / other",,,
"TCONS_00221521","XLOC_037485","HACL1",,,,,,,FALSE,,"XLOC_037485","HACL1",0.0214666666666667,0.0214666666666667,0.96950963271574,0.000360843131633716,FALSE,TRUE,FALSE,TRUE,FALSE,"Non-significant / other",,,
"TCONS_00216168","XLOC_038616","RPL22P1",,,,,,,FALSE,,"XLOC_038616","RPL22P1",-0.155666666666667,0.155666666666667,0.000980455734391377,0.000246680512369658,TRUE,FALSE,FALSE,TRUE,FALSE,"U-significant / missing in T",,,
"TCONS_00218839","XLOC_038616","RPL22P1",,,,,,,FALSE,,"XLOC_038616","RPL22P1",0.155666666666667,0.155666666666667,0.000246680512369658,0.000246680512369658,TRUE,TRUE,FALSE,TRUE,FALSE,"U-significant / missing in T",,,
"TCONS_00226333","XLOC_040024","GUCY1B1",,,,,,,FALSE,,"XLOC_040024","GUCY1B1",-0.0418666666666667,0.0418666666666667,0.968887745426143,0.00434419163544725,FALSE,FALSE,FALSE,TRUE,FALSE,"Non-significant / other",,,
"TCONS_00226336","XLOC_040024","GUCY1B1",,,,,,,FALSE,,"XLOC_040024","GUCY1B1",-0.0641,0.0641,0.91049691763985,0.00434419163544725,FALSE,FALSE,FALSE,TRUE,FALSE,"Non-significant / other",,,
"TCONS_00226337","XLOC_040024","GUCY1B1",,,,,,,FALSE,,"XLOC_040024","GUCY1B1",0.1189,0.1189,0.00434419163544725,0.00434419163544725,FALSE,FALSE,FALSE,TRUE,FALSE,"Non-significant / other",,,
"TCONS_00233670","XLOC_040024","GUCY1B1",,,,,,,FALSE,,"XLOC_040024","GUCY1B1",-0.0232,0.0232,0.942729419690996,0.00434419163544725,FALSE,TRUE,FALSE,TRUE,FALSE,"Non-significant / other",,,
"TCONS_00234468","XLOC_040024","GUCY1B1",,,,,,,FALSE,,"XLOC_040024","GUCY1B1",-0.0413,0.0413,0.963222424897177,0.00434419163544725,FALSE,TRUE,FALSE,TRUE,FALSE,"Non-significant / other",,,
"TCONS_00234469","XLOC_040024","GUCY1B1",,,,,,,FALSE,,"XLOC_040024","GUCY1B1",0.163266666666667,0.163266666666667,0.898897081379287,0.00434419163544725,FALSE,TRUE,FALSE,TRUE,FALSE,"Non-significant / other",,,
"TCONS_00234470","XLOC_040024","GUCY1B1",,,,,,,FALSE,,"XLOC_040024","GUCY1B1",-0.105333333333333,0.105333333333333,0.926594086276514,0.00434419163544725,FALSE,TRUE,FALSE,TRUE,FALSE,"Non-significant / other",,,
"TCONS_00227089","XLOC_040226","LINC01060",,,,,,,FALSE,,"XLOC_040226","LINC01060",-0.0107666666666667,0.0107666666666667,1,0.00271177078826354,FALSE,FALSE,FALSE,TRUE,FALSE,"Non-significant / other",,,
"TCONS_00227090","XLOC_040226","LINC01060",,,,,,,FALSE,,"XLOC_040226","LINC01060",0.0427,0.0427,0.959205944935327,0.00271177078826354,FALSE,FALSE,FALSE,TRUE,FALSE,"Non-significant / other",,,
"TCONS_00227091","XLOC_040226","LINC01060",,,,,,,FALSE,,"XLOC_040226","LINC01060",0.0236333333333333,0.0236333333333333,0.989705381373525,0.00271177078826354,FALSE,FALSE,FALSE,TRUE,FALSE,"Non-significant / other",,,
"TCONS_00227092","XLOC_040226","LINC01060",,,,,,,FALSE,,"XLOC_040226","LINC01060",-0.110533333333333,0.110533333333333,0.00271177078826354,0.00271177078826354,FALSE,FALSE,FALSE,TRUE,FALSE,"Non-significant / other",,,
"TCONS_00227093","XLOC_040226","LINC01060",,,,,,,FALSE,,"XLOC_040226","LINC01060",-0.102033333333333,0.102033333333333,0.963222424897177,0.00271177078826354,FALSE,FALSE,FALSE,TRUE,FALSE,"Non-significant / other",,,
"TCONS_00227095","XLOC_040226","LINC01060",,,,,,,FALSE,,"XLOC_040226","LINC01060",0.101433333333333,0.101433333333333,0.0035451144512443,0.00271177078826354,FALSE,FALSE,FALSE,TRUE,FALSE,"Non-significant / other",,,
"TCONS_00227096","XLOC_040226","LINC01060",,,,,,,FALSE,,"XLOC_040226","LINC01060",0.0162333333333333,0.0162333333333333,0.998333156172005,0.00271177078826354,FALSE,FALSE,FALSE,TRUE,FALSE,"Non-significant / other",,,
"TCONS_00227098","XLOC_040226","LINC01060",,,,,,,FALSE,,"XLOC_040226","LINC01060",-0.0052,0.0052,1,0.00271177078826354,FALSE,FALSE,FALSE,TRUE,FALSE,"Non-significant / other",,,
"TCONS_00227100","XLOC_040226","LINC01060",,,,,,,FALSE,,"XLOC_040226","LINC01060",0.0019,0.0019,0.988265063987165,0.00271177078826354,FALSE,FALSE,FALSE,TRUE,FALSE,"Non-significant / other",,,
"TCONS_00227103","XLOC_040226","LINC01060",,,,,,,FALSE,,"XLOC_040226","LINC01060",-0.0372,0.0372,0.860630530621914,0.00271177078826354,FALSE,FALSE,FALSE,TRUE,FALSE,"Non-significant / other",,,
"TCONS_00227105","XLOC_040226","LINC01060",,,,,,,FALSE,,"XLOC_040226","LINC01060",-0.0648666666666667,0.0648666666666667,0.981170485656168,0.00271177078826354,FALSE,FALSE,FALSE,TRUE,FALSE,"Non-significant / other",,,
"TCONS_00227106","XLOC_040226","LINC01060",,,,,,,FALSE,,"XLOC_040226","LINC01060",0.0315333333333333,0.0315333333333333,0.990334639591299,0.00271177078826354,FALSE,FALSE,FALSE,TRUE,FALSE,"Non-significant / other",,,
"TCONS_00227108","XLOC_040226","LINC01060",,,,,,,FALSE,,"XLOC_040226","LINC01060",0.00176666666666667,0.00176666666666667,1,0.00271177078826354,FALSE,FALSE,FALSE,TRUE,FALSE,"Non-significant / other",,,
"TCONS_00232358","XLOC_040226","LINC01060",,,,,,,FALSE,,"XLOC_040226","LINC01060",0.00596666666666667,0.00596666666666667,0.992001956170672,0.00271177078826354,FALSE,TRUE,FALSE,TRUE,FALSE,"Non-significant / other",,,
"TCONS_00233724","XLOC_040226","LINC01060",,,,,,,FALSE,,"XLOC_040226","LINC01060",0.0633666666666667,0.0633666666666667,0.24760723039039,0.00271177078826354,FALSE,TRUE,FALSE,TRUE,FALSE,"Non-significant / other",,,
"TCONS_00230035","XLOC_041014","CASP6",,,,,,,FALSE,,"XLOC_041014","CASP6",-0.0291666666666667,0.0291666666666667,0.991488834723472,0.000151037124820606,FALSE,FALSE,FALSE,TRUE,FALSE,"Non-significant / other",,,
"TCONS_00230036","XLOC_041014","CASP6",,,,,,,FALSE,,"XLOC_041014","CASP6",-0.3327,0.3327,0.00468062272785959,0.000151037124820606,TRUE,FALSE,FALSE,TRUE,FALSE,"U-significant / missing in T",,,
"TCONS_00230037","XLOC_041014","CASP6",,,,,,,FALSE,,"XLOC_041014","CASP6",0.2581,0.2581,0.000151037124820606,0.000151037124820606,TRUE,FALSE,FALSE,TRUE,FALSE,"U-significant / missing in T",,,
"TCONS_00230038","XLOC_041014","CASP6",,,,,,,FALSE,,"XLOC_041014","CASP6",0.0442,0.0442,0.974489408697905,0.000151037124820606,FALSE,FALSE,FALSE,TRUE,FALSE,"Non-significant / other",,,
"TCONS_00230039","XLOC_041014","CASP6",,,,,,,FALSE,,"XLOC_041014","CASP6",0.0778,0.0778,0.932397636590221,0.000151037124820606,FALSE,FALSE,FALSE,TRUE,FALSE,"Non-significant / other",,,
"TCONS_00230041","XLOC_041014","CASP6",,,,,,,FALSE,,"XLOC_041014","CASP6",-0.0222,0.0222,0.965931863907408,0.000151037124820606,FALSE,FALSE,FALSE,TRUE,FALSE,"Non-significant / other",,,
"TCONS_00232622","XLOC_041014","CASP6",,,,,,,FALSE,,"XLOC_041014","CASP6",0.00393333333333333,0.00393333333333333,1,0.000151037124820606,FALSE,TRUE,FALSE,TRUE,FALSE,"Non-significant / other",,,
"TCONS_00236101","XLOC_041899","PELO",,,,,,,FALSE,,"XLOC_041899","PELO",0.00256666666666667,0.00256666666666667,0.996546732095484,1.91570211182295e-09,FALSE,FALSE,FALSE,TRUE,FALSE,"Non-significant / other",,,
"TCONS_00236102","XLOC_041899","PELO",,,,,,,FALSE,,"XLOC_041899","PELO",0.0163333333333333,0.0163333333333333,0.799427536905888,1.91570211182295e-09,FALSE,FALSE,FALSE,TRUE,FALSE,"Non-significant / other",,,
"TCONS_00236103","XLOC_041899","PELO",,,,,,,FALSE,,"XLOC_041899","PELO",0.0449666666666667,0.0449666666666667,0.0627514574746443,1.91570211182295e-09,FALSE,FALSE,FALSE,TRUE,FALSE,"Non-significant / other",,,
"TCONS_00236105","XLOC_041899","PELO",,,,,,,FALSE,,"XLOC_041899","PELO",0.0408,0.0408,2.018304013288e-07,1.91570211182295e-09,FALSE,FALSE,FALSE,TRUE,FALSE,"Non-significant / other",,,
"TCONS_00236107","XLOC_041899","PELO",,,,,,,FALSE,,"XLOC_041899","PELO",0.107,0.107,0.172055866058593,1.91570211182295e-09,FALSE,FALSE,FALSE,TRUE,FALSE,"Non-significant / other",,,
"TCONS_00246514","XLOC_041899","PELO",,,,,,,FALSE,,"XLOC_041899","PELO",-0.265833333333333,0.265833333333333,1.91570211182295e-09,1.91570211182295e-09,TRUE,TRUE,FALSE,TRUE,FALSE,"U-significant / missing in T",,,
"TCONS_00246515","XLOC_041899","PELO",,,,,,,FALSE,,"XLOC_041899","PELO",0.0696,0.0696,0.486814496856301,1.91570211182295e-09,FALSE,TRUE,FALSE,TRUE,FALSE,"Non-significant / other",,,
"TCONS_00246516","XLOC_041899","PELO",,,,,,,FALSE,,"XLOC_041899","PELO",0.00153333333333333,0.00153333333333333,1,1.91570211182295e-09,FALSE,TRUE,FALSE,TRUE,FALSE,"Non-significant / other",,,
"TCONS_00247621","XLOC_041899","PELO",,,,,,,FALSE,,"XLOC_041899","PELO",-0.0232333333333333,0.0232333333333333,0.932397636590221,1.91570211182295e-09,FALSE,TRUE,FALSE,TRUE,FALSE,"Non-significant / other",,,
"TCONS_00248247","XLOC_041899","PELO",,,,,,,FALSE,,"XLOC_041899","PELO",-0.00443333333333333,0.00443333333333333,0.992001956170672,1.91570211182295e-09,FALSE,TRUE,FALSE,TRUE,FALSE,"Non-significant / other",,,
"TCONS_00239566","XLOC_042704","SLC36A1",,,,,,,FALSE,,"XLOC_042704","SLC36A1",-0.1202,0.1202,0.0449115888992504,0.0449115888992504,FALSE,FALSE,FALSE,TRUE,FALSE,"Non-significant / other",,,
"TCONS_00239573","XLOC_042704","SLC36A1",,,,,,,FALSE,,"XLOC_042704","SLC36A1",-0.00153333333333333,0.00153333333333333,1,0.0449115888992504,FALSE,FALSE,FALSE,TRUE,FALSE,"Non-significant / other",,,
"TCONS_00248678","XLOC_042704","SLC36A1",,,,,,,FALSE,,"XLOC_042704","SLC36A1",0.135866666666667,0.135866666666667,0.257907437551744,0.0449115888992504,FALSE,TRUE,FALSE,TRUE,FALSE,"Non-significant / other",,,
"TCONS_00242435","XLOC_043484","CD180",,,,,,,FALSE,,"XLOC_043484","CD180",0.105966666666667,0.105966666666667,0.00264431794418855,0.00264431794418855,FALSE,FALSE,FALSE,TRUE,FALSE,"Non-significant / other",,,
"TCONS_00248892","XLOC_043484","CD180",,,,,,,FALSE,,"XLOC_043484","CD180",-0.105966666666667,0.105966666666667,0.030141676324479,0.00264431794418855,FALSE,TRUE,FALSE,TRUE,FALSE,"Non-significant / other",,,
"TCONS_00246117","XLOC_044407","ENSG00000253520",,,,,,,FALSE,,"XLOC_044407","ENSG00000253520",-0.188566666666667,0.188566666666667,0.805296420703761,0.0101039037544378,FALSE,FALSE,FALSE,TRUE,FALSE,"Non-significant / other",,,
"TCONS_00247519","XLOC_044407","ENSG00000253520",,,,,,,FALSE,,"XLOC_044407","ENSG00000253520",-0.0118,0.0118,1,0.0101039037544378,FALSE,TRUE,FALSE,TRUE,FALSE,"Non-significant / other",,,
"TCONS_00250045","XLOC_044407","ENSG00000253520",,,,,,,FALSE,,"XLOC_044407","ENSG00000253520",0.200366666666667,0.200366666666667,0.0101039037544378,0.0101039037544378,TRUE,TRUE,FALSE,TRUE,FALSE,"U-significant / missing in T",,,
"TCONS_00250853","XLOC_044652","NRSN1",,,,,,,FALSE,,"XLOC_044652","NRSN1",-0.164133333333333,0.164133333333333,0.129636097282267,0.00104016211929275,FALSE,FALSE,FALSE,TRUE,FALSE,"Non-significant / other",,,
"TCONS_00250854","XLOC_044652","NRSN1",,,,,,,FALSE,,"XLOC_044652","NRSN1",-0.00653333333333334,0.00653333333333334,0.957380585185006,0.00104016211929275,FALSE,FALSE,FALSE,TRUE,FALSE,"Non-significant / other",,,
"TCONS_00250855","XLOC_044652","NRSN1",,,,,,,FALSE,,"XLOC_044652","NRSN1",0.0477666666666667,0.0477666666666667,0.911884150676173,0.00104016211929275,FALSE,FALSE,FALSE,TRUE,FALSE,"Non-significant / other",,,
"TCONS_00250857","XLOC_044652","NRSN1",,,,,,,FALSE,,"XLOC_044652","NRSN1",-0.0133666666666667,0.0133666666666667,0.973519987070518,0.00104016211929275,FALSE,FALSE,FALSE,TRUE,FALSE,"Non-significant / other",,,
"TCONS_00264718","XLOC_044652","NRSN1",,,,,,,FALSE,,"XLOC_044652","NRSN1",0.1363,0.1363,0.00104016211929275,0.00104016211929275,FALSE,TRUE,FALSE,TRUE,FALSE,"Non-significant / other",,,
"TCONS_00250920","XLOC_044683","TRIM38",,,,,,,FALSE,,"XLOC_044683","TRIM38",-0.0114,0.0114,0.999120834176595,0.00432056512243978,FALSE,FALSE,FALSE,TRUE,FALSE,"Non-significant / other",,,
"TCONS_00261417","XLOC_044683","TRIM38",,,,,,,FALSE,,"XLOC_044683","TRIM38",-0.0219333333333333,0.0219333333333333,0.940164718952273,0.00432056512243978,FALSE,TRUE,FALSE,TRUE,FALSE,"Non-significant / other",,,
"TCONS_00261420","XLOC_044683","TRIM38",,,,,,,FALSE,,"XLOC_044683","TRIM38",-0.220533333333333,0.220533333333333,0.00432056512243978,0.00432056512243978,TRUE,TRUE,FALSE,TRUE,FALSE,"U-significant / missing in T",,,
"TCONS_00262732","XLOC_044683","TRIM38",,,,,,,FALSE,,"XLOC_044683","TRIM38",0.00900000000000001,0.00900000000000001,0.995697151360689,0.00432056512243978,FALSE,TRUE,FALSE,TRUE,FALSE,"Non-significant / other",,,
"TCONS_00263458","XLOC_044683","TRIM38",,,,,,,FALSE,,"XLOC_044683","TRIM38",0.0574666666666667,0.0574666666666667,0.921210811476756,0.00432056512243978,FALSE,TRUE,FALSE,TRUE,FALSE,"Non-significant / other",,,
"TCONS_00263459","XLOC_044683","TRIM38",,,,,,,FALSE,,"XLOC_044683","TRIM38",0.141233333333333,0.141233333333333,0.399583746565459,0.00432056512243978,FALSE,TRUE,FALSE,TRUE,FALSE,"Non-significant / other",,,
"TCONS_00264724","XLOC_044683","TRIM38",,,,,,,FALSE,,"XLOC_044683","TRIM38",-0.0484,0.0484,0.846100406490941,0.00432056512243978,FALSE,TRUE,FALSE,TRUE,FALSE,"Non-significant / other",,,
"TCONS_00264725","XLOC_044683","TRIM38",,,,,,,FALSE,,"XLOC_044683","TRIM38",0.0785666666666667,0.0785666666666667,0.507096759941566,0.00432056512243978,FALSE,TRUE,FALSE,TRUE,FALSE,"Non-significant / other",,,
"TCONS_00254300","XLOC_045589","TPD52L1",,,,,,,FALSE,,"XLOC_045589","TPD52L1",0.0299333333333333,0.0299333333333333,0.981170485656168,0.0034904596606769,FALSE,FALSE,FALSE,TRUE,FALSE,"Non-significant / other",,,
"TCONS_00254301","XLOC_045589","TPD52L1",,,,,,,FALSE,,"XLOC_045589","TPD52L1",-0.00720000000000001,0.00720000000000001,1,0.0034904596606769,FALSE,FALSE,FALSE,TRUE,FALSE,"Non-significant / other",,,
"TCONS_00254302","XLOC_045589","TPD52L1",,,,,,,FALSE,,"XLOC_045589","TPD52L1",0.00146666666666667,0.00146666666666667,1,0.0034904596606769,FALSE,FALSE,FALSE,TRUE,FALSE,"Non-significant / other",,,
"TCONS_00254304","XLOC_045589","TPD52L1",,,,,,,FALSE,,"XLOC_045589","TPD52L1",0.176066666666667,0.176066666666667,0.317918792906726,0.0034904596606769,FALSE,TRUE,FALSE,TRUE,FALSE,"Non-significant / other",,,
"TCONS_00254305","XLOC_045589","TPD52L1",,,,,,,FALSE,,"XLOC_045589","TPD52L1",-0.211333333333333,0.211333333333333,0.0034904596606769,0.0034904596606769,TRUE,FALSE,FALSE,TRUE,FALSE,"U-significant / missing in T",,,
"TCONS_00254306","XLOC_045589","TPD52L1",,,,,,,FALSE,,"XLOC_045589","TPD52L1",0.00313333333333333,0.00313333333333333,1,0.0034904596606769,FALSE,FALSE,FALSE,TRUE,FALSE,"Non-significant / other",,,
"TCONS_00254310","XLOC_045589","TPD52L1",,,,,,,FALSE,,"XLOC_045589","TPD52L1",0.0593666666666667,0.0593666666666667,0.989014180580543,0.0034904596606769,FALSE,FALSE,FALSE,TRUE,FALSE,"Non-significant / other",,,
"TCONS_00254312","XLOC_045589","TPD52L1",,,,,,,FALSE,,"XLOC_045589","TPD52L1",-0.0373666666666667,0.0373666666666667,1,0.0034904596606769,FALSE,FALSE,FALSE,TRUE,FALSE,"Non-significant / other",,,
"TCONS_00254313","XLOC_045589","TPD52L1",,,,,,,FALSE,,"XLOC_045589","TPD52L1",-0.0329333333333333,0.0329333333333333,0.981277402831502,0.0034904596606769,FALSE,FALSE,FALSE,TRUE,FALSE,"Non-significant / other",,,
"TCONS_00261823","XLOC_045589","TPD52L1",,,,,,,FALSE,,"XLOC_045589","TPD52L1",0.0380333333333333,0.0380333333333333,0.846100406490941,0.0034904596606769,FALSE,TRUE,FALSE,TRUE,FALSE,"Non-significant / other",,,
"TCONS_00254321","XLOC_045594","NCOA7",,,,,,,FALSE,,"XLOC_045594","NCOA7",-0.0129666666666667,0.0129666666666667,0.496502583320842,2.16011025888117e-07,FALSE,FALSE,FALSE,TRUE,FALSE,"Non-significant / other",,,
"TCONS_00254382","XLOC_045617","LAMA2",,,,,,,FALSE,,"XLOC_045617","LAMA2",0.0262333333333333,0.0262333333333333,0.93949346845026,0.00157608643914961,FALSE,FALSE,FALSE,TRUE,FALSE,"Non-significant / other",,,
"TCONS_00254394","XLOC_045617","LAMA2",,,,,,,FALSE,,"XLOC_045617","LAMA2",-0.00133333333333333,0.00133333333333333,1,0.00157608643914961,FALSE,FALSE,FALSE,TRUE,FALSE,"Non-significant / other",,,
"TCONS_00254395","XLOC_045617","LAMA2",,,,,,,FALSE,,"XLOC_045617","LAMA2",0.0551,0.0551,0.888105015396331,0.00157608643914961,FALSE,FALSE,FALSE,TRUE,FALSE,"Non-significant / other",,,
"TCONS_00254397","XLOC_045617","LAMA2",,,,,,,FALSE,,"XLOC_045617","LAMA2",-0.0441666666666667,0.0441666666666667,0.992534350387778,0.00157608643914961,FALSE,FALSE,FALSE,TRUE,FALSE,"Non-significant / other",,,
"TCONS_00254398","XLOC_045617","LAMA2",,,,,,,FALSE,,"XLOC_045617","LAMA2",-0.1053,0.1053,0.887030470126495,0.00157608643914961,FALSE,TRUE,FALSE,TRUE,FALSE,"Non-significant / other",,,
"TCONS_00254399","XLOC_045617","LAMA2",,,,,,,FALSE,,"XLOC_045617","LAMA2",-0.0948666666666667,0.0948666666666667,0.989014180580543,0.00157608643914961,FALSE,TRUE,FALSE,TRUE,FALSE,"Non-significant / other",,,
"TCONS_00261833","XLOC_045617","LAMA2",,,,,,,FALSE,,"XLOC_045617","LAMA2",0.2125,0.2125,0.00157608643914961,0.00157608643914961,TRUE,TRUE,FALSE,TRUE,FALSE,"U-significant / missing in T",,,
"TCONS_00262932","XLOC_045617","LAMA2",,,,,,,FALSE,,"XLOC_045617","LAMA2",-0.00406666666666666,0.00406666666666666,1,0.00157608643914961,FALSE,TRUE,FALSE,TRUE,FALSE,"Non-significant / other",,,
"TCONS_00262934","XLOC_045617","LAMA2",,,,,,,FALSE,,"XLOC_045617","LAMA2",-0.0174,0.0174,1,0.00157608643914961,FALSE,TRUE,FALSE,TRUE,FALSE,"Non-significant / other",,,
"TCONS_00263885","XLOC_045617","LAMA2",,,,,,,FALSE,,"XLOC_045617","LAMA2",-0.0216666666666667,0.0216666666666667,1,0.00157608643914961,FALSE,TRUE,FALSE,TRUE,FALSE,"Non-significant / other",,,
"TCONS_00265055","XLOC_045617","LAMA2",,,,,,,FALSE,,"XLOC_045617","LAMA2",-0.0236333333333333,0.0236333333333333,0.989014180580543,0.00157608643914961,FALSE,TRUE,FALSE,TRUE,FALSE,"Non-significant / other",,,
"TCONS_00265056","XLOC_045617","LAMA2",,,,,,,FALSE,,"XLOC_045617","LAMA2",0.0471333333333333,0.0471333333333333,0.99099982890367,0.00157608643914961,FALSE,TRUE,FALSE,TRUE,FALSE,"Non-significant / other",,,
"TCONS_00254732","XLOC_045701","ENSG00000225177",,,,,,,FALSE,,"XLOC_045701","ENSG00000225177",0.153933333333333,0.153933333333333,0.624537581957541,0.00103922329770077,FALSE,FALSE,FALSE,TRUE,FALSE,"Non-significant / other",,,
"TCONS_00254733","XLOC_045701","ENSG00000225177",,,,,,,FALSE,,"XLOC_045701","ENSG00000225177",-0.0310666666666667,0.0310666666666667,0.967658929688417,0.00103922329770077,FALSE,FALSE,FALSE,TRUE,FALSE,"Non-significant / other",,,
"TCONS_00254734","XLOC_045701","ENSG00000225177",,,,,,,FALSE,,"XLOC_045701","ENSG00000225177",-0.4188,0.4188,0.00103922329770077,0.00103922329770077,TRUE,FALSE,FALSE,TRUE,FALSE,"U-significant / missing in T",,,
"TCONS_00254735","XLOC_045701","ENSG00000225177",,,,,,,FALSE,,"XLOC_045701","ENSG00000225177",0.00356666666666666,0.00356666666666666,1,0.00103922329770077,FALSE,FALSE,FALSE,TRUE,FALSE,"Non-significant / other",,,
"TCONS_00265075","XLOC_045701","ENSG00000225177",,,,,,,FALSE,,"XLOC_045701","ENSG00000225177",0.197966666666667,0.197966666666667,0.899572011848426,0.00103922329770077,FALSE,TRUE,FALSE,TRUE,FALSE,"Non-significant / other",,,
"TCONS_00265076","XLOC_045701","ENSG00000225177",,,,,,,FALSE,,"XLOC_045701","ENSG00000225177",0.0407666666666667,0.0407666666666667,0.99099982890367,0.00103922329770077,FALSE,TRUE,FALSE,TRUE,FALSE,"Non-significant / other",,,
"TCONS_00265077","XLOC_045701","ENSG00000225177",,,,,,,FALSE,,"XLOC_045701","ENSG00000225177",0.0536333333333333,0.0536333333333333,0.887153725416881,0.00103922329770077,FALSE,TRUE,FALSE,TRUE,FALSE,"Non-significant / other",,,
"TCONS_00256023","XLOC_046060","TFAP2A",,,,,,,FALSE,,"XLOC_046060","TFAP2A",-0.0131,0.0131,0.989014180580543,0.0449115888992504,FALSE,FALSE,FALSE,TRUE,FALSE,"Non-significant / other",,,
"TCONS_00256024","XLOC_046060","TFAP2A",,,,,,,FALSE,,"XLOC_046060","TFAP2A",-0.102766666666667,0.102766666666667,0.837480185230562,0.0449115888992504,FALSE,FALSE,FALSE,TRUE,FALSE,"Non-significant / other",,,
"TCONS_00256025","XLOC_046060","TFAP2A",,,,,,,FALSE,,"XLOC_046060","TFAP2A",0.235266666666667,0.235266666666667,0.0449115888992504,0.0449115888992504,TRUE,FALSE,FALSE,TRUE,FALSE,"U-significant / missing in T",,,
"TCONS_00256026","XLOC_046060","TFAP2A",,,,,,,FALSE,,"XLOC_046060","TFAP2A",-0.0089,0.0089,1,0.0449115888992504,FALSE,FALSE,FALSE,TRUE,FALSE,"Non-significant / other",,,
"TCONS_00256028","XLOC_046060","TFAP2A",,,,,,,FALSE,,"XLOC_046060","TFAP2A",0.0246666666666667,0.0246666666666667,0.926981436064936,0.0449115888992504,FALSE,FALSE,FALSE,TRUE,FALSE,"Non-significant / other",,,
"TCONS_00256032","XLOC_046060","TFAP2A",,,,,,,FALSE,,"XLOC_046060","TFAP2A",-0.0215,0.0215,0.971846844326053,0.0449115888992504,FALSE,FALSE,FALSE,TRUE,FALSE,"Non-significant / other",,,
"TCONS_00256033","XLOC_046060","TFAP2A",,,,,,,FALSE,,"XLOC_046060","TFAP2A",-0.0338666666666667,0.0338666666666667,0.963222424897177,0.0449115888992504,FALSE,FALSE,FALSE,TRUE,FALSE,"Non-significant / other",,,
"TCONS_00256034","XLOC_046060","TFAP2A",,,,,,,FALSE,,"XLOC_046060","TFAP2A",-0.0349666666666667,0.0349666666666667,0.967399201929971,0.0449115888992504,FALSE,FALSE,FALSE,TRUE,FALSE,"Non-significant / other",,,
"TCONS_00256037","XLOC_046060","TFAP2A",,,,,,,FALSE,,"XLOC_046060","TFAP2A",-0.0535333333333333,0.0535333333333333,0.757454808950273,0.0449115888992504,FALSE,FALSE,FALSE,TRUE,FALSE,"Non-significant / other",,,
"TCONS_00256039","XLOC_046060","TFAP2A",,,,,,,FALSE,,"XLOC_046060","TFAP2A",0.0138666666666667,0.0138666666666667,0.96848612277101,0.0449115888992504,FALSE,FALSE,FALSE,TRUE,FALSE,"Non-significant / other",,,
"TCONS_00256040","XLOC_046060","TFAP2A",,,,,,,FALSE,,"XLOC_046060","TFAP2A",-0.0292666666666667,0.0292666666666667,0.791169207540799,0.0449115888992504,FALSE,FALSE,FALSE,TRUE,FALSE,"Non-significant / other",,,
"TCONS_00256463","XLOC_046223","H3C12",,,,,,,FALSE,,"XLOC_046223","H3C12",0.0622,0.0622,0.974730379420411,0.0028768130750744,FALSE,FALSE,FALSE,TRUE,FALSE,"Non-significant / other",,,
"TCONS_00256464","XLOC_046223","H3C12",,,,,,,FALSE,,"XLOC_046223","H3C12",0.227333333333333,0.227333333333333,0.0028768130750744,0.0028768130750744,TRUE,FALSE,FALSE,TRUE,FALSE,"U-significant / missing in T",,,
"TCONS_00256465","XLOC_046223","H3C12",,,,,,,FALSE,,"XLOC_046223","H3C12",-0.430233333333333,0.430233333333333,0.384315063663497,0.0028768130750744,FALSE,TRUE,FALSE,TRUE,FALSE,"Non-significant / other",,,
"TCONS_00265221","XLOC_046223","H3C12",,,,,,,FALSE,,"XLOC_046223","H3C12",0.140733333333333,0.140733333333333,0.988207117223667,0.0028768130750744,FALSE,TRUE,FALSE,TRUE,FALSE,"Non-significant / other",,,
"TCONS_00257921","XLOC_046559","MRPL14",,,,,,,FALSE,,"XLOC_046559","MRPL14",-0.116466666666667,0.116466666666667,0.463553619578896,1.17418614142373e-19,FALSE,FALSE,FALSE,TRUE,FALSE,"Non-significant / other",,,
"TCONS_00262223","XLOC_046559","MRPL14",,,,,,,FALSE,,"XLOC_046559","MRPL14",0.1482,0.1482,1.17418614142373e-19,1.17418614142373e-19,FALSE,TRUE,FALSE,TRUE,FALSE,"Non-significant / other",,,
"TCONS_00263125","XLOC_046559","MRPL14",,,,,,,FALSE,,"XLOC_046559","MRPL14",-0.00503333333333333,0.00503333333333333,1,1.17418614142373e-19,FALSE,TRUE,FALSE,TRUE,FALSE,"Non-significant / other",,,
"TCONS_00264232","XLOC_046559","MRPL14",,,,,,,FALSE,,"XLOC_046559","MRPL14",-0.000800000000000002,0.000800000000000002,0.989842571004302,1.17418614142373e-19,FALSE,TRUE,FALSE,TRUE,FALSE,"Non-significant / other",,,
"TCONS_00265324","XLOC_046559","MRPL14",,,,,,,FALSE,,"XLOC_046559","MRPL14",-0.0259333333333333,0.0259333333333333,0.989014180580543,1.17418614142373e-19,FALSE,TRUE,FALSE,TRUE,FALSE,"Non-significant / other",,,
"TCONS_00258559","XLOC_046759","PHIP",,,,,,,FALSE,,"XLOC_046759","PHIP",-0.1562,0.1562,0.0209434200042643,0.014410009283768,TRUE,FALSE,FALSE,TRUE,FALSE,"U-significant / missing in T",,,
"TCONS_00258560","XLOC_046759","PHIP",,,,,,,FALSE,,"XLOC_046759","PHIP",-0.00486666666666666,0.00486666666666666,0.993817511975833,0.014410009283768,FALSE,FALSE,FALSE,TRUE,FALSE,"Non-significant / other",,,
"TCONS_00263165","XLOC_046759","PHIP",,,,,,,FALSE,,"XLOC_046759","PHIP",-0.00480000000000001,0.00480000000000001,0.990128204770429,0.014410009283768,FALSE,TRUE,FALSE,TRUE,FALSE,"Non-significant / other",,,
"TCONS_00264280","XLOC_046759","PHIP",,,,,,,FALSE,,"XLOC_046759","PHIP",0.0241333333333333,0.0241333333333333,1,0.014410009283768,FALSE,TRUE,FALSE,TRUE,FALSE,"Non-significant / other",,,
"TCONS_00265362","XLOC_046759","PHIP",,,,,,,FALSE,,"XLOC_046759","PHIP",0.1217,0.1217,0.014410009283768,0.014410009283768,FALSE,TRUE,FALSE,TRUE,FALSE,"Non-significant / other",,,
"TCONS_00258624","XLOC_046790","UBE3D",,,,,,,FALSE,,"XLOC_046790","UBE3D",0.0667,0.0667,0.916312579483259,2.45295282010082e-05,FALSE,FALSE,FALSE,TRUE,FALSE,"Non-significant / other",,,
"TCONS_00258626","XLOC_046790","UBE3D",,,,,,,FALSE,,"XLOC_046790","UBE3D",-0.0114,0.0114,1,2.45295282010082e-05,FALSE,FALSE,FALSE,TRUE,FALSE,"Non-significant / other",,,
"TCONS_00258628","XLOC_046790","UBE3D",,,,,,,FALSE,,"XLOC_046790","UBE3D",-0.0331333333333333,0.0331333333333333,0.903915810698153,2.45295282010082e-05,FALSE,FALSE,FALSE,TRUE,FALSE,"Non-significant / other",,,
"TCONS_00264288","XLOC_046790","UBE3D",,,,,,,FALSE,,"XLOC_046790","UBE3D",0.0322666666666667,0.0322666666666667,0.989014180580543,2.45295282010082e-05,FALSE,TRUE,FALSE,TRUE,FALSE,"Non-significant / other",,,
"TCONS_00264290","XLOC_046790","UBE3D",,,,,,,FALSE,,"XLOC_046790","UBE3D",0.1102,0.1102,2.45295282010082e-05,2.45295282010082e-05,FALSE,TRUE,FALSE,TRUE,FALSE,"Non-significant / other",,,
"TCONS_00264291","XLOC_046790","UBE3D",,,,,,,FALSE,,"XLOC_046790","UBE3D",0.00656666666666667,0.00656666666666667,0.988084623504653,2.45295282010082e-05,FALSE,TRUE,FALSE,TRUE,FALSE,"Non-significant / other",,,
"TCONS_00265375","XLOC_046790","UBE3D",,,,,,,FALSE,,"XLOC_046790","UBE3D",-0.0372666666666667,0.0372666666666667,0.917342830876149,2.45295282010082e-05,FALSE,TRUE,FALSE,TRUE,FALSE,"Non-significant / other",,,
"TCONS_00265376","XLOC_046790","UBE3D",,,,,,,FALSE,,"XLOC_046790","UBE3D",-0.2177,0.2177,0.00397315251189841,2.45295282010082e-05,TRUE,TRUE,FALSE,TRUE,FALSE,"U-significant / missing in T",,,
"TCONS_00265377","XLOC_046790","UBE3D",,,,,,,FALSE,,"XLOC_046790","UBE3D",0.0441,0.0441,0.987414111961058,2.45295282010082e-05,FALSE,TRUE,FALSE,TRUE,FALSE,"Non-significant / other",,,
"TCONS_00265378","XLOC_046790","UBE3D",,,,,,,FALSE,,"XLOC_046790","UBE3D",0.0188333333333333,0.0188333333333333,0.987246945778843,2.45295282010082e-05,FALSE,TRUE,FALSE,TRUE,FALSE,"Non-significant / other",,,
"TCONS_00259616","XLOC_046987","LINC02541",,,,,,,FALSE,,"XLOC_046987","LINC02541",-0.0305,0.0305,0.989705381373525,7.96424323419143e-06,FALSE,FALSE,FALSE,TRUE,FALSE,"Non-significant / other",,,
"TCONS_00259617","XLOC_046987","LINC02541",,,,,,,FALSE,,"XLOC_046987","LINC02541",-0.0252333333333333,0.0252333333333333,0.988292988043654,7.96424323419143e-06,FALSE,FALSE,FALSE,TRUE,FALSE,"Non-significant / other",,,
"TCONS_00259618","XLOC_046987","LINC02541",,,,,,,FALSE,,"XLOC_046987","LINC02541",-0.00116666666666667,0.00116666666666667,0.989014180580543,7.96424323419143e-06,FALSE,FALSE,FALSE,TRUE,FALSE,"Non-significant / other",,,
"TCONS_00259619","XLOC_046987","LINC02541",,,,,,,FALSE,,"XLOC_046987","LINC02541",0.0516333333333333,0.0516333333333333,0.994491286988157,7.96424323419143e-06,FALSE,FALSE,FALSE,TRUE,FALSE,"Non-significant / other",,,
"TCONS_00262469","XLOC_046987","LINC02541",,,,,,,FALSE,,"XLOC_046987","LINC02541",-0.1005,0.1005,0.988084623504653,7.96424323419143e-06,FALSE,TRUE,FALSE,TRUE,FALSE,"Non-significant / other",,,
"TCONS_00262470","XLOC_046987","LINC02541",,,,,,,FALSE,,"XLOC_046987","LINC02541",-0.1162,0.1162,0.989014180580543,7.96424323419143e-06,FALSE,TRUE,FALSE,TRUE,FALSE,"Non-significant / other",,,
"TCONS_00262471","XLOC_046987","LINC02541",,,,,,,FALSE,,"XLOC_046987","LINC02541",0.202533333333333,0.202533333333333,7.96424323419143e-06,7.96424323419143e-06,TRUE,TRUE,FALSE,TRUE,FALSE,"U-significant / missing in T",,,
"TCONS_00262473","XLOC_046987","LINC02541",,,,,,,FALSE,,"XLOC_046987","LINC02541",-0.0389666666666667,0.0389666666666667,0.940408273722573,7.96424323419143e-06,FALSE,TRUE,FALSE,TRUE,FALSE,"Non-significant / other",,,
"TCONS_00262474","XLOC_046987","LINC02541",,,,,,,FALSE,,"XLOC_046987","LINC02541",-0.0205,0.0205,0.97111377461542,7.96424323419143e-06,FALSE,TRUE,FALSE,TRUE,FALSE,"Non-significant / other",,,
"TCONS_00263259","XLOC_046987","LINC02541",,,,,,,FALSE,,"XLOC_046987","LINC02541",0.00336666666666666,0.00336666666666666,0.996843051762547,7.96424323419143e-06,FALSE,TRUE,FALSE,TRUE,FALSE,"Non-significant / other",,,
"TCONS_00263261","XLOC_046987","LINC02541",,,,,,,FALSE,,"XLOC_046987","LINC02541",0.0352666666666667,0.0352666666666667,0.941542176936625,7.96424323419143e-06,FALSE,TRUE,FALSE,TRUE,FALSE,"Non-significant / other",,,
"TCONS_00263262","XLOC_046987","LINC02541",,,,,,,FALSE,,"XLOC_046987","LINC02541",-0.0573,0.0573,0.989014180580543,7.96424323419143e-06,FALSE,TRUE,FALSE,TRUE,FALSE,"Non-significant / other",,,
"TCONS_00263264","XLOC_046987","LINC02541",,,,,,,FALSE,,"XLOC_046987","LINC02541",0.0492333333333333,0.0492333333333333,0.298633423913351,7.96424323419143e-06,FALSE,TRUE,FALSE,TRUE,FALSE,"Non-significant / other",,,
"TCONS_00265472","XLOC_046987","LINC02541",,,,,,,FALSE,,"XLOC_046987","LINC02541",0.0253333333333333,0.0253333333333333,0.572129846373511,7.96424323419143e-06,FALSE,TRUE,FALSE,TRUE,FALSE,"Non-significant / other",,,
"TCONS_00265473","XLOC_046987","LINC02541",,,,,,,FALSE,,"XLOC_046987","LINC02541",0.00263333333333333,0.00263333333333333,0.979096630296865,7.96424323419143e-06,FALSE,TRUE,FALSE,TRUE,FALSE,"Non-significant / other",,,
"TCONS_00260851","XLOC_047270","IPCEF1",,,,,,,FALSE,,"XLOC_047270","IPCEF1",-0.0103333333333333,0.0103333333333333,0.951894893008758,0.000397164125925945,FALSE,FALSE,FALSE,TRUE,FALSE,"Non-significant / other",,,
"TCONS_00265551","XLOC_047270","IPCEF1",,,,,,,FALSE,,"XLOC_047270","IPCEF1",-0.00266666666666667,0.00266666666666667,0.989014180580543,0.000397164125925945,FALSE,TRUE,FALSE,TRUE,FALSE,"Non-significant / other",,,
"TCONS_00266398","XLOC_047614","PALS2",,,,,,,FALSE,,"XLOC_047614","PALS2",-0.0114,0.0114,0.985439011876374,1.27066255539837e-14,FALSE,FALSE,FALSE,TRUE,FALSE,"Non-significant / other",,,
"TCONS_00266399","XLOC_047614","PALS2",,,,,,,FALSE,,"XLOC_047614","PALS2",0.0582666666666667,0.0582666666666667,0.926981436064936,1.27066255539837e-14,FALSE,FALSE,FALSE,TRUE,FALSE,"Non-significant / other",,,
"TCONS_00266400","XLOC_047614","PALS2",,,,,,,FALSE,,"XLOC_047614","PALS2",0.0234666666666667,0.0234666666666667,0.98710974307036,1.27066255539837e-14,FALSE,FALSE,FALSE,TRUE,FALSE,"Non-significant / other",,,
"TCONS_00266401","XLOC_047614","PALS2",,,,,,,FALSE,,"XLOC_047614","PALS2",0.113666666666667,0.113666666666667,0.716642882726937,1.27066255539837e-14,FALSE,FALSE,FALSE,TRUE,FALSE,"Non-significant / other",,,
"TCONS_00266402","XLOC_047614","PALS2",,,,,,,FALSE,,"XLOC_047614","PALS2",0.0192333333333333,0.0192333333333333,0.947751801471295,1.27066255539837e-14,FALSE,FALSE,FALSE,TRUE,FALSE,"Non-significant / other",,,
"TCONS_00266404","XLOC_047614","PALS2",,,,,,,FALSE,,"XLOC_047614","PALS2",-0.252533333333333,0.252533333333333,0.97111377461542,1.27066255539837e-14,FALSE,FALSE,FALSE,TRUE,FALSE,"Non-significant / other",,,
"TCONS_00266405","XLOC_047614","PALS2",,,,,,,FALSE,,"XLOC_047614","PALS2",-0.055,0.055,0.910540470101332,1.27066255539837e-14,FALSE,FALSE,FALSE,TRUE,FALSE,"Non-significant / other",,,
"TCONS_00278760","XLOC_047614","PALS2",,,,,,,FALSE,,"XLOC_047614","PALS2",0.3279,0.3279,1.27066255539837e-14,1.27066255539837e-14,TRUE,TRUE,FALSE,TRUE,FALSE,"U-significant / missing in T",,,
"TCONS_00279627","XLOC_047614","PALS2",,,,,,,FALSE,,"XLOC_047614","PALS2",-0.168466666666667,0.168466666666667,0.942729419690996,1.27066255539837e-14,FALSE,TRUE,FALSE,TRUE,FALSE,"Non-significant / other",,,
"TCONS_00279628","XLOC_047614","PALS2",,,,,,,FALSE,,"XLOC_047614","PALS2",-0.0551333333333333,0.0551333333333333,0.852750155823006,1.27066255539837e-14,FALSE,TRUE,FALSE,TRUE,FALSE,"Non-significant / other",,,
"TCONS_00266434","XLOC_047627","ENSG00000214870",,,,,,,FALSE,,"XLOC_047627","ENSG00000214870",-0.0205666666666667,0.0205666666666667,0.979985031445639,0.00776611266709072,FALSE,FALSE,FALSE,TRUE,FALSE,"Non-significant / other",,,
"TCONS_00266435","XLOC_047627","ENSG00000214870",,,,,,,FALSE,,"XLOC_047627","ENSG00000214870",0.0129666666666667,0.0129666666666667,0.961043213712983,0.00776611266709072,FALSE,FALSE,FALSE,TRUE,FALSE,"Non-significant / other",,,
"TCONS_00266437","XLOC_047627","ENSG00000214870",,,,,,,FALSE,,"XLOC_047627","ENSG00000214870",-0.00226666666666666,0.00226666666666666,0.992899786242306,0.00776611266709072,FALSE,FALSE,FALSE,TRUE,FALSE,"Non-significant / other",,,
"TCONS_00266438","XLOC_047627","ENSG00000214870",,,,,,,FALSE,,"XLOC_047627","ENSG00000214870",0.0196,0.0196,1,0.00776611266709072,FALSE,FALSE,FALSE,TRUE,FALSE,"Non-significant / other",,,
"TCONS_00266440","XLOC_047627","ENSG00000214870",,,,,,,FALSE,,"XLOC_047627","ENSG00000214870",0.0111666666666667,0.0111666666666667,0.970699261633703,0.00776611266709072,FALSE,FALSE,FALSE,TRUE,FALSE,"Non-significant / other",,,
"TCONS_00266442","XLOC_047627","ENSG00000214870",,,,,,,FALSE,,"XLOC_047627","ENSG00000214870",0.0099,0.0099,1,0.00776611266709072,FALSE,FALSE,FALSE,TRUE,FALSE,"Non-significant / other",,,
"TCONS_00266443","XLOC_047627","ENSG00000214870",,,,,,,FALSE,,"XLOC_047627","ENSG00000214870",-0.0793666666666667,0.0793666666666667,0.623914883147801,0.00776611266709072,FALSE,FALSE,FALSE,TRUE,FALSE,"Non-significant / other",,,
"TCONS_00266445","XLOC_047627","ENSG00000214870",,,,,,,FALSE,,"XLOC_047627","ENSG00000214870",0.0222666666666667,0.0222666666666667,0.944889637112377,0.00776611266709072,FALSE,FALSE,FALSE,TRUE,FALSE,"Non-significant / other",,,
"TCONS_00266446","XLOC_047627","ENSG00000214870",,,,,,,FALSE,,"XLOC_047627","ENSG00000214870",0.136266666666667,0.136266666666667,0.415809694429071,0.00776611266709072,FALSE,FALSE,FALSE,TRUE,FALSE,"Non-significant / other",,,
"TCONS_00266447","XLOC_047627","ENSG00000214870",,,,,,,FALSE,,"XLOC_047627","ENSG00000214870",0.0671,0.0671,0.933723484094166,0.00776611266709072,FALSE,FALSE,FALSE,TRUE,FALSE,"Non-significant / other",,,
"TCONS_00266448","XLOC_047627","ENSG00000214870",,,,,,,FALSE,,"XLOC_047627","ENSG00000214870",-0.1344,0.1344,0.00776611266709072,0.00776611266709072,FALSE,FALSE,FALSE,TRUE,FALSE,"Non-significant / other",,,
"TCONS_00266449","XLOC_047627","ENSG00000214870",,,,,,,FALSE,,"XLOC_047627","ENSG00000214870",-0.0245666666666667,0.0245666666666667,0.957634062671824,0.00776611266709072,FALSE,FALSE,FALSE,TRUE,FALSE,"Non-significant / other",,,
"TCONS_00266451","XLOC_047627","ENSG00000214870",,,,,,,FALSE,,"XLOC_047627","ENSG00000214870",-0.0412333333333333,0.0412333333333333,0.981277402831502,0.00776611266709072,FALSE,FALSE,FALSE,TRUE,FALSE,"Non-significant / other",,,
"TCONS_00266452","XLOC_047627","ENSG00000214870",,,,,,,FALSE,,"XLOC_047627","ENSG00000214870",0.0598666666666667,0.0598666666666667,0.756626039734515,0.00776611266709072,FALSE,FALSE,FALSE,TRUE,FALSE,"Non-significant / other",,,
"TCONS_00279636","XLOC_047627","ENSG00000214870",,,,,,,FALSE,,"XLOC_047627","ENSG00000214870",0.0113666666666667,0.0113666666666667,0.96888205596494,0.00776611266709072,FALSE,TRUE,FALSE,TRUE,FALSE,"Non-significant / other",,,
"TCONS_00279637","XLOC_047627","ENSG00000214870",,,,,,,FALSE,,"XLOC_047627","ENSG00000214870",-0.0454666666666667,0.0454666666666667,0.952273573702236,0.00776611266709072,FALSE,TRUE,FALSE,TRUE,FALSE,"Non-significant / other",,,
"TCONS_00266957","XLOC_047741","TRG-AS1",,,,,,,FALSE,,"XLOC_047741","TRG-AS1",0.0048,0.0048,1,0.0189987856432374,FALSE,TRUE,FALSE,TRUE,FALSE,"Non-significant / other",,,
"TCONS_00266958","XLOC_047741","TRG-AS1",,,,,,,FALSE,,"XLOC_047741","TRG-AS1",0.0378,0.0378,0.979156512252437,0.0189987856432374,FALSE,FALSE,FALSE,TRUE,FALSE,"Non-significant / other",,,
"TCONS_00266959","XLOC_047741","TRG-AS1",,,,,,,FALSE,,"XLOC_047741","TRG-AS1",-0.0799,0.0799,0.279240896271611,0.0189987856432374,FALSE,FALSE,FALSE,TRUE,FALSE,"Non-significant / other",,,
"TCONS_00266960","XLOC_047741","TRG-AS1",,,,,,,FALSE,,"XLOC_047741","TRG-AS1",0.101766666666667,0.101766666666667,0.936654788238057,0.0189987856432374,FALSE,FALSE,FALSE,TRUE,FALSE,"Non-significant / other",,,
"TCONS_00266961","XLOC_047741","TRG-AS1",,,,,,,FALSE,,"XLOC_047741","TRG-AS1",0.0023,0.0023,1,0.0189987856432374,FALSE,FALSE,FALSE,TRUE,FALSE,"Non-significant / other",,,
"TCONS_00266962","XLOC_047741","TRG-AS1",,,,,,,FALSE,,"XLOC_047741","TRG-AS1",-0.056,0.056,0.906586473770295,0.0189987856432374,FALSE,FALSE,FALSE,TRUE,FALSE,"Non-significant / other",,,
"TCONS_00266963","XLOC_047741","TRG-AS1",,,,,,,FALSE,,"XLOC_047741","TRG-AS1",-0.00676666666666666,0.00676666666666666,1,0.0189987856432374,FALSE,FALSE,FALSE,TRUE,FALSE,"Non-significant / other",,,
"TCONS_00266965","XLOC_047741","TRG-AS1",,,,,,,FALSE,,"XLOC_047741","TRG-AS1",0.00226666666666668,0.00226666666666668,0.981170485656168,0.0189987856432374,FALSE,TRUE,FALSE,TRUE,FALSE,"Non-significant / other",,,
"TCONS_00266968","XLOC_047741","TRG-AS1",,,,,,,FALSE,,"XLOC_047741","TRG-AS1",-0.127233333333333,0.127233333333333,0.0189987856432374,0.0189987856432374,FALSE,FALSE,FALSE,TRUE,FALSE,"Non-significant / other",,,
"TCONS_00266969","XLOC_047741","TRG-AS1",,,,,,,FALSE,,"XLOC_047741","TRG-AS1",0.1216,0.1216,0.709999443620325,0.0189987856432374,FALSE,FALSE,FALSE,TRUE,FALSE,"Non-significant / other",,,
"TCONS_00266970","XLOC_047741","TRG-AS1",,,,,,,FALSE,,"XLOC_047741","TRG-AS1",0.0149666666666667,0.0149666666666667,1,0.0189987856432374,FALSE,FALSE,FALSE,TRUE,FALSE,"Non-significant / other",,,
"TCONS_00267723","XLOC_048015","GS1-124K5.4",,,,,,,FALSE,,"XLOC_048015","GS1-124K5.4",0.102766666666667,0.102766666666667,0.929136778794692,1.36017506760869e-06,FALSE,FALSE,FALSE,TRUE,FALSE,"Non-significant / other",,,
"TCONS_00267724","XLOC_048015","GS1-124K5.4",,,,,,,FALSE,,"XLOC_048015","GS1-124K5.4",-0.0501333333333333,0.0501333333333333,0.609490622988415,1.36017506760869e-06,FALSE,FALSE,FALSE,TRUE,FALSE,"Non-significant / other",,,
"TCONS_00267725","XLOC_048015","GS1-124K5.4",,,,,,,FALSE,,"XLOC_048015","GS1-124K5.4",0.0239666666666667,0.0239666666666667,0.998819064726447,1.36017506760869e-06,FALSE,FALSE,FALSE,TRUE,FALSE,"Non-significant / other",,,
"TCONS_00267726","XLOC_048015","GS1-124K5.4",,,,,,,FALSE,,"XLOC_048015","GS1-124K5.4",0.0487333333333333,0.0487333333333333,0.977657962611872,1.36017506760869e-06,FALSE,FALSE,FALSE,TRUE,FALSE,"Non-significant / other",,,
"TCONS_00279700","XLOC_048015","GS1-124K5.4",,,,,,,FALSE,,"XLOC_048015","GS1-124K5.4",-0.1156,0.1156,1.36017506760869e-06,1.36017506760869e-06,FALSE,TRUE,FALSE,TRUE,FALSE,"Non-significant / other",,,
"TCONS_00268158","XLOC_048112","ZP3",,,,,,,FALSE,,"XLOC_048112","ZP3",-0.238066666666667,0.238066666666667,0.00732965381213103,0.00732965381213103,TRUE,FALSE,FALSE,TRUE,FALSE,"U-significant / missing in T",,,
"TCONS_00268159","XLOC_048112","ZP3",,,,,,,FALSE,,"XLOC_048112","ZP3",-0.0817,0.0817,0.854984775849313,0.00732965381213103,FALSE,FALSE,FALSE,TRUE,FALSE,"Non-significant / other",,,
"TCONS_00268161","XLOC_048112","ZP3",,,,,,,FALSE,,"XLOC_048112","ZP3",-0.0061,0.0061,0.964601639787552,0.00732965381213103,FALSE,FALSE,FALSE,TRUE,FALSE,"Non-significant / other",,,
"TCONS_00268162","XLOC_048112","ZP3",,,,,,,FALSE,,"XLOC_048112","ZP3",-0.208,0.208,0.989705381373525,0.00732965381213103,FALSE,FALSE,FALSE,TRUE,FALSE,"Non-significant / other",,,
"TCONS_00268163","XLOC_048112","ZP3",,,,,,,FALSE,,"XLOC_048112","ZP3",-0.0669666666666667,0.0669666666666667,0.951278205666926,0.00732965381213103,FALSE,FALSE,FALSE,TRUE,FALSE,"Non-significant / other",,,
"TCONS_00268164","XLOC_048112","ZP3",,,,,,,FALSE,,"XLOC_048112","ZP3",0.537433333333333,0.537433333333333,0.288697454713215,0.00732965381213103,FALSE,TRUE,FALSE,TRUE,FALSE,"Non-significant / other",,,
"TCONS_00277422","XLOC_048112","ZP3",,,,,,,FALSE,,"XLOC_048112","ZP3",0.0666666666666667,0.0666666666666667,0.0536767598388386,0.00732965381213103,FALSE,TRUE,FALSE,TRUE,FALSE,"Non-significant / other",,,
"TCONS_00272173","XLOC_049092","GSDME",,,,,,,FALSE,,"XLOC_049092","GSDME",0.00396666666666667,0.00396666666666667,0.980194222340099,0.0111525154795866,FALSE,FALSE,FALSE,TRUE,FALSE,"Non-significant / other",,,
"TCONS_00273131","XLOC_049326","FIGNL1",,,,,,,FALSE,,"XLOC_049326","FIGNL1",-0.0145666666666667,0.0145666666666667,0.975036245108069,0.00874629454924249,FALSE,FALSE,FALSE,TRUE,FALSE,"Non-significant / other",,,
"TCONS_00273133","XLOC_049326","FIGNL1",,,,,,,FALSE,,"XLOC_049326","FIGNL1",0.2019,0.2019,0.00910547521311654,0.00874629454924249,TRUE,FALSE,FALSE,TRUE,FALSE,"U-significant / missing in T",,,
"TCONS_00273134","XLOC_049326","FIGNL1",,,,,,,FALSE,,"XLOC_049326","FIGNL1",0.00893333333333333,0.00893333333333333,1,0.00874629454924249,FALSE,FALSE,FALSE,TRUE,FALSE,"Non-significant / other",,,
"TCONS_00273135","XLOC_049326","FIGNL1",,,,,,,FALSE,,"XLOC_049326","FIGNL1",-0.2121,0.2121,0.00874629454924249,0.00874629454924249,TRUE,FALSE,FALSE,TRUE,FALSE,"U-significant / missing in T",,,
"TCONS_00273136","XLOC_049326","FIGNL1",,,,,,,FALSE,,"XLOC_049326","FIGNL1",-0.0119333333333333,0.0119333333333333,1,0.00874629454924249,FALSE,TRUE,FALSE,TRUE,FALSE,"Non-significant / other",,,
"TCONS_00273137","XLOC_049326","FIGNL1",,,,,,,FALSE,,"XLOC_049326","FIGNL1",0.0152,0.0152,0.980871061539377,0.00874629454924249,FALSE,FALSE,FALSE,TRUE,FALSE,"Non-significant / other",,,
"TCONS_00273138","XLOC_049326","FIGNL1",,,,,,,FALSE,,"XLOC_049326","FIGNL1",0.00506666666666667,0.00506666666666667,0.993817511975833,0.00874629454924249,FALSE,FALSE,FALSE,TRUE,FALSE,"Non-significant / other",,,
"TCONS_00273143","XLOC_049326","FIGNL1",,,,,,,FALSE,,"XLOC_049326","FIGNL1",0.0158,0.0158,0.944316965921329,0.00874629454924249,FALSE,FALSE,FALSE,TRUE,FALSE,"Non-significant / other",,,
"TCONS_00273144","XLOC_049326","FIGNL1",,,,,,,FALSE,,"XLOC_049326","FIGNL1",-0.0156,0.0156,1,0.00874629454924249,FALSE,FALSE,FALSE,TRUE,FALSE,"Non-significant / other",,,
"TCONS_00285872","XLOC_051668","PSD3",,,,,,,FALSE,,"XLOC_051668","PSD3",0.00236666666666663,0.00236666666666663,0.99458793276619,8.72260294219053e-05,FALSE,FALSE,FALSE,TRUE,FALSE,"Non-significant / other",,,
"TCONS_00285879","XLOC_051668","PSD3",,,,,,,FALSE,,"XLOC_051668","PSD3",0.1145,0.1145,0.000132474338656746,8.72260294219053e-05,FALSE,FALSE,FALSE,TRUE,FALSE,"Non-significant / other",,,
"TCONS_00285889","XLOC_051668","PSD3",,,,,,,FALSE,,"XLOC_051668","PSD3",-0.171466666666667,0.171466666666667,8.72260294219053e-05,8.72260294219053e-05,TRUE,FALSE,FALSE,TRUE,FALSE,"U-significant / missing in T",,,
"TCONS_00290753","XLOC_051668","PSD3",,,,,,,FALSE,,"XLOC_051668","PSD3",-0.0121,0.0121,0.667778707502311,8.72260294219053e-05,FALSE,TRUE,FALSE,TRUE,FALSE,"Non-significant / other",,,
"TCONS_00291485","XLOC_051668","PSD3",,,,,,,FALSE,,"XLOC_051668","PSD3",0.043,0.043,0.0126416393324392,8.72260294219053e-05,FALSE,TRUE,FALSE,TRUE,FALSE,"Non-significant / other",,,
"TCONS_00293028","XLOC_051668","PSD3",,,,,,,FALSE,,"XLOC_051668","PSD3",0.00933333333333333,0.00933333333333333,0.948228474348392,8.72260294219053e-05,FALSE,TRUE,FALSE,TRUE,FALSE,"Non-significant / other",,,
"TCONS_00286041","XLOC_051707","TNFRSF10A",,,,,,,FALSE,,"XLOC_051707","TNFRSF10A",0.0439,0.0439,0.981471211407856,9.78573323281795e-06,FALSE,FALSE,FALSE,TRUE,FALSE,"Non-significant / other",,,
"TCONS_00286042","XLOC_051707","TNFRSF10A",,,,,,,FALSE,,"XLOC_051707","TNFRSF10A",-0.1966,0.1966,9.78573323281795e-06,9.78573323281795e-06,TRUE,FALSE,FALSE,TRUE,FALSE,"U-significant / missing in T",,,
"TCONS_00290760","XLOC_051707","TNFRSF10A",,,,,,,FALSE,,"XLOC_051707","TNFRSF10A",0.152666666666667,0.152666666666667,0.732738119876148,9.78573323281795e-06,FALSE,TRUE,FALSE,TRUE,FALSE,"Non-significant / other",,,
"TCONS_00295702","XLOC_053451","FSD1L",,,,,,,FALSE,,"XLOC_053451","FSD1L",-0.0925666666666667,0.0925666666666667,0.888336950145284,0.00576110899841558,FALSE,FALSE,FALSE,TRUE,FALSE,"Non-significant / other",,,
"TCONS_00295703","XLOC_053451","FSD1L",,,,,,,FALSE,,"XLOC_053451","FSD1L",-0.00763333333333333,0.00763333333333333,0.968018926657752,0.00576110899841558,FALSE,FALSE,FALSE,TRUE,FALSE,"Non-significant / other",,,
"TCONS_00295705","XLOC_053451","FSD1L",,,,,,,FALSE,,"XLOC_053451","FSD1L",-0.0207666666666667,0.0207666666666667,0.987349534682011,0.00576110899841558,FALSE,FALSE,FALSE,TRUE,FALSE,"Non-significant / other",,,
"TCONS_00295706","XLOC_053451","FSD1L",,,,,,,FALSE,,"XLOC_053451","FSD1L",-0.171066666666667,0.171066666666667,0.57968643143206,0.00576110899841558,FALSE,FALSE,FALSE,TRUE,FALSE,"Non-significant / other",,,
"TCONS_00295707","XLOC_053451","FSD1L",,,,,,,FALSE,,"XLOC_053451","FSD1L",0.193933333333333,0.193933333333333,0.00576110899841558,0.00576110899841558,TRUE,FALSE,FALSE,TRUE,FALSE,"U-significant / missing in T",,,
"TCONS_00302747","XLOC_053451","FSD1L",,,,,,,FALSE,,"XLOC_053451","FSD1L",0.0274,0.0274,0.867630711550066,0.00576110899841558,FALSE,TRUE,FALSE,TRUE,FALSE,"Non-significant / other",,,
"TCONS_00302749","XLOC_053451","FSD1L",,,,,,,FALSE,,"XLOC_053451","FSD1L",0.0232,0.0232,0.923014015808772,0.00576110899841558,FALSE,TRUE,FALSE,TRUE,FALSE,"Non-significant / other",,,
"TCONS_00302751","XLOC_053451","FSD1L",,,,,,,FALSE,,"XLOC_053451","FSD1L",0.0352,0.0352,0.896373912830297,0.00576110899841558,FALSE,TRUE,FALSE,TRUE,FALSE,"Non-significant / other",,,
"TCONS_00303326","XLOC_053451","FSD1L",,,,,,,FALSE,,"XLOC_053451","FSD1L",-0.0224666666666667,0.0224666666666667,1,0.00576110899841558,FALSE,TRUE,FALSE,TRUE,FALSE,"Non-significant / other",,,
"TCONS_00295738","XLOC_053456","TMEM38B",,,,,,,FALSE,,"XLOC_053456","TMEM38B",0.1308,0.1308,0.048590414471039,1.35225990951788e-15,FALSE,FALSE,FALSE,TRUE,FALSE,"Non-significant / other",,,
"TCONS_00295739","XLOC_053456","TMEM38B",,,,,,,FALSE,,"XLOC_053456","TMEM38B",0.0119666666666667,0.0119666666666667,0.99382485545266,1.35225990951788e-15,FALSE,FALSE,FALSE,TRUE,FALSE,"Non-significant / other",,,
"TCONS_00295741","XLOC_053456","TMEM38B",,,,,,,FALSE,,"XLOC_053456","TMEM38B",-0.1405,0.1405,1.35225990951788e-15,1.35225990951788e-15,FALSE,FALSE,FALSE,TRUE,FALSE,"Non-significant / other",,,
"TCONS_00301982","XLOC_053456","TMEM38B",,,,,,,FALSE,,"XLOC_053456","TMEM38B",0.0447333333333333,0.0447333333333333,0.731221247808056,1.35225990951788e-15,FALSE,TRUE,FALSE,TRUE,FALSE,"Non-significant / other",,,
"TCONS_00301984","XLOC_053456","TMEM38B",,,,,,,FALSE,,"XLOC_053456","TMEM38B",-0.0278666666666667,0.0278666666666667,0.980553874233056,1.35225990951788e-15,FALSE,TRUE,FALSE,TRUE,FALSE,"Non-significant / other",,,
"TCONS_00301985","XLOC_053456","TMEM38B",,,,,,,FALSE,,"XLOC_053456","TMEM38B",-0.0133333333333333,0.0133333333333333,0.896373912830297,1.35225990951788e-15,FALSE,TRUE,FALSE,TRUE,FALSE,"Non-significant / other",,,
"TCONS_00301986","XLOC_053456","TMEM38B",,,,,,,FALSE,,"XLOC_053456","TMEM38B",0.00703333333333334,0.00703333333333334,0.99498894148342,1.35225990951788e-15,FALSE,TRUE,FALSE,TRUE,FALSE,"Non-significant / other",,,
"TCONS_00303331","XLOC_053456","TMEM38B",,,,,,,FALSE,,"XLOC_053456","TMEM38B",-0.0217666666666667,0.0217666666666667,0.993013387572304,1.35225990951788e-15,FALSE,TRUE,FALSE,TRUE,FALSE,"Non-significant / other",,,
"TCONS_00296254","XLOC_053589","PBX3",,,,,,,FALSE,,"XLOC_053589","PBX3",-0.309466666666667,0.309466666666667,7.40046585134206e-19,7.40046585134206e-19,TRUE,FALSE,FALSE,TRUE,FALSE,"U-significant / missing in T",,,
"TCONS_00304010","XLOC_053589","PBX3",,,,,,,FALSE,,"XLOC_053589","PBX3",0.309466666666667,0.309466666666667,4.59348712044996e-11,7.40046585134206e-19,TRUE,TRUE,FALSE,TRUE,FALSE,"U-significant / missing in T",,,
"TCONS_00300875","XLOC_054753","PIP5KL1",,,,,,,FALSE,,"XLOC_054753","PIP5KL1",-0.157866666666667,0.157866666666667,0.00838322960872709,0.00838322960872709,TRUE,FALSE,FALSE,TRUE,FALSE,"U-significant / missing in T",,,
"TCONS_00300876","XLOC_054753","PIP5KL1",,,,,,,FALSE,,"XLOC_054753","PIP5KL1",0.0395666666666667,0.0395666666666667,0.988588853578776,0.00838322960872709,FALSE,FALSE,FALSE,TRUE,FALSE,"Non-significant / other",,,
"TCONS_00300877","XLOC_054753","PIP5KL1",,,,,,,FALSE,,"XLOC_054753","PIP5KL1",-0.1896,0.1896,0.934227060203688,0.00838322960872709,FALSE,FALSE,FALSE,TRUE,FALSE,"Non-significant / other",,,
"TCONS_00300878","XLOC_054753","PIP5KL1",,,,,,,FALSE,,"XLOC_054753","PIP5KL1",0.108533333333333,0.108533333333333,0.507648372349588,0.00838322960872709,FALSE,FALSE,FALSE,TRUE,FALSE,"Non-significant / other",,,
"TCONS_00300879","XLOC_054753","PIP5KL1",,,,,,,FALSE,,"XLOC_054753","PIP5KL1",-0.0431,0.0431,0.983288128307913,0.00838322960872709,FALSE,FALSE,FALSE,TRUE,FALSE,"Non-significant / other",,,
"TCONS_00300880","XLOC_054753","PIP5KL1",,,,,,,FALSE,,"XLOC_054753","PIP5KL1",0.2546,0.2546,0.902495735485693,0.00838322960872709,FALSE,FALSE,FALSE,TRUE,FALSE,"Non-significant / other",,,
"TCONS_00300881","XLOC_054753","PIP5KL1",,,,,,,FALSE,,"XLOC_054753","PIP5KL1",-0.0300666666666667,0.0300666666666667,0.867245466503104,0.00838322960872709,FALSE,FALSE,FALSE,TRUE,FALSE,"Non-significant / other",,,
"TCONS_00300883","XLOC_054753","PIP5KL1",,,,,,,FALSE,,"XLOC_054753","PIP5KL1",0.0246666666666667,0.0246666666666667,0.98015599065124,0.00838322960872709,FALSE,FALSE,FALSE,TRUE,FALSE,"Non-significant / other",,,
"TCONS_00300885","XLOC_054753","PIP5KL1",,,,,,,FALSE,,"XLOC_054753","PIP5KL1",-0.0189666666666667,0.0189666666666667,0.981170485656168,0.00838322960872709,FALSE,FALSE,FALSE,TRUE,FALSE,"Non-significant / other",,,
"TCONS_00300886","XLOC_054753","PIP5KL1",,,,,,,FALSE,,"XLOC_054753","PIP5KL1",0.0123333333333333,0.0123333333333333,0.986268306631735,0.00838322960872709,FALSE,FALSE,FALSE,TRUE,FALSE,"Non-significant / other",,,
"TCONS_00308441","XLOC_056164","P2RY8",,,,,,,FALSE,,"XLOC_056164","P2RY8",-0.1769,0.1769,1.0386661745288e-07,1.0386661745288e-07,TRUE,FALSE,FALSE,TRUE,FALSE,"U-significant / missing in T",,,
"TCONS_00308442","XLOC_056164","P2RY8",,,,,,,FALSE,,"XLOC_056164","P2RY8",0.1769,0.1769,2.31617566955217e-05,1.0386661745288e-07,TRUE,FALSE,FALSE,TRUE,FALSE,"U-significant / missing in T",,,
"TCONS_00308928","XLOC_056300","APOO",,,,,,,FALSE,,"XLOC_056300","APOO",-0.1407,0.1407,0.538202031669307,4.84080778984245e-11,FALSE,FALSE,FALSE,TRUE,FALSE,"Non-significant / other",,,
"TCONS_00308929","XLOC_056300","APOO",,,,,,,FALSE,,"XLOC_056300","APOO",-0.00576666666666666,0.00576666666666666,0.996412465219018,4.84080778984245e-11,FALSE,FALSE,FALSE,TRUE,FALSE,"Non-significant / other",,,
"TCONS_00308930","XLOC_056300","APOO",,,,,,,FALSE,,"XLOC_056300","APOO",-0.0510666666666667,0.0510666666666667,0.700707111590236,4.84080778984245e-11,FALSE,FALSE,FALSE,TRUE,FALSE,"Non-significant / other",,,
"TCONS_00308931","XLOC_056300","APOO",,,,,,,FALSE,,"XLOC_056300","APOO",-0.00939999999999996,0.00939999999999996,1,4.84080778984245e-11,FALSE,FALSE,FALSE,TRUE,FALSE,"Non-significant / other",,,
"TCONS_00308932","XLOC_056300","APOO",,,,,,,FALSE,,"XLOC_056300","APOO",-0.000800000000000002,0.000800000000000002,1,4.84080778984245e-11,FALSE,FALSE,FALSE,TRUE,FALSE,"Non-significant / other",,,
"TCONS_00308936","XLOC_056300","APOO",,,,,,,FALSE,,"XLOC_056300","APOO",0.1364,0.1364,4.84080778984245e-11,4.84080778984245e-11,FALSE,FALSE,FALSE,TRUE,FALSE,"Non-significant / other",,,
"TCONS_00313492","XLOC_056300","APOO",,,,,,,FALSE,,"XLOC_056300","APOO",0.0595,0.0595,0.518974159428926,4.84080778984245e-11,FALSE,TRUE,FALSE,TRUE,FALSE,"Non-significant / other",,,
"TCONS_00309649","XLOC_056546","FAM156A",,,,,,,FALSE,,"XLOC_056546","FAM156A",-0.0206333333333333,0.0206333333333333,0.951010413532621,2.18231385302281e-15,FALSE,FALSE,FALSE,TRUE,FALSE,"Non-significant / other",,,
"TCONS_00309668","XLOC_056546","FAM156A",,,,,,,FALSE,,"XLOC_056546","FAM156A",0.00363333333333333,0.00363333333333333,1,2.18231385302281e-15,FALSE,FALSE,FALSE,TRUE,FALSE,"Non-significant / other",,,
"TCONS_00311350","XLOC_057057","RAP2C",,,,,,,FALSE,,"XLOC_057057","RAP2C",0.00833333333333333,0.00833333333333333,0.878339017020807,8.45770181898657e-06,FALSE,FALSE,FALSE,TRUE,FALSE,"Non-significant / other",,,
"TCONS_00311351","XLOC_057057","RAP2C",,,,,,,FALSE,,"XLOC_057057","RAP2C",-0.0198,0.0198,0.988588853578776,8.45770181898657e-06,FALSE,FALSE,FALSE,TRUE,FALSE,"Non-significant / other",,,
"TCONS_00311353","XLOC_057057","RAP2C",,,,,,,FALSE,,"XLOC_057057","RAP2C",0.002,0.002,1,8.45770181898657e-06,FALSE,FALSE,FALSE,TRUE,FALSE,"Non-significant / other",,,
"TCONS_00311354","XLOC_057057","RAP2C",,,,,,,FALSE,,"XLOC_057057","RAP2C",0.121566666666667,0.121566666666667,8.45770181898657e-06,8.45770181898657e-06,FALSE,FALSE,FALSE,TRUE,FALSE,"Non-significant / other",,,
"TCONS_00312774","XLOC_057057","RAP2C",,,,,,,FALSE,,"XLOC_057057","RAP2C",-0.00923333333333332,0.00923333333333332,1,8.45770181898657e-06,FALSE,TRUE,FALSE,TRUE,FALSE,"Non-significant / other",,,
"TCONS_00312775","XLOC_057057","RAP2C",,,,,,,FALSE,,"XLOC_057057","RAP2C",-0.00796666666666667,0.00796666666666667,0.971846844326053,8.45770181898657e-06,FALSE,TRUE,FALSE,TRUE,FALSE,"Non-significant / other",,,
"TCONS_00313675","XLOC_057057","RAP2C",,,,,,,FALSE,,"XLOC_057057","RAP2C",-0.101933333333333,0.101933333333333,0.613499946578573,8.45770181898657e-06,FALSE,TRUE,FALSE,TRUE,FALSE,"Non-significant / other",,,
"TCONS_00314770","XLOC_057581","P2RY8",,,,,,,FALSE,,"XLOC_057581","P2RY8",-0.1769,0.1769,1.0386661745288e-07,1.0386661745288e-07,TRUE,FALSE,FALSE,TRUE,FALSE,"U-significant / missing in T",,,
"TCONS_00314771","XLOC_057581","P2RY8",,,,,,,FALSE,,"XLOC_057581","P2RY8",0.1769,0.1769,2.31617566955217e-05,1.0386661745288e-07,TRUE,FALSE,FALSE,TRUE,FALSE,"U-significant / missing in T",,,
