"iso_ref","gene_ref","isoform_id","gene_id","condition_1","condition_2","gene_name","gene_biotype","iso_biotype","gene_overall_mean","gene_value_1","gene_value_2","gene_stderr_1","gene_stderr_2","gene_log2_fold_change","gene_q_value","iso_overall_mean","iso_value_1","iso_value_2","iso_stderr_1","iso_stderr_2","iso_log2_fold_change","iso_q_value","IF_overall","IF1","IF2","dIF","isoform_switch_q_value","gene_switch_q_value","PTC","IR","gene_id_from_gtf","gene_name_from_gtf","oId","cmp_ref","class_code","is_novel_pacbio"
"isoComp_00001078","geneComp_00000194","TCONS_00001391","XLOC_000332","T_minus","T_plus","XLOC_000332","unknown","unknown",1.58922237451628,1.80388152660236,1.3745632224302,0.163374611979669,0.0340970312290118,-0.389649297459739,,0.0388137633714086,0.0405552589650151,0.037072267777802,0.0405552589650151,0.037072267777802,-0.102983816258872,,0.0273333333333333,0.0266666666666667,0.028,0.00133333333333333,0.998161431539877,0.038586546179063,FALSE,0,"XLOC_000332","CDA","ENST00000461985.1","ENST00000461985.1","=",FALSE
"isoComp_00001079","geneComp_00000194","TCONS_00001392","XLOC_000332","T_minus","T_plus","XLOC_000332","unknown","unknown",1.58922237451628,1.80388152660236,1.3745632224302,0.163374611979669,0.0340970312290118,-0.389649297459739,,0.794227376545333,0.861624180488381,0.726830572602285,0.121641656174795,0.1022414371105,-0.242373297044415,,0.50395,0.478266666666667,0.529633333333333,0.0513666666666666,0.946676792468211,0.038586546179063,FALSE,0,"XLOC_000332","CDA","PB.195.1","ENST00000375071.4","=",TRUE
"isoComp_00001080","geneComp_00000194","TCONS_00027031","XLOC_000332","T_minus","T_plus","XLOC_000332","unknown","unknown",1.58922237451628,1.80388152660236,1.3745632224302,0.163374611979669,0.0340970312290118,-0.389649297459739,,0.607954973288814,0.605249564527518,0.610660382050111,0.199246759389389,0.142614284550392,0.0126323273026673,,0.38825,0.334133333333333,0.442366666666667,0.108233333333333,0.88402433818588,0.038586546179063,FALSE,0,"XLOC_000332","CDA","PB.197.1","ENST00000375071.4","j",TRUE
"isoComp_00001081","geneComp_00000194","TCONS_00029778","XLOC_000332","T_minus","T_plus","XLOC_000332","unknown","unknown",1.58922237451628,1.80388152660236,1.3745632224302,0.163374611979669,0.0340970312290118,-0.389649297459739,,0.148226261310724,0.296452522621449,0,0.109105658696629,0,-4.9375916755435,,0.0804666666666667,0.160933333333333,0,-0.160933333333333,0.038586546179063,0.038586546179063,FALSE,0,"XLOC_000332","CDA","PB.197.2","ENST00000375071.4","j",TRUE
"isoComp_00002112","geneComp_00000337","TCONS_00002540","XLOC_000574","T_minus","T_plus","XLOC_000574","unknown","unknown",7.9761584469975,9.10538176047739,6.84693513351762,0.683842325742791,0.116317023577836,-0.410739204510623,,6.09101545977896,7.68428202323435,4.49774889632357,0.296292665402532,0.0882429714749365,-0.771379558015689,,0.753216666666667,0.849033333333333,0.6574,-0.191633333333333,0.0392160238918131,0.0392160238918131,FALSE,1,"XLOC_000574","AGO4","ENST00000373210.4","ENST00000373210.4","=",FALSE
"isoComp_00002113","geneComp_00000337","TCONS_00002541","XLOC_000574","T_minus","T_plus","XLOC_000574","unknown","unknown",7.9761584469975,9.10538176047739,6.84693513351762,0.683842325742791,0.116317023577836,-0.410739204510623,,0.364967579104526,0.318022205822186,0.411912952386866,0.228149489224837,0.109255215120468,0.363151894840777,,0.0473166666666667,0.0342666666666667,0.0603666666666667,0.0261,0.791754442188018,0.0392160238918131,FALSE,0,"XLOC_000574","AGO4","ENST00000488778.1","ENST00000488778.1","=",FALSE
"isoComp_00002114","geneComp_00000337","TCONS_00002542","XLOC_000574","T_minus","T_plus","XLOC_000574","unknown","unknown",7.9761584469975,9.10538176047739,6.84693513351762,0.683842325742791,0.116317023577836,-0.410739204510623,,1.16901517794863,0.816620941886111,1.52140941401115,0.366824667379647,0.222163330849166,0.889562212110399,,0.15375,0.0861666666666667,0.221333333333333,0.135166666666667,0.263814372431103,0.0392160238918131,FALSE,0,"XLOC_000574","AGO4","ENST00000496257.1","ENST00000496257.1","=",FALSE
"isoComp_00002115","geneComp_00000337","TCONS_00029848","XLOC_000574","T_minus","T_plus","XLOC_000574","unknown","unknown",7.9761584469975,9.10538176047739,6.84693513351762,0.683842325742791,0.116317023577836,-0.410739204510623,,0.351160230165394,0.28645658953475,0.415863870796038,0.164771772877405,0.110901613628264,0.522571475702838,,0.0457166666666667,0.0305333333333333,0.0609,0.0303666666666667,0.826155150287102,0.0392160238918131,FALSE,0,"XLOC_000574","AGO4","PB.392.1","ENST00000373210.4","c",TRUE
"isoComp_00003249","geneComp_00000426","TCONS_00003296","XLOC_000707","T_minus","T_plus","XLOC_000707","unknown","unknown",32.8044538654365,35.7265948630458,29.8823128678272,1.45805925450064,0.721546149589301,-0.257627647263707,,1.8416779741586,1.98063528530975,1.70272066300746,0.326620591882427,0.438758365690396,-0.216939048001332,,0.0560666666666667,0.0554333333333333,0.0567,0.00126666666666667,1,0.0104236252790435,FALSE,0,"XLOC_000707","DMAP1","ENST00000361745.10","ENST00000361745.10","=",FALSE
"isoComp_00003251","geneComp_00000426","TCONS_00003298","XLOC_000707","T_minus","T_plus","XLOC_000707","unknown","unknown",32.8044538654365,35.7265948630458,29.8823128678272,1.45805925450064,0.721546149589301,-0.257627647263707,,0.398394954657124,0.45417945541655,0.342610453897698,0.149950544611703,0.171310456239908,-0.396607423311201,,0.0118,0.0124,0.0112,-0.0012,0.946312450845199,0.0104236252790435,FALSE,0,"XLOC_000707","DMAP1","ENST00000440641.5","ENST00000440641.5","=",FALSE
"isoComp_00003252","geneComp_00000426","TCONS_00003299","XLOC_000707","T_minus","T_plus","XLOC_000707","unknown","unknown",32.8044538654365,35.7265948630458,29.8823128678272,1.45805925450064,0.721546149589301,-0.257627647263707,,2.86835047524138,3.31212045689953,2.42458049358323,0.517556402150713,0.244143376508105,-0.448431184328503,,0.0870666666666667,0.0933,0.0808333333333333,-0.0124666666666667,0.930356517491311,0.0104236252790435,FALSE,1,"XLOC_000707","DMAP1","ENST00000372289.7","ENST00000372289.7","=",FALSE
"isoComp_00003254","geneComp_00000426","TCONS_00003301","XLOC_000707","T_minus","T_plus","XLOC_000707","unknown","unknown",32.8044538654365,35.7265948630458,29.8823128678272,1.45805925450064,0.721546149589301,-0.257627647263707,,0.57583912063949,0.642390544666314,0.509287696612667,0.094095782372882,0.199582340544189,-0.329201828372927,,0.0174,0.0178333333333333,0.0169666666666667,-0.000866666666666668,0.968736314872131,0.0104236252790435,TRUE,0,"XLOC_000707","DMAP1","ENST00000437511.5","ENST00000437511.5","=",FALSE
"isoComp_00003258","geneComp_00000426","TCONS_00003305","XLOC_000707","T_minus","T_plus","XLOC_000707","unknown","unknown",32.8044538654365,35.7265948630458,29.8823128678272,1.45805925450064,0.721546149589301,-0.257627647263707,,10.8200482852472,14.3052745625305,7.33482200796384,1.30342080648197,0.897909994589981,-0.962755906532735,,0.3224,0.3988,0.246,-0.1528,0.0104236252790435,0.0104236252790435,FALSE,0,"XLOC_000707","DMAP1","PB.546.1","ENST00000315913.9","=",TRUE
"isoComp_00003259","geneComp_00000426","TCONS_00003306","XLOC_000707","T_minus","T_plus","XLOC_000707","unknown","unknown",32.8044538654365,35.7265948630458,29.8823128678272,1.45805925450064,0.721546149589301,-0.257627647263707,,0.411199527705203,0.315339148974389,0.507059906436017,0.17179304962017,0.0752305130193561,0.668387004148379,,0.01295,0.00903333333333333,0.0168666666666667,0.00783333333333333,0.810548597578339,0.0104236252790435,FALSE,1,"XLOC_000707","DMAP1","ENST00000463950.1","ENST00000463950.1","=",FALSE
"isoComp_00003261","geneComp_00000426","TCONS_00003308","XLOC_000707","T_minus","T_plus","XLOC_000707","unknown","unknown",32.8044538654365,35.7265948630458,29.8823128678272,1.45805925450064,0.721546149589301,-0.257627647263707,,2.27137209289419,2.37207051560268,2.1706736701857,0.213654935034691,0.332913059964266,-0.127442229321285,,0.06965,0.0667333333333333,0.0725666666666667,0.00583333333333333,0.970640907799963,0.0104236252790435,FALSE,0,"XLOC_000707","DMAP1","ENST00000488433.5","ENST00000488433.5","=",FALSE
"isoComp_00003262","geneComp_00000426","TCONS_00003309","XLOC_000707","T_minus","T_plus","XLOC_000707","unknown","unknown",32.8044538654365,35.7265948630458,29.8823128678272,1.45805925450064,0.721546149589301,-0.257627647263707,,0.433745533000283,0,0.867491066000567,0,0.867491066000567,6.4553125318689,,0.0141833333333333,0,0.0283666666666667,0.0283666666666667,0.910669119862254,0.0104236252790435,TRUE,0,"XLOC_000707","DMAP1","ENST00000483741.1","ENST00000483741.1","=",FALSE
"isoComp_00003263","geneComp_00000426","TCONS_00022086","XLOC_000707","T_minus","T_plus","XLOC_000707","unknown","unknown",32.8044538654365,35.7265948630458,29.8823128678272,1.45805925450064,0.721546149589301,-0.257627647263707,,0.97791690021427,1.00547310194332,0.950360698485223,0.147491542522115,0.169262633584752,-0.0805037562749874,,0.0299833333333333,0.0282,0.0317666666666667,0.00356666666666667,0.954571790506809,0.0104236252790435,FALSE,2,"XLOC_000707","DMAP1","PB.546.3","ENST00000315913.9","n",TRUE
"isoComp_00003264","geneComp_00000426","TCONS_00027233","XLOC_000707","T_minus","T_plus","XLOC_000707","unknown","unknown",32.8044538654365,35.7265948630458,29.8823128678272,1.45805925450064,0.721546149589301,-0.257627647263707,,5.81119671673026,6.98630742874338,4.63608600471713,1.13739391729366,0.774628518590183,-0.590577824501521,,0.174383333333333,0.1936,0.155166666666667,-0.0384333333333333,0.79039000722064,0.0104236252790435,FALSE,0,"XLOC_000707","DMAP1","PB.549.1","ENST00000315913.9","c",TRUE
"isoComp_00003265","geneComp_00000426","TCONS_00027234","XLOC_000707","T_minus","T_plus","XLOC_000707","unknown","unknown",32.8044538654365,35.7265948630458,29.8823128678272,1.45805925450064,0.721546149589301,-0.257627647263707,,5.60047575019769,3.46270497373824,7.73824652665713,0.995765520601538,0.883581904648963,1.15781000634516,,0.180033333333333,0.0995666666666667,0.2605,0.160933333333333,0.0807719194277176,0.0104236252790435,,0,"XLOC_000707","DMAP1","PB.549.2","ENST00000315913.9","c",TRUE
"isoComp_00004559","geneComp_00000582","TCONS_00004795","XLOC_001048","T_minus","T_plus","XLOC_001048","unknown","unknown",7.36273034168664,9.53894205129738,5.1865186320759,0.357740590843033,0.152410004659531,-0.877795478228674,,1.90656708364948,1.96107484437737,1.85205932292159,0.273357589322883,0.238603558483373,-0.0820835223833436,,0.28165,0.207733333333333,0.355566666666667,0.147833333333333,0.312277357668931,0.0461894919003621,FALSE,0,"XLOC_001048","PRKACB","ENST00000370689.6","ENST00000370689.6","=",FALSE
"isoComp_00004560","geneComp_00000582","TCONS_00004796","XLOC_001048","T_minus","T_plus","XLOC_001048","unknown","unknown",7.36273034168664,9.53894205129738,5.1865186320759,0.357740590843033,0.152410004659531,-0.877795478228674,,0.178399929788534,0.232076899850026,0.124722959727042,0.0343560175893764,0.0382601652289249,-0.845469678543628,,0.0239666666666667,0.0241666666666667,0.0237666666666667,-0.000399999999999998,0.99827197286669,0.0461894919003621,FALSE,0,"XLOC_001048","PRKACB","ENST00000370688.7","ENST00000370688.7","=",FALSE
"isoComp_00004561","geneComp_00000582","TCONS_00004798","XLOC_001048","T_minus","T_plus","XLOC_001048","unknown","unknown",7.36273034168664,9.53894205129738,5.1865186320759,0.357740590843033,0.152410004659531,-0.877795478228674,,2.32236419658632,3.79382754826595,0.850900844906684,0.709766801598631,0.108768905066737,-2.143532852628,,0.280083333333333,0.394633333333333,0.165533333333333,-0.2291,0.0461894919003621,0.0461894919003621,FALSE,0,"XLOC_001048","PRKACB","ENST00000370685.7","ENST00000370685.7","=",FALSE
"isoComp_00004562","geneComp_00000582","TCONS_00004804","XLOC_001048","T_minus","T_plus","XLOC_001048","unknown","unknown",7.36273034168664,9.53894205129738,5.1865186320759,0.357740590843033,0.152410004659531,-0.877795478228674,,2.55863690759145,2.8393689907529,2.27790482443,1.04479637836426,0.138608925424546,-0.316615423433776,,0.370216666666667,0.301033333333333,0.4394,0.138366666666667,0.764159788807256,0.0461894919003621,FALSE,0,"XLOC_001048","PRKACB","ENST00000610703.4","ENST00000610703.4","=",FALSE
"isoComp_00004566","geneComp_00000582","TCONS_00027439","XLOC_001048","T_minus","T_plus","XLOC_001048","unknown","unknown",7.36273034168664,9.53894205129738,5.1865186320759,0.357740590843033,0.152410004659531,-0.877795478228674,,0.219136500276804,0.438273000553608,0,0.438273000553608,0,-5.48630570348759,,0.0220666666666667,0.0441333333333333,0,-0.0441333333333333,0.950950830181264,0.0461894919003621,FALSE,0,"XLOC_001048","PRKACB","PB.757.5","ENST00000614872.4","j",TRUE
"isoComp_00004567","geneComp_00000582","TCONS_00030066","XLOC_001048","T_minus","T_plus","XLOC_001048","unknown","unknown",7.36273034168664,9.53894205129738,5.1865186320759,0.357740590843033,0.152410004659531,-0.877795478228674,,0.11874588734555,0.199646732806795,0.0378450418843039,0.134750392090731,0.0224998434458738,-2.13151901392452,,0.01385,0.0202,0.0075,-0.0127,0.946246617521928,0.0461894919003621,FALSE,0,"XLOC_001048","PRKACB","PB.787.4","ENST00000614872.4","j",TRUE
"isoComp_00005657","geneComp_00000721","TCONS_00005889","XLOC_001303","T_minus","T_plus","XLOC_001303","unknown","unknown",9.53081560940372,9.79879712090347,9.26283409790397,1.00366179091015,0.0322894775900222,-0.0810658821220062,,8.06899112808553,9.21309788884071,6.92488436733035,0.864003937156548,0.103193084182018,-0.411379582727844,,0.844783333333333,0.9419,0.747666666666667,-0.194233333333333,1.14088211584295e-05,1.14088211584295e-05,FALSE,2,"XLOC_001303","CTTNBP2NL","ENST00000271277.11","ENST00000271277.11","=",FALSE
"isoComp_00005658","geneComp_00000721","TCONS_00005890","XLOC_001303","T_minus","T_plus","XLOC_001303","unknown","unknown",9.53081560940372,9.79879712090347,9.26283409790397,1.00366179091015,0.0322894775900222,-0.0810658821220062,,0.397902545605809,0.267029185515392,0.528775905696226,0.117668573813908,0.122043793629156,0.959647359504569,,0.0412166666666667,0.0254,0.0570333333333333,0.0316333333333333,0.666113991628464,1.14088211584295e-05,,0,"XLOC_001303","CTTNBP2NL","ENST00000441739.1","ENST00000441739.1","=",FALSE
"isoComp_00005660","geneComp_00000721","TCONS_00005892","XLOC_001303","T_minus","T_plus","XLOC_001303","unknown","unknown",9.53081560940372,9.79879712090347,9.26283409790397,1.00366179091015,0.0322894775900222,-0.0810658821220062,,0.264839004417593,0.169624455998518,0.360053552836667,0.0581892406408092,0.133216240904476,1.04275028013913,,0.0278,0.0167333333333333,0.0388666666666667,0.0221333333333333,0.793653795625581,1.14088211584295e-05,FALSE,0,"XLOC_001303","CTTNBP2NL","ENST00000607039.1","ENST00000607039.1","=",FALSE
"isoComp_00005662","geneComp_00000721","TCONS_00022417","XLOC_001303","T_minus","T_plus","XLOC_001303","unknown","unknown",9.53081560940372,9.79879712090347,9.26283409790397,1.00366179091015,0.0322894775900222,-0.0810658821220062,,0.749111839453014,0.0713467675319827,1.42687691137405,0.0713467675319827,0.100300834198993,4.14270765101852,,0.0800833333333333,0.0062,0.153966666666667,0.147766666666667,0.00541347371679368,1.14088211584295e-05,TRUE,1,"XLOC_001303","CTTNBP2NL","PB.935.7","ENST00000271277.11","j",TRUE
"isoComp_00005842","geneComp_00000748","TCONS_00006054","XLOC_001352","T_minus","T_plus","XLOC_001352","unknown","unknown",7.16244503524879,9.45797967834809,4.86691039214948,0.698585283178762,0.101941335329943,-0.957089144852326,,2.88727948550447,3.92418097991668,1.85037799109225,0.153856329230272,0.0451522377422644,-1.08046754839829,,0.39975,0.4193,0.3802,-0.0391,0.873336871084596,0.032986730597945,FALSE,1,"XLOC_001352","PTGFRN","ENST00000393203.3","ENST00000393203.3","=",FALSE
"isoComp_00005843","geneComp_00000748","TCONS_00006055","XLOC_001352","T_minus","T_plus","XLOC_001352","unknown","unknown",7.16244503524879,9.45797967834809,4.86691039214948,0.698585283178762,0.101941335329943,-0.957089144852326,,0.124577335585146,0.249154671170291,0,0.172727808586413,0,-4.69574149290663,,0.01255,0.0251,0,-0.0251,0.674817729477614,0.032986730597945,FALSE,0,"XLOC_001352","PTGFRN","ENST00000496699.1","ENST00000496699.1","=",FALSE
"isoComp_00005844","geneComp_00000748","TCONS_00006056","XLOC_001352","T_minus","T_plus","XLOC_001352","unknown","unknown",7.16244503524879,9.45797967834809,4.86691039214948,0.698585283178762,0.101941335329943,-0.957089144852326,,1.92223619343093,3.00113739993315,0.843334986928706,0.717108593885607,0.139896397025971,-1.81912443540383,,0.242033333333333,0.311466666666667,0.1726,-0.138866666666667,0.37600996361984,0.032986730597945,,0,"XLOC_001352","PTGFRN","ENST00000497385.1","ENST00000497385.1","=",FALSE
"isoComp_00005845","geneComp_00000748","TCONS_00027653","XLOC_001352","T_minus","T_plus","XLOC_001352","unknown","unknown",7.16244503524879,9.45797967834809,4.86691039214948,0.698585283178762,0.101941335329943,-0.957089144852326,,2.17812169900404,2.28350662732797,2.07273677068012,0.0985413771664626,0.134309093706045,-0.139074562181203,,0.335616666666667,0.2441,0.427133333333333,0.183033333333333,0.032986730597945,0.032986730597945,FALSE,0,"XLOC_001352","PTGFRN","PB.1046.1","ENST00000393203.3","c",TRUE
"isoComp_00005846","geneComp_00000748","TCONS_00027654","XLOC_001352","T_minus","T_plus","XLOC_001352","unknown","unknown",7.16244503524879,9.45797967834809,4.86691039214948,0.698585283178762,0.101941335329943,-0.957089144852326,,0.0502303217242063,0,0.100460643448413,0,0.0698061257213402,3.46546053133012,,0.01005,0,0.0201,0.0201,0.60330973667485,0.032986730597945,FALSE,0,"XLOC_001352","PTGFRN","PB.1046.2","ENST00000393203.3","j",TRUE
"isoComp_00006550","geneComp_00000854","TCONS_00006676","XLOC_001524","T_minus","T_plus","XLOC_001524","unknown","unknown",24.6492635509119,29.6153998407275,19.6831272610964,3.71731737408651,0.824271055156567,-0.589142396695894,,0.255619983666607,0.259811628273594,0.25142833905962,0.132275884203332,0.145639352874866,-0.0455369875244026,,0.0107166666666667,0.00923333333333333,0.0122,0.00296666666666667,0.993563785997512,0.00232716627088813,FALSE,0,"XLOC_001524","ADAMTSL4","ENST00000369039.9","ENST00000369039.9","=",FALSE
"isoComp_00006551","geneComp_00000854","TCONS_00006677","XLOC_001524","T_minus","T_plus","XLOC_001524","unknown","unknown",24.6492635509119,29.6153998407275,19.6831272610964,3.71731737408651,0.824271055156567,-0.589142396695894,,1.41710418882055,1.54730796263557,1.28690041500553,0.265669132722106,0.382730131395406,-0.263986566466065,,0.0577833333333333,0.0515333333333333,0.0640333333333333,0.0125,0.926225341353023,0.00232716627088813,FALSE,0,"XLOC_001524","ADAMTSL4","ENST00000369041.9","ENST00000369041.9","=",FALSE
"isoComp_00006552","geneComp_00000854","TCONS_00006678","XLOC_001524","T_minus","T_plus","XLOC_001524","unknown","unknown",24.6492635509119,29.6153998407275,19.6831272610964,3.71731737408651,0.824271055156567,-0.589142396695894,,10.2844915716664,10.6770134438984,9.8919696994345,0.568764900409596,0.155482636623531,-0.1100712990829,,0.4359,0.368,0.5038,0.1358,0.0398633506527514,0.00232716627088813,FALSE,0,"XLOC_001524","ADAMTSL4","ENST00000271643.9","ENST00000271643.9","=",FALSE
"isoComp_00006553","geneComp_00000854","TCONS_00006679","XLOC_001524","T_minus","T_plus","XLOC_001524","unknown","unknown",24.6492635509119,29.6153998407275,19.6831272610964,3.71731737408651,0.824271055156567,-0.589142396695894,,0.502991059236926,0.758734434655415,0.247247683818437,0.173796396423046,0.0230564910986043,-1.57932720634643,,0.0192333333333333,0.0259333333333333,0.0125333333333333,-0.0134,0.510738427903624,0.00232716627088813,FALSE,0,"XLOC_001524","ADAMTSL4","ENST00000483335.1","ENST00000483335.1","=",FALSE
"isoComp_00006555","geneComp_00000854","TCONS_00006683","XLOC_001524","T_minus","T_plus","XLOC_001524","unknown","unknown",24.6492635509119,29.6153998407275,19.6831272610964,3.71731737408651,0.824271055156567,-0.589142396695894,,1.01673837872864,1.26163732038301,0.771839437074266,0.327165676742322,0.144185033629438,-0.701742999714653,,0.0403666666666667,0.041,0.0397333333333333,-0.00126666666666667,0.993245236754558,0.00232716627088813,FALSE,0,"XLOC_001524","ADAMTSL4","ENST00000369038.6","ENST00000369038.6","=",FALSE
"isoComp_00006556","geneComp_00000854","TCONS_00006684","XLOC_001524","T_minus","T_plus","XLOC_001524","unknown","unknown",24.6492635509119,29.6153998407275,19.6831272610964,3.71731737408651,0.824271055156567,-0.589142396695894,,11.0996568631471,14.9655720395902,7.23374168670408,2.52889647704547,0.253449781451515,-1.04780410687027,,0.433716666666667,0.4997,0.367733333333333,-0.131966666666667,0.00232716627088813,0.00232716627088813,FALSE,0,"XLOC_001524","ADAMTSL4","ENST00000489159.1","ENST00000489159.1","=",FALSE
"isoComp_00007422","geneComp_00000943","TCONS_00007384","XLOC_001687","T_minus","T_plus","XLOC_001687","unknown","unknown",3.35830504209113,4.36046014349817,2.35614994068409,0.60426453658542,0.151117161051153,-0.885243682943605,,0.472024486563548,0.314403449255663,0.629645523871432,0.19252688744172,0.126247150431945,0.979483460501968,,0.167216666666667,0.0640333333333333,0.2704,0.206366666666667,0.157591204839591,0.0241419353695401,FALSE,0,"XLOC_001687","TMEM79","ENST00000463670.5","ENST00000463670.5","=",FALSE
"isoComp_00007423","geneComp_00000943","TCONS_00007385","XLOC_001687","T_minus","T_plus","XLOC_001687","unknown","unknown",3.35830504209113,4.36046014349817,2.35614994068409,0.60426453658542,0.151117161051153,-0.885243682943605,,2.00744572349985,3.06073992893034,0.954151518069366,0.509960184056171,0.188477307433644,-1.67125453950543,,0.54955,0.696433333333333,0.402666666666667,-0.293766666666667,0.0241419353695401,0.0241419353695401,FALSE,1,"XLOC_001687","TMEM79","ENST00000295694.9","ENST00000295694.9","=",FALSE
"isoComp_00007424","geneComp_00000943","TCONS_00007386","XLOC_001687","T_minus","T_plus","XLOC_001687","unknown","unknown",3.35830504209113,4.36046014349817,2.35614994068409,0.60426453658542,0.151117161051153,-0.885243682943605,,0.175827482270341,0.193817594781502,0.15783736975918,0.0990441792274118,0.089332136406808,-0.280214624937112,,0.0571833333333333,0.0420333333333333,0.0723333333333333,0.0303,0.971807915567184,0.0241419353695401,FALSE,0,"XLOC_001687","TMEM79","ENST00000357501.6","ENST00000357501.6","=",FALSE
"isoComp_00007425","geneComp_00000943","TCONS_00007387","XLOC_001687","T_minus","T_plus","XLOC_001687","unknown","unknown",3.35830504209113,4.36046014349817,2.35614994068409,0.60426453658542,0.151117161051153,-0.885243682943605,,0.659730263390834,0.791499170530666,0.527961356251001,0.161738940865233,0.126515868390393,-0.575198484942984,,0.208133333333333,0.1975,0.218766666666667,0.0212666666666667,0.964195285902499,0.0241419353695401,TRUE,2,"XLOC_001687","TMEM79","ENST00000495881.1","ENST00000495881.1","=",FALSE
"isoComp_00007426","geneComp_00000943","TCONS_00007390","XLOC_001687","T_minus","T_plus","XLOC_001687","unknown","unknown",3.35830504209113,4.36046014349817,2.35614994068409,0.60426453658542,0.151117161051153,-0.885243682943605,,0.0432770863665572,0,0.0865541727331144,0,0.0593551616705022,3.27133860874908,,0.0179166666666667,0,0.0358333333333333,0.0358333333333333,0.624586882633732,0.0241419353695401,FALSE,0,"XLOC_001687","TMEM79","ENST00000485135.1","ENST00000485135.1","=",FALSE
"isoComp_00007517","geneComp_00000962","TCONS_00007518","XLOC_001715","T_minus","T_plus","XLOC_001715","unknown","unknown",24.3548459544193,31.7611339811033,16.9485579277353,0.319945086934637,2.22711841004853,-0.90570308847046,,1.22883938422119,1.10335040866707,1.3543283597753,0.320352174867263,0.269458658370562,0.293283178227182,,0.0567833333333333,0.0349333333333333,0.0786333333333333,0.0437,0.267654944898505,2.77577300933962e-19,FALSE,4,"XLOC_001715","CD1D","PB.1386.6","ENST00000674047.1","=",TRUE
"isoComp_00007518","geneComp_00000962","TCONS_00022696","XLOC_001715","T_minus","T_plus","XLOC_001715","unknown","unknown",24.3548459544193,31.7611339811033,16.9485579277353,0.319945086934637,2.22711841004853,-0.90570308847046,,3.90799698990869,5.41913759552608,2.39685638429131,0.692726001983508,0.386150920471709,-1.17357298823716,,0.160316666666667,0.170266666666667,0.150366666666667,-0.0199,0.930027556851579,2.77577300933962e-19,FALSE,2,"XLOC_001715","CD1D","PB.1306.1","ENST00000673723.4","j",TRUE
"isoComp_00007519","geneComp_00000962","TCONS_00022697","XLOC_001715","T_minus","T_plus","XLOC_001715","unknown","unknown",24.3548459544193,31.7611339811033,16.9485579277353,0.319945086934637,2.22711841004853,-0.90570308847046,,0.733719401174238,1.01695153037817,0.45048727197031,0.25187244338791,0.0415770014233725,-1.15713490617215,,0.0299333333333333,0.0318666666666667,0.028,-0.00386666666666667,0.981054508722999,2.77577300933962e-19,FALSE,1,"XLOC_001715","CD1D","PB.1386.1","ENST00000673723.4","j",TRUE
"isoComp_00007521","geneComp_00000962","TCONS_00025809","XLOC_001715","T_minus","T_plus","XLOC_001715","unknown","unknown",24.3548459544193,31.7611339811033,16.9485579277353,0.319945086934637,2.22711841004853,-0.90570308847046,,2.18831741519105,3.00746718202192,1.36916764836019,0.257802330053983,0.759463122189619,-1.12954024220049,,0.08385,0.0947333333333333,0.0729666666666667,-0.0217666666666667,0.85153956557028,2.77577300933962e-19,FALSE,2,"XLOC_001715","CD1D","PB.1051.1","ENST00000673723.4","j",TRUE
"isoComp_00007522","geneComp_00000962","TCONS_00025810","XLOC_001715","T_minus","T_plus","XLOC_001715","unknown","unknown",24.3548459544193,31.7611339811033,16.9485579277353,0.319945086934637,2.22711841004853,-0.90570308847046,,1.00959116135208,0.929753622379878,1.08942870032428,0.256724202741693,0.163420737641747,0.226399569777703,,0.0472833333333333,0.0292333333333333,0.0653333333333333,0.0361,0.351251489584081,2.77577300933962e-19,FALSE,3,"XLOC_001715","CD1D","PB.1051.4","ENST00000673723.4","m",TRUE
"isoComp_00007524","geneComp_00000962","TCONS_00027867","XLOC_001715","T_minus","T_plus","XLOC_001715","unknown","unknown",24.3548459544193,31.7611339811033,16.9485579277353,0.319945086934637,2.22711841004853,-0.90570308847046,,0.451607654327579,0.583086667723221,0.320128640931937,0.134411652663466,0.0608903203180298,-0.845214633410721,,0.0192,0.0183,0.0201,0.0018,0.988002230179986,2.77577300933962e-19,FALSE,1,"XLOC_001715","CD1D","PB.1386.4","ENST00000673723.4","j",TRUE
"isoComp_00007525","geneComp_00000962","TCONS_00027869","XLOC_001715","T_minus","T_plus","XLOC_001715","unknown","unknown",24.3548459544193,31.7611339811033,16.9485579277353,0.319945086934637,2.22711841004853,-0.90570308847046,,1.30344747208183,2.60689494416366,0,0.238161191932179,0,-8.03171219800617,,0.0409666666666667,0.0819333333333333,0,-0.0819333333333333,2.77577300933962e-19,2.77577300933962e-19,FALSE,1,"XLOC_001715","CD1D","PB.1386.9","ENST00000673723.4","j",TRUE
"isoComp_00007526","geneComp_00000962","TCONS_00027872","XLOC_001715","T_minus","T_plus","XLOC_001715","unknown","unknown",24.3548459544193,31.7611339811033,16.9485579277353,0.319945086934637,2.22711841004853,-0.90570308847046,,0.368432658155207,0.376637743846818,0.360227572463596,0.0736472499690248,0.206045948152841,-0.0625701383146958,,0.0157,0.0118666666666667,0.0195333333333333,0.00766666666666667,0.996865376668892,2.77577300933962e-19,FALSE,0,"XLOC_001715","CD1D","PB.1386.13","ENST00000673723.4","j",TRUE
"isoComp_00007527","geneComp_00000962","TCONS_00027873","XLOC_001715","T_minus","T_plus","XLOC_001715","unknown","unknown",24.3548459544193,31.7611339811033,16.9485579277353,0.319945086934637,2.22711841004853,-0.90570308847046,,8.44277674919008,12.5451634012109,4.34039009716925,0.823959964587109,0.449500029737716,-1.52906412734782,,0.326683333333333,0.395233333333333,0.258133333333333,-0.1371,0.0145783575163303,2.77577300933962e-19,FALSE,1,"XLOC_001715","CD1D","PB.1386.14","ENST00000673723.4","c",TRUE
"isoComp_00007528","geneComp_00000962","TCONS_00027874","XLOC_001715","T_minus","T_plus","XLOC_001715","unknown","unknown",24.3548459544193,31.7611339811033,16.9485579277353,0.319945086934637,2.22711841004853,-0.90570308847046,,1.43972016020886,0.273980180702504,2.60546013971521,0.211221772614309,0.402922800684324,3.20320263210031,,0.0833666666666667,0.00876666666666667,0.157966666666667,0.1492,0.00781646280634204,2.77577300933962e-19,FALSE,0,"XLOC_001715","CD1D","PB.1386.15","ENST00000673723.4","c",TRUE
"isoComp_00007529","geneComp_00000962","TCONS_00027875","XLOC_001715","T_minus","T_plus","XLOC_001715","unknown","unknown",24.3548459544193,31.7611339811033,16.9485579277353,0.319945086934637,2.22711841004853,-0.90570308847046,,0.534134119651924,0.438704523976767,0.629563715327081,0.173481333705661,0.238376439447144,0.511322362253058,,0.0243833333333333,0.0137,0.0350666666666667,0.0213666666666667,0.476510065085788,2.77577300933962e-19,FALSE,0,"XLOC_001715","CD1D","PB.1386.16","ENST00000673723.4","j",TRUE
"isoComp_00007530","geneComp_00000962","TCONS_00030386","XLOC_001715","T_minus","T_plus","XLOC_001715","unknown","unknown",24.3548459544193,31.7611339811033,16.9485579277353,0.319945086934637,2.22711841004853,-0.90570308847046,,0.822863051774065,0.88000270558509,0.76572339796304,0.279177442619472,0.0525325448371973,-0.198267403867154,,0.0372333333333333,0.0276,0.0468666666666667,0.0192666666666667,0.683010901789041,2.77577300933962e-19,TRUE,2,"XLOC_001715","CD1D","PB.1491.4","ENST00000673723.4","j",TRUE
"isoComp_00007531","geneComp_00000962","TCONS_00030389","XLOC_001715","T_minus","T_plus","XLOC_001715","unknown","unknown",24.3548459544193,31.7611339811033,16.9485579277353,0.319945086934637,2.22711841004853,-0.90570308847046,,1.11957836625513,1.69759526664994,0.541561465860311,0.753850158793238,0.379430283871291,-1.63037249520826,,0.0408,0.0539,0.0277,-0.0262,0.833370670547001,2.77577300933962e-19,FALSE,0,"XLOC_001715","CD1D","PB.1491.9","ENST00000673723.4","j",TRUE
"isoComp_00007532","geneComp_00000962","TCONS_00030390","XLOC_001715","T_minus","T_plus","XLOC_001715","unknown","unknown",24.3548459544193,31.7611339811033,16.9485579277353,0.319945086934637,2.22711841004853,-0.90570308847046,,0.305223860828669,0.416171632473244,0.194276089184093,0.386154699511046,0.194276089184093,-1.0609142209289,,0.011,0.0129333333333333,0.00906666666666667,-0.00386666666666667,0.962908690010673,2.77577300933962e-19,FALSE,0,"XLOC_001715","CD1D","PB.1491.12","ENST00000673723.4","j",TRUE
"isoComp_00008598","geneComp_00001099","TCONS_00008513","XLOC_001966","T_minus","T_plus","XLOC_001966","unknown","unknown",17.7463871366536,23.5254362776214,11.9673379956857,3.25041894301135,0.409715406531139,-0.974527296740162,,5.70306237854914,7.03793563930033,4.36818911779794,1.61396747438526,0.171693136426363,-0.686866476132552,,0.327666666666667,0.290133333333333,0.3652,0.0750666666666666,0.532854286116013,0.00325413777445229,FALSE,0,"XLOC_001966","RASAL2","ENST00000367649.8","ENST00000367649.8","=",FALSE
"isoComp_00008599","geneComp_00001099","TCONS_00008514","XLOC_001966","T_minus","T_plus","XLOC_001966","unknown","unknown",17.7463871366536,23.5254362776214,11.9673379956857,3.25041894301135,0.409715406531139,-0.974527296740162,,0.213452553378625,0.172895656805895,0.254009449951355,0.0905083332656143,0.0228342511826126,0.529568754274946,,0.0138,0.00643333333333333,0.0211666666666667,0.0147333333333333,0.552183043860603,0.00325413777445229,TRUE,0,"XLOC_001966","RASAL2","ENST00000465723.1","ENST00000465723.1","=",FALSE
"isoComp_00008601","geneComp_00001099","TCONS_00008516","XLOC_001966","T_minus","T_plus","XLOC_001966","unknown","unknown",17.7463871366536,23.5254362776214,11.9673379956857,3.25041894301135,0.409715406531139,-0.974527296740162,,0.808136793702099,1.20656059172162,0.409712995682581,0.115941518253006,0.0937293657209588,-1.53533313701531,,0.04335,0.0520333333333333,0.0346666666666667,-0.0173666666666667,0.761978199319848,0.00325413777445229,FALSE,0,"XLOC_001966","RASAL2","ENST00000462775.5","ENST00000462775.5","=",FALSE
"isoComp_00008603","geneComp_00001099","TCONS_00008518","XLOC_001966","T_minus","T_plus","XLOC_001966","unknown","unknown",17.7463871366536,23.5254362776214,11.9673379956857,3.25041894301135,0.409715406531139,-0.974527296740162,,4.79251752773661,7.60778814408609,1.97724691138713,0.598444795544357,0.28970749864477,-1.93860103047135,,0.246866666666667,0.329766666666667,0.163966666666667,-0.1658,0.00325413777445229,0.00325413777445229,FALSE,0,"XLOC_001966","RASAL2","ENST00000696607.1","ENST00000696607.1","=",FALSE
"isoComp_00008604","geneComp_00001099","TCONS_00008521","XLOC_001966","T_minus","T_plus","XLOC_001966","unknown","unknown",17.7463871366536,23.5254362776214,11.9673379956857,3.25041894301135,0.409715406531139,-0.974527296740162,,0.61757857155085,0.500529178494391,0.734627964607309,0.104227048268566,0.0965493392307862,0.544526379389239,,0.0415,0.0209666666666667,0.0620333333333333,0.0410666666666667,0.0493292442686348,0.00325413777445229,TRUE,0,"XLOC_001966","RASAL2","ENST00000463079.1","ENST00000463079.1","=",FALSE
"isoComp_00008605","geneComp_00001099","TCONS_00022879","XLOC_001966","T_minus","T_plus","XLOC_001966","unknown","unknown",17.7463871366536,23.5254362776214,11.9673379956857,3.25041894301135,0.409715406531139,-0.974527296740162,,1.46257207285889,1.0116806428617,1.91346350285608,0.702696941490373,0.208179713175398,0.912762146349262,,0.09905,0.0383666666666667,0.159733333333333,0.121366666666667,0.38911260612806,0.00325413777445229,FALSE,0,"XLOC_001966","RASAL2","PB.1476.1","ENST00000696605.1","c",TRUE
"isoComp_00008606","geneComp_00001099","TCONS_00022880","XLOC_001966","T_minus","T_plus","XLOC_001966","unknown","unknown",17.7463871366536,23.5254362776214,11.9673379956857,3.25041894301135,0.409715406531139,-0.974527296740162,,1.03711231060281,1.42500216143425,0.649222459771376,0.590317500950241,0.267698594180369,-1.12221560869684,,0.0575333333333333,0.0612,0.0538666666666667,-0.00733333333333334,0.988002230179986,0.00325413777445229,FALSE,0,"XLOC_001966","RASAL2","PB.1476.2","ENST00000696605.1","c",TRUE
"isoComp_00008607","geneComp_00001099","TCONS_00022881","XLOC_001966","T_minus","T_plus","XLOC_001966","unknown","unknown",17.7463871366536,23.5254362776214,11.9673379956857,3.25041894301135,0.409715406531139,-0.974527296740162,,1.96387122217628,3.0752142005596,0.852528243792955,0.38189300154661,0.201112047095155,-1.83872705220272,,0.102783333333333,0.133,0.0725666666666667,-0.0604333333333333,0.409982880190471,0.00325413777445229,FALSE,0,"XLOC_001966","RASAL2","PB.1476.3","ENST00000696605.1","c",TRUE
"isoComp_00008608","geneComp_00001099","TCONS_00028047","XLOC_001966","T_minus","T_plus","XLOC_001966","unknown","unknown",17.7463871366536,23.5254362776214,11.9673379956857,3.25041894301135,0.409715406531139,-0.974527296740162,,0.54057569292517,0.825039450674047,0.256111935176292,0.281332856168151,0.129024745427235,-1.64981114101528,,0.0307166666666667,0.0406666666666667,0.0207666666666667,-0.0199,0.878571569337054,0.00325413777445229,FALSE,0,"XLOC_001966","RASAL2","PB.1574.2","ENST00000367649.8","j",TRUE
"isoComp_00008609","geneComp_00001099","TCONS_00030480","XLOC_001966","T_minus","T_plus","XLOC_001966","unknown","unknown",17.7463871366536,23.5254362776214,11.9673379956857,3.25041894301135,0.409715406531139,-0.974527296740162,,0.375864119926147,0.451362775244949,0.300365464607344,0.320087992123497,0.0839061846176734,-0.571933572803851,,0.02095,0.0166333333333333,0.0252666666666667,0.00863333333333333,0.859842903594247,0.00325413777445229,FALSE,0,"XLOC_001966","XLOC_001966","PB.1678.3","ENST00000367649.8","i",TRUE
"isoComp_00010195","geneComp_00001331","TCONS_00010179","XLOC_002392","T_minus","T_plus","XLOC_002392","unknown","unknown",40.7608590650175,38.6901187194007,42.8315994106343,2.481093004303,1.24986784739153,0.146674349306265,,2.21330650832613,1.95896780006308,2.46764521658918,0.733718066748856,0.0867513463298347,0.331530099286249,,0.0534,0.0491666666666667,0.0576333333333333,0.00846666666666667,0.882225222467951,0.000140357399876349,FALSE,0,"XLOC_002392","FBXO28","ENST00000424254.6","ENST00000424254.6","=",FALSE
"isoComp_00010196","geneComp_00001331","TCONS_00010180","XLOC_002392","T_minus","T_plus","XLOC_002392","unknown","unknown",40.7608590650175,38.6901187194007,42.8315994106343,2.481093004303,1.24986784739153,0.146674349306265,,29.3161175662524,31.2204793024705,27.4117558300342,1.44840303134232,0.663311958209889,-0.187633760325018,,0.725683333333333,0.809966666666667,0.6414,-0.168566666666667,0.0292822819228986,0.000140357399876349,FALSE,0,"XLOC_002392","FBXO28","ENST00000366862.10","ENST00000366862.10","=",FALSE
"isoComp_00010198","geneComp_00001331","TCONS_00010182","XLOC_002392","T_minus","T_plus","XLOC_002392","unknown","unknown",40.7608590650175,38.6901187194007,42.8315994106343,2.481093004303,1.24986784739153,0.146674349306265,,0.703839754121044,0.444138153538972,0.963541354703116,0.203101849064121,0.416646388126005,1.10011101686765,,0.0166166666666667,0.0111666666666667,0.0220666666666667,0.0109,0.767563429598521,0.000140357399876349,FALSE,0,"XLOC_002392","FBXO28","ENST00000483773.1","ENST00000483773.1","=",FALSE
"isoComp_00010202","geneComp_00001331","TCONS_00026050","XLOC_002392","T_minus","T_plus","XLOC_002392","unknown","unknown",40.7608590650175,38.6901187194007,42.8315994106343,2.481093004303,1.24986784739153,0.146674349306265,,7.83727533063687,4.98268163101439,10.6918690302593,0.717760327874795,1.05811205987047,1.09997596023253,,0.188,0.127433333333333,0.248566666666667,0.121133333333333,0.000140357399876349,0.000140357399876349,FALSE,0,"XLOC_002392","FBXO28","PB.1458.4","ENST00000366862.10","c",TRUE
"isoComp_00011835","geneComp_00001572","TCONS_00011938","XLOC_002833","T_minus","T_plus","XLOC_002833","unknown","unknown",117.945630674462,65.7889414969194,170.102319852004,0.936864987592668,15.5798180938258,1.37035134673179,,1.91633513782005,2.28090858464535,1.55176169099475,0.625522132041208,0.195015856456261,-0.552745561524136,,0.0220166666666667,0.0345333333333333,0.0095,-0.0250333333333333,0.044543746608444,1.78089449082664e-10,FALSE,0,"XLOC_002833","UTS2","ENST00000361696.10","ENST00000361696.10","=",FALSE
"isoComp_00011836","geneComp_00001572","TCONS_00011939","XLOC_002833","T_minus","T_plus","XLOC_002833","unknown","unknown",117.945630674462,65.7889414969194,170.102319852004,0.936864987592668,15.5798180938258,1.37035134673179,,2.57084058171866,2.75047278951038,2.39120837392695,0.761275649195079,0.574075744010378,-0.201154775976146,,0.0280166666666667,0.0415333333333333,0.0145,-0.0270333333333333,0.176909671716978,1.78089449082664e-10,FALSE,0,"XLOC_002833","UTS2","ENST00000054668.5","ENST00000054668.5","=",FALSE
"isoComp_00011837","geneComp_00001572","TCONS_00011940","XLOC_002833","T_minus","T_plus","XLOC_002833","unknown","unknown",117.945630674462,65.7889414969194,170.102319852004,0.936864987592668,15.5798180938258,1.37035134673179,,56.154503543684,22.7452803017069,89.563726785661,1.89371877225053,10.7925607025684,1.97687427422856,,0.435016666666667,0.3466,0.523433333333333,0.176833333333333,0.00191510800248346,1.78089449082664e-10,FALSE,1,"XLOC_002833","TNFRSF9","ENST00000377507.8","ENST00000377507.8","=",FALSE
"isoComp_00011840","geneComp_00001572","TCONS_00011944","XLOC_002833","T_minus","T_plus","XLOC_002833","unknown","unknown",117.945630674462,65.7889414969194,170.102319852004,0.936864987592668,15.5798180938258,1.37035134673179,,5.47831306957808,2.45260731841209,8.50401882074408,1.28121411754248,1.1869467811738,1.78965368187768,,0.04375,0.0377666666666667,0.0497333333333333,0.0119666666666667,0.803206591081616,1.78089449082664e-10,,0,"XLOC_002833","TNFRSF9","ENST00000674210.1","ENST00000674210.1","=",FALSE
"isoComp_00011841","geneComp_00001572","TCONS_00023384","XLOC_002833","T_minus","T_plus","XLOC_002833","unknown","unknown",117.945630674462,65.7889414969194,170.102319852004,0.936864987592668,15.5798180938258,1.37035134673179,,1.61075593087196,1.92330358917377,1.29820827257014,0.118137251987947,0.0488248359598403,-0.563475961032266,,0.01845,0.0292,0.0077,-0.0215,8.6598262777984e-10,1.78089449082664e-10,TRUE,0,"XLOC_002833","UTS2","PB.59.2","ENST00000377516.6","j",TRUE
"isoComp_00011844","geneComp_00001572","TCONS_00023387","XLOC_002833","T_minus","T_plus","XLOC_002833","unknown","unknown",117.945630674462,65.7889414969194,170.102319852004,0.936864987592668,15.5798180938258,1.37035134673179,,13.5877164157564,15.273813712486,11.9016191190268,1.65695521680465,0.441545342118553,-0.359635049801617,,0.151466666666667,0.231566666666667,0.0713666666666667,-0.1602,1.78089449082664e-10,1.78089449082664e-10,FALSE,0,"XLOC_002833","UTS2","PB.72.5","ENST00000377516.6","j",TRUE
"isoComp_00011846","geneComp_00001572","TCONS_00023390","XLOC_002833","T_minus","T_plus","XLOC_002833","unknown","unknown",117.945630674462,65.7889414969194,170.102319852004,0.936864987592668,15.5798180938258,1.37035134673179,,10.4207443791695,4.19713710818539,16.6443516501536,0.192073575729159,3.18402521085965,1.98498845075009,,0.0798166666666667,0.0637333333333333,0.0959,0.0321666666666667,0.331054475856567,1.78089449082664e-10,TRUE,0,"XLOC_002833","TNFRSF9","PB.42.15","ENST00000615230.4","j",TRUE
"isoComp_00011848","geneComp_00001572","TCONS_00023394","XLOC_002833","T_minus","T_plus","XLOC_002833","unknown","unknown",117.945630674462,65.7889414969194,170.102319852004,0.936864987592668,15.5798180938258,1.37035134673179,,4.28001901593338,1.46359260128485,7.09644543058191,0.290205472898,0.430258185439029,2.26979039636309,,0.03215,0.0222,0.0421,0.0199,0.201527843233207,1.78089449082664e-10,FALSE,0,"XLOC_002833","TNFRSF9","PB.42.25","ENST00000615230.4","j",TRUE
"isoComp_00011850","geneComp_00001572","TCONS_00023396","XLOC_002833","T_minus","T_plus","XLOC_002833","unknown","unknown",117.945630674462,65.7889414969194,170.102319852004,0.936864987592668,15.5798180938258,1.37035134673179,,1.48330850668346,0.911713198347278,2.05490381501965,0.222256566372562,0.233206155314528,1.16368476678945,,0.0131,0.0137666666666667,0.0124333333333333,-0.00133333333333333,0.946312450845199,1.78089449082664e-10,,0,"XLOC_002833","TNFRSF9","PB.61.33","ENST00000615230.4","j",TRUE
"isoComp_00011851","geneComp_00001572","TCONS_00023397","XLOC_002833","T_minus","T_plus","XLOC_002833","unknown","unknown",117.945630674462,65.7889414969194,170.102319852004,0.936864987592668,15.5798180938258,1.37035134673179,,2.4139607300979,1.11285695084124,3.71506450935455,0.0816068519671898,0.182228969690136,1.73009126615949,,0.0195166666666667,0.0169,0.0221333333333333,0.00523333333333333,0.782213174534641,1.78089449082664e-10,FALSE,1,"XLOC_002833","TNFRSF9","PB.61.34","ENST00000615230.4","j",TRUE
"isoComp_00011852","geneComp_00001572","TCONS_00023398","XLOC_002833","T_minus","T_plus","XLOC_002833","unknown","unknown",117.945630674462,65.7889414969194,170.102319852004,0.936864987592668,15.5798180938258,1.37035134673179,,1.98756703887778,0.984710662963625,2.99042341479193,0.147281973982703,0.325254667634791,1.59281725878752,,0.0162833333333333,0.015,0.0175666666666667,0.00256666666666667,0.928425096820991,1.78089449082664e-10,FALSE,0,"XLOC_002833","TNFRSF9","PB.42.53","ENST00000615230.4","j",TRUE
"isoComp_00011876","geneComp_00001572","TCONS_00028459","XLOC_002833","T_minus","T_plus","XLOC_002833","unknown","unknown",117.945630674462,65.7889414969194,170.102319852004,0.936864987592668,15.5798180938258,1.37035134673179,,6.09523716932495,1.98258463444821,10.2078897042017,0.332348259098883,0.753918079078571,2.35838435925509,,0.0459,0.0301,0.0617,0.0316,0.200062473248489,1.78089449082664e-10,FALSE,0,"XLOC_002833","TNFRSF9","PB.74.8","ENST00000615230.4","j",TRUE
"isoComp_00011971","geneComp_00001584","TCONS_00012037","XLOC_002864","T_minus","T_plus","XLOC_002864","unknown","unknown",12.8974969908331,15.1899801357898,10.6050138458764,0.478071553654939,0.395226296088803,-0.517963185224368,,4.05076750888556,5.49376357933073,2.6077714384404,0.217568642441521,0.0385054775391493,-1.07207935979142,,0.30395,0.361533333333333,0.246366666666667,-0.115166666666667,0.0024240197517107,0.0024240197517107,FALSE,0,"XLOC_002864","CTNNBIP1","ENST00000377263.6","ENST00000377263.6","=",FALSE
"isoComp_00011972","geneComp_00001584","TCONS_00012038","XLOC_002864","T_minus","T_plus","XLOC_002864","unknown","unknown",12.8974969908331,15.1899801357898,10.6050138458764,0.478071553654939,0.395226296088803,-0.517963185224368,,3.27631636521124,2.96339813654681,3.58923459387568,0.24547649821601,0.139359881807649,0.275577486156822,,0.267566666666667,0.194833333333333,0.3403,0.145466666666667,0.00509052003126799,0.0024240197517107,FALSE,0,"XLOC_002864","CTNNBIP1","ENST00000400904.7","ENST00000400904.7","=",FALSE
"isoComp_00011974","geneComp_00001584","TCONS_00012040","XLOC_002864","T_minus","T_plus","XLOC_002864","unknown","unknown",12.8974969908331,15.1899801357898,10.6050138458764,0.478071553654939,0.395226296088803,-0.517963185224368,,5.53457989558734,6.70563869894768,4.363521092227,0.25933580961414,0.460294590925302,-0.618729363887781,,0.425666666666667,0.441933333333333,0.4094,-0.0325333333333334,0.88307291950106,0.0024240197517107,FALSE,0,"XLOC_002864","CTNNBIP1","ENST00000377256.1","ENST00000377256.1","=",FALSE
"isoComp_00014267","geneComp_00001867","TCONS_00014041","XLOC_003349","T_minus","T_plus","XLOC_003349","unknown","unknown",5.26314501481513,6.1182699612747,4.40802006835556,0.047936238756955,0.742882575365935,-0.47207987997801,,0.372140565584515,0.588577606502262,0.155703524666768,0.102836308065696,0.155703524666768,-1.85293401657451,,0.0619666666666667,0.0963666666666667,0.0275666666666667,-0.0688,0.471814174320919,7.66050553423514e-06,FALSE,0,"XLOC_003349","KDM4A-AS1","ENST00000663424.1","ENST00000663424.1","=",FALSE
"isoComp_00014268","geneComp_00001867","TCONS_00014042","XLOC_003349","T_minus","T_plus","XLOC_003349","unknown","unknown",5.26314501481513,6.1182699612747,4.40802006835556,0.047936238756955,0.742882575365935,-0.47207987997801,,1.11511425114782,1.84242296456576,0.387805537729869,0.0406355999437397,0.04523365897444,-2.21927828267364,,0.195933333333333,0.3011,0.0907666666666667,-0.210333333333333,7.66050553423514e-06,7.66050553423514e-06,FALSE,0,"XLOC_003349","KDM4A-AS1","ENST00000439057.6","ENST00000439057.6","=",FALSE
"isoComp_00014269","geneComp_00001867","TCONS_00014043","XLOC_003349","T_minus","T_plus","XLOC_003349","unknown","unknown",5.26314501481513,6.1182699612747,4.40802006835556,0.047936238756955,0.742882575365935,-0.47207987997801,,0.474427361240048,0.40699383485029,0.541860887629807,0.40699383485029,0.318513153963667,0.404278586213596,,0.08965,0.0666666666666667,0.112633333333333,0.0459666666666667,0.774092423857654,7.66050553423514e-06,FALSE,0,"XLOC_003349","KDM4A-AS1","ENST00000398804.7","ENST00000398804.7","=",FALSE
"isoComp_00014270","geneComp_00001867","TCONS_00014044","XLOC_003349","T_minus","T_plus","XLOC_003349","unknown","unknown",5.26314501481513,6.1182699612747,4.40802006835556,0.047936238756955,0.742882575365935,-0.47207987997801,,0.629324595503884,0.738210196327382,0.520438994680385,0.118057736742395,0.131397603952769,-0.496256788928537,,0.117316666666667,0.1204,0.114233333333333,-0.00616666666666667,0.996425541196871,7.66050553423514e-06,FALSE,1,"XLOC_003349","KDM4A-AS1","ENST00000659644.2","ENST00000659644.2","=",FALSE
"isoComp_00014272","geneComp_00001867","TCONS_00014046","XLOC_003349","T_minus","T_plus","XLOC_003349","unknown","unknown",5.26314501481513,6.1182699612747,4.40802006835556,0.047936238756955,0.742882575365935,-0.47207987997801,,0.0957582084264401,0.0631645627576517,0.128351854095228,0.00780581546259264,0.0692846308497876,0.91912502435471,,0.0184333333333333,0.0103333333333333,0.0265333333333333,0.0162,0.786341166982157,7.66050553423514e-06,FALSE,0,"XLOC_003349","KDM4A-AS1","ENST00000453015.1","ENST00000453015.1","=",FALSE
"isoComp_00014273","geneComp_00001867","TCONS_00014047","XLOC_003349","T_minus","T_plus","XLOC_003349","unknown","unknown",5.26314501481513,6.1182699612747,4.40802006835556,0.047936238756955,0.742882575365935,-0.47207987997801,,0.30700840830422,0.110998318595534,0.503018498012906,0.110998318595534,0.051928995878611,2.08402384651254,,0.0719833333333333,0.0181666666666667,0.1258,0.107633333333333,0.289159726997461,7.66050553423514e-06,,0,"XLOC_003349","KDM4A-AS1","ENST00000418149.2","ENST00000418149.2","=",FALSE
"isoComp_00014274","geneComp_00001867","TCONS_00023858","XLOC_003349","T_minus","T_plus","XLOC_003349","unknown","unknown",5.26314501481513,6.1182699612747,4.40802006835556,0.047936238756955,0.742882575365935,-0.47207987997801,,1.94012883925624,2.05069238935437,1.8295652891581,0.349203096636867,0.164171910481963,-0.163764281286349,,0.382916666666667,0.335166666666667,0.430666666666667,0.0955,0.785541624512806,7.66050553423514e-06,FALSE,0,"XLOC_003349","KDM4A-AS1","PB.539.5","ENST00000439057.6","j",TRUE
"isoComp_00014275","geneComp_00001867","TCONS_00023859","XLOC_003349","T_minus","T_plus","XLOC_003349","unknown","unknown",5.26314501481513,6.1182699612747,4.40802006835556,0.047936238756955,0.742882575365935,-0.47207987997801,,0.150213630199623,0.152138189288039,0.148289071111208,0.0310159548070138,0.148289071111208,-0.0346622869996288,,0.0255666666666667,0.0249,0.0262333333333333,0.00133333333333333,0.841987434275843,7.66050553423514e-06,FALSE,0,"XLOC_003349","KDM4A-AS1","PB.539.7","ENST00000439057.6","j",TRUE
"isoComp_00014276","geneComp_00001867","TCONS_00030913","XLOC_003349","T_minus","T_plus","XLOC_003349","unknown","unknown",5.26314501481513,6.1182699612747,4.40802006835556,0.047936238756955,0.742882575365935,-0.47207987997801,,0.128492109690436,0.123092402256107,0.133891817124766,0.0470409132429228,0.0374190663256216,0.112556335299528,,0.0245833333333333,0.0200333333333333,0.0291333333333333,0.0091,0.906307981916668,7.66050553423514e-06,FALSE,0,"XLOC_003349","KDM4A-AS1","PB.553.1","ENST00000439057.6","j",TRUE
"isoComp_00014710","geneComp_00001923","TCONS_00014466","XLOC_003446","T_minus","T_plus","XLOC_003446","unknown","unknown",4.76953336046802,1.60767887325456,7.93138784768148,0.371448487539874,1.46433666767001,2.29546591111152,,0.223641168509138,0.25098377395856,0.196298563059715,0.147164300880606,0.122834269715858,-0.339226341079161,,0.130416666666667,0.237966666666667,0.0228666666666667,-0.2151,0.79343835236453,0.00289076514057722,FALSE,0,"XLOC_003446","TTC39A","ENST00000680483.1","ENST00000680483.1","=",FALSE
"isoComp_00014711","geneComp_00001923","TCONS_00014469","XLOC_003446","T_minus","T_plus","XLOC_003446","unknown","unknown",4.76953336046802,1.60767887325456,7.93138784768148,0.371448487539874,1.46433666767001,2.29546591111152,,0.032240198231782,0.0644803964635641,0,0.0457268560176424,0,-2.89686075246834,,0.0329,0.0658,0,-0.0658,0.560616726589759,0.00289076514057722,FALSE,0,"XLOC_003446","TTC39A","ENST00000439482.6","ENST00000439482.6","=",FALSE
"isoComp_00014712","geneComp_00001923","TCONS_00014472","XLOC_003446","T_minus","T_plus","XLOC_003446","unknown","unknown",4.76953336046802,1.60767887325456,7.93138784768148,0.371448487539874,1.46433666767001,2.29546591111152,,0.0830862693209622,0,0.166172538641924,0,0.0932353042495802,4.13891715278496,,0.0137,0,0.0274,0.0274,0.849708439150762,0.00289076514057722,FALSE,0,"XLOC_003446","TTC39A","ENST00000262675.11","ENST00000262675.11","=",FALSE
"isoComp_00014713","geneComp_00001923","TCONS_00014475","XLOC_003446","T_minus","T_plus","XLOC_003446","unknown","unknown",4.76953336046802,1.60767887325456,7.93138784768148,0.371448487539874,1.46433666767001,2.29546591111152,,0.0337960491375126,0.0675920982750252,0,0.0675920982750252,0,-2.95590974055836,,0.01745,0.0349,0,-0.0349,0.8211805355099,0.00289076514057722,,0,"XLOC_003446","TTC39A","ENST00000525906.1","ENST00000525906.1","=",FALSE
"isoComp_00014714","geneComp_00001923","TCONS_00014476","XLOC_003446","T_minus","T_plus","XLOC_003446","unknown","unknown",4.76953336046802,1.60767887325456,7.93138784768148,0.371448487539874,1.46433666767001,2.29546591111152,,0.133718890001602,0.114698262548718,0.152739517454487,0.114698262548718,0.129679978589759,0.384123254137883,,0.0376833333333333,0.0567666666666667,0.0186,-0.0381666666666667,0.991384976931241,0.00289076514057722,TRUE,0,"XLOC_003446","TTC39A","ENST00000431927.5","ENST00000431927.5","=",FALSE
"isoComp_00014716","geneComp_00001923","TCONS_00014478","XLOC_003446","T_minus","T_plus","XLOC_003446","unknown","unknown",4.76953336046802,1.60767887325456,7.93138784768148,0.371448487539874,1.46433666767001,2.29546591111152,,0.143691232293295,0.0283360556745622,0.259046408912028,0.00992932630994886,0.014992796777923,2.81108123705129,,0.0254666666666667,0.0165,0.0344333333333333,0.0179333333333333,0.854604464333865,0.00289076514057722,FALSE,2,"XLOC_003446","TTC39A","ENST00000262676.9","ENST00000262676.9","=",FALSE
"isoComp_00014717","geneComp_00001923","TCONS_00014479","XLOC_003446","T_minus","T_plus","XLOC_003446","unknown","unknown",4.76953336046802,1.60767887325456,7.93138784768148,0.371448487539874,1.46433666767001,2.29546591111152,,0.366989442426446,0.235755451364303,0.498223433488589,0.193065445526481,0.319659963673476,1.04823947874209,,0.0905333333333333,0.121133333333333,0.0599333333333333,-0.0612,0.993041813401932,0.00289076514057722,FALSE,0,"XLOC_003446","TTC39A","ENST00000524442.1","ENST00000524442.1","=",FALSE
"isoComp_00014718","geneComp_00001923","TCONS_00014480","XLOC_003446","T_minus","T_plus","XLOC_003446","unknown","unknown",4.76953336046802,1.60767887325456,7.93138784768148,0.371448487539874,1.46433666767001,2.29546591111152,,0.291747323839371,0.203496917425145,0.379997730253597,0.203496917425145,0.176525595824129,0.86925048801717,,0.0720666666666667,0.100733333333333,0.0434,-0.0573333333333333,0.9141770491648,0.00289076514057722,TRUE,0,"XLOC_003446","TTC39A","ENST00000411642.6","ENST00000411642.6","=",FALSE
"isoComp_00014720","geneComp_00001923","TCONS_00026349","XLOC_003446","T_minus","T_plus","XLOC_003446","unknown","unknown",4.76953336046802,1.60767887325456,7.93138784768148,0.371448487539874,1.46433666767001,2.29546591111152,,1.68421094478575,0.463727640467307,2.9046942491042,0.140156013477603,0.279160903432356,2.62121479686402,,0.327183333333333,0.2742,0.380166666666667,0.105966666666667,0.652327071022891,0.00289076514057722,FALSE,0,"XLOC_003446","TTC39A","PB.459.1","ENST00000447632.6","c",TRUE
"isoComp_00014721","geneComp_00001923","TCONS_00026350","XLOC_003446","T_minus","T_plus","XLOC_003446","unknown","unknown",4.76953336046802,1.60767887325456,7.93138784768148,0.371448487539874,1.46433666767001,2.29546591111152,,1.67912340092333,0.161710252508622,3.19653654933803,0.0937077360888506,0.841681697561717,4.22296776392684,,0.236533333333333,0.0833,0.389766666666667,0.306466666666667,0.00289076514057722,0.00289076514057722,FALSE,0,"XLOC_003446","TTC39A","PB.459.2","ENST00000447632.6","j",TRUE
"isoComp_00015193","geneComp_00001977","TCONS_00014979","XLOC_003547","T_minus","T_plus","XLOC_003547","unknown","unknown",16.6825404041191,11.6059351611123,21.7591456471259,0.388530237486972,5.1502801261178,0.906179483060511,,0.214692659989818,0.0743513081025277,0.355034011877109,0.0743513081025277,0.100021284487578,2.1135485458927,,0.0135333333333333,0.006,0.0210666666666667,0.0150666666666667,0.67924073031528,0.0241763709553195,FALSE,0,"XLOC_003547","DOCK7","ENST00000635253.2","ENST00000635253.2","=",FALSE
"isoComp_00015196","geneComp_00001977","TCONS_00014983","XLOC_003547","T_minus","T_plus","XLOC_003547","unknown","unknown",16.6825404041191,11.6059351611123,21.7591456471259,0.388530237486972,5.1502801261178,0.906179483060511,,0.277592574724483,0.287131745161796,0.26805340428717,0.200331150645649,0.0512410548768307,-0.0957407484557767,,0.01985,0.0255,0.0142,-0.0113,1,0.0241763709553195,FALSE,0,"XLOC_003547","DOCK7","ENST00000340370.10","ENST00000340370.10","=",FALSE
"isoComp_00015197","geneComp_00001977","TCONS_00014984","XLOC_003547","T_minus","T_plus","XLOC_003547","unknown","unknown",16.6825404041191,11.6059351611123,21.7591456471259,0.388530237486972,5.1502801261178,0.906179483060511,,0.747815486101308,0.781154340637217,0.714476631565399,0.204809615827921,0.178079731982159,-0.127020011676617,,0.0521333333333333,0.0685333333333333,0.0357333333333333,-0.0328,0.716091046412808,0.0241763709553195,FALSE,0,"XLOC_003547","DOCK7","ENST00000637255.1","ENST00000637255.1","=",FALSE
"isoComp_00015198","geneComp_00001977","TCONS_00014986","XLOC_003547","T_minus","T_plus","XLOC_003547","unknown","unknown",16.6825404041191,11.6059351611123,21.7591456471259,0.388530237486972,5.1502801261178,0.906179483060511,,3.07536328685327,2.42226211596923,3.72846445773731,0.294755750387766,0.238994907284388,0.620147106029376,,0.204233333333333,0.2076,0.200866666666667,-0.00673333333333334,0.955572194238012,0.0241763709553195,FALSE,0,"XLOC_003547","DOCK7","ENST00000635123.1","ENST00000635123.1","=",FALSE
"isoComp_00015203","geneComp_00001977","TCONS_00015000","XLOC_003547","T_minus","T_plus","XLOC_003547","unknown","unknown",16.6825404041191,11.6059351611123,21.7591456471259,0.388530237486972,5.1502801261178,0.906179483060511,,0.68341580939775,0.910842725128535,0.455988893666965,0.214288401422259,0.455988893666965,-0.982659202741509,,0.0476,0.0793666666666667,0.0158333333333333,-0.0635333333333333,0.31469563165791,0.0241763709553195,,0,"XLOC_003547","DOCK7","ENST00000635286.1","ENST00000635286.1","=",FALSE
"isoComp_00015206","geneComp_00001977","TCONS_00015003","XLOC_003547","T_minus","T_plus","XLOC_003547","unknown","unknown",16.6825404041191,11.6059351611123,21.7591456471259,0.388530237486972,5.1502801261178,0.906179483060511,,0.228255006161636,0.408932194563903,0.0475778177593698,0.408932194563903,0.0475778177593698,-2.86313174241407,,0.0174833333333333,0.0330333333333333,0.00193333333333333,-0.0311,0.976065062889628,0.0241763709553195,,0,"XLOC_003547","DOCK7","ENST00000635027.1","ENST00000635027.1","=",FALSE
"isoComp_00015211","geneComp_00001977","TCONS_00015014","XLOC_003547","T_minus","T_plus","XLOC_003547","unknown","unknown",16.6825404041191,11.6059351611123,21.7591456471259,0.388530237486972,5.1502801261178,0.906179483060511,,4.39547779239579,0,8.79095558479157,0,4.47933264660957,9.78151636609215,,0.163716666666667,0,0.327433333333333,0.327433333333333,0.465907141136827,0.0241763709553195,,0,"XLOC_003547","DOCK7","ENST00000636635.1","ENST00000636635.1","=",FALSE
"isoComp_00015212","geneComp_00001977","TCONS_00024019","XLOC_003547","T_minus","T_plus","XLOC_003547","unknown","unknown",16.6825404041191,11.6059351611123,21.7591456471259,0.388530237486972,5.1502801261178,0.906179483060511,,0.307538812932725,0.122308744340542,0.492768881524908,0.122308744340542,0.492768881524908,1.92598694498446,,0.0264166666666667,0.0108333333333333,0.042,0.0311666666666667,0.978809158645834,0.0241763709553195,FALSE,0,"XLOC_003547","DOCK7","PB.674.2","ENST00000454575.6","c",TRUE
"isoComp_00015213","geneComp_00001977","TCONS_00024020","XLOC_003547","T_minus","T_plus","XLOC_003547","unknown","unknown",16.6825404041191,11.6059351611123,21.7591456471259,0.388530237486972,5.1502801261178,0.906179483060511,,0.292750120557035,0.112632103792105,0.472868137321966,0.0568568653590485,0.0838607706202227,1.97729255772652,,0.0182,0.00953333333333333,0.0268666666666667,0.0173333333333333,0.77133240222774,0.0241763709553195,FALSE,0,"XLOC_003547","DOCK7","PB.676.1","ENST00000404627.3","c",TRUE
"isoComp_00015214","geneComp_00001977","TCONS_00026376","XLOC_003547","T_minus","T_plus","XLOC_003547","unknown","unknown",16.6825404041191,11.6059351611123,21.7591456471259,0.388530237486972,5.1502801261178,0.906179483060511,,2.65629278406356,2.955266078343,2.35731948978413,0.421827916975441,0.30119513436603,-0.324907142939145,,0.1857,0.2548,0.1166,-0.1382,0.0241763709553195,0.0241763709553195,FALSE,0,"XLOC_003547","DOCK7","PB.513.1","ENST00000635253.2","c",TRUE
"isoComp_00015215","geneComp_00001977","TCONS_00028852","XLOC_003547","T_minus","T_plus","XLOC_003547","unknown","unknown",16.6825404041191,11.6059351611123,21.7591456471259,0.388530237486972,5.1502801261178,0.906179483060511,,2.07038560719134,2.1668937877354,1.97387742664727,0.154868872352758,0.296642112806787,-0.133948127141728,,0.1506,0.187566666666667,0.113633333333333,-0.0739333333333333,0.585103771357551,0.0241763709553195,FALSE,0,"XLOC_003547","DOCK7","PB.667.3","ENST00000454575.6","c",TRUE
"isoComp_00015216","geneComp_00001977","TCONS_00028853","XLOC_003547","T_minus","T_plus","XLOC_003547","unknown","unknown",16.6825404041191,11.6059351611123,21.7591456471259,0.388530237486972,5.1502801261178,0.906179483060511,,1.21044344341496,0.902373710543923,1.518513176286,0.179061861494478,0.671262499993737,0.744432206743245,,0.0685833333333333,0.0773333333333333,0.0598333333333333,-0.0175,0.893584711436875,0.0241763709553195,FALSE,0,"XLOC_003547","DOCK7","PB.667.4","ENST00000454575.6","c",TRUE
"isoComp_00015433","geneComp_00002011","TCONS_00015314","XLOC_003639","T_minus","T_plus","XLOC_003639","unknown","unknown",2.46845413082594,3.04758349119135,1.88932477046053,0.297868333916432,0.0916578612699602,-0.686905277164994,,1.1040464464597,1.21867750705085,0.989415385868561,0.0367772195096345,0.144788942862408,-0.297949965465126,,0.465716666666667,0.4061,0.525333333333333,0.119233333333333,0.808211481796148,2.65498176001945e-06,FALSE,0,"XLOC_003639","CRYZ","PB.719.3","ENST00000340866.10","=",TRUE
"isoComp_00015436","geneComp_00002011","TCONS_00015317","XLOC_003639","T_minus","T_plus","XLOC_003639","unknown","unknown",2.46845413082594,3.04758349119135,1.88932477046053,0.297868333916432,0.0916578612699602,-0.686905277164994,,0.0371756540512639,0.0743513081025277,0,0.0743513081025277,0,-3.07641044170071,,0.0115333333333333,0.0230666666666667,0,-0.0230666666666667,0.962878336108811,2.65498176001945e-06,FALSE,0,"XLOC_003639","CRYZ","ENST00000370871.7","ENST00000370871.7","=",FALSE
"isoComp_00015437","geneComp_00002011","TCONS_00015318","XLOC_003639","T_minus","T_plus","XLOC_003639","unknown","unknown",2.46845413082594,3.04758349119135,1.88932477046053,0.297868333916432,0.0916578612699602,-0.686905277164994,,0.21671379205393,0.268685704198475,0.164741879909384,0.0972570190259485,0.115430330438809,-0.673413581618476,,0.0896833333333333,0.0954333333333333,0.0839333333333333,-0.0115,0.955966621133578,2.65498176001945e-06,TRUE,0,"XLOC_003639","CRYZ","ENST00000370870.5","ENST00000370870.5","=",FALSE
"isoComp_00015438","geneComp_00002011","TCONS_00015319","XLOC_003639","T_minus","T_plus","XLOC_003639","unknown","unknown",2.46845413082594,3.04758349119135,1.88932477046053,0.297868333916432,0.0916578612699602,-0.686905277164994,,0.0354858515943882,0.0709717031887765,0,0.0709717031887765,0,-3.01741782402658,,0.011,0.022,0,-0.022,0.964261149905759,2.65498176001945e-06,TRUE,0,"XLOC_003639","CRYZ","ENST00000441120.1","ENST00000441120.1","=",FALSE
"isoComp_00015439","geneComp_00002011","TCONS_00024051","XLOC_003639","T_minus","T_plus","XLOC_003639","unknown","unknown",2.46845413082594,3.04758349119135,1.88932477046053,0.297868333916432,0.0916578612699602,-0.686905277164994,,0.106111409008901,0.160680182111819,0.0515426359059839,0.126692132362062,0.0515426359059839,-1.47163741342096,,0.0396,0.0493,0.0299,-0.0194,0.922093985930611,2.65498176001945e-06,FALSE,0,"XLOC_003639","CRYZ","PB.719.1","ENST00000417775.5","j",TRUE
"isoComp_00015440","geneComp_00002011","TCONS_00028905","XLOC_003639","T_minus","T_plus","XLOC_003639","unknown","unknown",2.46845413082594,3.04758349119135,1.88932477046053,0.297868333916432,0.0916578612699602,-0.686905277164994,,0.441172276114126,0.217459454701859,0.664885097526393,0.147761607388334,0.0674702870049002,1.56903249350311,,0.210033333333333,0.0689,0.351166666666667,0.282266666666667,0.288837237686328,2.65498176001945e-06,FALSE,0,"XLOC_003639","CRYZ","PB.720.1","ENST00000417775.5","c",TRUE
"isoComp_00015441","geneComp_00002011","TCONS_00028906","XLOC_003639","T_minus","T_plus","XLOC_003639","unknown","unknown",2.46845413082594,3.04758349119135,1.88932477046053,0.297868333916432,0.0916578612699602,-0.686905277164994,,0.468769014662246,0.937538029324491,0,0.248168537479054,0,-6.56611194172449,,0.150066666666667,0.300133333333333,0,-0.300133333333333,2.65498176001945e-06,2.65498176001945e-06,FALSE,0,"XLOC_003639","CRYZ","PB.720.5","ENST00000417775.5","c",TRUE
"isoComp_00016445","geneComp_00002136","TCONS_00016243","XLOC_003879","T_minus","T_plus","XLOC_003879","unknown","unknown",34.1129654659062,35.0141437886882,33.2117871431243,3.32307110820087,1.6458473124929,-0.0762200983348511,,5.337838304129,5.69745722275699,4.97821938550101,0.872900728744887,0.326890398688607,-0.19432322419318,,0.15535,0.161,0.1497,-0.0113,0.894311890652964,0.00384416081787596,FALSE,0,"XLOC_003879","SORT1","ENST00000538502.5","ENST00000538502.5","=",FALSE
"isoComp_00016446","geneComp_00002136","TCONS_00016244","XLOC_003879","T_minus","T_plus","XLOC_003879","unknown","unknown",34.1129654659062,35.0141437886882,33.2117871431243,3.32307110820087,1.6458473124929,-0.0762200983348511,,10.0069847969472,10.436632131963,9.57733746193137,1.67279474725589,0.316690604053764,-0.123835790470464,,0.29175,0.294466666666667,0.289033333333333,-0.00543333333333335,0.983651421322868,0.00384416081787596,FALSE,0,"XLOC_003879","SORT1","ENST00000256637.8","ENST00000256637.8","=",FALSE
"isoComp_00016449","geneComp_00002136","TCONS_00024215","XLOC_003879","T_minus","T_plus","XLOC_003879","unknown","unknown",34.1129654659062,35.0141437886882,33.2117871431243,3.32307110820087,1.6458473124929,-0.0762200983348511,,5.59166192092908,5.42015923227285,5.76316460958531,1.17060258817937,1.05568553835108,0.0883678575483573,,0.163216666666667,0.153133333333333,0.1733,0.0201666666666667,0.934041096516936,0.00384416081787596,FALSE,0,"XLOC_003879","SORT1","PB.891.1","ENST00000538502.5","j",TRUE
"isoComp_00016450","geneComp_00002136","TCONS_00024216","XLOC_003879","T_minus","T_plus","XLOC_003879","unknown","unknown",34.1129654659062,35.0141437886882,33.2117871431243,3.32307110820087,1.6458473124929,-0.0762200983348511,,0.544450684996176,0.369180644905758,0.719720725086594,0.19258528646992,0.0686725764693604,0.944459104454734,,0.01595,0.0101,0.0218,0.0117,0.7517950620845,0.00384416081787596,FALSE,0,"XLOC_003879","SORT1","PB.891.2","ENST00000538502.5","j",TRUE
"isoComp_00016451","geneComp_00002136","TCONS_00024217","XLOC_003879","T_minus","T_plus","XLOC_003879","unknown","unknown",34.1129654659062,35.0141437886882,33.2117871431243,3.32307110820087,1.6458473124929,-0.0762200983348511,,8.39731864205539,11.3678156508921,5.42682163321873,0.352382785611299,0.989434567383194,-1.06538820779158,,0.245583333333333,0.3285,0.162666666666667,-0.165833333333333,0.00384416081787596,0.00384416081787596,FALSE,0,"XLOC_003879","SORT1","PB.693.2","ENST00000538502.5","c",TRUE
"isoComp_00016452","geneComp_00002136","TCONS_00026526","XLOC_003879","T_minus","T_plus","XLOC_003879","unknown","unknown",34.1129654659062,35.0141437886882,33.2117871431243,3.32307110820087,1.6458473124929,-0.0762200983348511,,4.172623852826,1.64233737746344,6.70291032818856,1.03014823554756,1.80987394953068,2.02243008174216,,0.126366666666667,0.0505666666666667,0.202166666666667,0.1516,0.540663281603405,0.00384416081787596,FALSE,0,"XLOC_003879","SORT1","PB.693.4","ENST00000538502.5","c",TRUE
"isoComp_00017129","geneComp_00002226","TCONS_00016803","XLOC_004026","T_minus","T_plus","XLOC_004026","unknown","unknown",4.38939855437132,2.45991561055356,6.31888149818908,0.279761660595527,1.06031319568859,1.35748880482522,,0.763103436014372,0.376513965264542,1.1496929067642,0.0111746082135605,0.259170437019945,1.58515037542745,,0.167916666666667,0.157,0.178833333333333,0.0218333333333333,0.925530826513969,0.0118984300594298,FALSE,0,"XLOC_004026","PDE4DIPP2","ENST00000612480.2","ENST00000612480.2","=",FALSE
"isoComp_00017130","geneComp_00002226","TCONS_00016804","XLOC_004026","T_minus","T_plus","XLOC_004026","unknown","unknown",4.38939855437132,2.45991561055356,6.31888149818908,0.279761660595527,1.06031319568859,1.35748880482522,,0.325401431612868,0.217436721215348,0.433366142010388,0.0466469955843957,0.139220415859584,0.963033395892028,,0.0798,0.0943,0.0653,-0.029,0.916792712283151,0.0118984300594298,FALSE,0,"XLOC_004026","PDE4DIPP2","ENST00000647832.1","ENST00000647832.1","=",FALSE
"isoComp_00017131","geneComp_00002226","TCONS_00016805","XLOC_004026","T_minus","T_plus","XLOC_004026","unknown","unknown",4.38939855437132,2.45991561055356,6.31888149818908,0.279761660595527,1.06031319568859,1.35748880482522,,0.357612574212914,0.357340234554888,0.35788491387094,0.0676135174058225,0.0736593093747655,0.00213759361628044,,0.100616666666667,0.1451,0.0561333333333333,-0.0889666666666667,0.28685067500498,0.0118984300594298,TRUE,0,"XLOC_004026","PDE4DIPP2","ENST00000637601.1","ENST00000637601.1","=",FALSE
"isoComp_00017132","geneComp_00002226","TCONS_00029182","XLOC_004026","T_minus","T_plus","XLOC_004026","unknown","unknown",4.38939855437132,2.45991561055356,6.31888149818908,0.279761660595527,1.06031319568859,1.35748880482522,,1.32459712423155,0.323400060897362,2.32579418756573,0.0589040273392672,0.179468304942363,2.80858688754072,,0.256933333333333,0.1348,0.379066666666667,0.244266666666667,0.0118984300594298,0.0118984300594298,FALSE,0,"XLOC_004026","PDE4DIPP2","PB.1085.1","ENST00000612480.2","j",TRUE
"isoComp_00017133","geneComp_00002226","TCONS_00031233","XLOC_004026","T_minus","T_plus","XLOC_004026","unknown","unknown",4.38939855437132,2.45991561055356,6.31888149818908,0.279761660595527,1.06031319568859,1.35748880482522,,0.374764736880514,0.225745288485017,0.523784185276011,0.0690870770285218,0.206840252545706,1.1790276245381,,0.0840666666666667,0.0911333333333333,0.077,-0.0141333333333333,0.96592210665938,0.0118984300594298,FALSE,0,"XLOC_004026","PDE4DIPP2","PB.1142.1","ENST00000612480.2","j",TRUE
"isoComp_00017134","geneComp_00002226","TCONS_00031234","XLOC_004026","T_minus","T_plus","XLOC_004026","unknown","unknown",4.38939855437132,2.45991561055356,6.31888149818908,0.279761660595527,1.06031319568859,1.35748880482522,,1.24391925141911,0.959479340136404,1.52835916270181,0.254338779345933,0.263018165759185,0.666110310945584,,0.310666666666667,0.377666666666667,0.243666666666667,-0.134,0.497350081698417,0.0118984300594298,FALSE,0,"XLOC_004026","PDE4DIPP2","PB.1142.3","ENST00000612480.2","c",TRUE
"isoComp_00017466","geneComp_00002305","TCONS_00017120","XLOC_004150","T_minus","T_plus","XLOC_004150","unknown","unknown",2.92959936080952,3.21727202900654,2.64192669261249,0.221754816544215,0.1598597448125,-0.283274293233953,,1.74840025879962,2.18090025725534,1.3159002603439,0.28195405510777,0.0734897303089388,-0.72455155171395,,0.588416666666667,0.672733333333333,0.5041,-0.168633333333333,0.399923391385748,5.55559210699132e-05,FALSE,1,"XLOC_004150","H2BC20P","ENST00000564237.2","ENST00000564237.2","=",FALSE
"isoComp_00017467","geneComp_00002305","TCONS_00017121","XLOC_004150","T_minus","T_plus","XLOC_004150","unknown","unknown",2.92959936080952,3.21727202900654,2.64192669261249,0.221754816544215,0.1598597448125,-0.283274293233953,,0.357649969303305,0,0.71529993860661,0,0.281247199375464,6.18050582167709,,0.130666666666667,0,0.261333333333333,0.261333333333333,5.55559210699132e-05,5.55559210699132e-05,,0,"XLOC_004150","H2BC20P","PB.1202.5","ENST00000498492.2","=",TRUE
"isoComp_00017468","geneComp_00002305","TCONS_00024377","XLOC_004150","T_minus","T_plus","XLOC_004150","unknown","unknown",2.92959936080952,3.21727202900654,2.64192669261249,0.221754816544215,0.1598597448125,-0.283274293233953,,0.0675675143214329,0.111669843808346,0.0234651848345194,0.0747054223380948,0.0234651848345194,-1.86223874887252,,0.0200166666666667,0.0321,0.00793333333333333,-0.0241666666666667,0.839273092372023,5.55559210699132e-05,FALSE,0,"XLOC_004150","H2BC20P","PB.1123.1","ENST00000564237.2","c",TRUE
"isoComp_00017469","geneComp_00002305","TCONS_00026585","XLOC_004150","T_minus","T_plus","XLOC_004150","unknown","unknown",2.92959936080952,3.21727202900654,2.64192669261249,0.221754816544215,0.1598597448125,-0.283274293233953,,0.75598161838516,0.924701927942855,0.587261308827465,0.147020039991853,0.0911128753936315,-0.646144104056383,,0.260933333333333,0.2952,0.226666666666667,-0.0685333333333333,0.887261263880673,5.55559210699132e-05,FALSE,0,"XLOC_004150","H2BC20P","PB.876.1","ENST00000564237.2","c",TRUE
"isoComp_00018697","geneComp_00002419","TCONS_00018094","XLOC_004323","T_minus","T_plus","XLOC_004323","unknown","unknown",50.4799372423113,63.6115295409055,37.3483449437172,5.49465190062257,4.42019961313764,-0.768084514560446,,11.5959762638223,17.4032584160155,5.78869411162913,1.05179390737531,0.525858661331107,-1.58638624782708,,0.21665,0.276033333333333,0.157266666666667,-0.118766666666667,0.00202543090739274,5.73768289743918e-07,FALSE,0,"XLOC_004323","MEF2D","ENST00000464356.6","ENST00000464356.6","=",FALSE
"isoComp_00018698","geneComp_00002419","TCONS_00018095","XLOC_004323","T_minus","T_plus","XLOC_004323","unknown","unknown",50.4799372423113,63.6115295409055,37.3483449437172,5.49465190062257,4.42019961313764,-0.768084514560446,,19.5731305259705,24.7457826257815,14.4004784261595,2.9522967275883,1.811882727409,-0.780647325565802,,0.385916666666667,0.387066666666667,0.384766666666667,-0.00230000000000002,0.996618379895584,5.73768289743918e-07,FALSE,0,"XLOC_004323","MEF2D","ENST00000348159.9","ENST00000348159.9","=",FALSE
"isoComp_00018699","geneComp_00002419","TCONS_00018096","XLOC_004323","T_minus","T_plus","XLOC_004323","unknown","unknown",50.4799372423113,63.6115295409055,37.3483449437172,5.49465190062257,4.42019961313764,-0.768084514560446,,17.6224862149573,19.6807223066529,15.5642501232618,1.91920417546307,1.78195885408159,-0.33835333267448,,0.36315,0.309033333333333,0.417266666666667,0.108233333333333,5.73768289743918e-07,5.73768289743918e-07,FALSE,0,"XLOC_004323","MEF2D","ENST00000360595.7","ENST00000360595.7","=",FALSE
"isoComp_00018701","geneComp_00002419","TCONS_00018098","XLOC_004323","T_minus","T_plus","XLOC_004323","unknown","unknown",50.4799372423113,63.6115295409055,37.3483449437172,5.49465190062257,4.42019961313764,-0.768084514560446,,0.649198598644987,0.719871316604978,0.578525880684996,0.0407656253344107,0.314005203360397,-0.310536265470059,,0.0125833333333333,0.0114,0.0137666666666667,0.00236666666666667,0.974830205070451,5.73768289743918e-07,FALSE,0,"XLOC_004323","MEF2D","ENST00000493077.1","ENST00000493077.1","=",FALSE
"isoComp_00018702","geneComp_00002419","TCONS_00018099","XLOC_004323","T_minus","T_plus","XLOC_004323","unknown","unknown",50.4799372423113,63.6115295409055,37.3483449437172,5.49465190062257,4.42019961313764,-0.768084514560446,,1.01945643320188,1.06189487585054,0.977017990553228,0.162672339554645,0.292632651827111,-0.119015136734838,,0.0211333333333333,0.0165333333333333,0.0257333333333333,0.0092,0.739286832514861,5.73768289743918e-07,,0,"XLOC_004323","MEF2D","ENST00000489057.1","ENST00000489057.1","=",FALSE
"isoComp_00019423","geneComp_00002544","TCONS_00018922","XLOC_004551","T_minus","T_plus","XLOC_004551","unknown","unknown",2.00737212427675,1.7062939755102,2.30845027304331,0.68175795982231,0.449662450989111,0.433864097496839,,0.991079584168041,0.433291896806979,1.5488672715291,0.17781149972831,0.328243272059625,1.81416920019631,,0.46515,0.255166666666667,0.675133333333333,0.419966666666667,0.00229056956790722,0.00229056956790722,FALSE,0,"XLOC_004551","TNFSF4","PB.1538.5","ENST00000281834.4","=",TRUE
"isoComp_00019424","geneComp_00002544","TCONS_00018923","XLOC_004551","T_minus","T_plus","XLOC_004551","unknown","unknown",2.00737212427675,1.7062939755102,2.30845027304331,0.68175795982231,0.449662450989111,0.433864097496839,,0.11844400551101,0.150255505879312,0.0866325051427079,0.0809284753505199,0.043319301855467,-0.729793456109736,,0.0754833333333333,0.103866666666667,0.0471,-0.0567666666666667,0.95271462880984,0.00229056956790722,FALSE,0,"XLOC_004551","TNFSF4","PB.1640.6","ENST00000367718.5","=",TRUE
"isoComp_00019425","geneComp_00002544","TCONS_00029426","XLOC_004551","T_minus","T_plus","XLOC_004551","unknown","unknown",2.00737212427675,1.7062939755102,2.30845027304331,0.68175795982231,0.449662450989111,0.433864097496839,,0.0605734537426529,0.0867515010099482,0.0343954064753576,0.0568043632704172,0.0173532471450061,-1.12387363265491,,0.0288333333333333,0.0414333333333333,0.0162333333333333,-0.0252,0.886370623946224,0.00229056956790722,FALSE,0,"XLOC_004551","TNFSF4","PB.1640.3","ENST00000281834.4","j",TRUE
"isoComp_00019426","geneComp_00002544","TCONS_00029427","XLOC_004551","T_minus","T_plus","XLOC_004551","unknown","unknown",2.00737212427675,1.7062939755102,2.30845027304331,0.68175795982231,0.449662450989111,0.433864097496839,,0.810095359890486,0.98163562988483,0.638555089896142,0.387445595738592,0.218275371743188,-0.612580983177377,,0.421666666666667,0.5818,0.261533333333333,-0.320266666666667,0.132521598400489,0.00229056956790722,FALSE,0,"XLOC_004551","TNFSF4","PB.1538.3","ENST00000281834.4","c",TRUE
"isoComp_00019745","geneComp_00002592","TCONS_00019256","XLOC_004646","T_minus","T_plus","XLOC_004646","unknown","unknown",53.3492515350645,19.7827399379519,86.9157631321771,2.19519190246707,11.9603378191568,2.13481248701356,,23.1133643080079,6.93950250311893,39.2872261128968,0.462420146458665,6.27763232215314,2.49944587221152,,0.402083333333333,0.354933333333333,0.449233333333333,0.0943,0.207485774109171,7.16587752572454e-05,FALSE,0,"XLOC_004646","NCF2","PB.1642.6","ENST00000367535.8","=",TRUE
"isoComp_00019746","geneComp_00002592","TCONS_00019257","XLOC_004646","T_minus","T_plus","XLOC_004646","unknown","unknown",53.3492515350645,19.7827399379519,86.9157631321771,2.19519190246707,11.9603378191568,2.13481248701356,,0.48770109955716,0.458458091316362,0.516944107797958,0.219458982459515,0.187547326464393,0.169729956536963,,0.0152,0.0248,0.0056,-0.0192,0.498885395068042,7.16587752572454e-05,FALSE,0,"XLOC_004646","NCF2","ENST00000413720.5","ENST00000413720.5","=",FALSE
"isoComp_00019748","geneComp_00002592","TCONS_00019259","XLOC_004646","T_minus","T_plus","XLOC_004646","unknown","unknown",53.3492515350645,19.7827399379519,86.9157631321771,2.19519190246707,11.9603378191568,2.13481248701356,,2.17908603616929,1.15503912422085,3.20313294811772,0.27117392049343,0.402218243322789,1.46360227155519,,0.0469833333333333,0.0569333333333333,0.0370333333333333,-0.0199,0.408683769712069,7.16587752572454e-05,FALSE,0,"XLOC_004646","NCF2","PB.1525.5","ENST00000367536.5","=",TRUE
"isoComp_00019749","geneComp_00002592","TCONS_00019260","XLOC_004646","T_minus","T_plus","XLOC_004646","unknown","unknown",53.3492515350645,19.7827399379519,86.9157631321771,2.19519190246707,11.9603378191568,2.13481248701356,,0.555677939453671,0.178429576827041,0.932926302080301,0.0111497102470977,0.108981448292956,2.32311958091075,,0.0102833333333333,0.0091,0.0114666666666667,0.00236666666666667,0.95400847201335,7.16587752572454e-05,TRUE,1,"XLOC_004646","NCF2","ENST00000469280.1","ENST00000469280.1","=",FALSE
"isoComp_00019751","geneComp_00002592","TCONS_00024774","XLOC_004646","T_minus","T_plus","XLOC_004646","unknown","unknown",53.3492515350645,19.7827399379519,86.9157631321771,2.19519190246707,11.9603378191568,2.13481248701356,,0.979517075521911,0.32999852886349,1.62903562218033,0.0208402139848624,0.229364071914767,2.26924680066129,,0.0180833333333333,0.0172666666666667,0.0189,0.00163333333333333,0.973917658548916,7.16587752572454e-05,FALSE,1,"XLOC_004646","NCF2","PB.1525.6","ENST00000367536.5","n",TRUE
"isoComp_00019752","geneComp_00002592","TCONS_00024776","XLOC_004646","T_minus","T_plus","XLOC_004646","unknown","unknown",53.3492515350645,19.7827399379519,86.9157631321771,2.19519190246707,11.9603378191568,2.13481248701356,,0.584711698036134,0.222383543778085,0.947039852294182,0.0643582247644056,0.260892056934621,2.0420710934977,,0.01085,0.0110333333333333,0.0106666666666667,-0.000366666666666666,0.999748775303101,7.16587752572454e-05,FALSE,0,"XLOC_004646","NCF2","PB.1525.3","ENST00000367536.5","j",TRUE
"isoComp_00019753","geneComp_00002592","TCONS_00024777","XLOC_004646","T_minus","T_plus","XLOC_004646","unknown","unknown",53.3492515350645,19.7827399379519,86.9157631321771,2.19519190246707,11.9603378191568,2.13481248701356,,2.21565919705174,0.19009730489058,4.24122108921291,0.146854395066809,0.849649263458501,4.40910364896119,,0.03075,0.0106666666666667,0.0508333333333333,0.0401666666666667,0.261269262951451,7.16587752572454e-05,FALSE,0,"XLOC_004646","NCF2","PB.1525.8","ENST00000367536.5","c",TRUE
"isoComp_00019754","geneComp_00002592","TCONS_00026757","XLOC_004646","T_minus","T_plus","XLOC_004646","unknown","unknown",53.3492515350645,19.7827399379519,86.9157631321771,2.19519190246707,11.9603378191568,2.13481248701356,,0.29969546020794,0.599390920415881,0,0.599390920415881,0,-5.92929609972212,,0.0124,0.0248,0,-0.0248,0.802942951910665,7.16587752572454e-05,FALSE,0,"XLOC_004646","NCF2","PB.1237.2","ENST00000367536.5","c",TRUE
"isoComp_00019755","geneComp_00002592","TCONS_00026759","XLOC_004646","T_minus","T_plus","XLOC_004646","unknown","unknown",53.3492515350645,19.7827399379519,86.9157631321771,2.19519190246707,11.9603378191568,2.13481248701356,,1.05897787436967,0.305612558219728,1.81234319051962,0.050547599206516,0.257870659346577,2.52956816205573,,0.0184166666666667,0.0154,0.0214333333333333,0.00603333333333333,0.823009473389667,7.16587752572454e-05,FALSE,1,"XLOC_004646","NCF2","PB.1237.7","ENST00000367536.5","n",TRUE
"isoComp_00019758","geneComp_00002592","TCONS_00029464","XLOC_004646","T_minus","T_plus","XLOC_004646","unknown","unknown",53.3492515350645,19.7827399379519,86.9157631321771,2.19519190246707,11.9603378191568,2.13481248701356,,0.914820693364247,0.507132519740212,1.32250886698828,0.105349982307802,0.327929817208544,1.36553919694423,,0.0200166666666667,0.0252333333333333,0.0148,-0.0104333333333333,0.530795482674509,7.16587752572454e-05,FALSE,0,"XLOC_004646","NCF2","PB.1642.3","ENST00000367536.5","j",TRUE
"isoComp_00019759","geneComp_00002592","TCONS_00029465","XLOC_004646","T_minus","T_plus","XLOC_004646","unknown","unknown",53.3492515350645,19.7827399379519,86.9157631321771,2.19519190246707,11.9603378191568,2.13481248701356,,2.19781361994079,1.03777089121029,3.3578563486713,0.972272997061872,2.07493173973733,1.68450731627568,,0.0482,0.0601,0.0363,-0.0238,0.962964193384365,7.16587752572454e-05,FALSE,0,"XLOC_004646","NCF2","PB.1642.4","ENST00000367536.5","c",TRUE
"isoComp_00019760","geneComp_00002592","TCONS_00029466","XLOC_004646","T_minus","T_plus","XLOC_004646","unknown","unknown",53.3492515350645,19.7827399379519,86.9157631321771,2.19519190246707,11.9603378191568,2.13481248701356,,2.74571659153635,2.28468370070428,3.20674948236841,0.552377788493327,1.3893775966491,0.487308278340089,,0.076,0.115166666666667,0.0368333333333333,-0.0783333333333333,0.37148269767005,7.16587752572454e-05,FALSE,0,"XLOC_004646","NCF2","PB.1642.7","ENST00000367536.5","c",TRUE
"isoComp_00019761","geneComp_00002592","TCONS_00031440","XLOC_004646","T_minus","T_plus","XLOC_004646","unknown","unknown",53.3492515350645,19.7827399379519,86.9157631321771,2.19519190246707,11.9603378191568,2.13481248701356,,3.890538162713,3.69355009768226,4.08752622774374,1.71841768942841,2.26289664416116,0.145844331285375,,0.11565,0.178433333333333,0.0528666666666667,-0.125566666666667,0.838349393368915,7.16587752572454e-05,FALSE,0,"XLOC_004646","NCF2","PB.1736.2","ENST00000367536.5","c",TRUE
"isoComp_00019762","geneComp_00002592","TCONS_00031441","XLOC_004646","T_minus","T_plus","XLOC_004646","unknown","unknown",53.3492515350645,19.7827399379519,86.9157631321771,2.19519190246707,11.9603378191568,2.13481248701356,,7.36500183328141,0.496836593551817,14.233167073011,0.228425286868198,2.49920264713621,4.81260547493046,,0.0945666666666667,0.0234333333333333,0.1657,0.142266666666667,7.16587752572454e-05,7.16587752572454e-05,FALSE,0,"XLOC_004646","NCF2","PB.1736.3","ENST00000367536.5","c",TRUE
"isoComp_00019763","geneComp_00002592","TCONS_00031442","XLOC_004646","T_minus","T_plus","XLOC_004646","unknown","unknown",53.3492515350645,19.7827399379519,86.9157631321771,2.19519190246707,11.9603378191568,2.13481248701356,,4.4705882599012,1.27830142848694,7.66287509131546,0.318955311298725,2.83586550759024,2.57429708363256,,0.07505,0.0673333333333333,0.0827666666666667,0.0154333333333333,0.959005128837666,7.16587752572454e-05,FALSE,0,"XLOC_004646","NCF2","PB.1736.4","ENST00000367536.5","c",TRUE
"isoComp_00020422","geneComp_00002691","TCONS_00019898","XLOC_004829","T_minus","T_plus","XLOC_004829","unknown","unknown",357.324038084541,383.911711712704,330.736364456377,36.6229825268397,36.445726755733,-0.21508685185221,,85.6257040340215,111.946370656414,59.3050374116292,10.5786205768181,3.50357065857597,-0.916466819264967,,0.236533333333333,0.291766666666667,0.1813,-0.110466666666667,8.26145598786467e-12,4.32719236470046e-23,FALSE,0,"XLOC_004829","RAB7B","PB.1663.1","ENST00000617070.5","=",TRUE
"isoComp_00020424","geneComp_00002691","TCONS_00019901","XLOC_004829","T_minus","T_plus","XLOC_004829","unknown","unknown",357.324038084541,383.911711712704,330.736364456377,36.6229825268397,36.445726755733,-0.21508685185221,,20.4538769510076,22.2842862319304,18.6234676700848,3.31934470401307,1.17900432621821,-0.258777828042799,,0.05725,0.0575666666666667,0.0569333333333333,-0.000633333333333333,0.993501298733467,4.32719236470046e-23,FALSE,0,"XLOC_004829","RAB7B","PB.1663.7","ENST00000623893.1","=",TRUE
"isoComp_00020425","geneComp_00002691","TCONS_00024990","XLOC_004829","T_minus","T_plus","XLOC_004829","unknown","unknown",357.324038084541,383.911711712704,330.736364456377,36.6229825268397,36.445726755733,-0.21508685185221,,88.3524044213436,123.624802391406,53.0800064512813,14.2278629404094,5.64096919713725,-1.21957268778186,,0.24115,0.321066666666667,0.161233333333333,-0.159833333333333,1.0181544011686e-11,4.32719236470046e-23,FALSE,0,"XLOC_004829","RAB7B","PB.1663.8","ENST00000617070.5","c",TRUE
"isoComp_00020427","geneComp_00002691","TCONS_00024992","XLOC_004829","T_minus","T_plus","XLOC_004829","unknown","unknown",357.324038084541,383.911711712704,330.736364456377,36.6229825268397,36.445726755733,-0.21508685185221,,58.5459976950839,31.9475985995454,85.1443967906224,1.25828060693508,10.0115578883249,1.41392201930557,,0.171216666666667,0.0841666666666667,0.258266666666667,0.1741,4.32719236470046e-23,4.32719236470046e-23,FALSE,0,"XLOC_004829","RAB7B","PB.1663.12","ENST00000617070.5","c",TRUE
"isoComp_00020430","geneComp_00002691","TCONS_00024995","XLOC_004829","T_minus","T_plus","XLOC_004829","unknown","unknown",357.324038084541,383.911711712704,330.736364456377,36.6229825268397,36.445726755733,-0.21508685185221,,9.5095929107947,7.53643450845422,11.4827513131352,0.81720936113748,0.799818890968623,0.606857138937287,,0.0274166666666667,0.0197333333333333,0.0351,0.0153666666666667,0.0019222728667282,4.32719236470046e-23,FALSE,0,"XLOC_004829","RAB7B","PB.1802.8","ENST00000617070.5","j",TRUE
"isoComp_00020433","geneComp_00002691","TCONS_00029540","XLOC_004829","T_minus","T_plus","XLOC_004829","unknown","unknown",357.324038084541,383.911711712704,330.736364456377,36.6229825268397,36.445726755733,-0.21508685185221,,91.8567164287814,82.9446835031559,100.768749354407,8.32636281419124,18.0267846253358,0.280796116855182,,0.25825,0.216133333333333,0.300366666666667,0.0842333333333333,0.00542535024376244,4.32719236470046e-23,,0,"XLOC_004829","RAB7B","PB.1802.11","ENST00000617070.5","c",TRUE
"isoComp_00020520","geneComp_00002705","TCONS_00019969","XLOC_004846","T_minus","T_plus","XLOC_004846","unknown","unknown",5.64112086567241,5.8623331504261,5.41990858091871,0.275913174606811,0.101770688706103,-0.113005909060738,,4.37062374337501,3.86436936362561,4.87687812312441,0.672891838179212,0.114561962950778,0.334951624708231,,0.775733333333333,0.6516,0.899866666666667,0.248266666666667,0.0278410367414453,0.0278410367414453,FALSE,0,"XLOC_004846","YOD1","ENST00000315927.9","ENST00000315927.9","=",FALSE
"isoComp_00020521","geneComp_00002705","TCONS_00019970","XLOC_004846","T_minus","T_plus","XLOC_004846","unknown","unknown",5.64112086567241,5.8623331504261,5.41990858091871,0.275913174606811,0.101770688706103,-0.113005909060738,,1.2704971222974,1.9979637868005,0.543030457794298,0.422266787840626,0.083386571855881,-1.86030240756961,,0.224266666666667,0.3484,0.100133333333333,-0.248266666666667,0.0716160560433642,0.0278410367414453,FALSE,0,"XLOC_004846","YOD1","ENST00000367084.1","ENST00000367084.1","=",FALSE
"isoComp_00020543","geneComp_00002713","TCONS_00020031","XLOC_004866","T_minus","T_plus","XLOC_004866","unknown","unknown",4.4513143222409,4.6866011287327,4.2160275157491,0.0603429644558308,0.267913237449177,-0.152314913388359,,3.50941728170992,4.20303892990342,2.81579563351642,0.0887988418891029,0.108846359775197,-0.576204115735999,,0.7834,0.896666666666667,0.670133333333333,-0.226533333333333,1.5326954457505e-06,1.5326954457505e-06,FALSE,0,"XLOC_004866","C1orf74","ENST00000294811.2","ENST00000294811.2","=",FALSE
"isoComp_00020545","geneComp_00002713","TCONS_00020033","XLOC_004866","T_minus","T_plus","XLOC_004866","unknown","unknown",4.4513143222409,4.6866011287327,4.2160275157491,0.0603429644558308,0.267913237449177,-0.152314913388359,,0.57432215749671,0.254238357424576,0.894405957568843,0.13129766039961,0.0808529667061245,1.77513058895616,,0.133583333333333,0.0536333333333333,0.213533333333333,0.1599,0.391723877650685,1.5326954457505e-06,FALSE,0,"XLOC_004866","IRF6","ENST00000367021.8","ENST00000367021.8","=",FALSE
"isoComp_00020546","geneComp_00002713","TCONS_00020034","XLOC_004866","T_minus","T_plus","XLOC_004866","unknown","unknown",4.4513143222409,4.6866011287327,4.2160275157491,0.0603429644558308,0.267913237449177,-0.152314913388359,,0.106254011943644,0.0406266997922925,0.171881324094995,0.0234146986676806,0.0525831160281948,1.84502706472436,,0.0245166666666667,0.00863333333333333,0.0404,0.0317666666666667,0.535896857149332,1.5326954457505e-06,FALSE,0,"XLOC_004866","IRF6","ENST00000542854.5","ENST00000542854.5","=",FALSE
"isoComp_00020548","geneComp_00002713","TCONS_00026834","XLOC_004866","T_minus","T_plus","XLOC_004866","unknown","unknown",4.4513143222409,4.6866011287327,4.2160275157491,0.0603429644558308,0.267913237449177,-0.152314913388359,,0.229096712714919,0.188697141612407,0.26949628381743,0.188697141612407,0.135857362321685,0.492257982492297,,0.05095,0.0410666666666667,0.0608333333333333,0.0197666666666667,0.743498430661376,1.5326954457505e-06,FALSE,0,"XLOC_004866","ENSG00000289700","PB.1386.1","ENST00000696133.1","j",TRUE
"isoComp_00022018","geneComp_00002936","TCONS_00031683","XLOC_005288","T_minus","T_plus","XLOC_005288","unknown","unknown",9.09908847420186,9.08105434191593,9.1171226064878,0.411101056181349,0.930912043994137,0.00571248973646472,,1.44874361475115,1.17912824394852,1.71835898555378,0.290361353541427,0.339546243262762,0.539498587037809,,0.162183333333333,0.1283,0.196066666666667,0.0677666666666667,0.796927018477642,0.000276896081710409,FALSE,0,"XLOC_005288","WDR37","ENST00000358220.5","ENST00000358220.5","=",FALSE
"isoComp_00022019","geneComp_00002936","TCONS_00031684","XLOC_005288","T_minus","T_plus","XLOC_005288","unknown","unknown",9.09908847420186,9.08105434191593,9.1171226064878,0.411101056181349,0.930912043994137,0.00571248973646472,,0.169034763771066,0.190791661772048,0.147277865770085,0.0273547304122405,0.0190558216747812,-0.352383710242033,,0.0185666666666667,0.0208,0.0163333333333333,-0.00446666666666667,0.927043940244145,0.000276896081710409,FALSE,1,"XLOC_005288","WDR37","ENST00000263150.9","ENST00000263150.9","=",FALSE
"isoComp_00022020","geneComp_00002936","TCONS_00031685","XLOC_005288","T_minus","T_plus","XLOC_005288","unknown","unknown",9.09908847420186,9.08105434191593,9.1171226064878,0.411101056181349,0.930912043994137,0.00571248973646472,,1.05024345339715,0.878483900730437,1.22200300606387,0.304215776164673,0.0802750282722672,0.471588236120895,,0.1151,0.0942,0.136,0.0418,0.766273858209724,0.000276896081710409,FALSE,0,"XLOC_005288","WDR37","ENST00000381329.5","ENST00000381329.5","=",FALSE
"isoComp_00022023","geneComp_00002936","TCONS_00040392","XLOC_005288","T_minus","T_plus","XLOC_005288","unknown","unknown",9.09908847420186,9.08105434191593,9.1171226064878,0.411101056181349,0.930912043994137,0.00571248973646472,,1.40522012762164,1.89240377468257,0.918036480560702,0.165344343055318,0.197890151615714,-1.03557005968174,,0.158133333333333,0.209866666666667,0.1064,-0.103466666666667,0.430072491302949,0.000276896081710409,FALSE,0,"XLOC_005288","WDR37","PB.2009.2","ENST00000650072.1","j",TRUE
"isoComp_00022024","geneComp_00002936","TCONS_00040393","XLOC_005288","T_minus","T_plus","XLOC_005288","unknown","unknown",9.09908847420186,9.08105434191593,9.1171226064878,0.411101056181349,0.930912043994137,0.00571248973646472,,4.2011957227653,4.81793801644181,3.5844534290888,0.364485965877396,0.505387975958608,-0.425634742341628,,0.462483333333333,0.534433333333333,0.390533333333333,-0.1439,0.399709836969483,0.000276896081710409,FALSE,0,"XLOC_005288","WDR37","PB.2009.5","ENST00000650072.1","c",TRUE
"isoComp_00022025","geneComp_00002936","TCONS_00041373","XLOC_005288","T_minus","T_plus","XLOC_005288","unknown","unknown",9.09908847420186,9.08105434191593,9.1171226064878,0.411101056181349,0.930912043994137,0.00571248973646472,,0.220443180300496,0.105321418737689,0.335564941863304,0.105321418737689,0.228940067700895,1.58329637036024,,0.02195,0.0106666666666667,0.0332333333333333,0.0225666666666667,0.826704486320856,0.000276896081710409,FALSE,0,"XLOC_005288","WDR37","PB.2173.1","ENST00000650072.1","j",TRUE
"isoComp_00022026","geneComp_00002936","TCONS_00042233","XLOC_005288","T_minus","T_plus","XLOC_005288","unknown","unknown",9.09908847420186,9.08105434191593,9.1171226064878,0.411101056181349,0.930912043994137,0.00571248973646472,,0.52869928788876,0,1.05739857577752,0,0.644818142434858,6.73795518123694,,0.0525666666666667,0,0.105133333333333,0.105133333333333,0.000276896081710409,0.000276896081710409,FALSE,0,"XLOC_005288","WDR37","PB.2271.1","ENST00000650072.1","j",TRUE
"isoComp_00023102","geneComp_00003112","TCONS_00033315","XLOC_005779","T_minus","T_plus","XLOC_005779","unknown","unknown",2.27796273899836,1.65862478831221,2.89730068968451,0.533144641501236,0.204119071198457,0.80102070829008,,0.0563273136975084,0.0889736265303871,0.0236810008646297,0.0344905175802492,0.0137349568389698,-1.55510913176409,,0.0403166666666667,0.0721666666666667,0.00846666666666667,-0.0637,0.584457842142789,0.046434544233603,FALSE,0,"XLOC_005779","ARID5B","ENST00000644638.1","ENST00000644638.1","=",FALSE
"isoComp_00023103","geneComp_00003112","TCONS_00033316","XLOC_005779","T_minus","T_plus","XLOC_005779","unknown","unknown",2.27796273899836,1.65862478831221,2.89730068968451,0.533144641501236,0.204119071198457,0.80102070829008,,1.46977456859206,1.26921531944686,1.67033381773725,0.423375334204355,0.0728009959075208,0.393488748265338,,0.666983333333333,0.755333333333333,0.578633333333333,-0.1767,0.204050162782128,0.046434544233603,FALSE,0,"XLOC_005779","ARID5B","ENST00000279873.12","ENST00000279873.12","=",FALSE
"isoComp_00023105","geneComp_00003112","TCONS_00033319","XLOC_005779","T_minus","T_plus","XLOC_005779","unknown","unknown",2.27796273899836,1.65862478831221,2.89730068968451,0.533144641501236,0.204119071198457,0.80102070829008,,0.0287502215417219,0.0101923953617118,0.0473080477217319,0.0101923953617118,0.0246968731410355,1.50492568638634,,0.0102166666666667,0.00376666666666667,0.0166666666666667,0.0129,0.935480128737818,0.046434544233603,FALSE,0,"XLOC_005779","ARID5B","ENST00000309334.5","ENST00000309334.5","=",FALSE
"isoComp_00023106","geneComp_00003112","TCONS_00042346","XLOC_005779","T_minus","T_plus","XLOC_005779","unknown","unknown",2.27796273899836,1.65862478831221,2.89730068968451,0.533144641501236,0.204119071198457,0.80102070829008,,0.721260663190485,0.286543503020072,1.1559778233609,0.116718762277597,0.142208304538402,1.97522467985923,,0.281066666666667,0.165933333333333,0.3962,0.230266666666667,0.046434544233603,0.046434544233603,FALSE,0,"XLOC_005779","ARID5B","PB.2545.4","ENST00000309334.5","c",TRUE
"isoComp_00023762","geneComp_00003212","TCONS_00034118","XLOC_005962","T_minus","T_plus","XLOC_005962","unknown","unknown",8.39701609673766,9.5794759151414,7.21455627833392,0.518367976680286,0.377287451973876,-0.408542988987263,,0.153678764899878,0.173897365799669,0.133460164000087,0.173897365799669,0.133460164000087,-0.358250629169501,,0.01755,0.0183333333333333,0.0167666666666667,-0.00156666666666667,0.995572275344594,6.70985800104248e-07,FALSE,0,"XLOC_005962","TMEM254","ENST00000372277.7","ENST00000372277.7","=",FALSE
"isoComp_00023763","geneComp_00003212","TCONS_00034119","XLOC_005962","T_minus","T_plus","XLOC_005962","unknown","unknown",8.39701609673766,9.5794759151414,7.21455627833392,0.518367976680286,0.377287451973876,-0.408542988987263,,0.281748524371146,0.511595873853368,0.0519011748889228,0.146525026403536,0.0519011748889228,-3.07489375973055,,0.0306833333333333,0.0548333333333333,0.00653333333333333,-0.0483,0.310518443195325,6.70985800104248e-07,FALSE,0,"XLOC_005962","TMEM254","PB.2701.2","ENST00000472622.5","=",TRUE
"isoComp_00023765","geneComp_00003212","TCONS_00034121","XLOC_005962","T_minus","T_plus","XLOC_005962","unknown","unknown",8.39701609673766,9.5794759151414,7.21455627833392,0.518367976680286,0.377287451973876,-0.408542988987263,,5.5072638220404,5.77862992318354,5.23589772089726,0.663540729312699,0.787198700813644,-0.142032245904852,,0.65955,0.6,0.7191,0.1191,0.594024780473782,6.70985800104248e-07,FALSE,0,"XLOC_005962","TMEM254","PB.2701.3","ENST00000372281.8","=",TRUE
"isoComp_00023766","geneComp_00003212","TCONS_00034122","XLOC_005962","T_minus","T_plus","XLOC_005962","unknown","unknown",8.39701609673766,9.5794759151414,7.21455627833392,0.518367976680286,0.377287451973876,-0.408542988987263,,0.326221781386931,0.541428654668666,0.111014908105196,0.208667005573363,0.111014908105196,-2.18798945073059,,0.0353333333333333,0.0546333333333333,0.0160333333333333,-0.0386,0.572793010786582,6.70985800104248e-07,TRUE,0,"XLOC_005962","TMEM254","PB.2331.2","ENST00000372275.5","=",TRUE
"isoComp_00023768","geneComp_00003212","TCONS_00034125","XLOC_005962","T_minus","T_plus","XLOC_005962","unknown","unknown",8.39701609673766,9.5794759151414,7.21455627833392,0.518367976680286,0.377287451973876,-0.408542988987263,,0.565488415583205,1.13097683116641,0,0.281126049608284,0,-6.8341256861334,,0.0607166666666667,0.121433333333333,0,-0.121433333333333,6.70985800104248e-07,6.70985800104248e-07,FALSE,0,"XLOC_005962","TMEM254","PB.2554.9","ENST00000467529.5","=",TRUE
"isoComp_00023772","geneComp_00003212","TCONS_00034129","XLOC_005962","T_minus","T_plus","XLOC_005962","unknown","unknown",8.39701609673766,9.5794759151414,7.21455627833392,0.518367976680286,0.377287451973876,-0.408542988987263,,0.181937310352175,0.36387462070435,0,0.32396129293077,0,-5.2244826366192,,0.0190333333333333,0.0380666666666667,0,-0.0380666666666667,0.677283661991042,6.70985800104248e-07,FALSE,0,"XLOC_005962","TMEM254","ENST00000463209.1","ENST00000463209.1","=",FALSE
"isoComp_00023773","geneComp_00003212","TCONS_00041649","XLOC_005962","T_minus","T_plus","XLOC_005962","unknown","unknown",8.39701609673766,9.5794759151414,7.21455627833392,0.518367976680286,0.377287451973876,-0.408542988987263,,0.632988329610313,0.647236978587967,0.61873968063266,0.323781749996604,0.0432733064354772,-0.0639508374676147,,0.07715,0.0677333333333333,0.0865666666666667,0.0188333333333333,0.902836815260018,6.70985800104248e-07,FALSE,0,"XLOC_005962","TMEM254","PB.2701.4","ENST00000372274.5","j",TRUE
"isoComp_00023776","geneComp_00003212","TCONS_00042405","XLOC_005962","T_minus","T_plus","XLOC_005962","unknown","unknown",8.39701609673766,9.5794759151414,7.21455627833392,0.518367976680286,0.377287451973876,-0.408542988987263,,0.234395148835936,0.0033974651205706,0.465392832551302,0.0033974651205706,0.465392832551302,5.14908818687601,,0.0346,0.000333333333333333,0.0688666666666667,0.0685333333333333,0.951572666742214,6.70985800104248e-07,FALSE,0,"XLOC_005962","TMEM254","PB.2701.7","ENST00000372274.5","j",TRUE
"isoComp_00023777","geneComp_00003212","TCONS_00042406","XLOC_005962","T_minus","T_plus","XLOC_005962","unknown","unknown",8.39701609673766,9.5794759151414,7.21455627833392,0.518367976680286,0.377287451973876,-0.408542988987263,,0.215087530826055,0.0747442326525533,0.355430828999556,0.0747442326525533,0.221191762021572,2.10841125705548,,0.0294,0.0071,0.0517,0.0446,0.764837597099032,6.70985800104248e-07,,0,"XLOC_005962","TMEM254","PB.2701.8","ENST00000372274.5","j",TRUE
"isoComp_00023828","geneComp_00003225","TCONS_00034234","XLOC_005987","T_minus","T_plus","XLOC_005987","unknown","unknown",6.14384878190796,3.98561146701882,8.30208609679709,0.411634386357245,0.57507328220817,1.05679429540586,,0.162611333244155,0.0669716679517523,0.258250998536557,0.0341556825225473,0.132566692917733,1.80118412577279,,0.0236833333333333,0.0178,0.0295666666666667,0.0117666666666667,0.908606723111068,0.0205274331693437,FALSE,0,"XLOC_005987","CCSER2","ENST00000359979.8","ENST00000359979.8","=",FALSE
"isoComp_00023829","geneComp_00003225","TCONS_00034235","XLOC_005987","T_minus","T_plus","XLOC_005987","unknown","unknown",6.14384878190796,3.98561146701882,8.30208609679709,0.411634386357245,0.57507328220817,1.05679429540586,,3.61895210254916,2.51616575135671,4.72173845374161,0.259589148349506,0.350472099531056,0.905421028143678,,0.599866666666667,0.631333333333333,0.5684,-0.0629333333333333,0.604954268519144,0.0205274331693437,FALSE,0,"XLOC_005987","CCSER2","ENST00000372088.8","ENST00000372088.8","=",FALSE
"isoComp_00023830","geneComp_00003225","TCONS_00034236","XLOC_005987","T_minus","T_plus","XLOC_005987","unknown","unknown",6.14384878190796,3.98561146701882,8.30208609679709,0.411634386357245,0.57507328220817,1.05679429540586,,0.116679315552127,0,0.233358631104255,0,0.0487490407370073,4.6050120379052,,0.0143166666666667,0,0.0286333333333333,0.0286333333333333,0.0967251401203718,0.0205274331693437,FALSE,0,"XLOC_005987","CCSER2","ENST00000224756.12","ENST00000224756.12","=",FALSE
"isoComp_00023832","geneComp_00003225","TCONS_00034239","XLOC_005987","T_minus","T_plus","XLOC_005987","unknown","unknown",6.14384878190796,3.98561146701882,8.30208609679709,0.411634386357245,0.57507328220817,1.05679429540586,,0.952205338952486,1.03651226585698,0.86789841204799,0.0342959334652143,0.0964614071326351,-0.253463311197948,,0.186266666666667,0.267666666666667,0.104866666666667,-0.1628,0.0205274331693437,0.0205274331693437,FALSE,0,"XLOC_005987","CCSER2","ENST00000543283.2","ENST00000543283.2","=",FALSE
"isoComp_00023836","geneComp_00003225","TCONS_00041655","XLOC_005987","T_minus","T_plus","XLOC_005987","unknown","unknown",6.14384878190796,3.98561146701882,8.30208609679709,0.411634386357245,0.57507328220817,1.05679429540586,,0.493923028087031,0.159145054462238,0.828701001711823,0.0880883133091272,0.214365721465392,2.30989558356996,,0.0672833333333333,0.0363,0.0982666666666667,0.0619666666666667,0.62100990656151,0.0205274331693437,FALSE,0,"XLOC_005987","CCSER2","PB.2564.2","ENST00000372088.8","c",TRUE
"isoComp_00023837","geneComp_00003225","TCONS_00041658","XLOC_005987","T_minus","T_plus","XLOC_005987","unknown","unknown",6.14384878190796,3.98561146701882,8.30208609679709,0.411634386357245,0.57507328220817,1.05679429540586,,0.650340883454446,0.111866306083359,1.18881546082553,0.0578909558026485,0.267709199247489,3.29823838907889,,0.0849,0.0254333333333333,0.144366666666667,0.118933333333333,0.119186046640132,0.0205274331693437,FALSE,0,"XLOC_005987","CCSER2","PB.2564.5","ENST00000372088.8","c",TRUE
"isoComp_00024251","geneComp_00003293","TCONS_00034821","XLOC_006121","T_minus","T_plus","XLOC_006121","unknown","unknown",8.18170738760298,8.54311847136493,7.82029630384103,0.355899994929782,0.63719835030242,-0.12738362213234,,0.243538074039314,0.126791103343832,0.360285044734797,0.0695300167297391,0.0910080335566834,1.43666187947652,,0.0298166666666667,0.0142333333333333,0.0454,0.0311666666666667,0.528733408133007,0.00421119824701473,FALSE,0,"XLOC_006121","R3HCC1L","ENST00000370584.7","ENST00000370584.7","=",FALSE
"isoComp_00024252","geneComp_00003293","TCONS_00034822","XLOC_006121","T_minus","T_plus","XLOC_006121","unknown","unknown",8.18170738760298,8.54311847136493,7.82029630384103,0.355899994929782,0.63719835030242,-0.12738362213234,,0.202280779299781,0.378610971155101,0.0259505874444614,0.0850126101978154,0.0259505874444614,-3.43423938117401,,0.02355,0.0442333333333333,0.00286666666666667,-0.0413666666666667,0.0930885545834228,0.00421119824701473,FALSE,0,"XLOC_006121","R3HCC1L","PB.2420.1","ENST00000298999.8","=",TRUE
"isoComp_00024253","geneComp_00003293","TCONS_00034825","XLOC_006121","T_minus","T_plus","XLOC_006121","unknown","unknown",8.18170738760298,8.54311847136493,7.82029630384103,0.355899994929782,0.63719835030242,-0.12738362213234,,1.32297386432566,1.85948650609344,0.786461222557887,0.253014878103067,0.387289672752723,-1.2309660300613,,0.155483333333333,0.2167,0.0942666666666667,-0.122433333333333,0.466931115231888,0.00421119824701473,FALSE,0,"XLOC_006121","R3HCC1L","ENST00000314594.6","ENST00000314594.6","=",FALSE
"isoComp_00024254","geneComp_00003293","TCONS_00034826","XLOC_006121","T_minus","T_plus","XLOC_006121","unknown","unknown",8.18170738760298,8.54311847136493,7.82029630384103,0.355899994929782,0.63719835030242,-0.12738362213234,,0.171387935105563,0.199396689911324,0.143379180299802,0.199396689911324,0.0298078392444903,-0.449135972089843,,0.0216666666666667,0.0244,0.0189333333333333,-0.00546666666666667,0.792935299826589,0.00421119824701473,FALSE,0,"XLOC_006121","R3HCC1L","ENST00000612478.4","ENST00000612478.4","=",FALSE
"isoComp_00024255","geneComp_00003293","TCONS_00040617","XLOC_006121","T_minus","T_plus","XLOC_006121","unknown","unknown",8.18170738760298,8.54311847136493,7.82029630384103,0.355899994929782,0.63719835030242,-0.12738362213234,,0.218433886243614,0.216294714480081,0.220573058007148,0.216294714480081,0.110585698808158,0.0270210585948754,,0.0286,0.0264666666666667,0.0307333333333333,0.00426666666666667,0.847476810561408,0.00421119824701473,FALSE,0,"XLOC_006121","R3HCC1L","PB.2420.2","ENST00000298999.8","j",TRUE
"isoComp_00024256","geneComp_00003293","TCONS_00040618","XLOC_006121","T_minus","T_plus","XLOC_006121","unknown","unknown",8.18170738760298,8.54311847136493,7.82029630384103,0.355899994929782,0.63719835030242,-0.12738362213234,,0.272952278537225,0.324985138753168,0.220919418321283,0.0884085874503992,0.077263612011905,-0.536707597053443,,0.0335166666666667,0.0380333333333333,0.029,-0.00903333333333333,0.929775112712701,0.00421119824701473,TRUE,0,"XLOC_006121","R3HCC1L","PB.2420.3","ENST00000298999.8","j",TRUE
"isoComp_00024257","geneComp_00003293","TCONS_00040619","XLOC_006121","T_minus","T_plus","XLOC_006121","unknown","unknown",8.18170738760298,8.54311847136493,7.82029630384103,0.355899994929782,0.63719835030242,-0.12738362213234,,0.361728588785539,0.473525672049246,0.249931505521832,0.131329880840144,0.0750012533588047,-0.8954609802345,,0.04445,0.0550333333333333,0.0338666666666667,-0.0211666666666667,0.84501400778796,0.00421119824701473,TRUE,0,"XLOC_006121","R3HCC1L","PB.2420.4","ENST00000298999.8","j",TRUE
"isoComp_00024258","geneComp_00003293","TCONS_00040620","XLOC_006121","T_minus","T_plus","XLOC_006121","unknown","unknown",8.18170738760298,8.54311847136493,7.82029630384103,0.355899994929782,0.63719835030242,-0.12738362213234,,1.25948856158426,0.66434016548995,1.85463695767856,0.0978223359622509,0.0799074581375807,1.46734633094345,,0.160066666666667,0.0786333333333333,0.2415,0.162866666666667,0.00421119824701473,0.00421119824701473,FALSE,0,"XLOC_006121","R3HCC1L","PB.2420.5","ENST00000298999.8","j",TRUE
"isoComp_00024259","geneComp_00003293","TCONS_00041713","XLOC_006121","T_minus","T_plus","XLOC_006121","unknown","unknown",8.18170738760298,8.54311847136493,7.82029630384103,0.355899994929782,0.63719835030242,-0.12738362213234,,2.00098652005892,2.44244193804163,1.55953110207621,0.411911499634827,0.804239444047011,-0.643885362935013,,0.23865,0.283,0.1943,-0.0887,0.884816566304953,0.00421119824701473,FALSE,0,"XLOC_006121","R3HCC1L","PB.2675.1","ENST00000298999.8","c",TRUE
"isoComp_00024260","geneComp_00003293","TCONS_00041714","XLOC_006121","T_minus","T_plus","XLOC_006121","unknown","unknown",8.18170738760298,8.54311847136493,7.82029630384103,0.355899994929782,0.63719835030242,-0.12738362213234,,0.746823227464296,0.541014435861876,0.952632019066715,0.259986410670802,0.661632565178761,0.80489429499801,,0.0880666666666667,0.0659333333333333,0.1102,0.0442666666666667,0.99353998979612,0.00421119824701473,FALSE,0,"XLOC_006121","R3HCC1L","PB.2675.2","ENST00000298999.8","c",TRUE
"isoComp_00024261","geneComp_00003293","TCONS_00042446","XLOC_006121","T_minus","T_plus","XLOC_006121","unknown","unknown",8.18170738760298,8.54311847136493,7.82029630384103,0.355899994929782,0.63719835030242,-0.12738362213234,,1.38111367215881,1.31623113618528,1.44599620813233,0.267899759632635,0.820055191649264,0.1346743673819,,0.176183333333333,0.153333333333333,0.199033333333333,0.0457,0.992390352317451,0.00421119824701473,FALSE,0,"XLOC_006121","R3HCC1L","PB.2845.1","ENST00000298999.8","c",TRUE
"isoComp_00025104","geneComp_00003431","TCONS_00036049","XLOC_006407","T_minus","T_plus","XLOC_006407","unknown","unknown",3.01569693400042,3.23038538732127,2.80100848067956,0.238835880265567,0.0917533383749322,-0.205077600457495,,2.29188625983567,2.75966884006873,1.82410367960262,0.231445664634153,0.078037700671357,-0.594638293425254,,0.752583333333333,0.853566666666667,0.6516,-0.201966666666667,0.0115057115380404,0.0115057115380404,FALSE,0,"XLOC_006407","INPP5A","ENST00000368594.8","ENST00000368594.8","=",FALSE
"isoComp_00025106","geneComp_00003431","TCONS_00036053","XLOC_006407","T_minus","T_plus","XLOC_006407","unknown","unknown",3.01569693400042,3.23038538732127,2.80100848067956,0.238835880265567,0.0917533383749322,-0.205077600457495,,0.413006782881725,0.276741742841756,0.549271822921694,0.0425118563886355,0.0480615747531902,0.963797704418602,,0.140916666666667,0.0848333333333333,0.197,0.112166666666667,0.283296209509182,0.0115057115380404,FALSE,0,"XLOC_006407","INPP5A","ENST00000487614.1","ENST00000487614.1","=",FALSE
"isoComp_00025107","geneComp_00003431","TCONS_00036054","XLOC_006407","T_minus","T_plus","XLOC_006407","unknown","unknown",3.01569693400042,3.23038538732127,2.80100848067956,0.238835880265567,0.0917533383749322,-0.205077600457495,,0.132548548232874,0.0506940737062689,0.214403022759479,0.0506940737062689,0.148852674026729,1.88646454873586,,0.0454666666666667,0.0165,0.0744333333333333,0.0579333333333333,0.824426305111589,0.0115057115380404,TRUE,0,"XLOC_006407","INPP5A","ENST00000498337.1","ENST00000498337.1","=",FALSE
"isoComp_00025108","geneComp_00003431","TCONS_00036055","XLOC_006407","T_minus","T_plus","XLOC_006407","unknown","unknown",3.01569693400042,3.23038538732127,2.80100848067956,0.238835880265567,0.0917533383749322,-0.205077600457495,,0.12036016672761,0.0473144687925177,0.193405864662702,0.0473144687925177,0.0135408383918632,1.8273899837722,,0.0424166666666667,0.0154,0.0694333333333333,0.0540333333333333,0.494478029558409,0.0115057115380404,FALSE,0,"XLOC_006407","INPP5A","ENST00000445580.1","ENST00000445580.1","=",FALSE
"isoComp_00025844","geneComp_00003560","TCONS_00037191","XLOC_006710","T_minus","T_plus","XLOC_006710","unknown","unknown",3.19853442039638,4.81417683831112,1.58289200248163,0.394489390664546,0.177429037103557,-1.59863433665726,,0.635832054440856,0.909065960095264,0.362598148786448,0.328800630108348,0.0996453003364159,-1.30254789903824,,0.20885,0.181,0.2367,0.0557,0.919071118761337,0.00339850334308655,FALSE,0,"XLOC_006710","ARHGAP12","ENST00000344936.7","ENST00000344936.7","=",FALSE
"isoComp_00025845","geneComp_00003560","TCONS_00037192","XLOC_006710","T_minus","T_plus","XLOC_006710","unknown","unknown",3.19853442039638,4.81417683831112,1.58289200248163,0.394489390664546,0.177429037103557,-1.59863433665726,,0.0878778155816058,0,0.175755631163212,0,0.041178689127965,4.21533404146872,,0.0554833333333333,0,0.110966666666667,0.110966666666667,0.00339850334308655,0.00339850334308655,FALSE,0,"XLOC_006710","ARHGAP12","ENST00000375245.8","ENST00000375245.8","=",FALSE
"isoComp_00025846","geneComp_00003560","TCONS_00037193","XLOC_006710","T_minus","T_plus","XLOC_006710","unknown","unknown",3.19853442039638,4.81417683831112,1.58289200248163,0.394489390664546,0.177429037103557,-1.59863433665726,,0.153247463746541,0.210107031270797,0.0963878962222852,0.105245170530454,0.0963878962222852,-1.04887120814442,,0.0507166666666667,0.0428666666666667,0.0585666666666667,0.0157,0.932740838572512,0.00339850334308655,FALSE,0,"XLOC_006710","ARHGAP12","ENST00000396144.8","ENST00000396144.8","=",FALSE
"isoComp_00025847","geneComp_00003560","TCONS_00037194","XLOC_006710","T_minus","T_plus","XLOC_006710","unknown","unknown",3.19853442039638,4.81417683831112,1.58289200248163,0.394489390664546,0.177429037103557,-1.59863433665726,,0.289305756621038,0.515385020658505,0.0632264925835698,0.067328833678746,0.057460101565412,-2.84293746800768,,0.0728166666666667,0.1075,0.0381333333333333,-0.0693666666666667,0.596975010778234,0.00339850334308655,FALSE,0,"XLOC_006710","ARHGAP12","ENST00000311380.8","ENST00000311380.8","=",FALSE
"isoComp_00025848","geneComp_00003560","TCONS_00037195","XLOC_006710","T_minus","T_plus","XLOC_006710","unknown","unknown",3.19853442039638,4.81417683831112,1.58289200248163,0.394489390664546,0.177429037103557,-1.59863433665726,,0.161155866482349,0.322311732964697,0,0.200281488176754,0,-5.05446532619945,,0.0367833333333333,0.0735666666666667,0,-0.0735666666666667,0.729768519458761,0.00339850334308655,FALSE,0,"XLOC_006710","ARHGAP12","ENST00000375250.9","ENST00000375250.9","=",FALSE
"isoComp_00025849","geneComp_00003560","TCONS_00037198","XLOC_006710","T_minus","T_plus","XLOC_006710","unknown","unknown",3.19853442039638,4.81417683831112,1.58289200248163,0.394489390664546,0.177429037103557,-1.59863433665726,,0.0810423059001335,0.123981978547129,0.0381026332531378,0.0437763105992289,0.0198373410684958,-1.4778511839636,,0.0258833333333333,0.0255666666666667,0.0262,0.000633333333333336,0.992390352317451,0.00339850334308655,FALSE,1,"XLOC_006710","ARHGAP12","ENST00000493008.1","ENST00000493008.1","=",FALSE
"isoComp_00025850","geneComp_00003560","TCONS_00037199","XLOC_006710","T_minus","T_plus","XLOC_006710","unknown","unknown",3.19853442039638,4.81417683831112,1.58289200248163,0.394489390664546,0.177429037103557,-1.59863433665726,,0.0719172506277492,0.0480992713913979,0.0957352298641006,0.0480992713913979,0.0513899515452705,0.86386417122603,,0.0324,0.0106333333333333,0.0541666666666667,0.0435333333333333,0.736540094699472,0.00339850334308655,FALSE,0,"XLOC_006710","ARHGAP12","ENST00000497103.1","ENST00000497103.1","=",FALSE
"isoComp_00025851","geneComp_00003560","TCONS_00037200","XLOC_006710","T_minus","T_plus","XLOC_006710","unknown","unknown",3.19853442039638,4.81417683831112,1.58289200248163,0.394489390664546,0.177429037103557,-1.59863433665726,,0.0470889051737762,0.0237822558439942,0.0703955545035583,0.0237822558439942,0.0703955545035583,1.25085006058881,,0.0211166666666667,0.00426666666666667,0.0379666666666667,0.0337,0.935863073663332,0.00339850334308655,TRUE,0,"XLOC_006710","ARHGAP12","ENST00000454919.1","ENST00000454919.1","=",FALSE
"isoComp_00025852","geneComp_00003560","TCONS_00041914","XLOC_006710","T_minus","T_plus","XLOC_006710","unknown","unknown",3.19853442039638,4.81417683831112,1.58289200248163,0.394489390664546,0.177429037103557,-1.59863433665726,,1.11798325964547,1.81876075870767,0.417205760583277,0.280814766149343,0.080587619353271,-2.09786334580426,,0.32205,0.3769,0.2672,-0.1097,0.722539198218647,0.00339850334308655,FALSE,0,"XLOC_006710","ARHGAP12","PB.2447.1","ENST00000344936.7","j",TRUE
"isoComp_00025853","geneComp_00003560","TCONS_00041915","XLOC_006710","T_minus","T_plus","XLOC_006710","unknown","unknown",3.19853442039638,4.81417683831112,1.58289200248163,0.394489390664546,0.177429037103557,-1.59863433665726,,0.106837965307318,0.16647579090796,0.0472001397066767,0.16647579090796,0.0244895355617974,-1.62537971120926,,0.0302,0.0297666666666667,0.0306333333333333,0.000866666666666668,0.869656844097261,0.00339850334308655,FALSE,0,"XLOC_006710","ARHGAP12","PB.2332.2","ENST00000344936.7","j",TRUE
"isoComp_00025854","geneComp_00003560","TCONS_00041916","XLOC_006710","T_minus","T_plus","XLOC_006710","unknown","unknown",3.19853442039638,4.81417683831112,1.58289200248163,0.394489390664546,0.177429037103557,-1.59863433665726,,0.446245776869538,0.676207037923708,0.216284515815368,0.265070220689029,0.114049189287565,-1.60050605531541,,0.143733333333333,0.148,0.139466666666667,-0.00853333333333336,0.99037720255768,0.00339850334308655,FALSE,0,"XLOC_006710","ARHGAP12","PB.2332.5","ENST00000396144.8","c",TRUE
"isoComp_00026836","geneComp_00003719","TCONS_00038354","XLOC_007034","T_minus","T_plus","XLOC_007034","unknown","unknown",17.1356711525252,17.5204960709824,16.750846234068,0.725306642763812,1.01961346464273,-0.0647718307475216,,2.43780969686835,2.48436566301399,2.39125373072272,0.107834162370125,0.0967641197918803,-0.0548851180617333,,0.142716666666667,0.141933333333333,0.1435,0.00156666666666666,0.986564092229572,0.00257077578607953,FALSE,0,"XLOC_007034","AP3M1","ENST00000355264.9","ENST00000355264.9","=",FALSE
"isoComp_00026837","geneComp_00003719","TCONS_00038355","XLOC_007034","T_minus","T_plus","XLOC_007034","unknown","unknown",17.1356711525252,17.5204960709824,16.750846234068,0.725306642763812,1.01961346464273,-0.0647718307475216,,2.89164604431666,1.97792969402182,3.8053623946115,0.750366117892744,0.800473270365587,0.940553360260264,,0.174483333333333,0.115233333333333,0.233733333333333,0.1185,0.518846890804192,0.00257077578607953,FALSE,0,"XLOC_007034","AP3M1","PB.2299.4","ENST00000372745.1","=",TRUE
"isoComp_00026840","geneComp_00003719","TCONS_00040878","XLOC_007034","T_minus","T_plus","XLOC_007034","unknown","unknown",17.1356711525252,17.5204960709824,16.750846234068,0.725306642763812,1.01961346464273,-0.0647718307475216,,0.880971555873513,1.76194311174703,0,1.07570530509427,0,-7.4691884766711,,0.0501166666666667,0.100233333333333,0,-0.100233333333333,0.00257077578607953,0.00257077578607953,FALSE,0,"XLOC_007034","AP3M1","PB.2299.1","ENST00000372745.1","c",TRUE
"isoComp_00026841","geneComp_00003719","TCONS_00040879","XLOC_007034","T_minus","T_plus","XLOC_007034","unknown","unknown",17.1356711525252,17.5204960709824,16.750846234068,0.725306642763812,1.01961346464273,-0.0647718307475216,,1.7800983938322,1.15912682758002,2.40106996008438,0.554231995750514,0.705836492160124,1.04424207029031,,0.10365,0.0671333333333333,0.140166666666667,0.0730333333333333,0.647828691143566,0.00257077578607953,FALSE,0,"XLOC_007034","AP3M1","PB.2299.3","ENST00000372745.1","c",TRUE
"isoComp_00026842","geneComp_00003719","TCONS_00040880","XLOC_007034","T_minus","T_plus","XLOC_007034","unknown","unknown",17.1356711525252,17.5204960709824,16.750846234068,0.725306642763812,1.01961346464273,-0.0647718307475216,,2.06158680530184,2.21280809324975,1.91036551735394,0.44684126170833,0.958211502186594,-0.211002462380068,,0.1186,0.127766666666667,0.109433333333333,-0.0183333333333333,0.932942136761555,0.00257077578607953,FALSE,0,"XLOC_007034","AP3M1","PB.2299.7","ENST00000372745.1","c",TRUE
"isoComp_00026845","geneComp_00003719","TCONS_00040883","XLOC_007034","T_minus","T_plus","XLOC_007034","unknown","unknown",17.1356711525252,17.5204960709824,16.750846234068,0.725306642763812,1.01961346464273,-0.0647718307475216,,0.484323949319529,0.325442243302004,0.643205655337053,0.169567125833419,0.166048189417369,0.961472898057879,,0.0280666666666667,0.0183,0.0378333333333333,0.0195333333333333,0.793300232436856,0.00257077578607953,TRUE,0,"XLOC_007034","AP3M1","PB.2299.9","ENST00000372745.1","j",TRUE
"isoComp_00026846","geneComp_00003719","TCONS_00040884","XLOC_007034","T_minus","T_plus","XLOC_007034","unknown","unknown",17.1356711525252,17.5204960709824,16.750846234068,0.725306642763812,1.01961346464273,-0.0647718307475216,,0.570938423356359,0.27174362902519,0.870133217687528,0.256685628100689,0.437826297013612,1.64333892020134,,0.0349166666666667,0.0145,0.0553333333333333,0.0408333333333333,0.797112419446355,0.00257077578607953,FALSE,0,"XLOC_007034","AP3M1","PB.2299.10","ENST00000372745.1","j",TRUE
"isoComp_00026847","geneComp_00003719","TCONS_00041283","XLOC_007034","T_minus","T_plus","XLOC_007034","unknown","unknown",17.1356711525252,17.5204960709824,16.750846234068,0.725306642763812,1.01961346464273,-0.0647718307475216,,2.52242228145899,3.47021986744269,1.57462469547529,0.722663812566986,0.903106628308922,-1.13503726200335,,0.142666666666667,0.1969,0.0884333333333333,-0.108466666666667,0.772208711433825,0.00257077578607953,FALSE,0,"XLOC_007034","AP3M1","PB.1832.9","ENST00000372745.1","c",TRUE
"isoComp_00026848","geneComp_00003719","TCONS_00042701","XLOC_007034","T_minus","T_plus","XLOC_007034","unknown","unknown",17.1356711525252,17.5204960709824,16.750846234068,0.725306642763812,1.01961346464273,-0.0647718307475216,,3.15605525856796,3.7182960272836,2.59381448985233,0.779754087547961,0.343637267320541,-0.517889748160725,,0.184166666666667,0.210533333333333,0.1578,-0.0527333333333333,0.834799959608772,0.00257077578607953,FALSE,0,"XLOC_007034","AP3M1","PB.2662.3","ENST00000372745.1","c",TRUE
"isoComp_00028178","geneComp_00003917","TCONS_00040082","XLOC_007464","T_minus","T_plus","XLOC_007464","unknown","unknown",10.8463012917835,12.9072923985624,8.78531018500467,0.381128573812468,0.510588826175146,-0.554497334180375,,1.02605529377729,1.89567602199112,0.156434565563463,0.202277879701357,0.156434565563463,-3.51727587966343,,0.0819,0.1462,0.0176,-0.1286,0.150935428378623,0.000136518894547025,FALSE,0,"XLOC_007464","CHST15","ENST00000346248.7","ENST00000346248.7","=",FALSE
"isoComp_00028179","geneComp_00003917","TCONS_00040083","XLOC_007464","T_minus","T_plus","XLOC_007464","unknown","unknown",10.8463012917835,12.9072923985624,8.78531018500467,0.381128573812468,0.510588826175146,-0.554497334180375,,2.36457013192791,1.90135272548468,2.82778753837115,0.243613198492092,0.105488358687155,0.570172539467295,,0.234633333333333,0.146533333333333,0.322733333333333,0.1762,0.000136518894547025,0.000136518894547025,FALSE,0,"XLOC_007464","CHST15","ENST00000435907.6","ENST00000435907.6","=",FALSE
"isoComp_00028180","geneComp_00003917","TCONS_00040084","XLOC_007464","T_minus","T_plus","XLOC_007464","unknown","unknown",10.8463012917835,12.9072923985624,8.78531018500467,0.381128573812468,0.510588826175146,-0.554497334180375,,2.47390324497039,2.4526999526319,2.49510653730888,0.210948811367366,0.223238214419026,0.024631094476227,,0.236416666666667,0.189433333333333,0.2834,0.0939666666666666,0.109108870461435,0.000136518894547025,FALSE,0,"XLOC_007464","CHST15","ENST00000628426.1","ENST00000628426.1","=",FALSE
"isoComp_00028183","geneComp_00003917","TCONS_00041030","XLOC_007464","T_minus","T_plus","XLOC_007464","unknown","unknown",10.8463012917835,12.9072923985624,8.78531018500467,0.381128573812468,0.510588826175146,-0.554497334180375,,1.27401267687067,1.53697229289073,1.01105306085061,0.22284734920783,0.440603732299855,-0.599389517176058,,0.114416666666667,0.1186,0.110233333333333,-0.00836666666666666,0.953460934251001,0.000136518894547025,FALSE,0,"XLOC_007464","CHST15","PB.2539.2","ENST00000346248.7","c",TRUE
"isoComp_00028184","geneComp_00003917","TCONS_00041031","XLOC_007464","T_minus","T_plus","XLOC_007464","unknown","unknown",10.8463012917835,12.9072923985624,8.78531018500467,0.381128573812468,0.510588826175146,-0.554497334180375,,2.85518638735704,4.47106066426398,1.2393121104501,0.512084014664453,0.527765800421655,-1.84270631324179,,0.248983333333333,0.3493,0.148666666666667,-0.200633333333333,0.469646415841773,0.000136518894547025,FALSE,0,"XLOC_007464","CHST15","PB.2539.4","ENST00000346248.7","c",TRUE
"isoComp_00028185","geneComp_00003917","TCONS_00041032","XLOC_007464","T_minus","T_plus","XLOC_007464","unknown","unknown",10.8463012917835,12.9072923985624,8.78531018500467,0.381128573812468,0.510588826175146,-0.554497334180375,,0.130537868876448,0.154025647794314,0.107050089958582,0.0855540083111231,0.107050089958582,-0.486795375592386,,0.0114833333333333,0.0118333333333333,0.0111333333333333,-0.000699999999999999,0.911344407012543,0.000136518894547025,FALSE,0,"XLOC_007464","CHST15","PB.2539.6","ENST00000346248.7","j",TRUE
"isoComp_00028187","geneComp_00003917","TCONS_00041360","XLOC_007464","T_minus","T_plus","XLOC_007464","unknown","unknown",10.8463012917835,12.9072923985624,8.78531018500467,0.381128573812468,0.510588826175146,-0.554497334180375,,0.606609289254103,0.393956204231745,0.819262374276461,0.361168769827082,0.243003896428655,1.03762974649582,,0.06055,0.0304,0.0907,0.0603,0.477445703039385,0.000136518894547025,FALSE,0,"XLOC_007464","CHST15","PB.2014.1","ENST00000346248.7","c",TRUE
"isoComp_00028424","geneComp_00003958","TCONS_00042904","XLOC_007559","T_minus","T_plus","XLOC_007559","unknown","unknown",195.582507997417,139.618321388845,251.54669460599,7.41352814373112,21.7709371962321,0.849291985142696,,5.76195370588856,9.72882077193639,1.79508663984074,5.60108889968815,1.79508663984074,-2.43167900903162,,0.0363833333333333,0.0664333333333333,0.00633333333333333,-0.0601,0.671321114884392,9.84462106803533e-89,FALSE,0,"XLOC_007559","IFITM2","ENST00000681914.1","ENST00000681914.1","=",FALSE
"isoComp_00028425","geneComp_00003958","TCONS_00042908","XLOC_007559","T_minus","T_plus","XLOC_007559","unknown","unknown",195.582507997417,139.618321388845,251.54669460599,7.41352814373112,21.7709371962321,0.849291985142696,,5.33734537165676,3.10528312020153,7.569407623112,3.10528312020153,1.0654715269691,1.28272181454654,,0.0272666666666667,0.0236,0.0309333333333333,0.00733333333333333,0.337683954772748,9.84462106803533e-89,,0,"XLOC_007559","IFITM2","ENST00000681900.1","ENST00000681900.1","=",FALSE
"isoComp_00028427","geneComp_00003958","TCONS_00042911","XLOC_007559","T_minus","T_plus","XLOC_007559","unknown","unknown",195.582507997417,139.618321388845,251.54669460599,7.41352814373112,21.7709371962321,0.849291985142696,,10.5600820882476,10.3638449609646,10.7563192155306,1.87960722487397,0.903262165813598,0.0535743925999494,,0.0581666666666667,0.0732666666666667,0.0430666666666667,-0.0302,0.0558668941641276,9.84462106803533e-89,FALSE,1,"XLOC_007559","IFITM2","ENST00000616316.3","ENST00000616316.3","=",FALSE
"isoComp_00028428","geneComp_00003958","TCONS_00042912","XLOC_007559","T_minus","T_plus","XLOC_007559","unknown","unknown",195.582507997417,139.618321388845,251.54669460599,7.41352814373112,21.7709371962321,0.849291985142696,,7.1267436038969,5.72856530522552,8.52492190256828,1.61892271195027,1.88721251838216,0.572687857380457,,0.0367166666666667,0.0401333333333333,0.0333,-0.00683333333333333,0.933115306277125,9.84462106803533e-89,FALSE,1,"XLOC_007559","IFITM2","ENST00000399817.9","ENST00000399817.9","=",FALSE
"isoComp_00028429","geneComp_00003958","TCONS_00042913","XLOC_007559","T_minus","T_plus","XLOC_007559","unknown","unknown",195.582507997417,139.618321388845,251.54669460599,7.41352814373112,21.7709371962321,0.849291985142696,,58.9906693743394,52.219586796333,65.7617519523458,2.25995736171537,5.03617665357833,0.332600809467457,,0.318416666666667,0.374533333333333,0.2623,-0.112233333333333,3.41563677450876e-09,9.84462106803533e-89,TRUE,0,"XLOC_007559","IFITM2","ENST00000680197.1","ENST00000680197.1","=",FALSE
"isoComp_00028430","geneComp_00003958","TCONS_00042914","XLOC_007559","T_minus","T_plus","XLOC_007559","unknown","unknown",195.582507997417,139.618321388845,251.54669460599,7.41352814373112,21.7709371962321,0.849291985142696,,33.7387097617352,30.7251415297439,36.7522779937266,1.95364089740545,0.667616261268279,0.258337038313161,,0.185683333333333,0.222466666666667,0.1489,-0.0735666666666667,0.220628948258253,9.84462106803533e-89,FALSE,1,"XLOC_007559","IFITM2","ENST00000680344.1","ENST00000680344.1","=",FALSE
"isoComp_00028433","geneComp_00003958","TCONS_00042917","XLOC_007559","T_minus","T_plus","XLOC_007559","unknown","unknown",195.582507997417,139.618321388845,251.54669460599,7.41352814373112,21.7709371962321,0.849291985142696,,2.49672296791257,2.96854125852269,2.02490467730244,1.51306185423776,1.01347893280046,-0.549644728584547,,0.0146333333333333,0.0206,0.00866666666666667,-0.0119333333333333,0.960411902213103,9.84462106803533e-89,FALSE,1,"XLOC_007559","IFITM2","ENST00000680261.1","ENST00000680261.1","=",FALSE
"isoComp_00028435","geneComp_00003958","TCONS_00042919","XLOC_007559","T_minus","T_plus","XLOC_007559","unknown","unknown",195.582507997417,139.618321388845,251.54669460599,7.41352814373112,21.7709371962321,0.849291985142696,,5.82586225647831,4.8210765422444,6.83064797071222,0.377698320904949,1.64219479737512,0.501788278219505,,0.0309333333333333,0.0348666666666667,0.027,-0.00786666666666666,0.800679547667975,9.84462106803533e-89,FALSE,1,"XLOC_007559","IFITM2","ENST00000602569.2","ENST00000602569.2","=",FALSE
"isoComp_00028439","geneComp_00003958","TCONS_00042926","XLOC_007559","T_minus","T_plus","XLOC_007559","unknown","unknown",195.582507997417,139.618321388845,251.54669460599,7.41352814373112,21.7709371962321,0.849291985142696,,8.90358602299136,8.52197609208026,9.28519595390247,0.864364313691596,2.32683078628328,0.123605356181777,,0.0486833333333333,0.0614666666666667,0.0359,-0.0255666666666667,0.372664482307198,9.84462106803533e-89,FALSE,0,"XLOC_007559","IFITM2","ENST00000681211.1","ENST00000681211.1","=",FALSE
"isoComp_00028451","geneComp_00003958","TCONS_00042948","XLOC_007559","T_minus","T_plus","XLOC_007559","unknown","unknown",195.582507997417,139.618321388845,251.54669460599,7.41352814373112,21.7709371962321,0.849291985142696,,45.5869244718209,6.33607239032036,84.8377765533214,0.377461296595355,10.5311319492288,3.74094097082061,,0.1902,0.0454666666666667,0.334933333333333,0.289466666666667,9.84462106803533e-89,9.84462106803533e-89,FALSE,0,"XLOC_007559","IFITM1","PB.3070.1","ENST00000408968.4","=",TRUE
"isoComp_00028455","geneComp_00003958","TCONS_00042952","XLOC_007559","T_minus","T_plus","XLOC_007559","unknown","unknown",195.582507997417,139.618321388845,251.54669460599,7.41352814373112,21.7709371962321,0.849291985142696,,2.7615651932968,0.263805645547611,5.259324741046,0.210253461422409,0.31183159443526,4.26639399503473,,0.0115,0.002,0.021,0.019,0.0251065423095471,9.84462106803533e-89,FALSE,0,"XLOC_007559","IFITM1","ENST00000681426.1","ENST00000681426.1","=",FALSE
"isoComp_00028891","geneComp_00004021","TCONS_00043569","XLOC_007698","T_minus","T_plus","XLOC_007698","unknown","unknown",27.0550110200443,5.16428031436979,48.9457417257188,0.576118510963216,7.44578394074424,3.24204795618796,,1.32305397273457,1.45329438304774,1.1928135624214,0.737199694950806,1.1928135624214,-0.282806997242064,,0.140333333333333,0.258733333333333,0.0219333333333333,-0.2368,0.490436214518521,9.6671648766859e-05,TRUE,0,"XLOC_007698","TRIM22","ENST00000425490.5","ENST00000425490.5","=",FALSE
"isoComp_00028892","geneComp_00004021","TCONS_00043570","XLOC_007698","T_minus","T_plus","XLOC_007698","unknown","unknown",27.0550110200443,5.16428031436979,48.9457417257188,0.576118510963216,7.44578394074424,3.24204795618796,,7.78683207546824,1.22842186251227,14.3452422884242,0.810188997047991,3.01889400607599,3.5350029300358,,0.2774,0.266033333333333,0.288766666666667,0.0227333333333333,0.883493004008377,9.6671648766859e-05,FALSE,2,"XLOC_007698","TRIM22","PB.2620.1","ENST00000379965.8","=",TRUE
"isoComp_00028893","geneComp_00004021","TCONS_00043571","XLOC_007698","T_minus","T_plus","XLOC_007698","unknown","unknown",27.0550110200443,5.16428031436979,48.9457417257188,0.576118510963216,7.44578394074424,3.24204795618796,,1.17893525457963,0.129498038361456,2.22837247079781,0.129498038361456,0.620227458645523,4.00413338441175,,0.0345833333333333,0.0258,0.0433666666666667,0.0175666666666667,0.612954138042066,9.6671648766859e-05,FALSE,0,"XLOC_007698","TRIM22","ENST00000460454.1","ENST00000460454.1","=",FALSE
"isoComp_00028895","geneComp_00004021","TCONS_00043575","XLOC_007698","T_minus","T_plus","XLOC_007698","unknown","unknown",27.0550110200443,5.16428031436979,48.9457417257188,0.576118510963216,7.44578394074424,3.24204795618796,,0.435624635056247,0.19295896380657,0.678290306305924,0.114244827284542,0.273156370393533,1.76182913261971,,0.0267166666666667,0.0408666666666667,0.0125666666666667,-0.0283,0.878278907608954,9.6671648766859e-05,TRUE,0,"XLOC_007698","TRIM22","ENST00000414897.5","ENST00000414897.5","=",FALSE
"isoComp_00028896","geneComp_00004021","TCONS_00043576","XLOC_007698","T_minus","T_plus","XLOC_007698","unknown","unknown",27.0550110200443,5.16428031436979,48.9457417257188,0.576118510963216,7.44578394074424,3.24204795618796,,0.516195680496835,0,1.03239136099367,0,0.346967866748387,6.70375322224771,,0.0103,0,0.0206,0.0206,0.0183212016705296,9.6671648766859e-05,,0,"XLOC_007698","TRIM22","ENST00000493494.1","ENST00000493494.1","=",FALSE
"isoComp_00028898","geneComp_00004021","TCONS_00058714","XLOC_007698","T_minus","T_plus","XLOC_007698","unknown","unknown",27.0550110200443,5.16428031436979,48.9457417257188,0.576118510963216,7.44578394074424,3.24204795618796,,4.55427202947318,0.279086502261156,8.8294575566852,0.155429023099957,1.48720600478971,4.93438468509831,,0.119766666666667,0.0599333333333333,0.1796,0.119666666666667,0.180050375182135,9.6671648766859e-05,FALSE,3,"XLOC_007698","TRIM22","PB.2078.1","ENST00000379965.8","m",TRUE
"isoComp_00028899","geneComp_00004021","TCONS_00058715","XLOC_007698","T_minus","T_plus","XLOC_007698","unknown","unknown",27.0550110200443,5.16428031436979,48.9457417257188,0.576118510963216,7.44578394074424,3.24204795618796,,2.91349471310504,0.0752075515286853,5.7517818746814,0.0345451867262312,0.747254702027671,6.0793899396891,,0.0691166666666667,0.0149333333333333,0.1233,0.108366666666667,9.6671648766859e-05,9.6671648766859e-05,FALSE,4,"XLOC_007698","TRIM22","PB.2078.4","ENST00000379965.8","m",TRUE
"isoComp_00028901","geneComp_00004021","TCONS_00058717","XLOC_007698","T_minus","T_plus","XLOC_007698","unknown","unknown",27.0550110200443,5.16428031436979,48.9457417257188,0.576118510963216,7.44578394074424,3.24204795618796,,2.87307950791182,0.980279690714221,4.76587932510942,0.505863582911084,2.8254055432885,2.26985842666755,,0.135683333333333,0.1792,0.0921666666666667,-0.0870333333333333,0.957041560325141,9.6671648766859e-05,FALSE,2,"XLOC_007698","TRIM22","PB.3135.3","ENST00000379965.8","c",TRUE
"isoComp_00028902","geneComp_00004021","TCONS_00058718","XLOC_007698","T_minus","T_plus","XLOC_007698","unknown","unknown",27.0550110200443,5.16428031436979,48.9457417257188,0.576118510963216,7.44578394074424,3.24204795618796,,2.31945424534389,0.618984497848841,4.01992399283893,0.276458255652814,0.81570825593957,2.6796562632445,,0.0981166666666667,0.111466666666667,0.0847666666666667,-0.0267,0.983926202344524,9.6671648766859e-05,FALSE,1,"XLOC_007698","TRIM22","PB.2078.13","ENST00000379965.8","c",TRUE
"isoComp_00028903","geneComp_00004021","TCONS_00059401","XLOC_007698","T_minus","T_plus","XLOC_007698","unknown","unknown",27.0550110200443,5.16428031436979,48.9457417257188,0.576118510963216,7.44578394074424,3.24204795618796,,0.651363922785576,0.155640428100751,1.1470874174704,0.108734933937277,0.243402615026675,2.80437112195985,,0.02865,0.0341,0.0232,-0.0109,0.989699037195604,9.6671648766859e-05,FALSE,0,"XLOC_007698","TRIM22","PB.2935.6","ENST00000379965.8","j",TRUE
"isoComp_00028904","geneComp_00004021","TCONS_00060438","XLOC_007698","T_minus","T_plus","XLOC_007698","unknown","unknown",27.0550110200443,5.16428031436979,48.9457417257188,0.576118510963216,7.44578394074424,3.24204795618796,,1.99811606467392,0,3.99623212934785,0,1.82077252647034,8.64610220607178,,0.0449333333333333,0,0.0898666666666667,0.0898666666666667,0.039008558936862,9.6671648766859e-05,FALSE,2,"XLOC_007698","TRIM22","PB.3135.4","ENST00000379965.8","c",TRUE
"isoComp_00029433","geneComp_00004091","TCONS_00044157","XLOC_007845","T_minus","T_plus","XLOC_007845","unknown","unknown",1.75809486771451,1.61940351780636,1.89678621762267,0.240753016630031,0.175590661148669,0.226799174644406,,0.0391086413908657,0,0.0782172827817314,0,0.0782172827817314,3.1410613240473,,0.01905,0,0.0381,0.0381,0.948315290869084,0.000456891284412476,FALSE,0,"XLOC_007845","SAA1","ENST00000532858.5","ENST00000532858.5","=",FALSE
"isoComp_00029434","geneComp_00004091","TCONS_00044158","XLOC_007845","T_minus","T_plus","XLOC_007845","unknown","unknown",1.75809486771451,1.61940351780636,1.89678621762267,0.240753016630031,0.175590661148669,0.226799174644406,,0.0965378204965225,0.0373721163262766,0.155703524666768,0.0373721163262766,0.155703524666768,1.80649426016806,,0.0465,0.0185333333333333,0.0744666666666667,0.0559333333333333,1,0.000456891284412476,FALSE,0,"XLOC_007845","SAA1","ENST00000649195.1","ENST00000649195.1","=",FALSE
"isoComp_00029435","geneComp_00004091","TCONS_00044159","XLOC_007845","T_minus","T_plus","XLOC_007845","unknown","unknown",1.75809486771451,1.61940351780636,1.89678621762267,0.240753016630031,0.175590661148669,0.226799174644406,,0.174612984873636,0.0538974641006008,0.295328505646671,0.0320824612796086,0.0531688084749375,2.25653170551344,,0.0991166666666667,0.0366,0.161633333333333,0.125033333333333,0.417219971719965,0.000456891284412476,FALSE,1,"XLOC_007845","SAA1","ENST00000689650.1","ENST00000689650.1","=",FALSE
"isoComp_00029436","geneComp_00004091","TCONS_00044160","XLOC_007845","T_minus","T_plus","XLOC_007845","unknown","unknown",1.75809486771451,1.61940351780636,1.89678621762267,0.240753016630031,0.175590661148669,0.226799174644406,,1.44783542095349,1.52813393737948,1.3675369045275,0.222526304812758,0.0836064670929521,-0.159090166093345,,0.835333333333333,0.944866666666667,0.7258,-0.219066666666667,0.000456891284412476,0.000456891284412476,FALSE,0,"XLOC_007845","SAA1","PB.3237.1","ENST00000356524.9","=",TRUE
"isoComp_00030494","geneComp_00004208","TCONS_00045491","XLOC_008203","T_minus","T_plus","XLOC_008203","unknown","unknown",7.39403603558509,6.62887950061019,8.15919257056,0.278738699361789,0.860271272711608,0.299253725460272,,6.37870645760913,6.40244597138886,6.35496694382941,0.262385241724744,0.181077763668716,-0.0107217436465842,,0.880166666666667,0.967166666666667,0.793166666666667,-0.174,0.217134649224086,6.13178297262357e-05,FALSE,0,"XLOC_008203","RTN4RL2","ENST00000335099.8","ENST00000335099.8","=",FALSE
"isoComp_00030495","geneComp_00004208","TCONS_00045492","XLOC_008203","T_minus","T_plus","XLOC_008203","unknown","unknown",7.39403603558509,6.62887950061019,8.15919257056,0.278738699361789,0.860271272711608,0.299253725460272,,0.258449996982206,0.219674319393832,0.297225674570579,0.219674319393832,0.297225674570579,0.419709232336153,,0.0345666666666667,0.0318666666666667,0.0372666666666667,0.0054,0.998161431539877,6.13178297262357e-05,FALSE,0,"XLOC_008203","RTN4RL2","ENST00000533205.5","ENST00000533205.5","=",FALSE
"isoComp_00030496","geneComp_00004208","TCONS_00045493","XLOC_008203","T_minus","T_plus","XLOC_008203","unknown","unknown",7.39403603558509,6.62887950061019,8.15919257056,0.278738699361789,0.860271272711608,0.299253725460272,,0.756879580993754,0.00675920982750252,1.50699995216001,0.00675920982750252,0.779949724679971,6.50012310020619,,0.0852833333333333,0.000966666666666667,0.1696,0.168633333333333,6.13178297262357e-05,6.13178297262357e-05,FALSE,0,"XLOC_008203","RTN4RL2","ENST00000395120.2","ENST00000395120.2","=",FALSE
"isoComp_00031001","geneComp_00004267","TCONS_00046077","XLOC_008309","T_minus","T_plus","XLOC_008309","unknown","unknown",18.7416999478898,25.4325185888598,12.0508813069198,0.972423597680763,0.646896820775104,-1.07690616099019,,0.33896022065956,0.453058841120192,0.224861600198927,0.156363579758356,0.124078350972285,-0.979384676694165,,0.0179833333333333,0.0174,0.0185666666666667,0.00116666666666667,0.988009189439222,0.00458382500313504,,0,"XLOC_008309","TTC9C","ENST00000530625.5","ENST00000530625.5","=",FALSE
"isoComp_00031003","geneComp_00004267","TCONS_00046079","XLOC_008309","T_minus","T_plus","XLOC_008309","unknown","unknown",18.7416999478898,25.4325185888598,12.0508813069198,0.972423597680763,0.646896820775104,-1.07690616099019,,6.50815872659303,7.35147770544195,5.66483974774411,0.504598850568608,0.614451720272816,-0.375415741990129,,0.378683333333333,0.289166666666667,0.4682,0.179033333333333,0.00458382500313504,0.00458382500313504,FALSE,1,"XLOC_008309","TTC9C","PB.3471.2","ENST00000316461.9","=",TRUE
"isoComp_00031004","geneComp_00004267","TCONS_00046080","XLOC_008309","T_minus","T_plus","XLOC_008309","unknown","unknown",18.7416999478898,25.4325185888598,12.0508813069198,0.972423597680763,0.646896820775104,-1.07690616099019,,0.310397054488242,0.359291873059975,0.261502235916509,0.183224302071205,0.0751714597346082,-0.44379743458163,,0.0178833333333333,0.0143333333333333,0.0214333333333333,0.0071,0.898746850691718,0.00458382500313504,FALSE,1,"XLOC_008309","TTC9C","PB.3246.4","ENST00000532583.1","=",TRUE
"isoComp_00031006","geneComp_00004267","TCONS_00046082","XLOC_008309","T_minus","T_plus","XLOC_008309","unknown","unknown",18.7416999478898,25.4325185888598,12.0508813069198,0.972423597680763,0.646896820775104,-1.07690616099019,,2.6251557417495,3.92357840980023,1.32673307369876,0.225235602550774,0.257643253613209,-1.55713093297039,,0.131366666666667,0.1542,0.108533333333333,-0.0456666666666667,0.576989614383307,0.00458382500313504,,0,"XLOC_008309","TTC9C","PB.3473.1","ENST00000601045.1","=",TRUE
"isoComp_00031007","geneComp_00004267","TCONS_00059599","XLOC_008309","T_minus","T_plus","XLOC_008309","unknown","unknown",18.7416999478898,25.4325185888598,12.0508813069198,0.972423597680763,0.646896820775104,-1.07690616099019,,5.80787421886321,8.89887316797362,2.71687526975281,0.656436848037332,0.721720651401292,-1.70799425378624,,0.289416666666667,0.3495,0.229333333333333,-0.120166666666667,0.514052731144491,0.00458382500313504,FALSE,0,"XLOC_008309","TTC9C","PB.3246.2","ENST00000294161.10","j",TRUE
"isoComp_00031008","geneComp_00004267","TCONS_00059600","XLOC_008309","T_minus","T_plus","XLOC_008309","unknown","unknown",18.7416999478898,25.4325185888598,12.0508813069198,0.972423597680763,0.646896820775104,-1.07690616099019,,0.826434176167768,1.15344917308535,0.499419179250181,0.0301212735381074,0.065493535658779,-1.19148300382256,,0.0436666666666667,0.0454666666666667,0.0418666666666667,-0.0036,0.975504998223721,0.00458382500313504,FALSE,0,"XLOC_008309","TTC9C","PB.3246.6","ENST00000294161.10","j",TRUE
"isoComp_00031009","geneComp_00004267","TCONS_00059601","XLOC_008309","T_minus","T_plus","XLOC_008309","unknown","unknown",18.7416999478898,25.4325185888598,12.0508813069198,0.972423597680763,0.646896820775104,-1.07690616099019,,2.08005877429826,3.08803273359877,1.07208481499775,0.256613499110141,0.113179027545023,-1.51753880400321,,0.105916666666667,0.1221,0.0897333333333333,-0.0323666666666667,0.714351274123707,0.00458382500313504,FALSE,1,"XLOC_008309","TTC9C","PB.3471.3","ENST00000294161.10","m",TRUE
"isoComp_00032748","geneComp_00004464","TCONS_00047995","XLOC_008654","T_minus","T_plus","XLOC_008654","unknown","unknown",11.8991493200983,10.571481495955,13.2268171442417,0.711801534321628,0.173945680732375,0.323014629976855,,0.499526805769685,0.313829240542238,0.685224370997132,0.0861781066367727,0.0702709292337946,1.10224539515181,,0.0403833333333333,0.0290666666666667,0.0517,0.0226333333333333,0.631114889359438,0.013046454172065,FALSE,0,"XLOC_008654","RAB30-DT","ENST00000656330.1","ENST00000656330.1","=",FALSE
"isoComp_00032749","geneComp_00004464","TCONS_00047996","XLOC_008654","T_minus","T_plus","XLOC_008654","unknown","unknown",11.8991493200983,10.571481495955,13.2268171442417,0.711801534321628,0.173945680732375,0.323014629976855,,0.823773800300796,0.786010619300399,0.861536981301193,0.185848211607722,0.206653399378449,0.13077420510035,,0.0689833333333333,0.0732,0.0647666666666667,-0.00843333333333333,0.97634601892347,0.013046454172065,FALSE,1,"XLOC_008654","RAB30-DT","ENST00000669459.2","ENST00000669459.2","=",FALSE
"isoComp_00032750","geneComp_00004464","TCONS_00047997","XLOC_008654","T_minus","T_plus","XLOC_008654","unknown","unknown",11.8991493200983,10.571481495955,13.2268171442417,0.711801534321628,0.173945680732375,0.323014629976855,,0.992192026236423,1.27538295126483,0.709001101208013,0.103815701819572,0.0903075982690314,-0.838132356980469,,0.0882166666666667,0.122933333333333,0.0535,-0.0694333333333333,0.134778635334355,0.013046454172065,FALSE,0,"XLOC_008654","RAB30-DT","ENST00000527627.5","ENST00000527627.5","=",FALSE
"isoComp_00032751","geneComp_00004464","TCONS_00047998","XLOC_008654","T_minus","T_plus","XLOC_008654","unknown","unknown",11.8991493200983,10.571481495955,13.2268171442417,0.711801534321628,0.173945680732375,0.323014629976855,,0.402011861854893,0.396830945574921,0.407192778134866,0.123551130825495,0.0536868790610673,0.0362847622367546,,0.0340666666666667,0.0374,0.0307333333333333,-0.00666666666666667,0.978092415111209,0.013046454172065,FALSE,0,"XLOC_008654","RAB30-DT","ENST00000658004.1","ENST00000658004.1","=",FALSE
"isoComp_00032752","geneComp_00004464","TCONS_00047999","XLOC_008654","T_minus","T_plus","XLOC_008654","unknown","unknown",11.8991493200983,10.571481495955,13.2268171442417,0.711801534321628,0.173945680732375,0.323014629976855,,2.28477844049685,1.15197384038353,3.41758304061017,0.115101066472963,0.375775450864179,1.56061402924345,,0.184516666666667,0.111033333333333,0.258,0.146966666666667,0.013046454172065,0.013046454172065,FALSE,0,"XLOC_008654","RAB30-DT","ENST00000689041.1","ENST00000689041.1","=",FALSE
"isoComp_00032753","geneComp_00004464","TCONS_00048000","XLOC_008654","T_minus","T_plus","XLOC_008654","unknown","unknown",11.8991493200983,10.571481495955,13.2268171442417,0.711801534321628,0.173945680732375,0.323014629976855,,0.422768820386813,0.0781416977731239,0.767395943000501,0.0781416977731239,0.767395943000502,3.14075298771118,,0.0326833333333333,0.00653333333333333,0.0588333333333333,0.0523,0.998161431539877,0.013046454172065,FALSE,0,"XLOC_008654","RAB30-DT","ENST00000526795.1","ENST00000526795.1","=",FALSE
"isoComp_00032754","geneComp_00004464","TCONS_00048001","XLOC_008654","T_minus","T_plus","XLOC_008654","unknown","unknown",11.8991493200983,10.571481495955,13.2268171442417,0.711801534321628,0.173945680732375,0.323014629976855,,1.90266835605832,1.78038493588533,2.02495177623131,0.283184163547981,0.420698430311226,0.184724803486775,,0.160366666666667,0.1669,0.153833333333333,-0.0130666666666667,0.964424151573954,0.013046454172065,FALSE,0,"XLOC_008654","RAB30-DT","PB.3748.4","ENST00000501011.8","=",TRUE
"isoComp_00032755","geneComp_00004464","TCONS_00048002","XLOC_008654","T_minus","T_plus","XLOC_008654","unknown","unknown",11.8991493200983,10.571481495955,13.2268171442417,0.711801534321628,0.173945680732375,0.323014629976855,,0.160984302778054,0.185775884112951,0.136192721443156,0.0231484817802808,0.086744437126973,-0.421331578106626,,0.0141833333333333,0.0179333333333333,0.0104333333333333,-0.0075,0.836418275464225,0.013046454172065,FALSE,2,"XLOC_008654","RAB30-DT","ENST00000663168.1","ENST00000663168.1","=",FALSE
"isoComp_00032756","geneComp_00004464","TCONS_00048003","XLOC_008654","T_minus","T_plus","XLOC_008654","unknown","unknown",11.8991493200983,10.571481495955,13.2268171442417,0.711801534321628,0.173945680732375,0.323014629976855,,2.33840585506508,2.90680567785455,1.7700060322756,0.164770047673722,0.284574836290295,-0.712507144483039,,0.206233333333333,0.278966666666667,0.1335,-0.145466666666667,0.0782913907321848,0.013046454172065,,0,"XLOC_008654","RAB30-DT","ENST00000533528.1","ENST00000533528.1","=",FALSE
"isoComp_00032758","geneComp_00004464","TCONS_00048007","XLOC_008654","T_minus","T_plus","XLOC_008654","unknown","unknown",11.8991493200983,10.571481495955,13.2268171442417,0.711801534321628,0.173945680732375,0.323014629976855,,0.920366431488548,0.651546655303927,1.18918620767317,0.271868319461666,0.417859768481808,0.858140884798274,,0.0746333333333333,0.0593666666666667,0.0899,0.0305333333333333,0.893303706782262,0.013046454172065,FALSE,0,"XLOC_008654","RAB30-DT","ENST00000658917.1","ENST00000658917.1","=",FALSE
"isoComp_00032759","geneComp_00004464","TCONS_00048008","XLOC_008654","T_minus","T_plus","XLOC_008654","unknown","unknown",11.8991493200983,10.571481495955,13.2268171442417,0.711801534321628,0.173945680732375,0.323014629976855,,0.659385686848487,0.739027187107812,0.579744186589161,0.0801418265911492,0.0514076899166204,-0.34492879234675,,0.05735,0.0709666666666667,0.0437333333333333,-0.0272333333333333,0.652074401895729,0.013046454172065,FALSE,0,"XLOC_008654","RAB30-DT","ENST00000669005.1","ENST00000669005.1","=",FALSE
"isoComp_00032761","geneComp_00004464","TCONS_00060711","XLOC_008654","T_minus","T_plus","XLOC_008654","unknown","unknown",11.8991493200983,10.571481495955,13.2268171442417,0.711801534321628,0.173945680732375,0.323014629976855,,0.373445687244785,0.268399744525078,0.478491629964493,0.268399744525078,0.106928739039463,0.811175955328198,,0.0292833333333333,0.0224333333333333,0.0361333333333333,0.0137,0.640103405695328,0.013046454172065,FALSE,0,"XLOC_008654","RAB30-DT","PB.3748.8","ENST00000658004.1","j",TRUE
"isoComp_00033900","geneComp_00004621","TCONS_00049435","XLOC_008996","T_minus","T_plus","XLOC_008996","unknown","unknown",1.2057906941297,1.01441976337879,1.3971616248806,0.00772613016184236,0.201359999998404,0.45798105312403,,0.249758268205341,0.0271618607577455,0.472354675652936,0.0222854839232133,0.0939786988419195,3.6981997042533,,0.1798,0.0264666666666667,0.333133333333333,0.306666666666667,0.011825786020886,0.011825786020886,FALSE,1,"XLOC_008996","TLCD5","ENST00000314475.6","ENST00000314475.6","=",FALSE
"isoComp_00033901","geneComp_00004621","TCONS_00049436","XLOC_008996","T_minus","T_plus","XLOC_008996","unknown","unknown",1.2057906941297,1.01441976337879,1.3971616248806,0.00772613016184236,0.201359999998404,0.45798105312403,,0.0852639127218653,0.0236572343962588,0.146870591047472,0.0236572343962588,0.00673267124367928,2.22058637084779,,0.0661,0.0235666666666667,0.108633333333333,0.0850666666666667,0.542825646806924,0.011825786020886,FALSE,1,"XLOC_008996","TLCD5","ENST00000531346.1","ENST00000531346.1","=",FALSE
"isoComp_00033902","geneComp_00004621","TCONS_00049437","XLOC_008996","T_minus","T_plus","XLOC_008996","unknown","unknown",1.2057906941297,1.01441976337879,1.3971616248806,0.00772613016184236,0.201359999998404,0.45798105312403,,0.707901899703447,0.828218766534264,0.58758503287263,0.0803426645751277,0.132007734230353,-0.488182806925238,,0.614066666666667,0.8156,0.412533333333333,-0.403066666666667,0.0291059425360874,0.011825786020886,FALSE,1,"XLOC_008996","TLCD5","ENST00000375095.3","ENST00000375095.3","=",FALSE
"isoComp_00033903","geneComp_00004621","TCONS_00049438","XLOC_008996","T_minus","T_plus","XLOC_008996","unknown","unknown",1.2057906941297,1.01441976337879,1.3971616248806,0.00772613016184236,0.201359999998404,0.45798105312403,,0.162866613499043,0.135381901690522,0.190351325307564,0.0646856146563605,0.053900481323975,0.46268437096669,,0.140033333333333,0.134366666666667,0.1457,0.0113333333333333,0.992390352317451,0.011825786020886,FALSE,0,"XLOC_008996","TLCD5","ENST00000529187.1","ENST00000529187.1","=",FALSE
"isoComp_00035309","geneComp_00004789","TCONS_00051225","XLOC_009388","T_minus","T_plus","XLOC_009388","unknown","unknown",31.8000289047895,33.90932697188,29.690730837699,1.92985535419304,1.49691164171342,-0.191609112732506,,8.97038806133955,11.1207401254055,6.82003599727361,0.319141669315843,0.381018212416042,-0.704584438889351,,0.279883333333333,0.329966666666667,0.2298,-0.100166666666667,0.0211251990509736,0.0211251990509736,FALSE,1,"XLOC_009388","RNF141","ENST00000265981.7","ENST00000265981.7","=",FALSE
"isoComp_00035314","geneComp_00004789","TCONS_00058048","XLOC_009388","T_minus","T_plus","XLOC_009388","unknown","unknown",31.8000289047895,33.90932697188,29.690730837699,1.92985535419304,1.49691164171342,-0.191609112732506,,8.42422325266767,6.8565122449194,9.99193426041593,0.819383573326539,1.92733571451484,0.542629635681139,,0.266833333333333,0.200766666666667,0.3329,0.132133333333333,0.199619295509565,0.0211251990509736,FALSE,0,"XLOC_009388","RNF141","PB.2676.8","ENST00000265981.7","c",TRUE
"isoComp_00035317","geneComp_00004789","TCONS_00060853","XLOC_009388","T_minus","T_plus","XLOC_009388","unknown","unknown",31.8000289047895,33.90932697188,29.690730837699,1.92985535419304,1.49691164171342,-0.191609112732506,,1.98112185341093,2.96787313653949,0.994370570282364,0.054865663020748,0.482403851548983,-1.56799063248983,,0.0616666666666667,0.0882,0.0351333333333333,-0.0530666666666667,0.608169253285923,0.0211251990509736,FALSE,0,"XLOC_009388","RNF141","PB.3189.1","ENST00000265981.7","c",TRUE
"isoComp_00035318","geneComp_00004789","TCONS_00060854","XLOC_009388","T_minus","T_plus","XLOC_009388","unknown","unknown",31.8000289047895,33.90932697188,29.690730837699,1.92985535419304,1.49691164171342,-0.191609112732506,,11.4492176327909,12.1107822227881,10.7876530427936,1.17202434882049,0.959256857768059,-0.166765042075013,,0.36075,0.3556,0.3659,0.0103,0.996618379895584,0.0211251990509736,FALSE,0,"XLOC_009388","RNF141","PB.3191.3","ENST00000265981.7","j",TRUE
"isoComp_00035319","geneComp_00004789","TCONS_00060855","XLOC_009388","T_minus","T_plus","XLOC_009388","unknown","unknown",31.8000289047895,33.90932697188,29.690730837699,1.92985535419304,1.49691164171342,-0.191609112732506,,0.57212189077944,0.267886671807009,0.87635710975187,0.136622730090189,0.357518057106394,1.67339143133557,,0.0180333333333333,0.0075,0.0285666666666667,0.0210666666666667,0.623802176044495,0.0211251990509736,FALSE,0,"XLOC_009388","RNF141","PB.3191.5","ENST00000265981.7","j",TRUE
"isoComp_00038993","geneComp_00005218","TCONS_00055634","XLOC_010320","T_minus","T_plus","XLOC_010320","unknown","unknown",23.6556024602911,21.6896658387856,25.6215390817967,1.78897417105234,1.2248557369917,0.240247283638318,,1.86333628934749,2.84561967309318,0.881052905601804,0.861502186751231,0.480363960085824,-1.68022084787066,,0.0845666666666667,0.1363,0.0328333333333333,-0.103466666666667,0.569875735000751,9.63755640910023e-09,FALSE,1,"XLOC_010320","CCDC82","PB.3831.1","ENST00000646818.2","=",TRUE
"isoComp_00038998","geneComp_00005218","TCONS_00055641","XLOC_010320","T_minus","T_plus","XLOC_010320","unknown","unknown",23.6556024602911,21.6896658387856,25.6215390817967,1.78897417105234,1.2248557369917,0.240247283638318,,0.440820092403546,0.228393671420346,0.653246513386746,0.080047924053027,0.236891988210172,1.47619924895734,,0.0185833333333333,0.0107666666666667,0.0264,0.0156333333333333,0.75457338121201,9.63755640910023e-09,FALSE,2,"XLOC_010320","CCDC82","ENST00000679708.1","ENST00000679708.1","=",FALSE
"isoComp_00039003","geneComp_00005218","TCONS_00055646","XLOC_010320","T_minus","T_plus","XLOC_010320","unknown","unknown",23.6556024602911,21.6896658387856,25.6215390817967,1.78897417105234,1.2248557369917,0.240247283638318,,0.424176137089422,0.848352274178844,0,0.828051125770896,0,-6.4234979569561,,0.0210166666666667,0.0420333333333333,0,-0.0420333333333333,0.681920284145726,9.63755640910023e-09,FALSE,1,"XLOC_010320","CCDC82","ENST00000679960.1","ENST00000679960.1","=",FALSE
"isoComp_00039005","geneComp_00005218","TCONS_00055649","XLOC_010320","T_minus","T_plus","XLOC_010320","unknown","unknown",23.6556024602911,21.6896658387856,25.6215390817967,1.78897417105234,1.2248557369917,0.240247283638318,,6.78657676846915,6.80908106737296,6.76407246956535,0.496467604717761,0.378898681699251,-0.00955391520891124,,0.292166666666667,0.320533333333333,0.2638,-0.0567333333333334,0.770361820673662,9.63755640910023e-09,FALSE,0,"XLOC_010320","CCDC82","ENST00000680728.1","ENST00000680728.1","=",FALSE
"isoComp_00039009","geneComp_00005218","TCONS_00055654","XLOC_010320","T_minus","T_plus","XLOC_010320","unknown","unknown",23.6556024602911,21.6896658387856,25.6215390817967,1.78897417105234,1.2248557369917,0.240247283638318,,2.03942651664869,2.08554316983358,1.99330986346381,0.693904150098272,0.180861251284898,-0.0649386540708144,,0.08525,0.0924333333333333,0.0780666666666667,-0.0143666666666667,0.946073881089625,9.63755640910023e-09,FALSE,1,"XLOC_010320","CCDC82","ENST00000646050.1","ENST00000646050.1","=",FALSE
"isoComp_00039019","geneComp_00005218","TCONS_00055670","XLOC_010320","T_minus","T_plus","XLOC_010320","unknown","unknown",23.6556024602911,21.6896658387856,25.6215390817967,1.78897417105234,1.2248557369917,0.240247283638318,,0.396589041749909,0.356645975855564,0.436532107644254,0.0418179880055346,0.168157215169111,0.284376210184123,,0.0171666666666667,0.0166,0.0177333333333333,0.00113333333333333,0.997835672756094,9.63755640910023e-09,FALSE,1,"XLOC_010320","CCDC82","ENST00000530106.2","ENST00000530106.2","=",FALSE
"isoComp_00039020","geneComp_00005218","TCONS_00055671","XLOC_010320","T_minus","T_plus","XLOC_010320","unknown","unknown",23.6556024602911,21.6896658387856,25.6215390817967,1.78897417105234,1.2248557369917,0.240247283638318,,0.276373937368965,0.218627533473525,0.334120341264405,0.0835874005265467,0.168214211154745,0.589914016709945,,0.0115666666666667,0.0107,0.0124333333333333,0.00173333333333333,0.998357144556385,9.63755640910023e-09,FALSE,4,"XLOC_010320","CCDC82","ENST00000679577.1","ENST00000679577.1","=",FALSE
"isoComp_00039022","geneComp_00005218","TCONS_00055673","XLOC_010320","T_minus","T_plus","XLOC_010320","unknown","unknown",23.6556024602911,21.6896658387856,25.6215390817967,1.78897417105234,1.2248557369917,0.240247283638318,,0.381844358111361,0,0.763688716222721,0,0.763688716222721,6.27368132806325,,0.0142166666666667,0,0.0284333333333333,0.0284333333333333,0.930975234181079,9.63755640910023e-09,FALSE,1,"XLOC_010320","CCDC82","ENST00000538597.1","ENST00000538597.1","=",FALSE
"isoComp_00039024","geneComp_00005218","TCONS_00058523","XLOC_010320","T_minus","T_plus","XLOC_010320","unknown","unknown",23.6556024602911,21.6896658387856,25.6215390817967,1.78897417105234,1.2248557369917,0.240247283638318,,0.712560218266608,0.445402990537489,0.979717445995726,0.257561450965772,0.254217690170285,1.11987294420631,,0.0296833333333333,0.0206,0.0387666666666667,0.0181666666666667,0.804049869478217,9.63755640910023e-09,FALSE,0,"XLOC_010320","CCDC82","PB.3254.2","ENST00000647080.1","c",TRUE
"isoComp_00039025","geneComp_00005218","TCONS_00058525","XLOC_010320","T_minus","T_plus","XLOC_010320","unknown","unknown",23.6556024602911,21.6896658387856,25.6215390817967,1.78897417105234,1.2248557369917,0.240247283638318,,1.29721025232174,0.82176023440138,1.7726602702421,0.766385771568376,0.387685883570089,1.09979217015149,,0.0516666666666667,0.0329666666666667,0.0703666666666667,0.0374,0.570206673200813,9.63755640910023e-09,FALSE,0,"XLOC_010320","CCDC82","PB.3254.7","ENST00000645366.1","c",TRUE
"isoComp_00039027","geneComp_00005218","TCONS_00060282","XLOC_010320","T_minus","T_plus","XLOC_010320","unknown","unknown",23.6556024602911,21.6896658387856,25.6215390817967,1.78897417105234,1.2248557369917,0.240247283638318,,0.516813364385582,1.03362672877116,0,0.153573639162372,0,-6.70546198899654,,0.02465,0.0493,0,-0.0493,9.63755640910023e-09,9.63755640910023e-09,FALSE,0,"XLOC_010320","CCDC82","PB.3573.11","ENST00000645366.1","c",TRUE
"isoComp_00039028","geneComp_00005218","TCONS_00060283","XLOC_010320","T_minus","T_plus","XLOC_010320","unknown","unknown",23.6556024602911,21.6896658387856,25.6215390817967,1.78897417105234,1.2248557369917,0.240247283638318,,3.23795189654542,1.69672593543242,4.77917785765841,0.245427919860605,0.702417660237859,1.48854660427696,,0.133083333333333,0.0796666666666667,0.1865,0.106833333333333,0.0387047484974208,9.63755640910023e-09,TRUE,1,"XLOC_010320","CCDC82","PB.3573.12","ENST00000643839.1","c",TRUE
"isoComp_00039029","geneComp_00005218","TCONS_00061088","XLOC_010320","T_minus","T_plus","XLOC_010320","unknown","unknown",23.6556024602911,21.6896658387856,25.6215390817967,1.78897417105234,1.2248557369917,0.240247283638318,,1.20894157607923,0.769404572368048,1.64847857979041,0.448658461570958,0.513792118422277,1.08941607880738,,0.04905,0.0333,0.0648,0.0315,0.833122815621873,9.63755640910023e-09,FALSE,0,"XLOC_010320","CCDC82","PB.3831.3","ENST00000645366.1","c",TRUE
"isoComp_00039031","geneComp_00005218","TCONS_00061090","XLOC_010320","T_minus","T_plus","XLOC_010320","unknown","unknown",23.6556024602911,21.6896658387856,25.6215390817967,1.78897417105234,1.2248557369917,0.240247283638318,,2.14369194752997,1.80968920214485,2.47769469291509,1.47842693297864,0.466514038230586,0.45111737566309,,0.0846666666666667,0.0739333333333333,0.0954,0.0214666666666667,0.824710942155114,9.63755640910023e-09,FALSE,0,"XLOC_010320","CCDC82","PB.3831.9","ENST00000645366.1","c",TRUE
"isoComp_00040070","geneComp_00005366","TCONS_00057043","XLOC_010662","T_minus","T_plus","XLOC_010662","unknown","unknown",5.46073802205484,6.11112957095884,4.81034647315084,0.272309344150323,0.39129402057932,-0.344661060069229,,0.937987399740736,0.708203490359295,1.16777130912218,0.0311298335419156,0.0278284629551653,0.713594865153219,,0.1812,0.116633333333333,0.245766666666667,0.129133333333333,0.04585615115123,0.04585615115123,FALSE,0,"XLOC_010662","SENCR","ENST00000526269.2","ENST00000526269.2","=",FALSE
"isoComp_00040071","geneComp_00005366","TCONS_00057044","XLOC_010662","T_minus","T_plus","XLOC_010662","unknown","unknown",5.46073802205484,6.11112957095884,4.81034647315084,0.272309344150323,0.39129402057932,-0.344661060069229,,4.02069841771821,5.05878641239114,2.98261042304528,0.304771227833803,0.187651973429948,-0.760235891649477,,0.727633333333333,0.827333333333333,0.627933333333333,-0.1994,0.0690854606900669,0.04585615115123,FALSE,0,"XLOC_010662","SENCR","PB.4082.1","ENST00000685905.1","=",TRUE
"isoComp_00040072","geneComp_00005366","TCONS_00060403","XLOC_010662","T_minus","T_plus","XLOC_010662","unknown","unknown",5.46073802205484,6.11112957095884,4.81034647315084,0.272309344150323,0.39129402057932,-0.344661060069229,,0.122667589818582,0.197141231526021,0.0481939481111426,0.0315635567141567,0.0481939481111426,-1.831673718288,,0.0205333333333333,0.0319333333333333,0.00913333333333333,-0.0228,0.619361465212812,0.04585615115123,FALSE,0,"XLOC_010662","SENCR","PB.3812.1","ENST00000526269.2","j",TRUE
"isoComp_00040073","geneComp_00005366","TCONS_00060404","XLOC_010662","T_minus","T_plus","XLOC_010662","unknown","unknown",5.46073802205484,6.11112957095884,4.81034647315084,0.272309344150323,0.39129402057932,-0.344661060069229,,0.37938461477731,0.146998436682378,0.611770792872243,0.130702660250736,0.34393776633163,1.98563265545913,,0.07065,0.0241,0.1172,0.0931,0.797024882375079,0.04585615115123,FALSE,0,"XLOC_010662","SENCR","PB.3812.2","ENST00000526269.2","c",TRUE
"isoComp_00040927","geneComp_00005482","TCONS_00062123","XLOC_010885","T_minus","T_plus","XLOC_010885","unknown","unknown",13.2343338279473,11.285224725252,15.1834429306425,1.84993235431224,0.700888623420542,0.427735856446797,,0.140271263659878,0.0665989911573201,0.213943536162435,0.0665989911573201,0.13511580996186,1.54773772883267,,0.0102833333333333,0.00556666666666667,0.015,0.00943333333333333,0.863744295444689,0.0178798740650283,,0,"XLOC_010885","TMEM52B","ENST00000334148.7","ENST00000334148.7","=",FALSE
"isoComp_00040930","geneComp_00005482","TCONS_00062126","XLOC_010885","T_minus","T_plus","XLOC_010885","unknown","unknown",13.2343338279473,11.285224725252,15.1834429306425,1.84993235431224,0.700888623420542,0.427735856446797,,0.308173009198546,0.0453233812774152,0.571022637119677,0.00888529609775819,0.161612137713965,3.39263313377885,,0.0203833333333333,0.00396666666666667,0.0368,0.0328333333333333,0.0379270576792473,0.0178798740650283,FALSE,0,"XLOC_010885","TMEM52B","PB.3582.1","ENST00000543484.2","=",TRUE
"isoComp_00040931","geneComp_00005482","TCONS_00062127","XLOC_010885","T_minus","T_plus","XLOC_010885","unknown","unknown",13.2343338279473,11.285224725252,15.1834429306425,1.84993235431224,0.700888623420542,0.427735856446797,,7.49831031474962,7.90556022632775,7.09106040317149,0.898438348605261,0.287994437004056,-0.156656982457594,,0.592066666666667,0.716233333333333,0.4679,-0.248333333333333,0.0178798740650283,0.0178798740650283,FALSE,0,"XLOC_010885","TMEM52B","PB.3582.2","ENST00000546153.1","=",TRUE
"isoComp_00040934","geneComp_00005482","TCONS_00076043","XLOC_010885","T_minus","T_plus","XLOC_010885","unknown","unknown",13.2343338279473,11.285224725252,15.1834429306425,1.84993235431224,0.700888623420542,0.427735856446797,,1.30958394124393,0.810966971879066,1.8082009106088,0.28083375969788,0.25657800767486,1.1471155381001,,0.0925,0.0669666666666667,0.118033333333333,0.0510666666666667,0.477676789061803,0.0178798740650283,FALSE,0,"XLOC_010885","TMEM52B","PB.2843.4","ENST00000381923.6","j",TRUE
"isoComp_00040936","geneComp_00005482","TCONS_00077896","XLOC_010885","T_minus","T_plus","XLOC_010885","unknown","unknown",13.2343338279473,11.285224725252,15.1834429306425,1.84993235431224,0.700888623420542,0.427735856446797,,3.62631893165433,2.25013339887331,5.00250446443535,0.64938030008781,0.520405825190914,1.1491236898012,,0.2596,0.189866666666667,0.329333333333333,0.139466666666667,0.191481464009851,0.0178798740650283,,0,"XLOC_010885","TMEM52B","PB.4207.1","ENST00000545924.1","j",TRUE
"isoComp_00042356","geneComp_00005696","TCONS_00063991","XLOC_011307","T_minus","T_plus","XLOC_011307","unknown","unknown",25.478479227919,27.52242561889,23.4345328369479,3.01059942870128,0.583429309247985,-0.231880185849583,,0.793844644400228,0.69521351789826,0.892475770902196,0.33557631551629,0.107929996303191,0.355828070707671,,0.0308333333333333,0.0233,0.0383666666666667,0.0150666666666667,0.790175518244532,0.00610586046621409,FALSE,0,"XLOC_011307","SP1","ENST00000551969.5","ENST00000551969.5","=",FALSE
"isoComp_00042357","geneComp_00005696","TCONS_00063992","XLOC_011307","T_minus","T_plus","XLOC_011307","unknown","unknown",25.478479227919,27.52242561889,23.4345328369479,3.01059942870128,0.583429309247985,-0.231880185849583,,9.03979747933126,7.51050287814434,10.5690920805182,1.55917067896211,0.699792696743519,0.492314777875597,,0.3582,0.266133333333333,0.450266666666667,0.184133333333333,0.00610586046621409,0.00610586046621409,FALSE,0,"XLOC_011307","SP1","ENST00000327443.9","ENST00000327443.9","=",FALSE
"isoComp_00042358","geneComp_00005696","TCONS_00063993","XLOC_011307","T_minus","T_plus","XLOC_011307","unknown","unknown",25.478479227919,27.52242561889,23.4345328369479,3.01059942870128,0.583429309247985,-0.231880185849583,,14.2710254965688,17.4658816173781,11.0761693757594,0.736975855401397,0.190665837368131,-0.656604283463933,,0.559366666666667,0.645466666666667,0.473266666666667,-0.1722,0.0428430724141491,0.00610586046621409,FALSE,0,"XLOC_011307","SP1","ENST00000426431.2","ENST00000426431.2","=",FALSE
"isoComp_00042359","geneComp_00005696","TCONS_00063994","XLOC_011307","T_minus","T_plus","XLOC_011307","unknown","unknown",25.478479227919,27.52242561889,23.4345328369479,3.01059942870128,0.583429309247985,-0.231880185849583,,1.09235796180624,1.45631544545959,0.728400478152897,0.258866546834748,0.163156209216146,-0.98972010859344,,0.0414666666666667,0.0520666666666667,0.0308666666666667,-0.0212,0.531398713169351,0.00610586046621409,FALSE,0,"XLOC_011307","SP1","ENST00000548560.1","ENST00000548560.1","=",FALSE
"isoComp_00042669","geneComp_00005721","TCONS_00064341","XLOC_011376","T_minus","T_plus","XLOC_011376","unknown","unknown",6.96888249022326,8.47340454339258,5.46436043705395,0.98517991793573,0.704235896216363,-0.631952934329514,,0.0779227907681697,0.0815391628936945,0.0743064186426448,0.0815391628936945,0.0743064186426448,-0.118746624375892,,0.0130333333333333,0.0109666666666667,0.0151,0.00413333333333333,0.996703760255828,0.0166488825441557,FALSE,1,"XLOC_011376","DGKA","PB.4250.1","ENST00000331886.10","=",TRUE
"isoComp_00042672","geneComp_00005721","TCONS_00064345","XLOC_011376","T_minus","T_plus","XLOC_011376","unknown","unknown",6.96888249022326,8.47340454339258,5.46436043705395,0.98517991793573,0.704235896216363,-0.631952934329514,,0.0896195434984779,0.0577569070497003,0.121482179947256,0.0577569070497003,0.0616204843186238,0.956427355809128,,0.0143166666666667,0.00776666666666667,0.0208666666666667,0.0131,0.834382457937144,0.0166488825441557,FALSE,0,"XLOC_011376","DGKA","ENST00000547358.5","ENST00000547358.5","=",FALSE
"isoComp_00042674","geneComp_00005721","TCONS_00064348","XLOC_011376","T_minus","T_plus","XLOC_011376","unknown","unknown",6.96888249022326,8.47340454339258,5.46436043705395,0.98517991793573,0.704235896216363,-0.631952934329514,,0.145515998432256,0.133140673097805,0.157891323766707,0.0530279690710134,0.092746936135421,0.230094008232719,,0.0247333333333333,0.0159333333333333,0.0335333333333333,0.0176,0.970791951310185,0.0166488825441557,FALSE,1,"XLOC_011376","DGKA","ENST00000548407.6","ENST00000548407.6","=",FALSE
"isoComp_00042677","geneComp_00005721","TCONS_00064351","XLOC_011376","T_minus","T_plus","XLOC_011376","unknown","unknown",6.96888249022326,8.47340454339258,5.46436043705395,0.98517991793573,0.704235896216363,-0.631952934329514,,0.100946218983932,0,0.201892437967864,0,0.105491330564457,4.4052601965147,,0.0176666666666667,0,0.0353333333333333,0.0353333333333333,0.470143575202627,0.0166488825441557,FALSE,0,"XLOC_011376","DGKA","ENST00000551615.5","ENST00000551615.5","=",FALSE
"isoComp_00042678","geneComp_00005721","TCONS_00064352","XLOC_011376","T_minus","T_plus","XLOC_011376","unknown","unknown",6.96888249022326,8.47340454339258,5.46436043705395,0.98517991793573,0.704235896216363,-0.631952934329514,,0.0966402237646591,0.193280447529318,0,0.106376462128362,0,-4.34539955154051,,0.0116166666666667,0.0232333333333333,0,-0.0232333333333333,0.612194336001579,0.0166488825441557,FALSE,0,"XLOC_011376","DGKA","ENST00000547535.5","ENST00000547535.5","=",FALSE
"isoComp_00042679","geneComp_00005721","TCONS_00064353","XLOC_011376","T_minus","T_plus","XLOC_011376","unknown","unknown",6.96888249022326,8.47340454339258,5.46436043705395,0.98517991793573,0.704235896216363,-0.631952934329514,,0.133494394093175,0.26698878818635,0,0.26698878818635,0,-4.79175567565527,,0.0127833333333333,0.0255666666666667,0,-0.0255666666666667,0.945310371109462,0.0166488825441557,FALSE,0,"XLOC_011376","DGKA","ENST00000549323.6","ENST00000549323.6","=",FALSE
"isoComp_00042680","geneComp_00005721","TCONS_00064354","XLOC_011376","T_minus","T_plus","XLOC_011376","unknown","unknown",6.96888249022326,8.47340454339258,5.46436043705395,0.98517991793573,0.704235896216363,-0.631952934329514,,0.116985356468806,0.104767752326289,0.129202960611324,0.104767752326289,0.048308145489336,0.278472567592388,,0.0182166666666667,0.0100333333333333,0.0264,0.0163666666666667,0.724561356070555,0.0166488825441557,FALSE,1,"XLOC_011376","DGKA","ENST00000549097.5","ENST00000549097.5","=",FALSE
"isoComp_00042688","geneComp_00005721","TCONS_00064367","XLOC_011376","T_minus","T_plus","XLOC_011376","unknown","unknown",6.96888249022326,8.47340454339258,5.46436043705395,0.98517991793573,0.704235896216363,-0.631952934329514,,0.0606183941558418,0,0.121236788311684,0,0.121236788311684,3.71410028797777,,0.0123333333333333,0,0.0246666666666667,0.0246666666666667,0.910759634817439,0.0166488825441557,FALSE,0,"XLOC_011376","DGKA","ENST00000556344.5","ENST00000556344.5","=",FALSE
"isoComp_00042689","geneComp_00005721","TCONS_00064368","XLOC_011376","T_minus","T_plus","XLOC_011376","unknown","unknown",6.96888249022326,8.47340454339258,5.46436043705395,0.98517991793573,0.704235896216363,-0.631952934329514,,0.533982620627223,0.592484612108812,0.475480629145633,0.339540494622006,0.267836605809861,-0.311510661608143,,0.0816833333333333,0.0644666666666667,0.0989,0.0344333333333333,0.988207986513287,0.0166488825441557,FALSE,1,"XLOC_011376","DGKA","ENST00000549079.6","ENST00000549079.6","=",FALSE
"isoComp_00042690","geneComp_00005721","TCONS_00064369","XLOC_011376","T_minus","T_plus","XLOC_011376","unknown","unknown",6.96888249022326,8.47340454339258,5.46436043705395,0.98517991793573,0.704235896216363,-0.631952934329514,,0.0706716044266926,0.0943467065080149,0.0469965023453704,0.0179623394190877,0.01821246518982,-0.872439770977267,,0.0107166666666667,0.0118333333333333,0.0096,-0.00223333333333333,0.97346152487344,0.0166488825441557,TRUE,8,"XLOC_011376","DGKA","ENST00000551739.5","ENST00000551739.5","=",FALSE
"isoComp_00042693","geneComp_00005721","TCONS_00064373","XLOC_011376","T_minus","T_plus","XLOC_011376","unknown","unknown",6.96888249022326,8.47340454339258,5.46436043705395,0.98517991793573,0.704235896216363,-0.631952934329514,,0.0935015302440116,0.104874913567205,0.082128146920818,0.0763662692464954,0.082128146920818,-0.318349876161693,,0.0137666666666667,0.0108333333333333,0.0167,0.00586666666666667,0.941817852974968,0.0166488825441557,,0,"XLOC_011376","DGKA","ENST00000549986.5","ENST00000549986.5","=",FALSE
"isoComp_00042694","geneComp_00005721","TCONS_00064374","XLOC_011376","T_minus","T_plus","XLOC_011376","unknown","unknown",6.96888249022326,8.47340454339258,5.46436043705395,0.98517991793573,0.704235896216363,-0.631952934329514,,0.0810828353288732,0.0843139083243622,0.0778517623333842,0.0430930232835739,0.0778517623333842,-0.102399311137019,,0.0103833333333333,0.00943333333333333,0.0113333333333333,0.0019,0.949402454179307,0.0166488825441557,FALSE,0,"XLOC_011376","DGKA","ENST00000552335.6","ENST00000552335.6","=",FALSE
"isoComp_00042698","geneComp_00005721","TCONS_00064378","XLOC_011376","T_minus","T_plus","XLOC_011376","unknown","unknown",6.96888249022326,8.47340454339258,5.46436043705395,0.98517991793573,0.704235896216363,-0.631952934329514,,0.129711452040917,0.178180678614885,0.0812422254669492,0.0243147762670043,0.0208577065748184,-1.04434496684758,,0.0188333333333333,0.0221333333333333,0.0155333333333333,-0.0066,0.932868488028478,0.0166488825441557,FALSE,2,"XLOC_011376","DGKA","ENST00000552652.2","ENST00000552652.2","=",FALSE
"isoComp_00042700","geneComp_00005721","TCONS_00064380","XLOC_011376","T_minus","T_plus","XLOC_011376","unknown","unknown",6.96888249022326,8.47340454339258,5.46436043705395,0.98517991793573,0.704235896216363,-0.631952934329514,,0.123819944729224,0.247639889458448,0,0.153981130709254,0,-4.68728407292319,,0.0152666666666667,0.0305333333333333,0,-0.0305333333333333,0.596143238803318,0.0166488825441557,,0,"XLOC_011376","DGKA","ENST00000552903.2","ENST00000552903.2","=",FALSE
"isoComp_00042702","geneComp_00005721","TCONS_00064382","XLOC_011376","T_minus","T_plus","XLOC_011376","unknown","unknown",6.96888249022326,8.47340454339258,5.46436043705395,0.98517991793573,0.704235896216363,-0.631952934329514,,0.470817800778085,0,0.941635601556171,0,0.941635601556171,6.57233734019788,,0.0686166666666667,0,0.137233333333333,0.137233333333333,0.882503350121169,0.0166488825441557,FALSE,0,"XLOC_011376","DGKA","ENST00000550957.1","ENST00000550957.1","=",FALSE
"isoComp_00042703","geneComp_00005721","TCONS_00074808","XLOC_011376","T_minus","T_plus","XLOC_011376","unknown","unknown",6.96888249022326,8.47340454339258,5.46436043705395,0.98517991793573,0.704235896216363,-0.631952934329514,,1.27861943102195,2.13991301477677,0.417325847267136,0.289786568885158,0.0958650333138673,-2.33086980198245,,0.1688,0.262266666666667,0.0753333333333333,-0.186933333333333,0.0166488825441557,0.0166488825441557,FALSE,1,"XLOC_011376","DGKA","PB.3879.2","ENST00000394147.5","j",TRUE
"isoComp_00042706","geneComp_00005721","TCONS_00074811","XLOC_011376","T_minus","T_plus","XLOC_011376","unknown","unknown",6.96888249022326,8.47340454339258,5.46436043705395,0.98517991793573,0.704235896216363,-0.631952934329514,,0.159416002492479,0.171865684591236,0.146966320393723,0.0350493460303384,0.0205247970717934,-0.212418313816555,,0.02425,0.0203666666666667,0.0281333333333333,0.00776666666666666,0.91621333907437,0.0166488825441557,FALSE,3,"XLOC_011376","DGKA","PB.3879.5","ENST00000394147.5","m",TRUE
"isoComp_00042707","geneComp_00005721","TCONS_00076967","XLOC_011376","T_minus","T_plus","XLOC_011376","unknown","unknown",6.96888249022326,8.47340454339258,5.46436043705395,0.98517991793573,0.704235896216363,-0.631952934329514,,1.31235978318421,1.77372821038334,0.850991355985082,0.047735333335102,0.111845437515189,-1.05082514745927,,0.189133333333333,0.215366666666667,0.1629,-0.0524666666666667,0.826428795623179,0.0166488825441557,FALSE,1,"XLOC_011376","DGKA","PB.4250.3","ENST00000394147.5","c",TRUE
"isoComp_00042708","geneComp_00005721","TCONS_00078046","XLOC_011376","T_minus","T_plus","XLOC_011376","unknown","unknown",6.96888249022326,8.47340454339258,5.46436043705395,0.98517991793573,0.704235896216363,-0.631952934329514,,1.20625326956923,1.42040731050205,0.992099228636413,0.411881924483031,0.0436864753180413,-0.513400642575564,,0.1766,0.165333333333333,0.187866666666667,0.0225333333333333,0.938973290313634,0.0166488825441557,FALSE,1,"XLOC_011376","DGKA","PB.4559.3","ENST00000394147.5","c",TRUE
"isoComp_00042926","geneComp_00005736","TCONS_00064570","XLOC_011393","T_minus","T_plus","XLOC_011393","unknown","unknown",143.710672990308,11.1721467335206,276.249199247096,2.49466663105287,33.4058940508798,4.6267534195462,,114.642989139948,5.44155740332573,223.844420876569,0.950797405776959,26.1381564252183,5.35974856139616,,0.654383333333333,0.497566666666667,0.8112,0.313633333333333,5.81084153231282e-28,5.81084153231282e-28,FALSE,0,"XLOC_011393","IL23A","PB.4584.2","ENST00000228534.6","=",TRUE
"isoComp_00042931","geneComp_00005736","TCONS_00078058","XLOC_011393","T_minus","T_plus","XLOC_011393","unknown","unknown",143.710672990308,11.1721467335206,276.249199247096,2.49466663105287,33.4058940508798,4.6267534195462,,1.66381644353371,2.13981645291421,1.18781643415321,0.193157808641599,0.107738685385377,-0.843806659142131,,0.109966666666667,0.215366666666667,0.00456666666666667,-0.2108,1.74101816710269e-14,5.81084153231282e-28,FALSE,0,"XLOC_011393","IL23A","PB.4584.1","ENST00000619177.1","j",TRUE
"isoComp_00042932","geneComp_00005736","TCONS_00078059","XLOC_011393","T_minus","T_plus","XLOC_011393","unknown","unknown",143.710672990308,11.1721467335206,276.249199247096,2.49466663105287,33.4058940508798,4.6267534195462,,2.42162695934949,0.12586829237009,4.71738562632889,0.0737191328363393,0.7598372074148,5.12076183598407,,0.0130666666666667,0.00923333333333333,0.0169,0.00766666666666667,0.606417950342307,5.81084153231282e-28,TRUE,1,"XLOC_011393","IL23A","PB.4584.3","ENST00000619177.1","n",TRUE
"isoComp_00042933","geneComp_00005736","TCONS_00078060","XLOC_011393","T_minus","T_plus","XLOC_011393","unknown","unknown",143.710672990308,11.1721467335206,276.249199247096,2.49466663105287,33.4058940508798,4.6267534195462,,14.4229379711893,2.48041491884643,26.3654610235321,1.29619645700935,8.5984678821531,3.40473828174938,,0.141716666666667,0.188466666666667,0.0949666666666667,-0.0935,0.984060720668274,5.81084153231282e-28,FALSE,0,"XLOC_011393","IL23A","PB.4584.12","ENST00000619177.1","c",TRUE
"isoComp_00042934","geneComp_00005736","TCONS_00078061","XLOC_011393","T_minus","T_plus","XLOC_011393","unknown","unknown",143.710672990308,11.1721467335206,276.249199247096,2.49466663105287,33.4058940508798,4.6267534195462,,9.91309243235891,0.591911087988309,19.2342737767295,0.342859695474272,6.15625114168766,4.99873502549892,,0.0608666666666667,0.0527333333333333,0.069,0.0162666666666667,0.901180052358625,5.81084153231282e-28,FALSE,0,"XLOC_011393","IL23A","PB.4584.13","ENST00000619177.1","c",TRUE
"isoComp_00043432","geneComp_00005793","TCONS_00065140","XLOC_011494","T_minus","T_plus","XLOC_011494","unknown","unknown",7.07125602769655,7.28776912733223,6.85474292806087,0.458098444315052,0.363705497656865,-0.088249815336081,,0.830363987203767,0.722434028920444,0.93829394548709,0.0491971844144721,0.072343475256588,0.372635504534581,,0.118583333333333,0.100466666666667,0.1367,0.0362333333333334,0.735729675872745,0.000148560581911093,FALSE,0,"XLOC_011494","IRAK3","ENST00000545837.1","ENST00000545837.1","=",FALSE
"isoComp_00043433","geneComp_00005793","TCONS_00065141","XLOC_011494","T_minus","T_plus","XLOC_011494","unknown","unknown",7.07125602769655,7.28776912733223,6.85474292806087,0.458098444315052,0.363705497656865,-0.088249815336081,,5.14819449862254,6.13909409452228,4.15729490272279,0.193399228552653,0.160336236125468,-0.561262685974624,,0.726683333333333,0.845766666666667,0.6076,-0.238166666666667,0.000148560581911093,0.000148560581911093,FALSE,0,"XLOC_011494","IRAK3","ENST00000261233.9","ENST00000261233.9","=",FALSE
"isoComp_00043434","geneComp_00005793","TCONS_00065142","XLOC_011494","T_minus","T_plus","XLOC_011494","unknown","unknown",7.07125602769655,7.28776912733223,6.85474292806087,0.458098444315052,0.363705497656865,-0.088249815336081,,0.0919934297146024,0.145626634807233,0.0383602246219718,0.0773425217429349,0.0192125176092662,-1.68619614160552,,0.01215,0.0188,0.0055,-0.0133,0.878235189302041,0.000148560581911093,FALSE,0,"XLOC_011494","IRAK3","ENST00000457197.2","ENST00000457197.2","=",FALSE
"isoComp_00043436","geneComp_00005793","TCONS_00077036","XLOC_011494","T_minus","T_plus","XLOC_011494","unknown","unknown",7.07125602769655,7.28776912733223,6.85474292806087,0.458098444315052,0.363705497656865,-0.088249815336081,,0.129058516589857,0,0.258117033179714,0,0.258117033179714,4.74479096994569,,0.01965,0,0.0393,0.0393,0.926549235477512,0.000148560581911093,FALSE,0,"XLOC_011494","IRAK3","PB.4361.2","ENST00000261233.9","c",TRUE
"isoComp_00043437","geneComp_00005793","TCONS_00078099","XLOC_011494","T_minus","T_plus","XLOC_011494","unknown","unknown",7.07125602769655,7.28776912733223,6.85474292806087,0.458098444315052,0.363705497656865,-0.088249815336081,,0.847765175717271,0.260229578358847,1.43530077307569,0.260229578358847,0.382922157406688,2.41911225414655,,0.119433333333333,0.0321333333333333,0.206733333333333,0.1746,0.239684854884188,0.000148560581911093,FALSE,0,"XLOC_011494","IRAK3","PB.4682.2","ENST00000261233.9","c",TRUE
"isoComp_00043757","geneComp_00005820","TCONS_00065419","XLOC_011542","T_minus","T_plus","XLOC_011542","unknown","unknown",18.6032821188763,15.2653424112168,21.9412218265358,0.318415633234745,1.77768671930054,0.523096524039067,,2.46380325624699,2.43399326939476,2.49361324309922,0.0725895261217412,0.180644110245556,0.0347714006167566,,0.13695,0.159566666666667,0.114333333333333,-0.0452333333333333,0.317061677235888,3.49543155019469e-28,FALSE,1,"XLOC_011542","THAP2","PB.4018.1","ENST00000308086.3","=",TRUE
"isoComp_00043758","geneComp_00005820","TCONS_00065420","XLOC_011542","T_minus","T_plus","XLOC_011542","unknown","unknown",18.6032821188763,15.2653424112168,21.9412218265358,0.318415633234745,1.77768671930054,0.523096524039067,,5.7866590620329,0.905241289240777,10.668076834825,0.173261337949758,1.16839123808991,3.54435588711348,,0.2716,0.0594,0.4838,0.4244,3.49543155019469e-28,3.49543155019469e-28,FALSE,0,"XLOC_011542","THAP2","ENST00000547843.1","ENST00000547843.1","=",FALSE
"isoComp_00043759","geneComp_00005820","TCONS_00065424","XLOC_011542","T_minus","T_plus","XLOC_011542","unknown","unknown",18.6032821188763,15.2653424112168,21.9412218265358,0.318415633234745,1.77768671930054,0.523096524039067,,2.34199456944015,3.09452508682515,1.58946405205515,0.119058930300202,0.100575469138281,-0.956784021515318,,0.137866666666667,0.203,0.0727333333333333,-0.130266666666667,7.63774687488582e-09,3.49543155019469e-28,FALSE,2,"XLOC_011542","TMEM19","ENST00000266673.10","ENST00000266673.10","=",FALSE
"isoComp_00043763","geneComp_00005820","TCONS_00065429","XLOC_011542","T_minus","T_plus","XLOC_011542","unknown","unknown",18.6032821188763,15.2653424112168,21.9412218265358,0.318415633234745,1.77768671930054,0.523096524039067,,0.414253639446427,0.499427372723879,0.329079906168974,0.499427372723879,0.329079906168974,-0.587251188096267,,0.0225166666666667,0.0317666666666667,0.0132666666666667,-0.0185,0.994715416475787,3.49543155019469e-28,FALSE,1,"XLOC_011542","TMEM19","ENST00000550787.1","ENST00000550787.1","=",FALSE
"isoComp_00043764","geneComp_00005820","TCONS_00076218","XLOC_011542","T_minus","T_plus","XLOC_011542","unknown","unknown",18.6032821188763,15.2653424112168,21.9412218265358,0.318415633234745,1.77768671930054,0.523096524039067,,1.3385927640235,1.86078621336871,0.816399314678284,0.526136629122549,0.347253630739582,-1.17873373915733,,0.0788666666666667,0.1225,0.0352333333333333,-0.0872666666666667,0.394772167577404,3.49543155019469e-28,FALSE,1,"XLOC_011542","TMEM19","PB.3173.4","ENST00000266673.10","c",TRUE
"isoComp_00043765","geneComp_00005820","TCONS_00077077","XLOC_011542","T_minus","T_plus","XLOC_011542","unknown","unknown",18.6032821188763,15.2653424112168,21.9412218265358,0.318415633234745,1.77768671930054,0.523096524039067,,0.490689791846687,0,0.981379583693374,0,0.0759309583559622,6.63136564337927,,0.0224833333333333,0,0.0449666666666667,0.0449666666666667,5.37170049106012e-09,3.49543155019469e-28,FALSE,0,"XLOC_011542","ENSG00000258064","PB.4402.1","ENST00000548802.1","j",TRUE
"isoComp_00043766","geneComp_00005820","TCONS_00077078","XLOC_011542","T_minus","T_plus","XLOC_011542","unknown","unknown",18.6032821188763,15.2653424112168,21.9412218265358,0.318415633234745,1.77768671930054,0.523096524039067,,0.229321878924367,0.458643757848734,0,0.242161654646201,0,-5.55041976160239,,0.0147166666666667,0.0294333333333333,0,-0.0294333333333333,0.125486004200744,3.49543155019469e-28,FALSE,0,"XLOC_011542","THAP2","PB.4402.6","ENST00000308086.3","c",TRUE
"isoComp_00043767","geneComp_00005820","TCONS_00077079","XLOC_011542","T_minus","T_plus","XLOC_011542","unknown","unknown",18.6032821188763,15.2653424112168,21.9412218265358,0.318415633234745,1.77768671930054,0.523096524039067,,0.521878809502951,0.663312580824065,0.380445038181837,0.256932117926879,0.0386465866577789,-0.786156943137783,,0.03055,0.0432666666666667,0.0178333333333333,-0.0254333333333333,0.600213010309901,3.49543155019469e-28,FALSE,0,"XLOC_011542","TMEM19","PB.4404.1","ENST00000266673.10","j",TRUE
"isoComp_00043768","geneComp_00005820","TCONS_00077080","XLOC_011542","T_minus","T_plus","XLOC_011542","unknown","unknown",18.6032821188763,15.2653424112168,21.9412218265358,0.318415633234745,1.77768671930054,0.523096524039067,,2.7860109796946,2.86370288468568,2.70831907470353,0.364172807800308,0.311462313664884,-0.080196098927372,,0.15555,0.1877,0.1234,-0.0643,0.340990874837894,3.49543155019469e-28,FALSE,0,"XLOC_011542","TMEM19","PB.4404.3","ENST00000266673.10","j",TRUE
"isoComp_00043769","geneComp_00005820","TCONS_00078127","XLOC_011542","T_minus","T_plus","XLOC_011542","unknown","unknown",18.6032821188763,15.2653424112168,21.9412218265358,0.318415633234745,1.77768671930054,0.523096524039067,,1.75903194584957,2.01093855032959,1.50712534136955,0.324506287547498,0.633947524413604,-0.413685172456078,,0.1029,0.1319,0.0739,-0.058,0.732031738422696,3.49543155019469e-28,FALSE,1,"XLOC_011542","TMEM19","PB.4725.2","ENST00000266673.10","c",TRUE
"isoComp_00043770","geneComp_00005820","TCONS_00078129","XLOC_011542","T_minus","T_plus","XLOC_011542","unknown","unknown",18.6032821188763,15.2653424112168,21.9412218265358,0.318415633234745,1.77768671930054,0.523096524039067,,0.306586070733042,0.213397335150452,0.399774806315632,0.109802772034693,0.305200901825204,0.875219311232542,,0.0155666666666667,0.0141333333333333,0.017,0.00286666666666667,0.996703760255828,3.49543155019469e-28,FALSE,1,"XLOC_011542","TMEM19","PB.4725.4","ENST00000266673.10","c",TRUE
"isoComp_00044037","geneComp_00005890","TCONS_00065826","XLOC_011692","T_minus","T_plus","XLOC_011692","unknown","unknown",35.4726723188377,30.8555213561157,40.0898232815597,0.283316222699807,1.31437511990524,0.377599718353555,,0.806114533215827,0.82204665416517,0.790182412266484,0.0816016148396246,0.0855368519063266,-0.0563355057230429,,0.0232,0.0266,0.0198,-0.0068,0.808277805364324,4.69141424581951e-06,FALSE,2,"XLOC_011692","MRPL42","ENST00000549982.6","ENST00000549982.6","=",FALSE
"isoComp_00044039","geneComp_00005890","TCONS_00065828","XLOC_011692","T_minus","T_plus","XLOC_011692","unknown","unknown",35.4726723188377,30.8555213561157,40.0898232815597,0.283316222699807,1.31437511990524,0.377599718353555,,1.08654904665485,0.893465911707687,1.27963218160201,0.574892160573454,0.531610868334895,0.513417577065014,,0.03065,0.0293,0.032,0.0027,0.934264123595622,4.69141424581951e-06,FALSE,0,"XLOC_011692","MRPL42","ENST00000552326.5","ENST00000552326.5","=",FALSE
"isoComp_00044041","geneComp_00005890","TCONS_00065830","XLOC_011692","T_minus","T_plus","XLOC_011692","unknown","unknown",35.4726723188377,30.8555213561157,40.0898232815597,0.283316222699807,1.31437511990524,0.377599718353555,,5.12547133770589,2.90646116609885,7.34448150931293,0.44336383401024,0.823905178277523,1.33440477092446,,0.1386,0.0944666666666667,0.182733333333333,0.0882666666666667,0.0440074539513721,4.69141424581951e-06,FALSE,0,"XLOC_011692","MRPL42","ENST00000547098.5","ENST00000547098.5","=",FALSE
"isoComp_00044043","geneComp_00005890","TCONS_00065833","XLOC_011692","T_minus","T_plus","XLOC_011692","unknown","unknown",35.4726723188377,30.8555213561157,40.0898232815597,0.283316222699807,1.31437511990524,0.377599718353555,,4.72253304831737,3.00969244704587,6.43537364958886,0.849911352228327,0.977747121419581,1.09386237672436,,0.128966666666667,0.0976666666666667,0.160266666666667,0.0626,0.504543406369733,4.69141424581951e-06,TRUE,0,"XLOC_011692","MRPL42","ENST00000549561.6","ENST00000549561.6","=",FALSE
"isoComp_00044045","geneComp_00005890","TCONS_00065836","XLOC_011692","T_minus","T_plus","XLOC_011692","unknown","unknown",35.4726723188377,30.8555213561157,40.0898232815597,0.283316222699807,1.31437511990524,0.377599718353555,,0.465741668752388,0.516576781235709,0.414906556269068,0.395849577726349,0.219232484492716,-0.309498304424288,,0.0136833333333333,0.0167333333333333,0.0106333333333333,-0.0061,1,4.69141424581951e-06,,0,"XLOC_011692","RN7SL737P","ENST00000490246.2","ENST00000490246.2","=",FALSE
"isoComp_00044046","geneComp_00005890","TCONS_00074987","XLOC_011692","T_minus","T_plus","XLOC_011692","unknown","unknown",35.4726723188377,30.8555213561157,40.0898232815597,0.283316222699807,1.31437511990524,0.377599718353555,,0.563376256434393,0.531070742348032,0.595681770520753,0.059725524829806,0.0532880357871533,0.162742758905572,,0.0160333333333333,0.0172333333333333,0.0148333333333333,-0.0024,0.936901116052932,4.69141424581951e-06,FALSE,1,"XLOC_011692","MRPL42","PB.3249.4","ENST00000358678.7","j",TRUE
"isoComp_00044048","geneComp_00005890","TCONS_00076234","XLOC_011692","T_minus","T_plus","XLOC_011692","unknown","unknown",35.4726723188377,30.8555213561157,40.0898232815597,0.283316222699807,1.31437511990524,0.377599718353555,,3.25499690406284,0.377394283224814,6.13259952490087,0.377394283224814,0.516242890745611,3.98697475854126,,0.0829333333333333,0.0120333333333333,0.153833333333333,0.1418,0.0549979051257117,4.69141424581951e-06,FALSE,0,"XLOC_011692","MRPL42","PB.3249.12","ENST00000358678.7","c",TRUE
"isoComp_00044049","geneComp_00005890","TCONS_00077132","XLOC_011692","T_minus","T_plus","XLOC_011692","unknown","unknown",35.4726723188377,30.8555213561157,40.0898232815597,0.283316222699807,1.31437511990524,0.377599718353555,,3.27527604389066,3.70991280963924,2.84063927814207,0.98935296694933,0.613384595585278,-0.38398331546132,,0.0958166666666667,0.119766666666667,0.0718666666666667,-0.0479,0.698279767625489,4.69141424581951e-06,FALSE,0,"XLOC_011692","MRPL42","PB.4507.17","ENST00000358678.7","j",TRUE
"isoComp_00044050","geneComp_00005890","TCONS_00077133","XLOC_011692","T_minus","T_plus","XLOC_011692","unknown","unknown",35.4726723188377,30.8555213561157,40.0898232815597,0.283316222699807,1.31437511990524,0.377599718353555,,2.00452715160159,2.03787817132236,1.97117613188082,0.179181941794595,0.378564130806903,-0.0477727462830888,,0.0574166666666667,0.066,0.0488333333333333,-0.0171666666666667,0.731301918147162,4.69141424581951e-06,FALSE,0,"XLOC_011692","MRPL42","PB.4507.19","ENST00000358678.7","j",TRUE
"isoComp_00044051","geneComp_00005890","TCONS_00077134","XLOC_011692","T_minus","T_plus","XLOC_011692","unknown","unknown",35.4726723188377,30.8555213561157,40.0898232815597,0.283316222699807,1.31437511990524,0.377599718353555,,13.3159844263114,15.3860570184172,11.2459118342057,0.521367507697379,1.39294309347668,-0.451877985882842,,0.388933333333333,0.498833333333333,0.279033333333333,-0.2198,4.69141424581951e-06,4.69141424581951e-06,FALSE,0,"XLOC_011692","MRPL42","PB.4507.20","ENST00000552217.6","c",TRUE
"isoComp_00046846","geneComp_00006264","TCONS_00069381","XLOC_012456","T_minus","T_plus","XLOC_012456","unknown","unknown",6.91607528172459,4.4160356869468,9.41611487650237,0.711874862238373,0.190717510473454,1.09064818007466,,1.64637506865973,1.55400842401649,1.73874171330297,0.208179404716742,0.0394704064808983,0.161068937693046,,0.270316666666667,0.3558,0.184833333333333,-0.170966666666667,0.000537210331093829,0.000537210331093829,FALSE,0,"XLOC_012456","SOX5","ENST00000451604.7","ENST00000451604.7","=",FALSE
"isoComp_00046849","geneComp_00006264","TCONS_00069384","XLOC_012456","T_minus","T_plus","XLOC_012456","unknown","unknown",6.91607528172459,4.4160356869468,9.41611487650237,0.711874862238373,0.190717510473454,1.09064818007466,,0.132576449131698,0.064212493361274,0.200940404902121,0.064212493361274,0.0417192659096667,1.50710148077758,,0.0172833333333333,0.0133,0.0212666666666667,0.00796666666666667,0.816309004645864,0.000537210331093829,FALSE,0,"XLOC_012456","SOX5","ENST00000646273.1","ENST00000646273.1","=",FALSE
"isoComp_00046853","geneComp_00006264","TCONS_00069396","XLOC_012456","T_minus","T_plus","XLOC_012456","unknown","unknown",6.91607528172459,4.4160356869468,9.41611487650237,0.711874862238373,0.190717510473454,1.09064818007466,,0.344004413592765,0.331951410234036,0.356057416951495,0.170804312053967,0.0685828641284411,0.0982786171462442,,0.0517666666666667,0.0656666666666667,0.0378666666666667,-0.0278,0.958057271926819,0.000537210331093829,FALSE,0,"XLOC_012456","SOX5","ENST00000536729.2","ENST00000536729.2","=",FALSE
"isoComp_00046854","geneComp_00006264","TCONS_00069397","XLOC_012456","T_minus","T_plus","XLOC_012456","unknown","unknown",6.91607528172459,4.4160356869468,9.41611487650237,0.711874862238373,0.190717510473454,1.09064818007466,,0.205057743621962,0.257957306267895,0.152158180976029,0.191422595261636,0.0761410211771395,-0.724601343436786,,0.0326666666666667,0.0488666666666667,0.0164666666666667,-0.0324,0.920239043762667,0.000537210331093829,,0,"XLOC_012456","SOX5","ENST00000446891.7","ENST00000446891.7","=",FALSE
"isoComp_00046856","geneComp_00006264","TCONS_00069399","XLOC_012456","T_minus","T_plus","XLOC_012456","unknown","unknown",6.91607528172459,4.4160356869468,9.41611487650237,0.711874862238373,0.190717510473454,1.09064818007466,,0.0987116512314812,0.0554991592977668,0.141924143165196,0.0554991592977668,0.0740906194231066,1.21380286083211,,0.01655,0.0183,0.0148,-0.0035,0.921541330915698,0.000537210331093829,,0,"XLOC_012456","SOX5","ENST00000429944.6","ENST00000429944.6","=",FALSE
"isoComp_00046857","geneComp_00006264","TCONS_00069400","XLOC_012456","T_minus","T_plus","XLOC_012456","unknown","unknown",6.91607528172459,4.4160356869468,9.41611487650237,0.711874862238373,0.190717510473454,1.09064818007466,,0.0909803132390835,0.108755945319501,0.0732046811586657,0.0760805835213327,0.00234039287389308,-0.51326313850379,,0.0203666666666667,0.0329666666666667,0.00776666666666667,-0.0252,0.955754165315585,0.000537210331093829,,0,"XLOC_012456","SOX5","ENST00000456299.2","ENST00000456299.2","=",FALSE
"isoComp_00046859","geneComp_00006264","TCONS_00069402","XLOC_012456","T_minus","T_plus","XLOC_012456","unknown","unknown",6.91607528172459,4.4160356869468,9.41611487650237,0.711874862238373,0.190717510473454,1.09064818007466,,0.0716337705628498,0.115513814099401,0.027753727026299,0.115513814099401,0.027753727026299,-1.73315517788574,,0.0121333333333333,0.0214333333333333,0.00283333333333333,-0.0186,0.944037782897866,0.000537210331093829,TRUE,0,"XLOC_012456","LINC00477","ENST00000483544.1","ENST00000483544.1","=",FALSE
"isoComp_00046860","geneComp_00006264","TCONS_00075384","XLOC_012456","T_minus","T_plus","XLOC_012456","unknown","unknown",6.91607528172459,4.4160356869468,9.41611487650237,0.711874862238373,0.190717510473454,1.09064818007466,,1.83560641019285,0.856945359210078,2.81426746117562,0.108441607020175,0.232027653229352,1.70386374687927,,0.251783333333333,0.203533333333333,0.300033333333333,0.0965,0.573700383035545,0.000537210331093829,TRUE,0,"XLOC_012456","LINC00477","PB.3651.1","ENST00000483544.1","j",TRUE
"isoComp_00046861","geneComp_00006264","TCONS_00075385","XLOC_012456","T_minus","T_plus","XLOC_012456","unknown","unknown",6.91607528172459,4.4160356869468,9.41611487650237,0.711874862238373,0.190717510473454,1.09064818007466,,0.839069542092951,0.393979984219428,1.28415909996647,0.0662584740084591,0.181183176956126,1.67965926933512,,0.112916666666667,0.0901,0.135733333333333,0.0456333333333333,0.700837330652505,0.000537210331093829,TRUE,1,"XLOC_012456","LINC00477","PB.3651.2","ENST00000483544.1","m",TRUE
"isoComp_00046863","geneComp_00006264","TCONS_00076405","XLOC_012456","T_minus","T_plus","XLOC_012456","unknown","unknown",6.91607528172459,4.4160356869468,9.41611487650237,0.711874862238373,0.190717510473454,1.09064818007466,,1.07720670963431,0.267278181909692,1.88713523735893,0.0607132527556857,0.20744673776055,2.77441651986578,,0.13165,0.0635666666666667,0.199733333333333,0.136166666666667,0.0305499560214675,0.000537210331093829,FALSE,0,"XLOC_012456","LINC00477","PB.2896.10","ENST00000483544.1","j",TRUE
"isoComp_00046864","geneComp_00006264","TCONS_00076406","XLOC_012456","T_minus","T_plus","XLOC_012456","unknown","unknown",6.91607528172459,4.4160356869468,9.41611487650237,0.711874862238373,0.190717510473454,1.09064818007466,,0.285484750421049,0.166082866357934,0.404886634484164,0.0843945166817686,0.00618981626976376,1.23646264634887,,0.0377333333333333,0.0324,0.0430666666666667,0.0106666666666667,0.941402741889791,0.000537210331093829,TRUE,0,"XLOC_012456","LINC00477","PB.2896.13","ENST00000483544.1","j",TRUE
"isoComp_00047189","geneComp_00006305","TCONS_00069723","XLOC_012538","T_minus","T_plus","XLOC_012538","unknown","unknown",6.44256053775016,7.7585881562282,5.12653291927211,0.223260657871254,0.224289869242036,-0.596857539714193,,0.819579714606428,0.884677798267016,0.754481630945841,0.108838238791932,0.0463740875422702,-0.22688637910146,,0.131366666666667,0.1147,0.148033333333333,0.0333333333333333,0.812359357628408,9.4558189929635e-07,FALSE,0,"XLOC_012538","AMN1","PB.3704.1","ENST00000281471.11","=",TRUE
"isoComp_00047191","geneComp_00006305","TCONS_00069725","XLOC_012538","T_minus","T_plus","XLOC_012538","unknown","unknown",6.44256053775016,7.7585881562282,5.12653291927211,0.223260657871254,0.224289869242036,-0.596857539714193,,0.984515898984713,1.5984970524888,0.370534745480627,0.178524228427047,0.191880149341172,-2.07961319931653,,0.137633333333333,0.205266666666667,0.07,-0.135266666666667,0.580224044989142,9.4558189929635e-07,FALSE,0,"XLOC_012538","AMN1","PB.3704.3","ENST00000541931.5","=",TRUE
"isoComp_00047192","geneComp_00006305","TCONS_00069726","XLOC_012538","T_minus","T_plus","XLOC_012538","unknown","unknown",6.44256053775016,7.7585881562282,5.12653291927211,0.223260657871254,0.224289869242036,-0.596857539714193,,0.498166172894737,0.61106790681017,0.385264438979303,0.156641056203593,0.215480904045206,-0.651932854508366,,0.0781166666666667,0.0788333333333333,0.0774,-0.00143333333333334,0.945753674649804,9.4558189929635e-07,FALSE,0,"XLOC_012538","AMN1","PB.4352.2","ENST00000536761.5","=",TRUE
"isoComp_00047194","geneComp_00006305","TCONS_00069728","XLOC_012538","T_minus","T_plus","XLOC_012538","unknown","unknown",6.44256053775016,7.7585881562282,5.12653291927211,0.223260657871254,0.224289869242036,-0.596857539714193,,0.157590446421967,0.315180892843933,0,0.0364430617970806,0,-5.02317058412948,,0.0203166666666667,0.0406333333333333,0,-0.0406333333333333,0.00731610975844787,9.4558189929635e-07,,0,"XLOC_012538","AMN1","ENST00000535408.5","ENST00000535408.5","=",FALSE
"isoComp_00047195","geneComp_00006305","TCONS_00069729","XLOC_012538","T_minus","T_plus","XLOC_012538","unknown","unknown",6.44256053775016,7.7585881562282,5.12653291927211,0.223260657871254,0.224289869242036,-0.596857539714193,,0.100347506633275,0,0.200695013266549,0,0.101593095051735,4.39708426371388,,0.0188,0,0.0376,0.0376,0.467769779535113,9.4558189929635e-07,,0,"XLOC_012538","AMN1","ENST00000537960.5","ENST00000537960.5","=",FALSE
"isoComp_00047198","geneComp_00006305","TCONS_00069733","XLOC_012538","T_minus","T_plus","XLOC_012538","unknown","unknown",6.44256053775016,7.7585881562282,5.12653291927211,0.223260657871254,0.224289869242036,-0.596857539714193,,0.323701047303689,0.562464821031453,0.0849372735759254,0.108313802118012,0.0104963243824147,-2.59214051586586,,0.04455,0.0725666666666667,0.0165333333333333,-0.0560333333333333,0.120441414832178,9.4558189929635e-07,FALSE,0,"XLOC_012538","AMN1","PB.2937.4","ENST00000422146.6","=",TRUE
"isoComp_00047199","geneComp_00006305","TCONS_00069734","XLOC_012538","T_minus","T_plus","XLOC_012538","unknown","unknown",6.44256053775016,7.7585881562282,5.12653291927211,0.223260657871254,0.224289869242036,-0.596857539714193,,0.162176146400178,0.175739455515066,0.14861283728529,0.175739455515066,0.14861283728529,-0.227770770971928,,0.0251833333333333,0.0233666666666667,0.027,0.00363333333333334,0.993897574202545,9.4558189929635e-07,TRUE,0,"XLOC_012538","AMN1","ENST00000509386.2","ENST00000509386.2","=",FALSE
"isoComp_00047200","geneComp_00006305","TCONS_00075437","XLOC_012538","T_minus","T_plus","XLOC_012538","unknown","unknown",6.44256053775016,7.7585881562282,5.12653291927211,0.223260657871254,0.224289869242036,-0.596857539714193,,0.236710413006045,0.3181663303422,0.15525449566989,0.161615061832984,0.0818889865176843,-0.989737706747665,,0.0362666666666667,0.0415666666666667,0.0309666666666667,-0.0106,0.944572630367694,9.4558189929635e-07,FALSE,0,"XLOC_012538","AMN1","PB.3704.4","ENST00000537562.5","j",TRUE
"isoComp_00047202","geneComp_00006305","TCONS_00077389","XLOC_012538","T_minus","T_plus","XLOC_012538","unknown","unknown",6.44256053775016,7.7585881562282,5.12653291927211,0.223260657871254,0.224289869242036,-0.596857539714193,,0.0970125951269145,0.0711158277087903,0.122909362545039,0.0366560959127507,0.122909362545039,0.712387383488893,,0.01665,0.00943333333333333,0.0238666666666667,0.0144333333333333,0.964261149905759,9.4558189929635e-07,FALSE,0,"XLOC_012538","AMN1","PB.4058.1","ENST00000536761.5","c",TRUE
"isoComp_00047203","geneComp_00006305","TCONS_00077390","XLOC_012538","T_minus","T_plus","XLOC_012538","unknown","unknown",6.44256053775016,7.7585881562282,5.12653291927211,0.223260657871254,0.224289869242036,-0.596857539714193,,0.991323302893886,1.31749701968497,0.665149586102803,0.390981101745179,0.335018383263186,-0.975429535970873,,0.15205,0.168766666666667,0.135333333333333,-0.0334333333333333,0.934715619885151,9.4558189929635e-07,FALSE,0,"XLOC_012538","AMN1","PB.4058.6","ENST00000537562.5","j",TRUE
"isoComp_00047204","geneComp_00006305","TCONS_00077391","XLOC_012538","T_minus","T_plus","XLOC_012538","unknown","unknown",6.44256053775016,7.7585881562282,5.12653291927211,0.223260657871254,0.224289869242036,-0.596857539714193,,1.43404717357827,0.945152141530548,1.92294220562599,0.0809534557308463,0.218513202778515,1.01699604563037,,0.2476,0.122266666666667,0.372933333333333,0.250666666666667,9.4558189929635e-07,9.4558189929635e-07,FALSE,0,"XLOC_012538","AMN1","PB.4058.7","ENST00000537562.5","c",TRUE
"isoComp_00047205","geneComp_00006305","TCONS_00077392","XLOC_012538","T_minus","T_plus","XLOC_012538","unknown","unknown",6.44256053775016,7.7585881562282,5.12653291927211,0.223260657871254,0.224289869242036,-0.596857539714193,,0.454520278769299,0.760427720253308,0.14861283728529,0.109109762587677,0.14861283728529,-2.28015007289318,,0.0622,0.0974,0.027,-0.0704,0.418825825720711,9.4558189929635e-07,FALSE,0,"XLOC_012538","AMN1","PB.4058.8","ENST00000537562.5","j",TRUE
"isoComp_00048077","geneComp_00006422","TCONS_00070757","XLOC_012782","T_minus","T_plus","XLOC_012782","unknown","unknown",1.46992586480632,1.69394670945064,1.245905020162,0.170577290480783,0.129140754994691,-0.440152854085875,,0.0797283942770119,0.0603363348886701,0.0991204536653537,0.0306518184550914,0.0991204536653537,0.63357948189671,,0.0562833333333333,0.0332,0.0793666666666667,0.0461666666666667,0.965908825522267,0.0220145284760521,FALSE,0,"XLOC_012782","ENSG00000257337","ENST00000549388.1","ENST00000549388.1","=",FALSE
"isoComp_00048078","geneComp_00006422","TCONS_00070758","XLOC_012782","T_minus","T_plus","XLOC_012782","unknown","unknown",1.46992586480632,1.69394670945064,1.245905020162,0.170577290480783,0.129140754994691,-0.440152854085875,,0.0178416816597637,0,0.0356833633195273,0,0.0356833633195273,2.19166886930368,,0.0142833333333333,0,0.0285666666666667,0.0285666666666667,0.930027556851579,0.0220145284760521,FALSE,0,"XLOC_012782","ENSG00000257337","ENST00000660006.2","ENST00000660006.2","=",FALSE
"isoComp_00048079","geneComp_00006422","TCONS_00070759","XLOC_012782","T_minus","T_plus","XLOC_012782","unknown","unknown",1.46992586480632,1.69394670945064,1.245905020162,0.170577290480783,0.129140754994691,-0.440152854085875,,0.115256083965979,0.230512167931958,0,0.00923961528398502,0,-4.5880379791988,,0.0698,0.1396,0,-0.1396,0.0220145284760521,0.0220145284760521,FALSE,0,"XLOC_012782","ENSG00000257337","ENST00000686638.1","ENST00000686638.1","=",FALSE
"isoComp_00048080","geneComp_00006422","TCONS_00070761","XLOC_012782","T_minus","T_plus","XLOC_012782","unknown","unknown",1.46992586480632,1.69394670945064,1.245905020162,0.170577290480783,0.129140754994691,-0.440152854085875,,0.130879463658975,0.138849564772911,0.122909362545039,0.0741666627177746,0.122909362545039,-0.163412267151539,,0.0899333333333333,0.0814666666666667,0.0984,0.0169333333333333,0.90508321113215,0.0220145284760521,FALSE,0,"XLOC_012782","ENSG00000257337","ENST00000684981.1","ENST00000684981.1","=",FALSE
"isoComp_00048081","geneComp_00006422","TCONS_00070762","XLOC_012782","T_minus","T_plus","XLOC_012782","unknown","unknown",1.46992586480632,1.69394670945064,1.245905020162,0.170577290480783,0.129140754994691,-0.440152854085875,,0.0317871014155908,0.0635742028311816,0,0.0320121217456412,0,-2.87920000579997,,0.0208833333333333,0.0417666666666667,0,-0.0417666666666667,0.787822621476875,0.0220145284760521,FALSE,0,"XLOC_012782","ENSG00000257337","ENST00000670565.2","ENST00000670565.2","=",FALSE
"isoComp_00048082","geneComp_00006422","TCONS_00070764","XLOC_012782","T_minus","T_plus","XLOC_012782","unknown","unknown",1.46992586480632,1.69394670945064,1.245905020162,0.170577290480783,0.129140754994691,-0.440152854085875,,0.420361390839724,0.592439535182279,0.248283246497169,0.0373021181311713,0.171881034923761,-1.2218623838887,,0.264133333333333,0.352533333333333,0.175733333333333,-0.1768,0.714849793153378,0.0220145284760521,FALSE,0,"XLOC_012782","ENSG00000257337","ENST00000546566.7","ENST00000546566.7","=",FALSE
"isoComp_00048083","geneComp_00006422","TCONS_00070765","XLOC_012782","T_minus","T_plus","XLOC_012782","unknown","unknown",1.46992586480632,1.69394670945064,1.245905020162,0.170577290480783,0.129140754994691,-0.440152854085875,,0.0392671768956031,0.0237822558439942,0.054752097947212,0.0237822558439942,0.054752097947212,0.938661267649851,,0.0353333333333333,0.0170333333333333,0.0536333333333333,0.0366,0.99633622898533,0.0220145284760521,FALSE,0,"XLOC_012782","ENSG00000257337","ENST00000663863.2","ENST00000663863.2","=",FALSE
"isoComp_00048084","geneComp_00006422","TCONS_00070767","XLOC_012782","T_minus","T_plus","XLOC_012782","unknown","unknown",1.46992586480632,1.69394670945064,1.245905020162,0.170577290480783,0.129140754994691,-0.440152854085875,,0.018793725257735,0,0.0375874505154699,0,0.0265949129750291,2.25058116458006,,0.0132666666666667,0,0.0265333333333333,0.0265333333333333,0.81089006434386,0.0220145284760521,TRUE,0,"XLOC_012782","ENSG00000257337","ENST00000657729.2","ENST00000657729.2","=",FALSE
"isoComp_00048085","geneComp_00006422","TCONS_00070768","XLOC_012782","T_minus","T_plus","XLOC_012782","unknown","unknown",1.46992586480632,1.69394670945064,1.245905020162,0.170577290480783,0.129140754994691,-0.440152854085875,,0.068440122434015,0,0.13688024486803,0,0.13688024486803,3.87656846390966,,0.06705,0,0.1341,0.1341,0.927944699964021,0.0220145284760521,FALSE,0,"XLOC_012782","ENSG00000257337","ENST00000667771.2","ENST00000667771.2","=",FALSE
"isoComp_00048086","geneComp_00006422","TCONS_00070769","XLOC_012782","T_minus","T_plus","XLOC_012782","unknown","unknown",1.46992586480632,1.69394670945064,1.245905020162,0.170577290480783,0.129140754994691,-0.440152854085875,,0.0277495796488834,0.0554991592977668,0,0.0554991592977668,0,-2.71147638932602,,0.0163333333333333,0.0326666666666667,0,-0.0326666666666667,0.968407797132064,0.0220145284760521,TRUE,0,"XLOC_012782","ENSG00000257337","ENST00000668380.1","ENST00000668380.1","=",FALSE
"isoComp_00048088","geneComp_00006422","TCONS_00070772","XLOC_012782","T_minus","T_plus","XLOC_012782","unknown","unknown",1.46992586480632,1.69394670945064,1.245905020162,0.170577290480783,0.129140754994691,-0.440152854085875,,0.0499492433679901,0.0998984867359802,0,0.0998984867359802,0,-3.45809961590128,,0.0294166666666667,0.0588333333333333,0,-0.0588333333333333,0.961975582955226,0.0220145284760521,FALSE,0,"XLOC_012782","ENSG00000257337","ENST00000662887.1","ENST00000662887.1","=",FALSE
"isoComp_00048091","geneComp_00006422","TCONS_00070778","XLOC_012782","T_minus","T_plus","XLOC_012782","unknown","unknown",1.46992586480632,1.69394670945064,1.245905020162,0.170577290480783,0.129140754994691,-0.440152854085875,,0.0519011748889228,0,0.103802349777846,0,0.103802349777846,3.50845844144088,,0.03535,0,0.0707,0.0707,0.912384448370373,0.0220145284760521,FALSE,0,"XLOC_012782","ENSG00000257337","ENST00000658354.1","ENST00000658354.1","=",FALSE
"isoComp_00048092","geneComp_00006422","TCONS_00070779","XLOC_012782","T_minus","T_plus","XLOC_012782","unknown","unknown",1.46992586480632,1.69394670945064,1.245905020162,0.170577290480783,0.129140754994691,-0.440152854085875,,0.0750879435093631,0.0575961651883262,0.0925797218304001,0.028934181242826,0.0489657359108222,0.601732256099986,,0.0522333333333333,0.0347666666666667,0.0697,0.0349333333333333,0.93948532715722,0.0220145284760521,FALSE,0,"XLOC_012782","ENSG00000257337","ENST00000607643.1","ENST00000607643.1","=",FALSE
"isoComp_00048093","geneComp_00006422","TCONS_00070780","XLOC_012782","T_minus","T_plus","XLOC_012782","unknown","unknown",1.46992586480632,1.69394670945064,1.245905020162,0.170577290480783,0.129140754994691,-0.440152854085875,,0.102236650078996,0.13859952187744,0.0658737782805526,0.128541893745824,0.0501253296458932,-0.969756187582837,,0.0662,0.0712,0.0612,-0.01,0.989228857090959,0.0220145284760521,,0,"XLOC_012782","ENSG00000257337","ENST00000546767.5","ENST00000546767.5","=",FALSE
"isoComp_00048094","geneComp_00006422","TCONS_00070781","XLOC_012782","T_minus","T_plus","XLOC_012782","unknown","unknown",1.46992586480632,1.69394670945064,1.245905020162,0.170577290480783,0.129140754994691,-0.440152854085875,,0.169495787398525,0.209202080503874,0.129789494293177,0.00852878914044503,0.0359280539962507,-0.64900555053362,,0.11295,0.125033333333333,0.100866666666667,-0.0241666666666667,0.943987643361932,0.0220145284760521,FALSE,2,"XLOC_012782","ENSG00000257337","ENST00000546793.1","ENST00000546793.1","=",FALSE
"isoComp_00048095","geneComp_00006422","TCONS_00070782","XLOC_012782","T_minus","T_plus","XLOC_012782","unknown","unknown",1.46992586480632,1.69394670945064,1.245905020162,0.170577290480783,0.129140754994691,-0.440152854085875,,0.0378868172230275,0,0.075773634446055,0,0.0395738186442494,3.10053425262686,,0.0304833333333333,0,0.0609666666666667,0.0609666666666667,0.65853922570642,0.0220145284760521,,0,"XLOC_012782","ENSG00000257337","ENST00000688419.1","ENST00000688419.1","=",FALSE
"isoComp_00048274","geneComp_00006439","TCONS_00070959","XLOC_012805","T_minus","T_plus","XLOC_012805","unknown","unknown",21.6831308759273,25.3060507030149,18.0602110488398,0.929613500211748,0.307673216796504,-0.48643900620453,,0.703748306271412,0.506581240877586,0.900915371665238,0.143667374847511,0.0817270351358854,0.818321772674785,,0.0348,0.0197,0.0499,0.0302,0.189385083976442,1.7279496951697e-12,FALSE,3,"XLOC_012805","SMUG1","ENST00000682136.1","ENST00000682136.1","=",FALSE
"isoComp_00048275","geneComp_00006439","TCONS_00070960","XLOC_012805","T_minus","T_plus","XLOC_012805","unknown","unknown",21.6831308759273,25.3060507030149,18.0602110488398,0.929613500211748,0.307673216796504,-0.48643900620453,,1.24882187081508,1.78057547837948,0.717068263250674,0.0531817493299629,0.260682138469793,-1.30026060617123,,0.0551333333333333,0.0705333333333333,0.0397333333333333,-0.0308,0.559993835539724,1.7279496951697e-12,FALSE,3,"XLOC_012805","SMUG1","PB.3855.1","ENST00000508394.6","=",TRUE
"isoComp_00048276","geneComp_00006439","TCONS_00070961","XLOC_012805","T_minus","T_plus","XLOC_012805","unknown","unknown",21.6831308759273,25.3060507030149,18.0602110488398,0.929613500211748,0.307673216796504,-0.48643900620453,,0.232667531834878,0.11211634897883,0.353218714690926,0.11211634897883,0.230390637864275,1.57258217703233,,0.012,0.00446666666666667,0.0195333333333333,0.0150666666666667,0.793653795625581,1.7279496951697e-12,FALSE,0,"XLOC_012805","SMUG1","ENST00000511854.1","ENST00000511854.1","=",FALSE
"isoComp_00048278","geneComp_00006439","TCONS_00070964","XLOC_012805","T_minus","T_plus","XLOC_012805","unknown","unknown",21.6831308759273,25.3060507030149,18.0602110488398,0.929613500211748,0.307673216796504,-0.48643900620453,,0.689783287768623,0.696517803906792,0.683048771630455,0.0549228534136476,0.145575346720962,-0.0277690341263837,,0.0325166666666667,0.0274333333333333,0.0376,0.0101666666666667,0.879379007734375,1.7279496951697e-12,FALSE,4,"XLOC_012805","SMUG1","ENST00000505128.5","ENST00000505128.5","=",FALSE
"isoComp_00048279","geneComp_00006439","TCONS_00070965","XLOC_012805","T_minus","T_plus","XLOC_012805","unknown","unknown",21.6831308759273,25.3060507030149,18.0602110488398,0.929613500211748,0.307673216796504,-0.48643900620453,,3.84893822366386,4.63480011225012,3.0630763350776,0.629630600152493,0.262040247507573,-0.595932908086852,,0.176066666666667,0.182,0.170133333333333,-0.0118666666666667,0.934827771213762,1.7279496951697e-12,FALSE,3,"XLOC_012805","SMUG1","ENST00000337581.7","ENST00000337581.7","=",FALSE
"isoComp_00048280","geneComp_00006439","TCONS_00070966","XLOC_012805","T_minus","T_plus","XLOC_012805","unknown","unknown",21.6831308759273,25.3060507030149,18.0602110488398,0.929613500211748,0.307673216796504,-0.48643900620453,,7.84231947104545,10.3986952924387,5.2859436496522,0.535198115712977,0.072705694978506,-0.97482956459717,,0.352966666666667,0.4132,0.292733333333333,-0.120466666666667,0.0376171046007322,1.7279496951697e-12,FALSE,1,"XLOC_012805","SMUG1","PB.4220.2","ENST00000243112.9","=",TRUE
"isoComp_00048281","geneComp_00006439","TCONS_00070967","XLOC_012805","T_minus","T_plus","XLOC_012805","unknown","unknown",21.6831308759273,25.3060507030149,18.0602110488398,0.929613500211748,0.307673216796504,-0.48643900620453,,0.224216254909395,0.279288982499176,0.169143527319615,0.140090172277363,0.119677108387631,-0.691395461514025,,0.0100166666666667,0.0107666666666667,0.00926666666666667,-0.0015,0.991800374320754,1.7279496951697e-12,FALSE,2,"XLOC_012805","SMUG1","ENST00000505662.1","ENST00000505662.1","=",FALSE
"isoComp_00048282","geneComp_00006439","TCONS_00070969","XLOC_012805","T_minus","T_plus","XLOC_012805","unknown","unknown",21.6831308759273,25.3060507030149,18.0602110488398,0.929613500211748,0.307673216796504,-0.48643900620453,,0.230215879281111,0.247896244863358,0.212535513698864,0.247896244863358,0.106986391537548,-0.21275517737234,,0.0105166666666667,0.00916666666666667,0.0118666666666667,0.0027,0.826868797135952,1.7279496951697e-12,FALSE,1,"XLOC_012805","SMUG1","ENST00000514196.5","ENST00000514196.5","=",FALSE
"isoComp_00048283","geneComp_00006439","TCONS_00070970","XLOC_012805","T_minus","T_plus","XLOC_012805","unknown","unknown",21.6831308759273,25.3060507030149,18.0602110488398,0.929613500211748,0.307673216796504,-0.48643900620453,,0.376922983905342,0.753845967810684,0,0.073272206690286,0,-6.25520983801747,,0.01495,0.0299,0,-0.0299,7.70027559543786e-07,1.7279496951697e-12,,1,"XLOC_012805","SMUG1","ENST00000511522.5","ENST00000511522.5","=",FALSE
"isoComp_00048285","geneComp_00006439","TCONS_00070972","XLOC_012805","T_minus","T_plus","XLOC_012805","unknown","unknown",21.6831308759273,25.3060507030149,18.0602110488398,0.929613500211748,0.307673216796504,-0.48643900620453,,0.564366525448122,0.6207385293956,0.507994521500644,0.141154964810842,0.145138463961297,-0.284105225080443,,0.02645,0.0248333333333333,0.0280666666666667,0.00323333333333333,0.989228857090959,1.7279496951697e-12,FALSE,0,"XLOC_012805","SMUG1","ENST00000509078.1","ENST00000509078.1","=",FALSE
"isoComp_00048286","geneComp_00006439","TCONS_00070973","XLOC_012805","T_minus","T_plus","XLOC_012805","unknown","unknown",21.6831308759273,25.3060507030149,18.0602110488398,0.929613500211748,0.307673216796504,-0.48643900620453,,0.621665739489521,1.24333147897904,0,0.0408449017325256,0,-6.96962421643277,,0.0246,0.0492,0,-0.0492,1.7279496951697e-12,1.7279496951697e-12,TRUE,1,"XLOC_012805","SMUG1","ENST00000507904.5","ENST00000507904.5","=",FALSE
"isoComp_00048290","geneComp_00006439","TCONS_00070978","XLOC_012805","T_minus","T_plus","XLOC_012805","unknown","unknown",21.6831308759273,25.3060507030149,18.0602110488398,0.929613500211748,0.307673216796504,-0.48643900620453,,0.513300236099672,0.274449321177355,0.75215115102199,0.175565104226365,0.180374173810003,1.42190550553235,,0.0260833333333333,0.0107333333333333,0.0414333333333333,0.0307,0.504331773188741,1.7279496951697e-12,TRUE,1,"XLOC_012805","SMUG1","ENST00000505597.1","ENST00000505597.1","=",FALSE
"isoComp_00048291","geneComp_00006439","TCONS_00070979","XLOC_012805","T_minus","T_plus","XLOC_012805","unknown","unknown",21.6831308759273,25.3060507030149,18.0602110488398,0.929613500211748,0.307673216796504,-0.48643900620453,,0.268740579646314,0.34809930611638,0.189381853176248,0.34809930611638,0.103590952832677,-0.844825614961234,,0.0126166666666667,0.0146,0.0106333333333333,-0.00396666666666667,0.848610569679328,1.7279496951697e-12,TRUE,0,"XLOC_012805","SMUG1","ENST00000503231.1","ENST00000503231.1","=",FALSE
"isoComp_00048292","geneComp_00006439","TCONS_00075574","XLOC_012805","T_minus","T_plus","XLOC_012805","unknown","unknown",21.6831308759273,25.3060507030149,18.0602110488398,0.929613500211748,0.307673216796504,-0.48643900620453,,0.291274745390837,0.108718883858259,0.473830606923415,0.108718883858259,0.301708668150772,2.02695260293133,,0.01505,0.00433333333333333,0.0257666666666667,0.0214333333333333,0.766788722123395,1.7279496951697e-12,FALSE,1,"XLOC_012805","SMUG1","PB.3855.3","ENST00000635546.1","j",TRUE
"isoComp_00048293","geneComp_00006439","TCONS_00075575","XLOC_012805","T_minus","T_plus","XLOC_012805","unknown","unknown",21.6831308759273,25.3060507030149,18.0602110488398,0.929613500211748,0.307673216796504,-0.48643900620453,,0.954438049111641,1.20342730110696,0.705448797116323,0.314509995464738,0.199387992627343,-0.762167250611476,,0.0436666666666667,0.0483333333333333,0.039,-0.00933333333333333,0.933870607164757,1.7279496951697e-12,FALSE,3,"XLOC_012805","SMUG1","PB.3855.4","ENST00000635546.1","j",TRUE
"isoComp_00048295","geneComp_00006439","TCONS_00076516","XLOC_012805","T_minus","T_plus","XLOC_012805","unknown","unknown",21.6831308759273,25.3060507030149,18.0602110488398,0.929613500211748,0.307673216796504,-0.48643900620453,,2.19886249428882,0.90136084389926,3.49636414467839,0.821586008456968,0.363090171628023,1.94388153893032,,0.113983333333333,0.0336,0.194366666666667,0.160766666666667,0.229351712083275,1.7279496951697e-12,FALSE,0,"XLOC_012805","SMUG1","PB.3041.2","ENST00000513838.5","c",TRUE
"isoComp_00048502","geneComp_00006460","TCONS_00071153","XLOC_012843","T_minus","T_plus","XLOC_012843","unknown","unknown",24.7758196835076,28.9354883112946,20.6161510557205,1.00704550602687,0.997163773038839,-0.488863862946334,,9.29234712369666,12.9721716728592,5.61252257453407,1.03318486839209,0.388440821128172,-1.20724228566321,,0.360066666666667,0.448266666666667,0.271866666666667,-0.1764,0.00210353641205075,0.00210353641205075,FALSE,0,"XLOC_012843","PYM1","PB.3878.2","ENST00000408946.7","=",TRUE
"isoComp_00048503","geneComp_00006460","TCONS_00071154","XLOC_012843","T_minus","T_plus","XLOC_012843","unknown","unknown",24.7758196835076,28.9354883112946,20.6161510557205,1.00704550602687,0.997163773038839,-0.488863862946334,,9.73212074317692,9.60455080843232,9.85969067792152,1.43342634845717,0.144738591811847,0.037785413990298,,0.405433333333333,0.3303,0.480566666666667,0.150266666666667,0.118082056941194,0.00210353641205075,FALSE,0,"XLOC_012843","PYM1","PB.3878.1","ENST00000398213.4","=",TRUE
"isoComp_00048504","geneComp_00006460","TCONS_00071155","XLOC_012843","T_minus","T_plus","XLOC_012843","unknown","unknown",24.7758196835076,28.9354883112946,20.6161510557205,1.00704550602687,0.997163773038839,-0.488863862946334,,1.79375502124361,1.95158730709334,1.63592273539388,0.0495503948921411,0.200979628194567,-0.253124936010465,,0.0734166666666667,0.0676666666666667,0.0791666666666667,0.0115,0.852001446193102,0.00210353641205075,FALSE,0,"XLOC_012843","PYM1","PB.4249.3","ENST00000302533.6","=",TRUE
"isoComp_00048507","geneComp_00006460","TCONS_00071158","XLOC_012843","T_minus","T_plus","XLOC_012843","unknown","unknown",24.7758196835076,28.9354883112946,20.6161510557205,1.00704550602687,0.997163773038839,-0.488863862946334,,1.34776585572771,1.83116124616152,0.864370465293908,0.137692265862016,0.105415692322475,-1.07429940607669,,0.0525833333333333,0.0635333333333333,0.0416333333333333,-0.0219,0.528473747473528,0.00210353641205075,FALSE,0,"XLOC_012843","PYM1","PB.4558.6","ENST00000549939.1","=",TRUE
"isoComp_00048509","geneComp_00006460","TCONS_00075610","XLOC_012843","T_minus","T_plus","XLOC_012843","unknown","unknown",24.7758196835076,28.9354883112946,20.6161510557205,1.00704550602687,0.997163773038839,-0.488863862946334,,1.25415960777344,1.55286756196454,0.95545165358234,0.276955341579558,0.156309590378704,-0.694919607938128,,0.0501833333333333,0.0544666666666667,0.0459,-0.00856666666666667,0.946312450845199,0.00210353641205075,FALSE,0,"XLOC_012843","PYM1","PB.3878.3","ENST00000302533.6","j",TRUE
"isoComp_00048510","geneComp_00006460","TCONS_00078437","XLOC_012843","T_minus","T_plus","XLOC_012843","unknown","unknown",24.7758196835076,28.9354883112946,20.6161510557205,1.00704550602687,0.997163773038839,-0.488863862946334,,0.943065234012451,0.635877649137905,1.250252818887,0.212068935701196,0.353747718757531,0.964380380171311,,0.0407833333333333,0.0222333333333333,0.0593333333333333,0.0371,0.331821537076396,0.00210353641205075,FALSE,0,"XLOC_012843","PYM1","PB.4558.7","ENST00000454792.2","c",TRUE
"isoComp_00048847","geneComp_00006486","TCONS_00071449","XLOC_012880","T_minus","T_plus","XLOC_012880","unknown","unknown",84.7333071604231,48.9512682056228,120.515346115223,0.489284953467953,10.0171908823318,1.29962374012448,,1.20607268444847,1.19960711080359,1.21253825809334,0.310033797677522,0.178227023030902,0.0153410878280125,,0.01745,0.0244333333333333,0.0104666666666667,-0.0139666666666667,0.356754809157539,2.64634819076352e-11,FALSE,1,"XLOC_012880","NEMP1","ENST00000379391.7","ENST00000379391.7","=",FALSE
"isoComp_00048848","geneComp_00006486","TCONS_00071450","XLOC_012880","T_minus","T_plus","XLOC_012880","unknown","unknown",84.7333071604231,48.9512682056228,120.515346115223,0.489284953467953,10.0171908823318,1.29962374012448,,0.768858243842092,1.11843087814494,0.419285609539245,0.5639576280934,0.21381972394428,-1.39430833232089,,0.0131,0.0226333333333333,0.00356666666666667,-0.0190666666666667,0.849372067657114,2.64634819076352e-11,FALSE,1,"XLOC_012880","NEMP1","ENST00000300128.9","ENST00000300128.9","=",FALSE
"isoComp_00048850","geneComp_00006486","TCONS_00075677","XLOC_012880","T_minus","T_plus","XLOC_012880","unknown","unknown",84.7333071604231,48.9512682056228,120.515346115223,0.489284953467953,10.0171908823318,1.29962374012448,,35.2587291370406,12.1386480013507,58.3788102727304,1.78482853417315,6.08079210410291,2.26489614702381,,0.3652,0.247666666666667,0.482733333333333,0.235066666666667,6.14864204821439e-06,2.64634819076352e-11,FALSE,1,"XLOC_012880","NEMP1","PB.3917.2","ENST00000300128.9","c",TRUE
"isoComp_00048851","geneComp_00006486","TCONS_00075678","XLOC_012880","T_minus","T_plus","XLOC_012880","unknown","unknown",84.7333071604231,48.9512682056228,120.515346115223,0.489284953467953,10.0171908823318,1.29962374012448,,8.24991612081158,2.77083889802834,13.7289933435948,1.44193190228419,0.893900903762432,2.30468422896725,,0.0859,0.0572,0.1146,0.0574,0.391723877650685,2.64634819076352e-11,TRUE,0,"XLOC_012880","NEMP1","PB.3917.5","ENST00000300128.9","o",TRUE
"isoComp_00048853","geneComp_00006486","TCONS_00075680","XLOC_012880","T_minus","T_plus","XLOC_012880","unknown","unknown",84.7333071604231,48.9512682056228,120.515346115223,0.489284953467953,10.0171908823318,1.29962374012448,,1.26975428363239,0.843300773424023,1.69620779384076,0.0256947672443204,0.133324191665026,0.999667098008265,,0.0157833333333333,0.0172666666666667,0.0143,-0.00296666666666667,0.848990307832098,2.64634819076352e-11,FALSE,1,"XLOC_012880","NEMP1","PB.3917.14","ENST00000300128.9","j",TRUE
"isoComp_00048854","geneComp_00006486","TCONS_00076568","XLOC_012880","T_minus","T_plus","XLOC_012880","unknown","unknown",84.7333071604231,48.9512682056228,120.515346115223,0.489284953467953,10.0171908823318,1.29962374012448,,16.6135228098689,14.7441739131883,18.4828717065495,1.5073724416116,2.00144724294626,0.325846127758178,,0.2274,0.301666666666667,0.153133333333333,-0.148533333333333,0.000127973467848593,2.64634819076352e-11,FALSE,1,"XLOC_012880","NEMP1","PB.3094.7","ENST00000300128.9","c",TRUE
"isoComp_00048855","geneComp_00006486","TCONS_00076569","XLOC_012880","T_minus","T_plus","XLOC_012880","unknown","unknown",84.7333071604231,48.9512682056228,120.515346115223,0.489284953467953,10.0171908823318,1.29962374012448,,2.62706170407181,0.704346336776825,4.5497770713668,0.179202017883201,1.27547303465713,2.67426768108713,,0.02555,0.0144333333333333,0.0366666666666667,0.0222333333333333,0.214483589780139,2.64634819076352e-11,TRUE,1,"XLOC_012880","NEMP1","PB.3094.6","ENST00000300128.9","j",TRUE
"isoComp_00048856","geneComp_00006486","TCONS_00076570","XLOC_012880","T_minus","T_plus","XLOC_012880","unknown","unknown",84.7333071604231,48.9512682056228,120.515346115223,0.489284953467953,10.0171908823318,1.29962374012448,,15.197467807178,13.3603332839757,17.0346023303803,0.786802800513063,1.02020079627749,0.350279512063171,,0.207333333333333,0.272733333333333,0.141933333333333,-0.1308,2.64634819076352e-11,2.64634819076352e-11,FALSE,0,"XLOC_012880","NEMP1","PB.3094.5","ENST00000300128.9","j",TRUE
"isoComp_00048857","geneComp_00006486","TCONS_00076571","XLOC_012880","T_minus","T_plus","XLOC_012880","unknown","unknown",84.7333071604231,48.9512682056228,120.515346115223,0.489284953467953,10.0171908823318,1.29962374012448,,1.93563835521846,0.71101012942508,3.16026658101184,0.205476364709714,0.326559903349942,2.13651272558897,,0.02055,0.0144333333333333,0.0266666666666667,0.0122333333333333,0.566712268537569,2.64634819076352e-11,TRUE,0,"XLOC_012880","NEMP1","PB.3094.9","ENST00000300128.9","j",TRUE
"isoComp_00048884","geneComp_00006490","TCONS_00071481","XLOC_012884","T_minus","T_plus","XLOC_012884","unknown","unknown",1.93725583066236,2.02666610857791,1.84784555274681,0.169354936275777,0.209915380860997,-0.132578912062882,,1.09552969122775,0.781980687930541,1.40907869452496,0.234353157095083,0.194247299080235,0.841417439358856,,0.565816666666667,0.3739,0.757733333333333,0.383833333333333,0.0376171046007322,0.0376171046007322,FALSE,0,"XLOC_012884","NDUFA4L2","ENST00000554503.6","ENST00000554503.6","=",FALSE
"isoComp_00048885","geneComp_00006490","TCONS_00071482","XLOC_012884","T_minus","T_plus","XLOC_012884","unknown","unknown",1.93725583066236,2.02666610857791,1.84784555274681,0.169354936275777,0.209915380860997,-0.132578912062882,,0.506080618035737,0.813102282096326,0.199058953975148,0.196593943805724,0.0579027543491251,-1.9771618818466,,0.265133333333333,0.4158,0.114466666666667,-0.301333333333333,0.307429375805409,0.0376171046007322,FALSE,0,"XLOC_012884","NDUFA4L2","ENST00000393825.5","ENST00000393825.5","=",FALSE
"isoComp_00048886","geneComp_00006490","TCONS_00071483","XLOC_012884","T_minus","T_plus","XLOC_012884","unknown","unknown",1.93725583066236,2.02666610857791,1.84784555274681,0.169354936275777,0.209915380860997,-0.132578912062882,,0.0534351135118684,0.0883340931348357,0.018536133888901,0.0883340931348357,0.018536133888901,-1.78490180608141,,0.0239333333333333,0.0390333333333333,0.00883333333333333,-0.0302,0.99473055203523,0.0376171046007322,FALSE,0,"XLOC_012884","NDUFA4L2","ENST00000555173.1","ENST00000555173.1","=",FALSE
"isoComp_00048887","geneComp_00006490","TCONS_00071484","XLOC_012884","T_minus","T_plus","XLOC_012884","unknown","unknown",1.93725583066236,2.02666610857791,1.84784555274681,0.169354936275777,0.209915380860997,-0.132578912062882,,0.0412598900600491,0.050801234947185,0.0317185451729132,0.0268452402113094,0.0317185451729132,-0.543411778409407,,0.0195666666666667,0.0233666666666667,0.0157666666666667,-0.0076,0.924420810539947,0.0376171046007322,FALSE,1,"XLOC_012884","NDUFA4L2","ENST00000556732.1","ENST00000556732.1","=",FALSE
"isoComp_00048888","geneComp_00006490","TCONS_00071485","XLOC_012884","T_minus","T_plus","XLOC_012884","unknown","unknown",1.93725583066236,2.02666610857791,1.84784555274681,0.169354936275777,0.209915380860997,-0.132578912062882,,0.0776237460323601,0.0802936253317445,0.0749538667329758,0.0441078305246523,0.0413594503240948,-0.0879445238680551,,0.0420833333333333,0.0413666666666667,0.0428,0.00143333333333333,0.99714218601791,0.0376171046007322,FALSE,0,"XLOC_012884","NDUFA4L2","ENST00000554688.1","ENST00000554688.1","=",FALSE
"isoComp_00048889","geneComp_00006490","TCONS_00071487","XLOC_012884","T_minus","T_plus","XLOC_012884","unknown","unknown",1.93725583066236,2.02666610857791,1.84784555274681,0.169354936275777,0.209915380860997,-0.132578912062882,,0.163326771794596,0.212154185137276,0.114499358451916,0.0499386218920876,0.0325190042052685,-0.835423012299262,,0.0834833333333333,0.106566666666667,0.0604,-0.0461666666666667,0.837857463200457,0.0376171046007322,FALSE,0,"XLOC_012884","NDUFA4L2","ENST00000557276.1","ENST00000557276.1","=",FALSE
"isoComp_00049369","geneComp_00006560","TCONS_00072112","XLOC_013055","T_minus","T_plus","XLOC_013055","unknown","unknown",64.9409749005276,64.8316466579194,65.0503031431359,10.4826298418606,4.25758730371495,0.00485681585672984,,48.6086473420767,45.1668813172903,52.050413366863,8.0878729905229,3.84032605443386,0.204602085970272,,0.746683333333333,0.6936,0.799766666666667,0.106166666666667,0.00721058541688129,0.00721058541688129,FALSE,1,"XLOC_013055","PHLDA1","ENST00000266671.10","ENST00000266671.10","=",FALSE
"isoComp_00049370","geneComp_00006560","TCONS_00075728","XLOC_013055","T_minus","T_plus","XLOC_013055","unknown","unknown",64.9409749005276,64.8316466579194,65.0503031431359,10.4826298418606,4.25758730371495,0.00485681585672984,,16.332327558451,19.6647653406291,12.9998897762729,2.62395243810144,1.33657188873471,-0.596737689767584,,0.253316666666667,0.3064,0.200233333333333,-0.106166666666667,0.0164170147356635,0.00721058541688129,FALSE,0,"XLOC_013055","PHLDA1","PB.4035.4","ENST00000266671.10","o",TRUE
"isoComp_00049621","geneComp_00006589","TCONS_00072397","XLOC_013120","T_minus","T_plus","XLOC_013120","unknown","unknown",10.2703577154063,7.1835101608551,13.3572052699575,0.11934841112099,1.75627839741488,0.893930039279093,,1.15840129427871,2.01008433254396,0.306718256013469,0.618197230090593,0.248075681490495,-2.67314358896605,,0.151233333333333,0.2773,0.0251666666666667,-0.252133333333333,0.121433485485284,0.000207521903033161,FALSE,0,"XLOC_013120","KITLG","ENST00000378535.4","ENST00000378535.4","=",FALSE
"isoComp_00049622","geneComp_00006589","TCONS_00072398","XLOC_013120","T_minus","T_plus","XLOC_013120","unknown","unknown",10.2703577154063,7.1835101608551,13.3572052699575,0.11934841112099,1.75627839741488,0.893930039279093,,7.23482946201195,3.64568720303045,10.8239717209934,0.4609886350905,1.48221891531827,1.56734769284029,,0.659533333333333,0.509733333333333,0.809333333333333,0.2996,0.000207521903033161,0.000207521903033161,FALSE,0,"XLOC_013120","KITLG","ENST00000644744.1","ENST00000644744.1","=",FALSE
"isoComp_00049623","geneComp_00006589","TCONS_00072399","XLOC_013120","T_minus","T_plus","XLOC_013120","unknown","unknown",10.2703577154063,7.1835101608551,13.3572052699575,0.11934841112099,1.75627839741488,0.893930039279093,,1.80861426640777,1.49056297122942,2.12666556158612,0.0453609291022227,0.473585979824381,0.509857246958844,,0.182433333333333,0.2078,0.157066666666667,-0.0507333333333333,0.66749703290942,0.000207521903033161,FALSE,0,"XLOC_013120","KITLG","ENST00000347404.10","ENST00000347404.10","=",FALSE
"isoComp_00050710","geneComp_00006726","TCONS_00073542","XLOC_013382","T_minus","T_plus","XLOC_013382","unknown","unknown",16.0393980171718,16.0105443619686,16.068251672375,1.19012364824616,0.779319690132084,0.00518736840798775,,8.18333479825439,8.53601389964486,7.83065569686392,0.340679412148716,0.0713308072621852,-0.124277354676821,,0.513016666666667,0.536233333333333,0.4898,-0.0464333333333334,0.772060926839987,4.1933642327143e-05,FALSE,0,"XLOC_013382","SPRING1","ENST00000261318.5","ENST00000261318.5","=",FALSE
"isoComp_00050711","geneComp_00006726","TCONS_00073543","XLOC_013382","T_minus","T_plus","XLOC_013382","unknown","unknown",16.0393980171718,16.0105443619686,16.068251672375,1.19012364824616,0.779319690132084,0.00518736840798775,,0.724593238495662,0.810298981580428,0.638887495410896,0.254664238150114,0.0972016447566798,-0.338181472940795,,0.04555,0.0511666666666667,0.0399333333333333,-0.0112333333333333,0.943784163117779,4.1933642327143e-05,FALSE,0,"XLOC_013382","SPRING1","ENST00000547630.1","ENST00000547630.1","=",FALSE
"isoComp_00050713","geneComp_00006726","TCONS_00073545","XLOC_013382","T_minus","T_plus","XLOC_013382","unknown","unknown",16.0393980171718,16.0105443619686,16.068251672375,1.19012364824616,0.779319690132084,0.00518736840798775,,0.641885167777046,0.952020507419165,0.331749828134927,0.579584397486646,0.207539420840359,-1.49312703599126,,0.03835,0.0554333333333333,0.0212666666666667,-0.0341666666666667,0.804860020879958,4.1933642327143e-05,,0,"XLOC_013382","SPRING1","ENST00000547606.1","ENST00000547606.1","=",FALSE
"isoComp_00050714","geneComp_00006726","TCONS_00077785","XLOC_013382","T_minus","T_plus","XLOC_013382","unknown","unknown",16.0393980171718,16.0105443619686,16.068251672375,1.19012364824616,0.779319690132084,0.00518736840798775,,2.4255724377784,3.9445642359103,0.906580639646488,0.782331948376251,0.0727382226844402,-2.10918501099086,,0.15085,0.244733333333333,0.0569666666666667,-0.187766666666667,4.1933642327143e-05,4.1933642327143e-05,FALSE,0,"XLOC_013382","SPRING1","PB.4684.4","ENST00000261318.5","c",TRUE
"isoComp_00050715","geneComp_00006726","TCONS_00078614","XLOC_013382","T_minus","T_plus","XLOC_013382","unknown","unknown",16.0393980171718,16.0105443619686,16.068251672375,1.19012364824616,0.779319690132084,0.00518736840798775,,3.99613118676433,1.65567327008959,6.33658910343906,0.863378006053622,0.970347234933839,1.92987600458031,,0.2483,0.106066666666667,0.390533333333333,0.284466666666667,0.519412292003908,4.1933642327143e-05,FALSE,0,"XLOC_013382","SPRING1","PB.5028.2","ENST00000261318.5","c",TRUE
"isoComp_00054070","geneComp_00007255","TCONS_00081966","XLOC_014600","T_minus","T_plus","XLOC_014600","unknown","unknown",16.568644677892,18.5846076072988,14.5526817484852,2.16820833201205,0.863777762235803,-0.352608248470187,,0.298035053091529,0.318703379412239,0.277366726770819,0.0516364321830546,0.0202643859932965,-0.193893262251623,,0.0180833333333333,0.0171333333333333,0.0190333333333333,0.0019,0.960317195296394,1.71179622571665e-05,FALSE,0,"XLOC_014600","RUBCNL","ENST00000429979.6","ENST00000429979.6","=",FALSE
"isoComp_00054075","geneComp_00007255","TCONS_00081977","XLOC_014600","T_minus","T_plus","XLOC_014600","unknown","unknown",16.568644677892,18.5846076072988,14.5526817484852,2.16820833201205,0.863777762235803,-0.352608248470187,,0.755033420348648,0.782183266350705,0.72788357434659,0.0413202863764446,0.123143970852932,-0.10244102569821,,0.0463333333333333,0.0428,0.0498666666666667,0.00706666666666667,0.908100736577068,1.71179622571665e-05,FALSE,0,"XLOC_014600","RUBCNL","ENST00000487195.5","ENST00000487195.5","=",FALSE
"isoComp_00054080","geneComp_00007255","TCONS_00081985","XLOC_014600","T_minus","T_plus","XLOC_014600","unknown","unknown",16.568644677892,18.5846076072988,14.5526817484852,2.16820833201205,0.863777762235803,-0.352608248470187,,0.19973816732154,0.273681234101979,0.125795100541101,0.09912110427174,0.068265543597622,-1.06283928915143,,0.0116,0.0145666666666667,0.00863333333333333,-0.00593333333333333,0.898767620371566,1.71179622571665e-05,,0,"XLOC_014600","RUBCNL","ENST00000675351.1","ENST00000675351.1","=",FALSE
"isoComp_00054081","geneComp_00007255","TCONS_00081988","XLOC_014600","T_minus","T_plus","XLOC_014600","unknown","unknown",16.568644677892,18.5846076072988,14.5526817484852,2.16820833201205,0.863777762235803,-0.352608248470187,,0.34909162181554,0.254367205650833,0.443816037980248,0.144265072509644,0.264536652162415,0.779564371317529,,0.0225833333333333,0.0151333333333333,0.0300333333333333,0.0149,0.962788813193792,1.71179622571665e-05,FALSE,0,"XLOC_014600","PPP1R2P4","ENST00000424051.1","ENST00000424051.1","=",FALSE
"isoComp_00054082","geneComp_00007255","TCONS_00083496","XLOC_014600","T_minus","T_plus","XLOC_014600","unknown","unknown",16.568644677892,18.5846076072988,14.5526817484852,2.16820833201205,0.863777762235803,-0.352608248470187,,1.28900415325977,2.23924606021935,0.338762246300186,0.830876819020494,0.17010260476495,-2.68912571473513,,0.0697333333333333,0.1155,0.0239666666666667,-0.0915333333333333,0.444123721133713,1.71179622571665e-05,FALSE,0,"XLOC_014600","RUBCNL","PB.3622.2","ENST00000676114.1","c",TRUE
"isoComp_00054083","geneComp_00007255","TCONS_00083497","XLOC_014600","T_minus","T_plus","XLOC_014600","unknown","unknown",16.568644677892,18.5846076072988,14.5526817484852,2.16820833201205,0.863777762235803,-0.352608248470187,,0.345628937816901,0.251251775242995,0.440006100390808,0.0775901198123837,0.106926914030957,0.784503718550491,,0.0214166666666667,0.0131666666666667,0.0296666666666667,0.0165,0.533088827635172,1.71179622571665e-05,FALSE,0,"XLOC_014600","RUBCNL","PB.4593.6","ENST00000676114.1","j",TRUE
"isoComp_00054084","geneComp_00007255","TCONS_00083498","XLOC_014600","T_minus","T_plus","XLOC_014600","unknown","unknown",16.568644677892,18.5846076072988,14.5526817484852,2.16820833201205,0.863777762235803,-0.352608248470187,,0.242248387581431,0.139830829646804,0.344665945516058,0.079473250673832,0.0614870052977175,1.24312630388538,,0.0152,0.00673333333333333,0.0236666666666667,0.0169333333333333,0.513622413047496,1.71179622571665e-05,FALSE,0,"XLOC_014600","XLOC_014600","PB.4593.8","ENST00000516576.1","x",TRUE
"isoComp_00054085","geneComp_00007255","TCONS_00083802","XLOC_014600","T_minus","T_plus","XLOC_014600","unknown","unknown",16.568644677892,18.5846076072988,14.5526817484852,2.16820833201205,0.863777762235803,-0.352608248470187,,0.205663410597439,0.187412056858297,0.223914764336581,0.0286704594469875,0.0765739542717958,0.244772820756657,,0.0130833333333333,0.0100666666666667,0.0161,0.00603333333333333,0.924289094508948,1.71179622571665e-05,FALSE,0,"XLOC_014600","RUBCNL","PB.3622.4","ENST00000676114.1","j",TRUE
"isoComp_00054086","geneComp_00007255","TCONS_00083803","XLOC_014600","T_minus","T_plus","XLOC_014600","unknown","unknown",16.568644677892,18.5846076072988,14.5526817484852,2.16820833201205,0.863777762235803,-0.352608248470187,,0.83976087357665,0.931046526234991,0.748475220918309,0.142704581010754,0.0304763785696113,-0.311164003958637,,0.0512,0.0503333333333333,0.0520666666666667,0.00173333333333334,0.99000014532024,1.71179622571665e-05,FALSE,0,"XLOC_014600","RUBCNL","PB.3622.5","ENST00000409879.6","j",TRUE
"isoComp_00054087","geneComp_00007255","TCONS_00084216","XLOC_014600","T_minus","T_plus","XLOC_014600","unknown","unknown",16.568644677892,18.5846076072988,14.5526817484852,2.16820833201205,0.863777762235803,-0.352608248470187,,0.923555627038311,1.03735542417387,0.809755829902755,0.293790223999164,0.208682209385806,-0.353484947721757,,0.0560166666666667,0.0549666666666667,0.0570666666666667,0.0021,0.997789717239361,1.71179622571665e-05,FALSE,0,"XLOC_014600","RUBCNL","PB.4974.1","ENST00000676114.1","c",TRUE
"isoComp_00054088","geneComp_00007255","TCONS_00084217","XLOC_014600","T_minus","T_plus","XLOC_014600","unknown","unknown",16.568644677892,18.5846076072988,14.5526817484852,2.16820833201205,0.863777762235803,-0.352608248470187,,0.257049745995192,0.0815391628936945,0.432560329096689,0.0815391628936945,0.230338174730048,2.27341313044808,,0.0158,0.0036,0.028,0.0244,0.741824768196617,1.71179622571665e-05,FALSE,0,"XLOC_014600","RUBCNL","PB.4974.3","ENST00000676114.1","j",TRUE
"isoComp_00054089","geneComp_00007255","TCONS_00084218","XLOC_014600","T_minus","T_plus","XLOC_014600","unknown","unknown",16.568644677892,18.5846076072988,14.5526817484852,2.16820833201205,0.863777762235803,-0.352608248470187,,4.15424852659195,5.81159256056355,2.49690449262034,0.478418085717066,0.273814772565928,-1.2155068383871,,0.242916666666667,0.315266666666667,0.170566666666667,-0.1447,0.000158897769029887,1.71179622571665e-05,FALSE,0,"XLOC_014600","RUBCNL","PB.4974.12","ENST00000676114.1","j",TRUE
"isoComp_00054090","geneComp_00007255","TCONS_00084219","XLOC_014600","T_minus","T_plus","XLOC_014600","unknown","unknown",16.568644677892,18.5846076072988,14.5526817484852,2.16820833201205,0.863777762235803,-0.352608248470187,,0.848819544184139,0.0475645116879885,1.65007457668029,0.0475645116879885,0.155407742619529,4.84992457451923,,0.0588333333333333,0.0021,0.115566666666667,0.113466666666667,1.71179622571665e-05,1.71179622571665e-05,FALSE,0,"XLOC_014600","RUBCNL","PB.4974.8","ENST00000676114.1","c",TRUE
"isoComp_00054091","geneComp_00007255","TCONS_00084220","XLOC_014600","T_minus","T_plus","XLOC_014600","unknown","unknown",16.568644677892,18.5846076072988,14.5526817484852,2.16820833201205,0.863777762235803,-0.352608248470187,,0.270095908582465,0.54019181716493,0,0.54019181716493,0,-5.78186277793777,,0.01525,0.0305,0,-0.0305,0.948124554896511,1.71179622571665e-05,FALSE,0,"XLOC_014600","RUBCNL","PB.4974.7","ENST00000676114.1","c",TRUE
"isoComp_00054092","geneComp_00007255","TCONS_00084221","XLOC_014600","T_minus","T_plus","XLOC_014600","unknown","unknown",16.568644677892,18.5846076072988,14.5526817484852,2.16820833201205,0.863777762235803,-0.352608248470187,,0.647755692749765,0.647923221822001,0.64758816367753,0.118946937240805,0.110643629278983,-0.00073490315510571,,0.04,0.0353333333333333,0.0446666666666667,0.00933333333333333,0.869566531778925,1.71179622571665e-05,FALSE,1,"XLOC_014600","RUBCNL","PB.4974.14","ENST00000676114.1","j",TRUE
"isoComp_00054093","geneComp_00007255","TCONS_00084222","XLOC_014600","T_minus","T_plus","XLOC_014600","unknown","unknown",16.568644677892,18.5846076072988,14.5526817484852,2.16820833201205,0.863777762235803,-0.352608248470187,,0.15377821559298,0.124301074721103,0.183255356464858,0.0500035349660909,0.122729136191633,0.525037552199713,,0.0100166666666667,0.0063,0.0137333333333333,0.00743333333333333,0.990208514995564,1.71179622571665e-05,TRUE,0,"XLOC_014600","RUBCNL","PB.4974.16","ENST00000676114.1","j",TRUE
"isoComp_00054095","geneComp_00007255","TCONS_00084224","XLOC_014600","T_minus","T_plus","XLOC_014600","unknown","unknown",16.568644677892,18.5846076072988,14.5526817484852,2.16820833201205,0.863777762235803,-0.352608248470187,,1.20512256378093,1.20544504706924,1.20480008049262,0.221271372098964,0.20154323483195,-0.000765758229835939,,0.07515,0.0684333333333333,0.0818666666666667,0.0134333333333333,0.893730048307073,1.71179622571665e-05,FALSE,0,"XLOC_014600","RUBCNL","PB.4974.13","ENST00000676114.1","j",TRUE
"isoComp_00054096","geneComp_00007255","TCONS_00084225","XLOC_014600","T_minus","T_plus","XLOC_014600","unknown","unknown",16.568644677892,18.5846076072988,14.5526817484852,2.16820833201205,0.863777762235803,-0.352608248470187,,2.58598775036948,2.90769342218724,2.26428207855172,0.738242813486849,0.270550209888506,-0.359417097077829,,0.154,0.153466666666667,0.154533333333333,0.00106666666666666,0.97718011580518,1.71179622571665e-05,FALSE,0,"XLOC_014600","RUBCNL","PB.4974.17","ENST00000676114.1","j",TRUE
"isoComp_00054101","geneComp_00007255","TCONS_00084673","XLOC_014600","T_minus","T_plus","XLOC_014600","unknown","unknown",16.568644677892,18.5846076072988,14.5526817484852,2.16820833201205,0.863777762235803,-0.352608248470187,,0.184929337235568,0.158186424892713,0.211672249578423,0.0598650459009735,0.161138186460767,0.398366911573899,,0.0110166666666667,0.00813333333333333,0.0139,0.00576666666666667,1,1.71179622571665e-05,TRUE,0,"XLOC_014600","PPP1R2P4","PB.5357.2","ENST00000424051.1","k",TRUE
"isoComp_00055235","geneComp_00007441","TCONS_00085035","XLOC_015098","T_minus","T_plus","XLOC_015098","unknown","unknown",45.4340289475207,37.133463739043,53.7345941559984,1.73656879600273,2.51663004689013,0.533011292849672,,0.563376516502543,0.374325172608967,0.752427860396119,0.0398710252657246,0.00470904629629366,0.988273365282846,,0.0120833333333333,0.0101,0.0140666666666667,0.00396666666666667,0.801041667289167,0.000127258365957919,FALSE,1,"XLOC_015098","TOX4","ENST00000613005.4","ENST00000613005.4","=",FALSE
"isoComp_00055236","geneComp_00007441","TCONS_00085036","XLOC_015098","T_minus","T_plus","XLOC_015098","unknown","unknown",45.4340289475207,37.133463739043,53.7345941559984,1.73656879600273,2.51663004689013,0.533011292849672,,14.4288559071244,14.329222896288,14.5284889179607,0.158616275547927,0.784816173127073,0.0199104877853793,,0.32905,0.387466666666667,0.270633333333333,-0.116833333333333,0.000127258365957919,0.000127258365957919,FALSE,0,"XLOC_015098","TOX4","ENST00000448790.7","ENST00000448790.7","=",FALSE
"isoComp_00055237","geneComp_00007441","TCONS_00085037","XLOC_015098","T_minus","T_plus","XLOC_015098","unknown","unknown",45.4340289475207,37.133463739043,53.7345941559984,1.73656879600273,2.51663004689013,0.533011292849672,,0.879670716126879,0.800092061879698,0.95924937037406,0.297917288528917,0.0744508772584495,0.258782022246829,,0.0194666666666667,0.0209333333333333,0.018,-0.00293333333333333,0.981027649969986,0.000127258365957919,FALSE,0,"XLOC_015098","TOX4","ENST00000455393.5","ENST00000455393.5","=",FALSE
"isoComp_00055242","geneComp_00007441","TCONS_00085045","XLOC_015098","T_minus","T_plus","XLOC_015098","unknown","unknown",45.4340289475207,37.133463739043,53.7345941559984,1.73656879600273,2.51663004689013,0.533011292849672,,0.496134590989789,0.480671886645911,0.511597295333668,0.290530021812594,0.511597295333668,0.0881777750495776,,0.0113166666666667,0.0130666666666667,0.00956666666666667,-0.0035,0.78255127784192,0.000127258365957919,FALSE,0,"XLOC_015098","TOX4","ENST00000473176.1","ENST00000473176.1","=",FALSE
"isoComp_00055244","geneComp_00007441","TCONS_00093578","XLOC_015098","T_minus","T_plus","XLOC_015098","unknown","unknown",45.4340289475207,37.133463739043,53.7345941559984,1.73656879600273,2.51663004689013,0.533011292849672,,6.9670959814222,2.69746833575075,11.2367236270936,1.05545091601861,0.406249706624525,2.05448840912134,,0.139916666666667,0.0704333333333333,0.2094,0.138966666666667,0.00925911981511998,0.000127258365957919,FALSE,0,"XLOC_015098","TOX4","PB.4791.7","ENST00000613569.4","c",TRUE
"isoComp_00055245","geneComp_00007441","TCONS_00093579","XLOC_015098","T_minus","T_plus","XLOC_015098","unknown","unknown",45.4340289475207,37.133463739043,53.7345941559984,1.73656879600273,2.51663004689013,0.533011292849672,,3.25865580648074,2.3014914424175,4.21582017054399,0.746704923272305,1.17687912813885,0.870407353350025,,0.0689166666666667,0.0604666666666667,0.0773666666666667,0.0169,0.92582993379509,0.000127258365957919,FALSE,0,"XLOC_015098","TOX4","PB.5651.5","ENST00000613569.4","c",TRUE
"isoComp_00055246","geneComp_00007441","TCONS_00093580","XLOC_015098","T_minus","T_plus","XLOC_015098","unknown","unknown",45.4340289475207,37.133463739043,53.7345941559984,1.73656879600273,2.51663004689013,0.533011292849672,,13.2276610733008,11.058022651547,15.3972994950546,1.28854521727664,0.958581229950021,0.477216514876252,,0.293733333333333,0.298,0.289466666666667,-0.00853333333333334,0.967544517440302,0.000127258365957919,FALSE,0,"XLOC_015098","TOX4","PB.4791.11","ENST00000613569.4","c",TRUE
"isoComp_00055248","geneComp_00007441","TCONS_00094401","XLOC_015098","T_minus","T_plus","XLOC_015098","unknown","unknown",45.4340289475207,37.133463739043,53.7345941559984,1.73656879600273,2.51663004689013,0.533011292849672,,0.71367131421788,0.223750472373538,1.20359215606222,0.117440845361976,0.133658783118259,2.37624248042586,,0.0141,0.00583333333333333,0.0223666666666667,0.0165333333333333,0.40584795690166,0.000127258365957919,FALSE,0,"XLOC_015098","TOX4","PB.3783.9","ENST00000613569.4","j",TRUE
"isoComp_00055249","geneComp_00007441","TCONS_00094402","XLOC_015098","T_minus","T_plus","XLOC_015098","unknown","unknown",45.4340289475207,37.133463739043,53.7345941559984,1.73656879600273,2.51663004689013,0.533011292849672,,3.91974884676286,3.62638914083016,4.21310855269556,1.42818393239942,1.54121012556927,0.215798736417183,,0.0884833333333333,0.1006,0.0763666666666667,-0.0242333333333333,0.944728286711193,0.000127258365957919,FALSE,0,"XLOC_015098","TOX4","PB.3783.10","ENST00000613569.4","c",TRUE
"isoComp_00056280","geneComp_00007572","TCONS_00086511","XLOC_015489","T_minus","T_plus","XLOC_015489","unknown","unknown",25.6016375815049,31.8653570532196,19.3379181097902,5.05678651778226,0.362976948434445,-0.720263165782554,,1.53040685855338,2.20941674427433,0.85139697283243,0.664642309619421,0.461838314990651,-1.36543043196974,,0.0556333333333333,0.0665666666666667,0.0447,-0.0218666666666667,0.773455707515258,1.70473529126736e-05,,0,"XLOC_015489","CDKN3","ENST00000555837.5","ENST00000555837.5","=",FALSE
"isoComp_00056281","geneComp_00007572","TCONS_00086512","XLOC_015489","T_minus","T_plus","XLOC_015489","unknown","unknown",25.6016375815049,31.8653570532196,19.3379181097902,5.05678651778226,0.362976948434445,-0.720263165782554,,1.74298209381656,2.15232141951377,1.33364276811934,0.123303820898217,0.439804187604145,-0.686431366881736,,0.06945,0.0701,0.0688,-0.0013,0.975890696013679,1.70473529126736e-05,FALSE,0,"XLOC_015489","CDKN3","ENST00000543789.6","ENST00000543789.6","=",FALSE
"isoComp_00056282","geneComp_00007572","TCONS_00086514","XLOC_015489","T_minus","T_plus","XLOC_015489","unknown","unknown",25.6016375815049,31.8653570532196,19.3379181097902,5.05678651778226,0.362976948434445,-0.720263165782554,,1.8800124449072,2.43533337399907,1.32469151581533,0.538665830525617,0.674272711694746,-0.873524828553823,,0.0723333333333333,0.0748666666666667,0.0698,-0.00506666666666666,0.929316774091415,1.70473529126736e-05,FALSE,0,"XLOC_015489","CDKN3","ENST00000458126.6","ENST00000458126.6","=",FALSE
"isoComp_00056283","geneComp_00007572","TCONS_00086515","XLOC_015489","T_minus","T_plus","XLOC_015489","unknown","unknown",25.6016375815049,31.8653570532196,19.3379181097902,5.05678651778226,0.362976948434445,-0.720263165782554,,1.61977253910178,2.18815287845609,1.05139219974747,0.382052951585148,0.180408849571995,-1.0503338757725,,0.0611666666666667,0.0682666666666667,0.0540666666666667,-0.0142,0.800137267613499,1.70473529126736e-05,FALSE,0,"XLOC_015489","CDKN3","ENST00000556102.6","ENST00000556102.6","=",FALSE
"isoComp_00056286","geneComp_00007572","TCONS_00086519","XLOC_015489","T_minus","T_plus","XLOC_015489","unknown","unknown",25.6016375815049,31.8653570532196,19.3379181097902,5.05678651778226,0.362976948434445,-0.720263165782554,,0.630789914227194,0,1.26157982845439,0,0.513888831152823,6.99047822553466,,0.03295,0,0.0659,0.0659,1.70473529126736e-05,1.70473529126736e-05,FALSE,0,"XLOC_015489","CDKN3","ENST00000556305.1","ENST00000556305.1","=",FALSE
"isoComp_00056287","geneComp_00007572","TCONS_00086520","XLOC_015489","T_minus","T_plus","XLOC_015489","unknown","unknown",25.6016375815049,31.8653570532196,19.3379181097902,5.05678651778226,0.362976948434445,-0.720263165782554,,10.773752367244,15.7039524351561,5.84355229933191,2.65586407882184,0.547168642183769,-1.42466178602028,,0.397833333333333,0.493866666666667,0.3018,-0.192066666666667,0.0358027938425051,1.70473529126736e-05,FALSE,0,"XLOC_015489","CDKN3","ENST00000395577.2","ENST00000395577.2","=",FALSE
"isoComp_00056289","geneComp_00007572","TCONS_00093679","XLOC_015489","T_minus","T_plus","XLOC_015489","unknown","unknown",25.6016375815049,31.8653570532196,19.3379181097902,5.05678651778226,0.362976948434445,-0.720263165782554,,0.476337769911819,0.166778269740573,0.785897270083065,0.161260191186424,0.40782065992025,2.17064128382259,,0.0234166666666667,0.00693333333333333,0.0399,0.0329666666666667,0.705077577980117,1.70473529126736e-05,FALSE,0,"XLOC_015489","CDKN3","PB.4973.5","ENST00000556102.6","j",TRUE
"isoComp_00056291","geneComp_00007572","TCONS_00095039","XLOC_015489","T_minus","T_plus","XLOC_015489","unknown","unknown",25.6016375815049,31.8653570532196,19.3379181097902,5.05678651778226,0.362976948434445,-0.720263165782554,,0.600215721937379,0.883559279655085,0.316872164219674,0.521313548499996,0.17278676004517,-1.45083691702696,,0.0238166666666667,0.0315666666666667,0.0160666666666667,-0.0155,0.973966033405738,1.70473529126736e-05,FALSE,0,"XLOC_015489","CDKN3","PB.5450.4","ENST00000556102.6","j",TRUE
"isoComp_00056292","geneComp_00007572","TCONS_00095040","XLOC_015489","T_minus","T_plus","XLOC_015489","unknown","unknown",25.6016375815049,31.8653570532196,19.3379181097902,5.05678651778226,0.362976948434445,-0.720263165782554,,5.71243485355409,5.3117114446148,6.11315826249338,2.49820404778068,0.662871630952147,0.202385686006926,,0.23865,0.1619,0.3154,0.1535,0.526074782029921,1.70473529126736e-05,FALSE,0,"XLOC_015489","CDKN3","PB.5847.8","ENST00000335183.11","c",TRUE
"isoComp_00056325","geneComp_00007575","TCONS_00086549","XLOC_015494","T_minus","T_plus","XLOC_015494","unknown","unknown",11.5088332649655,11.3182183133123,11.6994482166187,0.400932182311987,0.531651532048014,0.0477521195424195,,2.70269464225833,1.64216744731522,3.76322183720145,0.3323037141133,0.371263288372457,1.19143701087539,,0.233783333333333,0.144033333333333,0.323533333333333,0.1795,0.0309592436720075,0.0309592436720075,FALSE,1,"XLOC_015494","SOCS4","ENST00000395472.2","ENST00000395472.2","=",FALSE
"isoComp_00056326","geneComp_00007575","TCONS_00086550","XLOC_015494","T_minus","T_plus","XLOC_015494","unknown","unknown",11.5088332649655,11.3182183133123,11.6994482166187,0.400932182311987,0.531651532048014,0.0477521195424195,,3.09548946644907,3.02627932354413,3.16469960935401,0.305979679571521,0.288809730973436,0.0643155722020326,,0.269716666666667,0.269966666666667,0.269466666666667,-0.000500000000000056,1,0.0309592436720075,FALSE,1,"XLOC_015494","SOCS4","ENST00000555846.2","ENST00000555846.2","=",FALSE
"isoComp_00056327","geneComp_00007575","TCONS_00086551","XLOC_015494","T_minus","T_plus","XLOC_015494","unknown","unknown",11.5088332649655,11.3182183133123,11.6994482166187,0.400932182311987,0.531651532048014,0.0477521195424195,,0.183869078600276,0.163078325787389,0.204659831413164,0.163078325787389,0.103081630454495,0.310627179149591,,0.01555,0.0138333333333333,0.0172666666666667,0.00343333333333333,0.86826094923666,0.0309592436720075,FALSE,0,"XLOC_015494","SOCS4","ENST00000553735.1","ENST00000553735.1","=",FALSE
"isoComp_00056328","geneComp_00007575","TCONS_00086552","XLOC_015494","T_minus","T_plus","XLOC_015494","unknown","unknown",11.5088332649655,11.3182183133123,11.6994482166187,0.400932182311987,0.531651532048014,0.0477521195424195,,2.27345134275029,3.04184326415366,1.50505942134692,0.422340874082531,0.428426457576332,-1.01030649249392,,0.198533333333333,0.2676,0.129466666666667,-0.138133333333333,0.267114646747474,0.0309592436720075,FALSE,1,"XLOC_015494","SOCS4","ENST00000339298.2","ENST00000339298.2","=",FALSE
"isoComp_00056329","geneComp_00007575","TCONS_00095043","XLOC_015494","T_minus","T_plus","XLOC_015494","unknown","unknown",11.5088332649655,11.3182183133123,11.6994482166187,0.400932182311987,0.531651532048014,0.0477521195424195,,3.21606377982219,3.37032004234119,3.06180751730318,0.144920664111737,0.346658606014002,-0.138072026526536,,0.279216666666667,0.2982,0.260233333333333,-0.0379666666666666,0.798191615210555,0.0309592436720075,FALSE,0,"XLOC_015494","SOCS4","PB.5461.3","ENST00000555846.2","j",TRUE
"isoComp_00057383","geneComp_00007691","TCONS_00087642","XLOC_015706","T_minus","T_plus","XLOC_015706","unknown","unknown",68.7273503985818,58.3973520499559,79.0573487472078,4.08517535381304,2.78489294441448,0.436932069243519,,5.42731257212904,6.80291308169299,4.0517120625651,2.36428190909062,0.586184010639705,-0.746183831497163,,0.086,0.120166666666667,0.0518333333333333,-0.0683333333333333,0.508591507200978,9.81373998389333e-30,FALSE,0,"XLOC_015706","JDP2","ENST00000419727.6","ENST00000419727.6","=",FALSE
"isoComp_00057384","geneComp_00007691","TCONS_00087644","XLOC_015706","T_minus","T_plus","XLOC_015706","unknown","unknown",68.7273503985818,58.3973520499559,79.0573487472078,4.08517535381304,2.78489294441448,0.436932069243519,,1.41109638518073,1.5563975057256,1.26579526463586,0.0908634075443555,0.0360006484229721,-0.296053543966436,,0.0213833333333333,0.0267333333333333,0.0160333333333333,-0.0107,0.153647543772429,9.81373998389333e-30,FALSE,0,"XLOC_015706","JDP2","ENST00000651602.1","ENST00000651602.1","=",FALSE
"isoComp_00057385","geneComp_00007691","TCONS_00087645","XLOC_015706","T_minus","T_plus","XLOC_015706","unknown","unknown",68.7273503985818,58.3973520499559,79.0573487472078,4.08517535381304,2.78489294441448,0.436932069243519,,2.67514070869889,2.05938452466117,3.29089689273662,0.225230629672481,0.935177893822015,0.673656329182329,,0.0382166666666667,0.0354,0.0410333333333333,0.00563333333333333,0.982575039065785,9.81373998389333e-30,,0,"XLOC_015706","JDP2","ENST00000558068.1","ENST00000558068.1","=",FALSE
"isoComp_00057387","geneComp_00007691","TCONS_00087647","XLOC_015706","T_minus","T_plus","XLOC_015706","unknown","unknown",68.7273503985818,58.3973520499559,79.0573487472078,4.08517535381304,2.78489294441448,0.436932069243519,,44.2246523298313,43.6151374303215,44.834167229341,4.78150307786063,1.09657210395885,0.0397606733601632,,0.6558,0.743766666666667,0.567833333333333,-0.175933333333333,0.0103767229149862,9.81373998389333e-30,FALSE,0,"XLOC_015706","JDP2","ENST00000267569.5","ENST00000267569.5","=",FALSE
"isoComp_00057388","geneComp_00007691","TCONS_00094523","XLOC_015706","T_minus","T_plus","XLOC_015706","unknown","unknown",68.7273503985818,58.3973520499559,79.0573487472078,4.08517535381304,2.78489294441448,0.436932069243519,,1.40459966845685,0.763755085594205,2.0454442513195,0.087008101876688,0.141189670260913,1.40950135126116,,0.0194833333333333,0.0130666666666667,0.0259,0.0128333333333333,0.0786181370582263,9.81373998389333e-30,FALSE,0,"XLOC_015706","JDP2","PB.4081.1","ENST00000435893.6","j",TRUE
"isoComp_00057389","geneComp_00007691","TCONS_00094524","XLOC_015706","T_minus","T_plus","XLOC_015706","unknown","unknown",68.7273503985818,58.3973520499559,79.0573487472078,4.08517535381304,2.78489294441448,0.436932069243519,,13.3411802921301,3.41660244323462,23.2657581410255,0.54457716234849,2.25006562760169,2.76397743598929,,0.17565,0.0578,0.2935,0.2357,9.81373998389333e-30,9.81373998389333e-30,FALSE,0,"XLOC_015706","JDP2","PB.6034.1","ENST00000559773.5","c",TRUE
"isoComp_00057905","geneComp_00007750","TCONS_00088248","XLOC_015829","T_minus","T_plus","XLOC_015829","unknown","unknown",40.8692355759913,30.9686239383912,50.7698472135914,4.46215036097404,3.40891825080375,0.712982992761044,,19.7173941623255,9.88166179938274,29.5531265252682,0.67392178821634,1.27831301676287,1.57951403426097,,0.458883333333333,0.328166666666667,0.5896,0.261433333333333,0.00347338181200366,0.00108793886458013,FALSE,1,"XLOC_015829","RIN3","ENST00000216487.12","ENST00000216487.12","=",FALSE
"isoComp_00057906","geneComp_00007750","TCONS_00088249","XLOC_015829","T_minus","T_plus","XLOC_015829","unknown","unknown",40.8692355759913,30.9686239383912,50.7698472135914,4.46215036097404,3.40891825080375,0.712982992761044,,0.528165751411426,0.331476347296236,0.724855155526615,0.0738705279197627,0.179056138143317,1.1056742616512,,0.0129,0.0117333333333333,0.0140666666666667,0.00233333333333333,0.941195368720082,0.00108793886458013,TRUE,1,"XLOC_015829","RIN3","ENST00000555589.5","ENST00000555589.5","=",FALSE
"isoComp_00057907","geneComp_00007750","TCONS_00088250","XLOC_015829","T_minus","T_plus","XLOC_015829","unknown","unknown",40.8692355759913,30.9686239383912,50.7698472135914,4.46215036097404,3.40891825080375,0.712982992761044,,4.30530400578334,5.66432118195524,2.94628682961145,0.853978502498158,1.95181109942811,-0.940661561620611,,0.118633333333333,0.182966666666667,0.0543,-0.128666666666667,0.431691315263387,0.00108793886458013,FALSE,0,"XLOC_015829","RIN3","ENST00000620541.4","ENST00000620541.4","=",FALSE
"isoComp_00057908","geneComp_00007750","TCONS_00088251","XLOC_015829","T_minus","T_plus","XLOC_015829","unknown","unknown",40.8692355759913,30.9686239383912,50.7698472135914,4.46215036097404,3.40891825080375,0.712982992761044,,1.16269558470836,0.394286093466275,1.93110507595044,0.0777187009288565,0.268628217382129,2.26342973206474,,0.0254166666666667,0.0131333333333333,0.0377,0.0245666666666667,0.0255389099050139,0.00108793886458013,FALSE,0,"XLOC_015829","RIN3","ENST00000557762.1","ENST00000557762.1","=",FALSE
"isoComp_00057910","geneComp_00007750","TCONS_00088253","XLOC_015829","T_minus","T_plus","XLOC_015829","unknown","unknown",40.8692355759913,30.9686239383912,50.7698472135914,4.46215036097404,3.40891825080375,0.712982992761044,,9.68440934460897,11.606048500139,7.76277018907889,2.94021847047116,1.66857540255889,-0.57961861506175,,0.25585,0.3616,0.1501,-0.2115,0.00108793886458013,0.00108793886458013,FALSE,1,"XLOC_015829","RIN3","ENST00000418924.6","ENST00000418924.6","=",FALSE
"isoComp_00057911","geneComp_00007750","TCONS_00088255","XLOC_015829","T_minus","T_plus","XLOC_015829","unknown","unknown",40.8692355759913,30.9686239383912,50.7698472135914,4.46215036097404,3.40891825080375,0.712982992761044,,1.05533373171181,0.313405468858266,1.79726199456535,0.116135753924662,0.323097036976485,2.4823896850822,,0.0222833333333333,0.0096,0.0349666666666667,0.0253666666666667,0.0112500400855658,0.00108793886458013,FALSE,0,"XLOC_015829","RIN3","ENST00000555891.1","ENST00000555891.1","=",FALSE
"isoComp_00057912","geneComp_00007750","TCONS_00088256","XLOC_015829","T_minus","T_plus","XLOC_015829","unknown","unknown",40.8692355759913,30.9686239383912,50.7698472135914,4.46215036097404,3.40891825080375,0.712982992761044,,1.35457898128455,0.774660744545375,1.93449721802373,0.1096279574464,0.204387332222176,1.30925623957183,,0.0324166666666667,0.0262666666666667,0.0385666666666667,0.0123,0.738978504587519,0.00108793886458013,FALSE,0,"XLOC_015829","RIN3","ENST00000554888.1","ENST00000554888.1","=",FALSE
"isoComp_00057913","geneComp_00007750","TCONS_00088258","XLOC_015829","T_minus","T_plus","XLOC_015829","unknown","unknown",40.8692355759913,30.9686239383912,50.7698472135914,4.46215036097404,3.40891825080375,0.712982992761044,,2.00756085139989,1.30752486926804,2.70759683353174,0.0828309468095279,0.201360653491417,1.04450124827437,,0.0487,0.0441333333333333,0.0532666666666667,0.00913333333333334,0.833122815621873,0.00108793886458013,FALSE,1,"XLOC_015829","RIN3","ENST00000556418.1","ENST00000556418.1","=",FALSE
"isoComp_00057914","geneComp_00007750","TCONS_00088259","XLOC_015829","T_minus","T_plus","XLOC_015829","unknown","unknown",40.8692355759913,30.9686239383912,50.7698472135914,4.46215036097404,3.40891825080375,0.712982992761044,,1.03022006990788,0.695238933479978,1.36520120633579,0.146409614303421,0.226845930570498,0.96345868795776,,0.0244333333333333,0.0223,0.0265666666666667,0.00426666666666667,0.902550685932205,0.00108793886458013,FALSE,0,"XLOC_015829","RIN3","ENST00000553959.1","ENST00000553959.1","=",FALSE
"isoComp_00059363","geneComp_00007896","TCONS_00090167","XLOC_016207","T_minus","T_plus","XLOC_016207","unknown","unknown",5.06194763379439,8.82453304566023,1.29936222192855,1.22088808260204,0.167956255254243,-2.75428962269984,,0.137201761906043,0.258760067255739,0.0156434565563463,0.0743355242482729,0.0156434565563463,-3.38965615115433,,0.0201666666666667,0.0296666666666667,0.0106666666666667,-0.019,0.800328596685133,3.8268533871402e-08,FALSE,0,"XLOC_016207","CEBPE","ENST00000696121.1","ENST00000696121.1","=",FALSE
"isoComp_00059364","geneComp_00007896","TCONS_00090168","XLOC_016207","T_minus","T_plus","XLOC_016207","unknown","unknown",5.06194763379439,8.82453304566023,1.29936222192855,1.22088808260204,0.167956255254243,-2.75428962269984,,3.55727399877103,5.86419427316988,1.25035372437219,1.03062720736363,0.144225044042919,-2.22056228980898,,0.812683333333333,0.658766666666667,0.9666,0.307833333333333,3.8268533871402e-08,3.8268533871402e-08,FALSE,0,"XLOC_016207","CEBPE","ENST00000206513.6","ENST00000206513.6","=",FALSE
"isoComp_00059365","geneComp_00007896","TCONS_00090169","XLOC_016207","T_minus","T_plus","XLOC_016207","unknown","unknown",5.06194763379439,8.82453304566023,1.29936222192855,1.22088808260204,0.167956255254243,-2.75428962269984,,1.36747187311732,2.70157870523461,0.0333650410000218,0.198998034096039,0.0333650410000218,-5.9664567622929,,0.167133333333333,0.311533333333333,0.0227333333333333,-0.2888,1.68415323611959e-05,3.8268533871402e-08,FALSE,0,"XLOC_016207","CEBPE","ENST00000696122.1","ENST00000696122.1","=",FALSE
"isoComp_00059949","geneComp_00007944","TCONS_00090765","XLOC_016311","T_minus","T_plus","XLOC_016311","unknown","unknown",58.4808674729677,55.0869680334866,61.8747669124489,1.87690860118369,2.67658612149016,0.167611400220753,,1.4204242926836,1.35790730399309,1.48294128137412,0.392476072636382,0.19801000757887,0.126186954638059,,0.0241666666666667,0.0242666666666667,0.0240666666666667,-0.000199999999999999,0.992224882376922,0.0400227860655008,,0,"XLOC_016311","PPP2R3C","ENST00000555614.5","ENST00000555614.5","=",FALSE
"isoComp_00059960","geneComp_00007944","TCONS_00094141","XLOC_016311","T_minus","T_plus","XLOC_016311","unknown","unknown",58.4808674729677,55.0869680334866,61.8747669124489,1.87690860118369,2.67658612149016,0.167611400220753,,0.620562262013274,0.288271462530433,0.952853061496115,0.150872030443635,0.170604585815177,1.69068969617738,,0.0103,0.0052,0.0154,0.0102,0.631699291238602,0.0400227860655008,TRUE,2,"XLOC_016311","PPP2R3C","PB.4890.7","ENST00000554222.5","n",TRUE
"isoComp_00059964","geneComp_00007944","TCONS_00094145","XLOC_016311","T_minus","T_plus","XLOC_016311","unknown","unknown",58.4808674729677,55.0869680334866,61.8747669124489,1.87690860118369,2.67658612149016,0.167611400220753,,1.74136344507524,2.14213618679838,1.3405907033521,0.246226049722257,0.448804886431255,-0.672178842249253,,0.0303833333333333,0.0387666666666667,0.022,-0.0167666666666667,0.573874582244056,0.0400227860655008,FALSE,0,"XLOC_016311","PPP2R3C","PB.4890.11","ENST00000554222.5","j",TRUE
"isoComp_00059967","geneComp_00007944","TCONS_00094702","XLOC_016311","T_minus","T_plus","XLOC_016311","unknown","unknown",58.4808674729677,55.0869680334866,61.8747669124489,1.87690860118369,2.67658612149016,0.167611400220753,,4.78687377404503,4.18564471100197,5.38810283708808,1.22072847922427,2.27715846250182,0.363559946218915,,0.08315,0.0769333333333333,0.0893666666666667,0.0124333333333334,0.993041813401932,0.0400227860655008,FALSE,0,"XLOC_016311","PPP2R3C","PB.5751.10","ENST00000554222.5","c",TRUE
"isoComp_00059968","geneComp_00007944","TCONS_00094703","XLOC_016311","T_minus","T_plus","XLOC_016311","unknown","unknown",58.4808674729677,55.0869680334866,61.8747669124489,1.87690860118369,2.67658612149016,0.167611400220753,,0.707019561261736,0.327821676633872,1.0862174458896,0.327821676633872,1.0862174458896,1.6982001918764,,0.0122833333333333,0.00613333333333333,0.0184333333333333,0.0123,0.99953587709918,0.0400227860655008,FALSE,0,"XLOC_016311","PPP2R3C","PB.3861.5","ENST00000554222.5","c",TRUE
"isoComp_00059969","geneComp_00007944","TCONS_00095473","XLOC_016311","T_minus","T_plus","XLOC_016311","unknown","unknown",58.4808674729677,55.0869680334866,61.8747669124489,1.87690860118369,2.67658612149016,0.167611400220753,,1.05723294451315,1.18545910335879,0.929006785667519,0.482542746751925,0.46585109635327,-0.348357287748963,,0.0181833333333333,0.0216333333333333,0.0147333333333333,-0.0069,0.915835142653302,0.0400227860655008,TRUE,0,"XLOC_016311","PPP2R3C","PB.5360.5","ENST00000554222.5","j",TRUE
"isoComp_00059970","geneComp_00007944","TCONS_00095475","XLOC_016311","T_minus","T_plus","XLOC_016311","unknown","unknown",58.4808674729677,55.0869680334866,61.8747669124489,1.87690860118369,2.67658612149016,0.167611400220753,,1.76307690990207,1.03630347042744,2.48985034937671,0.659647129074608,0.700455140583531,1.25654037988472,,0.0294333333333333,0.0190666666666667,0.0398,0.0207333333333333,0.688151722136952,0.0400227860655008,FALSE,0,"XLOC_016311","PPP2R3C","PB.5360.9","ENST00000554222.5","j",TRUE
"isoComp_00059972","geneComp_00007944","TCONS_00095477","XLOC_016311","T_minus","T_plus","XLOC_016311","unknown","unknown",58.4808674729677,55.0869680334866,61.8747669124489,1.87690860118369,2.67658612149016,0.167611400220753,,2.83191858510716,2.39249815856574,3.27133901164859,1.68185368390805,0.754376600446094,0.449749328420337,,0.0486666666666667,0.0450666666666667,0.0522666666666667,0.0072,0.879631599572351,0.0400227860655008,FALSE,0,"XLOC_016311","PPP2R3C","PB.5360.13","ENST00000554222.5","c",TRUE
"isoComp_00059974","geneComp_00007944","TCONS_00095479","XLOC_016311","T_minus","T_plus","XLOC_016311","unknown","unknown",58.4808674729677,55.0869680334866,61.8747669124489,1.87690860118369,2.67658612149016,0.167611400220753,,9.96282038107958,9.97657633205084,9.94906443010833,1.57154023908119,1.25631377000147,-0.00397994831485155,,0.1697,0.179666666666667,0.159733333333333,-0.0199333333333333,0.91930545211099,0.0400227860655008,FALSE,0,"XLOC_016311","PPP2R3C","PB.5360.18","ENST00000261475.10","c",TRUE
"isoComp_00059977","geneComp_00007944","TCONS_00095484","XLOC_016311","T_minus","T_plus","XLOC_016311","unknown","unknown",58.4808674729677,55.0869680334866,61.8747669124489,1.87690860118369,2.67658612149016,0.167611400220753,,8.74994785175603,12.4315975952024,5.06829810830969,1.00600290082388,1.74387065574339,-1.29275475806322,,0.153733333333333,0.227366666666667,0.0801,-0.147266666666667,0.0400227860655008,0.0400227860655008,FALSE,0,"XLOC_016311","PPP2R3C","PB.5751.14","ENST00000554222.5","c",TRUE
"isoComp_00059978","geneComp_00007944","TCONS_00095485","XLOC_016311","T_minus","T_plus","XLOC_016311","unknown","unknown",58.4808674729677,55.0869680334866,61.8747669124489,1.87690860118369,2.67658612149016,0.167611400220753,,0.619085030214952,0.631986118871486,0.606183941558418,0.631986118871486,0.606183941558418,-0.0591810188740404,,0.0110166666666667,0.0118333333333333,0.0102,-0.00163333333333333,0.99953587709918,0.0400227860655008,FALSE,0,"XLOC_016311","PPP2R3C","PB.5360.25","ENST00000554222.5","j",TRUE
"isoComp_00059979","geneComp_00007944","TCONS_00095486","XLOC_016311","T_minus","T_plus","XLOC_016311","unknown","unknown",58.4808674729677,55.0869680334866,61.8747669124489,1.87690860118369,2.67658612149016,0.167611400220753,,1.21844113704124,1.82489907812151,0.61198319596097,0.63044499866959,0.421332903944891,-1.56075320622245,,0.02125,0.0324666666666667,0.0100333333333333,-0.0224333333333333,0.596673444931733,0.0400227860655008,FALSE,0,"XLOC_016311","PPP2R3C","PB.5751.7","ENST00000554222.5","c",TRUE
"isoComp_00059983","geneComp_00007944","TCONS_00095493","XLOC_016311","T_minus","T_plus","XLOC_016311","unknown","unknown",58.4808674729677,55.0869680334866,61.8747669124489,1.87690860118369,2.67658612149016,0.167611400220753,,2.23799218605653,2.55697229608265,1.9190120760304,0.224366440408843,0.643990208064072,-0.412205550788365,,0.0390166666666667,0.0467666666666667,0.0312666666666667,-0.0155,0.75053688986563,0.0400227860655008,FALSE,0,"XLOC_016311","PPP2R3C","PB.5360.38","ENST00000554222.5","j",TRUE
"isoComp_00059985","geneComp_00007944","TCONS_00096123","XLOC_016311","T_minus","T_plus","XLOC_016311","unknown","unknown",58.4808674729677,55.0869680334866,61.8747669124489,1.87690860118369,2.67658612149016,0.167611400220753,,6.70632205342396,2.82566892502624,10.5869751818217,1.43723134622831,2.39904769289145,1.90189151081457,,0.110816666666667,0.0501666666666667,0.171466666666667,0.1213,0.670382293999304,0.0400227860655008,FALSE,0,"XLOC_016311","PPP2R3C","PB.5751.11","ENST00000554222.5","c",TRUE
"isoComp_00059987","geneComp_00007944","TCONS_00096125","XLOC_016311","T_minus","T_plus","XLOC_016311","unknown","unknown",58.4808674729677,55.0869680334866,61.8747669124489,1.87690860118369,2.67658612149016,0.167611400220753,,6.57754349528411,5.43279330242153,7.72229368814668,2.30188472925034,3.34772431638112,0.506549186293769,,0.110266666666667,0.0964,0.124133333333333,0.0277333333333333,0.968704878908587,0.0400227860655008,FALSE,0,"XLOC_016311","PPP2R3C","PB.5751.20","ENST00000554222.5","c",TRUE
"isoComp_00059991","geneComp_00007944","TCONS_00096131","XLOC_016311","T_minus","T_plus","XLOC_016311","unknown","unknown",58.4808674729677,55.0869680334866,61.8747669124489,1.87690860118369,2.67658612149016,0.167611400220753,,1.20988471662831,1.08367266452373,1.33609676873289,0.743497771280124,0.362035817348828,0.299601121601208,,0.0206666666666667,0.0199666666666667,0.0213666666666667,0.0014,0.90110095720633,0.0400227860655008,FALSE,0,"XLOC_016311","PPP2R3C","PB.5751.33","ENST00000554222.5","c",TRUE
"isoComp_00060395","geneComp_00008004","TCONS_00091252","XLOC_016460","T_minus","T_plus","XLOC_016460","unknown","unknown",1.29922843021447,1.28281940972172,1.31563745070721,0.408409515827628,0.128530596220607,0.036165502717995,,0.346706995569619,0.253319176865067,0.44009481427417,0.131941668170736,0.44009481427417,0.773416349925712,,0.249616666666667,0.218933333333333,0.2803,0.0613666666666667,0.865655557536955,0.0181046440268268,FALSE,0,"XLOC_016460","BMP4","PB.5446.12","ENST00000559087.5","=",TRUE
"isoComp_00060396","geneComp_00008004","TCONS_00091253","XLOC_016460","T_minus","T_plus","XLOC_016460","unknown","unknown",1.29922843021447,1.28281940972172,1.31563745070721,0.408409515827628,0.128530596220607,0.036165502717995,,0.229308289368046,0.147514093313509,0.311102485422584,0.0944276654274416,0.126950975151197,1.02755291482282,,0.1746,0.0938666666666667,0.255333333333333,0.161466666666667,0.760893371802635,0.0181046440268268,FALSE,1,"XLOC_016460","BMP4","PB.5845.6","ENST00000245451.9","=",TRUE
"isoComp_00060397","geneComp_00008004","TCONS_00091254","XLOC_016460","T_minus","T_plus","XLOC_016460","unknown","unknown",1.29922843021447,1.28281940972172,1.31563745070721,0.408409515827628,0.128530596220607,0.036165502717995,,0.0998781407982427,0.199756281596485,0,0.0568845385548528,0,-4.39064211076057,,0.08025,0.1605,0,-0.1605,0.0181046440268268,0.0181046440268268,FALSE,0,"XLOC_016460","BMP4","ENST00000417573.5","ENST00000417573.5","=",FALSE
"isoComp_00060398","geneComp_00008004","TCONS_00091260","XLOC_016460","T_minus","T_plus","XLOC_016460","unknown","unknown",1.29922843021447,1.28281940972172,1.31563745070721,0.408409515827628,0.128530596220607,0.036165502717995,,0.0230886185773994,0.0461772371547987,0,0.0235963829195797,0,-2.4899856732168,,0.0264,0.0528,0,-0.0528,0.786461083259514,0.0181046440268268,FALSE,0,"XLOC_016460","BMP4","ENST00000558489.1","ENST00000558489.1","=",FALSE
"isoComp_00060399","geneComp_00008004","TCONS_00095544","XLOC_016460","T_minus","T_plus","XLOC_016460","unknown","unknown",1.29922843021447,1.28281940972172,1.31563745070721,0.408409515827628,0.128530596220607,0.036165502717995,,0.102081256485166,0.132179655979505,0.0719828569908275,0.0667141034846987,0.041738320283131,-0.794320877307385,,0.0802833333333333,0.103733333333333,0.0568333333333333,-0.0469,0.936901116052932,0.0181046440268268,FALSE,1,"XLOC_016460","BMP4","PB.5446.3","ENST00000245451.9","j",TRUE
"isoComp_00060400","geneComp_00008004","TCONS_00095545","XLOC_016460","T_minus","T_plus","XLOC_016460","unknown","unknown",1.29922843021447,1.28281940972172,1.31563745070721,0.408409515827628,0.128530596220607,0.036165502717995,,0.075683430732917,0.0475645116879885,0.103802349777846,0.0475645116879885,0.103802349777846,0.98327877196855,,0.0562,0.0226666666666667,0.0897333333333333,0.0670666666666667,0.997967953206844,0.0181046440268268,FALSE,0,"XLOC_016460","BMP4","PB.5845.11","ENST00000245451.9","j",TRUE
"isoComp_00060403","geneComp_00008004","TCONS_00095549","XLOC_016460","T_minus","T_plus","XLOC_016460","unknown","unknown",1.29922843021447,1.28281940972172,1.31563745070721,0.408409515827628,0.128530596220607,0.036165502717995,,0.088788842839875,0.0628990472041357,0.114678638475614,0.0628990472041357,0.0594870655671336,0.774242441884021,,0.08395,0.0717333333333333,0.0961666666666667,0.0244333333333333,0.879844983388642,0.0181046440268268,FALSE,0,"XLOC_016460","BMP4","PB.5446.13","ENST00000245451.9","j",TRUE
"isoComp_00060404","geneComp_00008004","TCONS_00096170","XLOC_016460","T_minus","T_plus","XLOC_016460","unknown","unknown",1.29922843021447,1.28281940972172,1.31563745070721,0.408409515827628,0.128530596220607,0.036165502717995,,0.30881161436076,0.359506195541807,0.258117033179714,0.208915593138262,0.258117033179714,-0.462735679306352,,0.23105,0.250566666666667,0.211533333333333,-0.0390333333333333,0.801314398712806,0.0181046440268268,FALSE,0,"XLOC_016460","BMP4","PB.5845.8","ENST00000245451.9","j",TRUE
"isoComp_00060715","geneComp_00008062","TCONS_00091642","XLOC_016570","T_minus","T_plus","XLOC_016570","unknown","unknown",3.25615378346304,4.28017394453885,2.23213362238722,0.926796028094963,0.167036568525535,-0.936163883108971,,1.40612194372589,1.60970643313804,1.20253745431374,0.231617346835281,0.0845924256641839,-0.417703041031996,,0.464083333333333,0.388166666666667,0.54,0.151833333333333,0.320671978208397,0.00226910557949053,FALSE,0,"XLOC_016570","FUT8-AS1","ENST00000621019.2","ENST00000621019.2","=",FALSE
"isoComp_00060716","geneComp_00008062","TCONS_00095595","XLOC_016570","T_minus","T_plus","XLOC_016570","unknown","unknown",3.25615378346304,4.28017394453885,2.23213362238722,0.926796028094963,0.167036568525535,-0.936163883108971,,0.675295140182897,0.720532242439438,0.630058037926357,0.131637473925863,0.0674835127126121,-0.190745219654407,,0.2262,0.171333333333333,0.281066666666667,0.109733333333333,0.379374472093376,0.00226910557949053,,0,"XLOC_016570","FUT8-AS1","PB.5535.1","ENST00000621019.2","o",TRUE
"isoComp_00060717","geneComp_00008062","TCONS_00095596","XLOC_016570","T_minus","T_plus","XLOC_016570","unknown","unknown",3.25615378346304,4.28017394453885,2.23213362238722,0.926796028094963,0.167036568525535,-0.936163883108971,,1.17473669955425,1.94993526896137,0.399538130147129,0.584596539616883,0.0403203588496103,-2.25873632134464,,0.309716666666667,0.440533333333333,0.1789,-0.261633333333333,0.00226910557949053,0.00226910557949053,FALSE,0,"XLOC_016570","FUT8-AS1","PB.5535.2","ENST00000621019.2","c",TRUE
"isoComp_00060757","geneComp_00008072","TCONS_00091686","XLOC_016586","T_minus","T_plus","XLOC_016586","unknown","unknown",12.714877628459,14.7341614636244,10.6955937932936,0.835948825125449,0.162191044174142,-0.461778957113321,,5.51603837764539,6.4931168084778,4.53895994681297,0.218080945632205,0.628518428484703,-0.515594605702705,,0.432583333333333,0.441966666666667,0.4232,-0.0187666666666667,0.988516765947525,0.00395256000906607,FALSE,0,"XLOC_016586","PIGH","PB.4013.1","ENST00000216452.9","=",TRUE
"isoComp_00060758","geneComp_00008072","TCONS_00091687","XLOC_016586","T_minus","T_plus","XLOC_016586","unknown","unknown",12.714877628459,14.7341614636244,10.6955937932936,0.835948825125449,0.162191044174142,-0.461778957113321,,0.404867302320812,0.411239039703092,0.398495564938531,0.199163164549496,0.170718414399279,-0.0443187340050748,,0.0320333333333333,0.0270666666666667,0.037,0.00993333333333333,0.934082812968386,0.00395256000906607,FALSE,0,"XLOC_016586","PIGH","ENST00000558987.5","ENST00000558987.5","=",FALSE
"isoComp_00060759","geneComp_00008072","TCONS_00091688","XLOC_016586","T_minus","T_plus","XLOC_016586","unknown","unknown",12.714877628459,14.7341614636244,10.6955937932936,0.835948825125449,0.162191044174142,-0.461778957113321,,1.94159164859809,3.05312810877299,0.830055188423179,0.526151582122509,0.53056584195927,-1.86644969014756,,0.1441,0.209066666666667,0.0791333333333333,-0.129933333333333,0.551963072444231,0.00395256000906607,FALSE,0,"XLOC_016586","PIGH","PB.5948.3","ENST00000559118.1","=",TRUE
"isoComp_00060760","geneComp_00008072","TCONS_00091689","XLOC_016586","T_minus","T_plus","XLOC_016586","unknown","unknown",12.714877628459,14.7341614636244,10.6955937932936,0.835948825125449,0.162191044174142,-0.461778957113321,,0.415725306637146,0.588496710979946,0.242953902294346,0.222161110566247,0.0534264257277982,-1.24246882327706,,0.0306,0.0386333333333333,0.0225666666666667,-0.0160666666666667,0.89376118248197,0.00395256000906607,FALSE,0,"XLOC_016586","PIGH","ENST00000560722.5","ENST00000560722.5","=",FALSE
"isoComp_00060763","geneComp_00008072","TCONS_00091692","XLOC_016586","T_minus","T_plus","XLOC_016586","unknown","unknown",12.714877628459,14.7341614636244,10.6955937932936,0.835948825125449,0.162191044174142,-0.461778957113321,,0.124490312950785,0.0665989911573201,0.182381634744251,0.0665989911573201,0.182381634744251,1.3285737857718,,0.0104333333333333,0.0041,0.0167666666666667,0.0126666666666667,0.990648861933155,0.00395256000906607,TRUE,0,"XLOC_016586","PIGH","ENST00000561303.5","ENST00000561303.5","=",FALSE
"isoComp_00060764","geneComp_00008072","TCONS_00091693","XLOC_016586","T_minus","T_plus","XLOC_016586","unknown","unknown",12.714877628459,14.7341614636244,10.6955937932936,0.835948825125449,0.162191044174142,-0.461778957113321,,0.927043188244966,1.28960279226549,0.564483584224445,0.245039615418089,0.32748767529154,-1.1777331746947,,0.0692,0.0864,0.052,-0.0344,0.82722167896728,0.00395256000906607,TRUE,0,"XLOC_016586","PIGH","ENST00000558001.1","ENST00000558001.1","=",FALSE
"isoComp_00060767","geneComp_00008072","TCONS_00091696","XLOC_016586","T_minus","T_plus","XLOC_016586","unknown","unknown",12.714877628459,14.7341614636244,10.6955937932936,0.835948825125449,0.162191044174142,-0.461778957113321,,0.696657790410209,0.62278319753116,0.770532383289258,0.150133725260797,0.166844358247036,0.302747196979775,,0.0579833333333333,0.0434333333333333,0.0725333333333333,0.0291,0.761978199319848,0.00395256000906607,FALSE,0,"XLOC_016586","PIGH","ENST00000559097.1","ENST00000559097.1","=",FALSE
"isoComp_00060768","geneComp_00008072","TCONS_00095600","XLOC_016586","T_minus","T_plus","XLOC_016586","unknown","unknown",12.714877628459,14.7341614636244,10.6955937932936,0.835948825125449,0.162191044174142,-0.461778957113321,,2.32100009031708,1.90406329091653,2.73793688971763,0.232201885583572,0.134866705226506,0.521710335847623,,0.192416666666667,0.128633333333333,0.2562,0.127566666666667,0.00395256000906607,0.00395256000906607,FALSE,0,"XLOC_016586","PIGH","PB.5548.3","ENST00000216452.9","c",TRUE
"isoComp_00060959","geneComp_00008109","TCONS_00091915","XLOC_016653","T_minus","T_plus","XLOC_016653","unknown","unknown",10.6310770535778,12.2751358220905,8.98701828506521,0.830823872601182,0.965061160893313,-0.449394947845463,,1.22363491146483,1.35074332737175,1.09652649555791,0.539517945168584,0.608034044427425,-0.298356964988715,,0.107916666666667,0.105233333333333,0.1106,0.00536666666666666,0.96770994459835,2.59408465201258e-07,FALSE,0,"XLOC_016653","ZFYVE1","ENST00000553891.5","ENST00000553891.5","=",FALSE
"isoComp_00060960","geneComp_00008109","TCONS_00091916","XLOC_016653","T_minus","T_plus","XLOC_016653","unknown","unknown",10.6310770535778,12.2751358220905,8.98701828506521,0.830823872601182,0.965061160893313,-0.449394947845463,,4.22874830108206,4.61748296477455,3.84001363738958,0.75073631669119,0.490138526334612,-0.265364123007071,,0.417833333333333,0.387566666666667,0.4481,0.0605333333333333,0.944294974131356,2.59408465201258e-07,FALSE,1,"XLOC_016653","ZFYVE1","PB.5106.1","ENST00000556143.6","=",TRUE
"isoComp_00060961","geneComp_00008109","TCONS_00091917","XLOC_016653","T_minus","T_plus","XLOC_016653","unknown","unknown",10.6310770535778,12.2751358220905,8.98701828506521,0.830823872601182,0.965061160893313,-0.449394947845463,,0.165616353533886,0.143833252432602,0.18739945463517,0.0773343441583279,0.0733010413233687,0.359750615559418,,0.0166333333333333,0.012,0.0212666666666667,0.00926666666666667,0.875482613953234,2.59408465201258e-07,FALSE,1,"XLOC_016653","ZFYVE1","ENST00000318876.9","ENST00000318876.9","=",FALSE
"isoComp_00060962","geneComp_00008109","TCONS_00091918","XLOC_016653","T_minus","T_plus","XLOC_016653","unknown","unknown",10.6310770535778,12.2751358220905,8.98701828506521,0.830823872601182,0.965061160893313,-0.449394947845463,,0.507581210104774,0,1.01516242020955,0,0.430029217588123,6.67970868903478,,0.0529166666666667,0,0.105833333333333,0.105833333333333,2.59408465201258e-07,2.59408465201258e-07,FALSE,0,"XLOC_016653","ZFYVE1","ENST00000394207.6","ENST00000394207.6","=",FALSE
"isoComp_00060965","geneComp_00008109","TCONS_00091923","XLOC_016653","T_minus","T_plus","XLOC_016653","unknown","unknown",10.6310770535778,12.2751358220905,8.98701828506521,0.830823872601182,0.965061160893313,-0.449394947845463,,0.111086132095903,0.0609757701020774,0.161196494089729,0.0310216534658367,0.0349814234611935,1.27025465458865,,0.0122333333333333,0.0053,0.0191666666666667,0.0138666666666667,0.664443979574248,2.59408465201258e-07,TRUE,0,"XLOC_016653","ZFYVE1","ENST00000554250.1","ENST00000554250.1","=",FALSE
"isoComp_00060966","geneComp_00008109","TCONS_00095615","XLOC_016653","T_minus","T_plus","XLOC_016653","unknown","unknown",10.6310770535778,12.2751358220905,8.98701828506521,0.830823872601182,0.965061160893313,-0.449394947845463,,2.68381403234721,3.40224936895666,1.96537869573776,0.657633064514059,0.538321546490267,-0.788593827544873,,0.242866666666667,0.273,0.212733333333333,-0.0602666666666667,0.769405234809746,2.59408465201258e-07,FALSE,1,"XLOC_016653","ZFYVE1","PB.5591.1","ENST00000556143.6","c",TRUE
"isoComp_00060967","geneComp_00008109","TCONS_00095616","XLOC_016653","T_minus","T_plus","XLOC_016653","unknown","unknown",10.6310770535778,12.2751358220905,8.98701828506521,0.830823872601182,0.965061160893313,-0.449394947845463,,1.56109258786699,2.43420912928848,0.687976046445496,0.44830074190236,0.294545679420111,-1.80811829791578,,0.136766666666667,0.195633333333333,0.0779,-0.117733333333333,0.265107098291816,2.59408465201258e-07,TRUE,0,"XLOC_016653","ZFYVE1","PB.5591.2","ENST00000556143.6","c",TRUE
"isoComp_00061974","geneComp_00008245","TCONS_00093104","XLOC_016918","T_minus","T_plus","XLOC_016918","unknown","unknown",1.83940461986261,2.21448934292163,1.46431989680359,0.271890364284378,0.160583256274251,-0.593424593604736,,0.0789097019529866,0.0615985879741245,0.0962208159318488,0.0205201888321437,0.0129685320547681,0.569063475715544,,0.0485333333333333,0.0290333333333333,0.0680333333333333,0.039,0.805876209066354,0.00527892483732302,TRUE,0,"XLOC_016918","MOK","ENST00000559138.5","ENST00000559138.5","=",FALSE
"isoComp_00061975","geneComp_00008245","TCONS_00093105","XLOC_016918","T_minus","T_plus","XLOC_016918","unknown","unknown",1.83940461986261,2.21448934292163,1.46431989680359,0.271890364284378,0.160583256274251,-0.593424593604736,,0.0749759411816914,0.149951882363383,0,0.080885860007909,0,-3.99956606552374,,0.0305333333333333,0.0610666666666667,0,-0.0610666666666667,0.671724806715266,0.00527892483732302,FALSE,0,"XLOC_016918","MOK","ENST00000559838.5","ENST00000559838.5","=",FALSE
"isoComp_00061976","geneComp_00008245","TCONS_00093106","XLOC_016918","T_minus","T_plus","XLOC_016918","unknown","unknown",1.83940461986261,2.21448934292163,1.46431989680359,0.271890364284378,0.160583256274251,-0.593424593604736,,0.0263578621670741,0,0.0527157243341483,0,0.0322355760114825,2.64882720658027,,0.0160166666666667,0,0.0320333333333333,0.0320333333333333,0.741333838487823,0.00527892483732302,FALSE,0,"XLOC_016918","MOK","ENST00000557823.5","ENST00000557823.5","=",FALSE
"isoComp_00061978","geneComp_00008245","TCONS_00093108","XLOC_016918","T_minus","T_plus","XLOC_016918","unknown","unknown",1.83940461986261,2.21448934292163,1.46431989680359,0.271890364284378,0.160583256274251,-0.593424593604736,,0.0437894984060209,0.037905633164227,0.0496733636478148,0.00840799324506295,0.0189190680520709,0.316891789862861,,0.0251,0.0184333333333333,0.0317666666666667,0.0133333333333333,0.933639688368008,0.00527892483732302,TRUE,2,"XLOC_016918","MOK","ENST00000521249.1","ENST00000521249.1","=",FALSE
"isoComp_00061979","geneComp_00008245","TCONS_00093109","XLOC_016918","T_minus","T_plus","XLOC_016918","unknown","unknown",1.83940461986261,2.21448934292163,1.46431989680359,0.271890364284378,0.160583256274251,-0.593424593604736,,0.0740737590018153,0.0888318895591473,0.0593156284444832,0.0486121841688969,0.0593156284444832,-0.51179595328675,,0.0412166666666667,0.0473333333333333,0.0351,-0.0122333333333333,0.898261579684423,0.00527892483732302,FALSE,1,"XLOC_016918","MOK","ENST00000521766.5","ENST00000521766.5","=",FALSE
"isoComp_00061981","geneComp_00008245","TCONS_00093112","XLOC_016918","T_minus","T_plus","XLOC_016918","unknown","unknown",1.83940461986261,2.21448934292163,1.46431989680359,0.271890364284378,0.160583256274251,-0.593424593604736,,0.0396845111682119,0.0608328884475227,0.018536133888901,0.0608328884475227,0.018536133888901,-1.31162948426946,,0.0173,0.0236333333333333,0.0109666666666667,-0.0126666666666667,1,0.00527892483732302,FALSE,0,"XLOC_016918","MOK","ENST00000361847.7","ENST00000361847.7","=",FALSE
"isoComp_00061982","geneComp_00008245","TCONS_00093114","XLOC_016918","T_minus","T_plus","XLOC_016918","unknown","unknown",1.83940461986261,2.21448934292163,1.46431989680359,0.271890364284378,0.160583256274251,-0.593424593604736,,0.048029476954633,0,0.096058953909266,0,0.0124523816171869,3.40679451882227,,0.03265,0,0.0653,0.0653,0.133600818324139,0.00527892483732302,FALSE,0,"XLOC_016918","MOK","ENST00000523231.5","ENST00000523231.5","=",FALSE
"isoComp_00061983","geneComp_00008245","TCONS_00093115","XLOC_016918","T_minus","T_plus","XLOC_016918","unknown","unknown",1.83940461986261,2.21448934292163,1.46431989680359,0.271890364284378,0.160583256274251,-0.593424593604736,,0.062611991938495,0.12522398387699,0,0.0798783662028946,0,-3.75727915147557,,0.0278166666666667,0.0556333333333333,0,-0.0556333333333333,0.66967988042019,0.00527892483732302,FALSE,0,"XLOC_016918","MOK","ENST00000524370.5","ENST00000524370.5","=",FALSE
"isoComp_00061984","geneComp_00008245","TCONS_00093116","XLOC_016918","T_minus","T_plus","XLOC_016918","unknown","unknown",1.83940461986261,2.21448934292163,1.46431989680359,0.271890364284378,0.160583256274251,-0.593424593604736,,0.239903961090943,0.236471102502535,0.24333681967935,0.0462020833017358,0.0191503098312443,0.0396382641331105,,0.143083333333333,0.1164,0.169766666666667,0.0533666666666666,0.886997379739065,0.00527892483732302,FALSE,0,"XLOC_016918","MOK","ENST00000522874.5","ENST00000522874.5","=",FALSE
"isoComp_00061985","geneComp_00008245","TCONS_00093117","XLOC_016918","T_minus","T_plus","XLOC_016918","unknown","unknown",1.83940461986261,2.21448934292163,1.46431989680359,0.271890364284378,0.160583256274251,-0.593424593604736,,0.126463733438114,0.118574421021322,0.134353045854906,0.070581414815139,0.0320329584438783,0.166997891657984,,0.0688666666666667,0.0485333333333333,0.0892,0.0406666666666667,0.839067709386742,0.00527892483732302,TRUE,1,"XLOC_016918","MOK","ENST00000518686.5","ENST00000518686.5","=",FALSE
"isoComp_00061986","geneComp_00008245","TCONS_00093118","XLOC_016918","T_minus","T_plus","XLOC_016918","unknown","unknown",1.83940461986261,2.21448934292163,1.46431989680359,0.271890364284378,0.160583256274251,-0.593424593604736,,0.0198240907330707,0,0.0396481814661415,0,0.0396481814661415,2.31174087509851,,0.0171833333333333,0,0.0343666666666667,0.0343666666666667,0.935216253469908,0.00527892483732302,FALSE,0,"XLOC_016918","MOK","ENST00000522867.1","ENST00000522867.1","=",FALSE
"isoComp_00061987","geneComp_00008245","TCONS_00093120","XLOC_016918","T_minus","T_plus","XLOC_016918","unknown","unknown",1.83940461986261,2.21448934292163,1.46431989680359,0.271890364284378,0.160583256274251,-0.593424593604736,,0.141848837601084,0.193316167942957,0.0903815072592117,0.111807576877296,0.050859663936301,-1.01823143068361,,0.0835333333333333,0.1017,0.0653666666666667,-0.0363333333333333,0.991800374320754,0.00527892483732302,FALSE,1,"XLOC_016918","MOK","ENST00000519058.5","ENST00000519058.5","=",FALSE
"isoComp_00061989","geneComp_00008245","TCONS_00093122","XLOC_016918","T_minus","T_plus","XLOC_016918","unknown","unknown",1.83940461986261,2.21448934292163,1.46431989680359,0.271890364284378,0.160583256274251,-0.593424593604736,,0.472028329874555,0.688364156899778,0.255692502849333,0.305298231001276,0.0283302874704602,-1.39422199614877,,0.235966666666667,0.2903,0.181633333333333,-0.108666666666667,0.808666817321987,0.00527892483732302,FALSE,1,"XLOC_016918","MOK","ENST00000521937.1","ENST00000521937.1","=",FALSE
"isoComp_00061990","geneComp_00008245","TCONS_00093124","XLOC_016918","T_minus","T_plus","XLOC_016918","unknown","unknown",1.83940461986261,2.21448934292163,1.46431989680359,0.271890364284378,0.160583256274251,-0.593424593604736,,0.0443993274382134,0.0887986548764268,0,0.0887986548764268,0,-3.30449139994438,,0.0186,0.0372,0,-0.0372,0.964427700092231,0.00527892483732302,FALSE,0,"XLOC_016918","MOK","ENST00000522537.5","ENST00000522537.5","=",FALSE
"isoComp_00061992","geneComp_00008245","TCONS_00093129","XLOC_016918","T_minus","T_plus","XLOC_016918","unknown","unknown",1.83940461986261,2.21448934292163,1.46431989680359,0.271890364284378,0.160583256274251,-0.593424593604736,,0.0499492433679901,0.0998984867359802,0,0.0998984867359802,0,-3.45809961590128,,0.0209333333333333,0.0418666666666667,0,-0.0418666666666667,0.963565107783589,0.00527892483732302,TRUE,0,"XLOC_016918","MOK","ENST00000521388.5","ENST00000521388.5","=",FALSE
"isoComp_00061994","geneComp_00008245","TCONS_00093135","XLOC_016918","T_minus","T_plus","XLOC_016918","unknown","unknown",1.83940461986261,2.21448934292163,1.46431989680359,0.271890364284378,0.160583256274251,-0.593424593604736,,0.0277495796488834,0.0554991592977668,0,0.0554991592977668,0,-2.71147638932602,,0.0116333333333333,0.0232666666666667,0,-0.0232666666666667,0.970059777582181,0.00527892483732302,TRUE,0,"XLOC_016918","MOK","ENST00000518482.5","ENST00000518482.5","=",FALSE
"isoComp_00061995","geneComp_00008245","TCONS_00093136","XLOC_016918","T_minus","T_plus","XLOC_016918","unknown","unknown",1.83940461986261,2.21448934292163,1.46431989680359,0.271890364284378,0.160583256274251,-0.593424593604736,,0.0526003378686275,0.0543594419291297,0.0508412338081254,0.0543594419291297,0.0508412338081254,-0.0811024063002231,,0.0325833333333333,0.0323333333333333,0.0328333333333333,5e-04,0.997461757073048,0.00527892483732302,FALSE,0,"XLOC_016918","MOK","ENST00000524019.5","ENST00000524019.5","=",FALSE
"isoComp_00061996","geneComp_00008245","TCONS_00093138","XLOC_016918","T_minus","T_plus","XLOC_016918","unknown","unknown",1.83940461986261,2.21448934292163,1.46431989680359,0.271890364284378,0.160583256274251,-0.593424593604736,,0.129504925920579,0,0.259009851841158,0,0.0818100027728828,4.74958710388531,,0.0863666666666667,0,0.172733333333333,0.172733333333333,0.00527892483732302,0.00527892483732302,TRUE,0,"XLOC_016918","MOK","ENST00000524207.5","ENST00000524207.5","=",FALSE
"isoComp_00063491","geneComp_00008468","TCONS_00098143","XLOC_017584","T_minus","T_plus","XLOC_017584","unknown","unknown",1.59501984493896,1.88371556165435,1.30632412822356,0.265525271817668,0.102735365842735,-0.524704874269836,,0.717725096831773,0.843943839051663,0.591506354611882,0.0939932293701728,0.0628803854606299,-0.5055612130475,,0.457866666666667,0.453166666666667,0.462566666666667,0.00940000000000002,0.9996436546372,0.0261078429542005,FALSE,0,"XLOC_017584","SLC27A2","ENST00000267842.10","ENST00000267842.10","=",FALSE
"isoComp_00063492","geneComp_00008468","TCONS_00098144","XLOC_017584","T_minus","T_plus","XLOC_017584","unknown","unknown",1.59501984493896,1.88371556165435,1.30632412822356,0.265525271817668,0.102735365842735,-0.524704874269836,,0.0318606836314254,0.0441670465674179,0.0195543206954329,0.0441670465674179,0.0195543206954329,-0.874046369991672,,0.0209166666666667,0.0253333333333333,0.0165,-0.00883333333333333,1,0.0261078429542005,FALSE,0,"XLOC_017584","SLC27A2","ENST00000380902.8","ENST00000380902.8","=",FALSE
"isoComp_00063493","geneComp_00008468","TCONS_00098145","XLOC_017584","T_minus","T_plus","XLOC_017584","unknown","unknown",1.59501984493896,1.88371556165435,1.30632412822356,0.265525271817668,0.102735365842735,-0.524704874269836,,0.0152361818337335,0,0.0304723636674671,0,0.0152525032361783,2.01693710776084,,0.0126666666666667,0,0.0253333333333333,0.0253333333333333,0.807743438853842,0.0261078429542005,FALSE,0,"XLOC_017584","SLC27A2","ENST00000544960.1","ENST00000544960.1","=",FALSE
"isoComp_00063494","geneComp_00008468","TCONS_00098146","XLOC_017584","T_minus","T_plus","XLOC_017584","unknown","unknown",1.59501984493896,1.88371556165435,1.30632412822356,0.265525271817668,0.102735365842735,-0.524704874269836,,0.0861664778071112,0.125402585945184,0.0469303696690388,0.0633567435214644,0.0469303696690388,-1.24998491924769,,0.0583166666666667,0.0770333333333333,0.0396,-0.0374333333333333,0.882343056863351,0.0261078429542005,FALSE,0,"XLOC_017584","SLC27A2","ENST00000559938.1","ENST00000559938.1","=",FALSE
"isoComp_00063495","geneComp_00008468","TCONS_00106443","XLOC_017584","T_minus","T_plus","XLOC_017584","unknown","unknown",1.59501984493896,1.88371556165435,1.30632412822356,0.265525271817668,0.102735365842735,-0.524704874269836,,0.372380997381466,0.206197638115473,0.538564356647458,0.0690201906661087,0.120235705973626,1.34331012289909,,0.253833333333333,0.1042,0.403466666666667,0.299266666666667,0.0261078429542005,0.0261078429542005,FALSE,0,"XLOC_017584","SLC27A2","PB.6084.3","ENST00000544960.1","c",TRUE
"isoComp_00063496","geneComp_00008468","TCONS_00106444","XLOC_017584","T_minus","T_plus","XLOC_017584","unknown","unknown",1.59501984493896,1.88371556165435,1.30632412822356,0.265525271817668,0.102735365842735,-0.524704874269836,,0.371650407453449,0.664004451974615,0.079296362932283,0.218928508544176,0.079296362932283,-2.91608480056149,,0.196383333333333,0.340266666666667,0.0525,-0.287766666666667,0.259797129833996,0.0261078429542005,FALSE,0,"XLOC_017584","SLC27A2","PB.6084.4","ENST00000544960.1","c",TRUE
"isoComp_00063718","geneComp_00008498","TCONS_00098351","XLOC_017650","T_minus","T_plus","XLOC_017650","unknown","unknown",26.7007091403916,32.0594497895148,21.3419684912685,0.604317502329938,0.322846026485607,-0.586830520267015,,2.5135286601993,4.39830817558121,0.628749144817398,0.274502574918721,0.332368687855534,-2.78690372359276,,0.08325,0.137466666666667,0.0290333333333333,-0.108433333333333,0.379180789898399,0.000497249837571133,FALSE,0,"XLOC_017650","MYZAP","ENST00000267853.10","ENST00000267853.10","=",FALSE
"isoComp_00063719","geneComp_00008498","TCONS_00098354","XLOC_017650","T_minus","T_plus","XLOC_017650","unknown","unknown",26.7007091403916,32.0594497895148,21.3419684912685,0.604317502329938,0.322846026485607,-0.586830520267015,,0.651855716935332,1.02557193299334,0.278139500877321,0.0638523382289878,0.014399113659421,-1.84558841225934,,0.0225166666666667,0.0319666666666667,0.0130666666666667,-0.0189,0.115569101709435,0.000497249837571133,FALSE,0,"XLOC_017650","GCOM1","ENST00000649429.1","ENST00000649429.1","=",FALSE
"isoComp_00063729","geneComp_00008498","TCONS_00098371","XLOC_017650","T_minus","T_plus","XLOC_017650","unknown","unknown",26.7007091403916,32.0594497895148,21.3419684912685,0.604317502329938,0.322846026485607,-0.586830520267015,,0.616584944747901,0.819854132913219,0.413315756582583,0.203786352570955,0.277081831063734,-0.971123580543503,,0.0222833333333333,0.0254333333333333,0.0191333333333333,-0.0063,0.869566531778925,0.000497249837571133,FALSE,1,"XLOC_017650","POLR2M","ENST00000464277.2","ENST00000464277.2","=",FALSE
"isoComp_00063732","geneComp_00008498","TCONS_00098374","XLOC_017650","T_minus","T_plus","XLOC_017650","unknown","unknown",26.7007091403916,32.0594497895148,21.3419684912685,0.604317502329938,0.322846026485607,-0.586830520267015,,18.5522078155236,19.8189575907501,17.2854580402971,0.229038350854629,0.221287667853603,-0.197215615512764,,0.7145,0.618366666666667,0.810633333333333,0.192266666666667,0.013046454172065,0.000497249837571133,FALSE,0,"XLOC_017650","POLR2M","ENST00000299638.8","ENST00000299638.8","=",FALSE
"isoComp_00063734","geneComp_00008498","TCONS_00098376","XLOC_017650","T_minus","T_plus","XLOC_017650","unknown","unknown",26.7007091403916,32.0594497895148,21.3419684912685,0.604317502329938,0.322846026485607,-0.586830520267015,,0.431917406702498,0.697312451247201,0.166522362157794,0.546988709566027,0.166522362157794,-2.0024966999827,,0.01475,0.0217666666666667,0.00773333333333333,-0.0140333333333333,0.847359956233053,0.000497249837571133,FALSE,0,"XLOC_017650","POLR2M","ENST00000649091.1","ENST00000649091.1","=",FALSE
"isoComp_00063735","geneComp_00008498","TCONS_00098377","XLOC_017650","T_minus","T_plus","XLOC_017650","unknown","unknown",26.7007091403916,32.0594497895148,21.3419684912685,0.604317502329938,0.322846026485607,-0.586830520267015,,0.620638535767951,0.551732890868784,0.689544180667117,0.338032210768628,0.689544180667117,0.316530896840435,,0.0245166666666667,0.0173666666666667,0.0316666666666667,0.0143,0.845521541611922,0.000497249837571133,,0,"XLOC_017650","POLR2M","ENST00000464308.1","ENST00000464308.1","=",FALSE
"isoComp_00063737","geneComp_00008498","TCONS_00105288","XLOC_017650","T_minus","T_plus","XLOC_017650","unknown","unknown",26.7007091403916,32.0594497895148,21.3419684912685,0.604317502329938,0.322846026485607,-0.586830520267015,,2.37912402416542,3.76078813668858,0.997459911642252,0.379085305173835,0.0539284813496257,-1.90414366145951,,0.0819,0.116966666666667,0.0468333333333333,-0.0701333333333333,0.000497249837571133,0.000497249837571133,FALSE,0,"XLOC_017650","MYZAP","PB.5607.4","ENST00000267853.10","c",TRUE
"isoComp_00064919","geneComp_00008674","TCONS_00099793","XLOC_017966","T_minus","T_plus","XLOC_017966","unknown","unknown",22.470233146141,25.7228171565475,19.2176491357346,0.275922176011717,0.286059648499798,-0.420427025248612,,19.3828337355849,20.9271607431662,17.8385067280036,0.539579518636152,0.600105760405006,-0.230262435723761,,0.870816666666667,0.8139,0.927733333333333,0.113833333333333,0.0143661480588305,0.0143661480588305,FALSE,0,"XLOC_017966","RAMAC","ENST00000304191.4","ENST00000304191.4","=",FALSE
"isoComp_00064923","geneComp_00008674","TCONS_00107253","XLOC_017966","T_minus","T_plus","XLOC_017966","unknown","unknown",22.470233146141,25.7228171565475,19.2176491357346,0.275922176011717,0.286059648499798,-0.420427025248612,,2.84123901451587,4.62766927481144,1.0548087542203,0.595649409284473,0.441183435814922,-2.12280560364066,,0.1176,0.179633333333333,0.0555666666666667,-0.124066666666667,0.0527038092325166,0.0143661480588305,FALSE,0,"XLOC_017966","RAMAC","PB.6838.8","ENST00000304191.4","j",TRUE
"isoComp_00068419","geneComp_00009154","TCONS_00103843","XLOC_018925","T_minus","T_plus","XLOC_018925","unknown","unknown",1.25856435948159,1.27088253569044,1.24624618327274,0.231779760959809,0.0654498411137492,-0.0280189651949203,,0.886337661988513,1.10440674478248,0.66826857919455,0.0790582409581202,0.0722371559827026,-0.716347328182522,,0.721566666666667,0.903366666666667,0.539766666666667,-0.3636,0.250462709842274,6.14864204821439e-06,FALSE,0,"XLOC_018925","LINGO1","ENST00000355300.7","ENST00000355300.7","=",FALSE
"isoComp_00068420","geneComp_00009154","TCONS_00103844","XLOC_018925","T_minus","T_plus","XLOC_018925","unknown","unknown",1.25856435948159,1.27088253569044,1.24624618327274,0.231779760959809,0.0654498411137492,-0.0280189651949203,,0.275111938525947,0,0.550223877051894,0,0.109146062060315,5.80793156807177,,0.2181,0,0.4362,0.4362,6.14864204821439e-06,6.14864204821439e-06,FALSE,0,"XLOC_018925","LINGO1","ENST00000561030.5","ENST00000561030.5","=",FALSE
"isoComp_00068421","geneComp_00009154","TCONS_00103845","XLOC_018925","T_minus","T_plus","XLOC_018925","unknown","unknown",1.25856435948159,1.27088253569044,1.24624618327274,0.231779760959809,0.0654498411137492,-0.0280189651949203,,0.0543594419291297,0.108718883858259,0,0.108718883858259,0,-3.56947752845026,,0.03155,0.0631,0,-0.0631,0.913183108055504,6.14864204821439e-06,FALSE,0,"XLOC_018925","LINGO1","ENST00000557798.1","ENST00000557798.1","=",FALSE
"isoComp_00068423","geneComp_00009154","TCONS_00103855","XLOC_018925","T_minus","T_plus","XLOC_018925","unknown","unknown",1.25856435948159,1.27088253569044,1.24624618327274,0.231779760959809,0.0654498411137492,-0.0280189651949203,,0.0138768635131495,0,0.027753727026299,0,0.027753727026299,1.91661907349586,,0.0120333333333333,0,0.0240666666666667,0.0240666666666667,0.960030571919405,6.14864204821439e-06,,0,"XLOC_018925","LINGO1","ENST00000568951.5","ENST00000568951.5","=",FALSE
"isoComp_00068424","geneComp_00009154","TCONS_00103856","XLOC_018925","T_minus","T_plus","XLOC_018925","unknown","unknown",1.25856435948159,1.27088253569044,1.24624618327274,0.231779760959809,0.0654498411137492,-0.0280189651949203,,0.0186860581631383,0.0373721163262766,0,0.0373721163262766,0,-2.24403812505891,,0.01085,0.0217,0,-0.0217,0.932868488028478,6.14864204821439e-06,,0,"XLOC_018925","LINGO1","ENST00000564066.1","ENST00000564066.1","=",FALSE
"isoComp_00069032","geneComp_00009244","TCONS_00104641","XLOC_019100","T_minus","T_plus","XLOC_019100","unknown","unknown",5.33470002944439,7.49449942946668,3.1749006294221,0.282332053529016,0.200999863417883,-1.23650748303189,,1.27753679582289,1.53323299810967,1.0218405935361,0.232205051766519,0.0847427583304791,-0.5807357875519,,0.264133333333333,0.207033333333333,0.321233333333333,0.1142,0.478014317168594,0.00146290970979791,FALSE,0,"XLOC_019100","HDDC3","ENST00000394272.8","ENST00000394272.8","=",FALSE
"isoComp_00069034","geneComp_00009244","TCONS_00104643","XLOC_019100","T_minus","T_plus","XLOC_019100","unknown","unknown",5.33470002944439,7.49449942946668,3.1749006294221,0.282332053529016,0.200999863417883,-1.23650748303189,,0.987418133172627,1.62495932117714,0.349876945168118,0.521419316779628,0.0531477543394464,-2.1836791541817,,0.162433333333333,0.212666666666667,0.1122,-0.100466666666667,0.687443878989278,0.00146290970979791,FALSE,0,"XLOC_019100","HDDC3","ENST00000646620.1","ENST00000646620.1","=",FALSE
"isoComp_00069035","geneComp_00009244","TCONS_00104644","XLOC_019100","T_minus","T_plus","XLOC_019100","unknown","unknown",5.33470002944439,7.49449942946668,3.1749006294221,0.282332053529016,0.200999863417883,-1.23650748303189,,1.63909722712153,2.09395468151915,1.18423977272391,0.266006917194982,0.184380900888816,-0.817011107940447,,0.324966666666667,0.281566666666667,0.368366666666667,0.0868,0.739365299062876,0.00146290970979791,FALSE,0,"XLOC_019100","HDDC3","ENST00000330334.7","ENST00000330334.7","=",FALSE
"isoComp_00069036","geneComp_00009244","TCONS_00104645","XLOC_019100","T_minus","T_plus","XLOC_019100","unknown","unknown",5.33470002944439,7.49449942946668,3.1749006294221,0.282332053529016,0.200999863417883,-1.23650748303189,,0.532732595970705,0.908287470005824,0.157177721935587,0.29004653916588,0.0305449476144163,-2.45756325318553,,0.0845166666666667,0.1189,0.0501333333333333,-0.0687666666666667,0.581732862077568,0.00146290970979791,FALSE,1,"XLOC_019100","HDDC3","PB.6453.4","ENST00000559898.5","=",TRUE
"isoComp_00069037","geneComp_00009244","TCONS_00104646","XLOC_019100","T_minus","T_plus","XLOC_019100","unknown","unknown",5.33470002944439,7.49449942946668,3.1749006294221,0.282332053529016,0.200999863417883,-1.23650748303189,,0.368328502076231,0.496973457243365,0.239683546909098,0.0430718710794451,0.0169221808947459,-1.02180945955797,,0.07105,0.0661333333333333,0.0759666666666667,0.00983333333333333,0.955754165315585,0.00146290970979791,TRUE,2,"XLOC_019100","HDDC3","ENST00000559834.1","ENST00000559834.1","=",FALSE
"isoComp_00069038","geneComp_00009244","TCONS_00104647","XLOC_019100","T_minus","T_plus","XLOC_019100","unknown","unknown",5.33470002944439,7.49449942946668,3.1749006294221,0.282332053529016,0.200999863417883,-1.23650748303189,,0.385860764328478,0.771721528656956,0,0.247506071247739,0,-6.28858286511261,,0.0523833333333333,0.104766666666667,0,-0.104766666666667,0.00146290970979791,0.00146290970979791,,0,"XLOC_019100","HDDC3","ENST00000561036.1","ENST00000561036.1","=",FALSE
"isoComp_00069039","geneComp_00009244","TCONS_00107018","XLOC_019100","T_minus","T_plus","XLOC_019100","unknown","unknown",5.33470002944439,7.49449942946668,3.1749006294221,0.282332053529016,0.200999863417883,-1.23650748303189,,0.0371532093213224,0,0.0743064186426448,0,0.0743064186426448,3.07564247448165,,0.0107666666666667,0,0.0215333333333333,0.0215333333333333,0.883789023199614,0.00146290970979791,FALSE,0,"XLOC_019100","HDDC3","PB.6453.1","ENST00000646620.1","j",TRUE
"isoComp_00069040","geneComp_00009244","TCONS_00107537","XLOC_019100","T_minus","T_plus","XLOC_019100","unknown","unknown",5.33470002944439,7.49449942946668,3.1749006294221,0.282332053529016,0.200999863417883,-1.23650748303189,,0.0606819071660175,0,0.121363814332035,0,0.0900825145533253,3.71549601839174,,0.0211833333333333,0,0.0423666666666667,0.0423666666666667,0.572228800353686,0.00146290970979791,FALSE,0,"XLOC_019100","HDDC3","PB.6890.1","ENST00000646620.1","j",TRUE
"isoComp_00069106","geneComp_00009249","TCONS_00104699","XLOC_019116","T_minus","T_plus","XLOC_019116","unknown","unknown",2.12359942061313,1.93051084158365,2.3166879996426,0.217383006032568,0.155306918758491,0.261841270135304,,0.0473144687925177,0.0946289375850353,0,0.0946289375850353,0,-3.38721001278851,,0.0238166666666667,0.0476333333333333,0,-0.0476333333333333,0.924289094508948,0.0486765493792115,FALSE,0,"XLOC_019116","FAM174B","ENST00000553393.5","ENST00000553393.5","=",FALSE
"isoComp_00069107","geneComp_00009249","TCONS_00104700","XLOC_019116","T_minus","T_plus","XLOC_019116","unknown","unknown",2.12359942061313,1.93051084158365,2.3166879996426,0.217383006032568,0.155306918758491,0.261841270135304,,0.787588032898993,0.805733241323904,0.769442824474083,0.111897651586519,0.0655462747881221,-0.0656542446086482,,0.387916666666667,0.442566666666667,0.333266666666667,-0.1093,0.873791697086323,0.0486765493792115,FALSE,1,"XLOC_019116","FAM174B","ENST00000327355.6","ENST00000327355.6","=",FALSE
"isoComp_00069109","geneComp_00009249","TCONS_00104702","XLOC_019116","T_minus","T_plus","XLOC_019116","unknown","unknown",2.12359942061313,1.93051084158365,2.3166879996426,0.217383006032568,0.155306918758491,0.261841270135304,,0.142700951865264,0.107298374642349,0.178103529088179,0.107298374642349,0.102737801565723,0.681343893469307,,0.0634833333333333,0.0471666666666667,0.0798,0.0326333333333333,0.867699612483818,0.0486765493792115,FALSE,0,"XLOC_019116","FAM174B","ENST00000555064.5","ENST00000555064.5","=",FALSE
"isoComp_00069110","geneComp_00009249","TCONS_00104703","XLOC_019116","T_minus","T_plus","XLOC_019116","unknown","unknown",2.12359942061313,1.93051084158365,2.3166879996426,0.217383006032568,0.155306918758491,0.261841270135304,,0.0985945111508874,0.193278158162688,0.00391086413908657,0.182291007266902,0.00391086413908657,-3.86917126117336,,0.0491666666666667,0.0968,0.00153333333333333,-0.0952666666666667,0.83224790995469,0.0486765493792115,FALSE,0,"XLOC_019116","FAM174B","ENST00000555696.5","ENST00000555696.5","=",FALSE
"isoComp_00069111","geneComp_00009249","TCONS_00104707","XLOC_019116","T_minus","T_plus","XLOC_019116","unknown","unknown",2.12359942061313,1.93051084158365,2.3166879996426,0.217383006032568,0.155306918758491,0.261841270135304,,0.0664846903644717,0,0.132969380728943,0,0.132969380728943,3.8376342978316,,0.0258833333333333,0,0.0517666666666667,0.0517666666666667,0.942534224601604,0.0486765493792115,,0,"XLOC_019116","FAM174B","ENST00000555613.1","ENST00000555613.1","=",FALSE
"isoComp_00069113","geneComp_00009249","TCONS_00104711","XLOC_019116","T_minus","T_plus","XLOC_019116","unknown","unknown",2.12359942061313,1.93051084158365,2.3166879996426,0.217383006032568,0.155306918758491,0.261841270135304,,0.203802475118247,0.208048231524795,0.1995567187117,0.101360688989281,0.0535083583945291,-0.0573065122829516,,0.0950833333333333,0.1011,0.0890666666666667,-0.0120333333333333,0.998161431539877,0.0486765493792115,FALSE,0,"XLOC_019116","H2AZ2P1","ENST00000685273.1","ENST00000685273.1","=",FALSE
"isoComp_00069114","geneComp_00009249","TCONS_00104712","XLOC_019116","T_minus","T_plus","XLOC_019116","unknown","unknown",2.12359942061313,1.93051084158365,2.3166879996426,0.217383006032568,0.155306918758491,0.261841270135304,,0.0814692867835042,0.0808104266461905,0.082128146920818,0.0254426422746039,0.082128146920818,0.0207840407626346,,0.0380666666666667,0.0441666666666667,0.0319666666666667,-0.0122,0.848455856303343,0.0486765493792115,FALSE,0,"XLOC_019116","H2AZ2P1","ENST00000554246.1","ENST00000554246.1","=",FALSE
"isoComp_00069115","geneComp_00009249","TCONS_00104713","XLOC_019116","T_minus","T_plus","XLOC_019116","unknown","unknown",2.12359942061313,1.93051084158365,2.3166879996426,0.217383006032568,0.155306918758491,0.261841270135304,,0.260780988879115,0.172649244324657,0.348912733433572,0.0384034519755887,0.0516250142258241,0.974557322860502,,0.121116666666667,0.0911333333333333,0.1511,0.0599666666666667,0.768114079273399,0.0486765493792115,FALSE,0,"XLOC_019116","ENSG00000260361","ENST00000562894.1","ENST00000562894.1","=",FALSE
"isoComp_00069116","geneComp_00009249","TCONS_00104714","XLOC_019116","T_minus","T_plus","XLOC_019116","unknown","unknown",2.12359942061313,1.93051084158365,2.3166879996426,0.217383006032568,0.155306918758491,0.261841270135304,,0.0277495796488834,0.0554991592977668,0,0.0554991592977668,0,-2.71147638932602,,0.0122,0.0244,0,-0.0244,0.934173192321013,0.0486765493792115,FALSE,0,"XLOC_019116","FAM174B","ENST00000555971.1","ENST00000555971.1","=",FALSE
"isoComp_00069117","geneComp_00009249","TCONS_00104715","XLOC_019116","T_minus","T_plus","XLOC_019116","unknown","unknown",2.12359942061313,1.93051084158365,2.3166879996426,0.217383006032568,0.155306918758491,0.261841270135304,,0.126603539587467,0,0.253207079174933,0,0.0745155806215354,4.71812638697428,,0.0566666666666667,0,0.113333333333333,0.113333333333333,0.0486765493792115,0.0486765493792115,,0,"XLOC_019116","FAM174B","ENST00000557545.1","ENST00000557545.1","=",FALSE
"isoComp_00069118","geneComp_00009249","TCONS_00104717","XLOC_019116","T_minus","T_plus","XLOC_019116","unknown","unknown",2.12359942061313,1.93051084158365,2.3166879996426,0.217383006032568,0.155306918758491,0.261841270135304,,0.10641992885607,0.125333630848824,0.0875062268633147,0.0705676114202727,0.0437715601346788,-0.472954139159071,,0.0467833333333333,0.0578666666666667,0.0357,-0.0221666666666667,0.985071213591173,0.0486765493792115,,0,"XLOC_019116","FAM174B","ENST00000554082.1","ENST00000554082.1","=",FALSE
"isoComp_00069119","geneComp_00009249","TCONS_00106301","XLOC_019116","T_minus","T_plus","XLOC_019116","unknown","unknown",2.12359942061313,1.93051084158365,2.3166879996426,0.217383006032568,0.155306918758491,0.261841270135304,,0.139707738861152,0.0872314372274405,0.192184040494864,0.00896944033954859,0.0272434934562159,1.05617436997428,,0.06585,0.0471333333333333,0.0845666666666667,0.0374333333333333,0.776557834989281,0.0486765493792115,TRUE,1,"XLOC_019116","FAM174B","PB.4630.1","ENST00000555971.1","j",TRUE
"isoComp_00070324","geneComp_00009414","TCONS_00108707","XLOC_019395","T_minus","T_plus","XLOC_019395","unknown","unknown",11.7459473306981,13.2999389807334,10.1919556806627,0.502974700239062,0.37834238976637,-0.383658218740561,,0.183876764491086,0.143210434560555,0.224543094421616,0.0765169676808388,0.0303691806083878,0.614338467745798,,0.0163166666666667,0.0103666666666667,0.0222666666666667,0.0119,0.781604919597726,8.29729696397889e-08,TRUE,1,"XLOC_019395","ALG1","ENST00000683772.1","ENST00000683772.1","=",FALSE
"isoComp_00070325","geneComp_00009414","TCONS_00108708","XLOC_019395","T_minus","T_plus","XLOC_019395","unknown","unknown",11.7459473306981,13.2999389807334,10.1919556806627,0.502974700239062,0.37834238976637,-0.383658218740561,,0.66882913606772,0.719390235704171,0.61826803643127,0.0489671332638378,0.309215042476292,-0.215310702698195,,0.0587666666666667,0.0545333333333333,0.063,0.00846666666666666,0.963601704580138,8.29729696397889e-08,FALSE,0,"XLOC_019395","ALG1","ENST00000684335.1","ENST00000684335.1","=",FALSE
"isoComp_00070326","geneComp_00009414","TCONS_00108709","XLOC_019395","T_minus","T_plus","XLOC_019395","unknown","unknown",11.7459473306981,13.2999389807334,10.1919556806627,0.502974700239062,0.37834238976637,-0.383658218740561,,0.394071721893371,0.788143443786741,0,0.0875149473682352,0,-6.31857614840559,,0.0294666666666667,0.0589333333333333,0,-0.0589333333333333,8.29729696397889e-08,8.29729696397889e-08,TRUE,0,"XLOC_019395","ALG1","ENST00000682797.1","ENST00000682797.1","=",FALSE
"isoComp_00070327","geneComp_00009414","TCONS_00108710","XLOC_019395","T_minus","T_plus","XLOC_019395","unknown","unknown",11.7459473306981,13.2999389807334,10.1919556806627,0.502974700239062,0.37834238976637,-0.383658218740561,,1.32541317810036,1.32752379990561,1.32330255629511,0.216191649186388,0.113648644792799,-0.00456036558123682,,0.114866666666667,0.0988666666666667,0.130866666666667,0.032,0.821468162671814,8.29729696397889e-08,FALSE,0,"XLOC_019395","ALG1","ENST00000684190.1","ENST00000684190.1","=",FALSE
"isoComp_00070328","geneComp_00009414","TCONS_00108711","XLOC_019395","T_minus","T_plus","XLOC_019395","unknown","unknown",11.7459473306981,13.2999389807334,10.1919556806627,0.502974700239062,0.37834238976637,-0.383658218740561,,0.39836986153093,0.585427796728388,0.211311926333471,0.150471755876816,0.211311926333471,-1.42784537439745,,0.0321166666666667,0.0449333333333333,0.0193,-0.0256333333333333,0.548818087920623,8.29729696397889e-08,TRUE,0,"XLOC_019395","ALG1","ENST00000682206.1","ENST00000682206.1","=",FALSE
"isoComp_00070332","geneComp_00009414","TCONS_00108717","XLOC_019395","T_minus","T_plus","XLOC_019395","unknown","unknown",11.7459473306981,13.2999389807334,10.1919556806627,0.502974700239062,0.37834238976637,-0.383658218740561,,0.851618285160026,0.89933220669428,0.803904363625772,0.0426496739455958,0.0363779508212154,-0.159948167913569,,0.0736833333333333,0.0680333333333333,0.0793333333333333,0.0113,0.930095450105631,8.29729696397889e-08,FALSE,0,"XLOC_019395","ALG1","ENST00000262374.10","ENST00000262374.10","=",FALSE
"isoComp_00070335","geneComp_00009414","TCONS_00108721","XLOC_019395","T_minus","T_plus","XLOC_019395","unknown","unknown",11.7459473306981,13.2999389807334,10.1919556806627,0.502974700239062,0.37834238976637,-0.383658218740561,,3.02658309588179,2.80773258741078,3.2454336043528,0.0891034553799585,0.459260181401235,0.208315013185701,,0.263916666666667,0.2117,0.316133333333333,0.104433333333333,0.319878193837161,8.29729696397889e-08,FALSE,0,"XLOC_019395","ALG1","ENST00000544428.1","ENST00000544428.1","=",FALSE
"isoComp_00070336","geneComp_00009414","TCONS_00120739","XLOC_019395","T_minus","T_plus","XLOC_019395","unknown","unknown",11.7459473306981,13.2999389807334,10.1919556806627,0.502974700239062,0.37834238976637,-0.383658218740561,,3.02158221567861,4.39268600102714,1.65047843033008,0.365363907589464,0.299649401829034,-1.40678497282181,,0.24725,0.3321,0.1624,-0.1697,0.0370829951493503,8.29729696397889e-08,FALSE,0,"XLOC_019395","ALG1","PB.7085.1","ENST00000588623.5","c",TRUE
"isoComp_00070337","geneComp_00009414","TCONS_00120740","XLOC_019395","T_minus","T_plus","XLOC_019395","unknown","unknown",11.7459473306981,13.2999389807334,10.1919556806627,0.502974700239062,0.37834238976637,-0.383658218740561,,1.50622642465822,1.05353321618905,1.95891963312739,0.615333138355096,0.287898520911751,0.888539132728641,,0.13415,0.0765,0.1918,0.1153,0.715348706059865,8.29729696397889e-08,FALSE,0,"XLOC_019395","ALG1","PB.7085.2","ENST00000650085.1","c",TRUE
"isoComp_00070482","geneComp_00009433","TCONS_00108964","XLOC_019446","T_minus","T_plus","XLOC_019446","unknown","unknown",7.86009537702622,9.61207637692319,6.10811437712924,0.33844742290145,0.0680709514645962,-0.653261173019436,,0.498194967258068,0.0981514241533413,0.898238510362794,0.0620220025166596,0.0965392723432207,3.07001854695816,,0.0788,0.0103333333333333,0.147266666666667,0.136933333333333,0.00126778504493296,0.00126778504493296,FALSE,0,"XLOC_019446","RMI2","ENST00000572992.1","ENST00000572992.1","=",FALSE
"isoComp_00070483","geneComp_00009433","TCONS_00108966","XLOC_019446","T_minus","T_plus","XLOC_019446","unknown","unknown",7.86009537702622,9.61207637692319,6.10811437712924,0.33844742290145,0.0680709514645962,-0.653261173019436,,4.73819300349371,6.18282284506671,3.29356316192071,0.339342028907258,0.342367335706564,-0.906574247858221,,0.5905,0.642366666666667,0.538633333333333,-0.103733333333333,0.54010346988453,0.00126778504493296,FALSE,0,"XLOC_019446","RMI2","PB.7105.1","ENST00000576027.1","=",TRUE
"isoComp_00070484","geneComp_00009433","TCONS_00108967","XLOC_019446","T_minus","T_plus","XLOC_019446","unknown","unknown",7.86009537702622,9.61207637692319,6.10811437712924,0.33844742290145,0.0680709514645962,-0.653261173019436,,2.55819168778117,3.24291089622286,1.87347247933948,0.0712765462829354,0.221410096721122,-0.788336351330047,,0.3227,0.338366666666667,0.307033333333333,-0.0313333333333333,0.903569034248697,0.00126778504493296,FALSE,0,"XLOC_019446","RMI2","ENST00000312499.6","ENST00000312499.6","=",FALSE
"isoComp_00071137","geneComp_00009516","TCONS_00109722","XLOC_019624","T_minus","T_plus","XLOC_019624","unknown","unknown",20.2693885836455,22.0841901047652,18.4545870625257,0.46638828890361,1.05603652324962,-0.258906049114478,,2.58130401670161,2.90130738006489,2.26130065333832,0.229674844416404,0.251176215293026,-0.358148480306739,,0.126933333333333,0.131933333333333,0.121933333333333,-0.01,0.967421401709922,0.0182960269500713,FALSE,0,"XLOC_019624","LCMT1","PB.4850.1","ENST00000380962.9","=",TRUE
"isoComp_00071138","geneComp_00009516","TCONS_00109723","XLOC_019624","T_minus","T_plus","XLOC_019624","unknown","unknown",20.2693885836455,22.0841901047652,18.4545870625257,0.46638828890361,1.05603652324962,-0.258906049114478,,1.02150735306257,1.13457697288929,0.908437733235854,0.282736010152474,0.0673860324278755,-0.317560667261491,,0.0502,0.0512666666666667,0.0491333333333333,-0.00213333333333333,0.996703760255828,0.0182960269500713,FALSE,0,"XLOC_019624","LCMT1","PB.6750.7","ENST00000380966.8","=",TRUE
"isoComp_00071139","geneComp_00009516","TCONS_00109725","XLOC_019624","T_minus","T_plus","XLOC_019624","unknown","unknown",20.2693885836455,22.0841901047652,18.4545870625257,0.46638828890361,1.05603652324962,-0.258906049114478,,4.27555967890605,4.22809576930532,4.32302358850678,0.409032035013945,0.184665680031835,0.0319579014877811,,0.2138,0.190833333333333,0.236766666666667,0.0459333333333333,0.600281911344294,0.0182960269500713,FALSE,0,"XLOC_019624","LCMT1","PB.6750.3","ENST00000399069.8","=",TRUE
"isoComp_00071142","geneComp_00009516","TCONS_00109730","XLOC_019624","T_minus","T_plus","XLOC_019624","unknown","unknown",20.2693885836455,22.0841901047652,18.4545870625257,0.46638828890361,1.05603652324962,-0.258906049114478,,0.223053924307583,0.446107848615166,0,0.446107848615167,0,-5.51130309091235,,0.0104166666666667,0.0208333333333333,0,-0.0208333333333333,0.933847740331368,0.0182960269500713,FALSE,0,"XLOC_019624","LCMT1","ENST00000573435.1","ENST00000573435.1","=",FALSE
"isoComp_00071148","geneComp_00009516","TCONS_00119057","XLOC_019624","T_minus","T_plus","XLOC_019624","unknown","unknown",20.2693885836455,22.0841901047652,18.4545870625257,0.46638828890361,1.05603652324962,-0.258906049114478,,3.57303432072869,6.08066719698957,1.0654014444678,0.728227308516465,0.574577904560132,-2.5017249610571,,0.1647,0.274233333333333,0.0551666666666667,-0.219066666666667,0.395569261155055,0.0182960269500713,FALSE,0,"XLOC_019624","LCMT1","PB.6197.5","ENST00000380962.9","j",TRUE
"isoComp_00071149","geneComp_00009516","TCONS_00119785","XLOC_019624","T_minus","T_plus","XLOC_019624","unknown","unknown",20.2693885836455,22.0841901047652,18.4545870625257,0.46638828890361,1.05603652324962,-0.258906049114478,,0.207227324825312,0.299474923398813,0.11497972625181,0.0125178883061689,0.11497972625181,-1.3081284280822,,0.0100666666666667,0.0136,0.00653333333333333,-0.00706666666666667,0.630572603678098,0.0182960269500713,TRUE,0,"XLOC_019624","LCMT1","PB.4850.3","ENST00000380962.9","j",TRUE
"isoComp_00071150","geneComp_00009516","TCONS_00119786","XLOC_019624","T_minus","T_plus","XLOC_019624","unknown","unknown",20.2693885836455,22.0841901047652,18.4545870625257,0.46638828890361,1.05603652324962,-0.258906049114478,,2.49181538773442,1.67393335265619,3.30969742281266,0.177867338543064,0.424710948702521,0.979216711651775,,0.129316666666667,0.0761333333333333,0.1825,0.106366666666667,0.0182960269500713,0.0182960269500713,FALSE,0,"XLOC_019624","LCMT1","PB.6750.2","ENST00000380962.9","j",TRUE
"isoComp_00071151","geneComp_00009516","TCONS_00119787","XLOC_019624","T_minus","T_plus","XLOC_019624","unknown","unknown",20.2693885836455,22.0841901047652,18.4545870625257,0.46638828890361,1.05603652324962,-0.258906049114478,,4.39400139134194,4.38856313552687,4.39943964715702,0.557076786414201,1.29007176908204,0.00356300917559148,,0.216966666666667,0.1994,0.234533333333333,0.0351333333333333,0.943220362642367,0.0182960269500713,FALSE,0,"XLOC_019624","LCMT1","PB.4850.5","ENST00000380962.9","c",TRUE
"isoComp_00071152","geneComp_00009516","TCONS_00120214","XLOC_019624","T_minus","T_plus","XLOC_019624","unknown","unknown",20.2693885836455,22.0841901047652,18.4545870625257,0.46638828890361,1.05603652324962,-0.258906049114478,,0.36555075700012,0.414330297394672,0.316771216605569,0.0382242236195801,0.228840916233816,-0.376906781067934,,0.01845,0.0188,0.0181,-0.000700000000000003,0.902549681186118,0.0182960269500713,FALSE,0,"XLOC_019624","LCMT1","PB.6750.1","ENST00000380962.9","j",TRUE
"isoComp_00071155","geneComp_00009516","TCONS_00120803","XLOC_019624","T_minus","T_plus","XLOC_019624","unknown","unknown",20.2693885836455,22.0841901047652,18.4545870625257,0.46638828890361,1.05603652324962,-0.258906049114478,,0.444059632420785,0,0.888119264841569,0,0.88811926484157,6.4888351338076,,0.02525,0,0.0505,0.0505,0.905706083077171,0.0182960269500713,FALSE,0,"XLOC_019624","LCMT1","PB.7223.9","ENST00000380962.9","c",TRUE
"isoComp_00071620","geneComp_00009568","TCONS_00110225","XLOC_019702","T_minus","T_plus","XLOC_019702","unknown","unknown",2.69405802592604,3.41363647071688,1.9744795811352,0.540782855489654,0.118948939373019,-0.786768803203339,,0.610194989289404,0.438915216044366,0.781474762534442,0.0604236981460772,0.0449739265003343,0.818100350974599,,0.26665,0.1342,0.3991,0.2649,0.0112500400855658,0.0112500400855658,FALSE,2,"XLOC_019702","CD2BP2-DT","ENST00000690312.1","ENST00000690312.1","=",FALSE
"isoComp_00071621","geneComp_00009568","TCONS_00110226","XLOC_019702","T_minus","T_plus","XLOC_019702","unknown","unknown",2.69405802592604,3.41363647071688,1.9744795811352,0.540782855489654,0.118948939373019,-0.786768803203339,,0.137318912758784,0.204242271014009,0.0703955545035583,0.112593120335774,0.0703955545035583,-1.4140555242679,,0.04965,0.0613333333333333,0.0379666666666667,-0.0233666666666667,0.888641501287607,0.0112500400855658,FALSE,0,"XLOC_019702","CD2BP2-DT","ENST00000563252.2","ENST00000563252.2","=",FALSE
"isoComp_00071622","geneComp_00009568","TCONS_00110227","XLOC_019702","T_minus","T_plus","XLOC_019702","unknown","unknown",2.69405802592604,3.41363647071688,1.9744795811352,0.540782855489654,0.118948939373019,-0.786768803203339,,0.662952404490755,0.862132478108902,0.463772330872607,0.289949438870437,0.231913034000554,-0.880353353844974,,0.239566666666667,0.249633333333333,0.2295,-0.0201333333333333,0.961654431707496,0.0112500400855658,FALSE,0,"XLOC_019702","CD2BP2-DT","ENST00000688846.1","ENST00000688846.1","=",FALSE
"isoComp_00071623","geneComp_00009568","TCONS_00110228","XLOC_019702","T_minus","T_plus","XLOC_019702","unknown","unknown",2.69405802592604,3.41363647071688,1.9744795811352,0.540782855489654,0.118948939373019,-0.786768803203339,,0.367458056317412,0.506103594026724,0.228812518608099,0.253209302999724,0.163272094810318,-1.11178221225684,,0.132866666666667,0.143,0.122733333333333,-0.0202666666666667,0.98624300515745,0.0112500400855658,FALSE,0,"XLOC_019702","CD2BP2-DT","ENST00000688695.1","ENST00000688695.1","=",FALSE
"isoComp_00071625","geneComp_00009568","TCONS_00110230","XLOC_019702","T_minus","T_plus","XLOC_019702","unknown","unknown",2.69405802592604,3.41363647071688,1.9744795811352,0.540782855489654,0.118948939373019,-0.786768803203339,,0.895856033587182,1.36168765255787,0.430024414616497,0.261368253103857,0.157258362779387,-1.64029652378594,,0.30415,0.397533333333333,0.210766666666667,-0.186766666666667,0.455110959505828,0.0112500400855658,FALSE,1,"XLOC_019702","CD2BP2-DT","ENST00000686034.1","ENST00000686034.1","=",FALSE
"isoComp_00071760","geneComp_00009588","TCONS_00110346","XLOC_019728","T_minus","T_plus","XLOC_019728","unknown","unknown",43.1172060021233,52.9870960575914,33.2473159466551,2.15460303349102,1.26221649666945,-0.672241570597489,,3.29545532926461,3.31762055314509,3.27329010538414,0.157245468845954,0.242978051195681,-0.0193487037032224,,0.08055,0.0627,0.0984,0.0357,0.0788762557666015,1.92255645501647e-16,FALSE,0,"XLOC_019728","FBXL19","ENST00000338343.10","ENST00000338343.10","=",FALSE
"isoComp_00071761","geneComp_00009588","TCONS_00110347","XLOC_019728","T_minus","T_plus","XLOC_019728","unknown","unknown",43.1172060021233,52.9870960575914,33.2473159466551,2.15460303349102,1.26221649666945,-0.672241570597489,,3.44740152591546,3.48886734482494,3.40593570700598,0.379793354214101,0.466606353878346,-0.0346071460922417,,0.0846166666666667,0.0656,0.103633333333333,0.0380333333333333,0.424589556075443,1.92255645501647e-16,FALSE,0,"XLOC_019728","FBXL19","ENST00000562319.7","ENST00000562319.7","=",FALSE
"isoComp_00071763","geneComp_00009588","TCONS_00110349","XLOC_019728","T_minus","T_plus","XLOC_019728","unknown","unknown",43.1172060021233,52.9870960575914,33.2473159466551,2.15460303349102,1.26221649666945,-0.672241570597489,,11.716329173095,11.7439731947953,11.6886851513947,0.649705396315361,0.236453052201526,-0.00680212303607855,,0.286833333333333,0.221466666666667,0.3522,0.130733333333333,6.59571290992379e-13,1.92255645501647e-16,FALSE,0,"XLOC_019728","FBXL19","ENST00000427128.5","ENST00000427128.5","=",FALSE
"isoComp_00071764","geneComp_00009588","TCONS_00110351","XLOC_019728","T_minus","T_plus","XLOC_019728","unknown","unknown",43.1172060021233,52.9870960575914,33.2473159466551,2.15460303349102,1.26221649666945,-0.672241570597489,,1.60980352605732,1.71427095058949,1.50533610152516,0.347010599043451,0.496173880147756,-0.186348677282733,,0.03815,0.0319333333333333,0.0443666666666667,0.0124333333333333,0.916792712283151,1.92255645501647e-16,FALSE,0,"XLOC_019728","FBXL19","ENST00000565939.1","ENST00000565939.1","=",FALSE
"isoComp_00071766","geneComp_00009588","TCONS_00110354","XLOC_019728","T_minus","T_plus","XLOC_019728","unknown","unknown",43.1172060021233,52.9870960575914,33.2473159466551,2.15460303349102,1.26221649666945,-0.672241570597489,,5.92151223533524,8.30721919002705,3.53580528064343,0.119988252852959,0.616642863720817,-1.22998794074349,,0.131216666666667,0.157166666666667,0.105266666666667,-0.0519,0.313117358793471,1.92255645501647e-16,FALSE,1,"XLOC_019728","ORAI3","ENST00000318663.5","ENST00000318663.5","=",FALSE
"isoComp_00071768","geneComp_00009588","TCONS_00110357","XLOC_019728","T_minus","T_plus","XLOC_019728","unknown","unknown",43.1172060021233,52.9870960575914,33.2473159466551,2.15460303349102,1.26221649666945,-0.672241570597489,,3.40902016672355,4.09786680351187,2.72017352993523,0.511927847878521,0.101773632127342,-0.589396751599602,,0.07945,0.0770666666666667,0.0818333333333333,0.00476666666666667,0.947821144108656,1.92255645501647e-16,FALSE,0,"XLOC_019728","ORAI3","ENST00000562699.1","ENST00000562699.1","=",FALSE
"isoComp_00071769","geneComp_00009588","TCONS_00119111","XLOC_019728","T_minus","T_plus","XLOC_019728","unknown","unknown",43.1172060021233,52.9870960575914,33.2473159466551,2.15460303349102,1.26221649666945,-0.672241570597489,,6.67094595728016,11.2259598425927,2.11593207196757,0.629918274318433,0.287174674733497,-2.40195596782704,,0.137383333333333,0.2116,0.0631666666666667,-0.148433333333333,1.92255645501647e-16,1.92255645501647e-16,FALSE,0,"XLOC_019728","ORAI3","PB.6272.1","ENST00000566237.1","j",TRUE
"isoComp_00071770","geneComp_00009588","TCONS_00120841","XLOC_019728","T_minus","T_plus","XLOC_019728","unknown","unknown",43.1172060021233,52.9870960575914,33.2473159466551,2.15460303349102,1.26221649666945,-0.672241570597489,,5.96386378577132,7.6836714376526,4.24405613389003,0.213891254573859,0.535390134259113,-0.854833149553468,,0.137216666666667,0.1452,0.129233333333333,-0.0159666666666667,0.863744295444689,1.92255645501647e-16,FALSE,0,"XLOC_019728","ORAI3","PB.7305.1","ENST00000566237.1","j",TRUE
"isoComp_00072440","geneComp_00009694","TCONS_00111382","XLOC_020026","T_minus","T_plus","XLOC_020026","unknown","unknown",73.9341683423745,10.2038432029858,137.664493481763,2.7611406045836,37.705535825229,3.75266357865351,,68.161779692067,6.35919587497289,129.964363509161,2.55075533594539,37.534449493224,4.35097203951513,,0.759033333333333,0.580866666666667,0.9372,0.356333333333333,1.69937679328796e-06,1.43956395677891e-07,FALSE,0,"XLOC_020026","CCL22","PB.4996.2","ENST00000219235.5","=",TRUE
"isoComp_00072442","geneComp_00009694","TCONS_00119223","XLOC_020026","T_minus","T_plus","XLOC_020026","unknown","unknown",73.9341683423745,10.2038432029858,137.664493481763,2.7611406045836,37.705535825229,3.75266357865351,,3.74912259997635,2.4867164403964,5.0115287595563,0.107034607645509,0.498047516834221,1.00809466730961,,0.159766666666667,0.277966666666667,0.0415666666666667,-0.2364,0.00020489310419883,1.43956395677891e-07,FALSE,0,"XLOC_020026","CCL22","PB.6379.3","ENST00000219235.5","j",TRUE
"isoComp_00072443","geneComp_00009694","TCONS_00119224","XLOC_020026","T_minus","T_plus","XLOC_020026","unknown","unknown",73.9341683423745,10.2038432029858,137.664493481763,2.7611406045836,37.705535825229,3.75266357865351,,0.846724939575538,0.363655326760681,1.32979455239039,0.0790195721501734,0.0864400190321957,1.84223179665203,,0.0237166666666667,0.0367333333333333,0.0107,-0.0260333333333333,0.0203082409112856,1.43956395677891e-07,FALSE,0,"XLOC_020026","CCL22","PB.6379.4","ENST00000219235.5","j",TRUE
"isoComp_00072445","geneComp_00009694","TCONS_00119868","XLOC_020026","T_minus","T_plus","XLOC_020026","unknown","unknown",73.9341683423745,10.2038432029858,137.664493481763,2.7611406045836,37.705535825229,3.75266357865351,,0.478638060661978,0.957276121323956,0,0.382412030461229,0,-6.59585587910968,,0.0510666666666667,0.102133333333333,0,-0.102133333333333,1.43956395677891e-07,1.43956395677891e-07,FALSE,0,"XLOC_020026","CCL22","PB.4996.14","ENST00000219235.5","c",TRUE
"isoComp_00073440","geneComp_00009810","TCONS_00112668","XLOC_020221","T_minus","T_plus","XLOC_020221","unknown","unknown",1.22328173914586,1.14934207478956,1.29722140350217,0.106112152282078,0.172268897477987,0.173197200533503,,0.353126905226298,0.212830583629781,0.493423226822815,0.0322899472677751,0.0289687365837792,1.17582452374216,,0.291666666666667,0.1859,0.397433333333333,0.211533333333333,0.435983329841695,0.0334087275164649,FALSE,0,"XLOC_020221","NPIPB15","ENST00000692376.1","ENST00000692376.1","=",FALSE
"isoComp_00073441","geneComp_00009810","TCONS_00112669","XLOC_020221","T_minus","T_plus","XLOC_020221","unknown","unknown",1.22328173914586,1.14934207478956,1.29722140350217,0.106112152282078,0.172268897477987,0.173197200533503,,0.75818007463876,0.712561972598165,0.803798176679355,0.0471293851918546,0.198808105961097,0.171549718252335,,0.615866666666667,0.629166666666667,0.602566666666667,-0.0266,0.983028477095288,0.0334087275164649,FALSE,0,"XLOC_020221","NPIPB15","ENST00000429990.1","ENST00000429990.1","=",FALSE
"isoComp_00073442","geneComp_00009810","TCONS_00112670","XLOC_020221","T_minus","T_plus","XLOC_020221","unknown","unknown",1.22328173914586,1.14934207478956,1.29722140350217,0.106112152282078,0.172268897477987,0.173197200533503,,0.111974759280806,0.223949518561613,0,0.0855840360755472,0,-4.54812535470553,,0.09245,0.1849,0,-0.1849,0.0334087275164649,0.0334087275164649,,0,"XLOC_020221","NPIPB15","ENST00000613038.1","ENST00000613038.1","=",FALSE
"isoComp_00075591","geneComp_00010104","TCONS_00115219","XLOC_020738","T_minus","T_plus","XLOC_020738","unknown","unknown",72.432735014541,54.2691022188965,90.5963678101856,2.65895300105723,12.6839565572055,0.739215587705185,,2.24172114643562,1.6701356012929,2.81330669157835,0.41385264172632,0.250756078418062,0.748808179587495,,0.0312333333333333,0.0307,0.0317666666666667,0.00106666666666666,0.987495263054707,0.000213749462899874,FALSE,1,"XLOC_020738","NPIPA9","ENST00000545114.5","ENST00000545114.5","=",FALSE
"isoComp_00075592","geneComp_00010104","TCONS_00115220","XLOC_020738","T_minus","T_plus","XLOC_020738","unknown","unknown",72.432735014541,54.2691022188965,90.5963678101856,2.65895300105723,12.6839565572055,0.739215587705185,,1.82973913762887,0.960004257780371,2.69947401747737,0.904525305232578,0.318744899703922,1.48194982739783,,0.0246166666666667,0.0172333333333333,0.032,0.0147666666666667,0.538201264637752,0.000213749462899874,FALSE,1,"XLOC_020738","NPIPA9","ENST00000427999.6","ENST00000427999.6","=",FALSE
"isoComp_00075593","geneComp_00010104","TCONS_00115221","XLOC_020738","T_minus","T_plus","XLOC_020738","unknown","unknown",72.432735014541,54.2691022188965,90.5963678101856,2.65895300105723,12.6839565572055,0.739215587705185,,10.2852830001489,0,20.5705660002978,0,11.9963715273758,11.007066943988,,0.0983333333333333,0,0.196666666666667,0.196666666666667,0.479041584582136,0.000213749462899874,FALSE,0,"XLOC_020738","NPIPA9","ENST00000327792.6","ENST00000327792.6","=",FALSE
"isoComp_00075594","geneComp_00010104","TCONS_00115223","XLOC_020738","T_minus","T_plus","XLOC_020738","unknown","unknown",72.432735014541,54.2691022188965,90.5963678101856,2.65895300105723,12.6839565572055,0.739215587705185,,4.03072139104419,2.5036321961695,5.55781058591888,1.57541853958039,1.0321899547436,1.14733656746944,,0.0549833333333333,0.0436666666666667,0.0663,0.0226333333333333,0.860446607075175,0.000213749462899874,TRUE,0,"XLOC_020738","NPIPA9","ENST00000528301.1","ENST00000528301.1","=",FALSE
"isoComp_00075595","geneComp_00010104","TCONS_00115224","XLOC_020738","T_minus","T_plus","XLOC_020738","unknown","unknown",72.432735014541,54.2691022188965,90.5963678101856,2.65895300105723,12.6839565572055,0.739215587705185,,1.05877962537743,0.476881496975315,1.64067775377955,0.379547085478023,0.884332299404703,1.76141592419543,,0.0143333333333333,0.00853333333333333,0.0201333333333333,0.0116,0.920044009345461,0.000213749462899874,FALSE,0,"XLOC_020738","NPIPA9","ENST00000526166.5","ENST00000526166.5","=",FALSE
"isoComp_00075596","geneComp_00010104","TCONS_00115225","XLOC_020738","T_minus","T_plus","XLOC_020738","unknown","unknown",72.432735014541,54.2691022188965,90.5963678101856,2.65895300105723,12.6839565572055,0.739215587705185,,18.6119304610102,15.6070267273971,21.6168341946233,0.61698135477723,0.347794507467198,0.469702684605366,,0.268783333333333,0.288733333333333,0.248833333333333,-0.0399,0.791600899656819,0.000213749462899874,TRUE,1,"XLOC_020738","NPIPA9","ENST00000546267.5","ENST00000546267.5","=",FALSE
"isoComp_00075597","geneComp_00010104","TCONS_00115226","XLOC_020738","T_minus","T_plus","XLOC_020738","unknown","unknown",72.432735014541,54.2691022188965,90.5963678101856,2.65895300105723,12.6839565572055,0.739215587705185,,4.31172898998131,3.43448353381527,5.18897444614735,0.244805438403452,0.673312930894335,0.593939382827363,,0.0620333333333333,0.0633,0.0607666666666667,-0.00253333333333333,0.960571653593118,0.000213749462899874,FALSE,1,"XLOC_020738","NPIPA9","ENST00000533010.6","ENST00000533010.6","=",FALSE
"isoComp_00075599","geneComp_00010104","TCONS_00115228","XLOC_020738","T_minus","T_plus","XLOC_020738","unknown","unknown",72.432735014541,54.2691022188965,90.5963678101856,2.65895300105723,12.6839565572055,0.739215587705185,,4.6414894862645,3.98735480100508,5.29562417152392,0.4552270522161,0.280360148700008,0.408476854100174,,0.0665833333333333,0.073,0.0601666666666667,-0.0128333333333333,0.733650592761979,0.000213749462899874,TRUE,0,"XLOC_020738","PKD1P5","ENST00000532415.5","ENST00000532415.5","=",FALSE
"isoComp_00075600","geneComp_00010104","TCONS_00115230","XLOC_020738","T_minus","T_plus","XLOC_020738","unknown","unknown",72.432735014541,54.2691022188965,90.5963678101856,2.65895300105723,12.6839565572055,0.739215587705185,,1.47845266264725,2.21042463945716,0.746480685837343,0.398515239565919,0.351504425594435,-1.55346045378975,,0.0251,0.0403666666666667,0.00983333333333333,-0.0305333333333333,0.188114050445031,0.000213749462899874,,0,"XLOC_020738","PKD1P5","ENST00000545364.5","ENST00000545364.5","=",FALSE
"isoComp_00075601","geneComp_00010104","TCONS_00115232","XLOC_020738","T_minus","T_plus","XLOC_020738","unknown","unknown",72.432735014541,54.2691022188965,90.5963678101856,2.65895300105723,12.6839565572055,0.739215587705185,,1.72246911345903,1.29964952569529,2.14528870122276,0.534842327468014,0.446154114526583,0.718700346561122,,0.0233666666666667,0.0235666666666667,0.0231666666666667,-0.000399999999999998,0.981747341330449,0.000213749462899874,TRUE,0,"XLOC_020738","PKD1P5","ENST00000538166.1","ENST00000538166.1","=",FALSE
"isoComp_00075602","geneComp_00010104","TCONS_00119489","XLOC_020738","T_minus","T_plus","XLOC_020738","unknown","unknown",72.432735014541,54.2691022188965,90.5963678101856,2.65895300105723,12.6839565572055,0.739215587705185,,12.8290324098212,13.0634449792004,12.5946198404419,1.11332756463461,1.14952707593334,-0.0526867486411093,,0.192683333333333,0.244,0.141366666666667,-0.102633333333333,0.0436204702786037,0.000213749462899874,FALSE,0,"XLOC_020738","NPIPA9","PB.6118.1","ENST00000427999.6","c",TRUE
"isoComp_00075604","geneComp_00010104","TCONS_00119999","XLOC_020738","T_minus","T_plus","XLOC_020738","unknown","unknown",72.432735014541,54.2691022188965,90.5963678101856,2.65895300105723,12.6839565572055,0.739215587705185,,1.21433920806633,2.42867841613266,0,1.49117545555189,0,-7.92995571501041,,0.02125,0.0425,0,-0.0425,0.000213749462899874,0.000213749462899874,FALSE,0,"XLOC_020738","NPIPA9","PB.4787.1","ENST00000427999.6","c",TRUE
"isoComp_00075605","geneComp_00010104","TCONS_00120479","XLOC_020738","T_minus","T_plus","XLOC_020738","unknown","unknown",72.432735014541,54.2691022188965,90.5963678101856,2.65895300105723,12.6839565572055,0.739215587705185,,7.46702341698465,5.8636858800493,9.07036095392,1.03069615730766,1.29576902027267,0.628483533738129,,0.10595,0.110433333333333,0.101466666666667,-0.00896666666666668,0.985071213591173,0.000213749462899874,FALSE,1,"XLOC_020738","NPIPA9","PB.6676.3","ENST00000327792.6","k",TRUE
"isoComp_00075707","geneComp_00010117","TCONS_00115321","XLOC_020762","T_minus","T_plus","XLOC_020762","unknown","unknown",4.2708656658083,3.2784052024201,5.2633261291965,0.358238714347792,0.368608254837891,0.681325141938099,,2.27062322687605,1.64560445962795,2.89564199412414,0.144944312668679,0.119097435797626,0.811498918798257,,0.52925,0.505933333333333,0.552566666666667,0.0466333333333333,0.868949523589377,0.00891068705301682,FALSE,0,"XLOC_020762","GPRC5B","ENST00000300571.7","ENST00000300571.7","=",FALSE
"isoComp_00075709","geneComp_00010117","TCONS_00115324","XLOC_020762","T_minus","T_plus","XLOC_020762","unknown","unknown",4.2708656658083,3.2784052024201,5.2633261291965,0.358238714347792,0.368608254837891,0.681325141938099,,1.23168447703236,1.37343198927481,1.08993696478991,0.0571862994181689,0.107352242418635,-0.330830873420604,,0.316666666666667,0.425833333333333,0.2075,-0.218333333333333,0.00891068705301682,0.00891068705301682,FALSE,0,"XLOC_020762","GPRC5B","ENST00000562348.1","ENST00000562348.1","=",FALSE
"isoComp_00075710","geneComp_00010117","TCONS_00115325","XLOC_020762","T_minus","T_plus","XLOC_020762","unknown","unknown",4.2708656658083,3.2784052024201,5.2633261291965,0.358238714347792,0.368608254837891,0.681325141938099,,0.696977071122963,0.218296693237883,1.17565744900804,0.218296693237883,0.171613557624012,2.3767053896571,,0.13845,0.0558666666666667,0.221033333333333,0.165166666666667,0.340990874837894,0.00891068705301682,FALSE,0,"XLOC_020762","GPRC5B","ENST00000569479.5","ENST00000569479.5","=",FALSE
"isoComp_00077659","geneComp_00010399","TCONS_00117873","XLOC_021363","T_minus","T_plus","XLOC_021363","unknown","unknown",13.1039351323382,11.7038492320688,14.5040210326076,0.638054649333606,1.32173086984004,0.309232034918697,,0.40163617577816,0.122308744340542,0.680963607215779,0.122308744340542,0.433722185634865,2.38470131333898,,0.0262,0.00943333333333333,0.0429666666666667,0.0335333333333333,0.793069102433001,0.00196818748141227,,0,"XLOC_021363","TXNL4B","ENST00000562153.5","ENST00000562153.5","=",FALSE
"isoComp_00077660","geneComp_00010399","TCONS_00117874","XLOC_021363","T_minus","T_plus","XLOC_021363","unknown","unknown",13.1039351323382,11.7038492320688,14.5040210326076,0.638054649333606,1.32173086984004,0.309232034918697,,7.61306282694767,8.41968806622686,6.80643758766848,0.0659829191240353,0.120075927267307,-0.306461292683132,,0.599683333333333,0.723,0.476366666666667,-0.246633333333333,0.00196818748141227,0.00196818748141227,FALSE,1,"XLOC_021363","TXNL4B","PB.6503.2","ENST00000268483.8","=",TRUE
"isoComp_00077661","geneComp_00010399","TCONS_00117876","XLOC_021363","T_minus","T_plus","XLOC_021363","unknown","unknown",13.1039351323382,11.7038492320688,14.5040210326076,0.638054649333606,1.32173086984004,0.309232034918697,,0.225283416167656,0.179476264565204,0.271090567770108,0.0973508690615379,0.155802696004977,0.569017908424656,,0.01815,0.0154,0.0209,0.0055,0.998161431539877,0.00196818748141227,FALSE,1,"XLOC_021363","TXNL4B","PB.6503.3","ENST00000426362.6","=",TRUE
"isoComp_00077663","geneComp_00010399","TCONS_00120652","XLOC_021363","T_minus","T_plus","XLOC_021363","unknown","unknown",13.1039351323382,11.7038492320688,14.5040210326076,0.638054649333606,1.32173086984004,0.309232034918697,,0.297575071287106,0.0996662058651846,0.495483936709028,0.0507902621778067,0.108486206299661,2.20454622557279,,0.0208166666666667,0.00836666666666667,0.0332666666666667,0.0249,0.377284727684428,0.00196818748141227,FALSE,0,"XLOC_021363","TXNL4B","PB.7051.1","ENST00000565171.5","j",TRUE
"isoComp_00077664","geneComp_00010399","TCONS_00121145","XLOC_021363","T_minus","T_plus","XLOC_021363","unknown","unknown",13.1039351323382,11.7038492320688,14.5040210326076,0.638054649333606,1.32173086984004,0.309232034918697,,4.5309640488757,2.88270995107101,6.1792181466804,0.451399622485217,0.960363115157193,1.09733549938762,,0.3325,0.2438,0.4212,0.1774,0.0174162779211965,0.00196818748141227,FALSE,0,"XLOC_021363","TXNL4B","PB.7539.3","ENST00000268483.8","c",TRUE
"isoComp_00078570","geneComp_00010531","TCONS_00121333","XLOC_021625","T_minus","T_plus","XLOC_021625","unknown","unknown",41.2922037119254,40.3523553542739,42.2320520695769,0.645820113873016,0.910871004851813,0.0656695551470717,,5.6811855538699,5.323244283715,6.03912682402479,0.698622255095946,0.383029300878162,0.181713497396902,,0.1376,0.1324,0.1428,0.0104,0.937469978544359,0.00963454938092339,FALSE,0,"XLOC_021625","PAFAH1B1","ENST00000397195.10","ENST00000397195.10","=",FALSE
"isoComp_00078573","geneComp_00010531","TCONS_00121337","XLOC_021625","T_minus","T_plus","XLOC_021625","unknown","unknown",41.2922037119254,40.3523553542739,42.2320520695769,0.645820113873016,0.910871004851813,0.0656695551470717,,0.907567122799032,1.06998683127175,0.745147414326319,0.162745588504612,0.242616789456855,-0.516183511753708,,0.0221166666666667,0.0266666666666667,0.0175666666666667,-0.0091,0.782669931872931,0.00963454938092339,FALSE,0,"XLOC_021625","PAFAH1B1","ENST00000676353.1","ENST00000676353.1","=",FALSE
"isoComp_00078581","geneComp_00010531","TCONS_00121346","XLOC_021625","T_minus","T_plus","XLOC_021625","unknown","unknown",41.2922037119254,40.3523553542739,42.2320520695769,0.645820113873016,0.910871004851813,0.0656695551470717,,1.12865941963054,1.06070082322462,1.19661801603647,0.585365149749853,0.372184764735793,0.172413612085689,,0.0269666666666667,0.0259,0.0280333333333333,0.00213333333333333,0.935216253469908,0.00963454938092339,FALSE,0,"XLOC_021625","PAFAH1B1","ENST00000675430.1","ENST00000675430.1","=",FALSE
"isoComp_00078583","geneComp_00010531","TCONS_00121348","XLOC_021625","T_minus","T_plus","XLOC_021625","unknown","unknown",41.2922037119254,40.3523553542739,42.2320520695769,0.645820113873016,0.910871004851813,0.0656695551470717,,14.2439254560718,16.0317575256259,12.4560933865177,0.371131102718859,0.5328796889866,-0.363822785802648,,0.346516666666667,0.397366666666667,0.295666666666667,-0.1017,0.00963454938092339,0.00963454938092339,FALSE,0,"XLOC_021625","PAFAH1B1","ENST00000676188.1","ENST00000676188.1","=",FALSE
"isoComp_00078597","geneComp_00010531","TCONS_00136372","XLOC_021625","T_minus","T_plus","XLOC_021625","unknown","unknown",41.2922037119254,40.3523553542739,42.2320520695769,0.645820113873016,0.910871004851813,0.0656695551470717,,5.11775687452275,3.08904674224466,7.14646700680084,0.566531316123021,0.81449793517457,1.20742302091211,,0.1232,0.0762666666666667,0.170133333333333,0.0938666666666667,0.0328005717335575,0.00963454938092339,FALSE,0,"XLOC_021625","PAFAH1B1","PB.7714.2","ENST00000675331.1","c",TRUE
"isoComp_00078600","geneComp_00010531","TCONS_00136889","XLOC_021625","T_minus","T_plus","XLOC_021625","unknown","unknown",41.2922037119254,40.3523553542739,42.2320520695769,0.645820113873016,0.910871004851813,0.0656695551470717,,5.53184184407584,3.28831268997376,7.77537099817793,1.14392913958642,0.0773281809802616,1.23903761294753,,0.1333,0.0824,0.1842,0.1018,0.118943440731118,0.00963454938092339,FALSE,0,"XLOC_021625","PAFAH1B1","PB.7205.6","ENST00000675331.1","c",TRUE
"isoComp_00078601","geneComp_00010531","TCONS_00137797","XLOC_021625","T_minus","T_plus","XLOC_021625","unknown","unknown",41.2922037119254,40.3523553542739,42.2320520695769,0.645820113873016,0.910871004851813,0.0656695551470717,,4.3462860440842,6.30071981841227,2.39185226975612,0.880705310143998,1.40402754491394,-1.3936571542195,,0.105416666666667,0.1555,0.0553333333333333,-0.100166666666667,0.417059868575853,0.00963454938092339,FALSE,0,"XLOC_021625","PAFAH1B1","PB.7714.3","ENST00000675331.1","c",TRUE
"isoComp_00078602","geneComp_00010531","TCONS_00137798","XLOC_021625","T_minus","T_plus","XLOC_021625","unknown","unknown",41.2922037119254,40.3523553542739,42.2320520695769,0.645820113873016,0.910871004851813,0.0656695551470717,,1.75664288075524,1.6378900851012,1.87539567640928,1.28570052352219,0.577465529168073,0.19424730739551,,0.0424833333333333,0.0403666666666667,0.0446,0.00423333333333333,0.88013960551179,0.00963454938092339,FALSE,0,"XLOC_021625","PAFAH1B1","PB.7714.6","ENST00000675331.1","c",TRUE
"isoComp_00079158","geneComp_00010599","TCONS_00122000","XLOC_021732","T_minus","T_plus","XLOC_021732","unknown","unknown",60.338431453694,14.1144715293334,106.562391378055,2.32307236418008,6.68222693759663,2.9155649473659,,13.6418045629547,5.4612639689625,21.8223451569468,0.533875971339735,1.88719859366776,1.9965210406924,,0.30135,0.398366666666667,0.204333333333333,-0.194033333333333,0.000787817682467859,0.000787817682467859,FALSE,0,"XLOC_021732","KDM6B","ENST00000448097.7","ENST00000448097.7","=",FALSE
"isoComp_00079159","geneComp_00010599","TCONS_00122003","XLOC_021732","T_minus","T_plus","XLOC_021732","unknown","unknown",60.338431453694,14.1144715293334,106.562391378055,2.32307236418008,6.68222693759663,2.9155649473659,,9.61663802384619,3.38197851207398,15.8512975356184,0.18504675222747,2.24878110205645,2.2253118600557,,0.200433333333333,0.253033333333333,0.147833333333333,-0.1052,0.231352699129727,0.000787817682467859,FALSE,1,"XLOC_021732","KDM6B","ENST00000254846.9","ENST00000254846.9","=",FALSE
"isoComp_00079161","geneComp_00010599","TCONS_00122005","XLOC_021732","T_minus","T_plus","XLOC_021732","unknown","unknown",60.338431453694,14.1144715293334,106.562391378055,2.32307236418008,6.68222693759663,2.9155649473659,,36.9117061870744,5.16292094919549,68.6604914249534,1.99141164825295,3.28437095149891,3.73063923792309,,0.493733333333333,0.341766666666667,0.6457,0.303933333333333,0.00350893914865411,0.000787817682467859,,0,"XLOC_021732","KDM6B","ENST00000575521.1","ENST00000575521.1","=",FALSE
"isoComp_00079736","geneComp_00010695","TCONS_00122907","XLOC_021939","T_minus","T_plus","XLOC_021939","unknown","unknown",4.00910065212818,6.12528245436541,1.89291884989094,0.547735015835581,0.0339991944928803,-1.68891572470401,,0.510451246847273,0.98923790252916,0.0316645911653856,0.499294713632417,0.0260196688374692,-4.58393447267268,,0.0825333333333333,0.148166666666667,0.0169,-0.131266666666667,0.763757414022431,0.0010670690369897,FALSE,0,"XLOC_021939","SPECC1","ENST00000472876.5","ENST00000472876.5","=",FALSE
"isoComp_00079739","geneComp_00010695","TCONS_00122914","XLOC_021939","T_minus","T_plus","XLOC_021939","unknown","unknown",4.00910065212818,6.12528245436541,1.89291884989094,0.547735015835581,0.0339991944928803,-1.68891572470401,,0.0591010116392084,0.050961976808559,0.0672400464698578,0.0509619768085591,0.050670354702843,0.341439346523549,,0.02185,0.0078,0.0359,0.0281,0.814721095343113,0.0010670690369897,FALSE,0,"XLOC_021939","SPECC1","ENST00000680830.1","ENST00000680830.1","=",FALSE
"isoComp_00079742","geneComp_00010695","TCONS_00122924","XLOC_021939","T_minus","T_plus","XLOC_021939","unknown","unknown",4.00910065212818,6.12528245436541,1.89291884989094,0.547735015835581,0.0339991944928803,-1.68891572470401,,0.652679304634034,0.926490437037793,0.378868172230275,0.166698852477254,0.197869093221247,-1.2679831034188,,0.174,0.149433333333333,0.198566666666667,0.0491333333333333,0.998655380361917,0.0010670690369897,FALSE,0,"XLOC_021939","SPECC1","PB.6816.2","ENST00000681116.1","=",TRUE
"isoComp_00079743","geneComp_00010695","TCONS_00122925","XLOC_021939","T_minus","T_plus","XLOC_021939","unknown","unknown",4.00910065212818,6.12528245436541,1.89291884989094,0.547735015835581,0.0339991944928803,-1.68891572470401,,0.545133918774411,0.925190075989926,0.165077761558895,0.267792013561583,0.0829371694616242,-2.41726377666248,,0.117233333333333,0.1483,0.0861666666666667,-0.0621333333333333,0.847476810561408,0.0010670690369897,FALSE,0,"XLOC_021939","SPECC1","ENST00000680572.1","ENST00000680572.1","=",FALSE
"isoComp_00079745","geneComp_00010695","TCONS_00122927","XLOC_021939","T_minus","T_plus","XLOC_021939","unknown","unknown",4.00910065212818,6.12528245436541,1.89291884989094,0.547735015835581,0.0339991944928803,-1.68891572470401,,0.0415647532977355,0.0236572343962588,0.0594722721992122,0.0236572343962588,0.0594722721992122,1.04552064793119,,0.01755,0.00346666666666667,0.0316333333333333,0.0281666666666667,0.93086548207316,0.0010670690369897,FALSE,0,"XLOC_021939","SPECC1","ENST00000681875.1","ENST00000681875.1","=",FALSE
"isoComp_00079746","geneComp_00010695","TCONS_00122929","XLOC_021939","T_minus","T_plus","XLOC_021939","unknown","unknown",4.00910065212818,6.12528245436541,1.89291884989094,0.547735015835581,0.0339991944928803,-1.68891572470401,,1.00420507646957,1.80657164791434,0.201838505024794,0.337397373715016,0.0393726743093806,-3.10018151752012,,0.20805,0.308666666666667,0.107433333333333,-0.201233333333333,0.304617961048055,0.0010670690369897,FALSE,0,"XLOC_021939","SPECC1","ENST00000395529.7","ENST00000395529.7","=",FALSE
"isoComp_00079748","geneComp_00010695","TCONS_00122937","XLOC_021939","T_minus","T_plus","XLOC_021939","unknown","unknown",4.00910065212818,6.12528245436541,1.89291884989094,0.547735015835581,0.0339991944928803,-1.68891572470401,,0.0711166162503705,0.108203325409272,0.0340299070914685,0.0149008723650369,0.0166877852510464,-1.4247149182401,,0.0178666666666667,0.0180333333333333,0.0177,-0.000333333333333331,1,0.0010670690369897,FALSE,0,"XLOC_021939","SPECC1","ENST00000395530.6","ENST00000395530.6","=",FALSE
"isoComp_00079749","geneComp_00010695","TCONS_00122938","XLOC_021939","T_minus","T_plus","XLOC_021939","unknown","unknown",4.00910065212818,6.12528245436541,1.89291884989094,0.547735015835581,0.0339991944928803,-1.68891572470401,,0.448532827959825,0.691377201164248,0.205688454755403,0.349075311030531,0.102954396844204,-1.70124158054402,,0.1147,0.120933333333333,0.108466666666667,-0.0124666666666667,1,0.0010670690369897,FALSE,0,"XLOC_021939","SPECC1","ENST00000581399.6","ENST00000581399.6","=",FALSE
"isoComp_00079752","geneComp_00010695","TCONS_00122942","XLOC_021939","T_minus","T_plus","XLOC_021939","unknown","unknown",4.00910065212818,6.12528245436541,1.89291884989094,0.547735015835581,0.0339991944928803,-1.68891572470401,,0.240134058488626,0.285992027793158,0.194276089184093,0.274966885535276,0.194276089184093,-0.535037974653453,,0.0737,0.0440333333333333,0.103366666666667,0.0593333333333333,1,0.0010670690369897,TRUE,0,"XLOC_021939","SPECC1","ENST00000681545.1","ENST00000681545.1","=",FALSE
"isoComp_00079753","geneComp_00010695","TCONS_00122943","XLOC_021939","T_minus","T_plus","XLOC_021939","unknown","unknown",4.00910065212818,6.12528245436541,1.89291884989094,0.547735015835581,0.0339991944928803,-1.68891572470401,,0.101054137531216,0,0.202108275062432,0,0.0372905978801767,4.40672900127517,,0.0536666666666667,0,0.107333333333333,0.107333333333333,0.0010670690369897,0.0010670690369897,FALSE,0,"XLOC_021939","SPECC1","ENST00000679740.1","ENST00000679740.1","=",FALSE
"isoComp_00079754","geneComp_00010695","TCONS_00122946","XLOC_021939","T_minus","T_plus","XLOC_021939","unknown","unknown",4.00910065212818,6.12528245436541,1.89291884989094,0.547735015835581,0.0339991944928803,-1.68891572470401,,0.118793139976007,0,0.237586279952014,0,0.129535528517125,4.62985946439261,,0.0630666666666667,0,0.126133333333333,0.126133333333333,0.371577222624666,0.0010670690369897,FALSE,0,"XLOC_021939","SPECC1","ENST00000395525.7","ENST00000395525.7","=",FALSE
"isoComp_00080280","geneComp_00010786","TCONS_00123585","XLOC_022129","T_minus","T_plus","XLOC_022129","unknown","unknown",16.7660748386398,20.1903283019972,13.3418213752823,1.17764954358208,1.08440837689902,-0.597342181164374,,0.472878583029418,0.139296069943395,0.806461096115441,0.139296069943395,0.241395716938342,2.45120795527095,,0.03595,0.00766666666666667,0.0642333333333333,0.0565666666666667,0.272475691633246,1.79791180750605e-12,FALSE,0,"XLOC_022129","RHOT1","ENST00000333942.10","ENST00000333942.10","=",FALSE
"isoComp_00080281","geneComp_00010786","TCONS_00123586","XLOC_022129","T_minus","T_plus","XLOC_022129","unknown","unknown",16.7660748386398,20.1903283019972,13.3418213752823,1.17764954358208,1.08440837689902,-0.597342181164374,,1.11466606218061,1.24050325111006,0.988828873251166,0.0612076298003761,0.109988336024088,-0.324199377183333,,0.06775,0.0615,0.074,0.0125,0.838699542565072,1.79791180750605e-12,FALSE,0,"XLOC_022129","RHOT1","ENST00000358365.7","ENST00000358365.7","=",FALSE
"isoComp_00080282","geneComp_00010786","TCONS_00123587","XLOC_022129","T_minus","T_plus","XLOC_022129","unknown","unknown",16.7660748386398,20.1903283019972,13.3418213752823,1.17764954358208,1.08440837689902,-0.597342181164374,,1.00649005633681,1.10386701361723,0.909113099056382,0.407206906855204,0.42568918767451,-0.277262692655112,,0.0609166666666667,0.0573333333333333,0.0645,0.00716666666666668,0.970204270112046,1.79791180750605e-12,FALSE,0,"XLOC_022129","RHOT1","ENST00000583994.5","ENST00000583994.5","=",FALSE
"isoComp_00080283","geneComp_00010786","TCONS_00123588","XLOC_022129","T_minus","T_plus","XLOC_022129","unknown","unknown",16.7660748386398,20.1903283019972,13.3418213752823,1.17764954358208,1.08440837689902,-0.597342181164374,,1.93991112350664,2.57556753120997,1.3042547158033,0.107391994800518,0.227895220270372,-0.976236074788341,,0.113833333333333,0.128,0.0996666666666667,-0.0283333333333333,0.79478276538597,1.79791180750605e-12,FALSE,0,"XLOC_022129","RHOT1","ENST00000545287.7","ENST00000545287.7","=",FALSE
"isoComp_00080287","geneComp_00010786","TCONS_00123592","XLOC_022129","T_minus","T_plus","XLOC_022129","unknown","unknown",16.7660748386398,20.1903283019972,13.3418213752823,1.17764954358208,1.08440837689902,-0.597342181164374,,0.607481821005492,0.531222225878656,0.683741416132328,0.324322285637488,0.370442274161815,0.358176929198125,,0.0397833333333333,0.025,0.0545666666666667,0.0295666666666667,0.958532652653333,1.79791180750605e-12,FALSE,0,"XLOC_022129","RHOT1","ENST00000578205.5","ENST00000578205.5","=",FALSE
"isoComp_00080288","geneComp_00010786","TCONS_00123594","XLOC_022129","T_minus","T_plus","XLOC_022129","unknown","unknown",16.7660748386398,20.1903283019972,13.3418213752823,1.17764954358208,1.08440837689902,-0.597342181164374,,1.65304588125284,2.89375067525782,0.412341087247871,0.328252416815657,0.412341087247872,-2.78143707356139,,0.0870166666666667,0.1429,0.0311333333333333,-0.111766666666667,0.246827456568262,1.79791180750605e-12,FALSE,0,"XLOC_022129","RHOT1","ENST00000394692.6","ENST00000394692.6","=",FALSE
"isoComp_00080291","geneComp_00010786","TCONS_00123599","XLOC_022129","T_minus","T_plus","XLOC_022129","unknown","unknown",16.7660748386398,20.1903283019972,13.3418213752823,1.17764954358208,1.08440837689902,-0.597342181164374,,0.293010637979987,0.479164365762534,0.106856910197441,0.121087551323036,0.0541922504094913,-2.06557626271265,,0.01605,0.0240666666666667,0.00803333333333333,-0.0160333333333333,0.635855993496277,1.79791180750605e-12,FALSE,0,"XLOC_022129","RHOT1","ENST00000581148.1","ENST00000581148.1","=",FALSE
"isoComp_00080297","geneComp_00010786","TCONS_00135351","XLOC_022129","T_minus","T_plus","XLOC_022129","unknown","unknown",16.7660748386398,20.1903283019972,13.3418213752823,1.17764954358208,1.08440837689902,-0.597342181164374,,1.18692067719846,2.18110731622662,0.192734038170305,0.446071926594305,0.106349204439418,-3.43399990996331,,0.06285,0.110466666666667,0.0152333333333333,-0.0952333333333333,0.152427613891489,1.79791180750605e-12,FALSE,0,"XLOC_022129","RHOT1","PB.6918.4","ENST00000578205.5","c",TRUE
"isoComp_00080299","geneComp_00010786","TCONS_00135353","XLOC_022129","T_minus","T_plus","XLOC_022129","unknown","unknown",16.7660748386398,20.1903283019972,13.3418213752823,1.17764954358208,1.08440837689902,-0.597342181164374,,3.08976033809088,3.68847463130381,2.49104604487795,0.989464300235573,0.399754648716158,-0.564398761902411,,0.185533333333333,0.182433333333333,0.188633333333333,0.00619999999999998,0.985234723874805,1.79791180750605e-12,FALSE,0,"XLOC_022129","RHOT1","PB.7513.2","ENST00000578205.5","c",TRUE
"isoComp_00080302","geneComp_00010786","TCONS_00137000","XLOC_022129","T_minus","T_plus","XLOC_022129","unknown","unknown",16.7660748386398,20.1903283019972,13.3418213752823,1.17764954358208,1.08440837689902,-0.597342181164374,,1.08092530618638,0.0337960491375126,2.12805456323525,0.0337960491375126,0.309571177436806,5.6093541314478,,0.0806333333333333,0.00166666666666667,0.1596,0.157933333333333,1.79791180750605e-12,1.79791180750605e-12,FALSE,0,"XLOC_022129","RHOT1","PB.7513.1","ENST00000394692.6","c",TRUE
"isoComp_00080303","geneComp_00010786","TCONS_00137887","XLOC_022129","T_minus","T_plus","XLOC_022129","unknown","unknown",16.7660748386398,20.1903283019972,13.3418213752823,1.17764954358208,1.08440837689902,-0.597342181164374,,1.16334333237588,1.60770733283973,0.718979331912025,0.456092626326355,0.413215845926243,-1.15000080969989,,0.0641666666666667,0.0788,0.0495333333333333,-0.0292666666666667,0.861720584735414,1.79791180750605e-12,FALSE,0,"XLOC_022129","RHOT1","PB.8025.1","ENST00000578205.5","c",TRUE
"isoComp_00080304","geneComp_00010786","TCONS_00137888","XLOC_022129","T_minus","T_plus","XLOC_022129","unknown","unknown",16.7660748386398,20.1903283019972,13.3418213752823,1.17764954358208,1.08440837689902,-0.597342181164374,,1.8208686976146,2.23389783755091,1.40783955767829,0.71697041395925,0.431698405633436,-0.662312706111155,,0.105533333333333,0.109433333333333,0.101633333333333,-0.00779999999999999,0.997835672756094,1.79791180750605e-12,FALSE,0,"XLOC_022129","RHOT1","PB.8025.2","ENST00000578205.5","c",TRUE
"isoComp_00080305","geneComp_00010786","TCONS_00137889","XLOC_022129","T_minus","T_plus","XLOC_022129","unknown","unknown",16.7660748386398,20.1903283019972,13.3418213752823,1.17764954358208,1.08440837689902,-0.597342181164374,,0.290912888329912,0.276534779370534,0.30529099728929,0.261474025864766,0.30529099728929,0.137973713569294,,0.0177666666666667,0.0125,0.0230333333333333,0.0105333333333333,0.990248406542962,1.79791180750605e-12,FALSE,0,"XLOC_022129","RHOT1","PB.8025.3","ENST00000583994.5","c",TRUE
"isoComp_00080489","geneComp_00010817","TCONS_00123817","XLOC_022194","T_minus","T_plus","XLOC_022194","unknown","unknown",7338.77987765978,789.569324173298,13887.9904311463,35.0478633676863,1320.22947218292,4.13661087540282,,2956.7392558977,461.653440788172,5451.82507100722,53.817180946225,464.714774221871,3.56182852363153,,0.487416666666667,0.581533333333333,0.3933,-0.188233333333333,0.000994243694386227,0.000328435123189006,FALSE,0,"XLOC_022194","CCL4","PB.5430.1","ENST00000615863.2","=",TRUE
"isoComp_00080490","geneComp_00010817","TCONS_00123818","XLOC_022194","T_minus","T_plus","XLOC_022194","unknown","unknown",7338.77987765978,789.569324173298,13887.9904311463,35.0478633676863,1320.22947218292,4.13661087540282,,133.714139794037,11.099731568491,256.328548019583,0.350932653419253,40.6618523056671,4.52815458235979,,0.0161833333333333,0.0141,0.0182666666666667,0.00416666666666667,0.146920019985293,0.000328435123189006,FALSE,0,"XLOC_022194","CCL4","ENST00000621626.1","ENST00000621626.1","=",FALSE
"isoComp_00080499","geneComp_00010817","TCONS_00123834","XLOC_022194","T_minus","T_plus","XLOC_022194","unknown","unknown",7338.77987765978,789.569324173298,13887.9904311463,35.0478633676863,1320.22947218292,4.13661087540282,,3618.43370067338,246.348945424334,6990.51845592242,23.4515748104008,717.260408457841,4.82656775894573,,0.408733333333333,0.3147,0.502766666666667,0.188066666666667,0.000328435123189006,0.000328435123189006,FALSE,0,"XLOC_022194","CCL4L2","PB.5430.21","ENST00000620250.1","=",TRUE
"isoComp_00080500","geneComp_00010817","TCONS_00123835","XLOC_022194","T_minus","T_plus","XLOC_022194","unknown","unknown",7338.77987765978,789.569324173298,13887.9904311463,35.0478633676863,1320.22947218292,4.13661087540282,,360.632826436517,40.7768346418823,680.488818231152,2.35035407247445,60.1537306664834,4.06041720346662,,0.0505833333333333,0.0521,0.0490666666666667,-0.00303333333333333,0.934082812968386,0.000328435123189006,FALSE,0,"XLOC_022194","CCL4L2","ENST00000620576.4","ENST00000620576.4","=",FALSE
"isoComp_00080501","geneComp_00010817","TCONS_00123836","XLOC_022194","T_minus","T_plus","XLOC_022194","unknown","unknown",7338.77987765978,789.569324173298,13887.9904311463,35.0478633676863,1320.22947218292,4.13661087540282,,81.4947323335194,9.05199098922361,153.937473677815,0.0442471445861434,18.0889527693726,4.08646632600194,,0.01125,0.0115,0.011,-5e-04,0.918658322413681,0.000328435123189006,FALSE,0,"XLOC_022194","CCL4L2","ENST00000620732.4","ENST00000620732.4","=",FALSE
"isoComp_00080562","geneComp_00010825","TCONS_00123873","XLOC_022206","T_minus","T_plus","XLOC_022206","unknown","unknown",5.57602314480918,5.55861511517683,5.59343117444152,0.596536999694796,0.536871519008544,0.0089919281294755,,4.31807066176154,3.86916767661727,4.7669736469058,0.362338531653145,0.373849235149364,0.300349780366932,,0.7767,0.698133333333333,0.855266666666667,0.157133333333333,0.00205270736781288,0.00205270736781288,FALSE,0,"XLOC_022206","MRM1","ENST00000614766.5","ENST00000614766.5","=",FALSE
"isoComp_00080563","geneComp_00010825","TCONS_00123874","XLOC_022206","T_minus","T_plus","XLOC_022206","unknown","unknown",5.57602314480918,5.55861511517683,5.59343117444152,0.596536999694796,0.536871519008544,0.0089919281294755,,1.25795248304764,1.68944743855956,0.826457527535718,0.258162077856134,0.170133009836916,-1.02270155001217,,0.2233,0.301866666666667,0.144733333333333,-0.157133333333333,0.0229397687702455,0.00205270736781288,FALSE,0,"XLOC_022206","MRM1","ENST00000612760.1","ENST00000612760.1","=",FALSE
"isoComp_00085309","geneComp_00011416","TCONS_00129226","XLOC_023195","T_minus","T_plus","XLOC_023195","unknown","unknown",1.93475911078239,2.35857254006756,1.51094568149722,0.0341989047830285,0.103881025719855,-0.639049226580028,,0.88040549187132,1.45922371603192,0.301587267710725,0.100205791279519,0.0561240103339208,-2.23734590184142,,0.4123,0.617733333333333,0.206866666666667,-0.410866666666667,0.00218479826914574,2.9239208785721e-14,FALSE,0,"XLOC_023195","ZNF18","ENST00000580306.7","ENST00000580306.7","=",FALSE
"isoComp_00085310","geneComp_00011416","TCONS_00129227","XLOC_023195","T_minus","T_plus","XLOC_023195","unknown","unknown",1.93475911078239,2.35857254006756,1.51094568149722,0.0341989047830285,0.103881025719855,-0.639049226580028,,0.455692182287968,0,0.911384364575936,0,0.0341024222229366,6.5257312112361,,0.30385,0,0.6077,0.6077,2.9239208785721e-14,2.9239208785721e-14,FALSE,0,"XLOC_023195","ZNF18","ENST00000580613.5","ENST00000580613.5","=",FALSE
"isoComp_00085311","geneComp_00011416","TCONS_00129228","XLOC_023195","T_minus","T_plus","XLOC_023195","unknown","unknown",1.93475911078239,2.35857254006756,1.51094568149722,0.0341989047830285,0.103881025719855,-0.639049226580028,,0.0590866337342392,0.0804900876067573,0.0376831798617211,0.0210714785001535,0.0225081995741075,-0.924279317876535,,0.0289333333333333,0.0339666666666667,0.0239,-0.0100666666666667,0.964298910670961,2.9239208785721e-14,FALSE,0,"XLOC_023195","ZNF18","ENST00000322748.7","ENST00000322748.7","=",FALSE
"isoComp_00085312","geneComp_00011416","TCONS_00129229","XLOC_023195","T_minus","T_plus","XLOC_023195","unknown","unknown",1.93475911078239,2.35857254006756,1.51094568149722,0.0341989047830285,0.103881025719855,-0.639049226580028,,0.425086334704095,0.636051574290694,0.214121095117495,0.161050890843253,0.111549948156438,-1.5273708927432,,0.202166666666667,0.271766666666667,0.132566666666667,-0.1392,0.787822621476875,2.9239208785721e-14,FALSE,0,"XLOC_023195","ZNF18","ENST00000454073.7","ENST00000454073.7","=",FALSE
"isoComp_00085313","geneComp_00011416","TCONS_00129232","XLOC_023195","T_minus","T_plus","XLOC_023195","unknown","unknown",1.93475911078239,2.35857254006756,1.51094568149722,0.0341989047830285,0.103881025719855,-0.639049226580028,,0.0443993274382134,0.0887986548764268,0,0.0887986548764268,0,-3.30449139994438,,0.01835,0.0367,0,-0.0367,0.971130971367954,2.9239208785721e-14,,0,"XLOC_023195","ZNF18","ENST00000580903.1","ENST00000580903.1","=",FALSE
"isoComp_00085314","geneComp_00011416","TCONS_00135877","XLOC_023195","T_minus","T_plus","XLOC_023195","unknown","unknown",1.93475911078239,2.35857254006756,1.51094568149722,0.0341989047830285,0.103881025719855,-0.639049226580028,,0.0700891407465516,0.0940085072617623,0.0461697742313409,0.00932196887580474,0.0202921773940198,-0.888835627575222,,0.0344166666666667,0.0398333333333333,0.029,-0.0108333333333333,0.962878336108811,2.9239208785721e-14,FALSE,1,"XLOC_023195","ZNF18","PB.6760.2","ENST00000322748.7","j",TRUE
"isoComp_00085513","geneComp_00011450","TCONS_00129523","XLOC_023262","T_minus","T_plus","XLOC_023262","unknown","unknown",15.4540486670238,14.0562875740475,16.8518097600002,0.709608128810421,1.08465573382982,0.26151777003412,,7.36017638846127,4.98543040259081,9.73492237433173,0.313879578128026,0.843474750107119,0.964041708461957,,0.465116666666667,0.3542,0.576033333333333,0.221833333333333,9.86066603716753e-11,9.86066603716753e-11,FALSE,0,"XLOC_023262","PLD6","ENST00000321560.4","ENST00000321560.4","=",FALSE
"isoComp_00085515","geneComp_00011450","TCONS_00129525","XLOC_023262","T_minus","T_plus","XLOC_023262","unknown","unknown",15.4540486670238,14.0562875740475,16.8518097600002,0.709608128810421,1.08465573382982,0.26151777003412,,6.52865357986259,7.31012007821767,5.74718708150751,0.149519771558491,0.212992153320839,-0.346503220648608,,0.432033333333333,0.521733333333333,0.342333333333333,-0.1794,7.18875877193956e-07,9.86066603716753e-11,FALSE,0,"XLOC_023262","FLCN","ENST00000285071.9","ENST00000285071.9","=",FALSE
"isoComp_00085517","geneComp_00011450","TCONS_00129527","XLOC_023262","T_minus","T_plus","XLOC_023262","unknown","unknown",15.4540486670238,14.0562875740475,16.8518097600002,0.709608128810421,1.08465573382982,0.26151777003412,,0.419374513549573,0.435125971057085,0.40362305604206,0.0488365161611753,0.0823189104387906,-0.105897071746212,,0.0281333333333333,0.0314666666666667,0.0248,-0.00666666666666667,0.906116988832753,9.86066603716753e-11,FALSE,0,"XLOC_023262","FLCN","ENST00000466317.1","ENST00000466317.1","=",FALSE
"isoComp_00085518","geneComp_00011450","TCONS_00129528","XLOC_023262","T_minus","T_plus","XLOC_023262","unknown","unknown",15.4540486670238,14.0562875740475,16.8518097600002,0.709608128810421,1.08465573382982,0.26151777003412,,0.337987431022408,0.356840050581803,0.319134811463013,0.0415474337188783,0.0346614701778793,-0.1564725335338,,0.0220333333333333,0.0252,0.0188666666666667,-0.00633333333333333,0.875237475457937,9.86066603716753e-11,FALSE,0,"XLOC_023262","FLCN","ENST00000389169.9","ENST00000389169.9","=",FALSE
"isoComp_00085519","geneComp_00011450","TCONS_00129529","XLOC_023262","T_minus","T_plus","XLOC_023262","unknown","unknown",15.4540486670238,14.0562875740475,16.8518097600002,0.709608128810421,1.08465573382982,0.26151777003412,,0.28632422620387,0.408439173237139,0.164209279170601,0.16767751695928,0.0543600863728261,-1.2641964490202,,0.0194,0.0286333333333333,0.0101666666666667,-0.0184666666666667,0.681785302840606,9.86066603716753e-11,TRUE,0,"XLOC_023262","FLCN","ENST00000480316.1","ENST00000480316.1","=",FALSE
"isoComp_00085520","geneComp_00011450","TCONS_00129530","XLOC_023262","T_minus","T_plus","XLOC_023262","unknown","unknown",15.4540486670238,14.0562875740475,16.8518097600002,0.709608128810421,1.08465573382982,0.26151777003412,,0.164164810192315,0.135755723168269,0.192573897216361,0.098037601941406,0.0996088090738544,0.474895754112087,,0.0100666666666667,0.0091,0.0110333333333333,0.00193333333333333,0.993041813401932,9.86066603716753e-11,,0,"XLOC_023262","FLCN","ENST00000417064.1","ENST00000417064.1","=",FALSE
"isoComp_00085522","geneComp_00011450","TCONS_00129532","XLOC_023262","T_minus","T_plus","XLOC_023262","unknown","unknown",15.4540486670238,14.0562875740475,16.8518097600002,0.709608128810421,1.08465573382982,0.26151777003412,,0.261023143479573,0.24671593380139,0.275330353157755,0.0341973624250177,0.0641803453680929,0.152460383894219,,0.0167833333333333,0.0176,0.0159666666666667,-0.00163333333333333,0.990340222488236,9.86066603716753e-11,FALSE,0,"XLOC_023262","FLCN","ENST00000389171.4","ENST00000389171.4","=",FALSE
"isoComp_00085564","geneComp_00011455","TCONS_00129557","XLOC_023267","T_minus","T_plus","XLOC_023267","unknown","unknown",3.9729292829899,4.36193070110245,3.58392786487736,0.37833903542145,0.118214476469723,-0.28270908097632,,0.243260209803915,0.486520419607829,0,0.275186530944996,0,-5.63378114529193,,0.0514166666666667,0.102833333333333,0,-0.102833333333333,0.0147820178329314,0.0147820178329314,FALSE,0,"XLOC_023267","PEMT","ENST00000582268.5","ENST00000582268.5","=",FALSE
"isoComp_00085565","geneComp_00011455","TCONS_00129559","XLOC_023267","T_minus","T_plus","XLOC_023267","unknown","unknown",3.9729292829899,4.36193070110245,3.58392786487736,0.37833903542145,0.118214476469723,-0.28270908097632,,0.1876889220303,0.219674319393832,0.155703524666768,0.219674319393832,0.155703524666768,-0.470985263135541,,0.0517666666666667,0.0573333333333333,0.0462,-0.0111333333333333,0.999016701874542,0.0147820178329314,FALSE,0,"XLOC_023267","PEMT","ENST00000490392.5","ENST00000490392.5","=",FALSE
"isoComp_00085566","geneComp_00011455","TCONS_00129560","XLOC_023267","T_minus","T_plus","XLOC_023267","unknown","unknown",3.9729292829899,4.36193070110245,3.58392786487736,0.37833903542145,0.118214476469723,-0.28270908097632,,0.661205298655655,1.02953968186667,0.292870915444636,0.265700267582814,0.292870915444636,-1.77916988202366,,0.16385,0.2408,0.0869,-0.1539,0.42768042839147,0.0147820178329314,FALSE,0,"XLOC_023267","PEMT","ENST00000395782.5","ENST00000395782.5","=",FALSE
"isoComp_00085567","geneComp_00011455","TCONS_00129562","XLOC_023267","T_minus","T_plus","XLOC_023267","unknown","unknown",3.9729292829899,4.36193070110245,3.58392786487736,0.37833903542145,0.118214476469723,-0.28270908097632,,0.214749581280846,0.303495206391431,0.126003956170261,0.00911052328643396,0.0642903115516224,-1.20479476503653,,0.0528333333333333,0.0705333333333333,0.0351333333333333,-0.0354,0.79039000722064,0.0147820178329314,FALSE,0,"XLOC_023267","PEMT","ENST00000435340.6","ENST00000435340.6","=",FALSE
"isoComp_00085568","geneComp_00011455","TCONS_00129563","XLOC_023267","T_minus","T_plus","XLOC_023267","unknown","unknown",3.9729292829899,4.36193070110245,3.58392786487736,0.37833903542145,0.118214476469723,-0.28270908097632,,2.59574178719554,2.29212388775754,2.89935968663353,0.330331681198757,0.522892645407105,0.337736195548535,,0.661683333333333,0.521166666666667,0.8022,0.281033333333333,0.358124819746581,0.0147820178329314,FALSE,0,"XLOC_023267","PEMT","ENST00000255389.10","ENST00000255389.10","=",FALSE
"isoComp_00085569","geneComp_00011455","TCONS_00129568","XLOC_023267","T_minus","T_plus","XLOC_023267","unknown","unknown",3.9729292829899,4.36193070110245,3.58392786487736,0.37833903542145,0.118214476469723,-0.28270908097632,,0.0702834840236538,0.0305771860851354,0.109989781962172,0.0305771860851354,0.0643680303869164,1.56417082787355,,0.0184666666666667,0.00736666666666667,0.0295666666666667,0.0222,0.834541661889395,0.0147820178329314,FALSE,0,"XLOC_023267","PEMT","ENST00000472446.1","ENST00000472446.1","=",FALSE
"isoComp_00086476","geneComp_00011595","TCONS_00130712","XLOC_023567","T_minus","T_plus","XLOC_023567","unknown","unknown",3798.73802112965,290.451453849176,7307.02458841012,49.2051971856205,432.482757279313,4.6528674101701,,1729.49163161554,195.418640984243,3263.56462224683,38.4519970084634,153.957251597953,4.06173920553143,,0.557283333333333,0.6672,0.447366666666667,-0.219833333333333,5.61215504485498e-20,5.61215504485498e-20,FALSE,1,"XLOC_023567","CCL3","PB.5431.1","ENST00000613922.2","=",TRUE
"isoComp_00086480","geneComp_00011595","TCONS_00130722","XLOC_023567","T_minus","T_plus","XLOC_023567","unknown","unknown",3798.73802112965,290.451453849176,7307.02458841012,49.2051971856205,432.482757279313,4.6528674101701,,1817.16537043054,71.1530766526075,3563.17766420847,6.09143388789184,240.550929906338,5.64589577320635,,0.369216666666667,0.251233333333333,0.4872,0.235966666666667,3.35346207618719e-19,5.61215504485498e-20,FALSE,0,"XLOC_023567","CCL3L1","PB.5431.20","ENST00000619989.1","=",TRUE
"isoComp_00086490","geneComp_00011595","TCONS_00138262","XLOC_023567","T_minus","T_plus","XLOC_023567","unknown","unknown",3798.73802112965,290.451453849176,7307.02458841012,49.2051971856205,432.482757279313,4.6528674101701,,121.139849032685,11.6214034519938,230.658294613377,2.36558142236178,23.7819197989101,4.3097226301693,,0.0355333333333333,0.0396666666666667,0.0314,-0.00826666666666667,0.151020246467833,5.61215504485498e-20,FALSE,0,"XLOC_023567","CCL3","PB.8068.1","ENST00000613922.2","j",TRUE
"isoComp_00086602","geneComp_00011615","TCONS_00130840","XLOC_023601","T_minus","T_plus","XLOC_023601","unknown","unknown",3.3644152788623,3.20948503814886,3.51934551957574,0.12300149960295,0.179365441597725,0.132570730123875,,0.187009186502242,0.201077086764234,0.17294128624025,0.162026384224507,0.095230277652789,-0.206389277398384,,0.05795,0.0653,0.0506,-0.0147,0.993667382766757,0.00892081118471953,FALSE,0,"XLOC_023601","NPEPPSP1","ENST00000649858.2","ENST00000649858.2","=",FALSE
"isoComp_00086603","geneComp_00011615","TCONS_00130841","XLOC_023601","T_minus","T_plus","XLOC_023601","unknown","unknown",3.3644152788623,3.20948503814886,3.51934551957574,0.12300149960295,0.179365441597725,0.132570730123875,,0.0356733837659913,0.0713467675319827,0,0.0713467675319827,0,-3.02408501881442,,0.01035,0.0207,0,-0.0207,0.924289094508948,0.00892081118471953,FALSE,0,"XLOC_023601","NPEPPSP1","ENST00000685092.1","ENST00000685092.1","=",FALSE
"isoComp_00086604","geneComp_00011615","TCONS_00130842","XLOC_023601","T_minus","T_plus","XLOC_023601","unknown","unknown",3.3644152788623,3.20948503814886,3.51934551957574,0.12300149960295,0.179365441597725,0.132570730123875,,0.576175872085369,0.57041628234688,0.581935461823857,0.303263187879657,0.113851380344467,0.0283518970023809,,0.174,0.1838,0.1642,-0.0196,0.978160772244704,0.00892081118471953,FALSE,0,"XLOC_023601","NPEPPSP1","ENST00000692748.1","ENST00000692748.1","=",FALSE
"isoComp_00086605","geneComp_00011615","TCONS_00130843","XLOC_023601","T_minus","T_plus","XLOC_023601","unknown","unknown",3.3644152788623,3.20948503814886,3.51934551957574,0.12300149960295,0.179365441597725,0.132570730123875,,1.20562085597524,1.19636427139924,1.21487744055124,0.489152963207352,0.196001610598159,0.0219717960898272,,0.35725,0.362633333333333,0.351866666666667,-0.0107666666666667,1,0.00892081118471953,TRUE,0,"XLOC_023601","NPEPPSP1","ENST00000685611.1","ENST00000685611.1","=",FALSE
"isoComp_00086606","geneComp_00011615","TCONS_00130844","XLOC_023601","T_minus","T_plus","XLOC_023601","unknown","unknown",3.3644152788623,3.20948503814886,3.51934551957574,0.12300149960295,0.179365441597725,0.132570730123875,,0.0523838761631445,0.104767752326289,0,0.104767752326289,0,-3.52064542248918,,0.0166166666666667,0.0332333333333333,0,-0.0332333333333333,0.929297372894517,0.00892081118471953,TRUE,0,"XLOC_023601","NPEPPSP1","ENST00000620148.2","ENST00000620148.2","=",FALSE
"isoComp_00086607","geneComp_00011615","TCONS_00130845","XLOC_023601","T_minus","T_plus","XLOC_023601","unknown","unknown",3.3644152788623,3.20948503814886,3.51934551957574,0.12300149960295,0.179365441597725,0.132570730123875,,0.0389258811666921,0,0.0778517623333842,0,0.0778517623333842,3.13507122743037,,0.0102333333333333,0,0.0204666666666667,0.0204666666666667,0.944908990814648,0.00892081118471953,FALSE,0,"XLOC_023601","NPEPPSP1","ENST00000685084.1","ENST00000685084.1","=",FALSE
"isoComp_00086608","geneComp_00011615","TCONS_00130846","XLOC_023601","T_minus","T_plus","XLOC_023601","unknown","unknown",3.3644152788623,3.20948503814886,3.51934551957574,0.12300149960295,0.179365441597725,0.132570730123875,,0.175181866021936,0.0917315582554063,0.258632173788465,0.0917315582554063,0.0945322825598762,1.40086481656125,,0.0488833333333333,0.0266333333333333,0.0711333333333333,0.0445,0.680243195910828,0.00892081118471953,FALSE,0,"XLOC_023601","NPEPPSP1","ENST00000690513.1","ENST00000690513.1","=",FALSE
"isoComp_00086609","geneComp_00011615","TCONS_00130847","XLOC_023601","T_minus","T_plus","XLOC_023601","unknown","unknown",3.3644152788623,3.20948503814886,3.51934551957574,0.12300149960295,0.179365441597725,0.132570730123875,,0.783028799435774,0.430801966366394,1.13525563250515,0.0294568503688924,0.109856815840614,1.37746709349022,,0.227633333333333,0.133966666666667,0.3213,0.187333333333333,0.00892081118471953,0.00892081118471953,FALSE,0,"XLOC_023601","NPEPPSP1","ENST00000684912.1","ENST00000684912.1","=",FALSE
"isoComp_00086610","geneComp_00011615","TCONS_00137534","XLOC_023601","T_minus","T_plus","XLOC_023601","unknown","unknown",3.3644152788623,3.20948503814886,3.51934551957574,0.12300149960295,0.179365441597725,0.132570730123875,,0.31041555774591,0.542979353158436,0.0778517623333842,0.289009121725011,0.0778517623333842,-2.65408248236179,,0.0971166666666667,0.173766666666667,0.0204666666666667,-0.1533,0.4057636809901,0.00892081118471953,FALSE,0,"XLOC_023601","NPEPPSP1","PB.7572.2","ENST00000649858.2","j",TRUE
"isoComp_00087022","geneComp_00011679","TCONS_00131372","XLOC_023727","T_minus","T_plus","XLOC_023727","unknown","unknown",59.8157927364881,16.7052135981066,102.92637187487,0.59542018611737,6.76245674244121,2.62251914300493,,0.574853061842457,0.789577722704846,0.360128400980067,0.6435139329255,0.186275477625133,-1.11121243536393,,0.0255666666666667,0.0473666666666667,0.00376666666666667,-0.0436,0.848203950048268,0.000361141719832787,FALSE,0,"XLOC_023727","DHX58","ENST00000589979.1","ENST00000589979.1","=",FALSE
"isoComp_00087023","geneComp_00011679","TCONS_00131373","XLOC_023727","T_minus","T_plus","XLOC_023727","unknown","unknown",59.8157927364881,16.7052135981066,102.92637187487,0.59542018611737,6.76245674244121,2.62251914300493,,3.74149623529302,2.7026570902436,4.78033538034243,0.551368708360059,0.472217003465817,0.820419978685915,,0.103816666666667,0.160466666666667,0.0471666666666667,-0.1133,0.000361141719832787,0.000361141719832787,FALSE,0,"XLOC_023727","DHX58","ENST00000251642.8","ENST00000251642.8","=",FALSE
"isoComp_00087024","geneComp_00011679","TCONS_00131374","XLOC_023727","T_minus","T_plus","XLOC_023727","unknown","unknown",59.8157927364881,16.7052135981066,102.92637187487,0.59542018611737,6.76245674244121,2.62251914300493,,4.26360641835105,0.760269365940708,7.7669434707614,0.13030939876387,0.857517055553313,3.33576829737502,,0.06075,0.0450666666666667,0.0764333333333333,0.0313666666666667,0.37326938434285,0.000361141719832787,FALSE,0,"XLOC_023727","DHX58","ENST00000592024.1","ENST00000592024.1","=",FALSE
"isoComp_00087025","geneComp_00011679","TCONS_00131375","XLOC_023727","T_minus","T_plus","XLOC_023727","unknown","unknown",59.8157927364881,16.7052135981066,102.92637187487,0.59542018611737,6.76245674244121,2.62251914300493,,3.19502067070504,0.859433000284033,5.53060834112604,0.0953325254999351,0.733375755910482,2.67189762744369,,0.0527,0.0515,0.0539,0.0024,0.992224882376922,0.000361141719832787,FALSE,0,"XLOC_023727","DHX58","ENST00000586522.5","ENST00000586522.5","=",FALSE
"isoComp_00087027","geneComp_00011679","TCONS_00131377","XLOC_023727","T_minus","T_plus","XLOC_023727","unknown","unknown",59.8157927364881,16.7052135981066,102.92637187487,0.59542018611737,6.76245674244121,2.62251914300493,,3.33995145049797,1.9017901686887,4.77811273230724,0.34691952411159,0.241007491641847,1.3245329328743,,0.0799833333333333,0.113433333333333,0.0465333333333333,-0.0669,0.00354578772044577,0.000361141719832787,TRUE,1,"XLOC_023727","DHX58","ENST00000413196.6","ENST00000413196.6","=",FALSE
"isoComp_00087029","geneComp_00011679","TCONS_00131379","XLOC_023727","T_minus","T_plus","XLOC_023727","unknown","unknown",59.8157927364881,16.7052135981066,102.92637187487,0.59542018611737,6.76245674244121,2.62251914300493,,0.918757275648002,0.227397980389579,1.61011657090643,0.165917329815872,0.293074523504959,2.77071805514847,,0.0143333333333333,0.0132,0.0154666666666667,0.00226666666666667,0.873279174624485,0.000361141719832787,TRUE,0,"XLOC_023727","DHX58","ENST00000430773.1","ENST00000430773.1","=",FALSE
"isoComp_00087030","geneComp_00011679","TCONS_00136727","XLOC_023727","T_minus","T_plus","XLOC_023727","unknown","unknown",59.8157927364881,16.7052135981066,102.92637187487,0.59542018611737,6.76245674244121,2.62251914300493,,8.24919091264469,0.659022958181496,15.8393588671079,0.659022958181496,3.03916545357474,4.56622495269207,,0.0972333333333333,0.0422,0.152266666666667,0.110066666666667,0.215258003304594,0.000361141719832787,FALSE,0,"XLOC_023727","DHX58","PB.5497.2","ENST00000251642.8","j",TRUE
"isoComp_00087031","geneComp_00011679","TCONS_00136729","XLOC_023727","T_minus","T_plus","XLOC_023727","unknown","unknown",59.8157927364881,16.7052135981066,102.92637187487,0.59542018611737,6.76245674244121,2.62251914300493,,1.34409565807061,0.162542519582809,2.52564879655841,0.0884255911530473,1.6351368122961,3.87733110333291,,0.0175,0.00996666666666667,0.0250333333333333,0.0150666666666667,0.86427365140928,0.000361141719832787,FALSE,0,"XLOC_023727","DHX58","PB.5497.3","ENST00000251642.8","j",TRUE
"isoComp_00087034","geneComp_00011679","TCONS_00136732","XLOC_023727","T_minus","T_plus","XLOC_023727","unknown","unknown",59.8157927364881,16.7052135981066,102.92637187487,0.59542018611737,6.76245674244121,2.62251914300493,,2.64378128080648,1.04614841089423,4.24141415071874,0.184416934641359,0.434050241536028,2.0091302279872,,0.0521,0.0631666666666667,0.0410333333333333,-0.0221333333333333,0.549348762513778,0.000361141719832787,FALSE,0,"XLOC_023727","DHX58","PB.5497.5","ENST00000251642.8","c",TRUE
"isoComp_00087035","geneComp_00011679","TCONS_00136733","XLOC_023727","T_minus","T_plus","XLOC_023727","unknown","unknown",59.8157927364881,16.7052135981066,102.92637187487,0.59542018611737,6.76245674244121,2.62251914300493,,5.7184397661054,0.947242276639132,10.4896372555717,0.285737629159806,0.954551526282462,3.45531156093087,,0.0790833333333333,0.0564666666666667,0.1017,0.0452333333333333,0.245898747026427,0.000361141719832787,TRUE,0,"XLOC_023727","DHX58","PB.5497.8","ENST00000251642.8","j",TRUE
"isoComp_00087036","geneComp_00011679","TCONS_00136734","XLOC_023727","T_minus","T_plus","XLOC_023727","unknown","unknown",59.8157927364881,16.7052135981066,102.92637187487,0.59542018611737,6.76245674244121,2.62251914300493,,6.24272958313508,2.09541702461176,10.3900421416584,0.739958807116035,2.59507542602243,2.30441144976444,,0.1122,0.1227,0.1017,-0.021,0.981610780472667,0.000361141719832787,FALSE,0,"XLOC_023727","DHX58","PB.5497.9","ENST00000251642.8","c",TRUE
"isoComp_00087037","geneComp_00011679","TCONS_00138283","XLOC_023727","T_minus","T_plus","XLOC_023727","unknown","unknown",59.8157927364881,16.7052135981066,102.92637187487,0.59542018611737,6.76245674244121,2.62251914300493,,17.7583225259703,4.15806071683638,31.3585843351042,0.480543668083855,3.80180213850926,2.91187222293029,,0.276733333333333,0.250733333333333,0.302733333333333,0.052,0.678145732020741,0.000361141719832787,FALSE,0,"XLOC_023727","DHX58","PB.8161.1","ENST00000251642.8","c",TRUE
"isoComp_00087806","geneComp_00011777","TCONS_00132247","XLOC_023867","T_minus","T_plus","XLOC_023867","unknown","unknown",6.36517819009584,8.02563281440164,4.70472356579004,0.31317849876106,0.314031612889796,-0.769238456982123,,4.445355305711,6.13972531790611,2.75098529351588,0.207359241567188,0.323123591194324,-1.15533876945368,,0.67365,0.766633333333333,0.580666666666667,-0.185966666666667,0.0368124230335728,0.0368124230335728,FALSE,1,"XLOC_023867","OSBPL7","ENST00000007414.8","ENST00000007414.8","=",FALSE
"isoComp_00087807","geneComp_00011777","TCONS_00132248","XLOC_023867","T_minus","T_plus","XLOC_023867","unknown","unknown",6.36517819009584,8.02563281440164,4.70472356579004,0.31317849876106,0.314031612889796,-0.769238456982123,,0.394864704360038,0.418011138275578,0.371718270444499,0.0719875525768711,0.0849784332108371,-0.165140099933178,,0.0645333333333333,0.0519,0.0771666666666667,0.0252666666666667,0.824929858143941,0.0368124230335728,FALSE,5,"XLOC_023867","OSBPL7","ENST00000583167.5","ENST00000583167.5","=",FALSE
"isoComp_00087808","geneComp_00011777","TCONS_00132249","XLOC_023867","T_minus","T_plus","XLOC_023867","unknown","unknown",6.36517819009584,8.02563281440164,4.70472356579004,0.31317849876106,0.314031612889796,-0.769238456982123,,0.10505929474672,0.157402865159291,0.0527157243341483,0.0516537853232448,0.0322355760114825,-1.41642510864294,,0.0149,0.0193333333333333,0.0104666666666667,-0.00886666666666667,0.868233103831812,0.0368124230335728,TRUE,0,"XLOC_023867","OSBPL7","ENST00000392507.7","ENST00000392507.7","=",FALSE
"isoComp_00087809","geneComp_00011777","TCONS_00132250","XLOC_023867","T_minus","T_plus","XLOC_023867","unknown","unknown",6.36517819009584,8.02563281440164,4.70472356579004,0.31317849876106,0.314031612889796,-0.769238456982123,,0.0911829446816623,0.109269116219714,0.0730967731436106,0.0497033561080673,0.0135706134608493,-0.521356157366941,,0.0144333333333333,0.0135333333333333,0.0153333333333333,0.0018,0.971951310155596,0.0368124230335728,TRUE,1,"XLOC_023867","OSBPL7","ENST00000579728.5","ENST00000579728.5","=",FALSE
"isoComp_00087810","geneComp_00011777","TCONS_00132251","XLOC_023867","T_minus","T_plus","XLOC_023867","unknown","unknown",6.36517819009584,8.02563281440164,4.70472356579004,0.31317849876106,0.314031612889796,-0.769238456982123,,0.0827781749917305,0.118236123592925,0.0473202263905358,0.0741265156013658,0.0418826215223019,-1.16168650776001,,0.0128666666666667,0.0143,0.0114333333333333,-0.00286666666666667,0.981905545769271,0.0368124230335728,TRUE,2,"XLOC_023867","OSBPL7","ENST00000613735.4","ENST00000613735.4","=",FALSE
"isoComp_00087811","geneComp_00011777","TCONS_00132252","XLOC_023867","T_minus","T_plus","XLOC_023867","unknown","unknown",6.36517819009584,8.02563281440164,4.70472356579004,0.31317849876106,0.314031612889796,-0.769238456982123,,0.275676605470081,0.0628990472041357,0.488454163736027,0.0628990472041357,0.245341582305578,2.77348898140397,,0.0590166666666667,0.00836666666666667,0.109666666666667,0.1013,0.652668213082292,0.0368124230335728,FALSE,0,"XLOC_023867","OSBPL7","ENST00000578461.1","ENST00000578461.1","=",FALSE
"isoComp_00087812","geneComp_00011777","TCONS_00132253","XLOC_023867","T_minus","T_plus","XLOC_023867","unknown","unknown",6.36517819009584,8.02563281440164,4.70472356579004,0.31317849876106,0.314031612889796,-0.769238456982123,,0.0758075560122073,0.0746370714116372,0.0769780406127774,0.0475799386502495,0.0394989895559599,0.039361500447382,,0.0130833333333333,0.0089,0.0172666666666667,0.00836666666666667,0.944572630367694,0.0368124230335728,TRUE,1,"XLOC_023867","OSBPL7","ENST00000580140.5","ENST00000580140.5","=",FALSE
"isoComp_00087813","geneComp_00011777","TCONS_00132254","XLOC_023867","T_minus","T_plus","XLOC_023867","unknown","unknown",6.36517819009584,8.02563281440164,4.70472356579004,0.31317849876106,0.314031612889796,-0.769238456982123,,0.0705182503213442,0,0.141036500642688,0,0.0708228373201419,3.91682533935598,,0.0140666666666667,0,0.0281333333333333,0.0281333333333333,0.507609511411246,0.0368124230335728,FALSE,0,"XLOC_023867","OSBPL7","ENST00000580808.1","ENST00000580808.1","=",FALSE
"isoComp_00087814","geneComp_00011777","TCONS_00132255","XLOC_023867","T_minus","T_plus","XLOC_023867","unknown","unknown",6.36517819009584,8.02563281440164,4.70472356579004,0.31317849876106,0.314031612889796,-0.769238456982123,,0.21012999614741,0.29138077679312,0.1288792155017,0.0419896152554395,0.0738492103322484,-1.11775669586956,,0.03195,0.0364,0.0275,-0.0089,0.916317592223027,0.0368124230335728,TRUE,0,"XLOC_023867","OSBPL7","ENST00000584698.1","ENST00000584698.1","=",FALSE
"isoComp_00087815","geneComp_00011777","TCONS_00132256","XLOC_023867","T_minus","T_plus","XLOC_023867","unknown","unknown",6.36517819009584,8.02563281440164,4.70472356579004,0.31317849876106,0.314031612889796,-0.769238456982123,,0.476283050440326,0.471054746498795,0.481511354381857,0.0559781918246387,0.0530357599987889,0.031023655146737,,0.0813333333333333,0.0586,0.104066666666667,0.0454666666666667,0.611105726241705,0.0368124230335728,FALSE,0,"XLOC_023867","OSBPL7","ENST00000580226.5","ENST00000580226.5","=",FALSE
"isoComp_00087816","geneComp_00011777","TCONS_00132257","XLOC_023867","T_minus","T_plus","XLOC_023867","unknown","unknown",6.36517819009584,8.02563281440164,4.70472356579004,0.31317849876106,0.314031612889796,-0.769238456982123,,0.137522307213325,0.183016611340329,0.0920280030863204,0.0923121588804957,0.0509634864042832,-0.919759838220799,,0.02025,0.0221,0.0184,-0.0037,0.996876681283883,0.0368124230335728,FALSE,1,"XLOC_023867","OSBPL7","ENST00000585051.1","ENST00000585051.1","=",FALSE
"isoComp_00088037","geneComp_00011815","TCONS_00132519","XLOC_023939","T_minus","T_plus","XLOC_023939","unknown","unknown",7.56531935868688,7.34339752490274,7.78724119247102,0.574131546341871,0.735279800117475,0.0845527830092742,,0.281336825154691,0.290900840575627,0.271772809733754,0.0365595152528924,0.0533536805421768,-0.0947557344499007,,0.0381,0.0408,0.0354,-0.0054,0.973914528332969,0.00310041342177101,FALSE,0,"XLOC_023939","SAMD14","ENST00000330175.9","ENST00000330175.9","=",FALSE
"isoComp_00088038","geneComp_00011815","TCONS_00132520","XLOC_023939","T_minus","T_plus","XLOC_023939","unknown","unknown",7.56531935868688,7.34339752490274,7.78724119247102,0.574131546341871,0.735279800117475,0.0845527830092742,,1.9089690692832,2.67285574297303,1.14508239559338,0.366341889535437,0.24715294320825,-1.21577371583618,,0.253283333333333,0.3621,0.144466666666667,-0.217633333333333,0.00310041342177101,0.00310041342177101,TRUE,0,"XLOC_023939","SAMD14","ENST00000285206.12","ENST00000285206.12","=",FALSE
"isoComp_00088039","geneComp_00011815","TCONS_00132521","XLOC_023939","T_minus","T_plus","XLOC_023939","unknown","unknown",7.56531935868688,7.34339752490274,7.78724119247102,0.574131546341871,0.735279800117475,0.0845527830092742,,2.10740641686502,1.45888456846664,2.7559282652634,0.375390070273611,0.127002986714613,0.913042713570077,,0.276366666666667,0.195433333333333,0.3573,0.161866666666667,0.261269262951451,0.00310041342177101,TRUE,0,"XLOC_023939","SAMD14","ENST00000508892.5","ENST00000508892.5","=",FALSE
"isoComp_00088040","geneComp_00011815","TCONS_00132522","XLOC_023939","T_minus","T_plus","XLOC_023939","unknown","unknown",7.56531935868688,7.34339752490274,7.78724119247102,0.574131546341871,0.735279800117475,0.0845527830092742,,0.257019464853404,0.171900162139415,0.342138767567392,0.0419190217562021,0.0292017531963103,0.952997235785017,,0.0345333333333333,0.0245,0.0445666666666667,0.0200666666666667,0.754180155916966,0.00310041342177101,FALSE,3,"XLOC_023939","SAMD14","ENST00000573376.1","ENST00000573376.1","=",FALSE
"isoComp_00088041","geneComp_00011815","TCONS_00132523","XLOC_023939","T_minus","T_plus","XLOC_023939","unknown","unknown",7.56531935868688,7.34339752490274,7.78724119247102,0.574131546341871,0.735279800117475,0.0845527830092742,,0.463174887047344,0.373546486155238,0.552803287939449,0.12957249667857,0.254305220629416,0.553229312760575,,0.05735,0.0489,0.0658,0.0169,0.980614585307135,0.00310041342177101,FALSE,0,"XLOC_023939","SAMD14","ENST00000503131.1","ENST00000503131.1","=",FALSE
"isoComp_00088042","geneComp_00011815","TCONS_00132524","XLOC_023939","T_minus","T_plus","XLOC_023939","unknown","unknown",7.56531935868688,7.34339752490274,7.78724119247102,0.574131546341871,0.735279800117475,0.0845527830092742,,0.442878367545736,0.329712667372237,0.556044067719235,0.089045967138091,0.229482591356275,0.736599359128665,,0.0573166666666667,0.0472,0.0674333333333333,0.0202333333333333,0.914293103710033,0.00310041342177101,FALSE,0,"XLOC_023939","SAMD14","ENST00000515816.1","ENST00000515816.1","=",FALSE
"isoComp_00088044","geneComp_00011815","TCONS_00132526","XLOC_023939","T_minus","T_plus","XLOC_023939","unknown","unknown",7.56531935868688,7.34339752490274,7.78724119247102,0.574131546341871,0.735279800117475,0.0845527830092742,,1.74721385215834,1.76465642931799,1.72977127499869,0.0805395879117338,0.136376008944921,-0.0286420984827352,,0.235083333333333,0.241533333333333,0.228633333333333,-0.0129,0.964920307696554,0.00310041342177101,FALSE,0,"XLOC_023939","SAMD14","ENST00000507043.1","ENST00000507043.1","=",FALSE
"isoComp_00088045","geneComp_00011815","TCONS_00132527","XLOC_023939","T_minus","T_plus","XLOC_023939","unknown","unknown",7.56531935868688,7.34339752490274,7.78724119247102,0.574131546341871,0.735279800117475,0.0845527830092742,,0.151211379673533,0.0975488540368877,0.204873905310177,0.0590082390008809,0.104695322624483,0.998498137289586,,0.0191,0.0137333333333333,0.0244666666666667,0.0107333333333333,0.948191089408513,0.00310041342177101,FALSE,0,"XLOC_023939","SAMD14","ENST00000511964.1","ENST00000511964.1","=",FALSE
"isoComp_00088046","geneComp_00011815","TCONS_00132528","XLOC_023939","T_minus","T_plus","XLOC_023939","unknown","unknown",7.56531935868688,7.34339752490274,7.78724119247102,0.574131546341871,0.735279800117475,0.0845527830092742,,0.194376503688351,0.183391773865679,0.205361233511022,0.0326335925998482,0.127890464167686,0.155232148837606,,0.0275833333333333,0.0258333333333333,0.0293333333333333,0.0035,0.95267965359031,0.00310041342177101,FALSE,0,"XLOC_023939","SAMD14","ENST00000513474.1","ENST00000513474.1","=",FALSE
"isoComp_00088903","geneComp_00011915","TCONS_00133487","XLOC_024139","T_minus","T_plus","XLOC_024139","unknown","unknown",7.60955277469417,6.56379375643491,8.65531179295342,0.952961286683756,0.542946935644832,0.398525466396717,,5.60373152919368,5.62000177089998,5.58746128748738,0.555736207273187,0.22894868110513,-0.00836273078868196,,0.758466666666667,0.8695,0.647433333333333,-0.222066666666667,0.00802035534469342,0.00574586750109999,FALSE,0,"XLOC_024139","HELZ","ENST00000358691.10","ENST00000358691.10","=",FALSE
"isoComp_00088904","geneComp_00011915","TCONS_00133488","XLOC_024139","T_minus","T_plus","XLOC_024139","unknown","unknown",7.60955277469417,6.56379375643491,8.65531179295342,0.952961286683756,0.542946935644832,0.398525466396717,,0.0995000286939516,0.0984193272556315,0.100580730132272,0.0702337439819251,0.026038869163736,0.0284780424191147,,0.0127833333333333,0.0137666666666667,0.0118,-0.00196666666666667,0.993786521450724,0.00574586750109999,TRUE,0,"XLOC_024139","HELZ","ENST00000579953.5","ENST00000579953.5","=",FALSE
"isoComp_00088905","geneComp_00011915","TCONS_00133489","XLOC_024139","T_minus","T_plus","XLOC_024139","unknown","unknown",7.60955277469417,6.56379375643491,8.65531179295342,0.952961286683756,0.542946935644832,0.398525466396717,,0.752035302001922,0.347125105706665,1.15694549829718,0.147150045400876,0.238282065046196,1.70823571884597,,0.08965,0.0479,0.1314,0.0835,0.388215222137762,0.00574586750109999,FALSE,0,"XLOC_024139","HELZ","ENST00000580168.5","ENST00000580168.5","=",FALSE
"isoComp_00088907","geneComp_00011915","TCONS_00133492","XLOC_024139","T_minus","T_plus","XLOC_024139","unknown","unknown",7.60955277469417,6.56379375643491,8.65531179295342,0.952961286683756,0.542946935644832,0.398525466396717,,0.0762502042937887,0.0932439524184756,0.0592564561691019,0.067425459494508,0.0382694839724607,-0.576036805032487,,0.0105,0.0146333333333333,0.00636666666666667,-0.00826666666666667,0.950601840759609,0.00574586750109999,FALSE,0,"XLOC_024139","HELZ","ENST00000578938.1","ENST00000578938.1","=",FALSE
"isoComp_00088908","geneComp_00011915","TCONS_00133493","XLOC_024139","T_minus","T_plus","XLOC_024139","unknown","unknown",7.60955277469417,6.56379375643491,8.65531179295342,0.952961286683756,0.542946935644832,0.398525466396717,,0.253102655898065,0.0574532835337714,0.448752028262358,0.0574532835337714,0.22508081664988,2.76575395808006,,0.0287166666666667,0.0072,0.0502333333333333,0.0430333333333333,0.771616023483635,0.00574586750109999,FALSE,0,"XLOC_024139","HELZ","ENST00000582864.1","ENST00000582864.1","=",FALSE
"isoComp_00088913","geneComp_00011915","TCONS_00136268","XLOC_024139","T_minus","T_plus","XLOC_024139","unknown","unknown",7.60955277469417,6.56379375643491,8.65531179295342,0.952961286683756,0.542946935644832,0.398525466396717,,0.133690742171337,0.117576440623924,0.14980504371875,0.0433409466075194,0.0170866652075384,0.324951009817001,,0.0176333333333333,0.0176333333333333,0.0176333333333333,0,1,0.00574586750109999,FALSE,0,"XLOC_024139","HELZ","PB.7338.9","ENST00000358691.10","j",TRUE
"isoComp_00088914","geneComp_00011915","TCONS_00136844","XLOC_024139","T_minus","T_plus","XLOC_024139","unknown","unknown",7.60955277469417,6.56379375643491,8.65531179295342,0.952961286683756,0.542946935644832,0.398525466396717,,0.522139178644227,0.0507119339130883,0.993566423375365,0.0457105290818507,0.175835553634549,4.04701216834552,,0.0613666666666667,0.00643333333333333,0.1163,0.109866666666667,0.00574586750109999,0.00574586750109999,FALSE,0,"XLOC_024139","HELZ","PB.5720.3","ENST00000358691.10","c",TRUE
"isoComp_00089671","geneComp_00012001","TCONS_00134488","XLOC_024291","T_minus","T_plus","XLOC_024291","unknown","unknown",32.1854116697622,24.1808564682613,40.1899668712631,0.974818025208763,1.43025249271835,0.732732464179185,,0.379603554664561,0.323153648416124,0.436053460912998,0.112608218035887,0.0786855386616843,0.421028939190883,,0.0123666666666667,0.0137666666666667,0.0109666666666667,-0.0028,0.990423076675415,2.22555003085575e-05,FALSE,0,"XLOC_024291","USP36","ENST00000588130.5","ENST00000588130.5","=",FALSE
"isoComp_00089672","geneComp_00012001","TCONS_00134489","XLOC_024291","T_minus","T_plus","XLOC_024291","unknown","unknown",32.1854116697622,24.1808564682613,40.1899668712631,0.974818025208763,1.43025249271835,0.732732464179185,,0.470907685833695,0.418864895970817,0.522950475696574,0.128235363906126,0.174294139842412,0.313478245718233,,0.0149,0.017,0.0128,-0.0042,0.920988294096131,2.22555003085575e-05,FALSE,0,"XLOC_024291","USP36","ENST00000591052.5","ENST00000591052.5","=",FALSE
"isoComp_00089675","geneComp_00012001","TCONS_00134493","XLOC_024291","T_minus","T_plus","XLOC_024291","unknown","unknown",32.1854116697622,24.1808564682613,40.1899668712631,0.974818025208763,1.43025249271835,0.732732464179185,,4.91939092571596,4.9482655416001,4.89051630983182,0.453606882879541,2.69311594981248,-0.0169017804548618,,0.16155,0.205266666666667,0.117833333333333,-0.0874333333333333,0.527647682151922,2.22555003085575e-05,FALSE,1,"XLOC_024291","USP36","ENST00000449938.7","ENST00000449938.7","=",FALSE
"isoComp_00089676","geneComp_00012001","TCONS_00134494","XLOC_024291","T_minus","T_plus","XLOC_024291","unknown","unknown",32.1854116697622,24.1808564682613,40.1899668712631,0.974818025208763,1.43025249271835,0.732732464179185,,10.4509493615811,5.97234503900371,14.9295536841586,1.12183724638305,2.81978555744891,1.32035402142234,,0.310466666666667,0.244433333333333,0.3765,0.132066666666667,0.61720911845238,2.22555003085575e-05,FALSE,1,"XLOC_024291","USP36","ENST00000592231.6","ENST00000592231.6","=",FALSE
"isoComp_00089679","geneComp_00012001","TCONS_00134497","XLOC_024291","T_minus","T_plus","XLOC_024291","unknown","unknown",32.1854116697622,24.1808564682613,40.1899668712631,0.974818025208763,1.43025249271835,0.732732464179185,,2.36249468801143,1.39420254190193,3.33078683412093,0.170313042897306,0.40031073559389,1.25043688673622,,0.0699,0.0574333333333333,0.0823666666666667,0.0249333333333333,0.490662024748305,2.22555003085575e-05,FALSE,1,"XLOC_024291","USP36","ENST00000312010.10","ENST00000312010.10","=",FALSE
"isoComp_00089683","geneComp_00012001","TCONS_00134504","XLOC_024291","T_minus","T_plus","XLOC_024291","unknown","unknown",32.1854116697622,24.1808564682613,40.1899668712631,0.974818025208763,1.43025249271835,0.732732464179185,,0.310984489324509,0.313381492506295,0.308587486142722,0.144726677338275,0.0959477507845066,-0.0215475139937776,,0.01005,0.0125666666666667,0.00753333333333333,-0.00503333333333333,0.925394443075625,2.22555003085575e-05,FALSE,0,"XLOC_024291","USP36","ENST00000590546.6","ENST00000590546.6","=",FALSE
"isoComp_00089690","geneComp_00012001","TCONS_00136339","XLOC_024291","T_minus","T_plus","XLOC_024291","unknown","unknown",32.1854116697622,24.1808564682613,40.1899668712631,0.974818025208763,1.43025249271835,0.732732464179185,,1.52435358633906,0.433624176272368,2.61508299640576,0.251763424428703,2.32220530272489,2.56495314114064,,0.0394333333333333,0.0173,0.0615666666666667,0.0442666666666667,0.971854949575719,2.22555003085575e-05,FALSE,1,"XLOC_024291","USP36","PB.7450.1","ENST00000592231.6","c",TRUE
"isoComp_00089691","geneComp_00012001","TCONS_00136340","XLOC_024291","T_minus","T_plus","XLOC_024291","unknown","unknown",32.1854116697622,24.1808564682613,40.1899668712631,0.974818025208763,1.43025249271835,0.732732464179185,,4.21021418850405,3.52215251242887,4.89827586457922,0.439398997988158,2.44996245395486,0.474668698978829,,0.13695,0.147666666666667,0.126233333333333,-0.0214333333333333,0.915578600412639,2.22555003085575e-05,FALSE,1,"XLOC_024291","USP36","PB.7450.2","ENST00000542802.7","c",TRUE
"isoComp_00089692","geneComp_00012001","TCONS_00136341","XLOC_024291","T_minus","T_plus","XLOC_024291","unknown","unknown",32.1854116697622,24.1808564682613,40.1899668712631,0.974818025208763,1.43025249271835,0.732732464179185,,0.540987292341491,0.300983687147649,0.780990897535332,0.141623401242416,0.130569425663564,1.34682218790033,,0.0157666666666667,0.0121666666666667,0.0193666666666667,0.0072,0.79507180217508,2.22555003085575e-05,FALSE,0,"XLOC_024291","USP36","PB.7450.4","ENST00000542802.7","j",TRUE
"isoComp_00089693","geneComp_00012001","TCONS_00136869","XLOC_024291","T_minus","T_plus","XLOC_024291","unknown","unknown",32.1854116697622,24.1808564682613,40.1899668712631,0.974818025208763,1.43025249271835,0.732732464179185,,3.61392537230651,4.85570057158719,2.37215017302582,0.343086234582973,0.484822257839675,-1.03038317662704,,0.1304,0.202166666666667,0.0586333333333333,-0.143533333333333,2.22555003085575e-05,2.22555003085575e-05,FALSE,1,"XLOC_024291","USP36","PB.5813.1","ENST00000542802.7","j",TRUE
"isoComp_00089695","geneComp_00012001","TCONS_00138443","XLOC_024291","T_minus","T_plus","XLOC_024291","unknown","unknown",32.1854116697622,24.1808564682613,40.1899668712631,0.974818025208763,1.43025249271835,0.732732464179185,,1.65099661430327,0.332850831266587,2.96914239733995,0.274275970489223,0.918128191037812,3.11924415807541,,0.0436333333333333,0.0147666666666667,0.0725,0.0577333333333333,0.351904656682257,2.22555003085575e-05,FALSE,0,"XLOC_024291","USP36","PB.8615.6","ENST00000592231.6","c",TRUE
"isoComp_00089696","geneComp_00012002","TCONS_00134513","XLOC_024293","T_minus","T_plus","XLOC_024293","unknown","unknown",150.551854187871,167.33311645804,133.770591917703,6.63253710890874,0.885163959935783,-0.322940374339397,,67.94795405077,86.7487897835787,49.1471183179613,1.92352750565826,1.50651177803574,-0.819609583984071,,0.444233333333333,0.521,0.367466666666667,-0.153533333333333,0.000525056480404501,0.000525056480404501,FALSE,0,"XLOC_024293","TIMP2","ENST00000585421.5","ENST00000585421.5","=",FALSE
"isoComp_00089697","geneComp_00012002","TCONS_00134515","XLOC_024293","T_minus","T_plus","XLOC_024293","unknown","unknown",150.551854187871,167.33311645804,133.770591917703,6.63253710890874,0.885163959935783,-0.322940374339397,,35.4724170331589,39.2210632228917,31.723770843426,1.50812690071432,0.32050618135416,-0.305977471995701,,0.236433333333333,0.235733333333333,0.237133333333333,0.00140000000000001,0.998655380361917,0.000525056480404501,FALSE,0,"XLOC_024293","TIMP2","ENST00000262768.11","ENST00000262768.11","=",FALSE
"isoComp_00089704","geneComp_00012002","TCONS_00137776","XLOC_024293","T_minus","T_plus","XLOC_024293","unknown","unknown",150.551854187871,167.33311645804,133.770591917703,6.63253710890874,0.885163959935783,-0.322940374339397,,46.2308012694735,39.961335223031,52.5002673159161,9.16683381877684,1.76325490163352,0.393633773974511,,0.313783333333333,0.235166666666667,0.3924,0.157233333333333,0.102186520204941,0.000525056480404501,FALSE,0,"XLOC_024293","TIMP2","PB.8046.1","ENST00000262768.11","c",TRUE
"isoComp_00089742","geneComp_00012007","TCONS_00134581","XLOC_024301","T_minus","T_plus","XLOC_024301","unknown","unknown",8.60739185256776,8.44976765225197,8.76501605288354,0.139716622982825,1.3754969726997,0.0527837244334918,,7.14833760988987,7.52916356427417,6.76751165550556,0.20091239909159,0.971457517067886,-0.153648782839624,,0.832966666666667,0.8909,0.775033333333333,-0.115866666666667,0.000902625558613871,0.000902625558613871,FALSE,0,"XLOC_024301","CBX4","ENST00000269397.9","ENST00000269397.9","=",FALSE
"isoComp_00089743","geneComp_00012007","TCONS_00134583","XLOC_024301","T_minus","T_plus","XLOC_024301","unknown","unknown",8.60739185256776,8.44976765225197,8.76501605288354,0.139716622982825,1.3754969726997,0.0527837244334918,,1.45905424267789,0.920604087977808,1.99750439737797,0.117307615945903,0.404825388257384,1.10916371820236,,0.167033333333333,0.1091,0.224966666666667,0.115866666666667,0.0277189372402001,0.000902625558613871,FALSE,0,"XLOC_024301","CBX4","ENST00000495122.1","ENST00000495122.1","=",FALSE
"isoComp_00094401","geneComp_00012715","TCONS_00145401","XLOC_025863","T_minus","T_plus","XLOC_025863","unknown","unknown",3.37107661867784,2.70894774600704,4.03320549134864,0.38893557542257,0.0659554218060066,0.572451103567789,,2.31412059989909,2.247049208328,2.38119199147017,0.278605895733104,0.0236203843339565,0.0832920976927683,,0.71255,0.8345,0.5906,-0.2439,0.00527369108922298,0.00527369108922298,FALSE,0,"XLOC_025863","ENSG00000274425","ENST00000612689.1","ENST00000612689.1","=",FALSE
"isoComp_00094402","geneComp_00012715","TCONS_00159175","XLOC_025863","T_minus","T_plus","XLOC_025863","unknown","unknown",3.37107661867784,2.70894774600704,4.03320549134864,0.38893557542257,0.0659554218060066,0.572451103567789,,1.05695601877875,0.461898537679038,1.65201349987846,0.155287577174137,0.0541194179072358,1.81638349463169,,0.28745,0.1655,0.4094,0.2439,0.0212468229331591,0.00527369108922298,,0,"XLOC_025863","ENSG00000274425","PB.8575.1","ENST00000612689.1","c",TRUE
"isoComp_00097632","geneComp_00013143","TCONS_00149368","XLOC_026575","T_minus","T_plus","XLOC_026575","unknown","unknown",11.8602144931752,11.226337490849,12.4940914955013,0.805748299698471,0.988200011050487,0.154228377511815,,5.249792368376,6.42811647119628,4.07146826555572,0.697643365316236,0.183068654257315,-0.657550436640524,,0.45225,0.575933333333333,0.328566666666667,-0.247366666666667,0.03882097946807,0.0323249159632635,FALSE,0,"XLOC_026575","INAFM1","ENST00000552360.4","ENST00000552360.4","=",FALSE
"isoComp_00097633","geneComp_00013143","TCONS_00159870","XLOC_026575","T_minus","T_plus","XLOC_026575","unknown","unknown",11.8602144931752,11.226337490849,12.4940914955013,0.805748299698471,0.988200011050487,0.154228377511815,,6.61042212479916,4.79822101965273,8.4226232299456,0.87956937764095,0.906348414227252,0.810478282204825,,0.54775,0.424066666666667,0.671433333333333,0.247366666666667,0.0323249159632635,0.0323249159632635,FALSE,0,"XLOC_026575","INAFM1","PB.9656.1","ENST00000552360.4","c",TRUE
"isoComp_00098169","geneComp_00013216","TCONS_00149993","XLOC_026685","T_minus","T_plus","XLOC_026685","unknown","unknown",5.7740416657236,9.25714750015562,2.29093583129159,1.02273652096524,0.16510453995842,-2.0099045843511,,3.56494867137213,6.25625183310622,0.873645509638049,0.445156253130162,0.194860269161696,-2.82606312344176,,0.529633333333333,0.682266666666667,0.377,-0.305266666666667,0.0141627425392761,0.0141627425392761,FALSE,0,"XLOC_026685","SIGLEC9","PB.8495.8","ENST00000250360.8","=",TRUE
"isoComp_00098170","geneComp_00013216","TCONS_00149994","XLOC_026685","T_minus","T_plus","XLOC_026685","unknown","unknown",5.7740416657236,9.25714750015562,2.29093583129159,1.02273652096524,0.16510453995842,-2.0099045843511,,0.990675241594108,1.2555137189904,0.725836764197819,0.0657530868409227,0.0676845895036955,-0.782265483500305,,0.231183333333333,0.139433333333333,0.322933333333333,0.1835,0.104111889077461,0.0141627425392761,FALSE,0,"XLOC_026685","SIGLEC9","PB.8495.7","ENST00000440804.7","=",TRUE
"isoComp_00098172","geneComp_00013216","TCONS_00159377","XLOC_026685","T_minus","T_plus","XLOC_026685","unknown","unknown",5.7740416657236,9.25714750015562,2.29093583129159,1.02273652096524,0.16510453995842,-2.0099045843511,,1.20652662483537,1.72159969221501,0.691453557455724,0.628580452253837,0.117732518418868,-1.30368595651747,,0.237583333333333,0.175066666666667,0.3001,0.125033333333333,0.666935678705689,0.0141627425392761,,0,"XLOC_026685","SIGLEC9","PB.9082.2","ENST00000250360.8","c",TRUE
"isoComp_00098238","geneComp_00013227","TCONS_00150045","XLOC_026704","T_minus","T_plus","XLOC_026704","unknown","unknown",3.38033237701321,3.66287969096653,3.09778506305989,0.114659262472576,0.198972439481858,-0.241024910617013,,2.97642564863275,3.60766639316002,2.34518490410548,0.0921532345027785,0.0659037719500054,-0.619219045103893,,0.87365,0.9853,0.762,-0.2233,2.16468547813701e-08,2.16468547813701e-08,FALSE,0,"XLOC_026704","ZNF175","ENST00000262259.7","ENST00000262259.7","=",FALSE
"isoComp_00098239","geneComp_00013227","TCONS_00150046","XLOC_026704","T_minus","T_plus","XLOC_026704","unknown","unknown",3.38033237701321,3.66287969096653,3.09778506305989,0.114659262472576,0.198972439481858,-0.241024910617013,,0.0927320104149152,0.0552132978065132,0.130250723023317,0.0233701520532163,0.0249231635459348,1.10477012514564,,0.0282333333333333,0.0147,0.0417666666666667,0.0270666666666667,0.659929501749975,2.16468547813701e-08,FALSE,0,"XLOC_026704","ZNF175","ENST00000545217.5","ENST00000545217.5","=",FALSE
"isoComp_00098240","geneComp_00013227","TCONS_00150047","XLOC_026704","T_minus","T_plus","XLOC_026704","unknown","unknown",3.38033237701321,3.66287969096653,3.09778506305989,0.114659262472576,0.198972439481858,-0.241024910617013,,0.250055949939225,0,0.500111899878451,0,0.145723858992445,5.6727418511709,,0.07835,0,0.1567,0.1567,0.000127973467848593,2.16468547813701e-08,FALSE,0,"XLOC_026704","ZNF175","ENST00000596504.1","ENST00000596504.1","=",FALSE
"isoComp_00098241","geneComp_00013227","TCONS_00150049","XLOC_026704","T_minus","T_plus","XLOC_026704","unknown","unknown",3.38033237701321,3.66287969096653,3.09778506305989,0.114659262472576,0.198972439481858,-0.241024910617013,,0.0611187680263208,0,0.122237536052642,0,0.0618867056692333,3.725059843522,,0.0198166666666667,0,0.0396333333333333,0.0396333333333333,0.599506472172383,2.16468547813701e-08,FALSE,0,"XLOC_026704","ZNF175","ENST00000600460.1","ENST00000600460.1","=",FALSE
"isoComp_00098380","geneComp_00013251","TCONS_00150198","XLOC_026744","T_minus","T_plus","XLOC_026744","unknown","unknown",4.62157337589274,4.88619418273689,4.3569525690486,0.216943474971851,0.0702415581800688,-0.165033914751315,,0.38698345194567,0.170620048847142,0.603346855044197,0.0291555856003613,0.0562247168520643,1.7637451251088,,0.08695,0.0351,0.1388,0.1037,0.0320296128345626,0.0320296128345626,FALSE,0,"XLOC_026744","ZNF845","ENST00000595091.6","ENST00000595091.6","=",FALSE
"isoComp_00098381","geneComp_00013251","TCONS_00150199","XLOC_026744","T_minus","T_plus","XLOC_026744","unknown","unknown",4.62157337589274,4.88619418273689,4.3569525690486,0.216943474971851,0.0702415581800688,-0.165033914751315,,3.35095114610847,3.5436981210955,3.15820417112145,0.172272092739524,0.0780798678874721,-0.165655821607953,,0.7271,0.7284,0.7258,-0.00260000000000005,0.998161431539877,0.0320296128345626,FALSE,0,"XLOC_026744","ZNF845","PB.8539.2","ENST00000458035.3","=",TRUE
"isoComp_00098382","geneComp_00013251","TCONS_00158398","XLOC_026744","T_minus","T_plus","XLOC_026744","unknown","unknown",4.62157337589274,4.88619418273689,4.3569525690486,0.216943474971851,0.0702415581800688,-0.165033914751315,,0.883638777838601,1.17187601279425,0.59540154288295,0.308317626174708,0.184134116213629,-0.965114437443655,,0.18595,0.2365,0.1354,-0.1011,0.67557261863543,0.0320296128345626,FALSE,0,"XLOC_026744","ZNF845","PB.8539.4","ENST00000595091.6","j",TRUE
"isoComp_00099528","geneComp_00013429","TCONS_00151627","XLOC_027060","T_minus","T_plus","XLOC_027060","unknown","unknown",2.30626707169641,2.77963404511286,1.83290009827996,1.0459836862539,0.257778025649905,-0.598098010128584,,0.110851105349659,0.0993637270325708,0.122338483666747,0.0498170362300407,0.122338483666747,0.275098339530943,,0.0482166666666667,0.0321,0.0643333333333333,0.0322333333333333,0.935682588327073,0.0410770264003308,FALSE,0,"XLOC_027060","SMIM24","ENST00000215531.6","ENST00000215531.6","=",FALSE
"isoComp_00099529","geneComp_00013429","TCONS_00151628","XLOC_027060","T_minus","T_plus","XLOC_027060","unknown","unknown",2.30626707169641,2.77963404511286,1.83290009827996,1.0459836862539,0.257778025649905,-0.598098010128584,,1.67915147068718,1.80900397459166,1.5492989667827,0.75982465049243,0.232664256839312,-0.222251130645759,,0.7395,0.634933333333333,0.844066666666667,0.209133333333333,0.0410770264003308,0.0410770264003308,FALSE,0,"XLOC_027060","SMIM24","ENST00000591708.1","ENST00000591708.1","=",FALSE
"isoComp_00099530","geneComp_00013429","TCONS_00151629","XLOC_027060","T_minus","T_plus","XLOC_027060","unknown","unknown",2.30626707169641,2.77963404511286,1.83290009827996,1.0459836862539,0.257778025649905,-0.598098010128584,,0.516264495659578,0.871266343488639,0.161262647830518,0.257391242251264,0.0838239983156134,-2.36336757234461,,0.2123,0.333,0.0916,-0.2414,0.40733776318943,0.0410770264003308,FALSE,0,"XLOC_027060","SMIM24","ENST00000587847.1","ENST00000587847.1","=",FALSE
"isoComp_00103590","geneComp_00014002","TCONS_00156887","XLOC_028007","T_minus","T_plus","XLOC_028007","unknown","unknown",3.10280266650073,3.90262706392042,2.30297826908103,0.210136429570305,0.423614391289032,-0.758385893214279,,0.539220974482415,0.470766497458768,0.607675451506062,0.196189811655815,0.202865212756076,0.3615126299273,,0.19345,0.125433333333333,0.261466666666667,0.136033333333333,0.750509961171487,0.00469554652909407,FALSE,0,"XLOC_028007","SYT3","ENST00000338916.8","ENST00000338916.8","=",FALSE
"isoComp_00103591","geneComp_00014002","TCONS_00156888","XLOC_028007","T_minus","T_plus","XLOC_028007","unknown","unknown",3.10280266650073,3.90262706392042,2.30297826908103,0.210136429570305,0.423614391289032,-0.758385893214279,,0.149514941027949,0.251452064296529,0.0475778177593698,0.193827802375314,0.0475778177593698,-2.18296144516576,,0.0430666666666667,0.0596333333333333,0.0265,-0.0331333333333333,0.89789182031936,0.00469554652909407,FALSE,0,"XLOC_028007","SYT3","ENST00000593901.5","ENST00000593901.5","=",FALSE
"isoComp_00103592","geneComp_00014002","TCONS_00156889","XLOC_028007","T_minus","T_plus","XLOC_028007","unknown","unknown",3.10280266650073,3.90262706392042,2.30297826908103,0.210136429570305,0.423614391289032,-0.758385893214279,,2.20173208051099,3.15322878120056,1.25023537982142,0.2162287380684,0.145294121430868,-1.32770468533326,,0.683316666666667,0.807466666666667,0.559166666666667,-0.2483,0.0356113729108894,0.00469554652909407,FALSE,0,"XLOC_028007","SYT3","ENST00000600079.6","ENST00000600079.6","=",FALSE
"isoComp_00103593","geneComp_00014002","TCONS_00156890","XLOC_028007","T_minus","T_plus","XLOC_028007","unknown","unknown",3.10280266650073,3.90262706392042,2.30297826908103,0.210136429570305,0.423614391289032,-0.758385893214279,,0.202142275117659,0.00679493024114121,0.397489619994178,0.00679493024114121,0.219394478428489,4.60066560159274,,0.07735,0.00186666666666667,0.152833333333333,0.150966666666667,0.00469554652909407,0.00469554652909407,FALSE,0,"XLOC_028007","SYT3","ENST00000595117.1","ENST00000595117.1","=",FALSE
"isoComp_00103622","geneComp_00014006","TCONS_00156926","XLOC_028013","T_minus","T_plus","XLOC_028013","unknown","unknown",3.08797384453316,2.95950173031862,3.21644595874769,0.235295701210932,0.332989581470318,0.11972498803031,,2.13360016759162,2.56119535385972,1.70600498132352,0.171455270544084,0.0768125171202814,-0.583385486397163,,0.704833333333333,0.867366666666667,0.5423,-0.325066666666667,0.000693672314573448,0.000693672314573448,FALSE,0,"XLOC_028013","KLK1","PB.9734.1","ENST00000596300.1","=",TRUE
"isoComp_00103623","geneComp_00014006","TCONS_00159655","XLOC_028013","T_minus","T_plus","XLOC_028013","unknown","unknown",3.08797384453316,2.95950173031862,3.21644595874769,0.235295701210932,0.332989581470318,0.11972498803031,,0.108821782561214,0.193854656242744,0.0237889088796849,0.159688530709655,0.0237889088796849,-2.59291924131032,,0.0337166666666667,0.0582666666666667,0.00916666666666667,-0.0491,0.853899042511079,0.000693672314573448,FALSE,0,"XLOC_028013","KLK1","PB.9079.1","ENST00000593325.5","j",TRUE
"isoComp_00103624","geneComp_00014006","TCONS_00160138","XLOC_028013","T_minus","T_plus","XLOC_028013","unknown","unknown",3.08797384453316,2.95950173031862,3.21644595874769,0.235295701210932,0.332989581470318,0.11972498803031,,0.817598748370135,0.184066929492725,1.45113056724754,0.0906144231865423,0.372912245854888,2.91245890603859,,0.2515,0.0668333333333333,0.436166666666667,0.369333333333333,0.0275724764938591,0.000693672314573448,FALSE,0,"XLOC_028013","KLK1","PB.9734.2","ENST00000593325.5","c",TRUE
"isoComp_00104484","geneComp_00014150","TCONS_00160355","XLOC_028291","T_minus","T_plus","XLOC_028291","unknown","unknown",46.7211269280499,2.94993768256332,90.4923161735364,0.292915785375738,17.7378531791905,4.9343160074126,,0.473868956289317,0.299796407121561,0.647941505457073,0.0945358905901682,0.0869627408370159,1.08663891380287,,0.0557333333333333,0.1036,0.00786666666666667,-0.0957333333333333,0.000548454363892228,1.19707698783538e-09,FALSE,0,"XLOC_028291","RSAD2","ENST00000442639.6","ENST00000442639.6","=",FALSE
"isoComp_00104485","geneComp_00014150","TCONS_00160356","XLOC_028291","T_minus","T_plus","XLOC_028291","unknown","unknown",46.7211269280499,2.94993768256332,90.4923161735364,0.292915785375738,17.7378531791905,4.9343160074126,,1.61344711055898,0.689467859308344,2.53742636180961,0.195163101565193,0.316080201033379,1.86471077126496,,0.126433333333333,0.224066666666667,0.0288,-0.195266666666667,1.19707698783538e-09,1.19707698783538e-09,FALSE,0,"XLOC_028291","RSAD2","ENST00000679863.1","ENST00000679863.1","=",FALSE
"isoComp_00104488","geneComp_00014150","TCONS_00160359","XLOC_028291","T_minus","T_plus","XLOC_028291","unknown","unknown",46.7211269280499,2.94993768256332,90.4923161735364,0.292915785375738,17.7378531791905,4.9343160074126,,40.389990206131,1.55504107832635,79.2249393339357,0.147333206480698,16.1411687085005,5.66186430968001,,0.7036,0.5349,0.8723,0.3374,4.59580986727578e-09,1.19707698783538e-09,FALSE,0,"XLOC_028291","RSAD2","ENST00000382040.4","ENST00000382040.4","=",FALSE
"isoComp_00104489","geneComp_00014150","TCONS_00160360","XLOC_028291","T_minus","T_plus","XLOC_028291","unknown","unknown",46.7211269280499,2.94993768256332,90.4923161735364,0.292915785375738,17.7378531791905,4.9343160074126,,2.52335116496359,0.0919638391262019,4.95473849080099,0.0460635508858007,0.994862968473339,5.60558822350336,,0.0445166666666667,0.0335,0.0555333333333333,0.0220333333333333,0.758170713325516,1.19707698783538e-09,FALSE,0,"XLOC_028291","RSAD2","PB.6682.4","ENST00000489749.1","=",TRUE
"isoComp_00104492","geneComp_00014150","TCONS_00180234","XLOC_028291","T_minus","T_plus","XLOC_028291","unknown","unknown",46.7211269280499,2.94993768256332,90.4923161735364,0.292915785375738,17.7378531791905,4.9343160074126,,0.728589143772174,0.138938865807008,1.31823942173734,0.0695454906076325,0.46517995818884,3.15672304158874,,0.0285666666666667,0.0428333333333333,0.0143,-0.0285333333333333,0.552820685813139,1.19707698783538e-09,TRUE,0,"XLOC_028291","RSAD2","PB.6682.16","ENST00000679373.1","j",TRUE
"isoComp_00104493","geneComp_00014150","TCONS_00180235","XLOC_028291","T_minus","T_plus","XLOC_028291","unknown","unknown",46.7211269280499,2.94993768256332,90.4923161735364,0.292915785375738,17.7378531791905,4.9343160074126,,0.548762430619416,0.0416770179446888,1.05584784329414,0.0268098666895619,0.123823229099061,4.36633486768343,,0.0133333333333333,0.0141666666666667,0.0125,-0.00166666666666667,0.988516765947525,1.19707698783538e-09,FALSE,0,"XLOC_028291","RSAD2","PB.6682.17","ENST00000679373.1","j",TRUE
"isoComp_00105582","geneComp_00014306","TCONS_00161752","XLOC_028608","T_minus","T_plus","XLOC_028608","unknown","unknown",1.86843163301342,2.40835669154507,1.32850657448177,0.133100753094289,0.0690801685062303,-0.853402822983449,,1.09469752330889,1.40745907641766,0.781935970200124,0.0681658358383848,0.173259076672925,-0.839851388594651,,0.584516666666667,0.5905,0.578533333333333,-0.0119666666666667,0.998161431539877,0.0183387363415192,FALSE,0,"XLOC_028608","CAMKMT","ENST00000378494.8","ENST00000378494.8","=",FALSE
"isoComp_00105583","geneComp_00014306","TCONS_00161753","XLOC_028608","T_minus","T_plus","XLOC_028608","unknown","unknown",1.86843163301342,2.40835669154507,1.32850657448177,0.133100753094289,0.0690801685062303,-0.853402822983449,,0.0270368393100101,0.0540736786200202,0,0.0540736786200202,0,-2.67973182138262,,0.0106666666666667,0.0213333333333333,0,-0.0213333333333333,0.97718011580518,0.0183387363415192,FALSE,0,"XLOC_028608","CAMKMT","ENST00000402247.5","ENST00000402247.5","=",FALSE
"isoComp_00105584","geneComp_00014306","TCONS_00161755","XLOC_028608","T_minus","T_plus","XLOC_028608","unknown","unknown",1.86843163301342,2.40835669154507,1.32850657448177,0.133100753094289,0.0690801685062303,-0.853402822983449,,0.0621903451390916,0.0475645116879885,0.0768161785901947,0.0475645116879885,0.0208579971203582,0.592784251041641,,0.0377,0.0186666666666667,0.0567333333333333,0.0380666666666667,0.743620356647868,0.0183387363415192,FALSE,0,"XLOC_028608","CAMKMT","ENST00000403853.7","ENST00000403853.7","=",FALSE
"isoComp_00105586","geneComp_00014306","TCONS_00161758","XLOC_028608","T_minus","T_plus","XLOC_028608","unknown","unknown",1.86843163301342,2.40835669154507,1.32850657448177,0.133100753094289,0.0690801685062303,-0.853402822983449,,0.164696537530253,0.102813628090284,0.226579446970221,0.0518931825895451,0.0443750236108073,1.06838338539526,,0.106416666666667,0.0445666666666667,0.168266666666667,0.1237,0.545508387652664,0.0183387363415192,FALSE,0,"XLOC_028608","CAMKMT","ENST00000428929.5","ENST00000428929.5","=",FALSE
"isoComp_00105587","geneComp_00014306","TCONS_00161759","XLOC_028608","T_minus","T_plus","XLOC_028608","unknown","unknown",1.86843163301342,2.40835669154507,1.32850657448177,0.133100753094289,0.0690801685062303,-0.853402822983449,,0.0240692588748613,0.0203847907234236,0.027753727026299,0.0203847907234236,0.027753727026299,0.313269718203922,,0.0146,0.008,0.0212,0.0132,0.988372768421371,0.0183387363415192,FALSE,0,"XLOC_028608","CAMKMT","ENST00000428993.1","ENST00000428993.1","=",FALSE
"isoComp_00105588","geneComp_00014306","TCONS_00161761","XLOC_028608","T_minus","T_plus","XLOC_028608","unknown","unknown",1.86843163301342,2.40835669154507,1.32850657448177,0.133100753094289,0.0690801685062303,-0.853402822983449,,0.390675097559727,0.75756128623977,0.0237889088796849,0.187536095293647,0.0237889088796849,-4.50566027916836,,0.163233333333333,0.3083,0.0181666666666667,-0.290133333333333,0.0183387363415192,0.0183387363415192,FALSE,0,"XLOC_028608","CAMKMT","PB.9506.1","ENST00000613618.1","=",TRUE
"isoComp_00105589","geneComp_00014306","TCONS_00183145","XLOC_028608","T_minus","T_plus","XLOC_028608","unknown","unknown",1.86843163301342,2.40835669154507,1.32850657448177,0.133100753094289,0.0690801685062303,-0.853402822983449,,0.095816171407621,0,0.191632342815242,0,0.191632342815242,4.33365516763713,,0.0785333333333333,0,0.157066666666667,0.157066666666667,0.902929386673486,0.0183387363415192,FALSE,0,"XLOC_028608","CAMKMT","PB.10162.1","ENST00000378494.8","j",TRUE
"isoComp_00107704","geneComp_00014592","TCONS_00164290","XLOC_029250","T_minus","T_plus","XLOC_029250","unknown","unknown",32.3708572251554,57.1075173521383,7.63419709817256,3.03630796940154,0.582944557802646,-2.90149639071331,,0.909465764223704,1.71333819669207,0.105593331755337,0.140774822949896,0.105593331755337,-3.89807577074116,,0.0213666666666667,0.0304666666666667,0.0122666666666667,-0.0182,0.568006182692461,1.50409055316631e-05,FALSE,2,"XLOC_029250","MERTK","ENST00000295408.9","ENST00000295408.9","=",FALSE
"isoComp_00107705","geneComp_00014592","TCONS_00164291","XLOC_029250","T_minus","T_plus","XLOC_029250","unknown","unknown",32.3708572251554,57.1075173521383,7.63419709817256,3.03630796940154,0.582944557802646,-2.90149639071331,,10.6998858857101,19.6267025393843,1.77306923203587,1.02710315767534,0.415482177783371,-3.4611180624895,,0.288166666666667,0.344333333333333,0.232,-0.112333333333333,0.381338722256449,1.50409055316631e-05,TRUE,1,"XLOC_029250","MERTK","ENST00000421804.6","ENST00000421804.6","=",FALSE
"isoComp_00107707","geneComp_00014592","TCONS_00164293","XLOC_029250","T_minus","T_plus","XLOC_029250","unknown","unknown",32.3708572251554,57.1075173521383,7.63419709817256,3.03630796940154,0.582944557802646,-2.90149639071331,,0.554660918403036,0.939374196576939,0.169947640229133,0.054088472315764,0.116324520041708,-2.39939965532665,,0.0190666666666667,0.0166,0.0215333333333333,0.00493333333333333,0.99246724822025,1.50409055316631e-05,FALSE,0,"XLOC_029250","MERTK","ENST00000439966.5","ENST00000439966.5","=",FALSE
"isoComp_00107709","geneComp_00014592","TCONS_00178732","XLOC_029250","T_minus","T_plus","XLOC_029250","unknown","unknown",32.3708572251554,57.1075173521383,7.63419709817256,3.03630796940154,0.582944557802646,-2.90149639071331,,2.54515572733168,3.36264966741947,1.72766178724389,0.276914781975982,0.151859131198985,-0.956735158717928,,0.145666666666667,0.0592333333333333,0.2321,0.172866666666667,1.50409055316631e-05,1.50409055316631e-05,FALSE,1,"XLOC_029250","MERTK","PB.9268.4","ENST00000421804.6","j",TRUE
"isoComp_00107711","geneComp_00014592","TCONS_00178734","XLOC_029250","T_minus","T_plus","XLOC_029250","unknown","unknown",32.3708572251554,57.1075173521383,7.63419709817256,3.03630796940154,0.582944557802646,-2.90149639071331,,0.428555553620819,0.596580064525084,0.260531042716554,0.203597909189496,0.0542166814736365,-1.16490393507896,,0.0226,0.0102666666666667,0.0349333333333333,0.0246666666666667,0.272674179147801,1.50409055316631e-05,FALSE,2,"XLOC_029250","MERTK","PB.9268.6","ENST00000421804.6","j",TRUE
"isoComp_00107712","geneComp_00014592","TCONS_00178735","XLOC_029250","T_minus","T_plus","XLOC_029250","unknown","unknown",32.3708572251554,57.1075173521383,7.63419709817256,3.03630796940154,0.582944557802646,-2.90149639071331,,3.1735851918234,5.6241879635801,0.722982420066711,0.401066424755054,0.336816851602719,-2.94235719250694,,0.0967166666666667,0.0984666666666667,0.0949666666666667,-0.00349999999999999,0.944985709332685,1.50409055316631e-05,FALSE,1,"XLOC_029250","MERTK","PB.9268.7","ENST00000295408.9","c",TRUE
"isoComp_00107714","geneComp_00014592","TCONS_00178737","XLOC_029250","T_minus","T_plus","XLOC_029250","unknown","unknown",32.3708572251554,57.1075173521383,7.63419709817256,3.03630796940154,0.582944557802646,-2.90149639071331,,6.5982511779026,12.1757303848195,1.02077197098572,2.21695339516393,0.373162289187859,-3.56339560767046,,0.17285,0.212133333333333,0.133566666666667,-0.0785666666666667,0.713535352395359,1.50409055316631e-05,FALSE,1,"XLOC_029250","MERTK","PB.9268.11","ENST00000295408.9","c",TRUE
"isoComp_00107718","geneComp_00014592","TCONS_00181638","XLOC_029250","T_minus","T_plus","XLOC_029250","unknown","unknown",32.3708572251554,57.1075173521383,7.63419709817256,3.03630796940154,0.582944557802646,-2.90149639071331,,0.953584891187509,1.50315514854282,0.404014633832196,1.08049554509123,0.244047213918886,-1.86980625170112,,0.0388166666666667,0.0247666666666667,0.0528666666666667,0.0281,0.849087561572537,1.50409055316631e-05,FALSE,1,"XLOC_029250","MERTK","PB.9927.5","ENST00000295408.9","c",TRUE
"isoComp_00107719","geneComp_00014592","TCONS_00181639","XLOC_029250","T_minus","T_plus","XLOC_029250","unknown","unknown",32.3708572251554,57.1075173521383,7.63419709817256,3.03630796940154,0.582944557802646,-2.90149639071331,,0.376722473880672,0.618641130776464,0.134803816984881,0.613099588085924,0.134803816984881,-2.11813703605027,,0.0148166666666667,0.0121,0.0175333333333333,0.00543333333333334,0.918430545059178,1.50409055316631e-05,FALSE,1,"XLOC_029250","MERTK","PB.10599.1","ENST00000295408.9","c",TRUE
"isoComp_00107721","geneComp_00014592","TCONS_00181643","XLOC_029250","T_minus","T_plus","XLOC_029250","unknown","unknown",32.3708572251554,57.1075173521383,7.63419709817256,3.03630796940154,0.582944557802646,-2.90149639071331,,0.885547580677557,1.54510052699811,0.225994634357006,0.772807807860811,0.225994634357006,-2.72018188055828,,0.0285333333333333,0.0277,0.0293666666666667,0.00166666666666667,0.879844983388642,1.50409055316631e-05,FALSE,1,"XLOC_029250","MERTK","PB.9927.12","ENST00000295408.9","c",TRUE
"isoComp_00107722","geneComp_00014592","TCONS_00181644","XLOC_029250","T_minus","T_plus","XLOC_029250","unknown","unknown",32.3708572251554,57.1075173521383,7.63419709817256,3.03630796940154,0.582944557802646,-2.90149639071331,,4.42715341465947,8.06101760262952,0.793289226689427,1.235063062751,0.414593438558659,-3.32875914846444,,0.1199,0.140333333333333,0.0994666666666667,-0.0408666666666667,0.79351255448132,1.50409055316631e-05,FALSE,1,"XLOC_029250","MERTK","PB.9927.13","ENST00000295408.9","c",TRUE
"isoComp_00107724","geneComp_00014593","TCONS_00164297","XLOC_029252","T_minus","T_plus","XLOC_029252","unknown","unknown",42.1237971433143,61.2092736968176,23.0383205898109,1.9258834969168,1.44774647863814,-1.40932429601991,,16.3944219629786,24.3052429217379,8.48360100421916,1.73304996717296,0.384509706489964,-1.51741276162849,,0.382616666666667,0.396133333333333,0.3691,-0.0270333333333334,0.799132309331513,0.00354012229855197,FALSE,0,"XLOC_029252","TMEM87B","ENST00000283206.9","ENST00000283206.9","=",FALSE
"isoComp_00107727","geneComp_00014593","TCONS_00164300","XLOC_029252","T_minus","T_plus","XLOC_029252","unknown","unknown",42.1237971433143,61.2092736968176,23.0383205898109,1.9258834969168,1.44774647863814,-1.40932429601991,,1.36615105233567,2.228267161985,0.504034942686341,0.392114681425715,0.132923109673697,-2.12244390991048,,0.0291833333333333,0.0361333333333333,0.0222333333333333,-0.0139,0.673555434238417,0.00354012229855197,,0,"XLOC_029252","TMEM87B","ENST00000452614.5","ENST00000452614.5","=",FALSE
"isoComp_00107728","geneComp_00014593","TCONS_00164301","XLOC_029252","T_minus","T_plus","XLOC_029252","unknown","unknown",42.1237971433143,61.2092736968176,23.0383205898109,1.9258834969168,1.44774647863814,-1.40932429601991,,7.53790763790062,10.2364480890422,4.83936718675904,0.594556522818661,0.621972575832132,-1.07925548733744,,0.188016666666667,0.166966666666667,0.209066666666667,0.0421,0.471814174320919,0.00354012229855197,FALSE,0,"XLOC_029252","TMEM87B","ENST00000463427.5","ENST00000463427.5","=",FALSE
"isoComp_00107730","geneComp_00014593","TCONS_00178739","XLOC_029252","T_minus","T_plus","XLOC_029252","unknown","unknown",42.1237971433143,61.2092736968176,23.0383205898109,1.9258834969168,1.44774647863814,-1.40932429601991,,10.0248666423636,16.6437139930462,3.4060192916809,1.32411812827375,0.349050118524005,-2.28545592518954,,0.212183333333333,0.2733,0.151066666666667,-0.122233333333333,0.0618679529293314,0.00354012229855197,FALSE,0,"XLOC_029252","TMEM87B","PB.9271.9","ENST00000283206.9","c",TRUE
"isoComp_00107734","geneComp_00014593","TCONS_00183347","XLOC_029252","T_minus","T_plus","XLOC_029252","unknown","unknown",42.1237971433143,61.2092736968176,23.0383205898109,1.9258834969168,1.44774647863814,-1.40932429601991,,5.7854201203339,6.27783037922704,5.29300986144076,0.566068245118974,0.93681988509182,-0.245750868613257,,0.164566666666667,0.1029,0.226233333333333,0.123333333333333,0.00354012229855197,0.00354012229855197,,0,"XLOC_029252","TMEM87B","PB.10601.12","ENST00000283206.9","c",TRUE
"isoComp_00108004","geneComp_00014633","TCONS_00164615","XLOC_029319","T_minus","T_plus","XLOC_029319","unknown","unknown",1.80845594445687,2.20132554348995,1.4155863454238,0.0965830659301158,0.405301000546545,-0.633356005635771,,0.437269803477001,0.588632331806035,0.285907275147966,0.0836756455712696,0.0272219128957392,-1.01652503318311,,0.253733333333333,0.265333333333333,0.242133333333333,-0.0232,0.950852902340765,0.0265708684846023,FALSE,0,"XLOC_029319","PTPN4","ENST00000263708.7","ENST00000263708.7","=",FALSE
"isoComp_00108005","geneComp_00014633","TCONS_00164618","XLOC_029319","T_minus","T_plus","XLOC_029319","unknown","unknown",1.80845594445687,2.20132554348995,1.4155863454238,0.0965830659301158,0.405301000546545,-0.633356005635771,,0.153849911277878,0,0.307699822555757,0,0.307699822555757,4.98959237915343,,0.0695166666666667,0,0.139033333333333,0.139033333333333,0.870536374906201,0.0265708684846023,FALSE,0,"XLOC_029319","PTPN4","ENST00000460289.5","ENST00000460289.5","=",FALSE
"isoComp_00108006","geneComp_00014633","TCONS_00164619","XLOC_029319","T_minus","T_plus","XLOC_029319","unknown","unknown",1.80845594445687,2.20132554348995,1.4155863454238,0.0965830659301158,0.405301000546545,-0.633356005635771,,0.0277495796488834,0.0554991592977668,0,0.0554991592977668,0,-2.71147638932602,,0.0138166666666667,0.0276333333333333,0,-0.0276333333333333,0.98492096327162,0.0265708684846023,TRUE,0,"XLOC_029319","PTPN4","ENST00000488279.6","ENST00000488279.6","=",FALSE
"isoComp_00108007","geneComp_00014633","TCONS_00164620","XLOC_029319","T_minus","T_plus","XLOC_029319","unknown","unknown",1.80845594445687,2.20132554348995,1.4155863454238,0.0965830659301158,0.405301000546545,-0.633356005635771,,0.117711453886249,0.164218043156026,0.0712048646164719,0.0941602131275181,0.0545604339748599,-1.10125598612361,,0.0699333333333333,0.0746333333333333,0.0652333333333333,-0.00939999999999999,0.992869344498215,0.0265708684846023,FALSE,0,"XLOC_029319","PTPN4","ENST00000485247.1","ENST00000485247.1","=",FALSE
"isoComp_00108008","geneComp_00014633","TCONS_00164621","XLOC_029319","T_minus","T_plus","XLOC_029319","unknown","unknown",1.80845594445687,2.20132554348995,1.4155863454238,0.0965830659301158,0.405301000546545,-0.633356005635771,,0.114363707227072,0.186929733092031,0.0417976813621141,0.0847897222812437,0.0210281892655415,-1.92672152587489,,0.0569333333333333,0.0818666666666667,0.032,-0.0498666666666667,0.844589788213286,0.0265708684846023,TRUE,0,"XLOC_029319","PTPN4","ENST00000433888.5","ENST00000433888.5","=",FALSE
"isoComp_00108011","geneComp_00014633","TCONS_00164624","XLOC_029319","T_minus","T_plus","XLOC_029319","unknown","unknown",1.80845594445687,2.20132554348995,1.4155863454238,0.0965830659301158,0.405301000546545,-0.633356005635771,,0.128719973376831,0.0666691891191384,0.190770757634523,0.0357355884867292,0.0976696421848127,1.38883032872898,,0.0760166666666667,0.0305333333333333,0.1215,0.0909666666666667,0.83743936552903,0.0265708684846023,FALSE,0,"XLOC_029319","PTPN4","ENST00000431283.1","ENST00000431283.1","=",FALSE
"isoComp_00108012","geneComp_00014633","TCONS_00164625","XLOC_029319","T_minus","T_plus","XLOC_029319","unknown","unknown",1.80845594445687,2.20132554348995,1.4155863454238,0.0965830659301158,0.405301000546545,-0.633356005635771,,0.269186640881493,0.530551553484812,0.00782172827817314,0.22707060646524,0.00782172827817314,-4.92272306182906,,0.123666666666667,0.238566666666667,0.00876666666666667,-0.2298,0.0265708684846023,0.0265708684846023,,0,"XLOC_029319","PTPN4","ENST00000469511.1","ENST00000469511.1","=",FALSE
"isoComp_00108013","geneComp_00014633","TCONS_00164626","XLOC_029319","T_minus","T_plus","XLOC_029319","unknown","unknown",1.80845594445687,2.20132554348995,1.4155863454238,0.0965830659301158,0.405301000546545,-0.633356005635771,,0.0222433606666812,0,0.0444867213333624,0,0.0444867213333624,2.44590468125377,,0.01005,0,0.0201,0.0201,0.906307981916668,0.0265708684846023,FALSE,0,"XLOC_029319","PTPN4","ENST00000441089.1","ENST00000441089.1","=",FALSE
"isoComp_00108015","geneComp_00014633","TCONS_00181683","XLOC_029319","T_minus","T_plus","XLOC_029319","unknown","unknown",1.80845594445687,2.20132554348995,1.4155863454238,0.0965830659301158,0.405301000546545,-0.633356005635771,,0.101395953776642,0.159448677978167,0.0433432295751177,0.100988265720639,0.0219797108788536,-1.6674713029383,,0.0559833333333333,0.0692,0.0427666666666667,-0.0264333333333333,0.988903635755905,0.0265708684846023,FALSE,0,"XLOC_029319","PTPN4","PB.9981.1","ENST00000263708.7","c",TRUE
"isoComp_00108016","geneComp_00014633","TCONS_00183373","XLOC_029319","T_minus","T_plus","XLOC_029319","unknown","unknown",1.80845594445687,2.20132554348995,1.4155863454238,0.0965830659301158,0.405301000546545,-0.633356005635771,,0.410203290535918,0.409584908568783,0.410821672503053,0.150637069976457,0.0517183960104374,0.00424621730235074,,0.254233333333333,0.1931,0.315366666666667,0.122266666666667,0.764179325549182,0.0265708684846023,FALSE,0,"XLOC_029319","PTPN4","PB.10653.1","ENST00000263708.7","c",TRUE
"isoComp_00108481","geneComp_00014699","TCONS_00165269","XLOC_029507","T_minus","T_plus","XLOC_029507","unknown","unknown",3.64110501750744,2.70004606331595,4.58216397169894,0.0900303878390939,0.440084907536644,0.760856783397119,,0.06206918158777,0.016987325602853,0.107151037572687,0.016987325602853,0.0536910984395143,2.11801581136297,,0.0145333333333333,0.0064,0.0226666666666667,0.0162666666666667,0.868914494033247,0.000103295236064152,FALSE,0,"XLOC_029507","TEX41","ENST00000670681.1","ENST00000670681.1","=",FALSE
"isoComp_00108486","geneComp_00014699","TCONS_00165292","XLOC_029507","T_minus","T_plus","XLOC_029507","unknown","unknown",3.64110501750744,2.70004606331595,4.58216397169894,0.0900303878390939,0.440084907536644,0.760856783397119,,0.0343570518038527,0.0372113744649026,0.0315027291428029,0.0276523695099559,0.015752473401988,-0.185928276199069,,0.01055,0.0143666666666667,0.00673333333333333,-0.00763333333333333,0.969187423297399,0.000103295236064152,FALSE,0,"XLOC_029507","TEX41","ENST00000653910.1","ENST00000653910.1","=",FALSE
"isoComp_00108493","geneComp_00014699","TCONS_00165323","XLOC_029507","T_minus","T_plus","XLOC_029507","unknown","unknown",3.64110501750744,2.70004606331595,4.58216397169894,0.0900303878390939,0.440084907536644,0.760856783397119,,0.226614549772519,0.15742196823157,0.295807131313469,0.0176215929435746,0.0301357874036249,0.86913320704896,,0.0622666666666667,0.0583,0.0662333333333333,0.00793333333333334,0.945849605886936,0.000103295236064152,TRUE,0,"XLOC_029507","TEX41","ENST00000445791.5","ENST00000445791.5","=",FALSE
"isoComp_00108496","geneComp_00014699","TCONS_00165348","XLOC_029507","T_minus","T_plus","XLOC_029507","unknown","unknown",3.64110501750744,2.70004606331595,4.58216397169894,0.0900303878390939,0.440084907536644,0.760856783397119,,0.0424683140071326,0.0849366280142651,0,0.0849366280142651,0,-3.24696480863094,,0.0160333333333333,0.0320666666666667,0,-0.0320666666666667,0.902836815260018,0.000103295236064152,FALSE,0,"XLOC_029507","TEX41","ENST00000653186.1","ENST00000653186.1","=",FALSE
"isoComp_00108499","geneComp_00014699","TCONS_00165358","XLOC_029507","T_minus","T_plus","XLOC_029507","unknown","unknown",3.64110501750744,2.70004606331595,4.58216397169894,0.0900303878390939,0.440084907536644,0.760856783397119,,0.102720867871027,0.0619546474271964,0.143487088314857,0.0168772059750339,0.0428557236967958,1.09295752160677,,0.0267333333333333,0.0232666666666667,0.0302,0.00693333333333334,0.944060906426192,0.000103295236064152,FALSE,0,"XLOC_029507","TEX41","ENST00000655563.1","ENST00000655563.1","=",FALSE
"isoComp_00108503","geneComp_00014699","TCONS_00165383","XLOC_029507","T_minus","T_plus","XLOC_029507","unknown","unknown",3.64110501750744,2.70004606331595,4.58216397169894,0.0900303878390939,0.440084907536644,0.760856783397119,,0.0287623621805244,0.0575247243610488,0,0.0389600808720045,0,-2.75541584560045,,0.0111,0.0222,0,-0.0222,0.719715361097418,0.000103295236064152,TRUE,0,"XLOC_029507","TEX41","ENST00000630691.2","ENST00000630691.2","=",FALSE
"isoComp_00108504","geneComp_00014699","TCONS_00165396","XLOC_029507","T_minus","T_plus","XLOC_029507","unknown","unknown",3.64110501750744,2.70004606331595,4.58216397169894,0.0900303878390939,0.440084907536644,0.760856783397119,,0.0895086846849912,0.0591991032509512,0.119818266119031,0.0591991032509512,0.0655946383044812,0.907668145213575,,0.0224833333333333,0.0206,0.0243666666666667,0.00376666666666666,0.913676573837842,0.000103295236064152,TRUE,0,"XLOC_029507","TEX41","ENST00000630451.2","ENST00000630451.2","=",FALSE
"isoComp_00108507","geneComp_00014699","TCONS_00165404","XLOC_029507","T_minus","T_plus","XLOC_029507","unknown","unknown",3.64110501750744,2.70004606331595,4.58216397169894,0.0900303878390939,0.440084907536644,0.760856783397119,,0.474299409085059,0.475076272356872,0.473522545813247,0.0337067154238436,0.0865436138249281,-0.00462844979766575,,0.139,0.1761,0.1019,-0.0742,0.586374216597164,0.000103295236064152,FALSE,0,"XLOC_029507","TEX41","ENST00000597173.5","ENST00000597173.5","=",FALSE
"isoComp_00108508","geneComp_00014699","TCONS_00165407","XLOC_029507","T_minus","T_plus","XLOC_029507","unknown","unknown",3.64110501750744,2.70004606331595,4.58216397169894,0.0900303878390939,0.440084907536644,0.760856783397119,,0.0425493554616212,0.0850987109232424,0,0.0850987109232424,0,-3.24942578527879,,0.0148,0.0296,0,-0.0296,0.915895089105175,0.000103295236064152,FALSE,0,"XLOC_029507","TEX41","ENST00000596034.6","ENST00000596034.6","=",FALSE
"isoComp_00108509","geneComp_00014699","TCONS_00165408","XLOC_029507","T_minus","T_plus","XLOC_029507","unknown","unknown",3.64110501750744,2.70004606331595,4.58216397169894,0.0900303878390939,0.440084907536644,0.760856783397119,,0.0494821376410807,0.0147997758127378,0.0841644994694236,0.0147997758127378,0.0242948642030637,1.92485617956437,,0.0123833333333333,0.00513333333333333,0.0196333333333333,0.0145,0.779440436044213,0.000103295236064152,FALSE,0,"XLOC_029507","TEX41","ENST00000655165.1","ENST00000655165.1","=",FALSE
"isoComp_00108510","geneComp_00014699","TCONS_00165412","XLOC_029507","T_minus","T_plus","XLOC_029507","unknown","unknown",3.64110501750744,2.70004606331595,4.58216397169894,0.0900303878390939,0.440084907536644,0.760856783397119,,0.0426331079444723,0,0.0852662158889446,0,0.0852662158889446,3.25196468411649,,0.0101333333333333,0,0.0202666666666667,0.0202666666666667,0.970462001052212,0.000103295236064152,FALSE,0,"XLOC_029507","TEX41","ENST00000628611.2","ENST00000628611.2","=",FALSE
"isoComp_00108518","geneComp_00014699","TCONS_00165431","XLOC_029507","T_minus","T_plus","XLOC_029507","unknown","unknown",3.64110501750744,2.70004606331595,4.58216397169894,0.0900303878390939,0.440084907536644,0.760856783397119,,0.130675656667504,0.0373721163262766,0.223979197008732,0.0373721163262766,0.152884028370971,2.30427023593418,,0.0342833333333333,0.0141,0.0544666666666667,0.0403666666666667,0.879512574272798,0.000103295236064152,FALSE,0,"XLOC_029507","TEX41","PB.9404.2","ENST00000627497.2","=",TRUE
"isoComp_00108519","geneComp_00014699","TCONS_00165432","XLOC_029507","T_minus","T_plus","XLOC_029507","unknown","unknown",3.64110501750744,2.70004606331595,4.58216397169894,0.0900303878390939,0.440084907536644,0.760856783397119,,0.0933272168229215,0.0489161639896836,0.137738269656159,0.0265462618125312,0.116206696739347,1.32630818050671,,0.0221333333333333,0.0182333333333333,0.0260333333333333,0.0078,1,0.000103295236064152,,0,"XLOC_029507","TEX41","ENST00000630029.2","ENST00000630029.2","=",FALSE
"isoComp_00108520","geneComp_00014699","TCONS_00165433","XLOC_029507","T_minus","T_plus","XLOC_029507","unknown","unknown",3.64110501750744,2.70004606331595,4.58216397169894,0.0900303878390939,0.440084907536644,0.760856783397119,,0.0424683140071326,0.0849366280142651,0,0.0849366280142651,0,-3.24696480863094,,0.0160333333333333,0.0320666666666667,0,-0.0320666666666667,0.902836815260018,0.000103295236064152,FALSE,0,"XLOC_029507","TEX41","ENST00000628167.2","ENST00000628167.2","=",FALSE
"isoComp_00108521","geneComp_00014699","TCONS_00165434","XLOC_029507","T_minus","T_plus","XLOC_029507","unknown","unknown",3.64110501750744,2.70004606331595,4.58216397169894,0.0900303878390939,0.440084907536644,0.760856783397119,,0.0567675628264558,0,0.113535125652912,0,0.0674995303376215,3.62684940714344,,0.0125333333333333,0,0.0250666666666667,0.0250666666666667,0.722773470410073,0.000103295236064152,,0,"XLOC_029507","TEX41","ENST00000629194.2","ENST00000629194.2","=",FALSE
"isoComp_00108522","geneComp_00014699","TCONS_00165440","XLOC_029507","T_minus","T_plus","XLOC_029507","unknown","unknown",3.64110501750744,2.70004606331595,4.58216397169894,0.0900303878390939,0.440084907536644,0.760856783397119,,0.0413615689686032,0.0628990472041357,0.0198240907330707,0.0628990472041357,0.0198240907330707,-1.28942180436018,,0.01275,0.0218666666666667,0.00363333333333333,-0.0182333333333333,0.982754234924249,0.000103295236064152,FALSE,0,"XLOC_029507","TEX41","ENST00000630959.2","ENST00000630959.2","=",FALSE
"isoComp_00108525","geneComp_00014699","TCONS_00165451","XLOC_029507","T_minus","T_plus","XLOC_029507","unknown","unknown",3.64110501750744,2.70004606331595,4.58216397169894,0.0900303878390939,0.440084907536644,0.760856783397119,,0.0448247623008798,0.0582547034740119,0.0313948211277477,0.0201134811156597,0.0206742267030699,-0.721478181852961,,0.0145833333333333,0.0219666666666667,0.0072,-0.0147666666666667,0.762528614086201,0.000103295236064152,FALSE,0,"XLOC_029507","TEX41","ENST00000662233.1","ENST00000662233.1","=",FALSE
"isoComp_00108526","geneComp_00014699","TCONS_00178843","XLOC_029507","T_minus","T_plus","XLOC_029507","unknown","unknown",3.64110501750744,2.70004606331595,4.58216397169894,0.0900303878390939,0.440084907536644,0.760856783397119,,0.181761563183797,0.158809340946904,0.204713785420691,0.0794596214415399,0.102510278013441,0.347020083762448,,0.0512833333333333,0.0585333333333333,0.0440333333333333,-0.0145,0.993041813401932,0.000103295236064152,FALSE,0,"XLOC_029507","TEX41","PB.9404.1","ENST00000666180.1","j",TRUE
"isoComp_00108527","geneComp_00014699","TCONS_00178844","XLOC_029507","T_minus","T_plus","XLOC_029507","unknown","unknown",3.64110501750744,2.70004606331595,4.58216397169894,0.0900303878390939,0.440084907536644,0.760856783397119,,0.163470252927316,0.326940505854631,0,0.0481609188120397,0,-5.07442196971948,,0.06015,0.1203,0,-0.1203,0.000103295236064152,0.000103295236064152,FALSE,0,"XLOC_029507","TEX41","PB.9404.3","ENST00000665824.1","j",TRUE
"isoComp_00108529","geneComp_00014699","TCONS_00180499","XLOC_029507","T_minus","T_plus","XLOC_029507","unknown","unknown",3.64110501750744,2.70004606331595,4.58216397169894,0.0900303878390939,0.440084907536644,0.760856783397119,,0.455646757123405,0.0661345275978731,0.845158986648937,0.0380494169421006,0.22681318703251,3.4895698825691,,0.101833333333333,0.0248,0.178866666666667,0.154066666666667,0.03917380539369,0.000103295236064152,TRUE,0,"XLOC_029507","TEX41","PB.7248.2","ENST00000665824.1","j",TRUE
"isoComp_00108530","geneComp_00014699","TCONS_00181731","XLOC_029507","T_minus","T_plus","XLOC_029507","unknown","unknown",3.64110501750744,2.70004606331595,4.58216397169894,0.0900303878390939,0.440084907536644,0.760856783397119,,0.268089415539322,0.105089236049037,0.431089595029606,0.0546197810568064,0.071642760612336,1.93831881990445,,0.0668666666666667,0.0401333333333333,0.0936,0.0534666666666667,0.671989250110494,0.000103295236064152,FALSE,0,"XLOC_029507","TEX41","PB.10752.3","ENST00000665824.1","j",TRUE
"isoComp_00108531","geneComp_00014699","TCONS_00183413","XLOC_029507","T_minus","T_plus","XLOC_029507","unknown","unknown",3.64110501750744,2.70004606331595,4.58216397169894,0.0900303878390939,0.440084907536644,0.760856783397119,,0.0535810929390993,0.0913029132917421,0.0158592725864566,0.0765250976827284,0.0158592725864566,-1.969922065826,,0.0191166666666667,0.0353333333333333,0.0029,-0.0324333333333333,0.797709204135915,0.000103295236064152,FALSE,0,"XLOC_029507","TEX41","PB.10752.1","ENST00000665824.1","j",TRUE
"isoComp_00108532","geneComp_00014699","TCONS_00183414","XLOC_029507","T_minus","T_plus","XLOC_029507","unknown","unknown",3.64110501750744,2.70004606331595,4.58216397169894,0.0900303878390939,0.440084907536644,0.760856783397119,,0.413999290747567,0.323544185417376,0.504454396077758,0.101252690892172,0.117301950234847,0.625165303345433,,0.116866666666667,0.1185,0.115233333333333,-0.00326666666666667,0.998161431539877,0.000103295236064152,TRUE,0,"XLOC_029507","TEX41","PB.10752.2","ENST00000665824.1","j",TRUE
"isoComp_00109045","geneComp_00014769","TCONS_00166144","XLOC_029660","T_minus","T_plus","XLOC_029660","unknown","unknown",3.0653782521797,3.91779608247765,2.21296042188176,0.35872205665435,0.291864075166042,-0.821237769377566,,0.0955141745016785,0,0.191028349003357,0,0.0965869508730993,4.32932705938926,,0.0395833333333333,0,0.0791666666666667,0.0791666666666667,0.42943119687149,0.0377126759438956,FALSE,0,"XLOC_029660","CYBRD1","ENST00000409484.5","ENST00000409484.5","=",FALSE
"isoComp_00109046","geneComp_00014769","TCONS_00166145","XLOC_029660","T_minus","T_plus","XLOC_029660","unknown","unknown",3.0653782521797,3.91779608247765,2.21296042188176,0.35872205665435,0.291864075166042,-0.821237769377566,,0.368709814392802,0.304065686508479,0.433353942277126,0.0844467486835504,0.138243807746086,0.497392575117206,,0.13055,0.0753666666666667,0.185733333333333,0.110366666666667,0.395486229251215,0.0377126759438956,FALSE,0,"XLOC_029660","CYBRD1","ENST00000468308.1","ENST00000468308.1","=",FALSE
"isoComp_00109047","geneComp_00014769","TCONS_00166146","XLOC_029660","T_minus","T_plus","XLOC_029660","unknown","unknown",3.0653782521797,3.91779608247765,2.21296042188176,0.35872205665435,0.291864075166042,-0.821237769377566,,2.48834001751876,3.48220803540989,1.49447199962763,0.284362962092026,0.152344291776229,-1.21488224845569,,0.789733333333333,0.890666666666667,0.6888,-0.201866666666667,0.0377126759438956,0.0377126759438956,FALSE,0,"XLOC_029660","CYBRD1","ENST00000321348.9","ENST00000321348.9","=",FALSE
"isoComp_00109048","geneComp_00014769","TCONS_00166147","XLOC_029660","T_minus","T_plus","XLOC_029660","unknown","unknown",3.0653782521797,3.91779608247765,2.21296042188176,0.35872205665435,0.291864075166042,-0.821237769377566,,0.0961644979771341,0.0982228649806187,0.0941061309736496,0.0511926971133983,0.0580994484336287,-0.0559503056432726,,0.0362333333333333,0.0262,0.0462666666666667,0.0200666666666667,0.973641780399994,0.0377126759438956,FALSE,0,"XLOC_029660","CYBRD1","PB.9512.1","ENST00000375252.3","=",TRUE
"isoComp_00109280","geneComp_00014801","TCONS_00166402","XLOC_029729","T_minus","T_plus","XLOC_029729","unknown","unknown",6.80351207379103,7.68720900415038,5.91981514343167,0.567021836878199,0.386797526793983,-0.376348290905626,,0.435553705800889,0.377689403046817,0.493418008554961,0.095228471785241,0.0854753090422574,0.376855524772415,,0.0674666666666667,0.0508333333333333,0.0841,0.0332666666666667,0.766788722123395,9.92250083141642e-08,TRUE,2,"XLOC_029729","RBM45","ENST00000424000.6","ENST00000424000.6","=",FALSE
"isoComp_00109281","geneComp_00014801","TCONS_00166403","XLOC_029729","T_minus","T_plus","XLOC_029729","unknown","unknown",6.80351207379103,7.68720900415038,5.91981514343167,0.567021836878199,0.386797526793983,-0.376348290905626,,2.72094163609898,3.1092385074251,2.33264476477286,0.619180903711259,0.31951189158767,-0.413055667605844,,0.3996,0.4052,0.394,-0.0112,0.996703760255828,9.92250083141642e-08,FALSE,1,"XLOC_029729","RBM45","PB.7380.1","ENST00000286070.10","=",TRUE
"isoComp_00109282","geneComp_00014801","TCONS_00166404","XLOC_029729","T_minus","T_plus","XLOC_029729","unknown","unknown",6.80351207379103,7.68720900415038,5.91981514343167,0.567021836878199,0.386797526793983,-0.376348290905626,,1.1834050620576,1.22024835511406,1.14656176900113,0.245773605443215,0.356199146567502,-0.089107268856745,,0.177616666666667,0.160333333333333,0.1949,0.0345666666666667,0.947821144108656,9.92250083141642e-08,FALSE,1,"XLOC_029729","RBM45","ENST00000616198.4","ENST00000616198.4","=",FALSE
"isoComp_00109283","geneComp_00014801","TCONS_00166405","XLOC_029729","T_minus","T_plus","XLOC_029729","unknown","unknown",6.80351207379103,7.68720900415038,5.91981514343167,0.567021836878199,0.386797526793983,-0.376348290905626,,0.119218841761913,0.159680860666818,0.0787568228570072,0.159680860666818,0.03938118350497,-0.934893912936699,,0.0157833333333333,0.0181666666666667,0.0134,-0.00476666666666667,0.911137844812421,9.92250083141642e-08,,0,"XLOC_029729","RBM45","ENST00000493048.1","ENST00000493048.1","=",FALSE
"isoComp_00109284","geneComp_00014801","TCONS_00166406","XLOC_029729","T_minus","T_plus","XLOC_029729","unknown","unknown",6.80351207379103,7.68720900415038,5.91981514343167,0.567021836878199,0.386797526793983,-0.376348290905626,,0.145634833143353,0.192533851074995,0.0987358152117104,0.0470804042386013,0.0414331375102184,-0.89733584611763,,0.0208,0.0252666666666667,0.0163333333333333,-0.00893333333333333,0.888007341106012,9.92250083141642e-08,FALSE,0,"XLOC_029729","RBM45","ENST00000455903.6","ENST00000455903.6","=",FALSE
"isoComp_00109285","geneComp_00014801","TCONS_00166408","XLOC_029729","T_minus","T_plus","XLOC_029729","unknown","unknown",6.80351207379103,7.68720900415038,5.91981514343167,0.567021836878199,0.386797526793983,-0.376348290905626,,0.148906856030112,0.143833252432602,0.153980459627621,0.0773343441583279,0.092942353437779,0.0921565210518273,,0.0224833333333333,0.0176,0.0273666666666667,0.00976666666666667,0.989699037195604,9.92250083141642e-08,FALSE,0,"XLOC_029729","RBM45","ENST00000464647.1","ENST00000464647.1","=",FALSE
"isoComp_00109286","geneComp_00014801","TCONS_00181849","XLOC_029729","T_minus","T_plus","XLOC_029729","unknown","unknown",6.80351207379103,7.68720900415038,5.91981514343167,0.567021836878199,0.386797526793983,-0.376348290905626,,0.194054273660148,0.258996076722912,0.129112470597384,0.258996076722912,0.123213095949382,-0.95133337677089,,0.0273833333333333,0.0351,0.0196666666666667,-0.0154333333333333,0.941217888752449,9.92250083141642e-08,FALSE,0,"XLOC_029729","RBM45","PB.10219.2","ENST00000286070.10","j",TRUE
"isoComp_00109287","geneComp_00014801","TCONS_00181850","XLOC_029729","T_minus","T_plus","XLOC_029729","unknown","unknown",6.80351207379103,7.68720900415038,5.91981514343167,0.567021836878199,0.386797526793983,-0.376348290905626,,0.281310859736035,0.390357499056528,0.172264220415542,0.195709785189446,0.0402524993989953,-1.13525745014611,,0.0392833333333333,0.0488333333333333,0.0297333333333333,-0.0191,0.998161431539877,9.92250083141642e-08,FALSE,0,"XLOC_029729","RBM45","PB.10219.3","ENST00000286070.10","c",TRUE
"isoComp_00109288","geneComp_00014801","TCONS_00181851","XLOC_029729","T_minus","T_plus","XLOC_029729","unknown","unknown",6.80351207379103,7.68720900415038,5.91981514343167,0.567021836878199,0.386797526793983,-0.376348290905626,,0.429965634094029,0.422146039701866,0.437785228486192,0.317222790951777,0.0483771714775709,0.0512879973841597,,0.0665333333333333,0.0579333333333333,0.0751333333333333,0.0172,0.852279498795875,9.92250083141642e-08,FALSE,0,"XLOC_029729","RBM45","PB.10219.4","ENST00000616198.4","c",TRUE
"isoComp_00109289","geneComp_00014801","TCONS_00181852","XLOC_029729","T_minus","T_plus","XLOC_029729","unknown","unknown",6.80351207379103,7.68720900415038,5.91981514343167,0.567021836878199,0.386797526793983,-0.376348290905626,,0.363318706952801,0,0.726637413905602,0,0.157302060777878,6.20288276864593,,0.0602,0,0.1204,0.1204,9.92250083141642e-08,9.92250083141642e-08,,0,"XLOC_029729","RBM45","PB.10219.5","ENST00000286070.10","c",TRUE
"isoComp_00109290","geneComp_00014801","TCONS_00183496","XLOC_029729","T_minus","T_plus","XLOC_029729","unknown","unknown",6.80351207379103,7.68720900415038,5.91981514343167,0.567021836878199,0.386797526793983,-0.376348290905626,,0.781201664455167,1.41248515890867,0.149918170001659,0.458309085173152,0.106492442062536,-3.15300782751578,,0.102883333333333,0.1808,0.0249666666666667,-0.155833333333333,0.220118873057106,9.92250083141642e-08,FALSE,0,"XLOC_029729","RBM45","PB.10927.3","ENST00000286070.10","c",TRUE
"isoComp_00111571","geneComp_00015039","TCONS_00168871","XLOC_030215","T_minus","T_plus","XLOC_030215","unknown","unknown",5.31288577619952,4.83340156572817,5.79236998667087,0.576818660205001,0.213137640464355,0.260621670020403,,0.161780083756353,0.214055971618282,0.109504195894424,0.132047658889839,0.109504195894424,-0.906797904865846,,0.0346,0.0489,0.0203,-0.0286,0.793982415589765,6.27328011873124e-13,FALSE,0,"XLOC_030215","AGAP1","ENST00000304032.13","ENST00000304032.13","=",FALSE
"isoComp_00111573","geneComp_00015039","TCONS_00168873","XLOC_030215","T_minus","T_plus","XLOC_030215","unknown","unknown",5.31288577619952,4.83340156572817,5.79236998667087,0.576818660205001,0.213137640464355,0.260621670020403,,0.326738929953811,0.261604814283937,0.391873045623685,0.261604814283937,0.0674137738089949,0.565230764339121,,0.0558333333333333,0.0438,0.0678666666666667,0.0240666666666667,0.661124784348556,6.27328011873124e-13,FALSE,0,"XLOC_030215","AGAP1","ENST00000336665.9","ENST00000336665.9","=",FALSE
"isoComp_00111574","geneComp_00015039","TCONS_00168874","XLOC_030215","T_minus","T_plus","XLOC_030215","unknown","unknown",5.31288577619952,4.83340156572817,5.79236998667087,0.576818660205001,0.213137640464355,0.260621670020403,,1.20676970125372,0.584116836302168,1.82942256620528,0.112507319820188,0.107912029975701,1.63043436689826,,0.222166666666667,0.129,0.315333333333333,0.186333333333333,0.0665438900573578,6.27328011873124e-13,FALSE,0,"XLOC_030215","AGAP1","ENST00000635100.1","ENST00000635100.1","=",FALSE
"isoComp_00111576","geneComp_00015039","TCONS_00168879","XLOC_030215","T_minus","T_plus","XLOC_030215","unknown","unknown",5.31288577619952,4.83340156572817,5.79236998667087,0.576818660205001,0.213137640464355,0.260621670020403,,0.0552493567186464,0.0517992153445823,0.0586994980927104,0.0517992153445823,0.0431067887472863,0.152711038425789,,0.0112666666666667,0.0126,0.00993333333333333,-0.00266666666666667,0.942534224601604,6.27328011873124e-13,FALSE,0,"XLOC_030215","AGAP1","ENST00000619456.4","ENST00000619456.4","=",FALSE
"isoComp_00111577","geneComp_00015039","TCONS_00168880","XLOC_030215","T_minus","T_plus","XLOC_030215","unknown","unknown",5.31288577619952,4.83340156572817,5.79236998667087,0.576818660205001,0.213137640464355,0.260621670020403,,0.544197500973557,1.08098054839155,0.0074144535555604,0.0608051654128596,0.0074144535555604,-5.9691963655594,,0.11415,0.2271,0.0012,-0.2259,6.27328011873124e-13,6.27328011873124e-13,FALSE,0,"XLOC_030215","AGAP1","ENST00000614409.4","ENST00000614409.4","=",FALSE
"isoComp_00111578","geneComp_00015039","TCONS_00168881","XLOC_030215","T_minus","T_plus","XLOC_030215","unknown","unknown",5.31288577619952,4.83340156572817,5.79236998667087,0.576818660205001,0.213137640464355,0.260621670020403,,2.3860408453509,2.25807004398537,2.51401164671642,0.415317616764408,0.155772536160742,0.154253372264076,,0.447,0.460766666666667,0.433233333333333,-0.0275333333333333,0.979858044464231,6.27328011873124e-13,FALSE,0,"XLOC_030215","AGAP1","ENST00000428334.6","ENST00000428334.6","=",FALSE
"isoComp_00111580","geneComp_00015039","TCONS_00168886","XLOC_030215","T_minus","T_plus","XLOC_030215","unknown","unknown",5.31288577619952,4.83340156572817,5.79236998667087,0.576818660205001,0.213137640464355,0.260621670020403,,0.285366222248818,0.205074538088196,0.365657906409439,0.101026474124009,0.0233892243062267,0.804582727426541,,0.0511,0.0389333333333333,0.0632666666666667,0.0243333333333333,0.803953928780283,6.27328011873124e-13,FALSE,0,"XLOC_030215","AGAP1","ENST00000482882.1","ENST00000482882.1","=",FALSE
"isoComp_00111581","geneComp_00015039","TCONS_00180761","XLOC_030215","T_minus","T_plus","XLOC_030215","unknown","unknown",5.31288577619952,4.83340156572817,5.79236998667087,0.576818660205001,0.213137640464355,0.260621670020403,,0.24563154341147,0.174302132593507,0.316960954229433,0.0349905544515456,0.0161012513309268,0.82704559420386,,0.0466,0.0382666666666667,0.0549333333333333,0.0166666666666667,0.851356027715158,6.27328011873124e-13,FALSE,0,"XLOC_030215","AGAP1","PB.7639.1","ENST00000304032.13","j",TRUE
"isoComp_00111704","geneComp_00015056","TCONS_00169031","XLOC_030243","T_minus","T_plus","XLOC_030243","unknown","unknown",17.7098711847919,17.3987706620015,18.0209717075823,2.35385505666622,1.52618233620095,0.0506628179703754,,0.196733413406618,0.173163559908185,0.220303266905052,0.143823244746093,0.0588486610891435,0.330402366083862,,0.0103,0.0083,0.0123,0.004,0.866828068907984,0.00495470430030583,FALSE,0,"XLOC_030243","ASB1","ENST00000469885.1","ENST00000469885.1","=",FALSE
"isoComp_00111705","geneComp_00015056","TCONS_00169032","XLOC_030243","T_minus","T_plus","XLOC_030243","unknown","unknown",17.7098711847919,17.3987706620015,18.0209717075823,2.35385505666622,1.52618233620095,0.0506628179703754,,5.50939278869751,5.89579633100536,5.12298924638966,1.13947618586955,0.47028102488741,-0.20233236602657,,0.309216666666667,0.3341,0.284333333333333,-0.0497666666666667,0.572242462029341,0.00495470430030583,FALSE,2,"XLOC_030243","ASB1","ENST00000264607.9","ENST00000264607.9","=",FALSE
"isoComp_00111706","geneComp_00015056","TCONS_00169033","XLOC_030243","T_minus","T_plus","XLOC_030243","unknown","unknown",17.7098711847919,17.3987706620015,18.0209717075823,2.35385505666622,1.52618233620095,0.0506628179703754,,0.735924571898183,0.92599388347894,0.545855260317425,0.109538024828875,0.282539608894474,-0.751789835024695,,0.04235,0.0555,0.0292,-0.0263,0.820624300496758,0.00495470430030583,FALSE,0,"XLOC_030243","ASB1","ENST00000409297.1","ENST00000409297.1","=",FALSE
"isoComp_00111709","geneComp_00015056","TCONS_00169038","XLOC_030243","T_minus","T_plus","XLOC_030243","unknown","unknown",17.7098711847919,17.3987706620015,18.0209717075823,2.35385505666622,1.52618233620095,0.0506628179703754,,5.46601040204498,5.72760481287735,5.20441599121262,0.905593938684323,0.502463676121698,-0.137942921941986,,0.3087,0.327933333333333,0.289466666666667,-0.0384666666666666,0.791605941645424,0.00495470430030583,FALSE,0,"XLOC_030243","ASB1","ENST00000473306.1","ENST00000473306.1","=",FALSE
"isoComp_00111710","geneComp_00015056","TCONS_00182112","XLOC_030243","T_minus","T_plus","XLOC_030243","unknown","unknown",17.7098711847919,17.3987706620015,18.0209717075823,2.35385505666622,1.52618233620095,0.0506628179703754,,0.304259602021832,0.228147258939109,0.380371945104555,0.120729609099689,0.14718362336343,0.712995430870187,,0.0178166666666667,0.0151,0.0205333333333333,0.00543333333333333,0.921713450440809,0.00495470430030583,FALSE,0,"XLOC_030243","ASB1","PB.10598.3","ENST00000264607.9","j",TRUE
"isoComp_00111711","geneComp_00015056","TCONS_00182113","XLOC_030243","T_minus","T_plus","XLOC_030243","unknown","unknown",17.7098711847919,17.3987706620015,18.0209717075823,2.35385505666622,1.52618233620095,0.0506628179703754,,2.1367620365576,3.14434620158176,1.12917787153344,0.0744619614108227,0.0866452253614137,-1.46934798270839,,0.12595,0.1877,0.0642,-0.1235,0.00495470430030583,0.00495470430030583,FALSE,0,"XLOC_030243","ASB1","PB.10598.4","ENST00000264607.9","c",TRUE
"isoComp_00111712","geneComp_00015056","TCONS_00182114","XLOC_030243","T_minus","T_plus","XLOC_030243","unknown","unknown",17.7098711847919,17.3987706620015,18.0209717075823,2.35385505666622,1.52618233620095,0.0506628179703754,,1.82465024939809,0.580609331481186,3.06869116731499,0.482783038301961,0.0714561034736202,2.38204109761341,,0.100033333333333,0.0277666666666667,0.1723,0.144533333333333,0.156484265989771,0.00495470430030583,FALSE,0,"XLOC_030243","ASB1","PB.10598.6","ENST00000264607.9","c",TRUE
"isoComp_00111713","geneComp_00015056","TCONS_00183695","XLOC_030243","T_minus","T_plus","XLOC_030243","unknown","unknown",17.7098711847919,17.3987706620015,18.0209717075823,2.35385505666622,1.52618233620095,0.0506628179703754,,0.813906098576054,0.584897910304671,1.04291428684744,0.0238030337061349,0.416398973881708,0.82367398198182,,0.0465,0.0344333333333333,0.0585666666666667,0.0241333333333333,0.890318183065975,0.00495470430030583,FALSE,0,"XLOC_030243","ASB1","PB.11333.2","ENST00000264607.9","j",TRUE
"isoComp_00111714","geneComp_00015056","TCONS_00183696","XLOC_030243","T_minus","T_plus","XLOC_030243","unknown","unknown",17.7098711847919,17.3987706620015,18.0209717075823,2.35385505666622,1.52618233620095,0.0506628179703754,,0.680857708565938,0.073998879063689,1.28771653806819,0.073998879063689,0.650394047445902,3.94946140199885,,0.0365333333333333,0.00483333333333333,0.0682333333333333,0.0634,0.638805328079892,0.00495470430030583,FALSE,0,"XLOC_030243","ASB1","PB.11333.3","ENST00000264607.9","j",TRUE
"isoComp_00112061","geneComp_00015092","TCONS_00169588","XLOC_030331","T_minus","T_plus","XLOC_030331","unknown","unknown",54.7384534182815,46.2171422938601,63.2597645427029,2.31033018297302,2.16247971507083,0.452776047234623,,4.58525303850453,6.9168687320636,2.25363734494545,0.32057884167667,0.57454175442623,-1.61356049026912,,0.09255,0.1498,0.0353,-0.1145,5.07758077051243e-07,5.07758077051243e-07,FALSE,0,"XLOC_030331","ENSG00000242282","ENST00000422961.5","ENST00000422961.5","=",FALSE
"isoComp_00112067","geneComp_00015092","TCONS_00169595","XLOC_030331","T_minus","T_plus","XLOC_030331","unknown","unknown",54.7384534182815,46.2171422938601,63.2597645427029,2.31033018297302,2.16247971507083,0.452776047234623,,14.1779457637587,13.0004716827534,15.355419844764,0.874599609372772,0.265114298662842,0.240013921078483,,0.262083333333333,0.2809,0.243266666666667,-0.0376333333333333,0.315421543490558,5.07758077051243e-07,FALSE,1,"XLOC_030331","RNASEH1","ENST00000315212.4","ENST00000315212.4","=",FALSE
"isoComp_00112079","geneComp_00015092","TCONS_00182149","XLOC_030331","T_minus","T_plus","XLOC_030331","unknown","unknown",54.7384534182815,46.2171422938601,63.2597645427029,2.31033018297302,2.16247971507083,0.452776047234623,,4.89484075388421,5.09683999417182,4.69284151359661,0.635860866444545,1.53601883661428,-0.118898143718182,,0.09255,0.1114,0.0737,-0.0377,0.603518355639998,5.07758077051243e-07,FALSE,1,"XLOC_030331","RNASEH1","PB.9234.25","ENST00000315212.4","c",TRUE
"isoComp_00112080","geneComp_00015092","TCONS_00183718","XLOC_030331","T_minus","T_plus","XLOC_030331","unknown","unknown",54.7384534182815,46.2171422938601,63.2597645427029,2.31033018297302,2.16247971507083,0.452776047234623,,0.652160796675916,0.53579254486844,0.768529048483391,0.255655397195042,0.26297575854584,0.512398181584478,,0.0121833333333333,0.0119,0.0124666666666667,0.000566666666666667,0.978698048756794,5.07758077051243e-07,TRUE,0,"XLOC_030331","ENSG00000286905","PB.9884.3","ENST00000658393.1","j",TRUE
"isoComp_00112081","geneComp_00015092","TCONS_00183719","XLOC_030331","T_minus","T_plus","XLOC_030331","unknown","unknown",54.7384534182815,46.2171422938601,63.2597645427029,2.31033018297302,2.16247971507083,0.452776047234623,,1.22532567327981,1.6019331164825,0.848718230077119,0.444359762813105,0.491012619058732,-0.908535158972193,,0.0247333333333333,0.0356666666666667,0.0138,-0.0218666666666667,0.750435035049008,5.07758077051243e-07,,0,"XLOC_030331","ENSG00000286905","PB.9884.5","ENST00000658393.1","j",TRUE
"isoComp_00112084","geneComp_00015092","TCONS_00183722","XLOC_030331","T_minus","T_plus","XLOC_030331","unknown","unknown",54.7384534182815,46.2171422938601,63.2597645427029,2.31033018297302,2.16247971507083,0.452776047234623,,0.780162382758497,0,1.56032476551699,0,1.12598758044414,7.29491914962243,,0.0128666666666667,0,0.0257333333333333,0.0257333333333333,0.424084593402833,5.07758077051243e-07,FALSE,1,"XLOC_030331","RNASEH1","PB.9885.9","ENST00000315212.4","c",TRUE
"isoComp_00112085","geneComp_00015092","TCONS_00183723","XLOC_030331","T_minus","T_plus","XLOC_030331","unknown","unknown",54.7384534182815,46.2171422938601,63.2597645427029,2.31033018297302,2.16247971507083,0.452776047234623,,0.568195955845635,0.623785102889223,0.512606808802047,0.329750430754043,0.0573711711326979,-0.278267828604272,,0.0112,0.0142666666666667,0.00813333333333333,-0.00613333333333333,1,5.07758077051243e-07,TRUE,1,"XLOC_030331","ENSG00000286905","PB.9885.7","ENST00000658393.1","j",TRUE
"isoComp_00112086","geneComp_00015092","TCONS_00183724","XLOC_030331","T_minus","T_plus","XLOC_030331","unknown","unknown",54.7384534182815,46.2171422938601,63.2597645427029,2.31033018297302,2.16247971507083,0.452776047234623,,1.0181351789525,0.491846593382686,1.54442376452232,0.298050079681568,0.618978826138704,1.63106153510572,,0.0171,0.0100666666666667,0.0241333333333333,0.0140666666666667,0.791143963441629,5.07758077051243e-07,TRUE,1,"XLOC_030331","ENSG00000286905","PB.9885.11","ENST00000658393.1","j",TRUE
"isoComp_00112088","geneComp_00015092","TCONS_00183726","XLOC_030331","T_minus","T_plus","XLOC_030331","unknown","unknown",54.7384534182815,46.2171422938601,63.2597645427029,2.31033018297302,2.16247971507083,0.452776047234623,,13.2317718232052,8.62658621659253,17.8369574298178,2.45002842904572,1.28662018219644,1.04714506676926,,0.232633333333333,0.182433333333333,0.282833333333333,0.1004,0.592961215921255,5.07758077051243e-07,FALSE,0,"XLOC_030331","RNASEH1","PB.9885.12","ENST00000315212.4","c",TRUE
"isoComp_00112089","geneComp_00015092","TCONS_00183727","XLOC_030331","T_minus","T_plus","XLOC_030331","unknown","unknown",54.7384534182815,46.2171422938601,63.2597645427029,2.31033018297302,2.16247971507083,0.452776047234623,,1.66145691054754,1.48047413483263,1.84243968626245,1.43007959669995,0.952180768962407,0.313655230947521,,0.03155,0.0349333333333333,0.0281666666666667,-0.00676666666666666,0.903710494408025,5.07758077051243e-07,,0,"XLOC_030331","RNASEH1","PB.9885.13","ENST00000315212.4","c",TRUE
"isoComp_00112090","geneComp_00015092","TCONS_00183728","XLOC_030331","T_minus","T_plus","XLOC_030331","unknown","unknown",54.7384534182815,46.2171422938601,63.2597645427029,2.31033018297302,2.16247971507083,0.452776047234623,,7.77524656514988,3.33113295483709,12.2193601754627,0.152840045956734,2.38417847776403,1.87193962729302,,0.131933333333333,0.0721666666666667,0.1917,0.119533333333333,0.00179413562204685,5.07758077051243e-07,TRUE,0,"XLOC_030331","ENSG00000286905","PB.9885.14","ENST00000658393.1","c",TRUE
"isoComp_00112483","geneComp_00015141","TCONS_00170145","XLOC_030459","T_minus","T_plus","XLOC_030459","unknown","unknown",13.2277864580096,18.224111971238,8.23146094478129,0.387773658609105,0.419472738262118,-1.14566793154473,,0.272203715711882,0.233496362564766,0.310911068858997,0.155145251746648,0.190808313519776,0.398273330913,,0.0245333333333333,0.0130666666666667,0.036,0.0229333333333333,0.808514905899191,2.24715251368708e-05,TRUE,0,"XLOC_030459","HS1BP3","ENST00000446825.1","ENST00000446825.1","=",FALSE
"isoComp_00112484","geneComp_00015141","TCONS_00170150","XLOC_030459","T_minus","T_plus","XLOC_030459","unknown","unknown",13.2277864580096,18.224111971238,8.23146094478129,0.387773658609105,0.419472738262118,-1.14566793154473,,0.182729706176421,0.261213230781514,0.104246181571328,0.0290942379292914,0.00211770328124766,-1.24728161301142,,0.0135166666666667,0.0143333333333333,0.0127,-0.00163333333333333,0.997577955581167,2.24715251368708e-05,FALSE,0,"XLOC_030459","HS1BP3","ENST00000651498.1","ENST00000651498.1","=",FALSE
"isoComp_00112485","geneComp_00015141","TCONS_00170151","XLOC_030459","T_minus","T_plus","XLOC_030459","unknown","unknown",13.2277864580096,18.224111971238,8.23146094478129,0.387773658609105,0.419472738262118,-1.14566793154473,,9.00024861904654,13.6048102085071,4.39568702958598,0.74564478089706,0.248148680766253,-1.62773795336601,,0.639666666666667,0.7455,0.533833333333333,-0.211666666666667,2.24715251368708e-05,2.24715251368708e-05,FALSE,0,"XLOC_030459","HS1BP3","ENST00000304031.8","ENST00000304031.8","=",FALSE
"isoComp_00112486","geneComp_00015141","TCONS_00170152","XLOC_030459","T_minus","T_plus","XLOC_030459","unknown","unknown",13.2277864580096,18.224111971238,8.23146094478129,0.387773658609105,0.419472738262118,-1.14566793154473,,1.32189573777584,1.93929303256137,0.704498442990303,0.107122283652037,0.155809719739664,-1.44794821122792,,0.0973666666666667,0.106733333333333,0.088,-0.0187333333333333,0.884952257573163,2.24715251368708e-05,FALSE,0,"XLOC_030459","HS1BP3","ENST00000458740.5","ENST00000458740.5","=",FALSE
"isoComp_00112487","geneComp_00015141","TCONS_00170153","XLOC_030459","T_minus","T_plus","XLOC_030459","unknown","unknown",13.2277864580096,18.224111971238,8.23146094478129,0.387773658609105,0.419472738262118,-1.14566793154473,,0.741903801234993,1.00118233193535,0.48262527053464,0.126798861987738,0.0144320281988085,-1.03748061934034,,0.05715,0.0552,0.0591,0.0039,0.971807915567184,2.24715251368708e-05,FALSE,1,"XLOC_030459","HS1BP3","ENST00000445102.1","ENST00000445102.1","=",FALSE
"isoComp_00112488","geneComp_00015141","TCONS_00170154","XLOC_030459","T_minus","T_plus","XLOC_030459","unknown","unknown",13.2277864580096,18.224111971238,8.23146094478129,0.387773658609105,0.419472738262118,-1.14566793154473,,0.312961805687304,0.362176167280333,0.263747444094274,0.0864138647744314,0.0643945423494361,-0.443140179030629,,0.0261833333333333,0.0200666666666667,0.0323,0.0122333333333333,0.853053188974598,2.24715251368708e-05,FALSE,0,"XLOC_030459","HS1BP3","ENST00000402541.5","ENST00000402541.5","=",FALSE
"isoComp_00112489","geneComp_00015141","TCONS_00170155","XLOC_030459","T_minus","T_plus","XLOC_030459","unknown","unknown",13.2277864580096,18.224111971238,8.23146094478129,0.387773658609105,0.419472738262118,-1.14566793154473,,0.768664816532217,0.671685131728258,0.865644501336177,0.0897284861745759,0.127579868572195,0.36123975924192,,0.0705333333333333,0.0369666666666667,0.1041,0.0671333333333333,0.0270184926658816,2.24715251368708e-05,FALSE,0,"XLOC_030459","HS1BP3","ENST00000406618.3","ENST00000406618.3","=",FALSE
"isoComp_00112490","geneComp_00015141","TCONS_00182214","XLOC_030459","T_minus","T_plus","XLOC_030459","unknown","unknown",13.2277864580096,18.224111971238,8.23146094478129,0.387773658609105,0.419472738262118,-1.14566793154473,,0.627178255844447,0.150255505879312,1.10410100580958,0.0809284753505199,0.0879640604805221,2.79743420585909,,0.0710166666666667,0.00813333333333333,0.1339,0.125766666666667,0.00266907367254315,2.24715251368708e-05,FALSE,0,"XLOC_030459","HS1BP3","PB.9306.2","ENST00000304031.8","j",TRUE
"isoComp_00112929","geneComp_00015191","TCONS_00170563","XLOC_030548","T_minus","T_plus","XLOC_030548","unknown","unknown",11.2548351114344,6.01832266633372,16.491347556535,1.0210282228248,1.48098001981205,1.45275530024417,,3.45716363782007,3.22650121338338,3.68782606225677,0.39106769352979,0.888169132702164,0.192242320333977,,0.386216666666667,0.5508,0.221633333333333,-0.329166666666667,0.00107544182710675,8.63077645685015e-12,FALSE,0,"XLOC_030548","RBKS","ENST00000302188.8","ENST00000302188.8","=",FALSE
"isoComp_00112930","geneComp_00015191","TCONS_00170564","XLOC_030548","T_minus","T_plus","XLOC_030548","unknown","unknown",11.2548351114344,6.01832266633372,16.491347556535,1.0210282228248,1.48098001981205,1.45275530024417,,0.100833516988573,0.123928397926671,0.0777386360504753,0.0344937824748589,0.020621814880719,-0.610177715365633,,0.01255,0.0203333333333333,0.00476666666666667,-0.0155666666666667,0.447806593857493,8.63077645685015e-12,FALSE,0,"XLOC_030548","RBKS","ENST00000449378.1","ENST00000449378.1","=",FALSE
"isoComp_00112931","geneComp_00015191","TCONS_00170565","XLOC_030548","T_minus","T_plus","XLOC_030548","unknown","unknown",11.2548351114344,6.01832266633372,16.491347556535,1.0210282228248,1.48098001981205,1.45275530024417,,0.253475537660333,0.127752218644276,0.37919885667639,0.0648376080331226,0.0689605094593509,1.49843191691229,,0.0242333333333333,0.0247,0.0237666666666667,-0.000933333333333335,0.965069481405758,8.63077645685015e-12,FALSE,0,"XLOC_030548","RBKS","ENST00000458185.1","ENST00000458185.1","=",FALSE
"isoComp_00112932","geneComp_00015191","TCONS_00170566","XLOC_030548","T_minus","T_plus","XLOC_030548","unknown","unknown",11.2548351114344,6.01832266633372,16.491347556535,1.0210282228248,1.48098001981205,1.45275530024417,,5.07497475112034,0.758547620757643,9.39140188148303,0.216289199631675,1.11494032966337,3.61266933890162,,0.347233333333333,0.126833333333333,0.567633333333333,0.4408,8.63077645685015e-12,8.63077645685015e-12,TRUE,0,"XLOC_030548","RBKS","ENST00000453412.1","ENST00000453412.1","=",FALSE
"isoComp_00112933","geneComp_00015191","TCONS_00179514","XLOC_030548","T_minus","T_plus","XLOC_030548","unknown","unknown",11.2548351114344,6.01832266633372,16.491347556535,1.0210282228248,1.48098001981205,1.45275530024417,,0.151163854209717,0.164039441087833,0.138288267331601,0.0354834579222537,0.0341061835733202,-0.231009833615091,,0.0179,0.0269333333333333,0.00886666666666667,-0.0180666666666667,0.485380841394982,8.63077645685015e-12,FALSE,0,"XLOC_030548","RBKS","PB.6784.2","ENST00000449378.1","j",TRUE
"isoComp_00112934","geneComp_00015191","TCONS_00182265","XLOC_030548","T_minus","T_plus","XLOC_030548","unknown","unknown",11.2548351114344,6.01832266633372,16.491347556535,1.0210282228248,1.48098001981205,1.45275530024417,,1.01454365102812,0.765126494740773,1.26396080731547,0.576978114392169,0.154866063896461,0.716817223023193,,0.0924166666666667,0.106566666666667,0.0782666666666667,-0.0283,0.962046629807009,8.63077645685015e-12,FALSE,0,"XLOC_030548","RBKS","PB.9381.1","ENST00000449378.1","c",TRUE
"isoComp_00112937","geneComp_00015191","TCONS_00182268","XLOC_030548","T_minus","T_plus","XLOC_030548","unknown","unknown",11.2548351114344,6.01832266633372,16.491347556535,1.0210282228248,1.48098001981205,1.45275530024417,,0.185084345789785,0.254830426344821,0.115338265234749,0.130540783052765,0.0585280861289002,-1.07924195226146,,0.0253833333333333,0.0431666666666667,0.0076,-0.0355666666666667,0.588410892007945,8.63077645685015e-12,FALSE,0,"XLOC_030548","RBKS","PB.9381.5","ENST00000449378.1","j",TRUE
"isoComp_00112938","geneComp_00015191","TCONS_00183814","XLOC_030548","T_minus","T_plus","XLOC_030548","unknown","unknown",11.2548351114344,6.01832266633372,16.491347556535,1.0210282228248,1.48098001981205,1.45275530024417,,0.857794049429423,0.420928667178656,1.29465943168019,0.0794189607410166,0.347520773808742,1.59815227393694,,0.077,0.0763,0.0777,0.0014,1,8.63077645685015e-12,FALSE,0,"XLOC_030548","RBKS","PB.10033.1","ENST00000449378.1","j",TRUE
"isoComp_00115168","geneComp_00015450","TCONS_00173375","XLOC_031146","T_minus","T_plus","XLOC_031146","unknown","unknown",27.4110387088328,28.0815491956109,26.7405282220547,0.228641765962974,1.03561998033392,-0.0705688089693926,,0.32092893611286,0.591016638417595,0.0508412338081254,0.245446455595491,0.0508412338081254,-3.30428361566211,,0.0115166666666667,0.021,0.00203333333333333,-0.0189666666666667,0.376700596526739,0.00843827408187243,FALSE,0,"XLOC_031146","MRPS5","ENST00000272418.7","ENST00000272418.7","=",FALSE
"isoComp_00115170","geneComp_00015450","TCONS_00173381","XLOC_031146","T_minus","T_plus","XLOC_031146","unknown","unknown",27.4110387088328,28.0815491956109,26.7405282220547,0.228641765962974,1.03561998033392,-0.0705688089693926,,0.716753952016752,0.518104746238968,0.915403157794536,0.184317393694884,0.169638069073254,0.809257914474897,,0.0266666666666667,0.0185333333333333,0.0348,0.0162666666666667,0.69524994499163,0.00843827408187243,TRUE,0,"XLOC_031146","MRPS5","ENST00000345084.10","ENST00000345084.10","=",FALSE
"isoComp_00115173","geneComp_00015450","TCONS_00173385","XLOC_031146","T_minus","T_plus","XLOC_031146","unknown","unknown",27.4110387088328,28.0815491956109,26.7405282220547,0.228641765962974,1.03561998033392,-0.0705688089693926,,0.548965351396887,0.409616998568189,0.688313704225584,0.0829425085738258,0.150859542913294,0.734802163241693,,0.0199833333333333,0.0145666666666667,0.0254,0.0108333333333333,0.705077577980117,0.00843827408187243,TRUE,1,"XLOC_031146","MRPS5","ENST00000461916.6","ENST00000461916.6","=",FALSE
"isoComp_00115176","geneComp_00015450","TCONS_00173388","XLOC_031146","T_minus","T_plus","XLOC_031146","unknown","unknown",27.4110387088328,28.0815491956109,26.7405282220547,0.228641765962974,1.03561998033392,-0.0705688089693926,,0.347116285708049,0.335922985885888,0.358309585530211,0.0240674007425433,0.0267475317622083,0.0904680638584855,,0.01265,0.0119333333333333,0.0133666666666667,0.00143333333333333,0.960317195296394,0.00843827408187243,FALSE,0,"XLOC_031146","MRPS5","ENST00000482821.5","ENST00000482821.5","=",FALSE
"isoComp_00115180","geneComp_00015450","TCONS_00173393","XLOC_031146","T_minus","T_plus","XLOC_031146","unknown","unknown",27.4110387088328,28.0815491956109,26.7405282220547,0.228641765962974,1.03561998033392,-0.0705688089693926,,0.368950287786075,0.444375209507316,0.293525366064833,0.0283155385576571,0.0292653570620731,-0.582067034560197,,0.0134333333333333,0.0158,0.0110666666666667,-0.00473333333333333,0.809073332603904,0.00843827408187243,FALSE,0,"XLOC_031146","ZNF514","ENST00000295208.7","ENST00000295208.7","=",FALSE
"isoComp_00115181","geneComp_00015450","TCONS_00173394","XLOC_031146","T_minus","T_plus","XLOC_031146","unknown","unknown",27.4110387088328,28.0815491956109,26.7405282220547,0.228641765962974,1.03561998033392,-0.0705688089693926,,0.601621333350027,0.65143844756184,0.551804219138213,0.142315272366783,0.0997035699365783,-0.235539448667542,,0.0219,0.0232666666666667,0.0205333333333333,-0.00273333333333333,0.969718571878855,0.00843827408187243,FALSE,0,"XLOC_031146","ZNF514","ENST00000695481.1","ENST00000695481.1","=",FALSE
"isoComp_00115183","geneComp_00015450","TCONS_00173396","XLOC_031146","T_minus","T_plus","XLOC_031146","unknown","unknown",27.4110387088328,28.0815491956109,26.7405282220547,0.228641765962974,1.03561998033392,-0.0705688089693926,,0.285020890412671,0.304599105164285,0.265442675661057,0.0513362518223858,0.0338333893336911,-0.191762466718144,,0.0103666666666667,0.0108666666666667,0.00986666666666667,-0.000999999999999999,0.993041813401932,0.00843827408187243,FALSE,0,"XLOC_031146","ZNF514","ENST00000411425.1","ENST00000411425.1","=",FALSE
"isoComp_00115184","geneComp_00015450","TCONS_00173397","XLOC_031146","T_minus","T_plus","XLOC_031146","unknown","unknown",27.4110387088328,28.0815491956109,26.7405282220547,0.228641765962974,1.03561998033392,-0.0705688089693926,,1.02793394035238,1.30652937460156,0.749338506103209,0.0953094496390975,0.120766814091072,-0.793924637078687,,0.0374333333333333,0.0465333333333333,0.0283333333333333,-0.0182,0.519761934211296,0.00843827408187243,TRUE,0,"XLOC_031146","ZNF514","ENST00000447814.1","ENST00000447814.1","=",FALSE
"isoComp_00115186","geneComp_00015450","TCONS_00179773","XLOC_031146","T_minus","T_plus","XLOC_031146","unknown","unknown",27.4110387088328,28.0815491956109,26.7405282220547,0.228641765962974,1.03561998033392,-0.0705688089693926,,1.26815644013138,1.23920632411214,1.29710655615062,0.155573441293802,0.121187307952148,0.0653649771976218,,0.0465666666666667,0.0441333333333333,0.049,0.00486666666666667,0.960317195296394,0.00843827408187243,TRUE,1,"XLOC_031146","MRPS5","PB.9162.3","ENST00000695456.1","n",TRUE
"isoComp_00115187","geneComp_00015450","TCONS_00179774","XLOC_031146","T_minus","T_plus","XLOC_031146","unknown","unknown",27.4110387088328,28.0815491956109,26.7405282220547,0.228641765962974,1.03561998033392,-0.0705688089693926,,12.1939935829328,13.863848388197,10.5241387776686,0.30863826435309,0.882481647079995,-0.397295653256253,,0.443133333333333,0.493833333333333,0.392433333333333,-0.1014,0.059943188466364,0.00843827408187243,FALSE,0,"XLOC_031146","MRPS5","PB.9162.6","ENST00000695456.1","c",TRUE
"isoComp_00115188","geneComp_00015450","TCONS_00182534","XLOC_031146","T_minus","T_plus","XLOC_031146","unknown","unknown",27.4110387088328,28.0815491956109,26.7405282220547,0.228641765962974,1.03561998033392,-0.0705688089693926,,8.63596436296881,7.18734860141178,10.0845801245258,0.638752087406403,0.659497893494401,0.488043462587012,,0.316316666666667,0.255633333333333,0.377,0.121366666666667,0.00843827408187243,0.00843827408187243,FALSE,0,"XLOC_031146","MRPS5","PB.9806.3","ENST00000695456.1","c",TRUE
"isoComp_00115398","geneComp_00015480","TCONS_00173595","XLOC_031205","T_minus","T_plus","XLOC_031205","unknown","unknown",25.4386411058989,39.4816699974627,11.3956122143351,1.39930473082464,0.40833486981134,-1.79180448914195,,12.0444394689225,18.5884887479616,5.5003901898835,1.98372512403691,0.099858689299414,-1.75495901290034,,0.47615,0.469,0.4833,0.0143,0.951146478281843,7.16036002217278e-16,FALSE,1,"XLOC_031205","MGAT4A","ENST00000393487.6","ENST00000393487.6","=",FALSE
"isoComp_00115399","geneComp_00015480","TCONS_00173596","XLOC_031205","T_minus","T_plus","XLOC_031205","unknown","unknown",25.4386411058989,39.4816699974627,11.3956122143351,1.39930473082464,0.40833486981134,-1.79180448914195,,3.37072501956844,6.74145003913688,0,1.56758582288502,0,-9.39905357928716,,0.0856166666666667,0.171233333333333,0,-0.171233333333333,7.16036002217278e-16,7.16036002217278e-16,FALSE,0,"XLOC_031205","MGAT4A","ENST00000414521.6","ENST00000414521.6","=",FALSE
"isoComp_00115402","geneComp_00015480","TCONS_00173602","XLOC_031205","T_minus","T_plus","XLOC_031205","unknown","unknown",25.4386411058989,39.4816699974627,11.3956122143351,1.39930473082464,0.40833486981134,-1.79180448914195,,0.677574228250532,0.935344167024937,0.419804289476128,0.351486407719535,0.207162575079281,-1.13715977916349,,0.0298333333333333,0.0233,0.0363666666666667,0.0130666666666667,0.91621333907437,7.16036002217278e-16,FALSE,0,"XLOC_031205","MGAT4A","ENST00000495056.2","ENST00000495056.2","=",FALSE
"isoComp_00115403","geneComp_00015480","TCONS_00179806","XLOC_031205","T_minus","T_plus","XLOC_031205","unknown","unknown",25.4386411058989,39.4816699974627,11.3956122143351,1.39930473082464,0.40833486981134,-1.79180448914195,,7.91387709199435,10.8196454502384,5.00810873375029,0.540700318807587,0.17023382099108,-1.10977037468448,,0.3576,0.274666666666667,0.440533333333333,0.165866666666667,7.40558680401664e-05,7.16036002217278e-16,FALSE,0,"XLOC_031205","MGAT4A","PB.9193.4","ENST00000393487.6","j",TRUE
"isoComp_00115404","geneComp_00015480","TCONS_00179807","XLOC_031205","T_minus","T_plus","XLOC_031205","unknown","unknown",25.4386411058989,39.4816699974627,11.3956122143351,1.39930473082464,0.40833486981134,-1.79180448914195,,0.987515304527127,1.97503060905425,0,0.663455918604498,0,-7.63301744358644,,0.0255166666666667,0.0510333333333333,0,-0.0510333333333333,2.67834642086556e-05,7.16036002217278e-16,FALSE,1,"XLOC_031205","MGAT4A","PB.9193.5","ENST00000393487.6","c",TRUE
"isoComp_00115407","geneComp_00015480","TCONS_00182575","XLOC_031205","T_minus","T_plus","XLOC_031205","unknown","unknown",25.4386411058989,39.4816699974627,11.3956122143351,1.39930473082464,0.40833486981134,-1.79180448914195,,0.131403025346465,0.016987325602853,0.245818725090077,0.016987325602853,0.245818725090077,3.24476794819568,,0.0105666666666667,0.000433333333333333,0.0207,0.0202666666666667,0.916819581983074,7.16036002217278e-16,FALSE,0,"XLOC_031205","MGAT4A","PB.9860.3","ENST00000393487.6","j",TRUE
"isoComp_00115716","geneComp_00015524","TCONS_00173991","XLOC_031305","T_minus","T_plus","XLOC_031305","unknown","unknown",5.4382526277396,5.659369752521,5.2171355029582,1.11322623040274,0.48212511156393,-0.117167805090608,,0.193673529133191,0.135255637377328,0.252091420889054,0.11547218124696,0.252091420889054,0.851475974532667,,0.0374166666666667,0.0183,0.0565333333333333,0.0382333333333333,0.942534224601604,0.0440074539513721,FALSE,1,"XLOC_031305","RGPD6","ENST00000329516.8","ENST00000329516.8","=",FALSE
"isoComp_00115717","geneComp_00015524","TCONS_00173993","XLOC_031305","T_minus","T_plus","XLOC_031305","unknown","unknown",5.4382526277396,5.659369752521,5.2171355029582,1.11322623040274,0.48212511156393,-0.117167805090608,,0.235745227326851,0.187607374449995,0.283883080203707,0.0178308032035898,0.0630319626100819,0.572605513347751,,0.04605,0.0345666666666667,0.0575333333333333,0.0229666666666667,0.849301761197632,0.0440074539513721,TRUE,1,"XLOC_031305","RGPD6","ENST00000463822.1","ENST00000463822.1","=",FALSE
"isoComp_00115718","geneComp_00015524","TCONS_00173994","XLOC_031305","T_minus","T_plus","XLOC_031305","unknown","unknown",5.4382526277396,5.659369752521,5.2171355029582,1.11322623040274,0.48212511156393,-0.117167805090608,,0.0709611205940788,0.122098150455087,0.0198240907330707,0.122098150455087,0.0198240907330707,-2.14706020783165,,0.01735,0.0308,0.0039,-0.0269,1,0.0440074539513721,FALSE,0,"XLOC_031305","RGPD6","ENST00000437167.2","ENST00000437167.2","=",FALSE
"isoComp_00115719","geneComp_00015524","TCONS_00173995","XLOC_031305","T_minus","T_plus","XLOC_031305","unknown","unknown",5.4382526277396,5.659369752521,5.2171355029582,1.11322623040274,0.48212511156393,-0.117167805090608,,1.06141333715961,0.975880224735529,1.14694644958369,0.487953702762197,0.0976967080972618,0.23083780106456,,0.189466666666667,0.155533333333333,0.2234,0.0678666666666667,0.86826094923666,0.0440074539513721,FALSE,1,"XLOC_031305","RGPD6","ENST00000696447.1","ENST00000696447.1","=",FALSE
"isoComp_00115720","geneComp_00015524","TCONS_00173997","XLOC_031305","T_minus","T_plus","XLOC_031305","unknown","unknown",5.4382526277396,5.659369752521,5.2171355029582,1.11322623040274,0.48212511156393,-0.117167805090608,,0.742786734436317,0.321478026660763,1.16409544221187,0.063030909061916,0.274434913942921,1.82456454604471,,0.1388,0.0595,0.2181,0.1586,0.0440074539513721,0.0440074539513721,TRUE,1,"XLOC_031305","RGPD6","ENST00000696449.1","ENST00000696449.1","=",FALSE
"isoComp_00115721","geneComp_00015524","TCONS_00174000","XLOC_031305","T_minus","T_plus","XLOC_031305","unknown","unknown",5.4382526277396,5.659369752521,5.2171355029582,1.11322623040274,0.48212511156393,-0.117167805090608,,0.054479882955363,0.0505178591868496,0.0584419067238764,0.0324273379272488,0.0384090757665109,0.177518999179042,,0.0115,0.0110666666666667,0.0119333333333333,0.000866666666666667,0.990118987933235,0.0440074539513721,,1,"XLOC_031305","RGPD6","ENST00000473101.1","ENST00000473101.1","=",FALSE
"isoComp_00115722","geneComp_00015524","TCONS_00174001","XLOC_031305","T_minus","T_plus","XLOC_031305","unknown","unknown",5.4382526277396,5.659369752521,5.2171355029582,1.11322623040274,0.48212511156393,-0.117167805090608,,0.567312369291993,0.594413907173877,0.540210831410109,0.0323183453141655,0.212576787058975,-0.135552315643804,,0.111966666666667,0.111666666666667,0.112266666666667,0.000600000000000003,0.978809158645834,0.0440074539513721,FALSE,0,"XLOC_031305","RGPD6","ENST00000459645.1","ENST00000459645.1","=",FALSE
"isoComp_00115723","geneComp_00015524","TCONS_00174003","XLOC_031305","T_minus","T_plus","XLOC_031305","unknown","unknown",5.4382526277396,5.659369752521,5.2171355029582,1.11322623040274,0.48212511156393,-0.117167805090608,,0.0713467675319827,0.142693535063965,0,0.142693535063965,0,-3.93256707562984,,0.0135666666666667,0.0271333333333333,0,-0.0271333333333333,0.929817968200885,0.0440074539513721,TRUE,0,"XLOC_031305","RGPD6","ENST00000446930.1","ENST00000446930.1","=",FALSE
"isoComp_00115724","geneComp_00015524","TCONS_00174005","XLOC_031305","T_minus","T_plus","XLOC_031305","unknown","unknown",5.4382526277396,5.659369752521,5.2171355029582,1.11322623040274,0.48212511156393,-0.117167805090608,,0.320065680103476,0.239599421655357,0.400531938551595,0.0807370340797597,0.111164167530146,0.717879873767401,,0.0606333333333333,0.0399666666666667,0.0813,0.0413333333333333,0.776216092179649,0.0440074539513721,,0,"XLOC_031305","RGPD6","ENST00000455695.1","ENST00000455695.1","=",FALSE
"isoComp_00115725","geneComp_00015524","TCONS_00179851","XLOC_031305","T_minus","T_plus","XLOC_031305","unknown","unknown",5.4382526277396,5.659369752521,5.2171355029582,1.11322623040274,0.48212511156393,-0.117167805090608,,2.07525024857337,2.88982561576224,1.26067488138449,0.769118273105135,0.75677316837332,-1.19037119941975,,0.3653,0.511433333333333,0.219166666666667,-0.292266666666667,0.702067410106406,0.0440074539513721,FALSE,0,"XLOC_031305","RGPD6","PB.9260.2","ENST00000329516.8","c",TRUE
"isoComp_00115959","geneComp_00015551","TCONS_00174225","XLOC_031341","T_minus","T_plus","XLOC_031341","unknown","unknown",10.7701328690327,12.0350171807516,9.5052485573139,0.530235863356203,0.778986100522197,-0.340123203224136,,0.15639193288514,0.164218043156026,0.148565822614254,0.0941602131275181,0.0477630584517361,-0.135812201501334,,0.0147166666666667,0.0132666666666667,0.0161666666666667,0.0029,0.945854592411088,0.0460936709963483,FALSE,0,"XLOC_031341","RPL23AP7","ENST00000416673.6","ENST00000416673.6","=",FALSE
"isoComp_00115960","geneComp_00015551","TCONS_00174226","XLOC_031341","T_minus","T_plus","XLOC_031341","unknown","unknown",10.7701328690327,12.0350171807516,9.5052485573139,0.530235863356203,0.778986100522197,-0.340123203224136,,2.57330115810757,3.42825555145909,1.71834676475606,0.100743237035296,0.216967073593079,-0.992284078505839,,0.232633333333333,0.2855,0.179766666666667,-0.105733333333333,0.0460936709963483,0.0460936709963483,FALSE,0,"XLOC_031341","RPL23AP7","PB.9299.1","ENST00000391616.3","=",TRUE
"isoComp_00115961","geneComp_00015551","TCONS_00174227","XLOC_031341","T_minus","T_plus","XLOC_031341","unknown","unknown",10.7701328690327,12.0350171807516,9.5052485573139,0.530235863356203,0.778986100522197,-0.340123203224136,,1.17653108634233,0.736944312827695,1.61611785985696,0.157916672500311,0.488396842616531,1.12235923226203,,0.11235,0.0606666666666667,0.164033333333333,0.103366666666667,0.201612202314833,0.0460936709963483,FALSE,0,"XLOC_031341","RPL23AP7","ENST00000449021.1","ENST00000449021.1","=",FALSE
"isoComp_00115962","geneComp_00015551","TCONS_00179877","XLOC_031341","T_minus","T_plus","XLOC_031341","unknown","unknown",10.7701328690327,12.0350171807516,9.5052485573139,0.530235863356203,0.778986100522197,-0.340123203224136,,0.774733789403531,1.12748070849885,0.421986870308213,0.202454930313566,0.141608642104509,-1.39678270834275,,0.0711166666666667,0.0955,0.0467333333333333,-0.0487666666666667,0.618760040363805,0.0460936709963483,FALSE,0,"XLOC_031341","RPL23AP7","PB.9958.2","ENST00000449021.1","k",TRUE
"isoComp_00115963","geneComp_00015551","TCONS_00179879","XLOC_031341","T_minus","T_plus","XLOC_031341","unknown","unknown",10.7701328690327,12.0350171807516,9.5052485573139,0.530235863356203,0.778986100522197,-0.340123203224136,,1.96460161843346,1.87174964162711,2.0574535952398,0.248289866127329,0.240843457998978,0.135780251224607,,0.188666666666667,0.154866666666667,0.222466666666667,0.0676,0.749315338442405,0.0460936709963483,FALSE,1,"XLOC_031341","RPL23AP7","PB.9958.7","ENST00000416673.6","j",TRUE
"isoComp_00115964","geneComp_00015551","TCONS_00182636","XLOC_031341","T_minus","T_plus","XLOC_031341","unknown","unknown",10.7701328690327,12.0350171807516,9.5052485573139,0.530235863356203,0.778986100522197,-0.340123203224136,,0.401460148574025,0.45859027541042,0.344330021737631,0.139606408609299,0.167215483384022,-0.403233306900676,,0.0373166666666667,0.0381666666666667,0.0364666666666667,-0.0017,0.989488040545213,0.0460936709963483,FALSE,0,"XLOC_031341","RPL23AP7","PB.9958.1","ENST00000449021.1","k",TRUE
"isoComp_00115965","geneComp_00015551","TCONS_00182638","XLOC_031341","T_minus","T_plus","XLOC_031341","unknown","unknown",10.7701328690327,12.0350171807516,9.5052485573139,0.530235863356203,0.778986100522197,-0.340123203224136,,0.372198526263028,0.172627753703604,0.571769298822452,0.105827009062859,0.303631923679274,1.67154113794199,,0.0388833333333333,0.0142333333333333,0.0635333333333333,0.0493,0.882225222467951,0.0460936709963483,FALSE,0,"XLOC_031341","RPL23AP7","PB.9958.5","ENST00000416673.6","j",TRUE
"isoComp_00115967","geneComp_00015551","TCONS_00182640","XLOC_031341","T_minus","T_plus","XLOC_031341","unknown","unknown",10.7701328690327,12.0350171807516,9.5052485573139,0.530235863356203,0.778986100522197,-0.340123203224136,,1.09704795737984,1.37912206974198,0.814973845017704,0.663053368504185,0.421992881981192,-0.751753096409032,,0.0985833333333333,0.116266666666667,0.0809,-0.0353666666666667,0.946312450845199,0.0460936709963483,FALSE,0,"XLOC_031341","RPL23AP7","PB.9958.8","ENST00000416673.6","j",TRUE
"isoComp_00115968","geneComp_00015551","TCONS_00184073","XLOC_031341","T_minus","T_plus","XLOC_031341","unknown","unknown",10.7701328690327,12.0350171807516,9.5052485573139,0.530235863356203,0.778986100522197,-0.340123203224136,,0.290283629142425,0.35260410405975,0.2279631542251,0.188029094071391,0.125789618484427,-0.607657047428204,,0.0259166666666667,0.0281666666666667,0.0236666666666667,-0.0045,0.9969607588298,0.0460936709963483,FALSE,1,"XLOC_031341","RPL23AP7","PB.10632.1","ENST00000416673.6","j",TRUE
"isoComp_00115971","geneComp_00015551","TCONS_00184076","XLOC_031341","T_minus","T_plus","XLOC_031341","unknown","unknown",10.7701328690327,12.0350171807516,9.5052485573139,0.530235863356203,0.778986100522197,-0.340123203224136,,1.24154028347234,1.47117118944156,1.01190937750313,0.199928343906818,0.251617353931738,-0.535471128389821,,0.113816666666667,0.121366666666667,0.106266666666667,-0.0151,0.921437576414897,0.0460936709963483,FALSE,1,"XLOC_031341","RPL23AP7","PB.10632.3","ENST00000416673.6","j",TRUE
"isoComp_00115972","geneComp_00015551","TCONS_00184077","XLOC_031341","T_minus","T_plus","XLOC_031341","unknown","unknown",10.7701328690327,12.0350171807516,9.5052485573139,0.530235863356203,0.778986100522197,-0.340123203224136,,0.34887341079135,0.503180047160639,0.194566774422062,0.0408667484500244,0.0983423762283572,-1.32689323571979,,0.0304,0.0417666666666667,0.0190333333333333,-0.0227333333333333,0.724376836704517,0.0460936709963483,FALSE,0,"XLOC_031341","RPL23AP7","PB.10632.4","ENST00000416673.6","j",TRUE
"isoComp_00115973","geneComp_00015551","TCONS_00184078","XLOC_031341","T_minus","T_plus","XLOC_031341","unknown","unknown",10.7701328690327,12.0350171807516,9.5052485573139,0.530235863356203,0.778986100522197,-0.340123203224136,,0.144059260122324,0.0645518372908415,0.223566682953807,0.0645518372908415,0.0264004579302545,1.6475186835924,,0.0141666666666667,0.00493333333333333,0.0234,0.0184666666666667,0.490139365614548,0.0460936709963483,FALSE,0,"XLOC_031341","RPL23AP7","PB.10632.6","ENST00000416673.6","j",TRUE
"isoComp_00116139","geneComp_00015582","TCONS_00174424","XLOC_031415","T_minus","T_plus","XLOC_031415","unknown","unknown",4.11590787737253,2.04822882281453,6.18358693193053,0.030369918511393,0.458199295474233,1.58937178652617,,0.505490957829298,0.152885930425677,0.858095985232919,0.152885930425677,0.285832582868386,2.41399257626176,,0.106483333333333,0.0757666666666667,0.1372,0.0614333333333334,0.654837149842098,0.0217259821004758,FALSE,0,"XLOC_031415","LIMS2","ENST00000426981.5","ENST00000426981.5","=",FALSE
"isoComp_00116140","geneComp_00015582","TCONS_00174425","XLOC_031415","T_minus","T_plus","XLOC_031415","unknown","unknown",4.11590787737253,2.04822882281453,6.18358693193053,0.030369918511393,0.458199295474233,1.58937178652617,,0.0531066209384758,0.017556562854442,0.0886566790225096,0.00372365304718378,0.0215610670805767,1.84002077310125,,0.01155,0.00856666666666667,0.0145333333333333,0.00596666666666667,0.971415173052774,0.0217259821004758,TRUE,3,"XLOC_031415","LIMS2","ENST00000469300.6","ENST00000469300.6","=",FALSE
"isoComp_00116141","geneComp_00015582","TCONS_00174426","XLOC_031415","T_minus","T_plus","XLOC_031415","unknown","unknown",4.11590787737253,2.04822882281453,6.18358693193053,0.030369918511393,0.458199295474233,1.58937178652617,,1.45092015306496,0.76021349595362,2.1416268101763,0.0931396661853461,0.131440066746234,1.48209756285754,,0.3618,0.3712,0.3524,-0.0188,0.985071213591173,0.0217259821004758,FALSE,0,"XLOC_031415","LIMS2","ENST00000494613.5","ENST00000494613.5","=",FALSE
"isoComp_00116142","geneComp_00015582","TCONS_00174428","XLOC_031415","T_minus","T_plus","XLOC_031415","unknown","unknown",4.11590787737253,2.04822882281453,6.18358693193053,0.030369918511393,0.458199295474233,1.58937178652617,,0.328628638785881,0.206940604155563,0.4503166734162,0.100588141952979,0.288283128581789,1.0853265968528,,0.0861333333333333,0.1025,0.0697666666666667,-0.0327333333333333,0.963623368621842,0.0217259821004758,FALSE,0,"XLOC_031415","LIMS2","ENST00000409754.5","ENST00000409754.5","=",FALSE
"isoComp_00116143","geneComp_00015582","TCONS_00174430","XLOC_031415","T_minus","T_plus","XLOC_031415","unknown","unknown",4.11590787737253,2.04822882281453,6.18358693193053,0.030369918511393,0.458199295474233,1.58937178652617,,0.24654919865598,0.457415033992432,0.0356833633195273,0.161523536687868,0.0356833633195273,-3.35496336346461,,0.113383333333333,0.2215,0.00526666666666667,-0.216233333333333,0.0217259821004758,0.0217259821004758,FALSE,0,"XLOC_031415","LIMS2","ENST00000324938.9","ENST00000324938.9","=",FALSE
"isoComp_00116144","geneComp_00015582","TCONS_00174431","XLOC_031415","T_minus","T_plus","XLOC_031415","unknown","unknown",4.11590787737253,2.04822882281453,6.18358693193053,0.030369918511393,0.458199295474233,1.58937178652617,,0.623617791335202,0.215855371955919,1.03138021071449,0.0848448980576888,0.295287346289251,2.20502576294657,,0.136116666666667,0.104633333333333,0.1676,0.0629666666666667,0.831654661416719,0.0217259821004758,FALSE,0,"XLOC_031415","LIMS2","ENST00000355119.9","ENST00000355119.9","=",FALSE
"isoComp_00116147","geneComp_00015582","TCONS_00174438","XLOC_031415","T_minus","T_plus","XLOC_031415","unknown","unknown",4.11590787737253,2.04822882281453,6.18358693193053,0.030369918511393,0.458199295474233,1.58937178652617,,0.80620362923001,0.146091000184536,1.46631625827548,0.146091000184536,0.250131211954877,3.24154254775352,,0.15355,0.0724,0.2347,0.1623,0.420841875794278,0.0217259821004758,FALSE,0,"XLOC_031415","LIMS2","ENST00000545738.6","ENST00000545738.6","=",FALSE
"isoComp_00116148","geneComp_00015582","TCONS_00174439","XLOC_031415","T_minus","T_plus","XLOC_031415","unknown","unknown",4.11590787737253,2.04822882281453,6.18358693193053,0.030369918511393,0.458199295474233,1.58937178652617,,0.0434764151386251,0.0591991032509512,0.027753727026299,0.0591991032509512,0.027753727026299,-0.874134268646658,,0.0160833333333333,0.0280666666666667,0.0041,-0.0239666666666667,0.951096519761328,0.0217259821004758,TRUE,0,"XLOC_031415","LIMS2","ENST00000413578.5","ENST00000413578.5","=",FALSE
"isoComp_00116189","geneComp_00015587","TCONS_00174468","XLOC_031422","T_minus","T_plus","XLOC_031422","unknown","unknown",14.0932379179226,16.0230881238056,12.1633877120396,0.445719646799562,0.59800542898015,-0.397321619756055,,0.308756489463522,0.439164016074377,0.178348962852667,0.124235934856108,0.0692259667715218,-1.25383426450533,,0.0210166666666667,0.0273,0.0147333333333333,-0.0125666666666667,0.801984963863257,0.00842241565329453,FALSE,0,"XLOC_031422","SAP130","ENST00000357702.9","ENST00000357702.9","=",FALSE
"isoComp_00116190","geneComp_00015587","TCONS_00174470","XLOC_031422","T_minus","T_plus","XLOC_031422","unknown","unknown",14.0932379179226,16.0230881238056,12.1633877120396,0.445719646799562,0.59800542898015,-0.397321619756055,,1.86256760975632,1.52438423958436,2.20075097992828,0.25928991220246,0.153511038904345,0.526876721516722,,0.1396,0.0961333333333333,0.183066666666667,0.0869333333333333,0.221559343321235,0.00842241565329453,FALSE,0,"XLOC_031422","SAP130","ENST00000643581.2","ENST00000643581.2","=",FALSE
"isoComp_00116191","geneComp_00015587","TCONS_00174471","XLOC_031422","T_minus","T_plus","XLOC_031422","unknown","unknown",14.0932379179226,16.0230881238056,12.1633877120396,0.445719646799562,0.59800542898015,-0.397321619756055,,0.425276028088718,0.471429810842001,0.379122245335435,0.116089920066872,0.189642878939253,-0.307102019737701,,0.0303,0.0292,0.0314,0.0022,0.965132224912913,0.00842241565329453,FALSE,0,"XLOC_031422","SAP130","ENST00000259234.10","ENST00000259234.10","=",FALSE
"isoComp_00116193","geneComp_00015587","TCONS_00179901","XLOC_031422","T_minus","T_plus","XLOC_031422","unknown","unknown",14.0932379179226,16.0230881238056,12.1633877120396,0.445719646799562,0.59800542898015,-0.397321619756055,,2.5863639021522,3.46455766014991,1.70817014415449,0.979561687984081,0.291947140051389,-1.01595641414232,,0.176016666666667,0.213266666666667,0.138766666666667,-0.0745,0.80305439906389,0.00842241565329453,FALSE,0,"XLOC_031422","SAP130","PB.9346.2","ENST00000357702.9","j",TRUE
"isoComp_00116194","geneComp_00015587","TCONS_00179902","XLOC_031422","T_minus","T_plus","XLOC_031422","unknown","unknown",14.0932379179226,16.0230881238056,12.1633877120396,0.445719646799562,0.59800542898015,-0.397321619756055,,0.567498827733746,0.582545988238948,0.552451667228544,0.167609023557678,0.0827383700308691,-0.0751980001942078,,0.04115,0.0361666666666667,0.0461333333333333,0.00996666666666667,0.902836815260018,0.00842241565329453,FALSE,0,"XLOC_031422","SAP130","PB.9346.1","ENST00000357702.9","j",TRUE
"isoComp_00116195","geneComp_00015587","TCONS_00179903","XLOC_031422","T_minus","T_plus","XLOC_031422","unknown","unknown",14.0932379179226,16.0230881238056,12.1633877120396,0.445719646799562,0.59800542898015,-0.397321619756055,,1.31920148974057,0.216401875720997,2.42200110376013,0.186661378029555,0.169259458080708,3.42518606760448,,0.106583333333333,0.0133,0.199866666666667,0.186566666666667,0.00842241565329453,0.00842241565329453,FALSE,0,"XLOC_031422","SAP130","PB.9346.5","ENST00000259235.7","c",TRUE
"isoComp_00116196","geneComp_00015587","TCONS_00181043","XLOC_031422","T_minus","T_plus","XLOC_031422","unknown","unknown",14.0932379179226,16.0230881238056,12.1633877120396,0.445719646799562,0.59800542898015,-0.397321619756055,,2.2065607960462,3.33793867813878,1.07518291395362,0.354965286134432,0.443656645989291,-1.62533486540123,,0.147216666666667,0.208833333333333,0.0856,-0.123233333333333,0.434166419404314,0.00842241565329453,FALSE,0,"XLOC_031422","SAP130","PB.7210.2","ENST00000259235.7","c",TRUE
"isoComp_00116197","geneComp_00015587","TCONS_00184104","XLOC_031422","T_minus","T_plus","XLOC_031422","unknown","unknown",14.0932379179226,16.0230881238056,12.1633877120396,0.445719646799562,0.59800542898015,-0.397321619756055,,4.79124145698833,5.98666585505622,3.59581705892044,0.467781179931422,0.162076034412016,-0.733834381982408,,0.336216666666667,0.375866666666667,0.296566666666667,-0.0793,0.620804116171177,0.00842241565329453,FALSE,0,"XLOC_031422","SAP130","PB.10684.2","ENST00000357702.9","c",TRUE
"isoComp_00118128","geneComp_00015860","TCONS_00177112","XLOC_032056","T_minus","T_plus","XLOC_032056","unknown","unknown",10.34936139133,7.68255101972053,13.0161717629394,0.288445946870563,0.250985501082702,0.759879143103969,,1.90091930540216,0.714694797084507,3.08714381371982,0.0635683829806695,0.375441048038845,2.09549293340445,,0.1653,0.0931333333333333,0.237466666666667,0.144333333333333,0.00458148667166319,1.78614178981197e-12,FALSE,1,"XLOC_032056","MREG","ENST00000263268.11","ENST00000263268.11","=",FALSE
"isoComp_00118129","geneComp_00015860","TCONS_00177113","XLOC_032056","T_minus","T_plus","XLOC_032056","unknown","unknown",10.34936139133,7.68255101972053,13.0161717629394,0.288445946870563,0.250985501082702,0.759879143103969,,2.89266648458723,1.44748569182441,4.33784727735004,0.192291986511532,0.156786343907203,1.57681954457406,,0.260266666666667,0.1872,0.333333333333333,0.146133333333333,0.00355836793682385,1.78614178981197e-12,TRUE,0,"XLOC_032056","MREG","ENST00000620139.4","ENST00000620139.4","=",FALSE
"isoComp_00118131","geneComp_00015860","TCONS_00177118","XLOC_032056","T_minus","T_plus","XLOC_032056","unknown","unknown",10.34936139133,7.68255101972053,13.0161717629394,0.288445946870563,0.250985501082702,0.759879143103969,,2.75962089715908,3.65638629123898,1.86285550307918,0.258794642716673,0.193077022613964,-0.969119201303189,,0.30915,0.475633333333333,0.142666666666667,-0.332966666666667,1.78614178981197e-12,1.78614178981197e-12,FALSE,0,"XLOC_032056","PECR","ENST00000265322.8","ENST00000265322.8","=",FALSE
"isoComp_00118132","geneComp_00015860","TCONS_00177119","XLOC_032056","T_minus","T_plus","XLOC_032056","unknown","unknown",10.34936139133,7.68255101972053,13.0161717629394,0.288445946870563,0.250985501082702,0.759879143103969,,0.906385148927588,1.20941652453895,0.603353773316231,0.295978511116744,0.290164454463689,-0.991399657366758,,0.100716666666667,0.1552,0.0462333333333333,-0.108966666666667,0.473380514236218,1.78614178981197e-12,FALSE,0,"XLOC_032056","PECR","ENST00000461330.5","ENST00000461330.5","=",FALSE
"isoComp_00118133","geneComp_00015860","TCONS_00177122","XLOC_032056","T_minus","T_plus","XLOC_032056","unknown","unknown",10.34936139133,7.68255101972053,13.0161717629394,0.288445946870563,0.250985501082702,0.759879143103969,,0.0935426857194866,0.13518419655005,0.0519011748889228,0.13518419655005,0.0519011748889228,-1.229845725761,,0.0110666666666667,0.0180333333333333,0.0041,-0.0139333333333333,0.984794452028574,1.78614178981197e-12,FALSE,0,"XLOC_032056","PECR","ENST00000487318.6","ENST00000487318.6","=",FALSE
"isoComp_00118134","geneComp_00015860","TCONS_00181164","XLOC_032056","T_minus","T_plus","XLOC_032056","unknown","unknown",10.34936139133,7.68255101972053,13.0161717629394,0.288445946870563,0.250985501082702,0.759879143103969,,1.77414334625069,0.47521647191622,3.07307022058517,0.360461206011291,0.0573654391718448,2.66766731653033,,0.150483333333333,0.0648,0.236166666666667,0.171366666666667,0.378712214529037,1.78614178981197e-12,FALSE,0,"XLOC_032056","MREG","PB.11171.1","ENST00000620139.4","c",TRUE
"isoComp_00119230","geneComp_00016008","TCONS_00184507","XLOC_032370","T_minus","T_plus","XLOC_032370","unknown","unknown",9.23815735753436,9.7193343542365,8.75698036083223,0.0701607870425002,0.373841667424257,-0.150261088275206,,5.67686607521994,6.93787290660913,4.41585924383075,0.181468513560868,0.299188983709108,-0.650613794256823,,0.6097,0.713633333333333,0.505766666666667,-0.207866666666667,0.00126975818903057,0.00126975818903057,FALSE,0,"XLOC_032370","ATRN","ENST00000262919.10","ENST00000262919.10","=",FALSE
"isoComp_00119231","geneComp_00016008","TCONS_00184508","XLOC_032370","T_minus","T_plus","XLOC_032370","unknown","unknown",9.23815735753436,9.7193343542365,8.75698036083223,0.0701607870425002,0.373841667424257,-0.150261088275206,,2.62301168246667,2.03848178793998,3.20754157699336,0.053958670021551,0.472199819205968,0.651403724464415,,0.286983333333333,0.2098,0.364166666666667,0.154366666666667,0.0613313275723905,0.00126975818903057,FALSE,0,"XLOC_032370","ATRN","ENST00000446916.2","ENST00000446916.2","=",FALSE
"isoComp_00119232","geneComp_00016008","TCONS_00190168","XLOC_032370","T_minus","T_plus","XLOC_032370","unknown","unknown",9.23815735753436,9.7193343542365,8.75698036083223,0.0701607870425002,0.373841667424257,-0.150261088275206,,0.938279599847756,0.742979659687385,1.13357954000813,0.0670707198717576,0.0197444468734186,0.602873914915164,,0.1033,0.0765333333333333,0.130066666666667,0.0535333333333333,0.34117321497803,0.00126975818903057,FALSE,0,"XLOC_032370","ATRN","PB.9919.2","ENST00000262919.10","j",TRUE
"isoComp_00119560","geneComp_00016059","TCONS_00184952","XLOC_032481","T_minus","T_plus","XLOC_032481","unknown","unknown",6.05102295178159,2.86520085269187,9.23684505087131,0.526244968014427,0.998974413434474,1.68529847182631,,0.127982675575864,0.166440168676465,0.0895251824752626,0.0244164096505317,0.0220298871909868,-0.826045528204387,,0.0343166666666667,0.0588,0.00983333333333333,-0.0489666666666667,0.117104742828655,0.030842577630876,FALSE,0,"XLOC_032481","RIN2","ENST00000648165.1","ENST00000648165.1","=",FALSE
"isoComp_00119561","geneComp_00016059","TCONS_00184953","XLOC_032481","T_minus","T_plus","XLOC_032481","unknown","unknown",6.05102295178159,2.86520085269187,9.23684505087131,0.526244968014427,0.998974413434474,1.68529847182631,,0.0538182454506831,0.0385463112430934,0.0690901796582728,0.00932873056104445,0.0121900505384373,0.704136893936735,,0.0106,0.0138,0.0074,-0.0064,0.87929220694224,0.030842577630876,TRUE,0,"XLOC_032481","RIN2","ENST00000616029.2","ENST00000616029.2","=",FALSE
"isoComp_00119562","geneComp_00016059","TCONS_00184954","XLOC_032481","T_minus","T_plus","XLOC_032481","unknown","unknown",6.05102295178159,2.86520085269187,9.23684505087131,0.526244968014427,0.998974413434474,1.68529847182631,,0.45949579109889,0.577176538675554,0.341815043522227,0.0899061466618978,0.0521026092565269,-0.738977151363578,,0.128983333333333,0.219366666666667,0.0386,-0.180766666666667,0.030842577630876,0.030842577630876,,0,"XLOC_032481","RIN2","ENST00000412571.1","ENST00000412571.1","=",FALSE
"isoComp_00119563","geneComp_00016059","TCONS_00184955","XLOC_032481","T_minus","T_plus","XLOC_032481","unknown","unknown",6.05102295178159,2.86520085269187,9.23684505087131,0.526244968014427,0.998974413434474,1.68529847182631,,1.87950866561318,0.602506712731967,3.15651061849439,0.212500235459322,0.339662701865401,2.37009635686286,,0.27005,0.1982,0.3419,0.1437,0.245452031878147,0.030842577630876,FALSE,0,"XLOC_032481","RIN2","ENST00000255006.12","ENST00000255006.12","=",FALSE
"isoComp_00119564","geneComp_00016059","TCONS_00184956","XLOC_032481","T_minus","T_plus","XLOC_032481","unknown","unknown",6.05102295178159,2.86520085269187,9.23684505087131,0.526244968014427,0.998974413434474,1.68529847182631,,0.0355662225250753,0.0711324450501506,0,0.0366009240115645,0,-3.02027896687572,,0.01205,0.0241,0,-0.0241,0.463142567300436,0.030842577630876,FALSE,0,"XLOC_032481","RIN2","ENST00000426012.1","ENST00000426012.1","=",FALSE
"isoComp_00119565","geneComp_00016059","TCONS_00184957","XLOC_032481","T_minus","T_plus","XLOC_032481","unknown","unknown",6.05102295178159,2.86520085269187,9.23684505087131,0.526244968014427,0.998974413434474,1.68529847182631,,0.103543194817291,0.0271797209645648,0.179906668670016,0.0271797209645648,0.0900772858626648,2.35270271943165,,0.0122666666666667,0.00696666666666667,0.0175666666666667,0.0106,0.926639568331262,0.030842577630876,FALSE,0,"XLOC_032481","RIN2","ENST00000648440.1","ENST00000648440.1","=",FALSE
"isoComp_00119569","geneComp_00016059","TCONS_00184963","XLOC_032481","T_minus","T_plus","XLOC_032481","unknown","unknown",6.05102295178159,2.86520085269187,9.23684505087131,0.526244968014427,0.998974413434474,1.68529847182631,,3.10600048179266,1.21296717614599,4.99903378743933,0.306080534634974,0.505142373684587,2.03414665990044,,0.478966666666667,0.4151,0.542833333333333,0.127733333333333,0.350425575358733,0.030842577630876,FALSE,0,"XLOC_032481","RIN2","ENST00000484638.1","ENST00000484638.1","=",FALSE
"isoComp_00119570","geneComp_00016059","TCONS_00191015","XLOC_032481","T_minus","T_plus","XLOC_032481","unknown","unknown",6.05102295178159,2.86520085269187,9.23684505087131,0.526244968014427,0.998974413434474,1.68529847182631,,0.141996475261942,0.0776988230168735,0.20629412750701,0.0776988230168735,0.05445366591913,1.30236511006759,,0.0286333333333333,0.0353666666666667,0.0219,-0.0134666666666667,0.880474296187872,0.030842577630876,FALSE,0,"XLOC_032481","RIN2","PB.10739.1","ENST00000255006.12","j",TRUE
"isoComp_00120009","geneComp_00016127","TCONS_00185531","XLOC_032639","T_minus","T_plus","XLOC_032639","unknown","unknown",15.9878174490707,20.4474570724694,11.5281778256721,1.49420311442347,0.499710725034742,-0.826211421198773,,0.153044952431988,0,0.306089904863976,0,0.0727523515503276,4.98226305472563,,0.0135833333333333,0,0.0271666666666667,0.0271666666666667,0.00106472957798689,0.00106472957798689,FALSE,0,"XLOC_032639","ACSS2","ENST00000481284.5","ENST00000481284.5","=",FALSE
"isoComp_00120013","geneComp_00016127","TCONS_00185537","XLOC_032639","T_minus","T_plus","XLOC_032639","unknown","unknown",15.9878174490707,20.4474570724694,11.5281778256721,1.49420311442347,0.499710725034742,-0.826211421198773,,0.574648852997531,0.591316533337147,0.557981172657916,0.117670010199825,0.142927187793778,-0.0822815179973003,,0.03835,0.0290333333333333,0.0476666666666667,0.0186333333333333,0.751706328737582,0.00106472957798689,FALSE,0,"XLOC_032639","ACSS2","ENST00000473172.5","ENST00000473172.5","=",FALSE
"isoComp_00120016","geneComp_00016127","TCONS_00185541","XLOC_032639","T_minus","T_plus","XLOC_032639","unknown","unknown",15.9878174490707,20.4474570724694,11.5281778256721,1.49420311442347,0.499710725034742,-0.826211421198773,,5.17544184076632,7.22340946544749,3.12747421608515,0.360959206311681,0.0679258930597106,-1.20507221840231,,0.313666666666667,0.3546,0.272733333333333,-0.0818666666666667,0.253784176116458,0.00106472957798689,FALSE,0,"XLOC_032639","ACSS2","ENST00000360596.7","ENST00000360596.7","=",FALSE
"isoComp_00120018","geneComp_00016127","TCONS_00185543","XLOC_032639","T_minus","T_plus","XLOC_032639","unknown","unknown",15.9878174490707,20.4474570724694,11.5281778256721,1.49420311442347,0.499710725034742,-0.826211421198773,,0.251100888765332,0.344957901854287,0.157243875676376,0.0522979225734175,0.0853319294970275,-1.08569454895747,,0.0151,0.0167333333333333,0.0134666666666667,-0.00326666666666667,0.91642739274155,0.00106472957798689,FALSE,0,"XLOC_032639","ACSS2","ENST00000476922.5","ENST00000476922.5","=",FALSE
"isoComp_00120021","geneComp_00016127","TCONS_00185547","XLOC_032639","T_minus","T_plus","XLOC_032639","unknown","unknown",15.9878174490707,20.4474570724694,11.5281778256721,1.49420311442347,0.499710725034742,-0.826211421198773,,1.71010869169708,1.44978612895411,1.97043125444006,0.28950625774357,0.268755943438991,0.440057605145893,,0.121016666666667,0.0717666666666667,0.170266666666667,0.0985,0.081916234270521,0.00106472957798689,FALSE,0,"XLOC_032639","ACSS2","ENST00000491533.5","ENST00000491533.5","=",FALSE
"isoComp_00120022","geneComp_00016127","TCONS_00185548","XLOC_032639","T_minus","T_plus","XLOC_032639","unknown","unknown",15.9878174490707,20.4474570724694,11.5281778256721,1.49420311442347,0.499710725034742,-0.826211421198773,,0.473454608612504,0.7764220369206,0.170487180304408,0.112377909569475,0.170487180304408,-2.12340738049136,,0.0259833333333333,0.0383333333333333,0.0136333333333333,-0.0247,0.50829643341459,0.00106472957798689,,0,"XLOC_032639","ACSS2","ENST00000490464.1","ENST00000490464.1","=",FALSE
"isoComp_00120024","geneComp_00016127","TCONS_00185550","XLOC_032639","T_minus","T_plus","XLOC_032639","unknown","unknown",15.9878174490707,20.4474570724694,11.5281778256721,1.49420311442347,0.499710725034742,-0.826211421198773,,0.236173727882766,0.31445091373097,0.157896542034561,0.0634549102100242,0.0202857625287984,-0.950427711892662,,0.0145833333333333,0.0154666666666667,0.0137,-0.00176666666666667,0.99246724822025,0.00106472957798689,TRUE,0,"XLOC_032639","ACSS2","ENST00000494727.1","ENST00000494727.1","=",FALSE
"isoComp_00120025","geneComp_00016127","TCONS_00190277","XLOC_032639","T_minus","T_plus","XLOC_032639","unknown","unknown",15.9878174490707,20.4474570724694,11.5281778256721,1.49420311442347,0.499710725034742,-0.826211421198773,,0.210069671276663,0.346934661394659,0.0732046811586657,0.0895477155986607,0.00234039287389308,-2.10092340327871,,0.0119833333333333,0.0175666666666667,0.0064,-0.0111666666666667,0.707308387422943,0.00106472957798689,FALSE,1,"XLOC_032639","ACSS2","PB.10057.1","ENST00000253382.5","m",TRUE
"isoComp_00120026","geneComp_00016127","TCONS_00190761","XLOC_032639","T_minus","T_plus","XLOC_032639","unknown","unknown",15.9878174490707,20.4474570724694,11.5281778256721,1.49420311442347,0.499710725034742,-0.826211421198773,,4.16681364774954,6.40700752295861,1.92661977254048,0.482961994450903,0.247290679879355,-1.72835994525738,,0.240716666666667,0.313633333333333,0.1678,-0.145833333333333,0.0135739174448707,0.00106472957798689,FALSE,0,"XLOC_032639","ACSS2","PB.7805.2","ENST00000253382.5","c",TRUE
"isoComp_00120027","geneComp_00016127","TCONS_00191065","XLOC_032639","T_minus","T_plus","XLOC_032639","unknown","unknown",15.9878174490707,20.4474570724694,11.5281778256721,1.49420311442347,0.499710725034742,-0.826211421198773,,2.31693700233448,2.18038060830172,2.45349339636723,0.799418538170476,0.306415956258025,0.169524024956057,,0.157133333333333,0.101833333333333,0.212433333333333,0.1106,0.476303862470509,0.00106472957798689,FALSE,0,"XLOC_032639","ACSS2","PB.10819.1","ENST00000253382.5","c",TRUE
"isoComp_00120028","geneComp_00016127","TCONS_00191520","XLOC_032639","T_minus","T_plus","XLOC_032639","unknown","unknown",15.9878174490707,20.4474570724694,11.5281778256721,1.49420311442347,0.499710725034742,-0.826211421198773,,0.228734281977071,0.333326940705558,0.124141623248584,0.0755988238452784,0.0859405174618806,-1.35582610401453,,0.01395,0.0167666666666667,0.0111333333333333,-0.00563333333333333,0.855128037638271,0.00106472957798689,FALSE,0,"XLOC_032639","ACSS2","PB.11584.1","ENST00000253382.5","c",TRUE
"isoComp_00121817","geneComp_00016353","TCONS_00187636","XLOC_033051","T_minus","T_plus","XLOC_033051","unknown","unknown",8.07536297742081,4.49300407344241,11.6577218813992,0.791611012199982,1.74965986146468,1.37356321497809,,1.14011993055425,0.193708045991812,2.08653181511669,0.0403855268789916,0.35242316330151,3.36342985379243,,0.11075,0.0432,0.1783,0.1351,1.45182767284446e-05,1.45182767284446e-05,FALSE,3,"XLOC_033051","SIGLEC1","ENST00000419548.4","ENST00000419548.4","=",FALSE
"isoComp_00121818","geneComp_00016353","TCONS_00187637","XLOC_033051","T_minus","T_plus","XLOC_033051","unknown","unknown",8.07536297742081,4.49300407344241,11.6577218813992,0.791611012199982,1.74965986146468,1.37356321497809,,3.79598051632169,2.53079896370935,5.06116206893403,0.519743683177043,0.675560584339815,0.997034152961157,,0.500116666666667,0.562866666666667,0.437366666666667,-0.1255,0.34708743988265,1.45182767284446e-05,FALSE,0,"XLOC_033051","SIGLEC1","ENST00000344754.6","ENST00000344754.6","=",FALSE
"isoComp_00121819","geneComp_00016353","TCONS_00190475","XLOC_033051","T_minus","T_plus","XLOC_033051","unknown","unknown",8.07536297742081,4.49300407344241,11.6577218813992,0.791611012199982,1.74965986146468,1.37356321497809,,3.13926253054487,1.76849706374124,4.51002799734849,0.344709832045942,0.781898889472105,1.34567311627082,,0.389166666666667,0.393966666666667,0.384366666666667,-0.0096,0.998059525417206,1.45182767284446e-05,FALSE,1,"XLOC_033051","SIGLEC1","PB.9921.1","ENST00000344754.6","m",TRUE
"isoComp_00121910","geneComp_00016377","TCONS_00187801","XLOC_033100","T_minus","T_plus","XLOC_033100","unknown","unknown",51.2066359194556,38.3292917468294,64.0839800920818,1.05197765412164,1.53427207334938,0.74136517484106,,13.3592920667533,10.589506057283,16.1290780762236,0.499222376070251,0.506268656864978,0.606561132912244,,0.263916666666667,0.276033333333333,0.2518,-0.0242333333333333,0.652056910289432,0.00168860608028203,FALSE,0,"XLOC_033100","TMX4","ENST00000246024.7","ENST00000246024.7","=",FALSE
"isoComp_00121911","geneComp_00016377","TCONS_00187802","XLOC_033100","T_minus","T_plus","XLOC_033100","unknown","unknown",51.2066359194556,38.3292917468294,64.0839800920818,1.05197765412164,1.53427207334938,0.74136517484106,,0.517366477866446,0.444537194234149,0.590195761498743,0.100462341653826,0.0823338804646778,0.401034777598145,,0.0104166666666667,0.0116666666666667,0.00916666666666667,-0.0025,0.93209359879781,0.00168860608028203,FALSE,0,"XLOC_033100","TMX4","ENST00000527925.1","ENST00000527925.1","=",FALSE
"isoComp_00121912","geneComp_00016377","TCONS_00190849","XLOC_033100","T_minus","T_plus","XLOC_033100","unknown","unknown",51.2066359194556,38.3292917468294,64.0839800920818,1.05197765412164,1.53427207334938,0.74136517484106,,9.14227392122808,5.89157474864254,12.3929730938136,1.41472911038552,0.874843336717116,1.07151411487227,,0.174483333333333,0.154733333333333,0.194233333333333,0.0395,0.800359080803003,0.00168860608028203,FALSE,0,"XLOC_033100","TMX4","PB.7721.1","ENST00000246024.7","c",TRUE
"isoComp_00121913","geneComp_00016377","TCONS_00191255","XLOC_033100","T_minus","T_plus","XLOC_033100","unknown","unknown",51.2066359194556,38.3292917468294,64.0839800920818,1.05197765412164,1.53427207334938,0.74136517484106,,10.4597414785796,10.6695277510055,10.2499552061536,1.89317222121091,2.29226414607031,-0.0578234201144009,,0.217733333333333,0.277033333333333,0.158433333333333,-0.1186,0.333706224229762,0.00168860608028203,FALSE,0,"XLOC_033100","TMX4","PB.10694.4","ENST00000246024.7","c",TRUE
"isoComp_00121914","geneComp_00016377","TCONS_00191659","XLOC_033100","T_minus","T_plus","XLOC_033100","unknown","unknown",51.2066359194556,38.3292917468294,64.0839800920818,1.05197765412164,1.53427207334938,0.74136517484106,,17.7279619750282,10.7341459956641,24.7217779543923,0.077572867012911,0.778037040171277,1.2028151441204,,0.333466666666667,0.280533333333333,0.3864,0.105866666666667,0.00168860608028203,0.00168860608028203,FALSE,0,"XLOC_033100","TMX4","PB.11441.3","ENST00000246024.7","c",TRUE
"isoComp_00122207","geneComp_00016449","TCONS_00188508","XLOC_033318","T_minus","T_plus","XLOC_033318","unknown","unknown",81.6172727254287,38.1802322857141,125.054313165143,2.1252826809795,9.02324077873935,1.71139457822457,,8.45584134826506,0.634468687619374,16.2772140089107,0.415601980044393,0.378601595229332,4.65948577115816,,0.07335,0.0155666666666667,0.131133333333333,0.115566666666667,0.054696801330252,1.31301008256335e-06,FALSE,1,"XLOC_033318","BCL2L1","ENST00000376062.6","ENST00000376062.6","=",FALSE
"isoComp_00122208","geneComp_00016449","TCONS_00188509","XLOC_033318","T_minus","T_plus","XLOC_033318","unknown","unknown",81.6172727254287,38.1802322857141,125.054313165143,2.1252826809795,9.02324077873935,1.71139457822457,,1.59950995273526,0.835067375578008,2.36395252989251,0.0945062473293189,0.27475162242677,1.49015281244009,,0.0207666666666667,0.0222,0.0193333333333333,-0.00286666666666667,0.938133377522151,1.31301008256335e-06,FALSE,0,"XLOC_033318","BCL2L1","ENST00000376055.9","ENST00000376055.9","=",FALSE
"isoComp_00122209","geneComp_00016449","TCONS_00188510","XLOC_033318","T_minus","T_plus","XLOC_033318","unknown","unknown",81.6172727254287,38.1802322857141,125.054313165143,2.1252826809795,9.02324077873935,1.71139457822457,,19.733869825326,7.06290271757774,32.4048369330743,0.257427340921206,2.62384198417971,2.19627999190328,,0.222466666666667,0.185533333333333,0.2594,0.0738666666666666,0.0022606356866691,1.31301008256335e-06,FALSE,0,"XLOC_033318","BCL2L1","ENST00000307677.5","ENST00000307677.5","=",FALSE
"isoComp_00122210","geneComp_00016449","TCONS_00188511","XLOC_033318","T_minus","T_plus","XLOC_033318","unknown","unknown",81.6172727254287,38.1802322857141,125.054313165143,2.1252826809795,9.02324077873935,1.71139457822457,,12.1538243440314,2.48187504261631,21.8257736454464,1.47372046977258,2.05371617145877,3.13139001696399,,0.118166666666667,0.0620333333333333,0.1743,0.112266666666667,0.583125835431066,1.31301008256335e-06,FALSE,0,"XLOC_033318","BCL2L1","ENST00000677194.1","ENST00000677194.1","=",FALSE
"isoComp_00122211","geneComp_00016449","TCONS_00188512","XLOC_033318","T_minus","T_plus","XLOC_033318","unknown","unknown",81.6172727254287,38.1802322857141,125.054313165143,2.1252826809795,9.02324077873935,1.71139457822457,,1.13497465127483,0.152885930425677,2.11706337212399,0.152885930425677,0.280603725591954,3.70692911761032,,0.0103,0.0036,0.017,0.0134,0.330735653591392,1.31301008256335e-06,FALSE,0,"XLOC_033318","BCL2L1","ENST00000434194.2","ENST00000434194.2","=",FALSE
"isoComp_00122212","geneComp_00016449","TCONS_00188513","XLOC_033318","T_minus","T_plus","XLOC_033318","unknown","unknown",81.6172727254287,38.1802322857141,125.054313165143,2.1252826809795,9.02324077873935,1.71139457822457,,4.10466380996069,2.06352142358974,6.14580619633163,0.188280959089598,0.388986818393565,1.56986485869159,,0.05165,0.0540666666666667,0.0492333333333333,-0.00483333333333333,0.882563147305497,1.31301008256335e-06,FALSE,0,"XLOC_033318","BCL2L1","ENST00000676582.1","ENST00000676582.1","=",FALSE
"isoComp_00122214","geneComp_00016449","TCONS_00188515","XLOC_033318","T_minus","T_plus","XLOC_033318","unknown","unknown",81.6172727254287,38.1802322857141,125.054313165143,2.1252826809795,9.02324077873935,1.71139457822457,,1.93018290753203,2.23935734278522,1.62100847227884,0.19078755965427,0.442724642750919,-0.463748596039181,,0.0355666666666667,0.0584666666666667,0.0126666666666667,-0.0458,5.99522186739859e-05,1.31301008256335e-06,FALSE,0,"XLOC_033318","BCL2L1","ENST00000456404.6","ENST00000456404.6","=",FALSE
"isoComp_00122215","geneComp_00016449","TCONS_00188516","XLOC_033318","T_minus","T_plus","XLOC_033318","unknown","unknown",81.6172727254287,38.1802322857141,125.054313165143,2.1252826809795,9.02324077873935,1.71139457822457,,2.6944505076482,2.76732583801683,2.62157517727958,0.377448221956571,0.258184510029217,-0.0777698357090186,,0.0467166666666667,0.0724,0.0210333333333333,-0.0513666666666667,1.31301008256335e-06,1.31301008256335e-06,FALSE,0,"XLOC_033318","BCL2L1","ENST00000678563.1","ENST00000678563.1","=",FALSE
"isoComp_00122216","geneComp_00016449","TCONS_00188517","XLOC_033318","T_minus","T_plus","XLOC_033318","unknown","unknown",81.6172727254287,38.1802322857141,125.054313165143,2.1252826809795,9.02324077873935,1.71139457822457,,1.75673480681372,1.79590782271114,1.7175617909163,0.343762081510175,0.275404069325622,-0.0639869431209892,,0.0311166666666667,0.0482666666666667,0.0139666666666667,-0.0343,0.0567421448674881,1.31301008256335e-06,FALSE,0,"XLOC_033318","BCL2L1","ENST00000420488.6","ENST00000420488.6","=",FALSE
"isoComp_00122217","geneComp_00016449","TCONS_00188518","XLOC_033318","T_minus","T_plus","XLOC_033318","unknown","unknown",81.6172727254287,38.1802322857141,125.054313165143,2.1252826809795,9.02324077873935,1.71139457822457,,5.76614242222036,6.48295267901906,5.04933216542165,0.779389951779569,0.668027702263177,-0.359927734003244,,0.106166666666667,0.170833333333333,0.0415,-0.129333333333333,1.89769264992705e-06,1.31301008256335e-06,FALSE,0,"XLOC_033318","BCL2L1","ENST00000439267.2","ENST00000439267.2","=",FALSE
"isoComp_00122219","geneComp_00016449","TCONS_00188520","XLOC_033318","T_minus","T_plus","XLOC_033318","unknown","unknown",81.6172727254287,38.1802322857141,125.054313165143,2.1252826809795,9.02324077873935,1.71139457822457,,19.8885014078805,10.6950497439239,29.0819530718371,0.708041094363439,4.60283797865257,1.44232865459245,,0.25595,0.281833333333333,0.230066666666667,-0.0517666666666667,0.674190121388891,1.31301008256335e-06,FALSE,0,"XLOC_033318","BCL2L1","ENST00000677494.1","ENST00000677494.1","=",FALSE
"isoComp_00122221","geneComp_00016449","TCONS_00190859","XLOC_033318","T_minus","T_plus","XLOC_033318","unknown","unknown",81.6172727254287,38.1802322857141,125.054313165143,2.1252826809795,9.02324077873935,1.71139457822457,,1.54415886749118,0.536052042458949,2.55226569252341,0.0366605594540708,0.764967070030058,2.2303097213663,,0.0171333333333333,0.0141666666666667,0.0201,0.00593333333333333,0.861871671695584,1.31301008256335e-06,FALSE,1,"XLOC_033318","BCL2L1","PB.7774.4","ENST00000678671.1","j",TRUE
"isoComp_00122916","geneComp_00016515","TCONS_00189147","XLOC_033438","T_minus","T_plus","XLOC_033438","unknown","unknown",3.93163820405904,4.62590117901606,3.23737522910202,0.555281221184379,0.119096966468058,-0.513575718127196,,0.919638386244325,1.09960663065281,0.739670141835836,0.11032350341519,0.116471382537367,-0.56572046571822,,0.239883333333333,0.251033333333333,0.228733333333333,-0.0223,0.978160772244704,4.16930894494288e-05,TRUE,0,"XLOC_033438","ZHX3","ENST00000421422.1","ENST00000421422.1","=",FALSE
"isoComp_00122917","geneComp_00016515","TCONS_00189148","XLOC_033438","T_minus","T_plus","XLOC_033438","unknown","unknown",3.93163820405904,4.62590117901606,3.23737522910202,0.555281221184379,0.119096966468058,-0.513575718127196,,0.192280945130194,0.384561890260387,0,0.320601220681633,0,-5.30217971139615,,0.0510166666666667,0.102033333333333,0,-0.102033333333333,0.665927218754348,4.16930894494288e-05,FALSE,1,"XLOC_033438","ZHX3","ENST00000309060.7","ENST00000309060.7","=",FALSE
"isoComp_00122918","geneComp_00016515","TCONS_00189149","XLOC_033438","T_minus","T_plus","XLOC_033438","unknown","unknown",3.93163820405904,4.62590117901606,3.23737522910202,0.555281221184379,0.119096966468058,-0.513575718127196,,1.47899228456656,1.86171053093402,1.0962740381991,0.616742078701826,0.0427831233037821,-0.758648528604356,,0.3601,0.380666666666667,0.339533333333333,-0.0411333333333333,0.953566496730468,4.16930894494288e-05,FALSE,1,"XLOC_033438","ZHX3","ENST00000683867.1","ENST00000683867.1","=",FALSE
"isoComp_00122919","geneComp_00016515","TCONS_00189151","XLOC_033438","T_minus","T_plus","XLOC_033438","unknown","unknown",3.93163820405904,4.62590117901606,3.23737522910202,0.555281221184379,0.119096966468058,-0.513575718127196,,0.129870422447235,0.113326264309285,0.146414580585185,0.0920235424128109,0.0984554548858682,0.342894925873588,,0.03465,0.0219,0.0474,0.0255,0.95908554376584,4.16930894494288e-05,FALSE,1,"XLOC_033438","ZHX3","ENST00000559234.5","ENST00000559234.5","=",FALSE
"isoComp_00122920","geneComp_00016515","TCONS_00189152","XLOC_033438","T_minus","T_plus","XLOC_033438","unknown","unknown",3.93163820405904,4.62590117901606,3.23737522910202,0.555281221184379,0.119096966468058,-0.513575718127196,,0.176568054249947,0.147069975691799,0.206066132808096,0.0283367627170244,0.064259193597235,0.460065522994965,,0.0487833333333333,0.0328,0.0647666666666667,0.0319666666666667,0.838574332310464,4.16930894494288e-05,FALSE,1,"XLOC_033438","ZHX3","ENST00000544979.6","ENST00000544979.6","=",FALSE
"isoComp_00122921","geneComp_00016515","TCONS_00189153","XLOC_033438","T_minus","T_plus","XLOC_033438","unknown","unknown",3.93163820405904,4.62590117901606,3.23737522910202,0.555281221184379,0.119096966468058,-0.513575718127196,,0.114906567067543,0.229813134135086,0,0.229813134135086,0,-4.58383876962222,,0.0243166666666667,0.0486333333333333,0,-0.0486333333333333,0.946312450845199,4.16930894494288e-05,FALSE,0,"XLOC_033438","ZHX3","ENST00000559436.2","ENST00000559436.2","=",FALSE
"isoComp_00122923","geneComp_00016515","TCONS_00189156","XLOC_033438","T_minus","T_plus","XLOC_033438","unknown","unknown",3.93163820405904,4.62590117901606,3.23737522910202,0.555281221184379,0.119096966468058,-0.513575718127196,,0.201952502374251,0,0.403905004748502,0,0.06570746151772,5.37122778796437,,0.06185,0,0.1237,0.1237,4.16930894494288e-05,4.16930894494288e-05,FALSE,1,"XLOC_033438","ZHX3","ENST00000432768.6","ENST00000432768.6","=",FALSE
"isoComp_00122924","geneComp_00016515","TCONS_00189158","XLOC_033438","T_minus","T_plus","XLOC_033438","unknown","unknown",3.93163820405904,4.62590117901606,3.23737522910202,0.555281221184379,0.119096966468058,-0.513575718127196,,0.1265822094238,0.114395783716104,0.138768635131495,0.109339181377998,0.138768635131495,0.258132807892444,,0.0365333333333333,0.0312666666666667,0.0418,0.0105333333333333,0.995103391677939,4.16930894494288e-05,FALSE,0,"XLOC_033438","ZHX3","ENST00000373261.5","ENST00000373261.5","=",FALSE
"isoComp_00122926","geneComp_00016515","TCONS_00189160","XLOC_033438","T_minus","T_plus","XLOC_033438","unknown","unknown",3.93163820405904,4.62590117901606,3.23737522910202,0.555281221184379,0.119096966468058,-0.513575718127196,,0.0619831403394814,0.033974651205706,0.0899916294732567,0.033974651205706,0.0629796173452772,1.18513519395846,,0.0176833333333333,0.00613333333333333,0.0292333333333333,0.0231,0.861628925504353,4.16930894494288e-05,TRUE,0,"XLOC_033438","ZHX3","ENST00000436099.6","ENST00000436099.6","=",FALSE
"isoComp_00122928","geneComp_00016515","TCONS_00191749","XLOC_033438","T_minus","T_plus","XLOC_033438","unknown","unknown",3.93163820405904,4.62590117901606,3.23737522910202,0.555281221184379,0.119096966468058,-0.513575718127196,,0.484216709430792,0.552148352541033,0.416285066320551,0.330678502699623,0.180430612622299,-0.399132396509015,,0.115616666666667,0.106466666666667,0.124766666666667,0.0183,0.980155356523029,4.16930894494288e-05,FALSE,0,"XLOC_033438","ZHX3","PB.11648.2","ENST00000560361.5","c",TRUE
"isoComp_00123031","geneComp_00016530","TCONS_00189299","XLOC_033473","T_minus","T_plus","XLOC_033473","unknown","unknown",52.0615688135056,33.5290190481713,70.59411857884,2.25136999912309,3.58218038506378,1.07391184980632,,16.2689267808434,11.1497966073158,21.388056954371,0.465899938526656,2.82452325050893,0.939169065390666,,0.318466666666667,0.3357,0.301233333333333,-0.0344666666666667,0.854544376614417,0.00780956928227686,FALSE,0,"XLOC_033473","TOMM34","PB.7872.1","ENST00000372813.4","=",TRUE
"isoComp_00123033","geneComp_00016530","TCONS_00190641","XLOC_033473","T_minus","T_plus","XLOC_033473","unknown","unknown",52.0615688135056,33.5290190481713,70.59411857884,2.25136999912309,3.58218038506378,1.07391184980632,,6.64320624868394,4.24153394989269,9.0448785474752,0.235027105598352,1.1305125181747,1.09071183218702,,0.12875,0.127833333333333,0.129666666666667,0.00183333333333335,1,0.00780956928227686,TRUE,0,"XLOC_033473","TOMM34","PB.7872.2","ENST00000372813.4","j",TRUE
"isoComp_00123034","geneComp_00016530","TCONS_00190642","XLOC_033473","T_minus","T_plus","XLOC_033473","unknown","unknown",52.0615688135056,33.5290190481713,70.59411857884,2.25136999912309,3.58218038506378,1.07391184980632,,11.7474113306523,7.5452319056818,15.9495907556227,0.579232112294552,1.12953790047489,1.07887571338142,,0.226916666666667,0.225166666666667,0.228666666666667,0.0035,0.998161431539877,0.00780956928227686,FALSE,0,"XLOC_033473","TOMM34","PB.10908.5","ENST00000372813.4","c",TRUE
"isoComp_00123035","geneComp_00016530","TCONS_00190917","XLOC_033473","T_minus","T_plus","XLOC_033473","unknown","unknown",52.0615688135056,33.5290190481713,70.59411857884,2.25136999912309,3.58218038506378,1.07391184980632,,3.92700768403621,2.659747945213,5.19426742285943,1.3890085790928,1.47635765657618,0.962991555877774,,0.0742166666666667,0.0766333333333333,0.0718,-0.00483333333333333,0.964796566986159,0.00780956928227686,FALSE,0,"XLOC_033473","TOMM34","PB.11670.8","ENST00000372813.4","c",TRUE
"isoComp_00123037","geneComp_00016530","TCONS_00191381","XLOC_033473","T_minus","T_plus","XLOC_033473","unknown","unknown",52.0615688135056,33.5290190481713,70.59411857884,2.25136999912309,3.58218038506378,1.07391184980632,,8.83936196114373,2.45947073829503,15.2192531839924,0.999667367475357,2.04242523060634,2.62457141742793,,0.1425,0.0701666666666667,0.214833333333333,0.144666666666667,0.00780956928227686,0.00780956928227686,FALSE,0,"XLOC_033473","TOMM34","PB.10908.4","ENST00000372813.4","c",TRUE
"isoComp_00123038","geneComp_00016530","TCONS_00191757","XLOC_033473","T_minus","T_plus","XLOC_033473","unknown","unknown",52.0615688135056,33.5290190481713,70.59411857884,2.25136999912309,3.58218038506378,1.07391184980632,,3.50361777860544,4.52824048414076,2.47899507307013,0.598416259998678,1.03572896978735,-0.866569685801314,,0.0855333333333333,0.136533333333333,0.0345333333333333,-0.102,0.0104693010196307,0.00780956928227686,FALSE,0,"XLOC_033473","TOMM34","PB.11670.3","ENST00000372813.4","c",TRUE
"isoComp_00123039","geneComp_00016530","TCONS_00191758","XLOC_033473","T_minus","T_plus","XLOC_033473","unknown","unknown",52.0615688135056,33.5290190481713,70.59411857884,2.25136999912309,3.58218038506378,1.07391184980632,,0.464003339770188,0.542455094651236,0.385551584889141,0.106378008302217,0.385551584889141,-0.48199134981936,,0.0113333333333333,0.0166,0.00606666666666667,-0.0105333333333333,0.427513819652946,0.00780956928227686,FALSE,0,"XLOC_033473","TOMM34","PB.11670.6","ENST00000372813.4","j",TRUE
"isoComp_00123662","geneComp_00016653","TCONS_00190115","XLOC_033704","T_minus","T_plus","XLOC_033704","unknown","unknown",18.5732745604323,20.7255903432108,16.4209587776539,0.723735968869937,1.09468845619741,-0.335692454682601,,14.0563516208668,16.9616756184635,11.15102762327,0.265531817653548,1.25457439942602,-0.604659143848832,,0.74785,0.820666666666667,0.675033333333333,-0.145633333333333,0.0342591804385584,0.0342591804385584,FALSE,2,"XLOC_033704","ZBTB46","ENST00000395104.5","ENST00000395104.5","=",FALSE
"isoComp_00123663","geneComp_00016653","TCONS_00190116","XLOC_033704","T_minus","T_plus","XLOC_033704","unknown","unknown",18.5732745604323,20.7255903432108,16.4209587776539,0.723735968869937,1.09468845619741,-0.335692454682601,,3.16838218268624,2.30057226454007,4.03619210083241,0.48986734099478,0.449243505726019,0.808314604905748,,0.180583333333333,0.1098,0.251366666666667,0.141566666666667,0.151786279447765,0.0342591804385584,FALSE,2,"XLOC_033704","ZBTB46","ENST00000245663.9","ENST00000245663.9","=",FALSE
"isoComp_00123664","geneComp_00016653","TCONS_00190117","XLOC_033704","T_minus","T_plus","XLOC_033704","unknown","unknown",18.5732745604323,20.7255903432108,16.4209587776539,0.723735968869937,1.09468845619741,-0.335692454682601,,0.183653822823526,0.184532635917631,0.182775009729421,0.092517352998647,0.0738642051769759,-0.0130941695628877,,0.0100833333333333,0.00896666666666667,0.0112,0.00223333333333333,0.950956263691001,0.0342591804385584,TRUE,0,"XLOC_033704","ZBTB46","ENST00000302995.2","ENST00000302995.2","=",FALSE
"isoComp_00123665","geneComp_00016653","TCONS_00190118","XLOC_033704","T_minus","T_plus","XLOC_033704","unknown","unknown",18.5732745604323,20.7255903432108,16.4209587776539,0.723735968869937,1.09468845619741,-0.335692454682601,,0.963184264552337,0.875404485282669,1.05096404382201,0.17906082603034,0.336748762584836,0.260967177028845,,0.0520833333333333,0.0417666666666667,0.0624,0.0206333333333333,0.841287556357001,0.0342591804385584,TRUE,0,"XLOC_033704","ZBTB46","ENST00000650966.1","ENST00000650966.1","=",FALSE
"isoComp_00123683","geneComp_00016659","TCONS_00190138","XLOC_033712","T_minus","T_plus","XLOC_033712","unknown","unknown",37.5994342295779,56.7703940064812,18.4284744526745,3.99956254786006,0.378287207267003,-1.62267356395422,,12.2824301251142,21.4416311981829,3.12322905204542,1.33875923963348,0.8615078233664,-2.77536520984187,,0.27375,0.378366666666667,0.169133333333333,-0.209233333333333,0.0211903377197789,4.17973154265066e-09,FALSE,0,"XLOC_033712","RGS19","ENST00000395042.2","ENST00000395042.2","=",FALSE
"isoComp_00123684","geneComp_00016659","TCONS_00190139","XLOC_033712","T_minus","T_plus","XLOC_033712","unknown","unknown",37.5994342295779,56.7703940064812,18.4284744526745,3.99956254786006,0.378287207267003,-1.62267356395422,,21.2389477535464,28.4810507046993,13.9968448023934,1.50301348854782,0.451904291617883,-1.02437681768511,,0.631633333333333,0.503033333333333,0.760233333333333,0.2572,4.17973154265066e-09,4.17973154265066e-09,FALSE,0,"XLOC_033712","RGS19","ENST00000332298.9","ENST00000332298.9","=",FALSE
"isoComp_00123685","geneComp_00016659","TCONS_00190140","XLOC_033712","T_minus","T_plus","XLOC_033712","unknown","unknown",37.5994342295779,56.7703940064812,18.4284744526745,3.99956254786006,0.378287207267003,-1.62267356395422,,1.29955851729521,1.76784186132336,0.831275173267066,0.118441085977629,0.105632154559754,-1.07947732755529,,0.0383666666666667,0.0317,0.0450333333333333,0.0133333333333333,0.701421656799141,4.17973154265066e-09,,0,"XLOC_033712","RGS19","ENST00000493165.1","ENST00000493165.1","=",FALSE
"isoComp_00123686","geneComp_00016659","TCONS_00190141","XLOC_033712","T_minus","T_plus","XLOC_033712","unknown","unknown",37.5994342295779,56.7703940064812,18.4284744526745,3.99956254786006,0.378287207267003,-1.62267356395422,,2.77849783362209,5.07987024227561,0.477125424968561,1.70869683525836,0.477125424968561,-3.38526368755826,,0.0563,0.0869333333333333,0.0256666666666667,-0.0612666666666667,0.311309589048786,4.17973154265066e-09,,0,"XLOC_033712","RGS19","ENST00000479996.1","ENST00000479996.1","=",FALSE
"isoComp_00123728","geneComp_00016677","TCONS_00191872","XLOC_033748","T_minus","T_plus","XLOC_033748","unknown","unknown",2.28443709128771,2.57630238360262,1.99257179897279,0.318606305901479,0.675643793863248,-0.369036992021832,,0.341534794819966,0,0.683069589639931,0,0.342561205391996,6.11492831245613,,0.133483333333333,0,0.266966666666667,0.266966666666667,0.208997234242498,5.42333456904899e-05,FALSE,0,"XLOC_033748","ENSG00000273590","ENST00000619874.5","ENST00000619874.5","=",FALSE
"isoComp_00123729","geneComp_00016677","TCONS_00191874","XLOC_033748","T_minus","T_plus","XLOC_033748","unknown","unknown",2.28443709128771,2.57630238360262,1.99257179897279,0.318606305901479,0.675643793863248,-0.369036992021832,,1.76688334480633,2.33275048936769,1.20101620024497,0.26088452510521,0.442931281625919,-0.951985145949653,,0.7547,0.9082,0.6012,-0.307,5.42333456904899e-05,5.42333456904899e-05,FALSE,0,"XLOC_033748","ENSG00000273590","ENST00000622934.3","ENST00000622934.3","=",FALSE
"isoComp_00123730","geneComp_00016677","TCONS_00191875","XLOC_033748","T_minus","T_plus","XLOC_033748","unknown","unknown",2.28443709128771,2.57630238360262,1.99257179897279,0.318606305901479,0.675643793863248,-0.369036992021832,,0.166750884716961,0.24355189423493,0.0899498751989911,0.0583585093933569,0.0899498751989911,-1.34300438184498,,0.108733333333333,0.0918,0.125666666666667,0.0338666666666667,0.74850107230253,5.42333456904899e-05,FALSE,0,"XLOC_033748","ENSG00000273590","ENST00000612624.4","ENST00000612624.4","=",FALSE
"isoComp_00124208","geneComp_00016762","TCONS_00192630","XLOC_033970","T_minus","T_plus","XLOC_033970","unknown","unknown",1.22439310409303,1.03005304913117,1.41873315905489,0.0932409666705289,0.136502677930135,0.458079376418123,,0.0394575310213887,0.0175387026476227,0.0613763593951548,0.00908448197728253,0.030740028174826,1.37398572202305,,0.0286333333333333,0.0177666666666667,0.0395,0.0217333333333333,0.920988294096131,0.0259736211704661,TRUE,1,"XLOC_033970","ENSG00000286153","ENST00000651798.1","ENST00000651798.1","=",FALSE
"isoComp_00124209","geneComp_00016762","TCONS_00195181","XLOC_033970","T_minus","T_plus","XLOC_033970","unknown","unknown",1.22439310409303,1.03005304913117,1.41873315905489,0.0932409666705289,0.136502677930135,0.458079376418123,,0.253154050707801,0.211033570840917,0.295274530574685,0.0290701877187245,0.0956410362930178,0.46584172427148,,0.200766666666667,0.203133333333333,0.1984,-0.00473333333333331,0.990005030056731,0.0259736211704661,FALSE,0,"XLOC_033970","ENSG00000286153","PB.8072.1","ENST00000651798.1","j",TRUE
"isoComp_00124210","geneComp_00016762","TCONS_00195361","XLOC_033970","T_minus","T_plus","XLOC_033970","unknown","unknown",1.22439310409303,1.03005304913117,1.41873315905489,0.0932409666705289,0.136502677930135,0.458079376418123,,0.283955469799967,0.42422021392377,0.143690725676163,0.0313295819521074,0.0414558330333256,-1.49839677863722,,0.257383333333333,0.4158,0.0989666666666667,-0.316833333333333,0.0259736211704661,0.0259736211704661,FALSE,0,"XLOC_033970","ENSG00000286153","PB.11984.9","ENST00000651798.1","j",TRUE
"isoComp_00124211","geneComp_00016762","TCONS_00195569","XLOC_033970","T_minus","T_plus","XLOC_033970","unknown","unknown",1.22439310409303,1.03005304913117,1.41873315905489,0.0932409666705289,0.136502677930135,0.458079376418123,,0.111237840089292,0.105142816669495,0.117332863509089,0.061816626511436,0.0544983189499428,0.145180404810335,,0.0868,0.0936666666666667,0.0799333333333333,-0.0137333333333333,0.998161431539877,0.0259736211704661,TRUE,0,"XLOC_033970","ENSG00000286153","PB.11984.1","ENST00000651798.1","j",TRUE
"isoComp_00124212","geneComp_00016762","TCONS_00195570","XLOC_033970","T_minus","T_plus","XLOC_033970","unknown","unknown",1.22439310409303,1.03005304913117,1.41873315905489,0.0932409666705289,0.136502677930135,0.458079376418123,,0.0658059921294078,0.0270368393100101,0.104575144948806,0.0270368393100101,0.0784313015003488,1.62926122017553,,0.0555666666666667,0.0240333333333333,0.0871,0.0630666666666667,0.913394169369518,0.0259736211704661,FALSE,0,"XLOC_033970","ENSG00000286153","PB.11984.2","ENST00000651798.1","j",TRUE
"isoComp_00124213","geneComp_00016762","TCONS_00195571","XLOC_033970","T_minus","T_plus","XLOC_033970","unknown","unknown",1.22439310409303,1.03005304913117,1.41873315905489,0.0932409666705289,0.136502677930135,0.458079376418123,,0.340255862673353,0.197694996119565,0.482816729227142,0.0640685583561132,0.0289662038153302,1.24658477224698,,0.27745,0.2034,0.3515,0.1481,0.739286832514861,0.0259736211704661,FALSE,1,"XLOC_033970","ENSG00000286153","PB.11984.4","ENST00000651798.1","j",TRUE
"isoComp_00124214","geneComp_00016762","TCONS_00195573","XLOC_033970","T_minus","T_plus","XLOC_033970","unknown","unknown",1.22439310409303,1.03005304913117,1.41873315905489,0.0932409666705289,0.136502677930135,0.458079376418123,,0.130526357671821,0.047385909619795,0.213666805723847,0.0294546032497793,0.0758190853561782,1.96258271257274,,0.09335,0.0421666666666667,0.144533333333333,0.102366666666667,0.679654246830669,0.0259736211704661,FALSE,0,"XLOC_033970","ENSG00000286153","PB.11984.6","ENST00000651798.1","j",TRUE
"isoComp_00125093","geneComp_00016911","TCONS_00193877","XLOC_034300","T_minus","T_plus","XLOC_034300","unknown","unknown",15.9360221183102,18.7962382212039,13.0758060154165,1.3224263039148,0.604380730803607,-0.523208508570463,,6.29161295398829,9.3846215782275,3.19860432974908,0.387155566459156,0.595985476577955,-1.54988915596829,,0.3742,0.5068,0.2416,-0.2652,0.0075214963354771,0.0075214963354771,FALSE,0,"XLOC_034300","MRPL39","PB.11909.1","ENST00000352957.9","=",TRUE
"isoComp_00125094","geneComp_00016911","TCONS_00193879","XLOC_034300","T_minus","T_plus","XLOC_034300","unknown","unknown",15.9360221183102,18.7962382212039,13.0758060154165,1.3224263039148,0.604380730803607,-0.523208508570463,,0.849338168203483,0.825053484102345,0.873622852304621,0.15124386847469,0.0529626293852372,0.0815621269281284,,0.0552833333333333,0.0433,0.0672666666666667,0.0239666666666667,0.591815318238619,0.0075214963354771,TRUE,0,"XLOC_034300","MRPL39","ENST00000419219.1","ENST00000419219.1","=",FALSE
"isoComp_00125096","geneComp_00016911","TCONS_00195030","XLOC_034300","T_minus","T_plus","XLOC_034300","unknown","unknown",15.9360221183102,18.7962382212039,13.0758060154165,1.3224263039148,0.604380730803607,-0.523208508570463,,0.848396715066861,0.310647340768959,1.38614608936476,0.114919518143283,0.275027110478884,2.12239056197497,,0.06205,0.0159,0.1082,0.0923,0.0100539781332247,0.0075214963354771,FALSE,0,"XLOC_034300","MRPL39","PB.10338.3","ENST00000307301.11","j",TRUE
"isoComp_00125098","geneComp_00016911","TCONS_00195433","XLOC_034300","T_minus","T_plus","XLOC_034300","unknown","unknown",15.9360221183102,18.7962382212039,13.0758060154165,1.3224263039148,0.604380730803607,-0.523208508570463,,1.28023317015207,2.05669590725867,0.503770433045473,1.3378536010967,0.301991582411721,-2.00813035471522,,0.0689333333333333,0.101133333333333,0.0367333333333333,-0.0644,0.814212016999991,0.0075214963354771,,0,"XLOC_034300","MRPL39","PB.11139.4","ENST00000352957.9","c",TRUE
"isoComp_00125100","geneComp_00016911","TCONS_00195435","XLOC_034300","T_minus","T_plus","XLOC_034300","unknown","unknown",15.9360221183102,18.7962382212039,13.0758060154165,1.3224263039148,0.604380730803607,-0.523208508570463,,2.26641484048882,1.71198844102843,2.8208412399492,0.932232865569262,0.830532794546137,0.717155383302298,,0.152066666666667,0.0853,0.218833333333333,0.133533333333333,0.437556755550125,0.0075214963354771,FALSE,0,"XLOC_034300","MRPL39","PB.11909.2","ENST00000352957.9","c",TRUE
"isoComp_00125101","geneComp_00016911","TCONS_00195623","XLOC_034300","T_minus","T_plus","XLOC_034300","unknown","unknown",15.9360221183102,18.7962382212039,13.0758060154165,1.3224263039148,0.604380730803607,-0.523208508570463,,0.307928708373896,0.397131036858761,0.218726379889032,0.0650168100097684,0.218726379889032,-0.831870439889677,,0.0195333333333333,0.0216666666666667,0.0174,-0.00426666666666667,0.683601690676714,0.0075214963354771,TRUE,0,"XLOC_034300","MRPL39","PB.11909.3","ENST00000307301.11","j",TRUE
"isoComp_00125102","geneComp_00016911","TCONS_00195624","XLOC_034300","T_minus","T_plus","XLOC_034300","unknown","unknown",15.9360221183102,18.7962382212039,13.0758060154165,1.3224263039148,0.604380730803607,-0.523208508570463,,3.75690202543799,3.83115079438959,3.68265325648639,0.739591206544037,0.47353850072824,-0.05688080321469,,0.245966666666667,0.210966666666667,0.280966666666667,0.07,0.766634175843326,0.0075214963354771,FALSE,0,"XLOC_034300","MRPL39","PB.11909.4","ENST00000352957.9","c",TRUE
"isoComp_00126082","geneComp_00017060","TCONS_00195811","XLOC_034635","T_minus","T_plus","XLOC_034635","unknown","unknown",19.7960612417826,22.7566818892966,16.8354405942687,5.62012364340302,0.456135968133532,-0.434565879639281,,0.715844677579384,0.822675490000224,0.609013865158544,0.329266835779562,0.0933484404481157,-0.427782634098904,,0.0370166666666667,0.0379,0.0361333333333333,-0.00176666666666667,0.976689437004312,0.00384416081787596,FALSE,0,"XLOC_034635","PEX26","ENST00000329627.11","ENST00000329627.11","=",FALSE
"isoComp_00126083","geneComp_00017060","TCONS_00195812","XLOC_034635","T_minus","T_plus","XLOC_034635","unknown","unknown",19.7960612417826,22.7566818892966,16.8354405942687,5.62012364340302,0.456135968133532,-0.434565879639281,,0.648669258131586,0.565401354824666,0.731937161438505,0.161773214100927,0.221405927283304,0.366728384574843,,0.0341,0.0246,0.0436,0.019,0.78424534860535,0.00384416081787596,FALSE,0,"XLOC_034635","ENSG00000288683","ENST00000474897.6","ENST00000474897.6","=",FALSE
"isoComp_00126084","geneComp_00017060","TCONS_00195813","XLOC_034635","T_minus","T_plus","XLOC_034635","unknown","unknown",19.7960612417826,22.7566818892966,16.8354405942687,5.62012364340302,0.456135968133532,-0.434565879639281,,3.17769842447569,2.51703488352785,3.83836196542353,0.451787395644561,0.113073445046333,0.606798921497541,,0.172316666666667,0.116566666666667,0.228066666666667,0.1115,0.0368544567284059,0.00384416081787596,FALSE,1,"XLOC_034635","PEX26","ENST00000399744.8","ENST00000399744.8","=",FALSE
"isoComp_00126085","geneComp_00017060","TCONS_00195814","XLOC_034635","T_minus","T_plus","XLOC_034635","unknown","unknown",19.7960612417826,22.7566818892966,16.8354405942687,5.62012364340302,0.456135968133532,-0.434565879639281,,4.58142681871634,3.76681573180908,5.39603790562359,0.867836308471911,0.475339521377856,0.517401230265784,,0.2443,0.166766666666667,0.321833333333333,0.155066666666667,0.00384416081787596,0.00384416081787596,FALSE,0,"XLOC_034635","PEX26","ENST00000428061.2","ENST00000428061.2","=",FALSE
"isoComp_00126087","geneComp_00017060","TCONS_00195817","XLOC_034635","T_minus","T_plus","XLOC_034635","unknown","unknown",19.7960612417826,22.7566818892966,16.8354405942687,5.62012364340302,0.456135968133532,-0.434565879639281,,0.738213740272275,0.952021946648912,0.524405533895638,0.283469577759998,0.0832206141277661,-0.848134859298534,,0.0359666666666667,0.0410333333333333,0.0309,-0.0101333333333333,0.823113385357397,0.00384416081787596,FALSE,0,"XLOC_034635","TUBA8","ENST00000680175.1","ENST00000680175.1","=",FALSE
"isoComp_00126089","geneComp_00017060","TCONS_00195819","XLOC_034635","T_minus","T_plus","XLOC_034635","unknown","unknown",19.7960612417826,22.7566818892966,16.8354405942687,5.62012364340302,0.456135968133532,-0.434565879639281,,7.44185595768903,10.0442925038116,4.8394194115665,3.01556436278375,0.461243360925829,-1.05192762770423,,0.359133333333333,0.431233333333333,0.287033333333333,-0.1442,0.0281781398916524,0.00384416081787596,FALSE,0,"XLOC_034635","TUBA8","ENST00000316027.10","ENST00000316027.10","=",FALSE
"isoComp_00126090","geneComp_00017060","TCONS_00195820","XLOC_034635","T_minus","T_plus","XLOC_034635","unknown","unknown",19.7960612417826,22.7566818892966,16.8354405942687,5.62012364340302,0.456135968133532,-0.434565879639281,,1.95641240612832,3.30908637942231,0.603738432834333,0.747053543682795,0.241107137454235,-2.43509034189507,,0.0924833333333333,0.149766666666667,0.0352,-0.114566666666667,0.036880229150789,0.00384416081787596,FALSE,0,"XLOC_034635","TUBA8","ENST00000330423.8","ENST00000330423.8","=",FALSE
"isoComp_00126093","geneComp_00017060","TCONS_00195823","XLOC_034635","T_minus","T_plus","XLOC_034635","unknown","unknown",19.7960612417826,22.7566818892966,16.8354405942687,5.62012364340302,0.456135968133532,-0.434565879639281,,0.233048718185784,0.322652123395435,0.143445312976133,0.160653344839788,0.0655695558445807,-1.11628966379397,,0.0104833333333333,0.0126333333333333,0.00833333333333333,-0.0043,0.892255969847574,0.00384416081787596,FALSE,0,"XLOC_034635","TUBA8","ENST00000608634.1","ENST00000608634.1","=",FALSE
"isoComp_00126094","geneComp_00017061","TCONS_00195824","XLOC_034636","T_minus","T_plus","XLOC_034636","unknown","unknown",76.0299301850077,7.66410569989162,144.395754670124,1.61105449678577,22.2476310611744,4.23398578939994,,2.07920890977679,1.33145000676659,2.82696781278699,0.0665268935314599,0.378775952500273,1.0805564932465,,0.102683333333333,0.185466666666667,0.0199,-0.165566666666667,4.58938756885197e-13,4.58938756885197e-13,FALSE,0,"XLOC_034636","USP18","PB.10528.1","ENST00000215794.8","=",TRUE
"isoComp_00126096","geneComp_00017061","TCONS_00201312","XLOC_034636","T_minus","T_plus","XLOC_034636","unknown","unknown",76.0299301850077,7.66410569989162,144.395754670124,1.61105449678577,22.2476310611744,4.23398578939994,,7.94458241222953,0.327821676633872,15.5613431478252,0.327821676633872,3.15591175299439,5.52648768013268,,0.07725,0.0482,0.1063,0.0581,0.383139043385971,4.58938756885197e-13,TRUE,0,"XLOC_034636","USP18","PB.8146.4","ENST00000215794.8","j",TRUE
"isoComp_00126097","geneComp_00017061","TCONS_00201313","XLOC_034636","T_minus","T_plus","XLOC_034636","unknown","unknown",76.0299301850077,7.66410569989162,144.395754670124,1.61105449678577,22.2476310611744,4.23398578939994,,2.12954544375326,0.0813784210323204,4.17771246647421,0.0444094700973018,0.252180834930295,5.51816506441172,,0.01955,0.0092,0.0299,0.0207,0.118696598300027,4.58938756885197e-13,TRUE,1,"XLOC_034636","USP18","PB.8146.3","ENST00000215794.8","m",TRUE
"isoComp_00126102","geneComp_00017061","TCONS_00201319","XLOC_034636","T_minus","T_plus","XLOC_034636","unknown","unknown",76.0299301850077,7.66410569989162,144.395754670124,1.61105449678577,22.2476310611744,4.23398578939994,,3.63089913235207,0,7.26179826470413,0,0.599022674824563,9.50616836640411,,0.02575,0,0.0515,0.0515,7.77249652341912e-13,4.58938756885197e-13,FALSE,0,"XLOC_034636","USP18","PB.8146.13","ENST00000215794.8","j",TRUE
"isoComp_00126103","geneComp_00017061","TCONS_00201320","XLOC_034636","T_minus","T_plus","XLOC_034636","unknown","unknown",76.0299301850077,7.66410569989162,144.395754670124,1.61105449678577,22.2476310611744,4.23398578939994,,11.6082836040225,1.60404242202518,21.6125247860198,0.612492887600395,3.96884569205587,3.74378458861135,,0.171316666666667,0.1943,0.148333333333333,-0.0459666666666667,0.72700388004311,4.58938756885197e-13,FALSE,0,"XLOC_034636","USP18","PB.8146.19","ENST00000215794.8","c",TRUE
"isoComp_00126104","geneComp_00017061","TCONS_00201321","XLOC_034636","T_minus","T_plus","XLOC_034636","unknown","unknown",76.0299301850077,7.66410569989162,144.395754670124,1.61105449678577,22.2476310611744,4.23398578939994,,4.53630873532729,0.385292820374463,8.68732465028012,0.380208007522934,2.51342179448279,4.45957803035043,,0.0573166666666667,0.0564333333333333,0.0582,0.00176666666666667,0.643408411517323,4.58938756885197e-13,FALSE,0,"XLOC_034636","USP18","PB.8146.20","ENST00000215794.8","c",TRUE
"isoComp_00126105","geneComp_00017061","TCONS_00201322","XLOC_034636","T_minus","T_plus","XLOC_034636","unknown","unknown",76.0299301850077,7.66410569989162,144.395754670124,1.61105449678577,22.2476310611744,4.23398578939994,,6.39643938983709,1.42474266384374,11.3681361158304,0.762743771678653,5.85851516754187,2.98740034238821,,0.130733333333333,0.183333333333333,0.0781333333333333,-0.1052,0.951758400849383,4.58938756885197e-13,FALSE,0,"XLOC_034636","USP18","PB.8146.23","ENST00000215794.8","c",TRUE
"isoComp_00126107","geneComp_00017061","TCONS_00201506","XLOC_034636","T_minus","T_plus","XLOC_034636","unknown","unknown",76.0299301850077,7.66410569989162,144.395754670124,1.61105449678577,22.2476310611744,4.23398578939994,,7.05828718611901,0.543074183926906,13.5735001883111,0.277266762109956,2.24823216535419,4.61823846771813,,0.0781666666666667,0.0626,0.0937333333333333,0.0311333333333333,0.784027001573854,4.58938756885197e-13,FALSE,0,"XLOC_034636","USP18","PB.12138.1","ENST00000215794.8","j",TRUE
"isoComp_00126109","geneComp_00017061","TCONS_00201509","XLOC_034636","T_minus","T_plus","XLOC_034636","unknown","unknown",76.0299301850077,7.66410569989162,144.395754670124,1.61105449678577,22.2476310611744,4.23398578939994,,0.125798094408271,0.251596188816543,0,0.251596188816543,0,-4.70926961731538,,0.0232666666666667,0.0465333333333333,0,-0.0465333333333333,0.725164161796557,4.58938756885197e-13,FALSE,0,"XLOC_034636","USP18","PB.11342.12","ENST00000215794.8","c",TRUE
"isoComp_00126110","geneComp_00017061","TCONS_00201511","XLOC_034636","T_minus","T_plus","XLOC_034636","unknown","unknown",76.0299301850077,7.66410569989162,144.395754670124,1.61105449678577,22.2476310611744,4.23398578939994,,17.3364666438578,0.641996279068685,34.0309370086469,0.0788001747074459,5.5710219815666,5.70626320783166,,0.161566666666667,0.0867333333333333,0.2364,0.149666666666667,3.38920449802572e-07,4.58938756885197e-13,FALSE,0,"XLOC_034636","USP18","PB.11342.15","ENST00000215794.8","c",TRUE
"isoComp_00126111","geneComp_00017061","TCONS_00201512","XLOC_034636","T_minus","T_plus","XLOC_034636","unknown","unknown",76.0299301850077,7.66410569989162,144.395754670124,1.61105449678577,22.2476310611744,4.23398578939994,,5.17202921320151,0,10.344058426403,0,1.63251971178859,10.0159806489089,,0.0368666666666667,0,0.0737333333333333,0.0737333333333333,9.01684217990878e-13,4.58938756885197e-13,FALSE,0,"XLOC_034636","USP18","PB.11342.16","ENST00000215794.8","c",TRUE
"isoComp_00126112","geneComp_00017061","TCONS_00201513","XLOC_034636","T_minus","T_plus","XLOC_034636","unknown","unknown",76.0299301850077,7.66410569989162,144.395754670124,1.61105449678577,22.2476310611744,4.23398578939994,,0.158881305024767,0.317762610049533,0,0.123748151882239,0,-5.03457938137852,,0.0205833333333333,0.0411666666666667,0,-0.0411666666666667,1.12545921026733e-06,4.58938756885197e-13,FALSE,0,"XLOC_034636","USP18","PB.11342.17","ENST00000215794.8","j",TRUE
"isoComp_00126116","geneComp_00017061","TCONS_00201816","XLOC_034636","T_minus","T_plus","XLOC_034636","unknown","unknown",76.0299301850077,7.66410569989162,144.395754670124,1.61105449678577,22.2476310611744,4.23398578939994,,4.69459781424428,0.53955398672523,8.84964164176333,0.372277347522357,2.12104395676286,4.01091522548822,,0.0586666666666667,0.0566666666666667,0.0606666666666667,0.004,0.921437576414897,4.58938756885197e-13,FALSE,0,"XLOC_034636","USP18","PB.12138.13","ENST00000215794.8","c",TRUE
"isoComp_00126699","geneComp_00017152","TCONS_00196638","XLOC_034887","T_minus","T_plus","XLOC_034887","unknown","unknown",15.5981796589604,17.1558720035025,14.0404873144183,1.35437210303854,0.324864613766318,-0.288922977702555,,2.12298173987819,2.52506867691325,1.72089480284312,0.157765997920205,0.082103848629215,-0.550506785559781,,0.1352,0.1476,0.1228,-0.0248,0.754754187776174,0.000123551276024344,FALSE,1,"XLOC_034887","CRYBB2P1","PB.10598.1","ENST00000382734.10","=",TRUE
"isoComp_00126701","geneComp_00017152","TCONS_00196641","XLOC_034887","T_minus","T_plus","XLOC_034887","unknown","unknown",15.5981796589604,17.1558720035025,14.0404873144183,1.35437210303854,0.324864613766318,-0.288922977702555,,0.491699607377615,0.416945347465136,0.566453867290094,0.0296119288423617,0.0796045527954264,0.433153751077696,,0.0324666666666667,0.0246666666666667,0.0402666666666667,0.0156,0.697436883068453,0.000123551276024344,FALSE,2,"XLOC_034887","CRYBB2P1","PB.10598.4","ENST00000415709.6","=",TRUE
"isoComp_00126705","geneComp_00017152","TCONS_00200941","XLOC_034887","T_minus","T_plus","XLOC_034887","unknown","unknown",15.5981796589604,17.1558720035025,14.0404873144183,1.35437210303854,0.324864613766318,-0.288922977702555,,6.02987619377842,7.78763786553871,4.27211452201814,0.817301642041793,0.193652922283369,-0.864713775221918,,0.378016666666667,0.452,0.304033333333333,-0.147966666666667,0.000123551276024344,0.000123551276024344,FALSE,0,"XLOC_034887","CRYBB2P1","PB.10598.2","ENST00000354451.6","j",TRUE
"isoComp_00126707","geneComp_00017152","TCONS_00201343","XLOC_034887","T_minus","T_plus","XLOC_034887","unknown","unknown",15.5981796589604,17.1558720035025,14.0404873144183,1.35437210303854,0.324864613766318,-0.288922977702555,,0.829229539334245,0.209535504652578,1.44892357401591,0.209535504652578,0.0695617042115962,2.73237812399338,,0.05885,0.0145,0.1032,0.0887,0.193466949695064,0.000123551276024344,FALSE,1,"XLOC_034887","CRYBB2P1","PB.12203.6","ENST00000354451.6","j",TRUE
"isoComp_00126709","geneComp_00017152","TCONS_00201542","XLOC_034887","T_minus","T_plus","XLOC_034887","unknown","unknown",15.5981796589604,17.1558720035025,14.0404873144183,1.35437210303854,0.324864613766318,-0.288922977702555,,1.05619368999363,1.2386182783347,0.873769101652559,0.221158691324335,0.439666097318658,-0.498591092891309,,0.0686666666666667,0.0737666666666667,0.0635666666666667,-0.0102,0.92915819622652,0.000123551276024344,FALSE,0,"XLOC_034887","CRYBB2P1","PB.11406.5","ENST00000415709.6","c",TRUE
"isoComp_00126710","geneComp_00017152","TCONS_00201543","XLOC_034887","T_minus","T_plus","XLOC_034887","unknown","unknown",15.5981796589604,17.1558720035025,14.0404873144183,1.35437210303854,0.324864613766318,-0.288922977702555,,3.36967804016593,2.90044933550074,3.83890674483112,0.439801860156513,0.0826392433415243,0.403206812843365,,0.221666666666667,0.1699,0.273433333333333,0.103533333333333,0.0924195240099801,0.000123551276024344,FALSE,0,"XLOC_034887","CRYBB2P1","PB.12203.7","ENST00000415709.6","c",TRUE
"isoComp_00126711","geneComp_00017152","TCONS_00201544","XLOC_034887","T_minus","T_plus","XLOC_034887","unknown","unknown",15.5981796589604,17.1558720035025,14.0404873144183,1.35437210303854,0.324864613766318,-0.288922977702555,,0.916338047470905,0.994409447905709,0.8382666470361,0.891043318342246,0.557528673036762,-0.243757761511606,,0.0562166666666667,0.0542666666666667,0.0581666666666667,0.0039,0.89309697186122,0.000123551276024344,,0,"XLOC_034887","CRYBB2P1","PB.11406.7","ENST00000382734.10","c",TRUE
"isoComp_00126712","geneComp_00017152","TCONS_00201545","XLOC_034887","T_minus","T_plus","XLOC_034887","unknown","unknown",15.5981796589604,17.1558720035025,14.0404873144183,1.35437210303854,0.324864613766318,-0.288922977702555,,0.237672010469457,0.354495389344547,0.120848631594367,0.103049170607247,0.0805656924319556,-1.47800172854813,,0.0144833333333333,0.0202,0.00876666666666667,-0.0114333333333333,0.73484931939033,0.000123551276024344,FALSE,0,"XLOC_034887","CRYBB2P1","PB.11407.1","ENST00000382734.10","c",TRUE
"isoComp_00126713","geneComp_00017152","TCONS_00201841","XLOC_034887","T_minus","T_plus","XLOC_034887","unknown","unknown",15.5981796589604,17.1558720035025,14.0404873144183,1.35437210303854,0.324864613766318,-0.288922977702555,,0.26584954076642,0.480857847724715,0.0508412338081254,0.0850385045616827,0.0508412338081254,-3.01218396591327,,0.0161166666666667,0.0286,0.00363333333333333,-0.0249666666666667,0.26915035051474,0.000123551276024344,FALSE,0,"XLOC_034887","CRYBB2P1","PB.12203.2","ENST00000354451.6","j",TRUE
"isoComp_00126913","geneComp_00017185","TCONS_00196930","XLOC_034947","T_minus","T_plus","XLOC_034947","unknown","unknown",31.6162398012919,23.3243680480561,39.9081115545277,0.601767779190741,0.548167414822665,0.774587075183003,,1.14306160380161,0.59144872011329,1.69467448748994,0.586359904529473,0.270271043394587,1.50298263607594,,0.0334166666666667,0.0242,0.0426333333333333,0.0184333333333333,0.468700272485168,0.0130762271474659,TRUE,0,"XLOC_034947","SEC14L2","ENST00000416523.5","ENST00000416523.5","=",FALSE
"isoComp_00126916","geneComp_00017185","TCONS_00196933","XLOC_034947","T_minus","T_plus","XLOC_034947","unknown","unknown",31.6162398012919,23.3243680480561,39.9081115545277,0.601767779190741,0.548167414822665,0.774587075183003,,4.96962003349249,1.85597432435706,8.08326574262792,0.532579729927025,0.313665068457203,2.11679283220965,,0.141383333333333,0.0803666666666667,0.2024,0.122033333333333,0.0130762271474659,0.0130762271474659,FALSE,0,"XLOC_034947","SEC14L2","ENST00000615189.5","ENST00000615189.5","=",FALSE
"isoComp_00126917","geneComp_00017185","TCONS_00196934","XLOC_034947","T_minus","T_plus","XLOC_034947","unknown","unknown",31.6162398012919,23.3243680480561,39.9081115545277,0.601767779190741,0.548167414822665,0.774587075183003,,0.594794584744082,0.492136183470317,0.697452986017847,0.112315858165788,0.113992002944866,0.494555588409799,,0.0194,0.0213666666666667,0.0174333333333333,-0.00393333333333333,0.976753616395537,0.0130762271474659,FALSE,0,"XLOC_034947","SEC14L2","ENST00000405717.7","ENST00000405717.7","=",FALSE
"isoComp_00126919","geneComp_00017185","TCONS_00196942","XLOC_034947","T_minus","T_plus","XLOC_034947","unknown","unknown",31.6162398012919,23.3243680480561,39.9081115545277,0.601767779190741,0.548167414822665,0.774587075183003,,0.408013188330165,0.311751239541813,0.504275137118517,0.171417423508742,0.064570971378297,0.676594701165657,,0.0132,0.0137333333333333,0.0126666666666667,-0.00106666666666667,0.947821144108656,0.0130762271474659,TRUE,1,"XLOC_034947","SEC14L2","ENST00000483116.5","ENST00000483116.5","=",FALSE
"isoComp_00126920","geneComp_00017185","TCONS_00196943","XLOC_034947","T_minus","T_plus","XLOC_034947","unknown","unknown",31.6162398012919,23.3243680480561,39.9081115545277,0.601767779190741,0.548167414822665,0.774587075183003,,0.54838190776339,0.466166279654064,0.630597535872716,0.193494627290191,0.345367542609165,0.427952790776767,,0.0179833333333333,0.0204,0.0155666666666667,-0.00483333333333334,0.942534224601604,0.0130762271474659,FALSE,1,"XLOC_034947","SEC14L2","ENST00000620251.1","ENST00000620251.1","=",FALSE
"isoComp_00126924","geneComp_00017185","TCONS_00196950","XLOC_034947","T_minus","T_plus","XLOC_034947","unknown","unknown",31.6162398012919,23.3243680480561,39.9081115545277,0.601767779190741,0.548167414822665,0.774587075183003,,13.4804870948125,12.4386847302645,14.5222894593604,0.976558246834953,0.759540616348852,0.223268685327287,,0.4486,0.5327,0.3645,-0.1682,0.0497872035146437,0.0130762271474659,FALSE,0,"XLOC_034947","MTFP1","ENST00000266263.10","ENST00000266263.10","=",FALSE
"isoComp_00126925","geneComp_00017185","TCONS_00196951","XLOC_034947","T_minus","T_plus","XLOC_034947","unknown","unknown",31.6162398012919,23.3243680480561,39.9081115545277,0.601767779190741,0.548167414822665,0.774587075183003,,0.324161948656676,0.24467126566583,0.403652631647522,0.0108681734597163,0.0353475368741199,0.699783569784656,,0.0103166666666667,0.0105,0.0101333333333333,-0.000366666666666666,0.997446839013369,0.0130762271474659,FALSE,0,"XLOC_034947","MTFP1","ENST00000614920.1","ENST00000614920.1","=",FALSE
"isoComp_00126926","geneComp_00017185","TCONS_00196952","XLOC_034947","T_minus","T_plus","XLOC_034947","unknown","unknown",31.6162398012919,23.3243680480561,39.9081115545277,0.601767779190741,0.548167414822665,0.774587075183003,,2.42050839917876,1.99211535202072,2.8489014463368,0.599732937841653,0.722632683231558,0.513935789881449,,0.07805,0.0842,0.0719,-0.0123,0.979139321767302,0.0130762271474659,FALSE,0,"XLOC_034947","MTFP1","ENST00000355143.8","ENST00000355143.8","=",FALSE
"isoComp_00126927","geneComp_00017185","TCONS_00196953","XLOC_034947","T_minus","T_plus","XLOC_034947","unknown","unknown",31.6162398012919,23.3243680480561,39.9081115545277,0.601767779190741,0.548167414822665,0.774587075183003,,0.485995161863091,0.444397942993828,0.527592380732355,0.220045215043461,0.1648923213155,0.242556387076827,,0.0163,0.0193333333333333,0.0132666666666667,-0.00606666666666667,0.984680769176007,0.0130762271474659,FALSE,0,"XLOC_034947","MTFP1","ENST00000412752.5","ENST00000412752.5","=",FALSE
"isoComp_00126928","geneComp_00017185","TCONS_00196954","XLOC_034947","T_minus","T_plus","XLOC_034947","unknown","unknown",31.6162398012919,23.3243680480561,39.9081115545277,0.601767779190741,0.548167414822665,0.774587075183003,,2.90251876927462,2.73802428199077,3.06701325655847,0.167945456473235,0.578293194010295,0.163135907082284,,0.09725,0.1179,0.0766,-0.0413,0.620855550078576,0.0130762271474659,FALSE,0,"XLOC_034947","MTFP1","PB.10646.1","ENST00000407550.3","=",TRUE
"isoComp_00126931","geneComp_00017185","TCONS_00201565","XLOC_034947","T_minus","T_plus","XLOC_034947","unknown","unknown",31.6162398012919,23.3243680480561,39.9081115545277,0.601767779190741,0.548167414822665,0.774587075183003,,1.42873329227213,0.440438209585788,2.41702837495847,0.205848106935855,0.894282070914728,2.42978985741525,,0.0392666666666667,0.0185666666666667,0.0599666666666667,0.0414,0.530608189920421,0.0130762271474659,FALSE,0,"XLOC_034947","SEC14L2","PB.11451.4","ENST00000615189.5","c",TRUE
"isoComp_00126934","geneComp_00017185","TCONS_00201855","XLOC_034947","T_minus","T_plus","XLOC_034947","unknown","unknown",31.6162398012919,23.3243680480561,39.9081115545277,0.601767779190741,0.548167414822665,0.774587075183003,,0.680074900684262,0.521604597502906,0.838545203865617,0.205908588020404,0.171238671465013,0.674637935746301,,0.0217333333333333,0.0223333333333333,0.0211333333333333,-0.0012,0.988027759747541,0.0130762271474659,FALSE,1,"XLOC_034947","SEC14L2","PB.12243.5","ENST00000615189.5","j",TRUE
"isoComp_00127138","geneComp_00017211","TCONS_00197235","XLOC_034994","T_minus","T_plus","XLOC_034994","unknown","unknown",109.207031250257,123.004011429469,95.4100510710457,6.13245630379884,3.30467148832542,-0.366458285855987,,29.250814143013,34.3656304277294,24.1359978582965,2.24853251409797,1.0537823695747,-0.509602086294074,,0.2661,0.278933333333333,0.253266666666667,-0.0256666666666667,0.591815318238619,8.54474554849503e-40,FALSE,0,"XLOC_034994","TIMP3","ENST00000266085.7","ENST00000266085.7","=",FALSE
"isoComp_00127139","geneComp_00017211","TCONS_00200962","XLOC_034994","T_minus","T_plus","XLOC_034994","unknown","unknown",109.207031250257,123.004011429469,95.4100510710457,6.13245630379884,3.30467148832542,-0.366458285855987,,41.977620921861,32.7642993596323,51.1909424840896,1.54788978348043,1.7578528214775,0.643605427735049,,0.402033333333333,0.2675,0.536566666666667,0.269066666666667,2.83663248983064e-26,8.54474554849503e-40,FALSE,0,"XLOC_034994","TIMP3","PB.10677.3","ENST00000266085.7","c",TRUE
"isoComp_00127140","geneComp_00017211","TCONS_00200963","XLOC_034994","T_minus","T_plus","XLOC_034994","unknown","unknown",109.207031250257,123.004011429469,95.4100510710457,6.13245630379884,3.30467148832542,-0.366458285855987,,37.4550792578974,55.8301467782286,19.0800117375661,3.83161205926358,0.491050529527206,-1.5484847439499,,0.3267,0.453233333333333,0.200166666666667,-0.253066666666667,8.54474554849503e-40,8.54474554849503e-40,FALSE,0,"XLOC_034994","TIMP3","PB.10677.6","ENST00000266085.7","c",TRUE
"isoComp_00127478","geneComp_00017258","TCONS_00197605","XLOC_035087","T_minus","T_plus","XLOC_035087","unknown","unknown",49.8330722607216,40.4289059196867,59.2372386017565,2.40944377671705,3.09469495160351,0.551003948924857,,3.67352435136631,0,7.34704870273262,0,2.478643972672,9.52298333162287,,0.0602166666666667,0,0.120433333333333,0.120433333333333,4.69657541380675e-19,4.69657541380675e-19,FALSE,0,"XLOC_035087","APOBEC3A","ENST00000249116.7","ENST00000249116.7","=",FALSE
"isoComp_00127480","geneComp_00017258","TCONS_00197607","XLOC_035087","T_minus","T_plus","XLOC_035087","unknown","unknown",49.8330722607216,40.4289059196867,59.2372386017565,2.40944377671705,3.09469495160351,0.551003948924857,,28.5403020129572,27.5902842061368,29.4903198197775,2.81833993130625,1.06806296616269,0.0960474723243227,,0.590966666666667,0.6805,0.501433333333333,-0.179066666666667,0.104843430995341,4.69657541380675e-19,FALSE,0,"XLOC_035087","APOBEC3B","ENST00000333467.4","ENST00000333467.4","=",FALSE
"isoComp_00127481","geneComp_00017258","TCONS_00197608","XLOC_035087","T_minus","T_plus","XLOC_035087","unknown","unknown",49.8330722607216,40.4289059196867,59.2372386017565,2.40944377671705,3.09469495160351,0.551003948924857,,3.40673951644386,3.1953332994256,3.61814573346212,0.245613933788717,0.279587274686555,0.178758026384562,,0.0700833333333333,0.0792,0.0609666666666667,-0.0182333333333333,0.485965557370934,4.69657541380675e-19,FALSE,1,"XLOC_035087","APOBEC3B","ENST00000402182.7","ENST00000402182.7","=",FALSE
"isoComp_00127483","geneComp_00017258","TCONS_00201018","XLOC_035087","T_minus","T_plus","XLOC_035087","unknown","unknown",49.8330722607216,40.4289059196867,59.2372386017565,2.40944377671705,3.09469495160351,0.551003948924857,,1.39665613912505,1.27104118186738,1.52227109638272,0.638270348229592,0.842655315193631,0.258354713015402,,0.029,0.0313,0.0267,-0.0046,0.997054939994085,4.69657541380675e-19,FALSE,0,"XLOC_035087","APOBEC3B","PB.10744.4","ENST00000333467.4","c",TRUE
"isoComp_00127485","geneComp_00017258","TCONS_00201618","XLOC_035087","T_minus","T_plus","XLOC_035087","unknown","unknown",49.8330722607216,40.4289059196867,59.2372386017565,2.40944377671705,3.09469495160351,0.551003948924857,,0.889230118508495,0.994705451367009,0.783754785649981,0.290368655576403,0.264709543871512,-0.340007319620846,,0.0192,0.0246666666666667,0.0137333333333333,-0.0109333333333333,0.749315338442405,4.69657541380675e-19,FALSE,0,"XLOC_035087","APOBEC3B","PB.12348.3","ENST00000333467.4","j",TRUE
"isoComp_00127487","geneComp_00017258","TCONS_00201620","XLOC_035087","T_minus","T_plus","XLOC_035087","unknown","unknown",49.8330722607216,40.4289059196867,59.2372386017565,2.40944377671705,3.09469495160351,0.551003948924857,,0.653081172132644,0.438290010623545,0.867872333641743,0.0624800409759867,0.193738967942253,0.969578796418675,,0.0128333333333333,0.0108333333333333,0.0148333333333333,0.004,0.888343328753206,4.69657541380675e-19,FALSE,0,"XLOC_035087","APOBEC3B","PB.11533.5","ENST00000333467.4","j",TRUE
"isoComp_00127488","geneComp_00017258","TCONS_00201621","XLOC_035087","T_minus","T_plus","XLOC_035087","unknown","unknown",49.8330722607216,40.4289059196867,59.2372386017565,2.40944377671705,3.09469495160351,0.551003948924857,,2.32236929380092,0.957084992419027,3.68765359518282,0.692863403989729,0.662806613943539,1.93489548416388,,0.0447166666666667,0.0257,0.0637333333333333,0.0380333333333333,0.653061563455133,4.69657541380675e-19,,0,"XLOC_035087","APOBEC3B","PB.11533.6","ENST00000333467.4","c",TRUE
"isoComp_00127490","geneComp_00017258","TCONS_00201880","XLOC_035087","T_minus","T_plus","XLOC_035087","unknown","unknown",49.8330722607216,40.4289059196867,59.2372386017565,2.40944377671705,3.09469495160351,0.551003948924857,,7.44883112787405,4.87539845993981,10.0222637958083,1.35878125842656,1.90533552093615,1.03809904871511,,0.143683333333333,0.120333333333333,0.167033333333333,0.0467,0.750897277910937,4.69657541380675e-19,FALSE,0,"XLOC_035087","APOBEC3B","PB.12348.7","ENST00000333467.4","c",TRUE
"isoComp_00128711","geneComp_00017469","TCONS_00199134","XLOC_035475","T_minus","T_plus","XLOC_035475","unknown","unknown",1.60032315687927,1.79204798703347,1.40859832672506,0.103778911327922,0.204477774631541,-0.345171278418792,,0.353611600439527,0.373828619050115,0.333394581828939,0.0199416309563292,0.0559183498417545,-0.160595009555483,,0.222883333333333,0.209733333333333,0.236033333333333,0.0263,0.94338141644051,0.00443193130448852,FALSE,0,"XLOC_035475","LRP5L","ENST00000467672.5","ENST00000467672.5","=",FALSE
"isoComp_00128712","geneComp_00017469","TCONS_00199135","XLOC_035475","T_minus","T_plus","XLOC_035475","unknown","unknown",1.60032315687927,1.79204798703347,1.40859832672506,0.103778911327922,0.204477774631541,-0.345171278418792,,0.776689832243085,0.936293440081568,0.617086224404601,0.0905733716671969,0.00524226791204602,-0.593623796921178,,0.49015,0.523966666666667,0.456333333333333,-0.0676333333333334,0.908294313433269,0.00443193130448852,FALSE,0,"XLOC_035475","LRP5L","ENST00000444995.7","ENST00000444995.7","=",FALSE
"isoComp_00128713","geneComp_00017469","TCONS_00199137","XLOC_035475","T_minus","T_plus","XLOC_035475","unknown","unknown",1.60032315687927,1.79204798703347,1.40859832672506,0.103778911327922,0.204477774631541,-0.345171278418792,,0.274728523203086,0.43114255316142,0.118314493244751,0.117209282399321,0.0410329721635174,-1.78156079789125,,0.15855,0.238066666666667,0.0790333333333333,-0.159033333333333,0.442622241485829,0.00443193130448852,FALSE,0,"XLOC_035475","LRP5L","ENST00000650500.2","ENST00000650500.2","=",FALSE
"isoComp_00128714","geneComp_00017469","TCONS_00199138","XLOC_035475","T_minus","T_plus","XLOC_035475","unknown","unknown",1.60032315687927,1.79204798703347,1.40859832672506,0.103778911327922,0.204477774631541,-0.345171278418792,,0.147166720160661,0.0101388147412538,0.284194625580068,0.0101388147412538,0.0665618178059096,3.86872020938363,,0.101733333333333,0.00593333333333333,0.197533333333333,0.1916,0.00443193130448852,0.00443193130448852,FALSE,0,"XLOC_035475","LRP5L","ENST00000474163.1","ENST00000474163.1","=",FALSE
"isoComp_00128715","geneComp_00017469","TCONS_00199139","XLOC_035475","T_minus","T_plus","XLOC_035475","unknown","unknown",1.60032315687927,1.79204798703347,1.40859832672506,0.103778911327922,0.204477774631541,-0.345171278418792,,0.0481264808329074,0.0406445599991119,0.055608401666703,0.0211272531784095,0.055608401666703,0.373473265187259,,0.0266833333333333,0.0223,0.0310666666666667,0.00876666666666667,0.978084849803288,0.00443193130448852,FALSE,0,"XLOC_035475","LRP5L","ENST00000484509.1","ENST00000484509.1","=",FALSE
"isoComp_00129396","geneComp_00017547","TCONS_00199929","XLOC_035638","T_minus","T_plus","XLOC_035638","unknown","unknown",15.3723533930321,20.5470109519496,10.1976958341147,1.6845621573395,0.709684071988096,-1.00997326194743,,10.2770132734247,12.8035740495719,7.75045249727744,1.67434588177874,0.25177418668837,-0.723460257372038,,0.692066666666667,0.618333333333333,0.7658,0.147466666666667,0.157125292663988,0.0198219635429081,FALSE,1,"XLOC_035638","MFNG","PB.11504.2","ENST00000356998.8","=",TRUE
"isoComp_00129398","geneComp_00017547","TCONS_00199931","XLOC_035638","T_minus","T_plus","XLOC_035638","unknown","unknown",15.3723533930321,20.5470109519496,10.1976958341147,1.6845621573395,0.709684071988096,-1.00997326194743,,0.841657521858728,1.00762502950194,0.675690014215518,0.26430436161055,0.119495028856194,-0.56957764336236,,0.0566166666666667,0.0477,0.0655333333333333,0.0178333333333333,0.818886260395887,0.0198219635429081,FALSE,0,"XLOC_035638","MFNG","ENST00000489515.1","ENST00000489515.1","=",FALSE
"isoComp_00129401","geneComp_00017547","TCONS_00199935","XLOC_035638","T_minus","T_plus","XLOC_035638","unknown","unknown",15.3723533930321,20.5470109519496,10.1976958341147,1.6845621573395,0.709684071988096,-1.00997326194743,,0.494775324218477,0.80878763391853,0.180763014518423,0.244451184584635,0.101719327872602,-2.10170782751607,,0.0286666666666667,0.0404333333333333,0.0169,-0.0235333333333333,0.782713502471713,0.0198219635429081,TRUE,0,"XLOC_035638","MFNG","ENST00000430411.1","ENST00000430411.1","=",FALSE
"isoComp_00129403","geneComp_00017547","TCONS_00199937","XLOC_035638","T_minus","T_plus","XLOC_035638","unknown","unknown",15.3723533930321,20.5470109519496,10.1976958341147,1.6845621573395,0.709684071988096,-1.00997326194743,,0.217572648947969,0.171175056306145,0.263970241589793,0.128076688662095,0.133291605379906,0.596634854722736,,0.0163833333333333,0.0085,0.0242666666666667,0.0157666666666667,0.890057697866737,0.0198219635429081,TRUE,0,"XLOC_035638","MFNG","ENST00000466943.1","ENST00000466943.1","=",FALSE
"isoComp_00129404","geneComp_00017547","TCONS_00201216","XLOC_035638","T_minus","T_plus","XLOC_035638","unknown","unknown",15.3723533930321,20.5470109519496,10.1976958341147,1.6845621573395,0.709684071988096,-1.00997326194743,,0.479091789218182,0.725112114306404,0.233071464129959,0.271668522430559,0.073053048429699,-1.59658376159533,,0.0288166666666667,0.0349666666666667,0.0226666666666667,-0.0123,0.919071118761337,0.0198219635429081,FALSE,1,"XLOC_035638","MFNG","PB.10704.1","ENST00000356998.8","j",TRUE
"isoComp_00129405","geneComp_00017547","TCONS_00201217","XLOC_035638","T_minus","T_plus","XLOC_035638","unknown","unknown",15.3723533930321,20.5470109519496,10.1976958341147,1.6845621573395,0.709684071988096,-1.00997326194743,,2.44818110130545,4.18103448559387,0.715327717017036,0.194791469683908,0.251982115328507,-2.53060150770254,,0.137933333333333,0.207333333333333,0.0685333333333333,-0.1388,0.0198219635429081,0.0198219635429081,FALSE,1,"XLOC_035638","MFNG","PB.10704.3","ENST00000356998.8","c",TRUE
"isoComp_00129406","geneComp_00017547","TCONS_00201218","XLOC_035638","T_minus","T_plus","XLOC_035638","unknown","unknown",15.3723533930321,20.5470109519496,10.1976958341147,1.6845621573395,0.709684071988096,-1.00997326194743,,0.374802901619379,0.621857900826499,0.12774790241226,0.166536235259101,0.0721628414705353,-2.19756979571302,,0.0218,0.0312333333333333,0.0123666666666667,-0.0188666666666667,0.741944912818612,0.0198219635429081,FALSE,1,"XLOC_035638","MFNG","PB.10704.4","ENST00000356998.8","j",TRUE
"isoComp_00129879","geneComp_00017619","TCONS_00200424","XLOC_035738","T_minus","T_plus","XLOC_035738","unknown","unknown",225.816909742761,251.71037990065,199.923439584871,20.6435434259246,5.32164592605629,-0.332302237180285,,20.3611933323599,14.8061993195319,25.9161873451879,0.508593741474557,0.65507248956302,0.807234649710507,,0.0946,0.0592333333333333,0.129966666666667,0.0707333333333333,1.9488589418288e-14,1.9488589418288e-14,FALSE,0,"XLOC_035738","ARFGAP3","PB.10818.4","ENST00000263245.10","=",TRUE
"isoComp_00129886","geneComp_00017619","TCONS_00200433","XLOC_035738","T_minus","T_plus","XLOC_035738","unknown","unknown",225.816909742761,251.71037990065,199.923439584871,20.6435434259246,5.32164592605629,-0.332302237180285,,65.8323570670834,90.344676378327,41.3200377558397,8.26507220460256,1.62172083887625,-1.12840858920982,,0.2829,0.358466666666667,0.207333333333333,-0.151133333333333,1.0181544011686e-11,1.9488589418288e-14,FALSE,0,"XLOC_035738","PACSIN2","ENST00000263246.8","ENST00000263246.8","=",FALSE
"isoComp_00129892","geneComp_00017619","TCONS_00200440","XLOC_035738","T_minus","T_plus","XLOC_035738","unknown","unknown",225.816909742761,251.71037990065,199.923439584871,20.6435434259246,5.32164592605629,-0.332302237180285,,2.48401894102278,2.96021944363886,2.00781843840669,1.73697967772628,0.648704657959565,-0.557773155325034,,0.0104833333333333,0.0108666666666667,0.0101,-0.000766666666666665,0.996703760255828,1.9488589418288e-14,FALSE,0,"XLOC_035738","PACSIN2","ENST00000422336.5","ENST00000422336.5","=",FALSE
"isoComp_00129895","geneComp_00017619","TCONS_00201279","XLOC_035738","T_minus","T_plus","XLOC_035738","unknown","unknown",225.816909742761,251.71037990065,199.923439584871,20.6435434259246,5.32164592605629,-0.332302237180285,,19.9499625935294,13.7587001007517,26.1412250863071,3.40251652385103,2.90617629771994,0.925486171425305,,0.0939166666666667,0.0568333333333333,0.131,0.0741666666666667,0.0740381045411277,1.9488589418288e-14,FALSE,0,"XLOC_035738","ARFGAP3","PB.10818.1","ENST00000263245.10","c",TRUE
"isoComp_00129900","geneComp_00017619","TCONS_00201284","XLOC_035738","T_minus","T_plus","XLOC_035738","unknown","unknown",225.816909742761,251.71037990065,199.923439584871,20.6435434259246,5.32164592605629,-0.332302237180285,,15.05013591462,8.89064271594892,21.209629113291,0.362918917209798,4.63238006108017,1.25341801831776,,0.0703,0.0355333333333333,0.105066666666667,0.0695333333333333,6.76100678566967e-05,1.9488589418288e-14,FALSE,0,"XLOC_035738","ARFGAP3","PB.10818.9","ENST00000263245.10","c",TRUE
"isoComp_00129901","geneComp_00017619","TCONS_00201285","XLOC_035738","T_minus","T_plus","XLOC_035738","unknown","unknown",225.816909742761,251.71037990065,199.923439584871,20.6435434259246,5.32164592605629,-0.332302237180285,,21.9934931908792,11.3523985195798,32.6345878621785,0.485086975393209,4.58830239540852,1.52257641815001,,0.1042,0.0459666666666667,0.162433333333333,0.116466666666667,7.28436817888561e-10,1.9488589418288e-14,TRUE,0,"XLOC_035738","ARFGAP3","PB.10818.12","ENST00000263245.10","c",TRUE
"isoComp_00129902","geneComp_00017619","TCONS_00201286","XLOC_035738","T_minus","T_plus","XLOC_035738","unknown","unknown",225.816909742761,251.71037990065,199.923439584871,20.6435434259246,5.32164592605629,-0.332302237180285,,40.1289587189448,57.8946411855328,22.3632762523568,4.75053510642133,1.86983972600737,-1.37190245374808,,0.171033333333333,0.230066666666667,0.112,-0.118066666666667,1.24515155599352e-11,1.9488589418288e-14,FALSE,0,"XLOC_035738","PACSIN2","PB.10821.1","ENST00000263246.8","c",TRUE
"isoComp_00129903","geneComp_00017619","TCONS_00201287","XLOC_035738","T_minus","T_plus","XLOC_035738","unknown","unknown",225.816909742761,251.71037990065,199.923439584871,20.6435434259246,5.32164592605629,-0.332302237180285,,11.6250452171586,17.0520663205169,6.19802411380031,4.46696492255344,0.58053733740311,-1.45858630992176,,0.04845,0.0659,0.031,-0.0349,0.0207218000376808,1.9488589418288e-14,FALSE,0,"XLOC_035738","PACSIN2","PB.11602.2","ENST00000263246.8","j",TRUE
"isoComp_00129907","geneComp_00017619","TCONS_00201786","XLOC_035738","T_minus","T_plus","XLOC_035738","unknown","unknown",225.816909742761,251.71037990065,199.923439584871,20.6435434259246,5.32164592605629,-0.332302237180285,,16.8752634825917,20.7260759693425,13.024450995841,2.71618863027483,2.09725367182675,-0.66981309024434,,0.0735666666666667,0.0817333333333333,0.0654,-0.0163333333333333,0.676174826424666,1.9488589418288e-14,FALSE,0,"XLOC_035738","PACSIN2","PB.11602.3","ENST00000263246.8","c",TRUE
"isoComp_00132106","geneComp_00017877","TCONS_00204205","XLOC_036184","T_minus","T_plus","XLOC_036184","unknown","unknown",14.0185216663346,13.3675545051341,14.6694888275351,1.79702715775502,1.25899983338053,0.133987324176678,,0.743614470591203,0.743545266524741,0.743683674657666,0.100497518703443,0.0249299881987868,0.000264964030472226,,0.0537,0.0559,0.0515,-0.0044,0.970314302377782,2.28139712763848e-06,FALSE,4,"XLOC_036184","CCRL2","PB.11163.5","ENST00000399036.4","=",TRUE
"isoComp_00132107","geneComp_00017877","TCONS_00204206","XLOC_036184","T_minus","T_plus","XLOC_036184","unknown","unknown",14.0185216663346,13.3675545051341,14.6694888275351,1.79702715775502,1.25899983338053,0.133987324176678,,1.83501825593059,0.709944534978926,2.96009197688225,0.102923024454137,0.668334712374296,2.04454993891533,,0.125266666666667,0.053,0.197533333333333,0.144533333333333,2.28139712763848e-06,2.28139712763848e-06,FALSE,2,"XLOC_036184","CCRL2","ENST00000357392.4","ENST00000357392.4","=",FALSE
"isoComp_00132108","geneComp_00017877","TCONS_00204207","XLOC_036184","T_minus","T_plus","XLOC_036184","unknown","unknown",14.0185216663346,13.3675545051341,14.6694888275351,1.79702715775502,1.25899983338053,0.133987324176678,,0.602500817583244,0.459626268270172,0.745375366896317,0.459626268270172,0.402149185549373,0.685680630655387,,0.0383833333333333,0.028,0.0487666666666667,0.0207666666666667,0.792486041599063,2.28139712763848e-06,FALSE,1,"XLOC_036184","CCRL2","PB.11971.5","ENST00000400880.3","=",TRUE
"isoComp_00132110","geneComp_00017877","TCONS_00204210","XLOC_036184","T_minus","T_plus","XLOC_036184","unknown","unknown",14.0185216663346,13.3675545051341,14.6694888275351,1.79702715775502,1.25899983338053,0.133987324176678,,0.241819997207739,0.232218636821266,0.251421357594211,0.0410672619358467,0.0853988102011152,0.110067137851667,,0.01785,0.0173666666666667,0.0183333333333333,0.000966666666666668,0.996425541196871,2.28139712763848e-06,FALSE,0,"XLOC_036184","CCRL2","ENST00000441909.1","ENST00000441909.1","=",FALSE
"isoComp_00132111","geneComp_00017877","TCONS_00217687","XLOC_036184","T_minus","T_plus","XLOC_036184","unknown","unknown",14.0185216663346,13.3675545051341,14.6694888275351,1.79702715775502,1.25899983338053,0.133987324176678,,0.780441418211332,0.900470779379603,0.660412057043061,0.211653510965344,0.113333801682184,-0.441564620679054,,0.0551666666666667,0.0655666666666667,0.0447666666666667,-0.0208,0.780047054820185,2.28139712763848e-06,FALSE,5,"XLOC_036184","CCRL2","PB.11163.2","ENST00000400882.2","=",TRUE
"isoComp_00132112","geneComp_00017877","TCONS_00217688","XLOC_036184","T_minus","T_plus","XLOC_036184","unknown","unknown",14.0185216663346,13.3675545051341,14.6694888275351,1.79702715775502,1.25899983338053,0.133987324176678,,7.30772618285249,7.66463296854288,6.9508193971621,1.05529244328434,0.566517256904896,-0.140840612910823,,0.52865,0.573933333333333,0.483366666666667,-0.0905666666666666,0.808211481796148,2.28139712763848e-06,FALSE,2,"XLOC_036184","CCRL2","PB.12815.8","ENST00000433848.1","j",TRUE
"isoComp_00132113","geneComp_00017877","TCONS_00219062","XLOC_036184","T_minus","T_plus","XLOC_036184","unknown","unknown",14.0185216663346,13.3675545051341,14.6694888275351,1.79702715775502,1.25899983338053,0.133987324176678,,0.700405911655845,0.296752613905288,1.1040592094064,0.0561269208277142,0.0865320367714897,1.86067836770918,,0.0501666666666667,0.0236,0.0767333333333333,0.0531333333333333,0.0779782358889187,2.28139712763848e-06,FALSE,2,"XLOC_036184","CCRL2","PB.8644.1","ENST00000433848.1","j",TRUE
"isoComp_00132115","geneComp_00017877","TCONS_00221157","XLOC_036184","T_minus","T_plus","XLOC_036184","unknown","unknown",14.0185216663346,13.3675545051341,14.6694888275351,1.79702715775502,1.25899983338053,0.133987324176678,,0.3460731020739,0.201606973187951,0.490539230959849,0.100919661349945,0.258513712470721,1.24209597809878,,0.0223666666666667,0.0136666666666667,0.0310666666666667,0.0174,0.834230401455922,2.28139712763848e-06,FALSE,0,"XLOC_036184","CCRL2","PB.12815.1","ENST00000433848.1","j",TRUE
"isoComp_00132116","geneComp_00017877","TCONS_00221158","XLOC_036184","T_minus","T_plus","XLOC_036184","unknown","unknown",14.0185216663346,13.3675545051341,14.6694888275351,1.79702715775502,1.25899983338053,0.133987324176678,,1.33992484990395,2.14856406816161,0.531285631646296,0.225486949622529,0.531285631646296,-1.99560991641785,,0.0995,0.168,0.031,-0.137,0.226360880971096,2.28139712763848e-06,FALSE,2,"XLOC_036184","CCRL2","PB.12815.10","ENST00000433848.1","j",TRUE
"isoComp_00133320","geneComp_00018032","TCONS_00205752","XLOC_036535","T_minus","T_plus","XLOC_036535","unknown","unknown",17.7919232126901,19.7695556324027,15.8142907929775,2.63055505822314,2.05271938337922,-0.321869171919969,,0.9278758229352,0.576838339429301,1.2789133064411,0.099804507016547,0.329769585370662,1.1351201962771,,0.0564166666666667,0.0296666666666667,0.0831666666666667,0.0535,0.389543586895293,7.68225654939428e-05,FALSE,0,"XLOC_036535","ST3GAL6","ENST00000265261.11","ENST00000265261.11","=",FALSE
"isoComp_00133321","geneComp_00018032","TCONS_00205753","XLOC_036535","T_minus","T_plus","XLOC_036535","unknown","unknown",17.7919232126901,19.7695556324027,15.8142907929775,2.63055505822314,2.05271938337922,-0.321869171919969,,0.728287092904501,0.0608328884475227,1.39574129736148,0.0608328884475227,0.718703909374536,4.31076793107558,,0.0427166666666667,0.003,0.0824333333333333,0.0794333333333333,0.581060552518503,7.68225654939428e-05,,0,"XLOC_036535","ST3GAL6","ENST00000460774.5","ENST00000460774.5","=",FALSE
"isoComp_00133325","geneComp_00018032","TCONS_00205760","XLOC_036535","T_minus","T_plus","XLOC_036535","unknown","unknown",17.7919232126901,19.7695556324027,15.8142907929775,2.63055505822314,2.05271938337922,-0.321869171919969,,0.181997581165327,0.104767752326289,0.259227410004365,0.104767752326289,0.151003028405735,1.23010797040102,,0.0101,0.0052,0.015,0.0098,0.658442592446919,7.68225654939428e-05,FALSE,0,"XLOC_036535","ST3GAL6","ENST00000394162.5","ENST00000394162.5","=",FALSE
"isoComp_00133326","geneComp_00018032","TCONS_00205761","XLOC_036535","T_minus","T_plus","XLOC_036535","unknown","unknown",17.7919232126901,19.7695556324027,15.8142907929775,2.63055505822314,2.05271938337922,-0.321869171919969,,0.33492206121666,0.312869466289398,0.356974656143922,0.0425064269014034,0.15278785166817,0.184729419706461,,0.0204166666666667,0.0170333333333333,0.0238,0.00676666666666666,0.993666215831725,7.68225654939428e-05,FALSE,0,"XLOC_036535","ST3GAL6","ENST00000613264.5","ENST00000613264.5","=",FALSE
"isoComp_00133329","geneComp_00018032","TCONS_00205765","XLOC_036535","T_minus","T_plus","XLOC_036535","unknown","unknown",17.7919232126901,19.7695556324027,15.8142907929775,2.63055505822314,2.05271938337922,-0.321869171919969,,0.241387041996998,0.23825025508458,0.244523828909415,0.0247024945671999,0.131787161628691,0.0360055297692792,,0.0138166666666667,0.0124333333333333,0.0152,0.00276666666666667,0.988650897757981,7.68225654939428e-05,FALSE,0,"XLOC_036535","ST3GAL6","ENST00000468553.5","ENST00000468553.5","=",FALSE
"isoComp_00133332","geneComp_00018032","TCONS_00205768","XLOC_036535","T_minus","T_plus","XLOC_036535","unknown","unknown",17.7919232126901,19.7695556324027,15.8142907929775,2.63055505822314,2.05271938337922,-0.321869171919969,,1.71475848364335,2.88043836625506,0.549078601031637,0.374664086124252,0.253743204167906,-2.3701652782557,,0.0915333333333333,0.147266666666667,0.0358,-0.111466666666667,0.0191166545344987,7.68225654939428e-05,FALSE,0,"XLOC_036535","ST3GAL6","ENST00000483910.6","ENST00000483910.6","=",FALSE
"isoComp_00133336","geneComp_00018032","TCONS_00205775","XLOC_036535","T_minus","T_plus","XLOC_036535","unknown","unknown",17.7919232126901,19.7695556324027,15.8142907929775,2.63055505822314,2.05271938337922,-0.321869171919969,,0.61861264287921,0.750556906796489,0.486668378961931,0.075648640300751,0.202699842479854,-0.614773299446414,,0.0345,0.0400333333333333,0.0289666666666667,-0.0110666666666667,0.867306512464546,7.68225654939428e-05,FALSE,0,"XLOC_036535","ST3GAL6","ENST00000477899.5","ENST00000477899.5","=",FALSE
"isoComp_00133340","geneComp_00018032","TCONS_00217842","XLOC_036535","T_minus","T_plus","XLOC_036535","unknown","unknown",17.7919232126901,19.7695556324027,15.8142907929775,2.63055505822314,2.05271938337922,-0.321869171919969,,0.553542496934794,0.820531970635471,0.286553023234117,0.125255479956063,0.213486569291123,-1.48574562506267,,0.0318666666666667,0.0416,0.0221333333333333,-0.0194666666666667,0.69688534748819,7.68225654939428e-05,TRUE,0,"XLOC_036535","ST3GAL6","PB.13099.1","ENST00000394162.5","j",TRUE
"isoComp_00133341","geneComp_00018032","TCONS_00217843","XLOC_036535","T_minus","T_plus","XLOC_036535","unknown","unknown",17.7919232126901,19.7695556324027,15.8142907929775,2.63055505822314,2.05271938337922,-0.321869171919969,,0.284249778152783,0.335384595768245,0.233114960537321,0.169641953306371,0.153756209348705,-0.506565064716892,,0.0164,0.0192,0.0136,-0.0056,0.981875057522656,7.68225654939428e-05,FALSE,0,"XLOC_036535","ST3GAL6","PB.11399.8","ENST00000394162.5","j",TRUE
"isoComp_00133343","geneComp_00018032","TCONS_00217845","XLOC_036535","T_minus","T_plus","XLOC_036535","unknown","unknown",17.7919232126901,19.7695556324027,15.8142907929775,2.63055505822314,2.05271938337922,-0.321869171919969,,1.24837740870397,1.78335892386836,0.713395893539583,0.484612540874797,0.544805897772104,-1.3098069454408,,0.0703833333333333,0.0871333333333333,0.0536333333333333,-0.0335,0.70844873077618,7.68225654939428e-05,FALSE,0,"XLOC_036535","ST3GAL6","PB.11399.12","ENST00000394162.5","c",TRUE
"isoComp_00133344","geneComp_00018032","TCONS_00219138","XLOC_036535","T_minus","T_plus","XLOC_036535","unknown","unknown",17.7919232126901,19.7695556324027,15.8142907929775,2.63055505822314,2.05271938337922,-0.321869171919969,,0.552037881315397,0.247514868010713,0.856560894620081,0.133646213499358,0.106920035399201,1.75064540255313,,0.03455,0.0148666666666667,0.0542333333333333,0.0393666666666667,0.540400765471707,7.68225654939428e-05,FALSE,0,"XLOC_036535","ST3GAL6","PB.8821.1","ENST00000394162.5","j",TRUE
"isoComp_00133346","geneComp_00018032","TCONS_00219999","XLOC_036535","T_minus","T_plus","XLOC_036535","unknown","unknown",17.7919232126901,19.7695556324027,15.8142907929775,2.63055505822314,2.05271938337922,-0.321869171919969,,0.767181594687929,0.976672680891452,0.557690508484405,0.275638856123351,0.419663766386301,-0.797466943299731,,0.0395666666666667,0.0478,0.0313333333333333,-0.0164666666666667,0.823929986915589,7.68225654939428e-05,TRUE,0,"XLOC_036535","ST3GAL6","PB.12243.2","ENST00000394162.5","j",TRUE
"isoComp_00133347","geneComp_00018032","TCONS_00220000","XLOC_036535","T_minus","T_plus","XLOC_036535","unknown","unknown",17.7919232126901,19.7695556324027,15.8142907929775,2.63055505822314,2.05271938337922,-0.321869171919969,,1.52304768513971,1.91425807650911,1.13183729377031,0.483653035017794,0.138191706259885,-0.752945214247381,,0.0853666666666667,0.0986666666666667,0.0720666666666667,-0.0266,0.792759563549633,7.68225654939428e-05,FALSE,0,"XLOC_036535","ST3GAL6","PB.12243.3","ENST00000394162.5","j",TRUE
"isoComp_00133348","geneComp_00018032","TCONS_00220001","XLOC_036535","T_minus","T_plus","XLOC_036535","unknown","unknown",17.7919232126901,19.7695556324027,15.8142907929775,2.63055505822314,2.05271938337922,-0.321869171919969,,0.237654276613834,0.475308553227668,0,0.10757341743452,0,-5.60083038171603,,0.0116833333333333,0.0233666666666667,0,-0.0233666666666667,7.68225654939428e-05,7.68225654939428e-05,FALSE,0,"XLOC_036535","ST3GAL6","PB.12243.4","ENST00000394162.5","j",TRUE
"isoComp_00133349","geneComp_00018032","TCONS_00220002","XLOC_036535","T_minus","T_plus","XLOC_036535","unknown","unknown",17.7919232126901,19.7695556324027,15.8142907929775,2.63055505822314,2.05271938337922,-0.321869171919969,,2.60799449753959,3.30971897467407,1.90627002040511,0.926040645748898,0.449466704986742,-0.79276025312545,,0.139816666666667,0.161333333333333,0.1183,-0.0430333333333333,0.698279767625489,7.68225654939428e-05,FALSE,0,"XLOC_036535","ST3GAL6","PB.12243.5","ENST00000394162.5","j",TRUE
"isoComp_00133354","geneComp_00018032","TCONS_00221242","XLOC_036535","T_minus","T_plus","XLOC_036535","unknown","unknown",17.7919232126901,19.7695556324027,15.8142907929775,2.63055505822314,2.05271938337922,-0.321869171919969,,3.5574554787191,2.69697544610854,4.41793551132966,0.710477405213764,0.505073052809148,0.709952409288414,,0.206083333333333,0.131333333333333,0.280833333333333,0.1495,0.00205799825666622,7.68225654939428e-05,TRUE,0,"XLOC_036535","ST3GAL6","PB.13099.8","ENST00000394162.5","c",TRUE
"isoComp_00133663","geneComp_00018072","TCONS_00206156","XLOC_036627","T_minus","T_plus","XLOC_036627","unknown","unknown",8.96048671545003,10.291759387941,7.62921404295906,0.205281351611145,0.517424772576215,-0.431394629408755,,0.225535981361851,0.239458927549576,0.211613035174126,0.0249055883965807,0.0774453937026684,-0.170759558415753,,0.0260166666666667,0.0232666666666667,0.0287666666666667,0.0055,0.989910772918083,0.00110881795412981,FALSE,1,"XLOC_036627","SLC35A5","ENST00000492406.6","ENST00000492406.6","=",FALSE
"isoComp_00133664","geneComp_00018072","TCONS_00206157","XLOC_036627","T_minus","T_plus","XLOC_036627","unknown","unknown",8.96048671545003,10.291759387941,7.62921404295906,0.205281351611145,0.517424772576215,-0.431394629408755,,0.796163955461497,0.165600640773812,1.42672727014918,0.165600640773812,0.342782130062988,3.03241621064165,,0.101616666666667,0.0155333333333333,0.1877,0.172166666666667,0.103741034541885,0.00110881795412981,FALSE,0,"XLOC_036627","SLC35A5","ENST00000261034.6","ENST00000261034.6","=",FALSE
"isoComp_00133665","geneComp_00018072","TCONS_00206158","XLOC_036627","T_minus","T_plus","XLOC_036627","unknown","unknown",8.96048671545003,10.291759387941,7.62921404295906,0.205281351611145,0.517424772576215,-0.431394629408755,,0.110914333941433,0.0908956607669862,0.13093300711588,0.00530282961723887,0.0818813835051407,0.482145406996713,,0.0125333333333333,0.00883333333333333,0.0162333333333333,0.0074,0.987603683725645,0.00110881795412981,FALSE,1,"XLOC_036627","SLC35A5","ENST00000460713.5","ENST00000460713.5","=",FALSE
"isoComp_00133667","geneComp_00018072","TCONS_00217880","XLOC_036627","T_minus","T_plus","XLOC_036627","unknown","unknown",8.96048671545003,10.291759387941,7.62921404295906,0.205281351611145,0.517424772576215,-0.431394629408755,,0.848930874170792,1.1078626638032,0.589999084538387,0.151564234533373,0.158219484213097,-0.897710750634559,,0.09465,0.1083,0.081,-0.0273,0.855273481529498,0.00110881795412981,FALSE,1,"XLOC_036627","SLC35A5","PB.11454.1","ENST00000261034.6","n",TRUE
"isoComp_00133668","geneComp_00018072","TCONS_00217881","XLOC_036627","T_minus","T_plus","XLOC_036627","unknown","unknown",8.96048671545003,10.291759387941,7.62921404295906,0.205281351611145,0.517424772576215,-0.431394629408755,,0.994034088832052,1.93616700277518,0.0519011748889228,0.257831209624248,0.0519011748889228,-4.97452491232765,,0.0974333333333333,0.188633333333333,0.00623333333333333,-0.1824,0.00110881795412981,0.00110881795412981,FALSE,0,"XLOC_036627","SLC35A5","PB.11454.3","ENST00000261034.6","j",TRUE
"isoComp_00133669","geneComp_00018072","TCONS_00219163","XLOC_036627","T_minus","T_plus","XLOC_036627","unknown","unknown",8.96048671545003,10.291759387941,7.62921404295906,0.205281351611145,0.517424772576215,-0.431394629408755,,0.701065619772275,1.12867017970942,0.273461059835128,0.0197248222410702,0.211442335310927,-2.00612746009058,,0.0719666666666667,0.109666666666667,0.0342666666666667,-0.0754,0.506062302209995,0.00110881795412981,FALSE,0,"XLOC_036627","SLC35A5","PB.12310.7","ENST00000492406.6","c",TRUE
"isoComp_00133671","geneComp_00018072","TCONS_00220057","XLOC_036627","T_minus","T_plus","XLOC_036627","unknown","unknown",8.96048671545003,10.291759387941,7.62921404295906,0.205281351611145,0.517424772576215,-0.431394629408755,,0.649622526300554,0.822692303705873,0.476552748895235,0.300278238953113,0.162326901602446,-0.775187268548631,,0.0726333333333333,0.0810666666666667,0.0642,-0.0168666666666667,0.9582923909628,0.00110881795412981,FALSE,1,"XLOC_036627","SLC35A5","PB.12310.2","ENST00000261034.6","n",TRUE
"isoComp_00133673","geneComp_00018072","TCONS_00220059","XLOC_036627","T_minus","T_plus","XLOC_036627","unknown","unknown",8.96048671545003,10.291759387941,7.62921404295906,0.205281351611145,0.517424772576215,-0.431394629408755,,2.99131948155019,3.33104394834942,2.65159501475095,0.403012315519048,0.21864698424631,-0.328007890995471,,0.3387,0.3233,0.3541,0.0308,0.932107909053373,0.00110881795412981,FALSE,1,"XLOC_036627","SLC35A5","PB.12310.6","ENST00000492406.6","c",TRUE
"isoComp_00133674","geneComp_00018072","TCONS_00221275","XLOC_036627","T_minus","T_plus","XLOC_036627","unknown","unknown",8.96048671545003,10.291759387941,7.62921404295906,0.205281351611145,0.517424772576215,-0.431394629408755,,1.43503312664549,1.28633358896039,1.58373266433059,0.366397090711984,0.548334553579572,0.297972630744827,,0.16155,0.123933333333333,0.199166666666667,0.0752333333333333,0.846203802118274,0.00110881795412981,FALSE,1,"XLOC_036627","SLC35A5","PB.13171.3","ENST00000261034.6","n",TRUE
"isoComp_00133884","geneComp_00018112","TCONS_00206462","XLOC_036709","T_minus","T_plus","XLOC_036709","unknown","unknown",7.61066655784734,5.48818765988891,9.73314545580576,1.24885777084846,1.29057904703157,0.825431455380161,,3.64409101491508,4.09699050869441,3.19119152113576,0.815220566815511,0.520150593848786,-0.359472620097927,,0.542966666666667,0.7608,0.325133333333333,-0.435666666666667,2.56002638280214e-12,2.56002638280214e-12,FALSE,0,"XLOC_036709","CD86","ENST00000330540.7","ENST00000330540.7","=",FALSE
"isoComp_00133885","geneComp_00018112","TCONS_00206463","XLOC_036709","T_minus","T_plus","XLOC_036709","unknown","unknown",7.61066655784734,5.48818765988891,9.73314545580576,1.24885777084846,1.29057904703157,0.825431455380161,,0.256453516278628,0.352051680513809,0.160855352043447,0.172361638444831,0.0804515424225936,-1.08342020641324,,0.0419166666666667,0.0663333333333333,0.0175,-0.0488333333333333,0.678145732020741,2.56002638280214e-12,FALSE,0,"XLOC_036709","CD86","ENST00000469710.5","ENST00000469710.5","=",FALSE
"isoComp_00133887","geneComp_00018112","TCONS_00206468","XLOC_036709","T_minus","T_plus","XLOC_036709","unknown","unknown",7.61066655784734,5.48818765988891,9.73314545580576,1.24885777084846,1.29057904703157,0.825431455380161,,0.228933515853305,0.219977942909761,0.237889088796849,0.142415376619883,0.237889088796849,0.108199270961589,,0.0311666666666667,0.0424666666666667,0.0198666666666667,-0.0226,0.803688165245394,2.56002638280214e-12,,0,"XLOC_036709","CD86","ENST00000482356.5","ENST00000482356.5","=",FALSE
"isoComp_00133888","geneComp_00018112","TCONS_00206469","XLOC_036709","T_minus","T_plus","XLOC_036709","unknown","unknown",7.61066655784734,5.48818765988891,9.73314545580576,1.24885777084846,1.29057904703157,0.825431455380161,,0.944673745493665,0,1.88934749098733,0,0.658284033923956,7.56936006454181,,0.0988333333333333,0,0.197666666666667,0.197666666666667,1.83859947652076e-07,2.56002638280214e-12,FALSE,0,"XLOC_036709","CD86","PB.8933.2","ENST00000393627.6","=",TRUE
"isoComp_00133891","geneComp_00018112","TCONS_00219179","XLOC_036709","T_minus","T_plus","XLOC_036709","unknown","unknown",7.61066655784734,5.48818765988891,9.73314545580576,1.24885777084846,1.29057904703157,0.825431455380161,,0.161127762811699,0,0.322255525623398,0,0.179864059177207,5.0542212875361,,0.0154666666666667,0,0.0309333333333333,0.0309333333333333,0.562584087961379,2.56002638280214e-12,FALSE,0,"XLOC_036709","CD86","PB.8933.3","ENST00000330540.7","j",TRUE
"isoComp_00133893","geneComp_00018112","TCONS_00219181","XLOC_036709","T_minus","T_plus","XLOC_036709","unknown","unknown",7.61066655784734,5.48818765988891,9.73314545580576,1.24885777084846,1.29057904703157,0.825431455380161,,0.216931843118717,0.206894382545715,0.226969303691718,0.201819633563452,0.115830067999259,0.127707500318522,,0.0282333333333333,0.0325333333333333,0.0239333333333333,-0.0086,0.966365164719333,2.56002638280214e-12,FALSE,0,"XLOC_036709","CD86","PB.8933.7","ENST00000330540.7","c",TRUE
"isoComp_00133895","geneComp_00018112","TCONS_00220085","XLOC_036709","T_minus","T_plus","XLOC_036709","unknown","unknown",7.61066655784734,5.48818765988891,9.73314545580576,1.24885777084846,1.29057904703157,0.825431455380161,,0.263448593354906,0.423811914897843,0.103085271811968,0.211913166099543,0.103085271811968,-1.93965863257488,,0.0358333333333333,0.0630666666666667,0.0086,-0.0544666666666667,0.705077577980117,2.56002638280214e-12,FALSE,0,"XLOC_036709","CD86","PB.12396.3","ENST00000330540.7","j",TRUE
"isoComp_00133896","geneComp_00018112","TCONS_00221290","XLOC_036709","T_minus","T_plus","XLOC_036709","unknown","unknown",7.61066655784734,5.48818765988891,9.73314545580576,1.24885777084846,1.29057904703157,0.825431455380161,,1.6986942932732,0.181684160293056,3.21570442625335,0.0418134063334167,0.462140383050776,4.07281121851265,,0.183316666666667,0.0332,0.333433333333333,0.300233333333333,2.86590948215945e-12,2.56002638280214e-12,,0,"XLOC_036709","CD86","PB.13265.3","ENST00000393627.6","c",TRUE
"isoComp_00137519","geneComp_00018537","TCONS_00211104","XLOC_037599","T_minus","T_plus","XLOC_037599","unknown","unknown",20.2128298587607,16.4351385267296,23.9905211907919,4.35896611372664,2.16521687218486,0.545404574604262,,3.56860730835373,3.79993574436234,3.33727887234513,1.64354188418277,0.143849119755009,-0.186777914966948,,0.177533333333333,0.213433333333333,0.141633333333333,-0.0718,0.744996534013998,1.34175915510827e-09,FALSE,0,"XLOC_037599","TRANK1","ENST00000645898.2","ENST00000645898.2","=",FALSE
"isoComp_00137520","geneComp_00018537","TCONS_00211105","XLOC_037599","T_minus","T_plus","XLOC_037599","unknown","unknown",20.2128298587607,16.4351385267296,23.9905211907919,4.35896611372664,2.16521687218486,0.545404574604262,,2.64059842933687,1.43274178599876,3.84845507267498,0.286739549346389,0.900676859033592,1.41921019000192,,0.126266666666667,0.0960333333333333,0.1565,0.0604666666666667,0.622226917356227,1.34175915510827e-09,FALSE,0,"XLOC_037599","TRANK1","ENST00000429976.5","ENST00000429976.5","=",FALSE
"isoComp_00137522","geneComp_00018537","TCONS_00211107","XLOC_037599","T_minus","T_plus","XLOC_037599","unknown","unknown",20.2128298587607,16.4351385267296,23.9905211907919,4.35896611372664,2.16521687218486,0.545404574604262,,0.442264748003308,0.208863881257621,0.675665614748994,0.0178672331206315,0.123194714780845,1.64747128611366,,0.0217833333333333,0.0146333333333333,0.0289333333333333,0.0143,0.672882562340291,1.34175915510827e-09,FALSE,0,"XLOC_037599","TRANK1","ENST00000646436.1","ENST00000646436.1","=",FALSE
"isoComp_00137524","geneComp_00018537","TCONS_00211111","XLOC_037599","T_minus","T_plus","XLOC_037599","unknown","unknown",20.2128298587607,16.4351385267296,23.9905211907919,4.35896611372664,2.16521687218486,0.545404574604262,,3.75167533019627,1.63369804000203,5.8696526203905,0.49311024625892,0.551494286792806,1.83878563160524,,0.171166666666667,0.0976333333333333,0.2447,0.147066666666667,1.34175915510827e-09,1.34175915510827e-09,FALSE,0,"XLOC_037599","TRANK1","ENST00000463764.2","ENST00000463764.2","=",FALSE
"isoComp_00137525","geneComp_00018537","TCONS_00218357","XLOC_037599","T_minus","T_plus","XLOC_037599","unknown","unknown",20.2128298587607,16.4351385267296,23.9905211907919,4.35896611372664,2.16521687218486,0.545404574604262,,9.6207380663522,9.16739979976416,10.0740763329402,2.1251742849466,0.825616971960687,0.135921581087335,,0.4942,0.567866666666667,0.420533333333333,-0.147333333333333,0.00474682162618101,1.34175915510827e-09,FALSE,0,"XLOC_037599","TRANK1","PB.11065.2","ENST00000646897.1","c",TRUE
"isoComp_00138091","geneComp_00018620","TCONS_00211822","XLOC_037736","T_minus","T_plus","XLOC_037736","unknown","unknown",18.5413892383017,27.9599070385238,9.12287143807952,1.7413413213008,0.28950472040469,-1.61473502888147,,1.7109283510598,2.37472864509739,1.04712805702221,0.270604088434582,0.134796077484933,-1.1736749626926,,0.100666666666667,0.0864666666666667,0.114866666666667,0.0284,0.798846229061877,4.59849992265362e-06,FALSE,0,"XLOC_037736","PFKFB4","PB.11192.1","ENST00000232375.8","=",TRUE
"isoComp_00138097","geneComp_00018620","TCONS_00211828","XLOC_037736","T_minus","T_plus","XLOC_037736","unknown","unknown",18.5413892383017,27.9599070385238,9.12287143807952,1.7413413213008,0.28950472040469,-1.61473502888147,,0.296149098224949,0.326705837435062,0.265592359014836,0.0963386588220787,0.022687296573262,-0.288952844342724,,0.0204,0.0117,0.0291,0.0174,0.459031603678381,4.59849992265362e-06,TRUE,0,"XLOC_037736","PFKFB4","ENST00000478516.1","ENST00000478516.1","=",FALSE
"isoComp_00138098","geneComp_00018620","TCONS_00211829","XLOC_037736","T_minus","T_plus","XLOC_037736","unknown","unknown",18.5413892383017,27.9599070385238,9.12287143807952,1.7413413213008,0.28950472040469,-1.61473502888147,,0.188328861964172,0,0.376657723928344,0,0.376657723928344,5.27298512769928,,0.0195166666666667,0,0.0390333333333333,0.0390333333333333,0.838871260100968,4.59849992265362e-06,TRUE,0,"XLOC_037736","PFKFB4","ENST00000452531.5","ENST00000452531.5","=",FALSE
"isoComp_00138100","geneComp_00018620","TCONS_00211831","XLOC_037736","T_minus","T_plus","XLOC_037736","unknown","unknown",18.5413892383017,27.9599070385238,9.12287143807952,1.7413413213008,0.28950472040469,-1.61473502888147,,0.258665275984939,0.315124826492557,0.202205725477322,0.157577986174535,0.202205725477322,-0.61553014242961,,0.0163166666666667,0.0116666666666667,0.0209666666666667,0.0093,0.920249957089393,4.59849992265362e-06,FALSE,0,"XLOC_037736","PFKFB4","ENST00000412035.5","ENST00000412035.5","=",FALSE
"isoComp_00138102","geneComp_00018620","TCONS_00211833","XLOC_037736","T_minus","T_plus","XLOC_037736","unknown","unknown",18.5413892383017,27.9599070385238,9.12287143807952,1.7413413213008,0.28950472040469,-1.61473502888147,,0.218206195833344,0.202850123201127,0.233562268465561,0.0765529452621343,0.0452615186063743,0.194452729769186,,0.0164666666666667,0.00713333333333333,0.0258,0.0186666666666667,0.34708743988265,4.59849992265362e-06,TRUE,0,"XLOC_037736","PFKFB4","ENST00000496767.5","ENST00000496767.5","=",FALSE
"isoComp_00138104","geneComp_00018620","TCONS_00211836","XLOC_037736","T_minus","T_plus","XLOC_037736","unknown","unknown",18.5413892383017,27.9599070385238,9.12287143807952,1.7413413213008,0.28950472040469,-1.61473502888147,,0.383286057252506,0.492595871932216,0.273976242572796,0.0516452235320798,0.201664419988407,-0.823628582661773,,0.0237833333333333,0.0177333333333333,0.0298333333333333,0.0121,0.992925587288284,4.59849992265362e-06,FALSE,1,"XLOC_037736","PFKFB4","ENST00000467176.1","ENST00000467176.1","=",FALSE
"isoComp_00138105","geneComp_00018620","TCONS_00211838","XLOC_037736","T_minus","T_plus","XLOC_037736","unknown","unknown",18.5413892383017,27.9599070385238,9.12287143807952,1.7413413213008,0.28950472040469,-1.61473502888147,,2.10300262589292,2.28190741786172,1.92409783392412,0.0466867121864568,0.139141295658162,-0.244887993679029,,0.1467,0.0824,0.211,0.1286,4.59849992265362e-06,4.59849992265362e-06,FALSE,0,"XLOC_037736","UCN2","ENST00000273610.4","ENST00000273610.4","=",FALSE
"isoComp_00138106","geneComp_00018620","TCONS_00218405","XLOC_037736","T_minus","T_plus","XLOC_037736","unknown","unknown",18.5413892383017,27.9599070385238,9.12287143807952,1.7413413213008,0.28950472040469,-1.61473502888147,,6.08410500264622,10.1192551490936,2.04895485619886,0.928908699345946,0.411916609214949,-2.29854398652212,,0.29455,0.361533333333333,0.227566666666667,-0.133966666666667,0.315716707557977,4.59849992265362e-06,FALSE,0,"XLOC_037736","PFKFB4","PB.11192.6","ENST00000417753.5","c",TRUE
"isoComp_00138107","geneComp_00018620","TCONS_00218406","XLOC_037736","T_minus","T_plus","XLOC_037736","unknown","unknown",18.5413892383017,27.9599070385238,9.12287143807952,1.7413413213008,0.28950472040469,-1.61473502888147,,0.877506687659553,1.01290308234681,0.742110292972297,0.575782449267154,0.221430605466249,-0.443653313527614,,0.0582333333333333,0.0354,0.0810666666666667,0.0456666666666667,0.598024951341159,4.59849992265362e-06,FALSE,0,"XLOC_037736","PFKFB4","PB.11192.4","ENST00000417753.5","c",TRUE
"isoComp_00138108","geneComp_00018620","TCONS_00218407","XLOC_037736","T_minus","T_plus","XLOC_037736","unknown","unknown",18.5413892383017,27.9599070385238,9.12287143807952,1.7413413213008,0.28950472040469,-1.61473502888147,,1.42343668866729,2.14665655826402,0.700216819070557,0.456535241329527,0.357730852983247,-1.60246501829541,,0.0752666666666667,0.0759333333333333,0.0746,-0.00133333333333333,0.944728286711193,4.59849992265362e-06,FALSE,0,"XLOC_037736","PFKFB4","PB.11192.3","ENST00000417753.5","c",TRUE
"isoComp_00138110","geneComp_00018620","TCONS_00218409","XLOC_037736","T_minus","T_plus","XLOC_037736","unknown","unknown",18.5413892383017,27.9599070385238,9.12287143807952,1.7413413213008,0.28950472040469,-1.61473502888147,,4.19200973916876,7.52112663138525,0.862892846952271,0.784039442403713,0.472082521407857,-3.10898923338919,,0.183066666666667,0.2681,0.0980333333333333,-0.170066666666667,0.52502546112228,4.59849992265362e-06,FALSE,0,"XLOC_037736","PFKFB4","PB.11192.2","ENST00000417753.5","j",TRUE
"isoComp_00139162","geneComp_00018705","TCONS_00212763","XLOC_037864","T_minus","T_plus","XLOC_037864","unknown","unknown",6.51244535954021,1.42795341593077,11.5969373031496,0.129952116580233,2.29544623400817,3.01289849770524,,3.45667408507981,0.703474718874766,6.20987345128486,0.129011470552811,1.19834460276604,3.1239510122315,,0.51,0.483966666666667,0.536033333333333,0.0520666666666667,0.893741525306151,0.00985761008873253,FALSE,0,"XLOC_037864","HESX1","ENST00000295934.8","ENST00000295934.8","=",FALSE
"isoComp_00139163","geneComp_00018705","TCONS_00212764","XLOC_037864","T_minus","T_plus","XLOC_037864","unknown","unknown",6.51244535954021,1.42795341593077,11.5969373031496,0.129952116580233,2.29544623400817,3.01289849770524,,0.237897915326858,0.12435589820702,0.351439932446696,0.0626476990259289,0.167440169415793,1.42769624933123,,0.05515,0.0799,0.0304,-0.0495,0.829291393835974,0.00985761008873253,FALSE,0,"XLOC_037864","HESX1","ENST00000647958.1","ENST00000647958.1","=",FALSE
"isoComp_00139164","geneComp_00018705","TCONS_00212765","XLOC_037864","T_minus","T_plus","XLOC_037864","unknown","unknown",6.51244535954021,1.42795341593077,11.5969373031496,0.129952116580233,2.29544623400817,3.01289849770524,,0.204308797338411,0.0337960491375126,0.37482154553931,0.0337960491375126,0.0151036428492695,3.13531694094279,,0.0316,0.0287333333333333,0.0344666666666667,0.00573333333333333,0.881151436553503,0.00985761008873253,FALSE,0,"XLOC_037864","HESX1","ENST00000473921.2","ENST00000473921.2","=",FALSE
"isoComp_00139165","geneComp_00018705","TCONS_00212766","XLOC_037864","T_minus","T_plus","XLOC_037864","unknown","unknown",6.51244535954021,1.42795341593077,11.5969373031496,0.129952116580233,2.29544623400817,3.01289849770524,,1.73662651134711,0.176830269178649,3.29642275351557,0.088601535100963,0.790162805547801,4.14547108057565,,0.19905,0.1141,0.284,0.1699,0.468716770138221,0.00985761008873253,FALSE,0,"XLOC_037864","HESX1","ENST00000495160.2","ENST00000495160.2","=",FALSE
"isoComp_00139166","geneComp_00018705","TCONS_00220659","XLOC_037864","T_minus","T_plus","XLOC_037864","unknown","unknown",6.51244535954021,1.42795341593077,11.5969373031496,0.129952116580233,2.29544623400817,3.01289849770524,,0.367290591457018,0.352320826481558,0.382260356432478,0.0751526228049921,0.0629773750776619,0.114543802234752,,0.14825,0.261666666666667,0.0348333333333333,-0.226833333333333,0.00985761008873253,0.00985761008873253,FALSE,1,"XLOC_037864","HESX1","PB.12115.2","ENST00000647958.1","j",TRUE
"isoComp_00139167","geneComp_00018705","TCONS_00221662","XLOC_037864","T_minus","T_plus","XLOC_037864","unknown","unknown",6.51244535954021,1.42795341593077,11.5969373031496,0.129952116580233,2.29544623400817,3.01289849770524,,0.087893822714015,0.0371756540512639,0.138611991376766,0.0371756540512639,0.0714334890045428,1.65543610557882,,0.02205,0.0316,0.0125,-0.0191,1,0.00985761008873253,FALSE,0,"XLOC_037864","HESX1","PB.12966.1","ENST00000647958.1","j",TRUE
"isoComp_00139168","geneComp_00018705","TCONS_00221663","XLOC_037864","T_minus","T_plus","XLOC_037864","unknown","unknown",6.51244535954021,1.42795341593077,11.5969373031496,0.129952116580233,2.29544623400817,3.01289849770524,,0.421753636276987,0,0.843507272553974,0,0.341204673551864,6.41533154109041,,0.0339,0,0.0678,0.0678,0.0245068378082542,0.00985761008873253,FALSE,0,"XLOC_037864","HESX1","PB.12966.2","ENST00000647958.1","j",TRUE
"isoComp_00141189","geneComp_00018990","TCONS_00215471","XLOC_038441","T_minus","T_plus","XLOC_038441","unknown","unknown",126.21902598111,43.4640150561816,208.974036906038,2.89346128190631,26.1827602937182,2.26516749987026,,6.21090270703241,7.50864344727109,4.91316196679374,0.709133679615924,0.970555514853597,-0.61088718335829,,0.0996833333333333,0.173833333333333,0.0255333333333333,-0.1483,3.88290061077938e-07,3.88290061077938e-07,FALSE,0,"XLOC_038441","PLSCR1","PB.12572.1","ENST00000342435.9","=",TRUE
"isoComp_00141191","geneComp_00018990","TCONS_00215473","XLOC_038441","T_minus","T_plus","XLOC_038441","unknown","unknown",126.21902598111,43.4640150561816,208.974036906038,2.89346128190631,26.1827602937182,2.26516749987026,,1.39202183472325,1.07342116148927,1.71062250795724,0.0454824996132864,0.118498117967373,0.667336440253449,,0.0167333333333333,0.0250333333333333,0.00843333333333333,-0.0166,0.00121908489331754,3.88290061077938e-07,TRUE,0,"XLOC_038441","PLSCR1","PB.12572.9","ENST00000463777.5","=",TRUE
"isoComp_00141194","geneComp_00018990","TCONS_00215476","XLOC_038441","T_minus","T_plus","XLOC_038441","unknown","unknown",126.21902598111,43.4640150561816,208.974036906038,2.89346128190631,26.1827602937182,2.26516749987026,,3.21723782594727,1.7941534011179,4.64032225077665,0.496365064785695,0.363486434014501,1.36600868198164,,0.0328833333333333,0.0432666666666667,0.0225,-0.0207666666666667,0.600729496125837,3.88290061077938e-07,FALSE,0,"XLOC_038441","PLSCR1","PB.11665.4","ENST00000448787.6","=",TRUE
"isoComp_00141196","geneComp_00018990","TCONS_00215479","XLOC_038441","T_minus","T_plus","XLOC_038441","unknown","unknown",126.21902598111,43.4640150561816,208.974036906038,2.89346128190631,26.1827602937182,2.26516749987026,,2.76924967526157,0.924655119922228,4.61384423060091,0.354322611775902,0.561194198572079,2.30658677107062,,0.0228833333333333,0.0221666666666667,0.0236,0.00143333333333333,0.960411902213103,3.88290061077938e-07,,0,"XLOC_038441","PLSCR1","ENST00000483300.5","ENST00000483300.5","=",FALSE
"isoComp_00141198","geneComp_00018990","TCONS_00215481","XLOC_038441","T_minus","T_plus","XLOC_038441","unknown","unknown",126.21902598111,43.4640150561816,208.974036906038,2.89346128190631,26.1827602937182,2.26516749987026,,7.96242496749925,1.66533355970485,14.2595163752937,0.865508456746527,3.00701188428442,3.0904161690463,,0.0534833333333333,0.0394666666666667,0.0675,0.0280333333333333,0.738490976975812,3.88290061077938e-07,FALSE,0,"XLOC_038441","PLSCR1","ENST00000478267.5","ENST00000478267.5","=",FALSE
"isoComp_00141203","geneComp_00018990","TCONS_00215486","XLOC_038441","T_minus","T_plus","XLOC_038441","unknown","unknown",126.21902598111,43.4640150561816,208.974036906038,2.89346128190631,26.1827602937182,2.26516749987026,,5.13683691369583,0.785062687291371,9.48861114010029,0.0511181325336852,0.62682218174045,3.57857606177342,,0.03235,0.0183666666666667,0.0463333333333333,0.0279666666666667,0.000241141143298463,3.88290061077938e-07,FALSE,1,"XLOC_038441","PLSCR1","PB.11665.14","ENST00000494568.5","=",TRUE
"isoComp_00141205","geneComp_00018990","TCONS_00215488","XLOC_038441","T_minus","T_plus","XLOC_038441","unknown","unknown",126.21902598111,43.4640150561816,208.974036906038,2.89346128190631,26.1827602937182,2.26516749987026,,2.19315202987684,0.595215327114118,3.79108873263957,0.0713248476119693,0.212566933712356,2.65089227440763,,0.0163833333333333,0.0137,0.0190666666666667,0.00536666666666667,0.801947922242394,3.88290061077938e-07,FALSE,0,"XLOC_038441","PLSCR1","ENST00000469266.1","ENST00000469266.1","=",FALSE
"isoComp_00141207","geneComp_00018990","TCONS_00218812","XLOC_038441","T_minus","T_plus","XLOC_038441","unknown","unknown",126.21902598111,43.4640150561816,208.974036906038,2.89346128190631,26.1827602937182,2.26516749987026,,1.55260162312805,0.662486988167566,2.44271625808853,0.174974256475435,0.46774245122144,1.86680208710794,,0.0135,0.0153666666666667,0.0116333333333333,-0.00373333333333334,0.88899949154655,3.88290061077938e-07,FALSE,0,"XLOC_038441","PLSCR1","PB.11665.7","ENST00000342435.9","j",TRUE
"isoComp_00141211","geneComp_00018990","TCONS_00219649","XLOC_038441","T_minus","T_plus","XLOC_038441","unknown","unknown",126.21902598111,43.4640150561816,208.974036906038,2.89346128190631,26.1827602937182,2.26516749987026,,16.109505295439,2.65627652003182,29.5627340708462,0.530519389201852,3.59347681985733,3.47136931480422,,0.101183333333333,0.0602666666666667,0.1421,0.0818333333333333,3.27368459992706e-05,3.88290061077938e-07,FALSE,0,"XLOC_038441","PLSCR1","PB.9058.6","ENST00000342435.9","c",TRUE
"isoComp_00141214","geneComp_00018990","TCONS_00219653","XLOC_038441","T_minus","T_plus","XLOC_038441","unknown","unknown",126.21902598111,43.4640150561816,208.974036906038,2.89346128190631,26.1827602937182,2.26516749987026,,4.53063073813761,1.17161556688472,7.8896459093905,0.199825826057125,0.60075942899414,2.74102725019767,,0.0324666666666667,0.0266,0.0383333333333333,0.0117333333333333,0.337582633152833,3.88290061077938e-07,FALSE,1,"XLOC_038441","PLSCR1","PB.9058.15","ENST00000342435.9","m",TRUE
"isoComp_00141216","geneComp_00018990","TCONS_00219655","XLOC_038441","T_minus","T_plus","XLOC_038441","unknown","unknown",126.21902598111,43.4640150561816,208.974036906038,2.89346128190631,26.1827602937182,2.26516749987026,,38.4662966856767,14.8370141788165,62.0955791925369,1.92311551207615,7.85864808705755,2.06455005152714,,0.318783333333333,0.340366666666667,0.2972,-0.0431666666666666,0.721294037737708,3.88290061077938e-07,FALSE,0,"XLOC_038441","PLSCR1","PB.13463.21","ENST00000342435.9","c",TRUE
"isoComp_00141217","geneComp_00018990","TCONS_00219656","XLOC_038441","T_minus","T_plus","XLOC_038441","unknown","unknown",126.21902598111,43.4640150561816,208.974036906038,2.89346128190631,26.1827602937182,2.26516749987026,,5.48972641606196,0.787035914599654,10.1924169175243,0.101597406118499,0.359587644264265,3.67812241814867,,0.03435,0.0186,0.0501,0.0315,0.00151701144164736,3.88290061077938e-07,FALSE,0,"XLOC_038441","PLSCR1","PB.9058.20","ENST00000342435.9","j",TRUE
"isoComp_00141218","geneComp_00018990","TCONS_00219657","XLOC_038441","T_minus","T_plus","XLOC_038441","unknown","unknown",126.21902598111,43.4640150561816,208.974036906038,2.89346128190631,26.1827602937182,2.26516749987026,,3.77678111236488,3.51465988675638,4.03890233797338,0.940478374719493,2.11874391725952,0.20004679385453,,0.04815,0.0787,0.0176,-0.0611,0.597650572090426,3.88290061077938e-07,TRUE,0,"XLOC_038441","PLSCR1","PB.9058.21","ENST00000448787.6","c",TRUE
"isoComp_00141226","geneComp_00018990","TCONS_00220906","XLOC_038441","T_minus","T_plus","XLOC_038441","unknown","unknown",126.21902598111,43.4640150561816,208.974036906038,2.89346128190631,26.1827602937182,2.26516749987026,,17.5751923815564,2.15374153331902,32.9966432297938,1.16550090634614,7.71885261302147,3.93115634469523,,0.1002,0.0473333333333333,0.153066666666667,0.105733333333333,0.302024548694322,3.88290061077938e-07,TRUE,0,"XLOC_038441","PLSCR1","PB.12572.40","ENST00000342435.9","j",TRUE
"isoComp_00142106","geneComp_00019134","TCONS_00218892","XLOC_038788","T_minus","T_plus","XLOC_038788","unknown","unknown",1.87139568566042,1.6955457225526,2.04724564876824,0.246037215637972,0.156336885268745,0.270480640022638,,0.319732581047667,0.252336669125715,0.387128492969619,0.0374527927216434,0.06234206708074,0.598186394318549,,0.168883333333333,0.149033333333333,0.188733333333333,0.0397,0.918642087551932,0.0155364932672094,FALSE,1,"XLOC_038788","XLOC_038788","PB.11854.1","ENST00000448637.5","i",TRUE
"isoComp_00142107","geneComp_00019134","TCONS_00218893","XLOC_038788","T_minus","T_plus","XLOC_038788","unknown","unknown",1.87139568566042,1.6955457225526,2.04724564876824,0.246037215637972,0.156336885268745,0.270480640022638,,0.269520432466948,0.417804076622212,0.121236788311684,0.177597397656992,0.121236788311684,-1.70477803717933,,0.177266666666667,0.286566666666667,0.0679666666666667,-0.2186,0.544661497829954,0.0155364932672094,FALSE,1,"XLOC_038788","XLOC_038788","PB.12811.3","ENST00000448637.5","i",TRUE
"isoComp_00142108","geneComp_00019134","TCONS_00221005","XLOC_038788","T_minus","T_plus","XLOC_038788","unknown","unknown",1.87139568566042,1.6955457225526,2.04724564876824,0.246037215637972,0.156336885268745,0.270480640022638,,0.0254809884042795,0.050961976808559,0,0.0509619768085591,0,-2.60790968573256,,0.0122,0.0244,0,-0.0244,0.919616719894339,0.0155364932672094,,0,"XLOC_038788","XLOC_038788","PB.12811.2","ENST00000448637.5","i",TRUE
"isoComp_00142109","geneComp_00019134","TCONS_00221907","XLOC_038788","T_minus","T_plus","XLOC_038788","unknown","unknown",1.87139568566042,1.6955457225526,2.04724564876824,0.246037215637972,0.156336885268745,0.270480640022638,,0.263271527842727,0.117293064863589,0.409249990821864,0.0602423486064172,0.344679835819493,1.71965693123468,,0.140466666666667,0.0824666666666667,0.198466666666667,0.116,0.994760333662081,0.0155364932672094,FALSE,1,"XLOC_038788","XLOC_038788","PB.13709.1","ENST00000448637.5","i",TRUE
"isoComp_00142110","geneComp_00019134","TCONS_00221908","XLOC_038788","T_minus","T_plus","XLOC_038788","unknown","unknown",1.87139568566042,1.6955457225526,2.04724564876824,0.246037215637972,0.156336885268745,0.270480640022638,,0.267380332567874,0.38647159402454,0.148289071111208,0.202210263088215,0.148289071111208,-1.3246558552745,,0.13165,0.1995,0.0638,-0.1357,0.75489639271233,0.0155364932672094,FALSE,1,"XLOC_038788","XLOC_038788","PB.13709.3","ENST00000448637.5","i",TRUE
"isoComp_00142111","geneComp_00019134","TCONS_00221909","XLOC_038788","T_minus","T_plus","XLOC_038788","unknown","unknown",1.87139568566042,1.6955457225526,2.04724564876824,0.246037215637972,0.156336885268745,0.270480640022638,,0.126882018625662,0,0.253764037251325,0,0.0507822952710337,4.72117596949954,,0.06095,0,0.1219,0.1219,0.0155364932672094,0.0155364932672094,FALSE,0,"XLOC_038788","XLOC_038788","PB.13709.2","ENST00000448637.5","i",TRUE
"isoComp_00142112","geneComp_00019134","TCONS_00221910","XLOC_038788","T_minus","T_plus","XLOC_038788","unknown","unknown",1.87139568566042,1.6955457225526,2.04724564876824,0.246037215637972,0.156336885268745,0.270480640022638,,0.559118332174365,0.433678901576141,0.684557762772588,0.217475254778614,0.171186248882657,0.646578730883769,,0.281633333333333,0.2283,0.334966666666667,0.106666666666667,0.890313603176996,0.0155364932672094,,0,"XLOC_038788","XLOC_038788","PB.13709.5","ENST00000448637.5","i",TRUE
"isoComp_00142113","geneComp_00019134","TCONS_00221911","XLOC_038788","T_minus","T_plus","XLOC_038788","unknown","unknown",1.87139568566042,1.6955457225526,2.04724564876824,0.246037215637972,0.156336885268745,0.270480640022638,,0.0400094725308984,0.0369994395318445,0.0430195055299523,0.0369994395318445,0.0430195055299523,0.173879662658637,,0.02695,0.0297666666666667,0.0241333333333333,-0.00563333333333333,1,0.0155364932672094,,0,"XLOC_038788","XLOC_038788","PB.13709.6","ENST00000448637.5","i",TRUE
"isoComp_00142919","geneComp_00019247","TCONS_00222382","XLOC_038969","T_minus","T_plus","XLOC_038969","unknown","unknown",3.17951047543546,2.95079134207642,3.4082296087945,0.454209376883812,0.435983960296521,0.20726648671971,,0.0522006740121425,0.0369994395318445,0.0674019084924405,0.0369994395318445,0.0674019084924405,0.719725586460828,,0.0165833333333333,0.0173666666666667,0.0158,-0.00156666666666667,0.998161431539877,0.00291604550311364,TRUE,1,"XLOC_038969","ZBTB49","ENST00000515012.5","ENST00000515012.5","=",FALSE
"isoComp_00142920","geneComp_00019247","TCONS_00222383","XLOC_038969","T_minus","T_plus","XLOC_038969","unknown","unknown",3.17951047543546,2.95079134207642,3.4082296087945,0.454209376883812,0.435983960296521,0.20726648671971,,1.25236510624768,1.12679570813027,1.37793450436509,0.285516721219766,0.229467033622118,0.287966476838517,,0.398233333333333,0.3838,0.412666666666667,0.0288666666666667,0.987142883576727,0.00291604550311364,FALSE,1,"XLOC_038969","ZBTB49","PB.9320.1","ENST00000337872.9","=",TRUE
"isoComp_00142921","geneComp_00019247","TCONS_00222384","XLOC_038969","T_minus","T_plus","XLOC_038969","unknown","unknown",3.17951047543546,2.95079134207642,3.4082296087945,0.454209376883812,0.435983960296521,0.20726648671971,,0.38202243982325,0.359596837623507,0.404448042022993,0.052996094903087,0.149407950382473,0.165238834468615,,0.127166666666667,0.122133333333333,0.1322,0.0100666666666667,0.994347119383883,0.00291604550311364,FALSE,0,"XLOC_038969","ZBTB49","ENST00000503703.5","ENST00000503703.5","=",FALSE
"isoComp_00142922","geneComp_00019247","TCONS_00222385","XLOC_038969","T_minus","T_plus","XLOC_038969","unknown","unknown",3.17951047543546,2.95079134207642,3.4082296087945,0.454209376883812,0.435983960296521,0.20726648671971,,0.0441670465674179,0.0883340931348357,0,0.0883340931348357,0,-3.29769169600636,,0.0119333333333333,0.0238666666666667,0,-0.0238666666666667,0.910449534130494,0.00291604550311364,FALSE,0,"XLOC_038969","ZBTB49","ENST00000502918.1","ENST00000502918.1","=",FALSE
"isoComp_00142923","geneComp_00019247","TCONS_00222386","XLOC_038969","T_minus","T_plus","XLOC_038969","unknown","unknown",3.17951047543546,2.95079134207642,3.4082296087945,0.454209376883812,0.435983960296521,0.20726648671971,,0.105321418737689,0.210642837475377,0,0.210642837475377,0,-4.46364101008491,,0.0284666666666667,0.0569333333333333,0,-0.0569333333333333,0.897823105864515,0.00291604550311364,,0,"XLOC_038969","ZBTB49","ENST00000504302.1","ENST00000504302.1","=",FALSE
"isoComp_00142924","geneComp_00019247","TCONS_00222387","XLOC_038969","T_minus","T_plus","XLOC_038969","unknown","unknown",3.17951047543546,2.95079134207642,3.4082296087945,0.454209376883812,0.435983960296521,0.20726648671971,,0.351306757964286,0,0.702613515928573,0,0.320746599559251,6.15504794178575,,0.0973,0,0.1946,0.1946,0.00291604550311364,0.00291604550311364,TRUE,0,"XLOC_038969","ZBTB49","ENST00000511458.1","ENST00000511458.1","=",FALSE
"isoComp_00142925","geneComp_00019247","TCONS_00232776","XLOC_038969","T_minus","T_plus","XLOC_038969","unknown","unknown",3.17951047543546,2.95079134207642,3.4082296087945,0.454209376883812,0.435983960296521,0.20726648671971,,0.0995945497615468,0.0767722834467535,0.12241681607634,0.0147960468324173,0.0277558667194007,0.609780146824876,,0.0327666666666667,0.0269333333333333,0.0386,0.0116666666666667,0.931298144190192,0.00291604550311364,FALSE,0,"XLOC_038969","ZBTB49","PB.9320.2","ENST00000337872.9","j",TRUE
"isoComp_00142926","geneComp_00019247","TCONS_00233275","XLOC_038969","T_minus","T_plus","XLOC_038969","unknown","unknown",3.17951047543546,2.95079134207642,3.4082296087945,0.454209376883812,0.435983960296521,0.20726648671971,,0.892532482321443,1.05165014273383,0.733414821909059,0.0991076564671618,0.245860577845009,-0.514069059793357,,0.28755,0.368933333333333,0.206166666666667,-0.162766666666667,0.476184410710088,0.00291604550311364,FALSE,0,"XLOC_038969","ZBTB49","PB.12970.1","ENST00000337872.9","c",TRUE
"isoComp_00142987","geneComp_00019261","TCONS_00222489","XLOC_038994","T_minus","T_plus","XLOC_038994","unknown","unknown",24.7325150535021,34.0364281201597,15.4286019868445,1.62040319234504,0.458175749541158,-1.14096133209001,,4.03556193519003,4.16162310982301,3.90950076055704,1.01316442946451,0.341010638251085,-0.0899389164456957,,0.18805,0.122633333333333,0.253466666666667,0.130833333333333,0.111675118775549,0.0226918197045692,FALSE,0,"XLOC_038994","TBC1D14","ENST00000448507.5","ENST00000448507.5","=",FALSE
"isoComp_00142988","geneComp_00019261","TCONS_00222490","XLOC_038994","T_minus","T_plus","XLOC_038994","unknown","unknown",24.7325150535021,34.0364281201597,15.4286019868445,1.62040319234504,0.458175749541158,-1.14096133209001,,4.68596210917986,7.60190255234502,1.77002166601471,1.79080437911174,0.118649265080352,-2.09636229088228,,0.1671,0.219666666666667,0.114533333333333,-0.105133333333333,0.247042797584386,0.0226918197045692,FALSE,0,"XLOC_038994","TBC1D14","ENST00000409757.9","ENST00000409757.9","=",FALSE
"isoComp_00142990","geneComp_00019261","TCONS_00222493","XLOC_038994","T_minus","T_plus","XLOC_038994","unknown","unknown",24.7325150535021,34.0364281201597,15.4286019868445,1.62040319234504,0.458175749541158,-1.14096133209001,,2.92833029861905,2.80894927534106,3.04771132189704,0.380415711377618,0.483623133987851,0.117294690449816,,0.1401,0.0820666666666667,0.198133333333333,0.116066666666667,0.0226918197045692,0.0226918197045692,FALSE,0,"XLOC_038994","TBC1D14","ENST00000451522.6","ENST00000451522.6","=",FALSE
"isoComp_00142991","geneComp_00019261","TCONS_00222494","XLOC_038994","T_minus","T_plus","XLOC_038994","unknown","unknown",24.7325150535021,34.0364281201597,15.4286019868445,1.62040319234504,0.458175749541158,-1.14096133209001,,11.2654838454745,16.0009238185919,6.53004387235711,0.494722569028426,0.410219483063404,-1.29168433385302,,0.447716666666667,0.472833333333333,0.4226,-0.0502333333333334,0.725180900441063,0.0226918197045692,FALSE,0,"XLOC_038994","TBC1D14","ENST00000446947.6","ENST00000446947.6","=",FALSE
"isoComp_00142994","geneComp_00019261","TCONS_00231928","XLOC_038994","T_minus","T_plus","XLOC_038994","unknown","unknown",24.7325150535021,34.0364281201597,15.4286019868445,1.62040319234504,0.458175749541158,-1.14096133209001,,1.45430260359733,2.90860520719466,0,1.58651107943887,0,-8.1891352638754,,0.0433333333333333,0.0866666666666667,0,-0.0866666666666667,0.401436448327246,0.0226918197045692,FALSE,0,"XLOC_038994","TBC1D14","PB.11999.1","ENST00000409757.9","c",TRUE
"isoComp_00143332","geneComp_00019316","TCONS_00223037","XLOC_039155","T_minus","T_plus","XLOC_039155","unknown","unknown",8.81987464416246,10.1776755350705,7.46207375325446,0.381846789747383,0.251544525272458,-0.447244317013709,,0.599734507488534,0.648256547788561,0.551212467188506,0.0641730470238046,0.101134990949897,-0.230102908665211,,0.0693,0.0638,0.0748,0.011,0.957009633510434,0.0476923208524766,TRUE,0,"XLOC_039155","STIM2","ENST00000477474.3","ENST00000477474.3","=",FALSE
"isoComp_00143333","geneComp_00019316","TCONS_00223039","XLOC_039155","T_minus","T_plus","XLOC_039155","unknown","unknown",8.81987464416246,10.1776755350705,7.46207375325446,0.381846789747383,0.251544525272458,-0.447244317013709,,0.652016782307721,0.748603927243799,0.555429637371643,0.244855349925214,0.112074535386115,-0.423999335417047,,0.0739,0.0724333333333333,0.0753666666666667,0.00293333333333333,0.991384976931241,0.0476923208524766,TRUE,0,"XLOC_039155","STIM2","ENST00000463501.5","ENST00000463501.5","=",FALSE
"isoComp_00143334","geneComp_00019316","TCONS_00223040","XLOC_039155","T_minus","T_plus","XLOC_039155","unknown","unknown",8.81987464416246,10.1776755350705,7.46207375325446,0.381846789747383,0.251544525272458,-0.447244317013709,,0.372878091299588,0.478990735156177,0.266765447443,0.242843245744834,0.084468190328132,-0.821143288752622,,0.0419833333333333,0.0488,0.0351666666666667,-0.0136333333333333,0.997281536555022,0.0476923208524766,,0,"XLOC_039155","STIM2","ENST00000478425.1","ENST00000478425.1","=",FALSE
"isoComp_00143335","geneComp_00019316","TCONS_00223041","XLOC_039155","T_minus","T_plus","XLOC_039155","unknown","unknown",8.81987464416246,10.1776755350705,7.46207375325446,0.381846789747383,0.251544525272458,-0.447244317013709,,0.272291987419287,0.155467843995565,0.389116130843009,0.100705759747166,0.132194942040937,1.27025770880994,,0.0333166666666667,0.0152666666666667,0.0513666666666667,0.0361,0.646974978497009,0.0476923208524766,FALSE,0,"XLOC_039155","STIM2","ENST00000467011.6","ENST00000467011.6","=",FALSE
"isoComp_00143336","geneComp_00019316","TCONS_00223042","XLOC_039155","T_minus","T_plus","XLOC_039155","unknown","unknown",8.81987464416246,10.1776755350705,7.46207375325446,0.381846789747383,0.251544525272458,-0.447244317013709,,0.400986012453302,0.691388748861628,0.110583276044976,0.183787151670656,0.0691798069467865,-2.54018445755245,,0.0419,0.0684333333333333,0.0153666666666667,-0.0530666666666667,0.441170019363398,0.0476923208524766,FALSE,0,"XLOC_039155","STIM2","ENST00000465503.6","ENST00000465503.6","=",FALSE
"isoComp_00143337","geneComp_00019316","TCONS_00223043","XLOC_039155","T_minus","T_plus","XLOC_039155","unknown","unknown",8.81987464416246,10.1776755350705,7.46207375325446,0.381846789747383,0.251544525272458,-0.447244317013709,,1.23712081656775,1.31118879826115,1.16305283487436,0.367847865093483,0.183067155733308,-0.171568648333522,,0.141216666666667,0.1268,0.155633333333333,0.0288333333333333,0.906620626177513,0.0476923208524766,FALSE,0,"XLOC_039155","STIM2","ENST00000467087.7","ENST00000467087.7","=",FALSE
"isoComp_00143339","geneComp_00019316","TCONS_00223046","XLOC_039155","T_minus","T_plus","XLOC_039155","unknown","unknown",8.81987464416246,10.1776755350705,7.46207375325446,0.381846789747383,0.251544525272458,-0.447244317013709,,0.366671416215983,0.427103265278669,0.306239567153297,0.0306506048526931,0.160165391404665,-0.466956269871891,,0.0409666666666667,0.0421666666666667,0.0397666666666667,-0.0024,0.954914307963583,0.0476923208524766,FALSE,0,"XLOC_039155","STIM2","ENST00000504511.1","ENST00000504511.1","=",FALSE
"isoComp_00143342","geneComp_00019316","TCONS_00234239","XLOC_039155","T_minus","T_plus","XLOC_039155","unknown","unknown",8.81987464416246,10.1776755350705,7.46207375325446,0.381846789747383,0.251544525272458,-0.447244317013709,,2.47655721267502,2.32750825511861,2.62560617023144,0.270927028103839,0.0579679480978306,0.17316334936621,,0.2915,0.230633333333333,0.352366666666667,0.121733333333333,0.242479900216109,0.0476923208524766,FALSE,0,"XLOC_039155","STIM2","PB.13965.1","ENST00000467087.7","c",TRUE
"isoComp_00143343","geneComp_00019316","TCONS_00234240","XLOC_039155","T_minus","T_plus","XLOC_039155","unknown","unknown",8.81987464416246,10.1776755350705,7.46207375325446,0.381846789747383,0.251544525272458,-0.447244317013709,,2.34102044746441,3.25054649904997,1.43149439587884,0.297988715161516,0.0917102798294697,-1.17754856627615,,0.2551,0.3187,0.1915,-0.1272,0.0476923208524766,0.0476923208524766,FALSE,0,"XLOC_039155","STIM2","PB.13965.2","ENST00000465503.6","c",TRUE
"isoComp_00143691","geneComp_00019374","TCONS_00223501","XLOC_039304","T_minus","T_plus","XLOC_039304","unknown","unknown",13.1710899146673,12.119034170798,14.2231456585367,0.485580866070094,0.327100690817961,0.230789872309509,,1.60024501274784,1.21033217286637,1.99015785262932,0.222305405803935,0.0122564313823888,0.712839961108999,,0.119433333333333,0.0988333333333333,0.140033333333333,0.0412,0.663487788687442,0.00137399080983534,FALSE,0,"XLOC_039304","DCUN1D4","ENST00000381441.7","ENST00000381441.7","=",FALSE
"isoComp_00143692","geneComp_00019374","TCONS_00223502","XLOC_039304","T_minus","T_plus","XLOC_039304","unknown","unknown",13.1710899146673,12.119034170798,14.2231456585367,0.485580866070094,0.327100690817961,0.230789872309509,,0.301249992613461,0.276796566327673,0.325703418899248,0.0328316862101847,0.177326376099744,0.227159478452909,,0.0231333333333333,0.0229666666666667,0.0233,0.000333333333333335,0.946312450845199,0.00137399080983534,TRUE,0,"XLOC_039304","DCUN1D4","ENST00000506673.5","ENST00000506673.5","=",FALSE
"isoComp_00143695","geneComp_00019374","TCONS_00223505","XLOC_039304","T_minus","T_plus","XLOC_039304","unknown","unknown",13.1710899146673,12.119034170798,14.2231456585367,0.485580866070094,0.327100690817961,0.230789872309509,,0.387353006358788,0.424254691471949,0.350451321245626,0.0789591579894594,0.0634750926813225,-0.268736997737796,,0.0301,0.0354,0.0248,-0.0106,0.866607192905792,0.00137399080983534,FALSE,0,"XLOC_039304","DCUN1D4","ENST00000513800.5","ENST00000513800.5","=",FALSE
"isoComp_00143696","geneComp_00019374","TCONS_00223506","XLOC_039304","T_minus","T_plus","XLOC_039304","unknown","unknown",13.1710899146673,12.119034170798,14.2231456585367,0.485580866070094,0.327100690817961,0.230789872309509,,0.733443927596688,0.653906887381373,0.812980967812002,0.327901634122403,0.309030229471948,0.309878148908961,,0.0560166666666667,0.0552333333333333,0.0568,0.00156666666666667,0.964096661538643,0.00137399080983534,FALSE,0,"XLOC_039304","DCUN1D4","PB.13187.5","ENST00000507741.5","=",TRUE
"isoComp_00143697","geneComp_00019374","TCONS_00223507","XLOC_039304","T_minus","T_plus","XLOC_039304","unknown","unknown",13.1710899146673,12.119034170798,14.2231456585367,0.485580866070094,0.327100690817961,0.230789872309509,,3.76401064484177,4.38148532043611,3.14653596924743,0.1899848905662,0.234479060013055,-0.47636679027596,,0.291466666666667,0.361666666666667,0.221266666666667,-0.1404,0.00137399080983534,0.00137399080983534,FALSE,0,"XLOC_039304","DCUN1D4","PB.12139.1","ENST00000334635.10","=",TRUE
"isoComp_00143698","geneComp_00019374","TCONS_00223508","XLOC_039304","T_minus","T_plus","XLOC_039304","unknown","unknown",13.1710899146673,12.119034170798,14.2231456585367,0.485580866070094,0.327100690817961,0.230789872309509,,0.735798053553355,0.815496991721952,0.656099115384758,0.0735314056333623,0.11861528099541,-0.309526091738043,,0.0566666666666667,0.0675333333333333,0.0458,-0.0217333333333333,0.725028476361602,0.00137399080983534,TRUE,0,"XLOC_039304","DCUN1D4","ENST00000477560.5","ENST00000477560.5","=",FALSE
"isoComp_00143700","geneComp_00019374","TCONS_00223511","XLOC_039304","T_minus","T_plus","XLOC_039304","unknown","unknown",13.1710899146673,12.119034170798,14.2231456585367,0.485580866070094,0.327100690817961,0.230789872309509,,0.620045169653293,0.722859043469875,0.517231295836712,0.152738173835374,0.197447267903433,-0.475099730596004,,0.0488666666666667,0.0608666666666667,0.0368666666666667,-0.024,0.830129599316336,0.00137399080983534,FALSE,0,"XLOC_039304","DCUN1D4","ENST00000451288.6","ENST00000451288.6","=",FALSE
"isoComp_00143702","geneComp_00019374","TCONS_00223513","XLOC_039304","T_minus","T_plus","XLOC_039304","unknown","unknown",13.1710899146673,12.119034170798,14.2231456585367,0.485580866070094,0.327100690817961,0.230789872309509,,0.141156139514175,0.142017234753604,0.140295044274745,0.0177167758457576,0.054779902251852,-0.0164374569839028,,0.0108,0.0117666666666667,0.00983333333333333,-0.00193333333333333,0.958942883111009,0.00137399080983534,,0,"XLOC_039304","DCUN1D4","ENST00000504923.5","ENST00000504923.5","=",FALSE
"isoComp_00143704","geneComp_00019374","TCONS_00223516","XLOC_039304","T_minus","T_plus","XLOC_039304","unknown","unknown",13.1710899146673,12.119034170798,14.2231456585367,0.485580866070094,0.327100690817961,0.230789872309509,,0.186607824904498,0.138563801463802,0.234651848345194,0.138563801463802,0.234651848345194,0.719647545708334,,0.01415,0.0110333333333333,0.0172666666666667,0.00623333333333333,0.998483060621087,0.00137399080983534,TRUE,0,"XLOC_039304","DCUN1D4","ENST00000505634.5","ENST00000505634.5","=",FALSE
"isoComp_00143707","geneComp_00019374","TCONS_00223519","XLOC_039304","T_minus","T_plus","XLOC_039304","unknown","unknown",13.1710899146673,12.119034170798,14.2231456585367,0.485580866070094,0.327100690817961,0.230789872309509,,0.201274518422902,0.0813987669700579,0.321150269875746,0.0813987669700579,0.321150269875746,1.85723942636198,,0.0144,0.00643333333333333,0.0223666666666667,0.0159333333333333,1,0.00137399080983534,FALSE,0,"XLOC_039304","DCUN1D4","ENST00000508257.5","ENST00000508257.5","=",FALSE
"isoComp_00143709","geneComp_00019374","TCONS_00232027","XLOC_039304","T_minus","T_plus","XLOC_039304","unknown","unknown",13.1710899146673,12.119034170798,14.2231456585367,0.485580866070094,0.327100690817961,0.230789872309509,,0.485574490456331,0.510016912142714,0.461132068769949,0.263851127980623,0.236779557799189,-0.142427007812833,,0.03695,0.0410333333333333,0.0328666666666667,-0.00816666666666667,0.958325147419167,0.00137399080983534,FALSE,0,"XLOC_039304","DCUN1D4","PB.12139.6","ENST00000477560.5","j",TRUE
"isoComp_00143712","geneComp_00019374","TCONS_00232825","XLOC_039304","T_minus","T_plus","XLOC_039304","unknown","unknown",13.1710899146673,12.119034170798,14.2231456585367,0.485580866070094,0.327100690817961,0.230789872309509,,1.31337879009258,0.0815391628936945,2.54521841729146,0.0815391628936945,0.997322645423451,4.80291370735415,,0.0926,0.0073,0.1779,0.1706,0.0282977836200092,0.00137399080983534,FALSE,0,"XLOC_039304","DCUN1D4","PB.9433.7","ENST00000507741.5","c",TRUE
"isoComp_00143713","geneComp_00019374","TCONS_00233389","XLOC_039304","T_minus","T_plus","XLOC_039304","unknown","unknown",13.1710899146673,12.119034170798,14.2231456585367,0.485580866070094,0.327100690817961,0.230789872309509,,0.143942494801539,0.176668186269671,0.111216803333406,0.176668186269671,0.111216803333406,-0.62288636883645,,0.0117,0.0158333333333333,0.00756666666666667,-0.00826666666666667,0.997421849616255,0.00137399080983534,TRUE,0,"XLOC_039304","DCUN1D4","PB.13187.2","ENST00000477560.5","j",TRUE
"isoComp_00143714","geneComp_00019374","TCONS_00233390","XLOC_039304","T_minus","T_plus","XLOC_039304","unknown","unknown",13.1710899146673,12.119034170798,14.2231456585367,0.485580866070094,0.327100690817961,0.230789872309509,,1.92795976896731,1.96815946288829,1.88776007504634,0.514779233813492,0.888053350121879,-0.059861118267612,,0.1467,0.1611,0.1323,-0.0288,0.908237508425089,0.00137399080983534,FALSE,0,"XLOC_039304","DCUN1D4","PB.13187.9","ENST00000477560.5","c",TRUE
"isoComp_00143854","geneComp_00019391","TCONS_00223686","XLOC_039346","T_minus","T_plus","XLOC_039346","unknown","unknown",2.06806724080399,1.38015394127678,2.7559805403312,0.40059041338908,0.479666835617434,0.992546355337129,,1.84529314829886,0.953657072893087,2.73692922370464,0.100898426614733,0.488208244503394,1.51122799369433,,0.874883333333333,0.758,0.991766666666667,0.233766666666667,0.00835674190162495,0.00835674190162495,FALSE,1,"XLOC_039346","CRACD","ENST00000682029.1","ENST00000682029.1","=",FALSE
"isoComp_00143855","geneComp_00019391","TCONS_00223688","XLOC_039346","T_minus","T_plus","XLOC_039346","unknown","unknown",2.06806724080399,1.38015394127678,2.7559805403312,0.40059041338908,0.479666835617434,0.992546355337129,,0.02247546214943,0.0258996076722912,0.0190513166265689,0.0258996076722912,0.0099186705342479,-0.305364528599488,,0.0175333333333333,0.0268333333333333,0.00823333333333333,-0.0186,1,0.00835674190162495,FALSE,0,"XLOC_039346","CRACD","ENST00000646253.1","ENST00000646253.1","=",FALSE
"isoComp_00143856","geneComp_00019391","TCONS_00223695","XLOC_039346","T_minus","T_plus","XLOC_039346","unknown","unknown",2.06806724080399,1.38015394127678,2.7559805403312,0.40059041338908,0.479666835617434,0.992546355337129,,0.200298630355701,0.400597260711402,0,0.318329892797397,0,-5.35965209746476,,0.107583333333333,0.215166666666667,0,-0.215166666666667,0.313423105141367,0.00835674190162495,FALSE,0,"XLOC_039346","CRACD","ENST00000514330.1","ENST00000514330.1","=",FALSE
"isoComp_00144029","geneComp_00019422","TCONS_00223971","XLOC_039462","T_minus","T_plus","XLOC_039462","unknown","unknown",42.1296476236243,48.5973824843613,35.6619127628873,1.22164344632201,0.913853185660836,-0.446386870250685,,0.589860972376803,0.459635720283124,0.720086224470483,0.109295857178887,0.0508269682326596,0.636524715521431,,0.0149,0.00953333333333333,0.0202666666666667,0.0107333333333333,0.419617986406109,0.000160154721270925,FALSE,0,"XLOC_039462","MOB1B","ENST00000509041.5","ENST00000509041.5","=",FALSE
"isoComp_00144030","geneComp_00019422","TCONS_00223972","XLOC_039462","T_minus","T_plus","XLOC_039462","unknown","unknown",42.1296476236243,48.5973824843613,35.6619127628873,1.22164344632201,0.913853185660836,-0.446386870250685,,11.4303137662629,11.0075555980675,11.8530719344584,0.291449447523986,0.332435757252745,0.106673466238845,,0.27985,0.2268,0.3329,0.1061,0.000160154721270925,0.000160154721270925,FALSE,0,"XLOC_039462","MOB1B","ENST00000309395.7","ENST00000309395.7","=",FALSE
"isoComp_00144031","geneComp_00019422","TCONS_00223973","XLOC_039462","T_minus","T_plus","XLOC_039462","unknown","unknown",42.1296476236243,48.5973824843613,35.6619127628873,1.22164344632201,0.913853185660836,-0.446386870250685,,0.407176486325018,0.334178310852023,0.480174661798013,0.0976703092153665,0.14388610311804,0.510139724401725,,0.0101666666666667,0.00693333333333333,0.0134,0.00646666666666667,0.74151490375693,0.000160154721270925,FALSE,0,"XLOC_039462","MOB1B","ENST00000396051.2","ENST00000396051.2","=",FALSE
"isoComp_00144033","geneComp_00019422","TCONS_00223976","XLOC_039462","T_minus","T_plus","XLOC_039462","unknown","unknown",42.1296476236243,48.5973824843613,35.6619127628873,1.22164344632201,0.913853185660836,-0.446386870250685,,1.12011455162521,1.28625164693691,0.953977456313521,0.0757400690259337,0.14855442191646,-0.427274509106463,,0.02675,0.0265666666666667,0.0269333333333333,0.000366666666666668,1,0.000160154721270925,FALSE,0,"XLOC_039462","DCK","ENST00000503359.5","ENST00000503359.5","=",FALSE
"isoComp_00144036","geneComp_00019422","TCONS_00223979","XLOC_039462","T_minus","T_plus","XLOC_039462","unknown","unknown",42.1296476236243,48.5973824843613,35.6619127628873,1.22164344632201,0.913853185660836,-0.446386870250685,,22.1333183680673,27.6001256455488,16.6665110905857,0.508237903331502,1.07007396534118,-0.727379960529516,,0.517633333333333,0.568233333333333,0.467033333333333,-0.1012,0.0348851086821579,0.000160154721270925,FALSE,0,"XLOC_039462","DCK","PB.9484.1","ENST00000286648.10","=",TRUE
"isoComp_00144037","geneComp_00019422","TCONS_00232070","XLOC_039462","T_minus","T_plus","XLOC_039462","unknown","unknown",42.1296476236243,48.5973824843613,35.6619127628873,1.22164344632201,0.913853185660836,-0.446386870250685,,3.89973789416357,5.38396506491593,2.4155107234112,1.11440883730455,0.591079815881182,-1.15305761986594,,0.0890333333333333,0.1111,0.0669666666666667,-0.0441333333333333,0.653695057268652,0.000160154721270925,FALSE,0,"XLOC_039462","DCK","PB.14159.2","ENST00000503359.5","c",TRUE
"isoComp_00144039","geneComp_00019422","TCONS_00233442","XLOC_039462","T_minus","T_plus","XLOC_039462","unknown","unknown",42.1296476236243,48.5973824843613,35.6619127628873,1.22164344632201,0.913853185660836,-0.446386870250685,,1.82693401310941,1.92853666863843,1.72533135758039,1.14249251780525,0.77208801789723,-0.159756856381366,,0.0437333333333333,0.0386,0.0488666666666667,0.0102666666666667,0.956599893168996,0.000160154721270925,FALSE,0,"XLOC_039462","DCK","PB.13263.4","ENST00000503359.5","c",TRUE
"isoComp_00144919","geneComp_00019552","TCONS_00224974","XLOC_039716","T_minus","T_plus","XLOC_039716","unknown","unknown",26.3994512396036,18.8959293852425,33.9029730939647,0.635074867634202,1.35508606180595,0.842998496934717,,7.86898093769309,7.46815475317157,8.26980712221461,0.907649666384312,0.881103782269013,0.146914833909166,,0.319666666666667,0.3929,0.246433333333333,-0.146466666666667,0.130154836545049,0.00206093944169202,FALSE,0,"XLOC_039716","GAR1","ENST00000394631.7","ENST00000394631.7","=",FALSE
"isoComp_00144920","geneComp_00019552","TCONS_00224975","XLOC_039716","T_minus","T_plus","XLOC_039716","unknown","unknown",26.3994512396036,18.8959293852425,33.9029730939647,0.635074867634202,1.35508606180595,0.842998496934717,,2.71115547509995,1.96833090231016,3.45398004788974,0.398332020583642,0.5039834369495,0.808146864011029,,0.1024,0.103566666666667,0.101233333333333,-0.00233333333333333,1,0.00206093944169202,FALSE,0,"XLOC_039716","GAR1","ENST00000506840.5","ENST00000506840.5","=",FALSE
"isoComp_00144921","geneComp_00019552","TCONS_00224976","XLOC_039716","T_minus","T_plus","XLOC_039716","unknown","unknown",26.3994512396036,18.8959293852425,33.9029730939647,0.635074867634202,1.35508606180595,0.842998496934717,,13.9260252548337,8.15584526103587,19.6962052486316,0.440331921045176,1.09389283965509,1.27097585412043,,0.506366666666667,0.432366666666667,0.580366666666667,0.148,0.00206093944169202,0.00206093944169202,FALSE,0,"XLOC_039716","GAR1","ENST00000226796.7","ENST00000226796.7","=",FALSE
"isoComp_00144923","geneComp_00019552","TCONS_00233556","XLOC_039716","T_minus","T_plus","XLOC_039716","unknown","unknown",26.3994512396036,18.8959293852425,33.9029730939647,0.635074867634202,1.35508606180595,0.842998496934717,,0.38888191757521,0.298175707034261,0.47958812811616,0.0395069892700912,0.0644408365011187,0.667815433807654,,0.0151333333333333,0.0159666666666667,0.0143,-0.00166666666666667,0.973828596292279,0.00206093944169202,FALSE,0,"XLOC_039716","GAR1","PB.14390.2","ENST00000226796.7","j",TRUE
"isoComp_00144924","geneComp_00019552","TCONS_00234396","XLOC_039716","T_minus","T_plus","XLOC_039716","unknown","unknown",26.3994512396036,18.8959293852425,33.9029730939647,0.635074867634202,1.35508606180595,0.842998496934717,,1.32738216294838,0.866571954052232,1.78819237184453,0.522202016984882,0.816697828315509,1.0366029439671,,0.0495,0.0477666666666667,0.0512333333333333,0.00346666666666667,0.980613971039328,0.00206093944169202,FALSE,0,"XLOC_039716","GAR1","PB.14390.1","ENST00000226796.7","j",TRUE
"isoComp_00145429","geneComp_00019621","TCONS_00225810","XLOC_039900","T_minus","T_plus","XLOC_039900","unknown","unknown",8.56534086977861,10.2614667222995,6.86921501725769,0.221241221205568,0.616783766937793,-0.57832635271657,,0.113769526543665,0.183052331753968,0.0444867213333624,0.0945936892430649,0.0444867213333624,-1.82501539339677,,0.0123333333333333,0.0174666666666667,0.0072,-0.0102666666666667,0.852279498795875,0.000310912602640802,FALSE,0,"XLOC_039900","ELMOD2","ENST00000511887.6","ENST00000511887.6","=",FALSE
"isoComp_00145430","geneComp_00019621","TCONS_00225811","XLOC_039900","T_minus","T_plus","XLOC_039900","unknown","unknown",8.56534086977861,10.2614667222995,6.86921501725769,0.221241221205568,0.616783766937793,-0.57832635271657,,4.98601815843955,6.63891020310942,3.33312611376968,0.435609709841466,0.227859331240728,-0.991920114275607,,0.5734,0.6488,0.498,-0.1508,0.523075450791675,0.000310912602640802,FALSE,0,"XLOC_039900","ELMOD2","ENST00000323570.8","ENST00000323570.8","=",FALSE
"isoComp_00145433","geneComp_00019621","TCONS_00225814","XLOC_039900","T_minus","T_plus","XLOC_039900","unknown","unknown",8.56534086977861,10.2614667222995,6.86921501725769,0.221241221205568,0.616783766937793,-0.57832635271657,,0.186063809849393,0.292646758474951,0.0794808612238352,0.131072054443616,0.0423519503629968,-1.75798385197582,,0.0208666666666667,0.029,0.0127333333333333,-0.0162666666666667,0.868914494033247,0.000310912602640802,TRUE,0,"XLOC_039900","ELMOD2","ENST00000502397.5","ENST00000502397.5","=",FALSE
"isoComp_00145434","geneComp_00019621","TCONS_00225816","XLOC_039900","T_minus","T_plus","XLOC_039900","unknown","unknown",8.56534086977861,10.2614667222995,6.86921501725769,0.221241221205568,0.616783766937793,-0.57832635271657,,0.102392765287305,0.100821297709723,0.103964232864886,0.0215593231758789,0.0647862935836996,0.0403459463043804,,0.0131833333333333,0.0098,0.0165666666666667,0.00676666666666667,0.996876681283883,0.000310912602640802,TRUE,0,"XLOC_039900","ELMOD2","ENST00000512057.1","ENST00000512057.1","=",FALSE
"isoComp_00145436","geneComp_00019621","TCONS_00233621","XLOC_039900","T_minus","T_plus","XLOC_039900","unknown","unknown",8.56534086977861,10.2614667222995,6.86921501725769,0.221241221205568,0.616783766937793,-0.57832635271657,,2.01852718700295,1.59426846497736,2.44278590902854,0.184512207244271,0.237786295250777,0.612505725414627,,0.255483333333333,0.155633333333333,0.355333333333333,0.1997,0.000310912602640802,0.000310912602640802,,0,"XLOC_039900","ELMOD2","PB.13573.2","ENST00000323570.8","j",TRUE
"isoComp_00145437","geneComp_00019621","TCONS_00233622","XLOC_039900","T_minus","T_plus","XLOC_039900","unknown","unknown",8.56534086977861,10.2614667222995,6.86921501725769,0.221241221205568,0.616783766937793,-0.57832635271657,,0.258227108564134,0.354705983230001,0.161748233898266,0.154058566827009,0.0895579644326765,-1.08643860442008,,0.02815,0.0343,0.022,-0.0123,0.909468224224715,0.000310912602640802,TRUE,0,"XLOC_039900","ELMOD2","PB.13573.4","ENST00000323570.8","j",TRUE
"isoComp_00145438","geneComp_00019621","TCONS_00233623","XLOC_039900","T_minus","T_plus","XLOC_039900","unknown","unknown",8.56534086977861,10.2614667222995,6.86921501725769,0.221241221205568,0.616783766937793,-0.57832635271657,,0.826546678785883,0.977170185451417,0.675923172120348,0.848126158572101,0.631958606904595,-0.525251828648519,,0.0887166666666667,0.0928333333333333,0.0846,-0.00823333333333333,0.990900967848036,0.000310912602640802,,0,"XLOC_039900","ELMOD2","PB.13573.5","ENST00000323570.8","c",TRUE
"isoComp_00148637","geneComp_00020105","TCONS_00230042","XLOC_041015","T_minus","T_plus","XLOC_041015","unknown","unknown",3.78002544170522,4.93819015490292,2.62186072850752,0.236494852820524,0.514004701282625,-0.910817795693818,,1.32449406193097,1.7887565384705,0.860231585391449,0.0575249478103185,0.014093835208581,-1.04752864504894,,0.35915,0.364433333333333,0.353866666666667,-0.0105666666666667,0.988156701944571,0.0236927532316061,FALSE,1,"XLOC_041015","PLA2G12A","ENST00000243501.10","ENST00000243501.10","=",FALSE
"isoComp_00148638","geneComp_00020105","TCONS_00230045","XLOC_041015","T_minus","T_plus","XLOC_041015","unknown","unknown",3.78002544170522,4.93819015490292,2.62186072850752,0.236494852820524,0.514004701282625,-0.910817795693818,,0.252548482153808,0.25683803301914,0.248258931288477,0.060696457350168,0.195307427770148,-0.0471460694877278,,0.0638666666666667,0.0534333333333333,0.0743,0.0208666666666667,0.994962316366027,0.0236927532316061,TRUE,0,"XLOC_041015","PLA2G12A","ENST00000507961.1","ENST00000507961.1","=",FALSE
"isoComp_00148639","geneComp_00020105","TCONS_00230046","XLOC_041015","T_minus","T_plus","XLOC_041015","unknown","unknown",3.78002544170522,4.93819015490292,2.62186072850752,0.236494852820524,0.514004701282625,-0.910817795693818,,1.32403713663025,2.14328565340849,0.504788619852005,0.562838236712234,0.321767954234314,-2.06448765298214,,0.292966666666667,0.425233333333333,0.1607,-0.264533333333333,0.615890480830084,0.0236927532316061,,0,"XLOC_041015","PLA2G12A","ENST00000502772.1","ENST00000502772.1","=",FALSE
"isoComp_00148640","geneComp_00020105","TCONS_00234031","XLOC_041015","T_minus","T_plus","XLOC_041015","unknown","unknown",3.78002544170522,4.93819015490292,2.62186072850752,0.236494852820524,0.514004701282625,-0.910817795693818,,0.800804063217068,0.593026534458543,1.00858159197559,0.0874379874295316,0.0428238772937233,0.756268159585116,,0.266666666666667,0.122166666666667,0.411166666666667,0.289,0.0236927532316061,0.0236927532316061,FALSE,0,"XLOC_041015","ENSG00000285330","PB.13463.1","ENST00000645635.1","j",TRUE
"isoComp_00148641","geneComp_00020105","TCONS_00234749","XLOC_041015","T_minus","T_plus","XLOC_041015","unknown","unknown",3.78002544170522,4.93819015490292,2.62186072850752,0.236494852820524,0.514004701282625,-0.910817795693818,,0.0781416977731239,0.156283395546248,0,0.156283395546248,0,-4.05557220843688,,0.0173833333333333,0.0347666666666667,0,-0.0347666666666667,0.968202861912383,0.0236927532316061,FALSE,0,"XLOC_041015","ENSG00000285330","PB.14389.1","ENST00000645635.1","j",TRUE
"isoComp_00149218","geneComp_00020209","TCONS_00230961","XLOC_041265","T_minus","T_plus","XLOC_041265","unknown","unknown",3.02773780828581,2.32504439403233,3.73043122253929,0.1407897758945,0.562089919234509,0.679754624652421,,1.1332046834953,1.26951684996044,0.996892517030153,0.10361435056751,0.228025047195381,-0.34568945846767,,0.402383333333333,0.5448,0.259966666666667,-0.284833333333333,0.00096572244725111,0.00096572244725111,FALSE,0,"XLOC_041265","SH3D19","ENST00000604922.1","ENST00000604922.1","=",FALSE
"isoComp_00149221","geneComp_00020209","TCONS_00230964","XLOC_041265","T_minus","T_plus","XLOC_041265","unknown","unknown",3.02773780828581,2.32504439403233,3.73043122253929,0.1407897758945,0.562089919234509,0.679754624652421,,0.721736681386004,0.516929406638836,0.926543956133173,0.135008029303221,0.126759363328735,0.829737012857759,,0.2367,0.222133333333333,0.251266666666667,0.0291333333333333,0.945231725635584,0.00096572244725111,FALSE,1,"XLOC_041265","SH3D19","ENST00000604030.7","ENST00000604030.7","=",FALSE
"isoComp_00149222","geneComp_00020209","TCONS_00230965","XLOC_041265","T_minus","T_plus","XLOC_041265","unknown","unknown",3.02773780828581,2.32504439403233,3.73043122253929,0.1407897758945,0.562089919234509,0.679754624652421,,0.639561746404159,0.135899945870427,1.14322354693789,0.060326925294484,0.144493410353331,2.98262094659652,,0.184566666666667,0.0581666666666667,0.310966666666667,0.2528,0.00128843650480082,0.00096572244725111,FALSE,1,"XLOC_041265","SH3D19","ENST00000409252.6","ENST00000409252.6","=",FALSE
"isoComp_00149223","geneComp_00020209","TCONS_00230966","XLOC_041265","T_minus","T_plus","XLOC_041265","unknown","unknown",3.02773780828581,2.32504439403233,3.73043122253929,0.1407897758945,0.562089919234509,0.679754624652421,,0.180907209984708,0.197923646576127,0.163890773393289,0.0679421708654811,0.0822515634024364,-0.257872455618675,,0.07015,0.0894666666666667,0.0508333333333333,-0.0386333333333333,0.880128969914817,0.00096572244725111,FALSE,1,"XLOC_041265","SH3D19","ENST00000478503.6","ENST00000478503.6","=",FALSE
"isoComp_00149224","geneComp_00020209","TCONS_00230969","XLOC_041265","T_minus","T_plus","XLOC_041265","unknown","unknown",3.02773780828581,2.32504439403233,3.73043122253929,0.1407897758945,0.562089919234509,0.679754624652421,,0.160490834759999,0.0444695254000317,0.276512144119966,0.0390512892266017,0.177153650761277,2.39507508847324,,0.0404833333333333,0.0178,0.0631666666666667,0.0453666666666667,0.836202099229572,0.00096572244725111,FALSE,0,"XLOC_041265","SH3D19","ENST00000427414.2","ENST00000427414.2","=",FALSE
"isoComp_00149225","geneComp_00020209","TCONS_00230971","XLOC_041265","T_minus","T_plus","XLOC_041265","unknown","unknown",3.02773780828581,2.32504439403233,3.73043122253929,0.1407897758945,0.562089919234509,0.679754624652421,,0.119541185927051,0.119678319794176,0.119404052059926,0.0823446532043879,0.0751348271674625,-0.00305451000047313,,0.04155,0.0490666666666667,0.0340333333333333,-0.0150333333333333,0.994046069993263,0.00096572244725111,,0,"XLOC_041265","SH3D19","ENST00000462257.1","ENST00000462257.1","=",FALSE
"isoComp_00155020","geneComp_00021060","TCONS_00241632","XLOC_043254","T_minus","T_plus","XLOC_043254","unknown","unknown",1.94144770310762,2.29232444053718,1.59057096567806,0.510238400833193,0.182505150080917,-0.524504506366912,,0.154549613096125,0.309099226192251,0,0.12092306106293,0,-4.99593320500896,,0.0668,0.1336,0,-0.1336,0.0292411106984699,3.90005203417855e-06,,0,"XLOC_043254","TARS1-DT","ENST00000507251.1","ENST00000507251.1","=",FALSE
"isoComp_00155021","geneComp_00021060","TCONS_00241633","XLOC_043254","T_minus","T_plus","XLOC_043254","unknown","unknown",1.94144770310762,2.29232444053718,1.59057096567806,0.510238400833193,0.182505150080917,-0.524504506366912,,1.76493065807211,1.93929035046617,1.59057096567806,0.424622318238501,0.182505150080917,-0.284362354623066,,0.923066666666667,0.846133333333333,1,0.153866666666667,3.90005203417855e-06,3.90005203417855e-06,,1,"XLOC_043254","TARS1-DT","ENST00000689344.1","ENST00000689344.1","=",FALSE
"isoComp_00155022","geneComp_00021060","TCONS_00241634","XLOC_043254","T_minus","T_plus","XLOC_043254","unknown","unknown",1.94144770310762,2.29232444053718,1.59057096567806,0.510238400833193,0.182505150080917,-0.524504506366912,,0.0219674319393832,0.0439348638787664,0,0.0439348638787664,0,-2.43121814282981,,0.0101166666666667,0.0202333333333333,0,-0.0202333333333333,0.96833930328402,3.90005203417855e-06,,0,"XLOC_043254","TARS1-DT","ENST00000691449.1","ENST00000691449.1","=",FALSE
"isoComp_00155527","geneComp_00021149","TCONS_00242240","XLOC_043436","T_minus","T_plus","XLOC_043436","unknown","unknown",10.4974435020587,5.70189823343012,15.2929887706873,0.666472807030061,0.579648340706302,1.42177126712404,,5.6115076360691,2.52314186757911,8.6998734045591,0.0937328057805892,0.29782688558354,1.78172387296815,,0.5128,0.456333333333333,0.569266666666667,0.112933333333333,0.41719084879711,0.000108593428644165,FALSE,0,"XLOC_043436","PLK2","ENST00000274289.8","ENST00000274289.8","=",FALSE
"isoComp_00155530","geneComp_00021149","TCONS_00242245","XLOC_043436","T_minus","T_plus","XLOC_043436","unknown","unknown",10.4974435020587,5.70189823343012,15.2929887706873,0.666472807030061,0.579648340706302,1.42177126712404,,0.177809792007152,0.0913743541190195,0.264245229895285,0.0593868240272269,0.0482878986012338,1.43577380451731,,0.01745,0.0178,0.0171,-0.000699999999999999,0.954688391560245,0.000108593428644165,TRUE,0,"XLOC_043436","PLK2","ENST00000505244.1","ENST00000505244.1","=",FALSE
"isoComp_00155536","geneComp_00021149","TCONS_00242252","XLOC_043436","T_minus","T_plus","XLOC_043436","unknown","unknown",10.4974435020587,5.70189823343012,15.2929887706873,0.666472807030061,0.579648340706302,1.42177126712404,,0.419593814861507,0.827293175283171,0.0118944544398424,0.46046326378297,0.0118944544398424,-5.25709545920683,,0.0661,0.131466666666667,0.000733333333333333,-0.130733333333333,0.000108593428644165,0.000108593428644165,,0,"XLOC_043436","PLK2","ENST00000508300.1","ENST00000508300.1","=",FALSE
"isoComp_00155538","geneComp_00021149","TCONS_00248868","XLOC_043436","T_minus","T_plus","XLOC_043436","unknown","unknown",10.4974435020587,5.70189823343012,15.2929887706873,0.666472807030061,0.579648340706302,1.42177126712404,,3.71062876435026,2.04295344938278,5.37830407931774,0.339482740449828,0.221689398126501,1.39213035423652,,0.35505,0.3585,0.3516,-0.00689999999999996,1,0.000108593428644165,FALSE,0,"XLOC_043436","PLK2","PB.13979.1","ENST00000617412.1","c",TRUE
"isoComp_00155539","geneComp_00021149","TCONS_00249756","XLOC_043436","T_minus","T_plus","XLOC_043436","unknown","unknown",10.4974435020587,5.70189823343012,15.2929887706873,0.666472807030061,0.579648340706302,1.42177126712404,,0.237855385607849,0.0881019104461842,0.387608860769513,0.0440514141392481,0.0739930814419964,2.01899677090598,,0.0203833333333333,0.0157,0.0250666666666667,0.00936666666666667,0.852520439766972,0.000108593428644165,TRUE,1,"XLOC_043436","PLK2","PB.14943.2","ENST00000617412.1","m",TRUE
"isoComp_00157014","geneComp_00021379","TCONS_00244103","XLOC_043956","T_minus","T_plus","XLOC_043956","unknown","unknown",6.7504128510533,8.49726130952346,5.00356439258313,0.810162264189096,0.842908826692225,-0.762858116738975,,0.22630073763566,0.393776651162439,0.0588248241088813,0.358695061144956,0.0422578572554357,-2.55255656468665,,0.0250333333333333,0.0397333333333333,0.0103333333333333,-0.0294,0.985071873712392,0.0407507766759713,TRUE,0,"XLOC_043956","MEIKIN","ENST00000439905.5","ENST00000439905.5","=",FALSE
"isoComp_00157016","geneComp_00021379","TCONS_00244105","XLOC_043956","T_minus","T_plus","XLOC_043956","unknown","unknown",6.7504128510533,8.49726130952346,5.00356439258313,0.810162264189096,0.842908826692225,-0.762858116738975,,0.144970671693836,0.105321418737689,0.184619924649982,0.105321418737689,0.108425415944931,0.75499892605141,,0.023,0.0139,0.0321,0.0182,0.815495142394291,0.0407507766759713,FALSE,0,"XLOC_043956","MEIKIN","ENST00000446743.1","ENST00000446743.1","=",FALSE
"isoComp_00157026","geneComp_00021379","TCONS_00247245","XLOC_043956","T_minus","T_plus","XLOC_043956","unknown","unknown",6.7504128510533,8.49726130952346,5.00356439258313,0.810162264189096,0.842908826692225,-0.762858116738975,,0.101409950515114,0.121260911919064,0.0815589891111644,0.0629006411504613,0.0815589891111644,-0.519663921676897,,0.0190666666666667,0.0137,0.0244333333333333,0.0107333333333333,0.921841737659602,0.0407507766759713,FALSE,0,"XLOC_043956","ENSG00000281938","PB.13146.1","ENST00000413683.5","j",TRUE
"isoComp_00157028","geneComp_00021379","TCONS_00248000","XLOC_043956","T_minus","T_plus","XLOC_043956","unknown","unknown",6.7504128510533,8.49726130952346,5.00356439258313,0.810162264189096,0.842908826692225,-0.762858116738975,,0.560518214778102,0.609268506472532,0.511767923083671,0.0476147000650038,0.111337603699109,-0.247156824408729,,0.0878166666666667,0.0720333333333333,0.1036,0.0315666666666667,0.804590149024575,0.0407507766759713,TRUE,0,"XLOC_043956","ENSG00000281938","PB.10241.2","ENST00000413683.5","j",TRUE
"isoComp_00157029","geneComp_00021379","TCONS_00249073","XLOC_043956","T_minus","T_plus","XLOC_043956","unknown","unknown",6.7504128510533,8.49726130952346,5.00356439258313,0.810162264189096,0.842908826692225,-0.762858116738975,,1.24691812268134,1.37904526740638,1.11479097795631,0.350523367862005,0.5455092651096,-0.304436688286541,,0.195766666666667,0.172233333333333,0.2193,0.0470666666666666,0.96272029719629,0.0407507766759713,FALSE,0,"XLOC_043956","ENSG00000281938","PB.14387.1","ENST00000413683.5","j",TRUE
"isoComp_00157030","geneComp_00021379","TCONS_00249074","XLOC_043956","T_minus","T_plus","XLOC_043956","unknown","unknown",6.7504128510533,8.49726130952346,5.00356439258313,0.810162264189096,0.842908826692225,-0.762858116738975,,0.260674751234875,0.308544218733248,0.212805283736502,0.166387640156744,0.108597514491688,-0.515710208165859,,0.0383166666666667,0.0403,0.0363333333333333,-0.00396666666666666,0.99888114019845,0.0407507766759713,FALSE,0,"XLOC_043956","ENSG00000281938","PB.14387.2","ENST00000413683.5","j",TRUE
"isoComp_00157031","geneComp_00021379","TCONS_00249075","XLOC_043956","T_minus","T_plus","XLOC_043956","unknown","unknown",6.7504128510533,8.49726130952346,5.00356439258313,0.810162264189096,0.842908826692225,-0.762858116738975,,0.708039440273803,0.512984391252017,0.903094489295589,0.140910365963422,0.287735008108124,0.803996272504409,,0.120433333333333,0.0585,0.182366666666667,0.123866666666667,0.189911851797095,0.0407507766759713,TRUE,0,"XLOC_043956","ENSG00000281938","PB.14387.4","ENST00000413683.5","j",TRUE
"isoComp_00157032","geneComp_00021379","TCONS_00249076","XLOC_043956","T_minus","T_plus","XLOC_043956","unknown","unknown",6.7504128510533,8.49726130952346,5.00356439258313,0.810162264189096,0.842908826692225,-0.762858116738975,,0.118579774154714,0.131080630486343,0.106078917823086,0.0976050177835648,0.0609662723497736,-0.281413953597064,,0.0160833333333333,0.0137333333333333,0.0184333333333333,0.0047,0.955280962613578,0.0407507766759713,FALSE,0,"XLOC_043956","ENSG00000281938","PB.14387.5","ENST00000413683.5","j",TRUE
"isoComp_00157033","geneComp_00021379","TCONS_00249077","XLOC_043956","T_minus","T_plus","XLOC_043956","unknown","unknown",6.7504128510533,8.49726130952346,5.00356439258313,0.810162264189096,0.842908826692225,-0.762858116738975,,1.10335670080044,1.93413820002624,0.272575201574633,0.316012797597233,0.151661214613615,-2.782424009946,,0.139533333333333,0.2271,0.0519666666666667,-0.175133333333333,0.0407507766759713,0.0407507766759713,FALSE,0,"XLOC_043956","ENSG00000281938","PB.14387.6","ENST00000413683.5","j",TRUE
"isoComp_00157034","geneComp_00021379","TCONS_00249078","XLOC_043956","T_minus","T_plus","XLOC_043956","unknown","unknown",6.7504128510533,8.49726130952346,5.00356439258313,0.810162264189096,0.842908826692225,-0.762858116738975,,1.07691820385784,1.41438553698026,0.739450870735426,0.681625745493402,0.384274150004834,-0.926433879543457,,0.142283333333333,0.156966666666667,0.1276,-0.0293666666666667,0.96770994459835,0.0407507766759713,FALSE,0,"XLOC_043956","ENSG00000281938","PB.14387.7","ENST00000413683.5","j",TRUE
"isoComp_00157035","geneComp_00021379","TCONS_00249079","XLOC_043956","T_minus","T_plus","XLOC_043956","unknown","unknown",6.7504128510533,8.49726130952346,5.00356439258313,0.810162264189096,0.842908826692225,-0.762858116738975,,0.453915191607808,0.673906112565381,0.233924270650235,0.100021297635883,0.233924270650235,-1.48736496930561,,0.0599333333333333,0.0812333333333333,0.0386333333333333,-0.0426,0.579740755107917,0.0407507766759713,TRUE,0,"XLOC_043956","ENSG00000281938","PB.14387.8","ENST00000413683.5","j",TRUE
"isoComp_00157036","geneComp_00021379","TCONS_00249080","XLOC_043956","T_minus","T_plus","XLOC_043956","unknown","unknown",6.7504128510533,8.49726130952346,5.00356439258313,0.810162264189096,0.842908826692225,-0.762858116738975,,0.427635001065081,0.536448499241064,0.318821502889097,0.290711421660542,0.318821502889097,-0.732780888186682,,0.0798333333333333,0.0641,0.0955666666666667,0.0314666666666667,0.84141835582906,0.0407507766759713,FALSE,0,"XLOC_043956","ENSG00000281938","PB.14387.10","ENST00000413683.5","j",TRUE
"isoComp_00157038","geneComp_00021379","TCONS_00249887","XLOC_043956","T_minus","T_plus","XLOC_043956","unknown","unknown",6.7504128510533,8.49726130952346,5.00356439258313,0.810162264189096,0.842908826692225,-0.762858116738975,,0.101934517664971,0.0883340931348357,0.115534942195105,0.0883340931348357,0.0984617229299511,0.352325387878528,,0.0224333333333333,0.0116666666666667,0.0332,0.0215333333333333,0.903929016802233,0.0407507766759713,FALSE,0,"XLOC_043956","ENSG00000281938","PB.15373.4","ENST00000413683.5","j",TRUE
"isoComp_00157561","geneComp_00021434","TCONS_00244624","XLOC_044051","T_minus","T_plus","XLOC_044051","unknown","unknown",1.77487355471613,1.36233340028071,2.18741370915155,0.107143349163276,0.279032477254595,0.679175494571393,,0.541359850265706,0.70274110934757,0.379978591183843,0.0440980542218268,0.0558764439671994,-0.869983212337934,,0.352183333333333,0.5241,0.180266666666667,-0.343833333333333,0.0347083546201711,0.0347083546201711,FALSE,0,"XLOC_044051","DNAJC18","ENST00000302060.10","ENST00000302060.10","=",FALSE
"isoComp_00157562","geneComp_00021434","TCONS_00244625","XLOC_044051","T_minus","T_plus","XLOC_044051","unknown","unknown",1.77487355471613,1.36233340028071,2.18741370915155,0.107143349163276,0.279032477254595,0.679175494571393,,0.156830490554904,0,0.313660981109807,0,0.119146274193384,5.01641154708133,,0.0800333333333333,0,0.160066666666667,0.160066666666667,0.12842324665369,0.0347083546201711,FALSE,0,"XLOC_044051","DNAJC18","ENST00000510770.1","ENST00000510770.1","=",FALSE
"isoComp_00157563","geneComp_00021434","TCONS_00244626","XLOC_044051","T_minus","T_plus","XLOC_044051","unknown","unknown",1.77487355471613,1.36233340028071,2.18741370915155,0.107143349163276,0.279032477254595,0.679175494571393,,0.151967997063572,0.110998318595534,0.192937675531611,0.110998318595534,0.103825599560307,0.746049727567927,,0.0799333333333333,0.0704333333333333,0.0894333333333333,0.019,0.890352118144364,0.0347083546201711,FALSE,0,"XLOC_044051","DNAJC18","ENST00000508445.5","ENST00000508445.5","=",FALSE
"isoComp_00157564","geneComp_00021434","TCONS_00244627","XLOC_044051","T_minus","T_plus","XLOC_044051","unknown","unknown",1.77487355471613,1.36233340028071,2.18741370915155,0.107143349163276,0.279032477254595,0.679175494571393,,0.312613892591383,0.213934384220491,0.411293400962275,0.145741254152955,0.326387673402302,0.911749252854497,,0.162216666666667,0.165033333333333,0.1594,-0.00563333333333335,0.992192611284982,0.0347083546201711,,0,"XLOC_044051","DNAJC18","ENST00000514052.1","ENST00000514052.1","=",FALSE
"isoComp_00157565","geneComp_00021434","TCONS_00244628","XLOC_044051","T_minus","T_plus","XLOC_044051","unknown","unknown",1.77487355471613,1.36233340028071,2.18741370915155,0.107143349163276,0.279032477254595,0.679175494571393,,0.389602873674459,0.292680091339816,0.486525656009103,0.14667762850322,0.242996290997362,0.71407447966271,,0.231033333333333,0.2092,0.252866666666667,0.0436666666666667,0.989699037195604,0.0347083546201711,FALSE,0,"XLOC_044051","DNAJC18","ENST00000507405.5","ENST00000507405.5","=",FALSE
"isoComp_00157566","geneComp_00021434","TCONS_00244629","XLOC_044051","T_minus","T_plus","XLOC_044051","unknown","unknown",1.77487355471613,1.36233340028071,2.18741370915155,0.107143349163276,0.279032477254595,0.679175494571393,,0.113738784078676,0,0.227477568157352,0,0.161456902598213,4.56971933954547,,0.0451833333333333,0,0.0903666666666667,0.0903666666666667,0.635562577371631,0.0347083546201711,TRUE,0,"XLOC_044051","DNAJC18","ENST00000505568.5","ENST00000505568.5","=",FALSE
"isoComp_00157567","geneComp_00021434","TCONS_00244630","XLOC_044051","T_minus","T_plus","XLOC_044051","unknown","unknown",1.77487355471613,1.36233340028071,2.18741370915155,0.107143349163276,0.279032477254595,0.679175494571393,,0.0430195055299523,0,0.0860390110599045,0,0.0860390110599045,3.26362054781742,,0.0156666666666667,0,0.0313333333333333,0.0313333333333333,0.960302182597282,0.0347083546201711,TRUE,0,"XLOC_044051","DNAJC18","ENST00000506870.5","ENST00000506870.5","=",FALSE
"isoComp_00157568","geneComp_00021434","TCONS_00244632","XLOC_044051","T_minus","T_plus","XLOC_044051","unknown","unknown",1.77487355471613,1.36233340028071,2.18741370915155,0.107143349163276,0.279032477254595,0.679175494571393,,0.0332423451822358,0,0.0664846903644717,0,0.0664846903644717,2.9351709981889,,0.0121,0,0.0242,0.0242,0.963445134553073,0.0347083546201711,TRUE,0,"XLOC_044051","DNAJC18","ENST00000515277.5","ENST00000515277.5","=",FALSE
"isoComp_00157569","geneComp_00021434","TCONS_00244635","XLOC_044051","T_minus","T_plus","XLOC_044051","unknown","unknown",1.77487355471613,1.36233340028071,2.18741370915155,0.107143349163276,0.279032477254595,0.679175494571393,,0.0324978157752428,0.0419794967773026,0.023016134773183,0.0235694042964725,0.0115275105655597,-0.654771434283506,,0.02165,0.0312666666666667,0.0120333333333333,-0.0192333333333333,0.924420810539947,0.0347083546201711,TRUE,0,"XLOC_044051","ENSG00000279686","ENST00000515823.2","ENST00000515823.2","=",FALSE
"isoComp_00158294","geneComp_00021523","TCONS_00245478","XLOC_044240","T_minus","T_plus","XLOC_044240","unknown","unknown",8.70618785293506,1.45814130788011,15.95423439799,0.204367227365973,1.41536569969571,3.44278062810295,,3.20286603364754,0.739816862986384,5.6659152043087,0.198040584476199,0.610943699171073,2.92024285977117,,0.422116666666667,0.489933333333333,0.3543,-0.135633333333333,0.422763997431156,0.0022391819176482,FALSE,0,"XLOC_044240","EBF1","ENST00000622875.4","ENST00000622875.4","=",FALSE
"isoComp_00158295","geneComp_00021523","TCONS_00245481","XLOC_044240","T_minus","T_plus","XLOC_044240","unknown","unknown",8.70618785293506,1.45814130788011,15.95423439799,0.204367227365973,1.41536569969571,3.44278062810295,,2.51196844660221,0.325317221854269,4.69861967135014,0.162792924593678,0.206093630190494,3.81170570994741,,0.277866666666667,0.258733333333333,0.297,0.0382666666666667,0.924711233471793,0.0022391819176482,FALSE,0,"XLOC_044240","EBF1","ENST00000518836.5","ENST00000518836.5","=",FALSE
"isoComp_00158296","geneComp_00021523","TCONS_00245482","XLOC_044240","T_minus","T_plus","XLOC_044240","unknown","unknown",8.70618785293506,1.45814130788011,15.95423439799,0.204367227365973,1.41536569969571,3.44278062810295,,1.71111170046334,0.301293426808729,3.12092997411796,0.152002147014718,0.757933328519155,3.33024422308248,,0.188666666666667,0.1859,0.191433333333333,0.00553333333333336,0.988516765947525,0.0022391819176482,FALSE,1,"XLOC_044240","EBF1","ENST00000313708.11","ENST00000313708.11","=",FALSE
"isoComp_00158299","geneComp_00021523","TCONS_00245485","XLOC_044240","T_minus","T_plus","XLOC_044240","unknown","unknown",8.70618785293506,1.45814130788011,15.95423439799,0.204367227365973,1.41536569969571,3.44278062810295,,1.1370995550246,0.0221996637191067,2.2519994463301,0.0221996637191067,0.316194843135123,6.13440914450695,,0.0781,0.0120333333333333,0.144166666666667,0.132133333333333,0.0022391819176482,0.0022391819176482,FALSE,1,"XLOC_044240","EBF1","ENST00000517373.1","ENST00000517373.1","=",FALSE
"isoComp_00158303","geneComp_00021523","TCONS_00249993","XLOC_044240","T_minus","T_plus","XLOC_044240","unknown","unknown",8.70618785293506,1.45814130788011,15.95423439799,0.204367227365973,1.41536569969571,3.44278062810295,,0.0236572343962588,0.0473144687925177,0,0.0473144687925177,0,-2.51889938715335,,0.02065,0.0413,0,-0.0413,0.798812612902849,0.0022391819176482,FALSE,0,"XLOC_044240","EBF1","PB.15618.4","ENST00000518836.5","c",TRUE
"isoComp_00159006","geneComp_00021606","TCONS_00246280","XLOC_044425","T_minus","T_plus","XLOC_044425","unknown","unknown",12.0646998964769,1.30005851199623,22.8293412809575,0.225957345655084,3.15889057686518,4.12381788758442,,6.7072939436,0.401134702510018,13.01345318469,0.135142450430678,1.75138913661116,4.98535707125128,,0.43155,0.291633333333333,0.571466666666667,0.279833333333333,5.84450475090343e-05,5.84450475090343e-05,FALSE,0,"XLOC_044425","GFPT2","ENST00000253778.13","ENST00000253778.13","=",FALSE
"isoComp_00159008","geneComp_00021606","TCONS_00246285","XLOC_044425","T_minus","T_plus","XLOC_044425","unknown","unknown",12.0646998964769,1.30005851199623,22.8293412809575,0.225957345655084,3.15889057686518,4.12381788758442,,0.142134978053623,0.033974651205706,0.25029530490154,0.033974651205706,0.25029530490154,2.56540524943069,,0.0242166666666667,0.0383,0.0101333333333333,-0.0281666666666667,0.862227698502374,5.84450475090343e-05,FALSE,0,"XLOC_044425","GFPT2","ENST00000518158.5","ENST00000518158.5","=",FALSE
"isoComp_00159011","geneComp_00021606","TCONS_00247542","XLOC_044425","T_minus","T_plus","XLOC_044425","unknown","unknown",12.0646998964769,1.30005851199623,22.8293412809575,0.225957345655084,3.15889057686518,4.12381788758442,,4.63962939514887,0.729550639248621,8.54970815104912,0.156555345259327,1.15624525249662,3.53284076634435,,0.4644,0.5539,0.3749,-0.179,0.0223184129690166,5.84450475090343e-05,FALSE,0,"XLOC_044425","GFPT2","PB.13489.2","ENST00000253778.13","c",TRUE
"isoComp_00159012","geneComp_00021606","TCONS_00250055","XLOC_044425","T_minus","T_plus","XLOC_044425","unknown","unknown",12.0646998964769,1.30005851199623,22.8293412809575,0.225957345655084,3.15889057686518,4.12381788758442,,0.437559558838015,0.135398519031883,0.739720598644148,0.0822119968235896,0.177578274346449,2.36634046622473,,0.07385,0.116133333333333,0.0315666666666667,-0.0845666666666667,0.766830909049197,5.84450475090343e-05,FALSE,0,"XLOC_044425","GFPT2","PB.15751.2","ENST00000253778.13","j",TRUE
"isoComp_00159305","geneComp_00021655","TCONS_00250283","XLOC_044515","T_minus","T_plus","XLOC_044515","unknown","unknown",3.82694548004201,3.85423371920819,3.79965724087583,0.446238349680775,0.65935624422239,-0.0205211522033487,,0.170404492649217,0.239659118420966,0.101149866877467,0.169077955329002,0.0247664617427535,-1.16745337940872,,0.04045,0.0540333333333333,0.0268666666666667,-0.0271666666666667,0.996345262605176,1.26451520714172e-05,FALSE,1,"XLOC_044515","FARS2","PB.13521.1","ENST00000324331.10","=",TRUE
"isoComp_00159306","geneComp_00021655","TCONS_00250284","XLOC_044515","T_minus","T_plus","XLOC_044515","unknown","unknown",3.82694548004201,3.85423371920819,3.79965724087583,0.446238349680775,0.65935624422239,-0.0205211522033487,,0.117764089874298,0.0295995516254756,0.205928628123121,0.0295995516254756,0.0583685132004751,2.44699853030959,,0.0322333333333333,0.0064,0.0580666666666667,0.0516666666666667,0.348071845093057,1.26451520714172e-05,FALSE,1,"XLOC_044515","FARS2","ENST00000602691.1","ENST00000602691.1","=",FALSE
"isoComp_00159308","geneComp_00021655","TCONS_00250286","XLOC_044515","T_minus","T_plus","XLOC_044515","unknown","unknown",3.82694548004201,3.85423371920819,3.79965724087583,0.446238349680775,0.65935624422239,-0.0205211522033487,,1.51864649024724,1.32026898752037,1.71702399297412,0.458802300266138,0.13296814221591,0.376570129996705,,0.424283333333333,0.379866666666667,0.4687,0.0888333333333333,0.902829253434714,1.26451520714172e-05,FALSE,1,"XLOC_044515","FARS2","ENST00000274680.9","ENST00000274680.9","=",FALSE
"isoComp_00159310","geneComp_00021655","TCONS_00261387","XLOC_044515","T_minus","T_plus","XLOC_044515","unknown","unknown",3.82694548004201,3.85423371920819,3.79965724087583,0.446238349680775,0.65935624422239,-0.0205211522033487,,0.151081900922664,0.302163801845329,0,0.159204001708205,0,-4.96423134864787,,0.0364666666666667,0.0729333333333333,0,-0.0729333333333333,0.479671300836366,1.26451520714172e-05,TRUE,1,"XLOC_044515","FARS2","PB.13521.3","ENST00000648580.1","j",TRUE
"isoComp_00159313","geneComp_00021655","TCONS_00264680","XLOC_044515","T_minus","T_plus","XLOC_044515","unknown","unknown",3.82694548004201,3.85423371920819,3.79965724087583,0.446238349680775,0.65935624422239,-0.0205211522033487,,0.14633698575752,0.16250679916917,0.13016717234587,0.0936587946707223,0.0651460362159964,-0.299504720718295,,0.0453166666666667,0.0492333333333333,0.0414,-0.00783333333333333,0.998161431539877,1.26451520714172e-05,FALSE,0,"XLOC_044515","FARS2","PB.15802.2","ENST00000648580.1","j",TRUE
"isoComp_00159314","geneComp_00021655","TCONS_00264681","XLOC_044515","T_minus","T_plus","XLOC_044515","unknown","unknown",3.82694548004201,3.85423371920819,3.79965724087583,0.446238349680775,0.65935624422239,-0.0205211522033487,,0.233104763805452,0.355194619505707,0.111014908105196,0.355194619505707,0.111014908105196,-1.59348072255645,,0.0574333333333333,0.0769333333333333,0.0379333333333333,-0.039,1,1.26451520714172e-05,TRUE,1,"XLOC_044515","FARS2","PB.15802.4","ENST00000648580.1","c",TRUE
"isoComp_00159315","geneComp_00021655","TCONS_00264682","XLOC_044515","T_minus","T_plus","XLOC_044515","unknown","unknown",3.82694548004201,3.85423371920819,3.79965724087583,0.446238349680775,0.65935624422239,-0.0205211522033487,,0.922968359849667,1.36155700319361,0.48437971650572,0.338181085547543,0.249211965892582,-1.4721231247553,,0.229383333333333,0.341733333333333,0.117033333333333,-0.2247,0.237323927524952,1.26451520714172e-05,FALSE,0,"XLOC_044515","FARS2","PB.15802.6","ENST00000324331.10","c",TRUE
"isoComp_00159317","geneComp_00021655","TCONS_00264690","XLOC_044515","T_minus","T_plus","XLOC_044515","unknown","unknown",3.82694548004201,3.85423371920819,3.79965724087583,0.446238349680775,0.65935624422239,-0.0205211522033487,,0.499677679748761,0,0.999355359497523,0,0.444437509553669,6.65729037722839,,0.119833333333333,0,0.239666666666667,0.239666666666667,1.26451520714172e-05,1.26451520714172e-05,FALSE,0,"XLOC_044515","FARS2","PB.15802.18","ENST00000324331.10","c",TRUE
"isoComp_00159463","geneComp_00021685","TCONS_00250544","XLOC_044564","T_minus","T_plus","XLOC_044564","unknown","unknown",9.93780405873005,14.0208661787276,5.85474193873251,1.05097127311357,0.16680789328979,-1.25846454168211,,7.71693516222811,11.7665019984763,3.66736832597996,1.28241394989752,0.170882020809271,-1.67916548623904,,0.730516666666667,0.8348,0.626233333333333,-0.208566666666667,0.00514281917354287,0.00514281917354287,TRUE,0,"XLOC_044564","TMEM170B","ENST00000379426.2","ENST00000379426.2","=",FALSE
"isoComp_00159464","geneComp_00021685","TCONS_00261399","XLOC_044564","T_minus","T_plus","XLOC_044564","unknown","unknown",9.93780405873005,14.0208661787276,5.85474193873251,1.05097127311357,0.16680789328979,-1.25846454168211,,2.22086889650194,2.25436418025133,2.18737361275255,0.335068550069486,0.133503174300086,-0.043325819437988,,0.269483333333333,0.1652,0.373766666666667,0.208566666666667,0.0223811407485247,0.00514281917354287,FALSE,0,"XLOC_044564","TMEM170B","PB.13549.1","ENST00000379426.2","c",TRUE
"isoComp_00159738","geneComp_00021749","TCONS_00250954","XLOC_044695","T_minus","T_plus","XLOC_044695","unknown","unknown",8.97002057834629,11.2176462056791,6.72239495101349,0.444048361666239,0.363423287843709,-0.737863790010978,,1.78239628075548,1.57936182247013,1.98543073904083,0.273765352688914,0.241436446232538,0.328252608631284,,0.218233333333333,0.141866666666667,0.2946,0.152733333333333,0.129594918436725,0.0451076835732737,FALSE,0,"XLOC_044695","H2BC5","ENST00000377777.6","ENST00000377777.6","=",FALSE
"isoComp_00159739","geneComp_00021749","TCONS_00250955","XLOC_044695","T_minus","T_plus","XLOC_044695","unknown","unknown",8.97002057834629,11.2176462056791,6.72239495101349,0.444048361666239,0.363423287843709,-0.737863790010978,,7.12036312094992,9.52358612066024,4.71714012123959,0.603059755862532,0.305139921548799,-1.01205136588633,,0.775166666666667,0.848233333333333,0.7021,-0.146133333333333,0.0451076835732737,0.0451076835732737,FALSE,0,"XLOC_044695","H2BC5","PB.14885.2","ENST00000289316.2","=",TRUE
"isoComp_00159930","geneComp_00021803","TCONS_00251176","XLOC_044771","T_minus","T_plus","XLOC_044771","unknown","unknown",3.683394080262,4.09346847953441,3.2733196809896,0.167074135645178,0.195330740155458,-0.321688646390819,,0.0552929653830227,0.0541629796541169,0.0564229511119285,0.032234818836295,0.0356335888982438,0.0499406814790807,,0.0150666666666667,0.0134,0.0167333333333333,0.00333333333333333,0.996876681283883,0.00271792259447101,FALSE,0,"XLOC_044771","ZSCAN9","PB.10612.1","ENST00000425468.6","=",TRUE
"isoComp_00159931","geneComp_00021803","TCONS_00251177","XLOC_044771","T_minus","T_plus","XLOC_044771","unknown","unknown",3.683394080262,4.09346847953441,3.2733196809896,0.167074135645178,0.195330740155458,-0.321688646390819,,1.297916406387,0.88855729260742,1.70727552016657,0.372203618267775,0.132106456292485,0.934439125336903,,0.370116666666667,0.210833333333333,0.5294,0.318566666666667,0.231115934620094,0.00271792259447101,FALSE,0,"XLOC_044771","ZSCAN9","PB.14926.3","ENST00000252207.10","=",TRUE
"isoComp_00159932","geneComp_00021803","TCONS_00251178","XLOC_044771","T_minus","T_plus","XLOC_044771","unknown","unknown",3.683394080262,4.09346847953441,3.2733196809896,0.167074135645178,0.195330740155458,-0.321688646390819,,1.27916600233988,2.06338236871371,0.494949635966064,0.200352139429122,0.111082525447601,-2.03777479496888,,0.328983333333333,0.509566666666667,0.1484,-0.361166666666667,0.00271792259447101,0.00271792259447101,FALSE,0,"XLOC_044771","ZSCAN9","PB.15961.2","ENST00000531979.5","=",TRUE
"isoComp_00159933","geneComp_00021803","TCONS_00251180","XLOC_044771","T_minus","T_plus","XLOC_044771","unknown","unknown",3.683394080262,4.09346847953441,3.2733196809896,0.167074135645178,0.195330740155458,-0.321688646390819,,0.524519824064234,0.508604222027806,0.540435426100662,0.15617454397551,0.29619107155779,0.0859393736654278,,0.138766666666667,0.122266666666667,0.155266666666667,0.033,0.995572275344594,0.00271792259447101,FALSE,0,"XLOC_044771","ZSCAN9","PB.13647.2","ENST00000527436.5","=",TRUE
"isoComp_00159934","geneComp_00021803","TCONS_00251181","XLOC_044771","T_minus","T_plus","XLOC_044771","unknown","unknown",3.683394080262,4.09346847953441,3.2733196809896,0.167074135645178,0.195330740155458,-0.321688646390819,,0.135472068865608,0.128889450281995,0.14205468744922,0.073202298500027,0.0812956051843965,0.130653271839785,,0.0368166666666667,0.0329333333333333,0.0407,0.00776666666666666,0.989324667818179,0.00271792259447101,,0,"XLOC_044771","ZSCAN9","ENST00000526391.5","ENST00000526391.5","=",FALSE
"isoComp_00159935","geneComp_00021803","TCONS_00251182","XLOC_044771","T_minus","T_plus","XLOC_044771","unknown","unknown",3.683394080262,4.09346847953441,3.2733196809896,0.167074135645178,0.195330740155458,-0.321688646390819,,0.0651225168347303,0.0985264884965475,0.0317185451729132,0.0985264884965475,0.0317185451729132,-1.3792864564659,,0.01655,0.0222666666666667,0.0108333333333333,-0.0114333333333333,0.99953587709918,0.00271792259447101,FALSE,0,"XLOC_044771","ZSCAN9","PB.14926.4","ENST00000527844.1","=",TRUE
"isoComp_00159936","geneComp_00021803","TCONS_00261450","XLOC_044771","T_minus","T_plus","XLOC_044771","unknown","unknown",3.683394080262,4.09346847953441,3.2733196809896,0.167074135645178,0.195330740155458,-0.321688646390819,,0.17206398333274,0.122098150455087,0.222029816210392,0.122098150455087,0.222029816210392,0.812699938804437,,0.0533,0.0307333333333333,0.0758666666666667,0.0451333333333333,0.996865376668892,0.00271792259447101,FALSE,0,"XLOC_044771","ZSCAN9","PB.13647.1","ENST00000425468.6","j",TRUE
"isoComp_00159939","geneComp_00021803","TCONS_00264742","XLOC_044771","T_minus","T_plus","XLOC_044771","unknown","unknown",3.683394080262,4.09346847953441,3.2733196809896,0.167074135645178,0.195330740155458,-0.321688646390819,,0.112157071784457,0.185205502178047,0.0391086413908657,0.100337680513686,0.0391086413908657,-1.9909449026378,,0.0290833333333333,0.0473,0.0108666666666667,-0.0364333333333333,0.842816695067014,0.00271792259447101,FALSE,0,"XLOC_044771","ZSCAN9","PB.15961.5","ENST00000425468.6","j",TRUE
"isoComp_00160036","geneComp_00021826","TCONS_00251366","XLOC_044835","T_minus","T_plus","XLOC_044835","unknown","unknown",3.46769537136031,3.38599755220114,3.54939319051948,0.134823915805838,0.179848974539075,0.0677958908179981,,0.127274127013163,0.0493436642700329,0.205204589756293,0.0146177603469291,0.0282423605699454,1.85854293096204,,0.0365,0.0143666666666667,0.0586333333333333,0.0442666666666667,0.433145773575011,0.00354012229855197,FALSE,1,"XLOC_044835","HLA-L","ENST00000463348.6","ENST00000463348.6","=",FALSE
"isoComp_00160037","geneComp_00021826","TCONS_00251367","XLOC_044835","T_minus","T_plus","XLOC_044835","unknown","unknown",3.46769537136031,3.38599755220114,3.54939319051948,0.134823915805838,0.179848974539075,0.0677958908179981,,0.0857656479233994,0.0677707003432187,0.10376059550358,0.033885703184037,0.0609918805462341,0.548702286418378,,0.02495,0.0208333333333333,0.0290666666666667,0.00823333333333334,0.996425541196871,0.00354012229855197,FALSE,1,"XLOC_044835","HLA-L","ENST00000685314.1","ENST00000685314.1","=",FALSE
"isoComp_00160038","geneComp_00021826","TCONS_00251368","XLOC_044835","T_minus","T_plus","XLOC_044835","unknown","unknown",3.46769537136031,3.38599755220114,3.54939319051948,0.134823915805838,0.179848974539075,0.0677958908179981,,0.0481515983363917,0.0607816953758387,0.0355215012969446,0.0324749762381606,0.0206024352584547,-0.636828179424039,,0.0139833333333333,0.0173666666666667,0.0106,-0.00676666666666667,0.983138763320386,0.00354012229855197,FALSE,1,"XLOC_044835","HLA-L","ENST00000692540.1","ENST00000692540.1","=",FALSE
"isoComp_00160039","geneComp_00021826","TCONS_00251370","XLOC_044835","T_minus","T_plus","XLOC_044835","unknown","unknown",3.46769537136031,3.38599755220114,3.54939319051948,0.134823915805838,0.179848974539075,0.0677958908179981,,0.291933670181624,0,0.583867340363249,0,0.531944756474926,5.89206878891882,,0.0754166666666667,0,0.150833333333333,0.150833333333333,0.610289407529099,0.00354012229855197,FALSE,0,"XLOC_044835","HLA-L","ENST00000692925.1","ENST00000692925.1","=",FALSE
"isoComp_00160040","geneComp_00021826","TCONS_00251371","XLOC_044835","T_minus","T_plus","XLOC_044835","unknown","unknown",3.46769537136031,3.38599755220114,3.54939319051948,0.134823915805838,0.179848974539075,0.0677958908179981,,0.103795229434555,0.0743513081025277,0.133239150766581,0.0743513081025277,0.104917205334477,0.763943523561516,,0.0311,0.0231333333333333,0.0390666666666667,0.0159333333333333,0.91561970226539,0.00354012229855197,FALSE,0,"XLOC_044835","HLA-L","ENST00000686490.1","ENST00000686490.1","=",FALSE
"isoComp_00160042","geneComp_00021826","TCONS_00251374","XLOC_044835","T_minus","T_plus","XLOC_044835","unknown","unknown",3.46769537136031,3.38599755220114,3.54939319051948,0.134823915805838,0.179848974539075,0.0677958908179981,,2.17410981944914,2.87350035799508,1.4747192809032,0.30570371337766,0.120271913571218,-0.957631018182697,,0.632883333333333,0.844966666666667,0.4208,-0.424166666666667,0.00354012229855197,0.00354012229855197,FALSE,0,"XLOC_044835","HLA-L","ENST00000687694.1","ENST00000687694.1","=",FALSE
"isoComp_00160043","geneComp_00021826","TCONS_00251375","XLOC_044835","T_minus","T_plus","XLOC_044835","unknown","unknown",3.46769537136031,3.38599755220114,3.54939319051948,0.134823915805838,0.179848974539075,0.0677958908179981,,0.561531609290286,0.172556312876327,0.950506905704244,0.120910390606617,0.185265943220075,2.39545442773968,,0.163083333333333,0.0534333333333333,0.272733333333333,0.2193,0.284949673179556,0.00354012229855197,FALSE,0,"XLOC_044835","HLA-L","ENST00000691908.1","ENST00000691908.1","=",FALSE
"isoComp_00161275","geneComp_00021986","TCONS_00252654","XLOC_045100","T_minus","T_plus","XLOC_045100","unknown","unknown",42.5895243507772,28.776199101492,56.4028496000623,0.820565753200071,1.22882582752699,0.970646504505041,,15.5530387668943,6.04631365466214,25.0597638791264,0.526929813035897,0.266118608429085,2.04943657902438,,0.327316666666667,0.21,0.444633333333333,0.234633333333333,2.63671632037402e-15,2.63671632037402e-15,FALSE,0,"XLOC_045100","TMEM63B","ENST00000259746.13","ENST00000259746.13","=",FALSE
"isoComp_00161276","geneComp_00021986","TCONS_00252656","XLOC_045100","T_minus","T_plus","XLOC_045100","unknown","unknown",42.5895243507772,28.776199101492,56.4028496000623,0.820565753200071,1.22882582752699,0.970646504505041,,8.83250341545843,10.6415831860154,7.02342364490147,1.31872951585632,0.785829017910401,-0.598768856705223,,0.246266666666667,0.368466666666667,0.124066666666667,-0.2444,7.72599981385702e-09,2.63671632037402e-15,FALSE,0,"XLOC_045100","TMEM63B","ENST00000323267.11","ENST00000323267.11","=",FALSE
"isoComp_00161277","geneComp_00021986","TCONS_00252657","XLOC_045100","T_minus","T_plus","XLOC_045100","unknown","unknown",42.5895243507772,28.776199101492,56.4028496000623,0.820565753200071,1.22882582752699,0.970646504505041,,0.983890020418897,0.465505452001748,1.50227458883605,0.0375440941459177,0.0394414154736784,1.66918633058652,,0.02145,0.0162333333333333,0.0266666666666667,0.0104333333333333,0.420840500129809,2.63671632037402e-15,FALSE,0,"XLOC_045100","TMEM63B","ENST00000534326.5","ENST00000534326.5","=",FALSE
"isoComp_00161279","geneComp_00021986","TCONS_00252659","XLOC_045100","T_minus","T_plus","XLOC_045100","unknown","unknown",42.5895243507772,28.776199101492,56.4028496000623,0.820565753200071,1.22882582752699,0.970646504505041,,15.2439132411022,10.486159793312,20.0016666888923,0.475896581765093,0.298359214909714,0.930979739552135,,0.3601,0.365266666666667,0.354933333333333,-0.0103333333333333,0.985218076973097,2.63671632037402e-15,FALSE,0,"XLOC_045100","TMEM63B","ENST00000371893.6","ENST00000371893.6","=",FALSE
"isoComp_00161281","geneComp_00021986","TCONS_00263603","XLOC_045100","T_minus","T_plus","XLOC_045100","unknown","unknown",42.5895243507772,28.776199101492,56.4028496000623,0.820565753200071,1.22882582752699,0.970646504505041,,1.33813552830396,0.857172963165469,1.81909809344244,0.227636964863575,0.561509827863224,1.07674076607119,,0.0310666666666667,0.0302666666666667,0.0318666666666667,0.0016,0.998161431539877,2.63671632037402e-15,FALSE,0,"XLOC_045100","TMEM63B","PB.15196.1","ENST00000534326.5","c",TRUE
"isoComp_00161489","geneComp_00022010","TCONS_00252895","XLOC_045156","T_minus","T_plus","XLOC_045156","unknown","unknown",34.5806887170342,29.2531059832287,39.9082714508396,1.57814175857219,1.95599266158881,0.447966345036727,,6.91229436897531,4.22407346067217,9.60051527727845,0.629865273150077,1.30038609336374,1.18256748444331,,0.190733333333333,0.143033333333333,0.238433333333333,0.0954,0.063640974493898,1.41600215498545e-07,FALSE,0,"XLOC_045156","ENSG00000216775","ENST00000643631.2","ENST00000643631.2","=",FALSE
"isoComp_00161490","geneComp_00022010","TCONS_00252896","XLOC_045156","T_minus","T_plus","XLOC_045156","unknown","unknown",34.5806887170342,29.2531059832287,39.9082714508396,1.57814175857219,1.95599266158881,0.447966345036727,,7.19996034010306,3.84918029367708,10.550740386529,0.559381945735537,0.938520215392696,1.45234463132852,,0.197483333333333,0.130366666666667,0.2646,0.134233333333333,0.000232596105861239,1.41600215498545e-07,FALSE,1,"XLOC_045156","ENSG00000216775","ENST00000602367.2","ENST00000602367.2","=",FALSE
"isoComp_00161492","geneComp_00022010","TCONS_00252899","XLOC_045156","T_minus","T_plus","XLOC_045156","unknown","unknown",34.5806887170342,29.2531059832287,39.9082714508396,1.57814175857219,1.95599266158881,0.447966345036727,,18.7365677197549,19.4239069424405,18.0492284970692,0.278450650925599,0.625682469369796,-0.105839704575349,,0.559983333333333,0.6668,0.453166666666667,-0.213633333333333,1.41600215498545e-07,1.41600215498545e-07,FALSE,0,"XLOC_045156","TMEM14A","PB.15236.4","ENST00000211314.5","=",TRUE
"isoComp_00161493","geneComp_00022010","TCONS_00261648","XLOC_045156","T_minus","T_plus","XLOC_045156","unknown","unknown",34.5806887170342,29.2531059832287,39.9082714508396,1.57814175857219,1.95599266158881,0.447966345036727,,1.19446672826967,1.31802690610869,1.07090655043065,0.243555664366683,0.43545892566982,-0.297042575750789,,0.0363666666666667,0.0451333333333333,0.0276,-0.0175333333333333,0.80456416816268,1.41600215498545e-07,FALSE,0,"XLOC_045156","TMEM14A","PB.15236.5","ENST00000211314.5","j",TRUE
"isoComp_00161938","geneComp_00022060","TCONS_00253364","XLOC_045291","T_minus","T_plus","XLOC_045291","unknown","unknown",5.7806804238293,5.13454678019435,6.42681406746425,0.525820116333062,0.803704101654196,0.323302810621371,,0.0677583037129892,0.0295995516254756,0.105917055800503,0.0295995516254756,0.0731929347599664,1.54953685690318,,0.0108,0.0056,0.016,0.0104,0.88013960551179,1.08013110527317e-06,FALSE,0,"XLOC_045291","ENSG00000287811","ENST00000692474.1","ENST00000692474.1","=",FALSE
"isoComp_00161939","geneComp_00022060","TCONS_00253365","XLOC_045291","T_minus","T_plus","XLOC_045291","unknown","unknown",5.7806804238293,5.13454678019435,6.42681406746425,0.525820116333062,0.803704101654196,0.323302810621371,,0.0791227523140373,0.107811545542562,0.0504339590855127,0.012225988383274,0.0398332254761543,-0.963049567791091,,0.01465,0.0210333333333333,0.00826666666666667,-0.0127666666666667,0.719880455981829,1.08013110527317e-06,FALSE,0,"XLOC_045291","ENSG00000287811","ENST00000671258.1","ENST00000671258.1","=",FALSE
"isoComp_00161940","geneComp_00022060","TCONS_00253366","XLOC_045291","T_minus","T_plus","XLOC_045291","unknown","unknown",5.7806804238293,5.13454678019435,6.42681406746425,0.525820116333062,0.803704101654196,0.323302810621371,,0.531235977475061,0.584072612194604,0.478399342755518,0.292782966783115,0.301262365802047,-0.282578020383804,,0.0896666666666667,0.1092,0.0701333333333333,-0.0390666666666667,0.904558573052915,1.08013110527317e-06,,0,"XLOC_045291","ENSG00000287811","ENST00000690902.1","ENST00000690902.1","=",FALSE
"isoComp_00161942","geneComp_00022060","TCONS_00253371","XLOC_045291","T_minus","T_plus","XLOC_045291","unknown","unknown",5.7806804238293,5.13454678019435,6.42681406746425,0.525820116333062,0.803704101654196,0.323302810621371,,3.71305079096265,2.51318329050008,4.91291829142522,0.52787196403542,0.539862183338664,0.964268783326369,,0.62295,0.478633333333333,0.767266666666667,0.288633333333333,0.00612353824677521,1.08013110527317e-06,FALSE,0,"XLOC_045291","SH3BGRL2","ENST00000369838.6","ENST00000369838.6","=",FALSE
"isoComp_00161943","geneComp_00022060","TCONS_00261711","XLOC_045291","T_minus","T_plus","XLOC_045291","unknown","unknown",5.7806804238293,5.13454678019435,6.42681406746425,0.525820116333062,0.803704101654196,0.323302810621371,,0.23376042853682,0.214858536241837,0.252662320831804,0.0406239289660604,0.0480608904254665,0.224191605616332,,0.0415166666666667,0.0444,0.0386333333333333,-0.00576666666666666,0.986045402746265,1.08013110527317e-06,TRUE,0,"XLOC_045291","SH3BGRL2","PB.14034.1","ENST00000369838.6","j",TRUE
"isoComp_00161945","geneComp_00022060","TCONS_00261713","XLOC_045291","T_minus","T_plus","XLOC_045291","unknown","unknown",5.7806804238293,5.13454678019435,6.42681406746425,0.525820116333062,0.803704101654196,0.323302810621371,,0.431336627887659,0.862673255775318,0,0.176848793034218,0,-6.44736967942895,,0.0897166666666667,0.179433333333333,0,-0.179433333333333,1.08013110527317e-06,1.08013110527317e-06,FALSE,0,"XLOC_045291","SH3BGRL2","PB.14034.6","ENST00000369838.6","j",TRUE
"isoComp_00161946","geneComp_00022060","TCONS_00262867","XLOC_045291","T_minus","T_plus","XLOC_045291","unknown","unknown",5.7806804238293,5.13454678019435,6.42681406746425,0.525820116333062,0.803704101654196,0.323302810621371,,0.187120786292542,0.168521800091123,0.205719772493961,0.0256450717248891,0.0403012738305239,0.273058158521553,,0.03215,0.0327333333333333,0.0315666666666667,-0.00116666666666666,0.998161431539877,1.08013110527317e-06,FALSE,0,"XLOC_045291","ENSG00000287811","PB.10877.1","ENST00000691944.1","j",TRUE
"isoComp_00161947","geneComp_00022060","TCONS_00263721","XLOC_045291","T_minus","T_plus","XLOC_045291","unknown","unknown",5.7806804238293,5.13454678019435,6.42681406746425,0.525820116333062,0.803704101654196,0.323302810621371,,0.476723164213989,0.552507094089311,0.400939234338666,0.0290705545387178,0.0945421360951157,-0.452946212979723,,0.0876333333333333,0.109633333333333,0.0656333333333333,-0.044,0.701421656799141,1.08013110527317e-06,FALSE,0,"XLOC_045291","SH3BGRL2","PB.15338.1","ENST00000369838.6","j",TRUE
"isoComp_00161980","geneComp_00022072","TCONS_00253406","XLOC_045311","T_minus","T_plus","XLOC_045311","unknown","unknown",17.7007430695252,14.9476525803601,20.4538335586903,1.00559008139727,0.112793536936278,0.452192655566002,,0.198459853633199,0.172131200144752,0.224788507121646,0.0482289102269794,0.0580995005976795,0.366383704748132,,0.0115333333333333,0.0121,0.0109666666666667,-0.00113333333333333,0.991418570288448,2.22053916583073e-14,FALSE,0,"XLOC_045311","TPBG","ENST00000535040.4","ENST00000535040.4","=",FALSE
"isoComp_00161981","geneComp_00022072","TCONS_00253407","XLOC_045311","T_minus","T_plus","XLOC_045311","unknown","unknown",17.7007430695252,14.9476525803601,20.4538335586903,1.00559008139727,0.112793536936278,0.452192655566002,,15.7311633341234,12.2223976358391,19.2399290324077,0.760934599966069,0.228003983987027,0.654145917175967,,0.879416666666667,0.818266666666667,0.940566666666667,0.1223,2.22053916583073e-14,2.22053916583073e-14,FALSE,0,"XLOC_045311","TPBG","ENST00000369750.4","ENST00000369750.4","=",FALSE
"isoComp_00161982","geneComp_00022072","TCONS_00253408","XLOC_045311","T_minus","T_plus","XLOC_045311","unknown","unknown",17.7007430695252,14.9476525803601,20.4538335586903,1.00559008139727,0.112793536936278,0.452192655566002,,1.77111988176863,2.55312374437625,0.989116019161003,0.292595762338357,0.157380918733536,-1.35917901058681,,0.10905,0.169633333333333,0.0484666666666667,-0.121166666666667,5.77227781279239e-06,2.22053916583073e-14,FALSE,0,"XLOC_045311","TPBG","ENST00000543496.3","ENST00000543496.3","=",FALSE
"isoComp_00162811","geneComp_00022204","TCONS_00254322","XLOC_045594","T_minus","T_plus","XLOC_045594","unknown","unknown",85.9648609106796,21.7327167935134,150.197005027846,1.46739891173019,19.3515811377825,2.78834797148658,,0.524716159239448,0.521641560782004,0.527790757696891,0.145122758342642,0.220015325485035,0.0165910708183456,,0.0133333333333333,0.0232666666666667,0.0034,-0.0198666666666667,0.0198291731971733,1.25356438037034e-254,,0,"XLOC_045594","NCOA7","ENST00000453302.5","ENST00000453302.5","=",FALSE
"isoComp_00162812","geneComp_00022204","TCONS_00254323","XLOC_045594","T_minus","T_plus","XLOC_045594","unknown","unknown",85.9648609106796,21.7327167935134,150.197005027846,1.46739891173019,19.3515811377825,2.78834797148658,,0.451458205952713,0.869551370905405,0.0333650410000218,0.322662894430272,0.0333650410000218,-4.34216346325899,,0.0193166666666667,0.0383666666666667,0.000266666666666667,-0.0381,0.000503473113060935,1.25356438037034e-254,,0,"XLOC_045594","NCOA7","ENST00000417494.5","ENST00000417494.5","=",FALSE
"isoComp_00162813","geneComp_00022204","TCONS_00254324","XLOC_045594","T_minus","T_plus","XLOC_045594","unknown","unknown",85.9648609106796,21.7327167935134,150.197005027846,1.46739891173019,19.3515811377825,2.78834797148658,,4.77047078069841,3.76767331896493,5.77326824243189,0.502059892329386,0.42788044395311,0.614387071979518,,0.105383333333333,0.171766666666667,0.039,-0.132766666666667,8.84498784937619e-25,1.25356438037034e-254,FALSE,0,"XLOC_045594","NCOA7","ENST00000392477.7","ENST00000392477.7","=",FALSE
"isoComp_00162814","geneComp_00022204","TCONS_00254325","XLOC_045594","T_minus","T_plus","XLOC_045594","unknown","unknown",85.9648609106796,21.7327167935134,150.197005027846,1.46739891173019,19.3515811377825,2.78834797148658,,1.22292820067591,1.28443782044239,1.16141858090943,0.321169878354339,0.298797282374367,-0.144068982059986,,0.0328833333333333,0.0582333333333333,0.00753333333333333,-0.0507,5.41339962620369e-06,1.25356438037034e-254,FALSE,0,"XLOC_045594","NCOA7","ENST00000229634.13","ENST00000229634.13","=",FALSE
"isoComp_00162818","geneComp_00022204","TCONS_00254331","XLOC_045594","T_minus","T_plus","XLOC_045594","unknown","unknown",85.9648609106796,21.7327167935134,150.197005027846,1.46739891173019,19.3515811377825,2.78834797148658,,66.1534182078853,3.96670583577575,128.340130579995,0.25601949873878,15.5462135360615,5.01236710615637,,0.519433333333333,0.182733333333333,0.856133333333333,0.6734,1.25356438037034e-254,1.25356438037034e-254,FALSE,0,"XLOC_045594","NCOA7","ENST00000438495.6","ENST00000438495.6","=",FALSE
"isoComp_00162820","geneComp_00022204","TCONS_00261824","XLOC_045594","T_minus","T_plus","XLOC_045594","unknown","unknown",85.9648609106796,21.7327167935134,150.197005027846,1.46739891173019,19.3515811377825,2.78834797148658,,1.41481998947352,2.82963997894705,0,0.486349202755476,0,-8.14956422038068,,0.0642666666666667,0.128533333333333,0,-0.128533333333333,3.5876149243081e-49,1.25356438037034e-254,FALSE,0,"XLOC_045594","NCOA7","PB.14269.4","ENST00000368357.7","c",TRUE
"isoComp_00162821","geneComp_00022204","TCONS_00261825","XLOC_045594","T_minus","T_plus","XLOC_045594","unknown","unknown",85.9648609106796,21.7327167935134,150.197005027846,1.46739891173019,19.3515811377825,2.78834797148658,,0.385274960167644,0.770549920335287,0,0.770549920335288,0,-6.28641899809258,,0.0170833333333333,0.0341666666666667,0,-0.0341666666666667,0.7517950620845,1.25356438037034e-254,FALSE,0,"XLOC_045594","NCOA7","PB.14269.6","ENST00000368357.7","c",TRUE
"isoComp_00162822","geneComp_00022204","TCONS_00261826","XLOC_045594","T_minus","T_plus","XLOC_045594","unknown","unknown",85.9648609106796,21.7327167935134,150.197005027846,1.46739891173019,19.3515811377825,2.78834797148658,,8.19619189292193,3.86729427967754,12.5250895061663,1.32408194070533,2.85533789841419,1.69285015537708,,0.134283333333333,0.187366666666667,0.0812,-0.106166666666667,0.52502546112228,1.25356438037034e-254,FALSE,0,"XLOC_045594","NCOA7","PB.11066.12","ENST00000368357.7","c",TRUE
"isoComp_00162825","geneComp_00022204","TCONS_00263872","XLOC_045594","T_minus","T_plus","XLOC_045594","unknown","unknown",85.9648609106796,21.7327167935134,150.197005027846,1.46739891173019,19.3515811377825,2.78834797148658,,2.16893425272331,3.21800753785387,1.11986096759274,0.669400969195069,0.560530358678128,-1.51449869142911,,0.07655,0.145433333333333,0.00766666666666667,-0.137766666666667,0.0897820086157628,1.25356438037034e-254,FALSE,0,"XLOC_045594","NCOA7","PB.15579.7","ENST00000368357.7","c",TRUE
"isoComp_00162918","geneComp_00022221","TCONS_00254413","XLOC_045620","T_minus","T_plus","XLOC_045620","unknown","unknown",1.5148327684882,1.13019899484956,1.89946654212685,0.284970856834153,0.155774179484569,0.743884006361754,,0.295674505744034,0.196536273860793,0.394812737627275,0.0389206808224103,0.0900793744002147,0.970859502144508,,0.198833333333333,0.185866666666667,0.2118,0.0259333333333333,0.979202929540131,0.0107408642814638,FALSE,0,"XLOC_045620","TMEM200A","ENST00000296978.4","ENST00000296978.4","=",FALSE
"isoComp_00162919","geneComp_00022221","TCONS_00254414","XLOC_045620","T_minus","T_plus","XLOC_045620","unknown","unknown",1.5148327684882,1.13019899484956,1.89946654212685,0.284970856834153,0.155774179484569,0.743884006361754,,1.06604978676978,0.93366272098877,1.19843685255079,0.272310316984993,0.136342354219966,0.356798870064995,,0.721833333333333,0.814133333333333,0.629533333333333,-0.1846,0.314536919579263,0.0107408642814638,FALSE,0,"XLOC_045620","TMEM200A","ENST00000617887.4","ENST00000617887.4","=",FALSE
"isoComp_00162920","geneComp_00022221","TCONS_00263886","XLOC_045620","T_minus","T_plus","XLOC_045620","unknown","unknown",1.5148327684882,1.13019899484956,1.89946654212685,0.284970856834153,0.155774179484569,0.743884006361754,,0.153108475974393,0,0.306216951948785,0,0.0612964398909524,4.98284280552133,,0.0793166666666667,0,0.158633333333333,0.158633333333333,0.0107408642814638,0.0107408642814638,FALSE,0,"XLOC_045620","TMEM200A","PB.15609.1","ENST00000296978.4","j",TRUE
"isoComp_00163575","geneComp_00022328","TCONS_00255249","XLOC_045851","T_minus","T_plus","XLOC_045851","unknown","unknown",32.4613358489793,25.2252263183485,39.6974453796102,1.82972324162631,2.02768648893966,0.653970521251705,,12.3927523637983,10.3065429110027,14.4789618165939,1.51488053130549,0.582004887925496,0.489994622116335,,0.38525,0.405233333333333,0.365266666666667,-0.0399666666666667,0.829291393835974,8.57394000475914e-05,FALSE,0,"XLOC_045851","SYNJ2","ENST00000355585.9","ENST00000355585.9","=",FALSE
"isoComp_00163577","geneComp_00022328","TCONS_00255251","XLOC_045851","T_minus","T_plus","XLOC_045851","unknown","unknown",32.4613358489793,25.2252263183485,39.6974453796102,1.82972324162631,2.02768648893966,0.653970521251705,,1.35715736872983,1.20645323411641,1.50786150334324,0.30545951193497,0.235826771272575,0.319359300919712,,0.0433,0.0481,0.0385,-0.0096,0.925958199130297,8.57394000475914e-05,FALSE,0,"XLOC_045851","SYNJ2","ENST00000367113.5","ENST00000367113.5","=",FALSE
"isoComp_00163578","geneComp_00022328","TCONS_00255253","XLOC_045851","T_minus","T_plus","XLOC_045851","unknown","unknown",32.4613358489793,25.2252263183485,39.6974453796102,1.82972324162631,2.02768648893966,0.653970521251705,,2.89995788292466,4.2273396226559,1.57257614319343,0.432423395043844,0.86060020325203,-1.42088385094948,,0.103116666666667,0.1686,0.0376333333333333,-0.130966666666667,0.222286752197212,8.57394000475914e-05,FALSE,0,"XLOC_045851","SYNJ2","ENST00000638626.1","ENST00000638626.1","=",FALSE
"isoComp_00163584","geneComp_00022328","TCONS_00262979","XLOC_045851","T_minus","T_plus","XLOC_045851","unknown","unknown",32.4613358489793,25.2252263183485,39.6974453796102,1.82972324162631,2.02768648893966,0.653970521251705,,15.6215248121359,9.34232193877505,21.9007276854967,0.671251696841861,0.750333295671499,1.22824090070247,,0.462566666666667,0.372433333333333,0.5527,0.180266666666667,8.57394000475914e-05,8.57394000475914e-05,FALSE,0,"XLOC_045851","SYNJ2","PB.11220.1","ENST00000355585.9","j",TRUE
"isoComp_00164362","geneComp_00022469","TCONS_00256224","XLOC_046117","T_minus","T_plus","XLOC_046117","unknown","unknown",10.1451319022067,7.81809366327243,12.472170141141,0.284511715035591,0.899324070003274,0.673135858880066,,4.60847396110424,3.90405637137669,5.31289155083178,0.556686531944542,0.301390103511827,0.443545638710662,,0.461283333333333,0.4956,0.426966666666667,-0.0686333333333334,0.792232102902113,1.37420687784195e-15,FALSE,1,"XLOC_046117","TPMT","ENST00000309983.5","ENST00000309983.5","=",FALSE
"isoComp_00164363","geneComp_00022469","TCONS_00261996","XLOC_046117","T_minus","T_plus","XLOC_046117","unknown","unknown",10.1451319022067,7.81809366327243,12.472170141141,0.284511715035591,0.899324070003274,0.673135858880066,,1.03914534185372,0,2.07829068370745,0,1.11263949768301,7.70617873441934,,0.0777166666666667,0,0.155433333333333,0.155433333333333,0.34708743988265,1.37420687784195e-15,TRUE,0,"XLOC_046117","TPMT","PB.13586.2","ENST00000309983.5","j",TRUE
"isoComp_00164365","geneComp_00022469","TCONS_00263026","XLOC_046117","T_minus","T_plus","XLOC_046117","unknown","unknown",10.1451319022067,7.81809366327243,12.472170141141,0.284511715035591,0.899324070003274,0.673135858880066,,1.15178412312171,1.03099725254383,1.2725709936996,0.264955902214558,0.36456400475049,0.301072424028352,,0.116616666666667,0.134066666666667,0.0991666666666667,-0.0349,0.898767620371566,1.37420687784195e-15,FALSE,0,"XLOC_046117","TPMT","PB.10566.3","ENST00000309983.5","j",TRUE
"isoComp_00164366","geneComp_00022469","TCONS_00264086","XLOC_046117","T_minus","T_plus","XLOC_046117","unknown","unknown",10.1451319022067,7.81809366327243,12.472170141141,0.284511715035591,0.899324070003274,0.673135858880066,,1.93552418857665,1.08435891043985,2.78668946671345,0.123654638448545,0.905558235554212,1.35363410365896,,0.187883333333333,0.1402,0.235566666666667,0.0953666666666667,0.818833784561703,1.37420687784195e-15,TRUE,0,"XLOC_046117","TPMT","PB.14851.1","ENST00000309983.5","j",TRUE
"isoComp_00164367","geneComp_00022469","TCONS_00264087","XLOC_046117","T_minus","T_plus","XLOC_046117","unknown","unknown",10.1451319022067,7.81809366327243,12.472170141141,0.284511715035591,0.899324070003274,0.673135858880066,,0.759291483017624,0.583649887011803,0.934933079023445,0.11705362292644,0.0609061847688122,0.670599826978535,,0.0759333333333333,0.0754666666666667,0.0764,0.000933333333333328,0.998161431539877,1.37420687784195e-15,FALSE,0,"XLOC_046117","TPMT","PB.14851.3","ENST00000309983.5","j",TRUE
"isoComp_00164368","geneComp_00022469","TCONS_00265210","XLOC_046117","T_minus","T_plus","XLOC_046117","unknown","unknown",10.1451319022067,7.81809366327243,12.472170141141,0.284511715035591,0.899324070003274,0.673135858880066,,0.607515620950131,1.21503124190026,0,0.146732843765819,0,-6.93667473243917,,0.0773333333333333,0.154666666666667,0,-0.154666666666667,1.37420687784195e-15,1.37420687784195e-15,TRUE,0,"XLOC_046117","TPMT","PB.15884.1","ENST00000309983.5","j",TRUE
"isoComp_00165084","geneComp_00022601","TCONS_00257113","XLOC_046375","T_minus","T_plus","XLOC_046375","unknown","unknown",408.861374102938,408.843842180471,408.878906025406,11.387232639144,8.38133294983763,0.000123722124943554,,8.20342693730251,10.2911248568276,6.11572901777739,1.48037430427042,1.05732724984614,-0.749848431317099,,0.0200333333333333,0.0250333333333333,0.0150333333333333,-0.01,0.361728562275479,2.04389755972963e-12,FALSE,0,"XLOC_046375","PBX2","ENST00000375050.6","ENST00000375050.6","=",FALSE
"isoComp_00165086","geneComp_00022601","TCONS_00257115","XLOC_046375","T_minus","T_plus","XLOC_046375","unknown","unknown",408.861374102938,408.843842180471,408.878906025406,11.387232639144,8.38133294983763,0.000123722124943554,,15.0970948824586,15.2834925549473,14.91069720997,1.58870717445365,1.5193859281864,-0.0356029597094595,,0.0369666666666667,0.0376,0.0363333333333333,-0.00126666666666667,0.993483116879356,2.04389755972963e-12,FALSE,0,"XLOC_046375","PBX2","ENST00000478678.5","ENST00000478678.5","=",FALSE
"isoComp_00165087","geneComp_00022601","TCONS_00257116","XLOC_046375","T_minus","T_plus","XLOC_046375","unknown","unknown",408.861374102938,408.843842180471,408.878906025406,11.387232639144,8.38133294983763,0.000123722124943554,,9.02608661805423,6.89428988535842,11.15788335075,1.05514660524948,0.344243511972814,0.69379083341737,,0.02215,0.017,0.0273,0.0103,0.264154375688756,2.04389755972963e-12,TRUE,1,"XLOC_046375","PBX2","ENST00000496171.1","ENST00000496171.1","=",FALSE
"isoComp_00165088","geneComp_00022601","TCONS_00257117","XLOC_046375","T_minus","T_plus","XLOC_046375","unknown","unknown",408.861374102938,408.843842180471,408.878906025406,11.387232639144,8.38133294983763,0.000123722124943554,,9.83492165508831,6.46868965772993,13.2011536524467,0.759269682911034,0.933231128910558,1.02798249759106,,0.0241833333333333,0.0159666666666667,0.0324,0.0164333333333333,0.0110589587270066,2.04389755972963e-12,,0,"XLOC_046375","PBX2","ENST00000480254.1","ENST00000480254.1","=",FALSE
"isoComp_00165089","geneComp_00022601","TCONS_00257118","XLOC_046375","T_minus","T_plus","XLOC_046375","unknown","unknown",408.861374102938,408.843842180471,408.878906025406,11.387232639144,8.38133294983763,0.000123722124943554,,164.860565570402,193.619019787083,136.10211135372,11.9355456589237,6.96955627113712,-0.508499745439552,,0.402983333333333,0.472766666666667,0.3332,-0.139566666666667,2.6156809620456e-05,2.04389755972963e-12,FALSE,0,"XLOC_046375","GPSM3","ENST00000375040.8","ENST00000375040.8","=",FALSE
"isoComp_00165090","geneComp_00022601","TCONS_00257119","XLOC_046375","T_minus","T_plus","XLOC_046375","unknown","unknown",408.861374102938,408.843842180471,408.878906025406,11.387232639144,8.38133294983763,0.000123722124943554,,4.91724992405894,5.89509942103116,3.93940042708673,0.567869223070952,0.237200660772309,-0.580327700612903,,0.0120166666666667,0.0144,0.00963333333333333,-0.00476666666666667,0.236504825597821,2.04389755972963e-12,FALSE,0,"XLOC_046375","GPSM3","ENST00000487761.5","ENST00000487761.5","=",FALSE
"isoComp_00165091","geneComp_00022601","TCONS_00257120","XLOC_046375","T_minus","T_plus","XLOC_046375","unknown","unknown",408.861374102938,408.843842180471,408.878906025406,11.387232639144,8.38133294983763,0.000123722124943554,,28.7284042673876,31.7970290282695,25.6597795065058,1.49255994976532,0.571073959980806,-0.309274717825844,,0.07035,0.0779333333333333,0.0627666666666667,-0.0151666666666667,0.174595806772196,2.04389755972963e-12,FALSE,0,"XLOC_046375","GPSM3","ENST00000472768.5","ENST00000472768.5","=",FALSE
"isoComp_00165096","geneComp_00022601","TCONS_00262081","XLOC_046375","T_minus","T_plus","XLOC_046375","unknown","unknown",408.861374102938,408.843842180471,408.878906025406,11.387232639144,8.38133294983763,0.000123722124943554,,54.8852482920632,56.1729807550582,53.5975158290682,0.678305867327986,2.12042432933263,-0.0676978856354677,,0.134366666666667,0.137666666666667,0.131066666666667,-0.0066,0.879660510757717,2.04389755972963e-12,FALSE,0,"XLOC_046375","PBX2","PB.13725.2","ENST00000375050.6","c",TRUE
"isoComp_00165097","geneComp_00022601","TCONS_00262082","XLOC_046375","T_minus","T_plus","XLOC_046375","unknown","unknown",408.861374102938,408.843842180471,408.878906025406,11.387232639144,8.38133294983763,0.000123722124943554,,105.823559146869,75.5995944022926,136.047523891444,2.6887249544244,9.45803405922367,0.847575518389418,,0.2586,0.184933333333333,0.332266666666667,0.147333333333333,2.04389755972963e-12,2.04389755972963e-12,FALSE,0,"XLOC_046375","GPSM3","PB.10669.6","ENST00000375043.3","j",TRUE
"isoComp_00165712","geneComp_00022683","TCONS_00257706","XLOC_046511","T_minus","T_plus","XLOC_046511","unknown","unknown",1.26878269919737,1.41453146263827,1.12303393575647,0.347346227904454,0.145166542186899,-0.330296413526235,,0.138254780076552,0.276509560153104,0,0.0697122835429416,0,-4.84051137402787,,0.0981666666666667,0.196333333333333,0,-0.196333333333333,0.00522884585530762,0.00522884585530762,FALSE,0,"XLOC_046511","FOXP4-AS1","ENST00000439386.2","ENST00000439386.2","=",FALSE
"isoComp_00165713","geneComp_00022683","TCONS_00257707","XLOC_046511","T_minus","T_plus","XLOC_046511","unknown","unknown",1.26878269919737,1.41453146263827,1.12303393575647,0.347346227904454,0.145166542186899,-0.330296413526235,,1.05123155618854,1.13802190248517,0.964441209891908,0.279981009288353,0.0963501957290366,-0.236503114304789,,0.84335,0.803666666666667,0.883033333333333,0.0793666666666667,0.671442537511177,0.00522884585530762,FALSE,0,"XLOC_046511","FOXP4-AS1","PB.15136.1","ENST00000414386.6","=",TRUE
"isoComp_00165714","geneComp_00022683","TCONS_00257709","XLOC_046511","T_minus","T_plus","XLOC_046511","unknown","unknown",1.26878269919737,1.41453146263827,1.12303393575647,0.347346227904454,0.145166542186899,-0.330296413526235,,0.079296362932283,0,0.158592725864566,0,0.158592725864566,4.0754703857017,,0.0584833333333333,0,0.116966666666667,0.116966666666667,0.913115846126756,0.00522884585530762,FALSE,0,"XLOC_046511","FOXP4-AS1","ENST00000432751.1","ENST00000432751.1","=",FALSE
"isoComp_00166523","geneComp_00022824","TCONS_00258599","XLOC_046784","T_minus","T_plus","XLOC_046784","unknown","unknown",5.66659144542699,6.1135029863277,5.21967990452628,0.751779797822591,1.17484499057675,-0.227634545890267,,0.242930989752144,0.485861979504288,0,0.341002501911548,0,-5.63186670502708,,0.04295,0.0859,0,-0.0859,0.550934557595639,0.00366862753220843,FALSE,0,"XLOC_046784","LINC02542","ENST00000667666.1","ENST00000667666.1","=",FALSE
"isoComp_00166524","geneComp_00022824","TCONS_00258600","XLOC_046784","T_minus","T_plus","XLOC_046784","unknown","unknown",5.66659144542699,6.1135029863277,5.21967990452628,0.751779797822591,1.17484499057675,-0.227634545890267,,0.0982302125411487,0,0.196460425082297,0,0.111804864149276,4.36779336317041,,0.0213833333333333,0,0.0427666666666667,0.0427666666666667,0.540133174207334,0.00366862753220843,FALSE,0,"XLOC_046784","LINC02542","ENST00000658218.1","ENST00000658218.1","=",FALSE
"isoComp_00166525","geneComp_00022824","TCONS_00258601","XLOC_046784","T_minus","T_plus","XLOC_046784","unknown","unknown",5.66659144542699,6.1135029863277,5.21967990452628,0.751779797822591,1.17484499057675,-0.227634545890267,,0.314486844172632,0.268525060519245,0.360448627826018,0.0959769859923689,0.118964994221123,0.411466348780192,,0.0552833333333333,0.0444,0.0661666666666667,0.0217666666666667,0.861251306728163,0.00366862753220843,FALSE,0,"XLOC_046784","LINC02542","ENST00000665153.1","ENST00000665153.1","=",FALSE
"isoComp_00166526","geneComp_00022824","TCONS_00258602","XLOC_046784","T_minus","T_plus","XLOC_046784","unknown","unknown",5.66659144542699,6.1135029863277,5.21967990452628,0.751779797822591,1.17484499057675,-0.227634545890267,,0.371512908963682,0.199396689911324,0.543629128016039,0.199396689911324,0.343389278343712,1.40268121259554,,0.0688333333333333,0.0262,0.111466666666667,0.0852666666666667,0.794466599091049,0.00366862753220843,FALSE,0,"XLOC_046784","LINC02542","ENST00000418567.2","ENST00000418567.2","=",FALSE
"isoComp_00166528","geneComp_00022824","TCONS_00258606","XLOC_046784","T_minus","T_plus","XLOC_046784","unknown","unknown",5.66659144542699,6.1135029863277,5.21967990452628,0.751779797822591,1.17484499057675,-0.227634545890267,,2.67800066055283,2.24735397920933,3.10864734189634,0.387110178870738,0.860603249571991,0.46628775376768,,0.473733333333333,0.3636,0.583866666666667,0.220266666666667,0.00366862753220843,0.00366862753220843,FALSE,0,"XLOC_046784","LINC02542","ENST00000668303.1","ENST00000668303.1","=",FALSE
"isoComp_00166529","geneComp_00022824","TCONS_00258608","XLOC_046784","T_minus","T_plus","XLOC_046784","unknown","unknown",5.66659144542699,6.1135029863277,5.21967990452628,0.751779797822591,1.17484499057675,-0.227634545890267,,1.08170576664001,1.89869459598996,0.264716937290049,0.454985204233539,0.232152482729137,-2.79656851464866,,0.19025,0.311733333333333,0.0687666666666667,-0.242966666666667,0.320773760999432,0.00366862753220843,FALSE,0,"XLOC_046784","LINC02542","ENST00000660534.2","ENST00000660534.2","=",FALSE
"isoComp_00166530","geneComp_00022824","TCONS_00265372","XLOC_046784","T_minus","T_plus","XLOC_046784","unknown","unknown",5.66659144542699,6.1135029863277,5.21967990452628,0.751779797822591,1.17484499057675,-0.227634545890267,,0.847448144159121,0.949118843902708,0.745777444415534,0.088188583328316,0.372050005227184,-0.34374812675056,,0.141666666666667,0.156333333333333,0.127,-0.0293333333333333,0.882343056863351,0.00366862753220843,FALSE,0,"XLOC_046784","LINC02542","PB.16404.4","ENST00000663543.1","j",TRUE
"isoComp_00166992","geneComp_00022851","TCONS_00259070","XLOC_046847","T_minus","T_plus","XLOC_046847","unknown","unknown",2.80037066665718,2.60977492337686,2.9909664099375,0.72373819229686,0.2406401377125,0.195984302142906,,1.82868117142122,1.90860590495797,1.74875643788447,0.496475291690752,0.119676004620068,-0.12550269791386,,0.674316666666667,0.761733333333333,0.5869,-0.174833333333333,0.580656714082043,0.0315536049655297,FALSE,0,"XLOC_046847","BACH2","ENST00000257749.9","ENST00000257749.9","=",FALSE
"isoComp_00166993","geneComp_00022851","TCONS_00259071","XLOC_046847","T_minus","T_plus","XLOC_046847","unknown","unknown",2.80037066665718,2.60977492337686,2.9909664099375,0.72373819229686,0.2406401377125,0.195984302142906,,0.131515443449809,0.108932061656776,0.154098825242842,0.0788677387523401,0.0818454862548059,0.464427222208748,,0.0449333333333333,0.0330333333333333,0.0568333333333333,0.0238,0.94338141644051,0.0315536049655297,FALSE,0,"XLOC_046847","BACH2","ENST00000406998.7","ENST00000406998.7","=",FALSE
"isoComp_00166995","geneComp_00022851","TCONS_00259073","XLOC_046847","T_minus","T_plus","XLOC_046847","unknown","unknown",2.80037066665718,2.60977492337686,2.9909664099375,0.72373819229686,0.2406401377125,0.195984302142906,,0.0535643063088822,0.0270368393100101,0.0800917733077543,0.0270368393100101,0.0403757385759769,1.28243438738863,,0.0188666666666667,0.00903333333333333,0.0287,0.0196666666666667,0.898319286622654,0.0315536049655297,FALSE,0,"XLOC_046847","BACH2","ENST00000695952.1","ENST00000695952.1","=",FALSE
"isoComp_00166998","geneComp_00022851","TCONS_00259076","XLOC_046847","T_minus","T_plus","XLOC_046847","unknown","unknown",2.80037066665718,2.60977492337686,2.9909664099375,0.72373819229686,0.2406401377125,0.195984302142906,,0.313441045498334,0.291163968580369,0.335718122416298,0.166843559069634,0.0936024062812893,0.199047055602257,,0.101333333333333,0.0915666666666667,0.1111,0.0195333333333333,0.943641966841017,0.0315536049655297,FALSE,0,"XLOC_046847","BACH2","ENST00000695954.1","ENST00000695954.1","=",FALSE
"isoComp_00166999","geneComp_00022851","TCONS_00259078","XLOC_046847","T_minus","T_plus","XLOC_046847","unknown","unknown",2.80037066665718,2.60977492337686,2.9909664099375,0.72373819229686,0.2406401377125,0.195984302142906,,0.105099215602573,0.138831704566092,0.0713667266390547,0.0764211823270568,0.0713667266390547,-0.871171028556992,,0.03265,0.0434,0.0219,-0.0215,0.838422529570766,0.0315536049655297,FALSE,0,"XLOC_046847","BACH2","ENST00000481150.1","ENST00000481150.1","=",FALSE
"isoComp_00167000","geneComp_00022851","TCONS_00259079","XLOC_046847","T_minus","T_plus","XLOC_046847","unknown","unknown",2.80037066665718,2.60977492337686,2.9909664099375,0.72373819229686,0.2406401377125,0.195984302142906,,0.199519433996113,0.0203847907234236,0.378654077268803,0.0203847907234236,0.0844625494933491,3.67706539085229,,0.0655,0.00563333333333333,0.125366666666667,0.119733333333333,0.0315536049655297,0.0315536049655297,,0,"XLOC_046847","BACH2","ENST00000470301.6","ENST00000470301.6","=",FALSE
"isoComp_00167001","geneComp_00022851","TCONS_00259081","XLOC_046847","T_minus","T_plus","XLOC_046847","unknown","unknown",2.80037066665718,2.60977492337686,2.9909664099375,0.72373819229686,0.2406401377125,0.195984302142906,,0.0740435879414991,0,0.148087175882998,0,0.0978932503249856,3.98264843513014,,0.0228166666666667,0,0.0456333333333333,0.0456333333333333,0.664864655022145,0.0315536049655297,FALSE,0,"XLOC_046847","BACH2","ENST00000472023.5","ENST00000472023.5","=",FALSE
"isoComp_00167002","geneComp_00022851","TCONS_00259082","XLOC_046847","T_minus","T_plus","XLOC_046847","unknown","unknown",2.80037066665718,2.60977492337686,2.9909664099375,0.72373819229686,0.2406401377125,0.195984302142906,,0.0489161639896836,0.0978323279793672,0,0.0530925236250623,0,-3.43071785575701,,0.02545,0.0509,0,-0.0509,0.690035559972434,0.0315536049655297,,0,"XLOC_046847","BACH2","ENST00000494747.2","ENST00000494747.2","=",FALSE
"isoComp_00167332","geneComp_00022898","TCONS_00259416","XLOC_046945","T_minus","T_plus","XLOC_046945","unknown","unknown",32.7168766479041,52.4330387231346,13.0007145726737,9.46795984708717,0.941567363065518,-2.01105108277445,,0.690968230744563,0.684135373024047,0.697801088465078,0.0567828863831206,0.0222652025914196,0.0281269300264697,,0.0337833333333333,0.0135333333333333,0.0540333333333333,0.0405,0.000212801895586468,4.15480830751356e-10,FALSE,0,"XLOC_046945","SESN1","ENST00000436639.7","ENST00000436639.7","=",FALSE
"isoComp_00167334","geneComp_00022898","TCONS_00259418","XLOC_046945","T_minus","T_plus","XLOC_046945","unknown","unknown",32.7168766479041,52.4330387231346,13.0007145726737,9.46795984708717,0.941567363065518,-2.01105108277445,,7.00953860753963,12.6393603891418,1.37971682593745,3.41761143498869,0.303573446832429,-3.18620158845156,,0.169683333333333,0.235033333333333,0.104333333333333,-0.1307,0.0210981041405582,4.15480830751356e-10,FALSE,0,"XLOC_046945","SESN1","ENST00000356644.7","ENST00000356644.7","=",FALSE
"isoComp_00167336","geneComp_00022898","TCONS_00259420","XLOC_046945","T_minus","T_plus","XLOC_046945","unknown","unknown",32.7168766479041,52.4330387231346,13.0007145726737,9.46795984708717,0.941567363065518,-2.01105108277445,,0.319357173225637,0.483010821784506,0.155703524666768,0.0540861132717068,0.155703524666768,-1.57301502434368,,0.0101666666666667,0.00956666666666667,0.0107666666666667,0.0012,0.809454605563255,4.15480830751356e-10,TRUE,0,"XLOC_046945","SESN1","ENST00000368971.2","ENST00000368971.2","=",FALSE
"isoComp_00167339","geneComp_00022898","TCONS_00262443","XLOC_046945","T_minus","T_plus","XLOC_046945","unknown","unknown",32.7168766479041,52.4330387231346,13.0007145726737,9.46795984708717,0.941567363065518,-2.01105108277445,,6.8857100701679,11.6081261087679,2.16329403156792,2.32070604083086,0.398242720026887,-2.41842211532457,,0.192316666666667,0.220033333333333,0.1646,-0.0554333333333333,0.392682810079091,4.15480830751356e-10,FALSE,0,"XLOC_046945","SESN1","PB.16559.1","ENST00000436639.7","c",TRUE
"isoComp_00167340","geneComp_00022898","TCONS_00262444","XLOC_046945","T_minus","T_plus","XLOC_046945","unknown","unknown",32.7168766479041,52.4330387231346,13.0007145726737,9.46795984708717,0.941567363065518,-2.01105108277445,,6.65793002091024,11.214229536622,2.10163050519847,1.3286321492329,0.301547120000947,-2.41018709967465,,0.1903,0.220333333333333,0.160266666666667,-0.0600666666666667,0.522404366784864,4.15480830751356e-10,FALSE,0,"XLOC_046945","SESN1","PB.15482.4","ENST00000436639.7","c",TRUE
"isoComp_00167341","geneComp_00022898","TCONS_00262445","XLOC_046945","T_minus","T_plus","XLOC_046945","unknown","unknown",32.7168766479041,52.4330387231346,13.0007145726737,9.46795984708717,0.941567363065518,-2.01105108277445,,4.01628186277323,5.300431447819,2.73213227772745,0.747853635267005,0.642669327592031,-0.9535309110768,,0.15915,0.1027,0.2156,0.1129,0.370182755984383,4.15480830751356e-10,FALSE,0,"XLOC_046945","SESN1","PB.14176.4","ENST00000436639.7","c",TRUE
"isoComp_00167342","geneComp_00022898","TCONS_00264428","XLOC_046945","T_minus","T_plus","XLOC_046945","unknown","unknown",32.7168766479041,52.4330387231346,13.0007145726737,9.46795984708717,0.941567363065518,-2.01105108277445,,2.70952939582462,4.86371608389896,0.555342707750293,1.34401402403101,0.555342707750293,-3.10782461806651,,0.0665833333333333,0.0913,0.0418666666666667,-0.0494333333333333,0.392621015101385,4.15480830751356e-10,FALSE,0,"XLOC_046945","SESN1","PB.15482.3","ENST00000436639.7","c",TRUE
"isoComp_00167343","geneComp_00022898","TCONS_00264429","XLOC_046945","T_minus","T_plus","XLOC_046945","unknown","unknown",32.7168766479041,52.4330387231346,13.0007145726737,9.46795984708717,0.941567363065518,-2.01105108277445,,3.79850831863612,4.64223827366286,2.95477836360939,0.711157358144059,0.139780937331248,-0.650000731206394,,0.159116666666667,0.0893666666666667,0.228866666666667,0.1395,4.15480830751356e-10,4.15480830751356e-10,TRUE,0,"XLOC_046945","SESN1","PB.15482.5","ENST00000436639.7","j",TRUE
"isoComp_00168643","geneComp_00023059","TCONS_00260841","XLOC_047270","T_minus","T_plus","XLOC_047270","unknown","unknown",30.2657561658407,28.0436577229094,32.4878546087721,8.14079024631456,1.00510902562216,0.212155593605894,,7.52358900740584,11.2018245042943,3.84535351051737,3.58485770375165,0.260761516276643,-1.5400860105894,,0.255766666666667,0.393266666666667,0.118266666666667,-0.275,1.83275224490228e-29,1.83275224490228e-29,FALSE,0,"XLOC_047270","IPCEF1","ENST00000367220.9","ENST00000367220.9","=",FALSE
"isoComp_00168644","geneComp_00023059","TCONS_00260842","XLOC_047270","T_minus","T_plus","XLOC_047270","unknown","unknown",30.2657561658407,28.0436577229094,32.4878546087721,8.14079024631456,1.00510902562216,0.212155593605894,,4.32121695228965,7.09472406667481,1.5477098379045,2.18798015462228,0.542732365821128,-2.18935209846623,,0.149683333333333,0.251066666666667,0.0483,-0.202766666666667,9.98322523094199e-06,1.83275224490228e-29,FALSE,0,"XLOC_047270","IPCEF1","PB.14434.2","ENST00000265198.8","=",TRUE
"isoComp_00168646","geneComp_00023059","TCONS_00260845","XLOC_047270","T_minus","T_plus","XLOC_047270","unknown","unknown",30.2657561658407,28.0436577229094,32.4878546087721,8.14079024631456,1.00510902562216,0.212155593605894,,0.373578330699284,0.747156661398568,0,0.535560990779543,0,-6.24251993042088,,0.0104166666666667,0.0208333333333333,0,-0.0208333333333333,0.0017700461885993,1.83275224490228e-29,FALSE,0,"XLOC_047270","IPCEF1","PB.14434.6","ENST00000519344.5","=",TRUE
"isoComp_00168647","geneComp_00023059","TCONS_00260846","XLOC_047270","T_minus","T_plus","XLOC_047270","unknown","unknown",30.2657561658407,28.0436577229094,32.4878546087721,8.14079024631456,1.00510902562216,0.212155593605894,,0.373965164746209,0.213899906672311,0.534030422820107,0.115744900072319,0.134173798844818,1.280833404097,,0.0116666666666667,0.007,0.0163333333333333,0.00933333333333333,0.776378373091925,1.83275224490228e-29,FALSE,0,"XLOC_047270","ENSG00000288520","ENST00000673182.1","ENST00000673182.1","=",FALSE
"isoComp_00168653","geneComp_00023059","TCONS_00260853","XLOC_047270","T_minus","T_plus","XLOC_047270","unknown","unknown",30.2657561658407,28.0436577229094,32.4878546087721,8.14079024631456,1.00510902562216,0.212155593605894,,0.394146736395852,0.661139064462248,0.127154408329456,0.156492698686667,0.00429709298268564,-2.29081074026004,,0.01435,0.0248,0.0039,-0.0209,0.00213982098281753,1.83275224490228e-29,TRUE,0,"XLOC_047270","IPCEF1","ENST00000520261.1","ENST00000520261.1","=",FALSE
"isoComp_00168654","geneComp_00023059","TCONS_00260854","XLOC_047270","T_minus","T_plus","XLOC_047270","unknown","unknown",30.2657561658407,28.0436577229094,32.4878546087721,8.14079024631456,1.00510902562216,0.212155593605894,,0.71155379861891,0.213951099743995,1.20915649749383,0.057879771172644,0.0433574382717333,2.44462767406584,,0.0224833333333333,0.00776666666666667,0.0372,0.0294333333333333,0.00015004030285004,1.83275224490228e-29,FALSE,0,"XLOC_047270","CNKSR3","ENST00000607772.6","ENST00000607772.6","=",FALSE
"isoComp_00168658","geneComp_00023059","TCONS_00262657","XLOC_047270","T_minus","T_plus","XLOC_047270","unknown","unknown",30.2657561658407,28.0436577229094,32.4878546087721,8.14079024631456,1.00510902562216,0.212155593605894,,3.91189527281294,1.67112880659275,6.15266173903312,0.246101413965178,1.84740604451641,1.87412333869429,,0.126583333333333,0.0641333333333333,0.189033333333333,0.1249,0.254256526960049,1.83275224490228e-29,FALSE,0,"XLOC_047270","CNKSR3","PB.15761.2","ENST00000607772.6","c",TRUE
"isoComp_00168659","geneComp_00023059","TCONS_00262658","XLOC_047270","T_minus","T_plus","XLOC_047270","unknown","unknown",30.2657561658407,28.0436577229094,32.4878546087721,8.14079024631456,1.00510902562216,0.212155593605894,,4.52989233504679,1.26291704094671,7.79686762914687,0.272760780027326,0.834156981350167,2.61660540957609,,0.142883333333333,0.0468666666666667,0.2389,0.192033333333333,6.66573702736879e-18,1.83275224490228e-29,FALSE,0,"XLOC_047270","CNKSR3","PB.14436.2","ENST00000607772.6","c",TRUE
"isoComp_00168665","geneComp_00023059","TCONS_00264596","XLOC_047270","T_minus","T_plus","XLOC_047270","unknown","unknown",30.2657561658407,28.0436577229094,32.4878546087721,8.14079024631456,1.00510902562216,0.212155593605894,,0.729726570635669,0.623865047410426,0.835588093860912,0.544771008141138,0.178089938629405,0.415779346185785,,0.0280833333333333,0.0307333333333333,0.0254333333333333,-0.0053,0.878235189302041,1.83275224490228e-29,FALSE,0,"XLOC_047270","IPCEF1","PB.15760.5","ENST00000422970.6","j",TRUE
"isoComp_00168666","geneComp_00023059","TCONS_00264597","XLOC_047270","T_minus","T_plus","XLOC_047270","unknown","unknown",30.2657561658407,28.0436577229094,32.4878546087721,8.14079024631456,1.00510902562216,0.212155593605894,,4.12519143465111,1.48470737112124,6.76567549818099,0.316775242434288,0.620837234255453,2.18050171653334,,0.1317,0.0558,0.2076,0.1518,4.29208100619778e-08,1.83275224490228e-29,FALSE,0,"XLOC_047270","ENSG00000288520","PB.15761.3","ENST00000673182.1","j",TRUE
"isoComp_00168671","geneComp_00023059","TCONS_00265555","XLOC_047270","T_minus","T_plus","XLOC_047270","unknown","unknown",30.2657561658407,28.0436577229094,32.4878546087721,8.14079024631456,1.00510902562216,0.212155593605894,,1.25129471731638,0.0885663740056313,2.41402306062713,0.0442836438984931,2.19203779027261,4.62016405952841,,0.03985,0.00316666666666667,0.0765333333333333,0.0733666666666667,0.760291679821883,1.83275224490228e-29,FALSE,0,"XLOC_047270","CNKSR3","PB.16893.2","ENST00000607772.6","c",TRUE
"isoComp_00170018","geneComp_00023268","TCONS_00266558","XLOC_047650","T_minus","T_plus","XLOC_047650","unknown","unknown",2.46725380994721,1.65642778650914,3.27807983338529,0.295787865141171,0.364568127987152,0.980486526941939,,0.294989972734316,0,0.589979945468633,0,0.0558859826629307,5.90684237384771,,0.0905166666666667,0,0.181033333333333,0.181033333333333,4.42653987360935e-05,4.42653987360935e-05,,0,"XLOC_047650","CREB5","ENST00000478078.1","ENST00000478078.1","=",FALSE
"isoComp_00170019","geneComp_00023268","TCONS_00266559","XLOC_047650","T_minus","T_plus","XLOC_047650","unknown","unknown",2.46725380994721,1.65642778650914,3.27807983338529,0.295787865141171,0.364568127987152,0.980486526941939,,0.27204242507244,0.116457069193025,0.427627780951856,0.027578034055685,0.0803788419687732,1.79105663576169,,0.1079,0.0834,0.1324,0.049,0.791052418311344,4.42653987360935e-05,FALSE,0,"XLOC_047650","CREB5","ENST00000482692.1","ENST00000482692.1","=",FALSE
"isoComp_00170020","geneComp_00023268","TCONS_00266561","XLOC_047650","T_minus","T_plus","XLOC_047650","unknown","unknown",2.46725380994721,1.65642778650914,3.27807983338529,0.295787865141171,0.364568127987152,0.980486526941939,,1.0569492987649,0.96889628941213,1.14500230811766,0.187100052787675,0.149652831340156,0.238667810059042,,0.474783333333333,0.601633333333333,0.347933333333333,-0.2537,0.307937305470104,4.42653987360935e-05,FALSE,1,"XLOC_047650","CREB5","ENST00000357727.7","ENST00000357727.7","=",FALSE
"isoComp_00170021","geneComp_00023268","TCONS_00266564","XLOC_047650","T_minus","T_plus","XLOC_047650","unknown","unknown",2.46725380994721,1.65642778650914,3.27807983338529,0.295787865141171,0.364568127987152,0.980486526941939,,0.13994361176898,0.0765936813785601,0.2032935421594,0.0439058329406544,0.029268503030852,1.30050662374763,,0.0576,0.0506,0.0646,0.014,0.921541330915698,4.42653987360935e-05,FALSE,0,"XLOC_047650","CREB5","ENST00000461921.5","ENST00000461921.5","=",FALSE
"isoComp_00170022","geneComp_00023268","TCONS_00266565","XLOC_047650","T_minus","T_plus","XLOC_047650","unknown","unknown",2.46725380994721,1.65642778650914,3.27807983338529,0.295787865141171,0.364568127987152,0.980486526941939,,0.028800221817814,0.00675920982750252,0.0508412338081254,0.00675920982750252,0.0508412338081254,1.86009528032241,,0.0109333333333333,0.0035,0.0183666666666667,0.0148666666666667,1,4.42653987360935e-05,FALSE,0,"XLOC_047650","CREB5","ENST00000426500.5","ENST00000426500.5","=",FALSE
"isoComp_00170023","geneComp_00023268","TCONS_00266566","XLOC_047650","T_minus","T_plus","XLOC_047650","unknown","unknown",2.46725380994721,1.65642778650914,3.27807983338529,0.295787865141171,0.364568127987152,0.980486526941939,,0.191171248059097,0.138760263738814,0.24358223237938,0.0888095821138925,0.0484155368767254,0.769464453584194,,0.07505,0.0715333333333333,0.0785666666666667,0.00703333333333334,0.986563501040065,4.42653987360935e-05,FALSE,1,"XLOC_047650","CREB5","ENST00000396298.6","ENST00000396298.6","=",FALSE
"isoComp_00170024","geneComp_00023268","TCONS_00266568","XLOC_047650","T_minus","T_plus","XLOC_047650","unknown","unknown",2.46725380994721,1.65642778650914,3.27807983338529,0.295787865141171,0.364568127987152,0.980486526941939,,0.408669465366086,0.348961272959112,0.46837765777306,0.30563880439466,0.163796443676972,0.414321805984682,,0.163766666666667,0.189266666666667,0.138266666666667,-0.051,0.960033547859397,4.42653987360935e-05,FALSE,0,"XLOC_047650","CREB5","ENST00000484383.1","ENST00000484383.1","=",FALSE
"isoComp_00170025","geneComp_00023268","TCONS_00266570","XLOC_047650","T_minus","T_plus","XLOC_047650","unknown","unknown",2.46725380994721,1.65642778650914,3.27807983338529,0.295787865141171,0.364568127987152,0.980486526941939,,0.0654194994191335,0,0.130838998838267,0,0.130838998838267,3.81597497176082,,0.0164166666666667,0,0.0328333333333333,0.0328333333333333,0.969473296163128,4.42653987360935e-05,FALSE,0,"XLOC_047650","CREB5","ENST00000498316.3","ENST00000498316.3","=",FALSE
"isoComp_00170206","geneComp_00023302","TCONS_00266850","XLOC_047710","T_minus","T_plus","XLOC_047710","unknown","unknown",11.6653063042143,14.6497035990061,8.68090900942244,0.729690888009284,0.574682707428766,-0.754276948223345,,5.88068865545198,6.40371365602654,5.35766365487743,0.885579325696417,0.317776461054898,-0.256865672126652,,0.525566666666667,0.433366666666667,0.617766666666667,0.1844,0.0190931340090888,0.0190931340090888,FALSE,1,"XLOC_047710","HERPUD2-AS1","ENST00000605778.1","ENST00000605778.1","=",FALSE
"isoComp_00170207","geneComp_00023302","TCONS_00277277","XLOC_047710","T_minus","T_plus","XLOC_047710","unknown","unknown",11.6653063042143,14.6497035990061,8.68090900942244,0.729690888009284,0.574682707428766,-0.754276948223345,,0.455255959543124,0.493885731783874,0.416626187302374,0.302479876132139,0.097658158340076,-0.240124080639969,,0.0424833333333333,0.0358,0.0491666666666667,0.0133666666666667,0.886805583890162,0.0190931340090888,FALSE,1,"XLOC_047710","HERPUD2-AS1","PB.14745.3","ENST00000605778.1","c",TRUE
"isoComp_00170208","geneComp_00023302","TCONS_00278793","XLOC_047710","T_minus","T_plus","XLOC_047710","unknown","unknown",11.6653063042143,14.6497035990061,8.68090900942244,0.729690888009284,0.574682707428766,-0.754276948223345,,4.74484232639872,6.58306548555479,2.90661916724264,0.335626480686271,0.344204762183068,-1.17665238998635,,0.391866666666667,0.450666666666667,0.333066666666667,-0.1176,0.159755497794202,0.0190931340090888,FALSE,0,"XLOC_047710","HERPUD2-AS1","PB.17246.1","ENST00000605778.1","c",TRUE
"isoComp_00170209","geneComp_00023302","TCONS_00279655","XLOC_047710","T_minus","T_plus","XLOC_047710","unknown","unknown",11.6653063042143,14.6497035990061,8.68090900942244,0.729690888009284,0.574682707428766,-0.754276948223345,,0.584519362820447,1.16903872564089,0,0.713987772018773,0,-6.88146729432866,,0.0401166666666667,0.0802333333333333,0,-0.0802333333333333,0.470194996452664,0.0190931340090888,,0,"XLOC_047710","HERPUD2-AS1","PB.17245.1","ENST00000605778.1","c",TRUE
"isoComp_00170312","geneComp_00023314","TCONS_00266990","XLOC_047745","T_minus","T_plus","XLOC_047745","unknown","unknown",34.34548743136,30.0289873969416,38.6619874657784,2.09155160584525,1.01703413964456,0.364452729654964,,0.569253763528833,0.706904470359031,0.431603056698635,0.246497704566074,0.142314624609814,-0.699030730121676,,0.0173833333333333,0.0237666666666667,0.011,-0.0127666666666667,0.800573394062832,0.0329041497947991,FALSE,0,"XLOC_047745","RALA","ENST00000468201.1","ENST00000468201.1","=",FALSE
"isoComp_00170313","geneComp_00023314","TCONS_00266991","XLOC_047745","T_minus","T_plus","XLOC_047745","unknown","unknown",34.34548743136,30.0289873969416,38.6619874657784,2.09155160584525,1.01703413964456,0.364452729654964,,24.4170676383776,19.4987201583277,29.3354151184276,1.28653185523437,1.1291025830843,0.589015981426957,,0.70445,0.649833333333333,0.759066666666667,0.109233333333333,0.0836449381898531,0.0329041497947991,FALSE,0,"XLOC_047745","RALA","ENST00000005257.7","ENST00000005257.7","=",FALSE
"isoComp_00170316","geneComp_00023314","TCONS_00277297","XLOC_047745","T_minus","T_plus","XLOC_047745","unknown","unknown",34.34548743136,30.0289873969416,38.6619874657784,2.09155160584525,1.01703413964456,0.364452729654964,,0.451553736309087,0.345049688619302,0.558057783998871,0.130247197600516,0.0919080421203217,0.678016749540806,,0.0127666666666667,0.0112,0.0143333333333333,0.00313333333333333,0.906116988832753,0.0329041497947991,FALSE,0,"XLOC_047745","RALA","PB.14770.2","ENST00000005257.7","j",TRUE
"isoComp_00170317","geneComp_00023314","TCONS_00277298","XLOC_047745","T_minus","T_plus","XLOC_047745","unknown","unknown",34.34548743136,30.0289873969416,38.6619874657784,2.09155160584525,1.01703413964456,0.364452729654964,,7.67153865350805,8.96857162597002,6.37450568104609,0.946950962488343,1.06398698363032,-0.491911025289519,,0.230966666666667,0.297533333333333,0.1644,-0.133133333333333,0.0329041497947991,0.0329041497947991,FALSE,0,"XLOC_047745","RALA","PB.16096.5","ENST00000005257.7","c",TRUE
"isoComp_00170319","geneComp_00023314","TCONS_00278249","XLOC_047745","T_minus","T_plus","XLOC_047745","unknown","unknown",34.34548743136,30.0289873969416,38.6619874657784,2.09155160584525,1.01703413964456,0.364452729654964,,0.950085675573292,0.299223637637883,1.6009477135087,0.10518734707505,0.325233448798722,2.38118715836629,,0.0260833333333333,0.0105,0.0416666666666667,0.0311666666666667,0.104196126966125,0.0329041497947991,FALSE,0,"XLOC_047745","RALA","PB.11446.2","ENST00000005257.7","j",TRUE
"isoComp_00170871","geneComp_00023411","TCONS_00267715","XLOC_048013","T_minus","T_plus","XLOC_048013","unknown","unknown",15.0248400325019,20.0784401102391,9.97123995476464,4.40415116895664,0.870868526321825,-1.00907458585058,,0.212641176387842,0.342021171696786,0.0832611810788971,0.116952568495121,0.0832611810788971,-1.91631359434352,,0.01375,0.0175333333333333,0.00996666666666667,-0.00756666666666667,0.735993186705965,0.0329961123902529,FALSE,0,"XLOC_048013","TPST1","ENST00000442120.1","ENST00000442120.1","=",FALSE
"isoComp_00170872","geneComp_00023411","TCONS_00267716","XLOC_048013","T_minus","T_plus","XLOC_048013","unknown","unknown",15.0248400325019,20.0784401102391,9.97123995476464,4.40415116895664,0.870868526321825,-1.00907458585058,,0.316492195179741,0.354850107750015,0.278134282609467,0.166372152083606,0.102520119048515,-0.340562555294767,,0.0229666666666667,0.0159,0.0300333333333333,0.0141333333333333,0.894435322839215,0.0329961123902529,FALSE,0,"XLOC_048013","TPST1","ENST00000480281.5","ENST00000480281.5","=",FALSE
"isoComp_00170873","geneComp_00023411","TCONS_00267717","XLOC_048013","T_minus","T_plus","XLOC_048013","unknown","unknown",15.0248400325019,20.0784401102391,9.97123995476464,4.40415116895664,0.870868526321825,-1.00907458585058,,5.53482618340243,7.33279009177467,3.73686227503019,2.00542580465136,0.322701904752897,-0.970645409359765,,0.36615,0.357233333333333,0.375066666666667,0.0178333333333333,0.994429022886634,0.0329961123902529,FALSE,1,"XLOC_048013","TPST1","ENST00000304842.6","ENST00000304842.6","=",FALSE
"isoComp_00170876","geneComp_00023411","TCONS_00277344","XLOC_048013","T_minus","T_plus","XLOC_048013","unknown","unknown",15.0248400325019,20.0784401102391,9.97123995476464,4.40415116895664,0.870868526321825,-1.00907458585058,,1.62414257233995,1.51343864071245,1.73484650396744,0.574052986824883,0.307505973648556,0.19576873257152,,0.121283333333333,0.0707,0.171866666666667,0.101166666666667,0.0329961123902529,0.0329961123902529,FALSE,2,"XLOC_048013","TPST1","PB.14880.1","ENST00000649664.1","j",TRUE
"isoComp_00170877","geneComp_00023411","TCONS_00278851","XLOC_048013","T_minus","T_plus","XLOC_048013","unknown","unknown",15.0248400325019,20.0784401102391,9.97123995476464,4.40415116895664,0.870868526321825,-1.00907458585058,,5.79886253271259,8.3109270485813,3.28679801684389,0.947796291794283,0.549957404580061,-1.33567876952735,,0.3793,0.4317,0.3269,-0.1048,0.465794423862546,0.0329961123902529,FALSE,0,"XLOC_048013","TPST1","PB.16212.1","ENST00000649664.1","c",TRUE
"isoComp_00170878","geneComp_00023411","TCONS_00279696","XLOC_048013","T_minus","T_plus","XLOC_048013","unknown","unknown",15.0248400325019,20.0784401102391,9.97123995476464,4.40415116895664,0.870868526321825,-1.00907458585058,,1.03278008212131,1.31473182713148,0.75082833711113,0.0666265119690068,0.15406885763446,-0.800057450809724,,0.07265,0.0699333333333333,0.0753666666666667,0.00543333333333333,0.993408938078575,0.0329961123902529,FALSE,2,"XLOC_048013","TPST1","PB.17405.1","ENST00000649664.1","j",TRUE
"isoComp_00170879","geneComp_00023411","TCONS_00279697","XLOC_048013","T_minus","T_plus","XLOC_048013","unknown","unknown",15.0248400325019,20.0784401102391,9.97123995476464,4.40415116895664,0.870868526321825,-1.00907458585058,,0.163962599360013,0.227415840596398,0.100509358123628,0.170245195876196,0.0551983756046181,-1.10324765138787,,0.0100666666666667,0.00926666666666667,0.0108666666666667,0.0016,0.998161431539877,0.0329961123902529,FALSE,1,"XLOC_048013","TPST1","PB.17405.2","ENST00000649664.1","j",TRUE
"isoComp_00171432","geneComp_00023474","TCONS_00268325","XLOC_048143","T_minus","T_plus","XLOC_048143","unknown","unknown",2.64257190282784,2.76756413685064,2.51757966880505,0.155847609611846,0.182907100540317,-0.136063659027261,,0.0316358619992839,0.0632717239985678,0,0.0331593366271035,0,-2.87325656101546,,0.0113333333333333,0.0226666666666667,0,-0.0226666666666667,0.743498430661376,0.00334583542344979,FALSE,0,"XLOC_048143","GNAI1","ENST00000648663.1","ENST00000648663.1","=",FALSE
"isoComp_00171433","geneComp_00023474","TCONS_00268337","XLOC_048143","T_minus","T_plus","XLOC_048143","unknown","unknown",2.64257190282784,2.76756413685064,2.51757966880505,0.155847609611846,0.182907100540317,-0.136063659027261,,0.36586642285283,0.23848368063869,0.49324916506697,0.113159420964307,0.109380295497463,1.01812176882877,,0.141416666666667,0.0882,0.194633333333333,0.106433333333333,0.7050536116442,0.00334583542344979,FALSE,0,"XLOC_048143","GNAI1","ENST00000351004.8","ENST00000351004.8","=",FALSE
"isoComp_00171434","geneComp_00023474","TCONS_00268338","XLOC_048143","T_minus","T_plus","XLOC_048143","unknown","unknown",2.64257190282784,2.76756413685064,2.51757966880505,0.155847609611846,0.182907100540317,-0.136063659027261,,0.132992289452625,0.210376177238546,0.055608401666703,0.0936133733188965,0.055608401666703,-1.748015796251,,0.0468833333333333,0.0733666666666667,0.0204,-0.0529666666666667,0.641965462984949,0.00334583542344979,FALSE,0,"XLOC_048143","GNAI1","ENST00000650431.1","ENST00000650431.1","=",FALSE
"isoComp_00171436","geneComp_00023474","TCONS_00268341","XLOC_048143","T_minus","T_plus","XLOC_048143","unknown","unknown",2.64257190282784,2.76756413685064,2.51757966880505,0.155847609611846,0.182907100540317,-0.136063659027261,,0.152554279795726,0.136897926267825,0.168210633323626,0.136897926267825,0.100990663115363,0.278769391188122,,0.0643166666666667,0.0548,0.0738333333333333,0.0190333333333333,0.810125956684515,0.00334583542344979,FALSE,0,"XLOC_048143","GNAI1","ENST00000649214.1","ENST00000649214.1","=",FALSE
"isoComp_00171437","geneComp_00023474","TCONS_00268342","XLOC_048143","T_minus","T_plus","XLOC_048143","unknown","unknown",2.64257190282784,2.76756413685064,2.51757966880505,0.155847609611846,0.182907100540317,-0.136063659027261,,0.178325538804469,0.20320493978874,0.153446137820199,0.107380960845237,0.0487474583748915,-0.383425577493046,,0.0647666666666667,0.0708,0.0587333333333333,-0.0120666666666667,0.998900373957853,0.00334583542344979,FALSE,0,"XLOC_048143","GNAI1","ENST00000649922.1","ENST00000649922.1","=",FALSE
"isoComp_00171438","geneComp_00023474","TCONS_00268344","XLOC_048143","T_minus","T_plus","XLOC_048143","unknown","unknown",2.64257190282784,2.76756413685064,2.51757966880505,0.155847609611846,0.182907100540317,-0.136063659027261,,0.159722685146975,0.126417183683941,0.193028186610009,0.0585353612202411,0.0520134425030277,0.573654648375385,,0.0594666666666667,0.0436,0.0753333333333333,0.0317333333333333,0.839273092372023,0.00334583542344979,FALSE,0,"XLOC_048143","GNAI1","ENST00000649634.1","ENST00000649634.1","=",FALSE
"isoComp_00171439","geneComp_00023474","TCONS_00268347","XLOC_048143","T_minus","T_plus","XLOC_048143","unknown","unknown",2.64257190282784,2.76756413685064,2.51757966880505,0.155847609611846,0.182907100540317,-0.136063659027261,,0.190989124406115,0.310611522173176,0.0713667266390547,0.227660599286949,0.0713667266390547,-1.97831541640667,,0.0698,0.106466666666667,0.0331333333333333,-0.0733333333333333,0.831082279535957,0.00334583542344979,FALSE,0,"XLOC_048143","GNAI1","ENST00000648449.1","ENST00000648449.1","=",FALSE
"isoComp_00171440","geneComp_00023474","TCONS_00268349","XLOC_048143","T_minus","T_plus","XLOC_048143","unknown","unknown",2.64257190282784,2.76756413685064,2.51757966880505,0.155847609611846,0.182907100540317,-0.136063659027261,,0.141447245033547,0,0.282894490067094,0,0.0644457677783388,4.87230914837215,,0.0558166666666667,0,0.111633333333333,0.111633333333333,0.00334583542344979,0.00334583542344979,TRUE,0,"XLOC_048143","GNAI1","ENST00000649148.1","ENST00000649148.1","=",FALSE
"isoComp_00171441","geneComp_00023474","TCONS_00268351","XLOC_048143","T_minus","T_plus","XLOC_048143","unknown","unknown",2.64257190282784,2.76756413685064,2.51757966880505,0.155847609611846,0.182907100540317,-0.136063659027261,,0.045624666335642,0.091249332671284,0,0.0912493326712841,0,-3.33984049419325,,0.0164833333333333,0.0329666666666667,0,-0.0329666666666667,0.943009150118856,0.00334583542344979,FALSE,0,"XLOC_048143","GNAI1","ENST00000648097.1","ENST00000648097.1","=",FALSE
"isoComp_00171444","geneComp_00023474","TCONS_00278908","XLOC_048143","T_minus","T_plus","XLOC_048143","unknown","unknown",2.64257190282784,2.76756413685064,2.51757966880505,0.155847609611846,0.182907100540317,-0.136063659027261,,0.692531677525127,0.575554595722794,0.80950875932746,0.224399413440141,0.27603670300901,0.484955679203029,,0.262983333333333,0.209133333333333,0.316833333333333,0.1077,0.836897538234847,0.00334583542344979,FALSE,0,"XLOC_048143","GNAI1","PB.16302.4","ENST00000649225.1","c",TRUE
"isoComp_00171445","geneComp_00023474","TCONS_00278909","XLOC_048143","T_minus","T_plus","XLOC_048143","unknown","unknown",2.64257190282784,2.76756413685064,2.51757966880505,0.155847609611846,0.182907100540317,-0.136063659027261,,0.532729411151303,0.794242970645243,0.271215851657362,0.0778551364629236,0.0732931009711162,-1.5159535023335,,0.199716666666667,0.2918,0.107633333333333,-0.184166666666667,0.19754840468272,0.00334583542344979,FALSE,0,"XLOC_048143","GNAI1","PB.16302.5","ENST00000649225.1","c",TRUE
"isoComp_00172967","geneComp_00023662","TCONS_00270268","XLOC_048531","T_minus","T_plus","XLOC_048531","unknown","unknown",12.5250750787221,11.8808524753991,13.1692976820451,0.858292079863695,0.63612439380698,0.14842134387426,,0.123219583499859,0.193316167942957,0.053122999056761,0.111807576877296,0.0270975045206458,-1.68748728813367,,0.0102,0.0162,0.0042,-0.012,0.866521497962962,0.00584877600785548,FALSE,0,"XLOC_048531","MKLN1","ENST00000421797.6","ENST00000421797.6","=",FALSE
"isoComp_00172972","geneComp_00023662","TCONS_00270274","XLOC_048531","T_minus","T_plus","XLOC_048531","unknown","unknown",12.5250750787221,11.8808524753991,13.1692976820451,0.858292079863695,0.63612439380698,0.14842134387426,,6.25353581037339,6.5331466642523,5.97392495649447,0.249716189788348,0.240563696727409,-0.128892526270932,,0.505366666666667,0.5567,0.454033333333333,-0.102666666666667,0.468514933841726,0.00584877600785548,FALSE,0,"XLOC_048531","MKLN1","ENST00000352689.11","ENST00000352689.11","=",FALSE
"isoComp_00172973","geneComp_00023662","TCONS_00270275","XLOC_048531","T_minus","T_plus","XLOC_048531","unknown","unknown",12.5250750787221,11.8808524753991,13.1692976820451,0.858292079863695,0.63612439380698,0.14842134387426,,0.135985603881374,0,0.271971207762748,0,0.136001008539599,4.81747595063703,,0.0105,0,0.021,0.021,0.53643706619873,0.00584877600785548,FALSE,0,"XLOC_048531","MKLN1","ENST00000494785.5","ENST00000494785.5","=",FALSE
"isoComp_00172979","geneComp_00023662","TCONS_00277606","XLOC_048531","T_minus","T_plus","XLOC_048531","unknown","unknown",12.5250750787221,11.8808524753991,13.1692976820451,0.858292079863695,0.63612439380698,0.14842134387426,,1.27283799674836,0.952819736174919,1.59285625732181,0.309498156959449,0.365442011630198,0.735307431691574,,0.0987166666666667,0.0787,0.118733333333333,0.0400333333333333,0.806992173601834,0.00584877600785548,FALSE,0,"XLOC_048531","MKLN1","PB.15256.1","ENST00000421797.6","j",TRUE
"isoComp_00172981","geneComp_00023662","TCONS_00277608","XLOC_048531","T_minus","T_plus","XLOC_048531","unknown","unknown",12.5250750787221,11.8808524753991,13.1692976820451,0.858292079863695,0.63612439380698,0.14842134387426,,0.173695012198265,0.149666020872129,0.197724003524401,0.0292370308236284,0.0294731885712549,0.379610616239066,,0.0140333333333333,0.0131333333333333,0.0149333333333333,0.0018,0.955966621133578,0.00584877600785548,FALSE,0,"XLOC_048531","MKLN1","PB.15256.5","ENST00000421797.6","j",TRUE
"isoComp_00172983","geneComp_00023662","TCONS_00277610","XLOC_048531","T_minus","T_plus","XLOC_048531","unknown","unknown",12.5250750787221,11.8808524753991,13.1692976820451,0.858292079863695,0.63612439380698,0.14842134387426,,0.19578233412232,0.117772902898937,0.273791765345702,0.0277579257649036,0.0571487567204589,1.15125081501096,,0.0153333333333333,0.0098,0.0208666666666667,0.0110666666666667,0.735269625331942,0.00584877600785548,FALSE,0,"XLOC_048531","MKLN1","PB.15256.9","ENST00000421797.6","j",TRUE
"isoComp_00172984","geneComp_00023662","TCONS_00278398","XLOC_048531","T_minus","T_plus","XLOC_048531","unknown","unknown",12.5250750787221,11.8808524753991,13.1692976820451,0.858292079863695,0.63612439380698,0.14842134387426,,0.932085555694791,0.0628990472041357,1.80127206418545,0.0628990472041357,0.27253836144193,4.63495949544682,,0.0713833333333333,0.00506666666666667,0.1377,0.132633333333333,0.00584877600785548,0.00584877600785548,FALSE,0,"XLOC_048531","MKLN1","PB.11853.7","ENST00000421797.6","c",TRUE
"isoComp_00172985","geneComp_00023662","TCONS_00278399","XLOC_048531","T_minus","T_plus","XLOC_048531","unknown","unknown",12.5250750787221,11.8808524753991,13.1692976820451,0.858292079863695,0.63612439380698,0.14842134387426,,0.488240362102289,0.337960491375126,0.638520232829452,0.337960491375126,0.255806165885517,0.898228078194457,,0.04175,0.0331,0.0504,0.0173,0.60585286913224,0.00584877600785548,FALSE,0,"XLOC_048531","MKLN1","PB.11853.8","ENST00000421797.6","c",TRUE
"isoComp_00172988","geneComp_00023662","TCONS_00279076","XLOC_048531","T_minus","T_plus","XLOC_048531","unknown","unknown",12.5250750787221,11.8808524753991,13.1692976820451,0.858292079863695,0.63612439380698,0.14842134387426,,0.163181512296963,0,0.326363024593925,0,0.138734635263634,5.07194721793922,,0.0129333333333333,0,0.0258666666666667,0.0258666666666667,0.0291890419007672,0.00584877600785548,TRUE,0,"XLOC_048531","MKLN1","PB.16600.5","ENST00000421797.6","j",TRUE
"isoComp_00172989","geneComp_00023662","TCONS_00279077","XLOC_048531","T_minus","T_plus","XLOC_048531","unknown","unknown",12.5250750787221,11.8808524753991,13.1692976820451,0.858292079863695,0.63612439380698,0.14842134387426,,0.8564587778426,1.15366398379582,0.55925357188938,0.751229293975203,0.55925357188938,-1.03153118601968,,0.0668333333333333,0.0919666666666667,0.0417,-0.0502666666666667,0.753617156900697,0.00584877600785548,FALSE,0,"XLOC_048531","MKLN1","PB.16600.7","ENST00000421797.6","c",TRUE
"isoComp_00172990","geneComp_00023662","TCONS_00279078","XLOC_048531","T_minus","T_plus","XLOC_048531","unknown","unknown",12.5250750787221,11.8808524753991,13.1692976820451,0.858292079863695,0.63612439380698,0.14842134387426,,0.142447842197601,0.284895684395203,0,0.284895684395203,0,-4.88213280454643,,0.0115166666666667,0.0230333333333333,0,-0.0230333333333333,0.923238713624286,0.00584877600785548,FALSE,0,"XLOC_048531","MKLN1","PB.17842.6","ENST00000421797.6","c",TRUE
"isoComp_00172991","geneComp_00023662","TCONS_00279862","XLOC_048531","T_minus","T_plus","XLOC_048531","unknown","unknown",12.5250750787221,11.8808524753991,13.1692976820451,0.858292079863695,0.63612439380698,0.14842134387426,,1.28967758503194,1.53507289395849,1.04428227610538,0.377962517396086,0.688304113613549,-0.551413714297367,,0.101633333333333,0.126,0.0772666666666667,-0.0487333333333333,0.82956801512947,0.00584877600785548,FALSE,0,"XLOC_048531","MKLN1","PB.17842.4","ENST00000421797.6","c",TRUE
"isoComp_00173650","geneComp_00023761","TCONS_00271219","XLOC_048833","T_minus","T_plus","XLOC_048833","unknown","unknown",1.10475587615748,1.0839697144862,1.12554203782876,0.150200390264498,0.292059608482667,0.0538083166436204,,0.160345429702549,0,0.320690859405099,0,0.320690859405099,5.04741126356975,,0.0949,0,0.1898,0.1898,0.912691797331015,0.0238654692324716,FALSE,0,"XLOC_048833","PRKAG2-AS1","ENST00000464464.1","ENST00000464464.1","=",FALSE
"isoComp_00173651","geneComp_00023761","TCONS_00271220","XLOC_048833","T_minus","T_plus","XLOC_048833","unknown","unknown",1.10475587615748,1.0839697144862,1.12554203782876,0.150200390264498,0.292059608482667,0.0538083166436204,,0.6148074201362,0.900327799542904,0.329287040729496,0.126699187483183,0.0757007730080526,-1.42387981179384,,0.586816666666667,0.831666666666667,0.341966666666667,-0.4897,0.0238654692324716,0.0238654692324716,FALSE,1,"XLOC_048833","PRKAG2-AS1","ENST00000467458.3","ENST00000467458.3","=",FALSE
"isoComp_00173652","geneComp_00023761","TCONS_00271221","XLOC_048833","T_minus","T_plus","XLOC_048833","unknown","unknown",1.10475587615748,1.0839697144862,1.12554203782876,0.150200390264498,0.292059608482667,0.0538083166436204,,0.079640114112491,0,0.159280228224982,0,0.0298913883090338,4.08134157250645,,0.0776666666666667,0,0.155333333333333,0.155333333333333,0.080513533768341,0.0238654692324716,FALSE,0,"XLOC_048833","PRKAG2-AS1","ENST00000690829.1","ENST00000690829.1","=",FALSE
"isoComp_00173653","geneComp_00023761","TCONS_00271223","XLOC_048833","T_minus","T_plus","XLOC_048833","unknown","unknown",1.10475587615748,1.0839697144862,1.12554203782876,0.150200390264498,0.292059608482667,0.0538083166436204,,0.249962912206238,0.183641914943294,0.316283909469182,0.0429512215897591,0.0193542557449824,0.752736577056003,,0.240583333333333,0.168333333333333,0.312833333333333,0.1445,0.697595555554973,0.0238654692324716,FALSE,2,"XLOC_048833","PRKAG2-AS1","ENST00000687407.1","ENST00000687407.1","=",FALSE
"isoComp_00173876","geneComp_00023807","TCONS_00271460","XLOC_048915","T_minus","T_plus","XLOC_048915","unknown","unknown",10.9750110108964,10.3339897777507,11.6160322440421,0.581064730790574,0.73738999223198,0.168566060362745,,5.15974069767398,5.62878788415628,4.69069351119167,0.436990576161275,0.101584031414588,-0.262511454934399,,0.475366666666667,0.543933333333333,0.4068,-0.137133333333333,0.0546006136854933,0.0299373683787165,FALSE,0,"XLOC_048915","PRKAR1B","ENST00000537384.6","ENST00000537384.6","=",FALSE
"isoComp_00173877","geneComp_00023807","TCONS_00271461","XLOC_048915","T_minus","T_plus","XLOC_048915","unknown","unknown",10.9750110108964,10.3339897777507,11.6160322440421,0.581064730790574,0.73738999223198,0.168566060362745,,0.385182329681959,0.537371506579095,0.232993152784824,0.102606243480681,0.135993817932004,-1.17160467594673,,0.03565,0.0521333333333333,0.0191666666666667,-0.0329666666666667,0.5086367565635,0.0299373683787165,FALSE,0,"XLOC_048915","PRKAR1B","ENST00000403562.5","ENST00000403562.5","=",FALSE
"isoComp_00173878","geneComp_00023807","TCONS_00271463","XLOC_048915","T_minus","T_plus","XLOC_048915","unknown","unknown",10.9750110108964,10.3339897777507,11.6160322440421,0.581064730790574,0.73738999223198,0.168566060362745,,4.94074376434099,3.73096108197194,6.15052644671003,0.370164603459675,0.365602519438994,0.719644684142576,,0.44625,0.361833333333333,0.530666666666667,0.168833333333333,0.0299373683787165,0.0299373683787165,FALSE,0,"XLOC_048915","PRKAR1B","ENST00000400758.6","ENST00000400758.6","=",FALSE
"isoComp_00173881","geneComp_00023807","TCONS_00279148","XLOC_048915","T_minus","T_plus","XLOC_048915","unknown","unknown",10.9750110108964,10.3339897777507,11.6160322440421,0.581064730790574,0.73738999223198,0.168566060362745,,0.412536400861002,0.369292679426366,0.455780122295637,0.0480451308941963,0.313252550363232,0.296337545155295,,0.0360666666666667,0.0355666666666667,0.0365666666666667,0.000999999999999994,0.926500030747418,0.0299373683787165,FALSE,0,"XLOC_048915","PRKAR1B","PB.17014.1","ENST00000537384.6","j",TRUE
"isoComp_00173977","geneComp_00023821","TCONS_00271584","XLOC_048934","T_minus","T_plus","XLOC_048934","unknown","unknown",22.7005861473444,24.8153388274007,20.585833467288,0.64513932987942,0.122892433975278,-0.269460898412313,,6.57600912715767,8.4483494324027,4.70366882191264,0.200083269122939,0.392305111235714,-0.843525762691694,,0.285,0.341333333333333,0.228666666666667,-0.112666666666667,0.0665438900573578,0.0315091484655929,FALSE,0,"XLOC_048934","SNX8","ENST00000222990.8","ENST00000222990.8","=",FALSE
"isoComp_00173981","geneComp_00023821","TCONS_00271590","XLOC_048934","T_minus","T_plus","XLOC_048934","unknown","unknown",22.7005861473444,24.8153388274007,20.585833467288,0.64513932987942,0.122892433975278,-0.269460898412313,,0.271590043043069,0,0.543180086086138,0,0.543180086086138,5.78967731677366,,0.0131333333333333,0,0.0262666666666667,0.0262666666666667,0.90701231722743,0.0315091484655929,TRUE,0,"XLOC_048934","SNX8","ENST00000435336.5","ENST00000435336.5","=",FALSE
"isoComp_00173982","geneComp_00023821","TCONS_00271591","XLOC_048934","T_minus","T_plus","XLOC_048934","unknown","unknown",22.7005861473444,24.8153388274007,20.585833467288,0.64513932987942,0.122892433975278,-0.269460898412313,,1.40151251205893,0.2289962415368,2.57402878258106,0.186368239748737,0.445467975015235,3.43456230416553,,0.0670166666666667,0.0092,0.124833333333333,0.115633333333333,0.0315091484655929,0.0315091484655929,FALSE,0,"XLOC_048934","SNX8","ENST00000494722.1","ENST00000494722.1","=",FALSE
"isoComp_00173985","geneComp_00023821","TCONS_00279153","XLOC_048934","T_minus","T_plus","XLOC_048934","unknown","unknown",22.7005861473444,24.8153388274007,20.585833467288,0.64513932987942,0.122892433975278,-0.269460898412313,,3.41813263542045,4.28853857815989,2.547726692681,0.867369228773426,0.893605104357693,-0.748984141670452,,0.147983333333333,0.172466666666667,0.1235,-0.0489666666666667,0.807766782412031,0.0315091484655929,FALSE,0,"XLOC_048934","SNX8","PB.15896.2","ENST00000222990.8","c",TRUE
"isoComp_00173986","geneComp_00023821","TCONS_00279154","XLOC_048934","T_minus","T_plus","XLOC_048934","unknown","unknown",22.7005861473444,24.8153388274007,20.585833467288,0.64513932987942,0.122892433975278,-0.269460898412313,,10.6544674390089,11.5781931718603,9.73074170615753,0.796254446053133,0.87164942192421,-0.250552104005676,,0.469683333333333,0.466366666666667,0.473,0.00663333333333332,0.984799902287477,0.0315091484655929,FALSE,0,"XLOC_048934","SNX8","PB.17041.3","ENST00000222990.8","c",TRUE
"isoComp_00174008","geneComp_00023828","TCONS_00271631","XLOC_048950","T_minus","T_plus","XLOC_048950","unknown","unknown",1.61808913983974,2.06593896488402,1.17023931479546,0.259770840911435,0.0363049120653275,-0.814684605666441,,0.586824808754175,0.880477572158601,0.293172045349748,0.0541692898634303,0.0126329349813609,-1.55444254287597,,0.3462,0.4411,0.2513,-0.1898,0.434431107772579,0.000266868640882149,FALSE,0,"XLOC_048950","RADIL","ENST00000399583.4","ENST00000399583.4","=",FALSE
"isoComp_00174009","geneComp_00023828","TCONS_00271632","XLOC_048950","T_minus","T_plus","XLOC_048950","unknown","unknown",1.61808913983974,2.06593896488402,1.17023931479546,0.259770840911435,0.0363049120653275,-0.814684605666441,,0.0379740702544892,0.0147997758127378,0.0611483646962405,0.0147997758127378,0.0316055931087447,1.52050351876121,,0.0309333333333333,0.00823333333333333,0.0536333333333333,0.0454,0.78424534860535,0.000266868640882149,FALSE,0,"XLOC_048950","RADIL","ENST00000472999.5","ENST00000472999.5","=",FALSE
"isoComp_00174010","geneComp_00023828","TCONS_00271633","XLOC_048950","T_minus","T_plus","XLOC_048950","unknown","unknown",1.61808913983974,2.06593896488402,1.17023931479546,0.259770840911435,0.0363049120653275,-0.814684605666441,,0.685106617501293,1.12672675303391,0.243486481968671,0.249652866617862,0.111708299275694,-2.1649047823649,,0.372233333333333,0.5337,0.210766666666667,-0.322933333333333,0.345681655597636,0.000266868640882149,FALSE,0,"XLOC_048950","RADIL","ENST00000473130.5","ENST00000473130.5","=",FALSE
"isoComp_00174012","geneComp_00023828","TCONS_00271636","XLOC_048950","T_minus","T_plus","XLOC_048950","unknown","unknown",1.61808913983974,2.06593896488402,1.17023931479546,0.259770840911435,0.0363049120653275,-0.814684605666441,,0.114359255165243,0,0.228718510330486,0,0.121924126951805,4.57723853280526,,0.0948,0,0.1896,0.1896,0.439116261625127,0.000266868640882149,FALSE,0,"XLOC_048950","RADIL","ENST00000484211.1","ENST00000484211.1","=",FALSE
"isoComp_00174013","geneComp_00023828","TCONS_00271639","XLOC_048950","T_minus","T_plus","XLOC_048950","unknown","unknown",1.61808913983974,2.06593896488402,1.17023931479546,0.259770840911435,0.0363049120653275,-0.814684605666441,,0.180305968509536,0.0168980245687563,0.343713912450316,0.0168980245687563,0.039538158639099,3.71701083685008,,0.1506,0.00653333333333333,0.294666666666667,0.288133333333333,0.000266868640882149,0.000266868640882149,,0,"XLOC_048950","RADIL","ENST00000457174.1","ENST00000457174.1","=",FALSE
"isoComp_00174236","geneComp_00023864","TCONS_00271925","XLOC_049028","T_minus","T_plus","XLOC_049028","unknown","unknown",1.77583789627988,1.45783395576781,2.09384183679195,0.010556902148949,0.145988335239144,0.519337472435005,,1.56906529705389,1.44093593119905,1.69719466290873,0.0265183305364483,0.098322750157833,0.234643755176507,,0.902966666666667,0.988266666666667,0.817666666666667,-0.1706,0.0179590753998377,0.0179590753998377,FALSE,1,"XLOC_049028","MEOX2","ENST00000262041.6","ENST00000262041.6","=",FALSE
"isoComp_00174237","geneComp_00023864","TCONS_00278460","XLOC_049028","T_minus","T_plus","XLOC_049028","unknown","unknown",1.77583789627988,1.45783395576781,2.09384183679195,0.010556902148949,0.145988335239144,0.519337472435005,,0.206772599225985,0.0168980245687563,0.396647173883213,0.0168980245687563,0.16252046865496,3.91820545939003,,0.0970333333333333,0.0117333333333333,0.182333333333333,0.1706,0.102186520204941,0.0179590753998377,TRUE,0,"XLOC_049028","MEOX2","PB.11341.1","ENST00000262041.6","j",TRUE
"isoComp_00174392","geneComp_00023895","TCONS_00272161","XLOC_049092","T_minus","T_plus","XLOC_049092","unknown","unknown",20.8545561613643,20.0124231492213,21.6966891735072,0.333832024678129,0.594838458831642,0.116523112502657,,7.65553847741346,9.11983885917485,6.19123809565208,1.24976870304089,0.221078172614258,-0.558033114379782,,0.371633333333333,0.456933333333333,0.286333333333333,-0.1706,0.22103900950262,1.14821467496317e-09,FALSE,0,"XLOC_049092","GSDME","ENST00000645220.1","ENST00000645220.1","=",FALSE
"isoComp_00174393","geneComp_00023895","TCONS_00272162","XLOC_049092","T_minus","T_plus","XLOC_049092","unknown","unknown",20.8545561613643,20.0124231492213,21.6966891735072,0.333832024678129,0.594838458831642,0.116523112502657,,2.18527499652628,0.56259595862434,3.80795403442822,0.149305860351709,0.177529696032136,2.7372103408177,,0.101916666666667,0.0279333333333333,0.1759,0.147966666666667,1.14821467496317e-09,1.14821467496317e-09,FALSE,0,"XLOC_049092","GSDME","ENST00000342947.9","ENST00000342947.9","=",FALSE
"isoComp_00174394","geneComp_00023895","TCONS_00272163","XLOC_049092","T_minus","T_plus","XLOC_049092","unknown","unknown",20.8545561613643,20.0124231492213,21.6966891735072,0.333832024678129,0.594838458831642,0.116523112502657,,0.349080339822828,0.314523597423707,0.383637082221949,0.0350908938395154,0.0528746149986862,0.278542748616473,,0.0166333333333333,0.0157,0.0175666666666667,0.00186666666666667,0.967504631731156,1.14821467496317e-09,FALSE,0,"XLOC_049092","GSDME","ENST00000479636.1","ENST00000479636.1","=",FALSE
"isoComp_00174395","geneComp_00023895","TCONS_00272164","XLOC_049092","T_minus","T_plus","XLOC_049092","unknown","unknown",20.8545561613643,20.0124231492213,21.6966891735072,0.333832024678129,0.594838458831642,0.116523112502657,,0.859835509140431,1.16733598266588,0.552335035614984,0.532569277983602,0.450882246864764,-1.06602424854421,,0.0410666666666667,0.0575333333333333,0.0246,-0.0329333333333333,0.714460943452615,1.14821467496317e-09,FALSE,0,"XLOC_049092","GSDME","ENST00000409970.6","ENST00000409970.6","=",FALSE
"isoComp_00174396","geneComp_00023895","TCONS_00272165","XLOC_049092","T_minus","T_plus","XLOC_049092","unknown","unknown",20.8545561613643,20.0124231492213,21.6966891735072,0.333832024678129,0.594838458831642,0.116523112502657,,0.318961424114213,0.154328126626928,0.483594721601498,0.0832016348228046,0.0679590640155822,1.5867475316117,,0.0149833333333333,0.00773333333333333,0.0222333333333333,0.0145,0.634736485382244,1.14821467496317e-09,FALSE,0,"XLOC_049092","GSDME","ENST00000419307.6","ENST00000419307.6","=",FALSE
"isoComp_00174397","geneComp_00023895","TCONS_00272166","XLOC_049092","T_minus","T_plus","XLOC_049092","unknown","unknown",20.8545561613643,20.0124231492213,21.6966891735072,0.333832024678129,0.594838458831642,0.116523112502657,,0.211906303574633,0.271654426173238,0.152158180976029,0.101247767141622,0.0761410211771395,-0.79652433312772,,0.0103666666666667,0.0137,0.00703333333333333,-0.00666666666666667,0.86672937012467,1.14821467496317e-09,FALSE,0,"XLOC_049092","GSDME","ENST00000430096.1","ENST00000430096.1","=",FALSE
"isoComp_00174399","geneComp_00023895","TCONS_00272169","XLOC_049092","T_minus","T_plus","XLOC_049092","unknown","unknown",20.8545561613643,20.0124231492213,21.6966891735072,0.333832024678129,0.594838458831642,0.116523112502657,,0.333732872956662,0.282594660854732,0.384871085058591,0.13916030591073,0.0270746904334865,0.432478284452633,,0.0159833333333333,0.0142666666666667,0.0177,0.00343333333333333,0.902667519987352,1.14821467496317e-09,FALSE,0,"XLOC_049092","GSDME","ENST00000414428.2","ENST00000414428.2","=",FALSE
"isoComp_00174400","geneComp_00023895","TCONS_00272170","XLOC_049092","T_minus","T_plus","XLOC_049092","unknown","unknown",20.8545561613643,20.0124231492213,21.6966891735072,0.333832024678129,0.594838458831642,0.116523112502657,,0.290225519897469,0.275462872414941,0.304988167379997,0.0644268323846387,0.0933135384725349,0.141994514943744,,0.0137666666666667,0.0136666666666667,0.0138666666666667,0.000199999999999999,1,1.14821467496317e-09,FALSE,0,"XLOC_049092","GSDME","ENST00000469133.1","ENST00000469133.1","=",FALSE
"isoComp_00174404","geneComp_00023895","TCONS_00277749","XLOC_049092","T_minus","T_plus","XLOC_049092","unknown","unknown",20.8545561613643,20.0124231492213,21.6966891735072,0.333832024678129,0.594838458831642,0.116523112502657,,2.61322314903792,1.52855168841836,3.69789460965747,0.860101260533745,0.691596371113364,1.26902732594108,,0.124,0.0767333333333333,0.171266666666667,0.0945333333333333,0.763064179788048,1.14821467496317e-09,FALSE,0,"XLOC_049092","GSDME","PB.14681.1","ENST00000342947.9","c",TRUE
"isoComp_00174405","geneComp_00023895","TCONS_00277750","XLOC_049092","T_minus","T_plus","XLOC_049092","unknown","unknown",20.8545561613643,20.0124231492213,21.6966891735072,0.333832024678129,0.594838458831642,0.116523112502657,,5.43341133676179,5.74580198913092,5.12102068439265,0.784848777165169,0.735639567045816,-0.165771119999255,,0.2603,0.286066666666667,0.234533333333333,-0.0515333333333334,0.812311746480632,1.14821467496317e-09,FALSE,0,"XLOC_049092","GSDME","PB.14681.3","ENST00000342947.9","c",TRUE
"isoComp_00174406","geneComp_00023895","TCONS_00278470","XLOC_049092","T_minus","T_plus","XLOC_049092","unknown","unknown",20.8545561613643,20.0124231492213,21.6966891735072,0.333832024678129,0.594838458831642,0.116523112502657,,0.318756025802349,0.390102484699221,0.247409566905478,0.184610796155896,0.149408112586007,-0.636303914194431,,0.0157833333333333,0.0197666666666667,0.0118,-0.00796666666666667,0.893303706782262,1.14821467496317e-09,TRUE,0,"XLOC_049092","GSDME","PB.11378.2","ENST00000342947.9","j",TRUE
"isoComp_00174636","geneComp_00023930","TCONS_00277795","XLOC_049153","T_minus","T_plus","XLOC_049153","unknown","unknown",1.36084926659248,1.54194404280655,1.1797544903784,0.312201215847778,0.337951285776698,-0.383412640835615,,0.889200583534472,0.865567004690714,0.91283416237823,0.17496121808698,0.116220343921516,0.0758538238119382,,0.707233333333333,0.5608,0.853666666666667,0.292866666666667,0.420723800446059,0.00450619718426875,,0,"XLOC_049153","XLOC_049153","PB.14721.1","ENST00000323037.5","x",TRUE
"isoComp_00174637","geneComp_00023930","TCONS_00279980","XLOC_049153","T_minus","T_plus","XLOC_049153","unknown","unknown",1.36084926659248,1.54194404280655,1.1797544903784,0.312201215847778,0.337951285776698,-0.383412640835615,,0.192969136775439,0.385938273550878,0,0.157061407017113,0,-5.30720362775972,,0.1203,0.2406,0,-0.2406,0.00450619718426875,0.00450619718426875,,0,"XLOC_049153","XLOC_049153","PB.17209.1","ENST00000323037.5","x",TRUE
"isoComp_00174638","geneComp_00023930","TCONS_00279981","XLOC_049153","T_minus","T_plus","XLOC_049153","unknown","unknown",1.36084926659248,1.54194404280655,1.1797544903784,0.312201215847778,0.337951285776698,-0.383412640835615,,0.278679546282564,0.290438764564954,0.266920328000174,0.0792980319270301,0.266920328000174,-0.117600008688471,,0.17245,0.198566666666667,0.146333333333333,-0.0522333333333333,0.752560418438615,0.00450619718426875,FALSE,0,"XLOC_049153","XLOC_049153","PB.17209.2","ENST00000323037.5","x",TRUE
"isoComp_00175568","geneComp_00024070","TCONS_00273608","XLOC_049509","T_minus","T_plus","XLOC_049509","unknown","unknown",3.8971788433173,5.27633248603189,2.51802520060271,0.288104877291723,0.121835613551844,-1.06425632164174,,0.106804061623736,0.149363443857371,0.0642446793901016,0.115705896885482,0.0354497348131394,-1.10196118300162,,0.0262,0.0265,0.0259,-6e-04,0.988207986513287,0.0153176829302908,FALSE,0,"XLOC_049509","CALN1","ENST00000329008.9","ENST00000329008.9","=",FALSE
"isoComp_00175569","geneComp_00024070","TCONS_00273609","XLOC_049509","T_minus","T_plus","XLOC_049509","unknown","unknown",3.8971788433173,5.27633248603189,2.51802520060271,0.288104877291723,0.121835613551844,-1.06425632164174,,0.92364486973077,0.884477607395626,0.962812132065915,0.0900699920214233,0.0591571926543558,0.121115855034899,,0.276483333333333,0.1673,0.385666666666667,0.218366666666667,0.0153176829302908,0.0153176829302908,FALSE,0,"XLOC_049509","CALN1","ENST00000395275.7","ENST00000395275.7","=",FALSE
"isoComp_00175570","geneComp_00024070","TCONS_00273611","XLOC_049509","T_minus","T_plus","XLOC_049509","unknown","unknown",3.8971788433173,5.27633248603189,2.51802520060271,0.288104877291723,0.121835613551844,-1.06425632164174,,0.453878119767388,0.762083094253076,0.1456731452817,0.036570359392158,0.0728810514185461,-2.31023603289424,,0.10275,0.146066666666667,0.0594333333333333,-0.0866333333333333,0.648953916503912,0.0153176829302908,FALSE,0,"XLOC_049509","CALN1","ENST00000405452.3","ENST00000405452.3","=",FALSE
"isoComp_00175571","geneComp_00024070","TCONS_00273612","XLOC_049509","T_minus","T_plus","XLOC_049509","unknown","unknown",3.8971788433173,5.27633248603189,2.51802520060271,0.288104877291723,0.121835613551844,-1.06425632164174,,1.26013878697477,2.04269624384098,0.477581330108558,0.119329515231704,0.221212509417423,-2.07380536437087,,0.2884,0.391333333333333,0.185466666666667,-0.205866666666667,0.388591196213346,0.0153176829302908,FALSE,0,"XLOC_049509","CALN1","ENST00000431984.5","ENST00000431984.5","=",FALSE
"isoComp_00175572","geneComp_00024070","TCONS_00278537","XLOC_049509","T_minus","T_plus","XLOC_049509","unknown","unknown",3.8971788433173,5.27633248603189,2.51802520060271,0.288104877291723,0.121835613551844,-1.06425632164174,,0.649734404008205,0.838228831231405,0.461239976785004,0.169333260497872,0.240303326171595,-0.84799158809327,,0.170816666666667,0.156233333333333,0.1854,0.0291666666666666,0.990930777485298,0.0153176829302908,FALSE,0,"XLOC_049509","CALN1","PB.11555.1","ENST00000395275.7","j",TRUE
"isoComp_00175573","geneComp_00024070","TCONS_00280053","XLOC_049509","T_minus","T_plus","XLOC_049509","unknown","unknown",3.8971788433173,5.27633248603189,2.51802520060271,0.288104877291723,0.121835613551844,-1.06425632164174,,0.502978601212433,0.599483265453432,0.406473936971434,0.0914614650170765,0.106877097924194,-0.54936039514577,,0.135383333333333,0.1126,0.158166666666667,0.0455666666666667,0.862103309564571,0.0153176829302908,FALSE,0,"XLOC_049509","CALN1","PB.17425.1","ENST00000395275.7","j",TRUE
"isoComp_00175621","geneComp_00024084","TCONS_00273666","XLOC_049531","T_minus","T_plus","XLOC_049531","unknown","unknown",64.9249834902147,73.5239303451992,56.3260366352302,2.0290840869346,1.18800556659654,-0.384352027689492,,1.11306699051696,1.49594426303663,0.730189717997292,0.334069572698922,0.0690453951102577,-1.02470137461099,,0.0168166666666667,0.0206333333333333,0.013,-0.00763333333333333,0.765915389192042,1.93047135577884e-07,FALSE,0,"XLOC_049531","BCL7B","ENST00000486818.5","ENST00000486818.5","=",FALSE
"isoComp_00175623","geneComp_00024084","TCONS_00273668","XLOC_049531","T_minus","T_plus","XLOC_049531","unknown","unknown",64.9249834902147,73.5239303451992,56.3260366352302,2.0290840869346,1.18800556659654,-0.384352027689492,,31.1480244378245,29.9044584317649,32.3915904438841,0.901461522022911,1.17358347785975,0.115221685231443,,0.491083333333333,0.407066666666667,0.5751,0.168033333333333,1.93047135577884e-07,1.93047135577884e-07,FALSE,0,"XLOC_049531","BCL7B","ENST00000223368.7","ENST00000223368.7","=",FALSE
"isoComp_00175625","geneComp_00024084","TCONS_00273670","XLOC_049531","T_minus","T_plus","XLOC_049531","unknown","unknown",64.9249834902147,73.5239303451992,56.3260366352302,2.0290840869346,1.18800556659654,-0.384352027689492,,6.77928611072993,11.2183998639155,2.34017235754435,1.69259373424212,0.640915653368766,-2.25631387637211,,0.0970666666666667,0.152066666666667,0.0420666666666667,-0.11,0.00826729176502236,1.93047135577884e-07,FALSE,0,"XLOC_049531","BCL7B","ENST00000482231.5","ENST00000482231.5","=",FALSE
"isoComp_00175627","geneComp_00024084","TCONS_00273672","XLOC_049531","T_minus","T_plus","XLOC_049531","unknown","unknown",64.9249834902147,73.5239303451992,56.3260366352302,2.0290840869346,1.18800556659654,-0.384352027689492,,3.44256719103805,3.63719633323445,3.24793804884164,0.862404354048326,0.963740415198137,-0.162828693251436,,0.0530833333333333,0.0489,0.0572666666666667,0.00836666666666666,0.986079745097535,1.93047135577884e-07,FALSE,0,"XLOC_049531","BCL7B","PB.17439.5","ENST00000463858.5","=",TRUE
"isoComp_00175629","geneComp_00024084","TCONS_00273674","XLOC_049531","T_minus","T_plus","XLOC_049531","unknown","unknown",64.9249834902147,73.5239303451992,56.3260366352302,2.0290840869346,1.18800556659654,-0.384352027689492,,1.54749034210481,1.97241487439087,1.12256580981876,0.323613015353392,0.280895619695286,-0.807664034259203,,0.0234833333333333,0.027,0.0199666666666667,-0.00703333333333333,0.82786874993189,1.93047135577884e-07,FALSE,0,"XLOC_049531","BCL7B","ENST00000455335.2","ENST00000455335.2","=",FALSE
"isoComp_00175631","geneComp_00024084","TCONS_00273676","XLOC_049531","T_minus","T_plus","XLOC_049531","unknown","unknown",64.9249834902147,73.5239303451992,56.3260366352302,2.0290840869346,1.18800556659654,-0.384352027689492,,10.3570623280725,12.4327467954043,8.28137786074072,0.454813518443658,0.376650192042178,-0.585621228660569,,0.158083333333333,0.169066666666667,0.1471,-0.0219666666666667,0.474707622164953,1.93047135577884e-07,FALSE,0,"XLOC_049531","BCL7B","PB.16241.5","ENST00000464288.5","=",TRUE
"isoComp_00175634","geneComp_00024084","TCONS_00277929","XLOC_049531","T_minus","T_plus","XLOC_049531","unknown","unknown",64.9249834902147,73.5239303451992,56.3260366352302,2.0290840869346,1.18800556659654,-0.384352027689492,,8.97934856659338,10.7522863201092,7.20641081307756,0.523823115408892,0.423829158420466,-0.576631218671651,,0.1371,0.146466666666667,0.127733333333333,-0.0187333333333333,0.674408407201408,1.93047135577884e-07,FALSE,0,"XLOC_049531","BCL7B","PB.14920.3","ENST00000455335.2","j",TRUE
"isoComp_00176183","geneComp_00024152","TCONS_00274322","XLOC_049662","T_minus","T_plus","XLOC_049662","unknown","unknown",65.9739334604897,43.2475445058968,88.7003224150827,8.26151632848727,5.66527388340869,1.03615021390116,,43.6166308998435,33.2624795930596,53.9707822066275,4.49714790599354,6.59990699963721,0.698116496871479,,0.694483333333333,0.7851,0.603866666666667,-0.181233333333333,0.0292947571176595,0.0292947571176595,FALSE,0,"XLOC_049662","CDK6","ENST00000265734.8","ENST00000265734.8","=",FALSE
"isoComp_00176184","geneComp_00024152","TCONS_00274323","XLOC_049662","T_minus","T_plus","XLOC_049662","unknown","unknown",65.9739334604897,43.2475445058968,88.7003224150827,8.26151632848727,5.66527388340869,1.03615021390116,,21.4733188618532,9.41943127714173,33.5272064465647,3.79280427921564,1.09927902516397,1.83051985701502,,0.292066666666667,0.201566666666667,0.382566666666667,0.181,0.0391839483348791,0.0292947571176595,FALSE,0,"XLOC_049662","CDK6","ENST00000424848.3","ENST00000424848.3","=",FALSE
"isoComp_00176206","geneComp_00024158","TCONS_00274354","XLOC_049673","T_minus","T_plus","XLOC_049673","unknown","unknown",38.8902047207981,3.9534473992578,73.8269620423385,0.928727477380321,5.83651979091836,4.21951546080879,,22.157571371456,1.17125816638404,43.1438845765279,0.203831728699562,4.57675397712198,5.19109422385056,,0.446583333333333,0.311033333333333,0.582133333333333,0.2711,4.43055467765093e-09,4.43055467765093e-09,FALSE,1,"XLOC_049673","TFPI2","PB.11657.2","ENST00000222543.11","=",TRUE
"isoComp_00176207","geneComp_00024158","TCONS_00274355","XLOC_049673","T_minus","T_plus","XLOC_049673","unknown","unknown",38.8902047207981,3.9534473992578,73.8269620423385,0.928727477380321,5.83651979091836,4.21951546080879,,0.967938101163778,0.033974651205706,1.90190155112185,0.033974651205706,0.424946323490501,5.44219229211439,,0.0164,0.00753333333333333,0.0252666666666667,0.0177333333333333,0.513266089110622,4.43055467765093e-09,FALSE,0,"XLOC_049673","TFPI2","ENST00000451238.1","ENST00000451238.1","=",FALSE
"isoComp_00176208","geneComp_00024158","TCONS_00274356","XLOC_049673","T_minus","T_plus","XLOC_049673","unknown","unknown",38.8902047207981,3.9534473992578,73.8269620423385,0.928727477380321,5.83651979091836,4.21951546080879,,1.22604969773193,0.34209022497529,2.11000917048857,0.177954674940401,0.380440318645178,2.59005342588647,,0.0772333333333333,0.1248,0.0296666666666667,-0.0951333333333333,0.883875711597994,4.43055467765093e-09,FALSE,1,"XLOC_049673","TFPI2","ENST00000650573.1","ENST00000650573.1","=",FALSE
"isoComp_00176210","geneComp_00024158","TCONS_00274358","XLOC_049673","T_minus","T_plus","XLOC_049673","unknown","unknown",38.8902047207981,3.9534473992578,73.8269620423385,0.928727477380321,5.83651979091836,4.21951546080879,,0.587686966356573,0.418093666709843,0.757280266003302,0.418093666709843,0.757280266003302,0.841827157892571,,0.0452833333333333,0.0803,0.0102666666666667,-0.0700333333333333,0.855128037638271,4.43055467765093e-09,,0,"XLOC_049673","TFPI2","ENST00000647793.1","ENST00000647793.1","=",FALSE
"isoComp_00176212","geneComp_00024158","TCONS_00278563","XLOC_049673","T_minus","T_plus","XLOC_049673","unknown","unknown",38.8902047207981,3.9534473992578,73.8269620423385,0.928727477380321,5.83651979091836,4.21951546080879,,9.07458024676691,0.812746419007543,17.3364140745263,0.270571966606773,1.26459511880972,4.39804580121146,,0.23135,0.226066666666667,0.236633333333333,0.0105666666666667,0.934807174054264,4.43055467765093e-09,FALSE,1,"XLOC_049673","TFPI2","PB.11657.4","ENST00000222543.11","c",TRUE
"isoComp_00176213","geneComp_00024158","TCONS_00279402","XLOC_049673","T_minus","T_plus","XLOC_049673","unknown","unknown",38.8902047207981,3.9534473992578,73.8269620423385,0.928727477380321,5.83651979091836,4.21951546080879,,0.952395428431975,0.708066430303459,1.19672442656049,0.385201739959822,1.19672442656049,0.748907029845637,,0.0816333333333333,0.149,0.0142666666666667,-0.134733333333333,0.467820964578344,4.43055467765093e-09,FALSE,1,"XLOC_049673","TFPI2","PB.17574.5","ENST00000222543.11","c",TRUE
"isoComp_00176214","geneComp_00024158","TCONS_00280096","XLOC_049673","T_minus","T_plus","XLOC_049673","unknown","unknown",38.8902047207981,3.9534473992578,73.8269620423385,0.928727477380321,5.83651979091836,4.21951546080879,,3.02060301175294,0.467217840671919,5.57398818283396,0.223331805162865,0.436771207223915,3.54857600448002,,0.08935,0.101266666666667,0.0774333333333333,-0.0238333333333333,0.959341450982764,4.43055467765093e-09,FALSE,0,"XLOC_049673","TFPI2","PB.17574.3","ENST00000222543.11","c",TRUE
"isoComp_00176337","geneComp_00024173","TCONS_00274590","XLOC_049699","T_minus","T_plus","XLOC_049699","unknown","unknown",1.16828651934807,1.05682780693761,1.27974523175852,0.294271367958047,0.178714675290384,0.273758778363619,,0.617357807176157,0.322187758018132,0.912527856334181,0.0972165331789773,0.0454036726951365,1.47359356773479,,0.559566666666667,0.3677,0.751433333333333,0.383733333333333,0.627807442952048,0.0120880448709209,FALSE,1,"XLOC_049699","OR7E7P","ENST00000455678.1","ENST00000455678.1","=",FALSE
"isoComp_00176338","geneComp_00024173","TCONS_00279413","XLOC_049699","T_minus","T_plus","XLOC_049699","unknown","unknown",1.16828651934807,1.05682780693761,1.27974523175852,0.294271367958047,0.178714675290384,0.273758778363619,,0.180689139786091,0.361378279572181,0,0.188019366205272,0,-5.21481753517459,,0.146416666666667,0.292833333333333,0,-0.292833333333333,0.0120880448709209,0.0120880448709209,FALSE,0,"XLOC_049699","OR7E7P","PB.16380.1","ENST00000455678.1","c",TRUE
"isoComp_00176339","geneComp_00024173","TCONS_00280113","XLOC_049699","T_minus","T_plus","XLOC_049699","unknown","unknown",1.16828651934807,1.05682780693761,1.27974523175852,0.294271367958047,0.178714675290384,0.273758778363619,,0.370239572385822,0.3732617693473,0.367217375424344,0.136466526382908,0.224023608858722,-0.0229339642826899,,0.294016666666667,0.339466666666667,0.248566666666667,-0.0909,0.915441462693823,0.0120880448709209,FALSE,0,"XLOC_049699","OR7E7P","PB.17592.1","ENST00000455678.1","c",TRUE
"isoComp_00176929","geneComp_00024241","TCONS_00275346","XLOC_049811","T_minus","T_plus","XLOC_049811","unknown","unknown",6.71917649118499,3.95077923133936,9.48757375103063,0.595900209925065,0.712523536830829,1.26177472027441,,2.31545746415052,1.34576870167852,3.28514622662253,0.0761605558532674,0.26909656398578,1.28123141697639,,0.351583333333333,0.354733333333333,0.348433333333333,-0.00629999999999997,0.986563501040065,0.00602828071582492,FALSE,0,"XLOC_049811","ATXN7L1","ENST00000419735.8","ENST00000419735.8","=",FALSE
"isoComp_00176930","geneComp_00024241","TCONS_00275347","XLOC_049811","T_minus","T_plus","XLOC_049811","unknown","unknown",6.71917649118499,3.95077923133936,9.48757375103063,0.595900209925065,0.712523536830829,1.26177472027441,,1.26000124054785,0.477529239518359,2.04247324157735,0.160876918840615,0.164784076197981,2.07380276141583,,0.165133333333333,0.115066666666667,0.2152,0.100133333333333,0.359592227734226,0.00602828071582492,FALSE,0,"XLOC_049811","ATXN7L1","ENST00000477775.5","ENST00000477775.5","=",FALSE
"isoComp_00176931","geneComp_00024241","TCONS_00275348","XLOC_049811","T_minus","T_plus","XLOC_049811","unknown","unknown",6.71917649118499,3.95077923133936,9.48757375103063,0.595900209925065,0.712523536830829,1.26177472027441,,0.473198290979431,0.232609173822518,0.713787408136344,0.0775300403983506,0.126266132413576,1.57693190472965,,0.0648,0.0548333333333333,0.0747666666666667,0.0199333333333333,0.922581106348988,0.00602828071582492,FALSE,0,"XLOC_049811","ATXN7L1","ENST00000484475.5","ENST00000484475.5","=",FALSE
"isoComp_00176932","geneComp_00024241","TCONS_00275349","XLOC_049811","T_minus","T_plus","XLOC_049811","unknown","unknown",6.71917649118499,3.95077923133936,9.48757375103063,0.595900209925065,0.712523536830829,1.26177472027441,,0.291832543092353,0.162865246171016,0.42079984001369,0.0623930939402195,0.146232570608258,1.31736986373117,,0.0420833333333333,0.0413,0.0428666666666667,0.00156666666666666,0.998161431539877,0.00602828071582492,FALSE,0,"XLOC_049811","ATXN7L1","ENST00000474433.5","ENST00000474433.5","=",FALSE
"isoComp_00176934","geneComp_00024241","TCONS_00275352","XLOC_049811","T_minus","T_plus","XLOC_049811","unknown","unknown",6.71917649118499,3.95077923133936,9.48757375103063,0.595900209925065,0.712523536830829,1.26177472027441,,0.473850357661671,0.0879947492052682,0.859705966118074,0.056229192162099,0.176877269972065,3.1497513775991,,0.0553333333333333,0.0195666666666667,0.0911,0.0715333333333333,0.278643341782441,0.00602828071582492,FALSE,0,"XLOC_049811","ATXN7L1","ENST00000485652.1","ENST00000485652.1","=",FALSE
"isoComp_00176935","geneComp_00024241","TCONS_00275353","XLOC_049811","T_minus","T_plus","XLOC_049811","unknown","unknown",6.71917649118499,3.95077923133936,9.48757375103063,0.595900209925065,0.712523536830829,1.26177472027441,,0.680072390937002,0.731325965052144,0.628818816821861,0.0924788539692281,0.0148580401268803,-0.214701233989553,,0.12765,0.187966666666667,0.0673333333333333,-0.120633333333333,0.00602828071582492,0.00602828071582492,FALSE,0,"XLOC_049811","ATXN7L1","PB.15136.1","ENST00000318724.8","=",TRUE
"isoComp_00176938","geneComp_00024241","TCONS_00275356","XLOC_049811","T_minus","T_plus","XLOC_049811","unknown","unknown",6.71917649118499,3.95077923133936,9.48757375103063,0.595900209925065,0.712523536830829,1.26177472027441,,0.597629429586907,0.462517626954707,0.732741232219107,0.0206899694091613,0.245846562744345,0.652491520575672,,0.09865,0.121733333333333,0.0755666666666667,-0.0461666666666667,0.713129866136731,0.00602828071582492,FALSE,0,"XLOC_049811","ATXN7L1","ENST00000464874.1","ENST00000464874.1","=",FALSE
"isoComp_00176940","geneComp_00024241","TCONS_00279453","XLOC_049811","T_minus","T_plus","XLOC_049811","unknown","unknown",6.71917649118499,3.95077923133936,9.48757375103063,0.595900209925065,0.712523536830829,1.26177472027441,,0.237411730131523,0.260660610871285,0.214162849391761,0.0751025894846759,0.140290793813444,-0.2719377485392,,0.0428833333333333,0.0626,0.0231666666666667,-0.0394333333333333,0.699681548360253,0.00602828071582492,FALSE,0,"XLOC_049811","ATXN7L1","PB.17698.3","ENST00000419735.8","j",TRUE
"isoComp_00176941","geneComp_00024241","TCONS_00280142","XLOC_049811","T_minus","T_plus","XLOC_049811","unknown","unknown",6.71917649118499,3.95077923133936,9.48757375103063,0.595900209925065,0.712523536830829,1.26177472027441,,0.270841289015268,0.0202776294825076,0.521404948548028,0.0202776294825076,0.0534587353275896,4.13348750019118,,0.0296666666666667,0.00456666666666667,0.0547666666666667,0.0502,0.059483802578171,0.00602828071582492,FALSE,0,"XLOC_049811","ATXN7L1","PB.17697.1","ENST00000419735.8","j",TRUE
"isoComp_00177646","geneComp_00024344","TCONS_00276349","XLOC_050046","T_minus","T_plus","XLOC_050046","unknown","unknown",136.186143136527,24.3962320021819,247.976054270873,0.864105551477037,45.586144163545,3.3449375070949,,87.8586554927923,20.2211087930011,155.496202192583,1.16006472114843,29.5183236793877,2.94232482578794,,0.726866666666667,0.8279,0.625833333333333,-0.202066666666667,2.51039703688509e-07,1.24822009558154e-13,FALSE,0,"XLOC_050046","ZC3HAV1","ENST00000242351.10","ENST00000242351.10","=",FALSE
"isoComp_00177648","geneComp_00024344","TCONS_00276353","XLOC_050046","T_minus","T_plus","XLOC_050046","unknown","unknown",136.186143136527,24.3962320021819,247.976054270873,0.864105551477037,45.586144163545,3.3449375070949,,9.99833602885234,1.20234852336939,18.7943235343353,0.227568546088416,2.80146159505489,3.95518800143751,,0.06295,0.0492333333333333,0.0766666666666667,0.0274333333333333,0.231352699129727,1.24822009558154e-13,FALSE,0,"XLOC_050046","ZC3HAV1","PB.11889.24","ENST00000460845.5","=",TRUE
"isoComp_00177651","geneComp_00024344","TCONS_00278627","XLOC_050046","T_minus","T_plus","XLOC_050046","unknown","unknown",136.186143136527,24.3962320021819,247.976054270873,0.864105551477037,45.586144163545,3.3449375070949,,4.41545158922176,0.0073998879063689,8.82350329053714,0.0073998879063689,2.47716312584631,8.98776388946658,,0.0175666666666667,0.000333333333333333,0.0348,0.0344666666666667,1.24822009558154e-13,1.24822009558154e-13,FALSE,0,"XLOC_050046","ZC3HAV1","PB.11889.22","ENST00000471652.1","c",TRUE
"isoComp_00177652","geneComp_00024344","TCONS_00278628","XLOC_050046","T_minus","T_plus","XLOC_050046","unknown","unknown",136.186143136527,24.3962320021819,247.976054270873,0.864105551477037,45.586144163545,3.3449375070949,,2.46893228130235,0,4.9378645626047,0,0.348814062414599,8.95066219988432,,0.0104833333333333,0,0.0209666666666667,0.0209666666666667,8.37197594467122e-11,1.24822009558154e-13,FALSE,0,"XLOC_050046","ZC3HAV1","PB.11889.23","ENST00000471652.1","c",TRUE
"isoComp_00177654","geneComp_00024344","TCONS_00278630","XLOC_050046","T_minus","T_plus","XLOC_050046","unknown","unknown",136.186143136527,24.3962320021819,247.976054270873,0.864105551477037,45.586144163545,3.3449375070949,,29.6790723182034,2.8350444924694,56.5231001439375,0.386817759255527,10.5380520732662,4.31257269367904,,0.172516666666667,0.1173,0.227733333333333,0.110433333333333,0.000421175058332179,1.24822009558154e-13,FALSE,0,"XLOC_050046","ZC3HAV1","PB.11889.27","ENST00000471652.1","c",TRUE
"isoComp_00178347","geneComp_00024451","TCONS_00280298","XLOC_050251","T_minus","T_plus","XLOC_050251","unknown","unknown",15.9116391054075,18.2357618417768,13.5875163690381,0.693157479819194,0.569551352277188,-0.424218228562605,,1.14251026128637,1.62339534389589,0.661625178676853,0.365139912124,0.20601992012561,-1.28214579846803,,0.0689333333333333,0.0878,0.0500666666666667,-0.0377333333333333,0.698086626450524,5.19185806460791e-05,FALSE,1,"XLOC_050251","CLN8","ENST00000524258.2","ENST00000524258.2","=",FALSE
"isoComp_00178348","geneComp_00024451","TCONS_00280299","XLOC_050251","T_minus","T_plus","XLOC_050251","unknown","unknown",15.9116391054075,18.2357618417768,13.5875163690381,0.693157479819194,0.569551352277188,-0.424218228562605,,0.309551431960403,0.3550073173793,0.264095546541506,0.0759870260459646,0.0492325837958518,-0.413246498609868,,0.0193833333333333,0.0195666666666667,0.0192,-0.000366666666666668,1,5.19185806460791e-05,TRUE,1,"XLOC_050251","CLN8","ENST00000518780.1","ENST00000518780.1","=",FALSE
"isoComp_00178350","geneComp_00024451","TCONS_00280301","XLOC_050251","T_minus","T_plus","XLOC_050251","unknown","unknown",15.9116391054075,18.2357618417768,13.5875163690381,0.693157479819194,0.569551352277188,-0.424218228562605,,0.444835922809446,0.140597870221009,0.749073975397882,0.140597870221009,0.161145861985884,2.33353912270833,,0.03145,0.0078,0.0551,0.0473,0.263444228886907,5.19185806460791e-05,FALSE,0,"XLOC_050251","CLN8","ENST00000519254.2","ENST00000519254.2","=",FALSE
"isoComp_00178351","geneComp_00024451","TCONS_00280302","XLOC_050251","T_minus","T_plus","XLOC_050251","unknown","unknown",15.9116391054075,18.2357618417768,13.5875163690381,0.693157479819194,0.569551352277188,-0.424218228562605,,0.270388933979935,0.481305595760657,0.0594722721992122,0.141014754827493,0.0594722721992122,-2.82211148205132,,0.0154333333333333,0.0268,0.00406666666666667,-0.0227333333333333,0.383200105182721,5.19185806460791e-05,FALSE,1,"XLOC_050251","CLN8","ENST00000635751.1","ENST00000635751.1","=",FALSE
"isoComp_00178352","geneComp_00024451","TCONS_00280303","XLOC_050251","T_minus","T_plus","XLOC_050251","unknown","unknown",15.9116391054075,18.2357618417768,13.5875163690381,0.693157479819194,0.569551352277188,-0.424218228562605,,6.74958117460995,8.99338634512376,4.50577600409614,0.696191488941905,0.18989023626791,-0.995493802676556,,0.411833333333333,0.491733333333333,0.331933333333333,-0.1598,5.19185806460791e-05,5.19185806460791e-05,FALSE,2,"XLOC_050251","CLN8","ENST00000331222.6","ENST00000331222.6","=",FALSE
"isoComp_00178353","geneComp_00024451","TCONS_00280304","XLOC_050251","T_minus","T_plus","XLOC_050251","unknown","unknown",15.9116391054075,18.2357618417768,13.5875163690381,0.693157479819194,0.569551352277188,-0.424218228562605,,0.284304113402905,0.368344845599482,0.200263381206329,0.260632622041243,0.122416993828025,-0.847504173812252,,0.0169166666666667,0.0192,0.0146333333333333,-0.00456666666666667,0.998161431539877,5.19185806460791e-05,FALSE,1,"XLOC_050251","CLN8","ENST00000637156.1","ENST00000637156.1","=",FALSE
"isoComp_00178356","geneComp_00024451","TCONS_00280307","XLOC_050251","T_minus","T_plus","XLOC_050251","unknown","unknown",15.9116391054075,18.2357618417768,13.5875163690381,0.693157479819194,0.569551352277188,-0.424218228562605,,0.752634750589101,0.0608328884475227,1.44443661273068,0.0608328884475227,0.146950530933087,4.35989723784059,,0.0552666666666667,0.0031,0.107433333333333,0.104333333333333,0.00306609226747422,5.19185806460791e-05,TRUE,0,"XLOC_050251","CLN8","ENST00000635970.1","ENST00000635970.1","=",FALSE
"isoComp_00178357","geneComp_00024451","TCONS_00280308","XLOC_050251","T_minus","T_plus","XLOC_050251","unknown","unknown",15.9116391054075,18.2357618417768,13.5875163690381,0.693157479819194,0.569551352277188,-0.424218228562605,,0.482277236559635,0.371854148876373,0.592700324242898,0.0864580088029634,0.17332165538863,0.658419142135668,,0.0317666666666667,0.0208,0.0427333333333333,0.0219333333333333,0.663014398789642,5.19185806460791e-05,FALSE,0,"XLOC_050251","CLN8","ENST00000520991.3","ENST00000520991.3","=",FALSE
"isoComp_00178363","geneComp_00024451","TCONS_00280317","XLOC_050251","T_minus","T_plus","XLOC_050251","unknown","unknown",15.9116391054075,18.2357618417768,13.5875163690381,0.693157479819194,0.569551352277188,-0.424218228562605,,0.218126040746494,0.142942531458265,0.293309550034723,0.0115415964669081,0.0549569195196204,0.987801265076002,,0.0148,0.0078,0.0218,0.014,0.463549707562175,5.19185806460791e-05,FALSE,0,"XLOC_050251","ARHGEF10","ENST00000349830.8","ENST00000349830.8","=",FALSE
"isoComp_00178364","geneComp_00024451","TCONS_00280318","XLOC_050251","T_minus","T_plus","XLOC_050251","unknown","unknown",15.9116391054075,18.2357618417768,13.5875163690381,0.693157479819194,0.569551352277188,-0.424218228562605,,1.02677741344486,1.1156089627854,0.937945864104317,0.212806643063017,0.0355399740172197,-0.247829145108903,,0.0650333333333333,0.0607666666666667,0.0693,0.00853333333333334,0.932064423191774,5.19185806460791e-05,FALSE,0,"XLOC_050251","ARHGEF10","ENST00000520359.5","ENST00000520359.5","=",FALSE
"isoComp_00178368","geneComp_00024451","TCONS_00280323","XLOC_050251","T_minus","T_plus","XLOC_050251","unknown","unknown",15.9116391054075,18.2357618417768,13.5875163690381,0.693157479819194,0.569551352277188,-0.424218228562605,,0.159139313768108,0.0788526719959527,0.239425955540264,0.023482499974476,0.0152465297072505,1.48912453437489,,0.0109666666666667,0.00426666666666667,0.0176666666666667,0.0134,0.310766265266663,5.19185806460791e-05,FALSE,0,"XLOC_050251","ARHGEF10","ENST00000520972.5","ENST00000520972.5","=",FALSE
"isoComp_00178371","geneComp_00024451","TCONS_00280326","XLOC_050251","T_minus","T_plus","XLOC_050251","unknown","unknown",15.9116391054075,18.2357618417768,13.5875163690381,0.693157479819194,0.569551352277188,-0.424218228562605,,1.2224073848418,1.19504061859232,1.24977415109128,0.168675323746516,0.136173960326045,0.0640833378931787,,0.0789666666666667,0.0657666666666667,0.0921666666666667,0.0264,0.723218047209009,5.19185806460791e-05,FALSE,0,"XLOC_050251","ARHGEF10","ENST00000522435.5","ENST00000522435.5","=",FALSE
"isoComp_00178374","geneComp_00024451","TCONS_00280331","XLOC_050251","T_minus","T_plus","XLOC_050251","unknown","unknown",15.9116391054075,18.2357618417768,13.5875163690381,0.693157479819194,0.569551352277188,-0.424218228562605,,0.953587214565587,0.88633814372862,1.02083628540255,0.4691060514578,0.238836866924699,0.201700228971015,,0.0616,0.0483333333333333,0.0748666666666667,0.0265333333333333,0.806145904638854,5.19185806460791e-05,FALSE,0,"XLOC_050251","ARHGEF10","ENST00000521927.1","ENST00000521927.1","=",FALSE
"isoComp_00178375","geneComp_00024451","TCONS_00290185","XLOC_050251","T_minus","T_plus","XLOC_050251","unknown","unknown",15.9116391054075,18.2357618417768,13.5875163690381,0.693157479819194,0.569551352277188,-0.424218228562605,,0.158900791040452,0,0.317801582080905,0,0.249033083359232,5.034750912274,,0.0110666666666667,0,0.0221333333333333,0.0221333333333333,0.504616773752242,5.19185806460791e-05,TRUE,1,"XLOC_050251","ENSG00000283239","PB.15434.2","ENST00000635855.1","j",TRUE
"isoComp_00178376","geneComp_00024451","TCONS_00292642","XLOC_050251","T_minus","T_plus","XLOC_050251","unknown","unknown",15.9116391054075,18.2357618417768,13.5875163690381,0.693157479819194,0.569551352277188,-0.424218228562605,,0.258140698605787,0.492816212377056,0.0234651848345194,0.246571903102284,0.0234651848345194,-3.90929827982235,,0.0149,0.0280333333333333,0.00176666666666667,-0.0262666666666667,0.686415756765847,5.19185806460791e-05,FALSE,0,"XLOC_050251","ENSG00000283239","PB.18039.1","ENST00000635855.1","j",TRUE
"isoComp_00178377","geneComp_00024451","TCONS_00292643","XLOC_050251","T_minus","T_plus","XLOC_050251","unknown","unknown",15.9116391054075,18.2357618417768,13.5875163690381,0.693157479819194,0.569551352277188,-0.424218228562605,,0.755011466612126,1.01669373574351,0.493329197480744,0.675154359217857,0.257547093676119,-1.02843169350927,,0.0468333333333333,0.0579333333333333,0.0357333333333333,-0.0222,0.960379229773896,5.19185806460791e-05,TRUE,1,"XLOC_050251","CLN8","PB.18039.2","ENST00000517514.1","j",TRUE
"isoComp_00180601","geneComp_00024751","TCONS_00283211","XLOC_050944","T_minus","T_plus","XLOC_050944","unknown","unknown",35.0896682317265,11.259246914881,58.9200895485721,1.35865433082758,8.49523555229908,2.38661335010151,,3.09586247557511,0.444588289123689,5.74713666202652,0.0949091734696325,1.0157500827142,3.66271903537589,,0.0691333333333333,0.0416,0.0966666666666667,0.0550666666666667,0.0903395650697031,0.0103806003112376,FALSE,1,"XLOC_050944","ZBTB10","PB.18511.1","ENST00000379091.8","=",TRUE
"isoComp_00180602","geneComp_00024751","TCONS_00283212","XLOC_050944","T_minus","T_plus","XLOC_050944","unknown","unknown",35.0896682317265,11.259246914881,58.9200895485721,1.35865433082758,8.49523555229908,2.38661335010151,,0.505736396666097,0.178124710445653,0.833348082886542,0.09851195559841,0.173599737443479,2.16443884967504,,0.0142,0.0143333333333333,0.0140666666666667,-0.000266666666666667,0.998161431539877,0.0103806003112376,FALSE,2,"XLOC_050944","ZBTB10","ENST00000430430.5","ENST00000430430.5","=",FALSE
"isoComp_00180603","geneComp_00024751","TCONS_00283213","XLOC_050944","T_minus","T_plus","XLOC_050944","unknown","unknown",35.0896682317265,11.259246914881,58.9200895485721,1.35865433082758,8.49523555229908,2.38661335010151,,1.13151236172246,0.231847202892293,2.03117752055262,0.12355055641707,0.112480404611094,3.07723390118989,,0.02845,0.0209333333333333,0.0359666666666667,0.0150333333333333,0.788385921214345,0.0103806003112376,FALSE,1,"XLOC_050944","ZBTB10","ENST00000426744.5","ENST00000426744.5","=",FALSE
"isoComp_00180604","geneComp_00024751","TCONS_00283214","XLOC_050944","T_minus","T_plus","XLOC_050944","unknown","unknown",35.0896682317265,11.259246914881,58.9200895485721,1.35865433082758,8.49523555229908,2.38661335010151,,3.20307153747562,1.3909871128995,5.01515596205174,0.277918354860513,0.976724974160684,1.84272468777087,,0.106533333333333,0.129233333333333,0.0838333333333333,-0.0454,0.715348706059865,0.0103806003112376,FALSE,2,"XLOC_050944","ZBTB10","ENST00000455036.8","ENST00000455036.8","=",FALSE
"isoComp_00180605","geneComp_00024751","TCONS_00283215","XLOC_050944","T_minus","T_plus","XLOC_050944","unknown","unknown",35.0896682317265,11.259246914881,58.9200895485721,1.35865433082758,8.49523555229908,2.38661335010151,,9.26572483488032,3.17382292562607,15.3576267441346,0.683006362459548,2.21077514131806,2.27106237871842,,0.268433333333333,0.276,0.260866666666667,-0.0151333333333333,0.920249957089393,0.0103806003112376,FALSE,1,"XLOC_050944","ZBTB10","ENST00000610895.2","ENST00000610895.2","=",FALSE
"isoComp_00180606","geneComp_00024751","TCONS_00290521","XLOC_050944","T_minus","T_plus","XLOC_050944","unknown","unknown",35.0896682317265,11.259246914881,58.9200895485721,1.35865433082758,8.49523555229908,2.38661335010151,,1.06812891540431,0.125045381808797,2.01121244899982,0.125045381808797,0.298670855987802,3.90370476141841,,0.0216,0.00896666666666667,0.0342333333333333,0.0252666666666667,0.40009891407273,0.0103806003112376,FALSE,1,"XLOC_050944","ZBTB10","PB.15833.1","ENST00000430430.5","j",TRUE
"isoComp_00180607","geneComp_00024751","TCONS_00290522","XLOC_050944","T_minus","T_plus","XLOC_050944","unknown","unknown",35.0896682317265,11.259246914881,58.9200895485721,1.35865433082758,8.49523555229908,2.38661335010151,,9.04168262090844,4.15719789717468,13.9261673446422,0.517093652382065,2.04794331075704,1.74168433363661,,0.304416666666667,0.372266666666667,0.236566666666667,-0.1357,0.0589637175000615,0.0103806003112376,FALSE,1,"XLOC_050944","ZBTB10","PB.12317.4","ENST00000430430.5","c",TRUE
"isoComp_00180608","geneComp_00024751","TCONS_00290523","XLOC_050944","T_minus","T_plus","XLOC_050944","unknown","unknown",35.0896682317265,11.259246914881,58.9200895485721,1.35865433082758,8.49523555229908,2.38661335010151,,7.34995356292754,1.2805057919827,13.4194013338724,0.134776713496235,1.70014891370347,3.37938647104564,,0.173483333333333,0.116866666666667,0.2301,0.113233333333333,0.0103806003112376,0.0103806003112376,FALSE,1,"XLOC_050944","ZBTB10","PB.15833.6","ENST00000430430.5","c",TRUE
"isoComp_00180609","geneComp_00024751","TCONS_00291358","XLOC_050944","T_minus","T_plus","XLOC_050944","unknown","unknown",35.0896682317265,11.259246914881,58.9200895485721,1.35865433082758,8.49523555229908,2.38661335010151,,0.427995526166635,0.277127602927603,0.578863449405666,0.277127602927603,0.578863449405666,1.03624109833967,,0.0138,0.0198333333333333,0.00776666666666667,-0.0120666666666667,0.93385617169259,0.0103806003112376,FALSE,1,"XLOC_050944","ZBTB10","PB.12317.5","ENST00000430430.5","c",TRUE
"isoComp_00180699","geneComp_00024772","TCONS_00283339","XLOC_050989","T_minus","T_plus","XLOC_050989","unknown","unknown",31.2044692843977,31.350841209677,31.0580973591185,1.95978552826014,0.74339233481162,-0.0135303661018059,,20.0579322587504,20.5043844002613,19.6114801172395,2.35152662716047,0.454794718935724,-0.0642019889776606,,0.6412,0.6498,0.6326,-0.0172,0.917777174046653,5.01090094299034e-19,FALSE,0,"XLOC_050989","CPNE3","ENST00000517490.6","ENST00000517490.6","=",FALSE
"isoComp_00180700","geneComp_00024772","TCONS_00283340","XLOC_050989","T_minus","T_plus","XLOC_050989","unknown","unknown",31.2044692843977,31.350841209677,31.0580973591185,1.95978552826014,0.74339233481162,-0.0135303661018059,,0.853670556038461,0.849276423518104,0.858064688558819,0.086017836657327,0.139406221447954,0.0146802454970651,,0.0274166666666667,0.0273666666666667,0.0274666666666667,9.99999999999994e-05,1,5.01090094299034e-19,,0,"XLOC_050989","CPNE3","ENST00000621783.4","ENST00000621783.4","=",FALSE
"isoComp_00180701","geneComp_00024772","TCONS_00283341","XLOC_050989","T_minus","T_plus","XLOC_050989","unknown","unknown",31.2044692843977,31.350841209677,31.0580973591185,1.95978552826014,0.74339233481162,-0.0135303661018059,,0.801067871943736,0.634878425875049,0.967257318012423,0.307966520150148,0.0757993378736476,0.599711277289903,,0.0251333333333333,0.0192,0.0310666666666667,0.0118666666666667,0.778107681179174,5.01090094299034e-19,,0,"XLOC_050989","CPNE3","ENST00000620393.4","ENST00000620393.4","=",FALSE
"isoComp_00180702","geneComp_00024772","TCONS_00283343","XLOC_050989","T_minus","T_plus","XLOC_050989","unknown","unknown",31.2044692843977,31.350841209677,31.0580973591185,1.95978552826014,0.74339233481162,-0.0135303661018059,,2.03639124112741,0,4.07278248225482,0,1.09569057378305,8.67340889715372,,0.0653333333333333,0,0.130666666666667,0.130666666666667,5.01090094299034e-19,5.01090094299034e-19,,0,"XLOC_050989","CPNE3","ENST00000622183.1","ENST00000622183.1","=",FALSE
"isoComp_00180711","geneComp_00024772","TCONS_00290537","XLOC_050989","T_minus","T_plus","XLOC_050989","unknown","unknown",31.2044692843977,31.350841209677,31.0580973591185,1.95978552826014,0.74339233481162,-0.0135303661018059,,6.6061731325141,8.27168994350915,4.94065632151904,1.19708589344437,0.760254135868458,-0.742305391210743,,0.213766666666667,0.269133333333333,0.1584,-0.110733333333333,0.330059239559661,5.01090094299034e-19,FALSE,0,"XLOC_050989","CPNE3","PB.15862.9","ENST00000517490.6","c",TRUE
"isoComp_00181852","geneComp_00024925","TCONS_00290667","XLOC_051298","T_minus","T_plus","XLOC_051298","unknown","unknown",7.42960266630888,1.01137721302798,13.8478281195898,0.0842298287592366,0.780241674664722,3.76211348448839,,1.02757516243279,0.0337960491375126,2.02135427572808,0.0337960491375126,0.123282255153251,5.53549733323572,,0.0883666666666667,0.0295,0.147233333333333,0.117733333333333,0.127871981589354,0.0315536049655297,FALSE,0,"XLOC_051298","XLOC_051298","PB.16076.1","ENST00000286355.10","x",TRUE
"isoComp_00181853","geneComp_00024925","TCONS_00291445","XLOC_051298","T_minus","T_plus","XLOC_051298","unknown","unknown",7.42960266630888,1.01137721302798,13.8478281195898,0.0842298287592366,0.780241674664722,3.76211348448839,,0.285817217517729,0.00675920982750252,0.564875225207955,0.00675920982750252,0.193551336547172,5.10022282301318,,0.0227666666666667,0.0059,0.0396333333333333,0.0337333333333333,0.54800646534064,0.0315536049655297,TRUE,0,"XLOC_051298","XLOC_051298","PB.12526.1","ENST00000286355.10","x",TRUE
"isoComp_00181854","geneComp_00024925","TCONS_00291446","XLOC_051298","T_minus","T_plus","XLOC_051298","unknown","unknown",7.42960266630888,1.01137721302798,13.8478281195898,0.0842298287592366,0.780241674664722,3.76211348448839,,0.586137195522811,0.0814689649318762,1.09080542611375,0.0407345278306157,0.15461369036795,3.58913335076803,,0.0834666666666667,0.0870666666666667,0.0798666666666667,-0.0072,0.997504284880317,0.0315536049655297,FALSE,0,"XLOC_051298","XLOC_051298","PB.12526.2","ENST00000286355.10","x",TRUE
"isoComp_00181856","geneComp_00024925","TCONS_00292988","XLOC_051298","T_minus","T_plus","XLOC_051298","unknown","unknown",7.42960266630888,1.01137721302798,13.8478281195898,0.0842298287592366,0.780241674664722,3.76211348448839,,5.43160008526052,0.889352989131086,9.97384718138996,0.0844094361765913,0.634691852043385,3.47263647292163,,0.798583333333333,0.877533333333333,0.719633333333333,-0.1579,0.0315536049655297,0.0315536049655297,TRUE,0,"XLOC_051298","XLOC_051298","PB.18827.1","ENST00000286355.10","x",TRUE
"isoComp_00182806","geneComp_00025075","TCONS_00285969","XLOC_051685","T_minus","T_plus","XLOC_051685","unknown","unknown",1.8910450608332,2.78066539187754,1.00142472978887,0.80296550710409,0.055850482723461,-1.46422019329198,,0.817382654949809,1.39653680012513,0.238228509774492,0.23484500789526,0.0762844918842877,-2.50240657143671,,0.394133333333333,0.557633333333333,0.230633333333333,-0.327,0.266800482763093,0.0211251990509736,FALSE,0,"XLOC_051685","HR","ENST00000381418.9","ENST00000381418.9","=",FALSE
"isoComp_00182807","geneComp_00025075","TCONS_00285970","XLOC_051685","T_minus","T_plus","XLOC_051685","unknown","unknown",1.8910450608332,2.78066539187754,1.00142472978887,0.80296550710409,0.055850482723461,-1.46422019329198,,0.57041677401439,0.902838272285514,0.237995275743266,0.311829556626135,0.0715248768285707,-1.88004664247635,,0.268883333333333,0.305466666666667,0.2323,-0.0731666666666667,0.879571038796339,0.0211251990509736,FALSE,0,"XLOC_051685","HR","ENST00000312841.9","ENST00000312841.9","=",FALSE
"isoComp_00182808","geneComp_00025075","TCONS_00285971","XLOC_051685","T_minus","T_plus","XLOC_051685","unknown","unknown",1.8910450608332,2.78066539187754,1.00142472978887,0.80296550710409,0.055850482723461,-1.46422019329198,,0.0944068334029695,0.129498038361456,0.0593156284444832,0.129498038361456,0.0593156284444832,-1.00899225936801,,0.0495333333333333,0.0324,0.0666666666666667,0.0342666666666667,0.982239626105487,0.0211251990509736,FALSE,0,"XLOC_051685","HR","ENST00000680789.1","ENST00000680789.1","=",FALSE
"isoComp_00182809","geneComp_00025075","TCONS_00285972","XLOC_051685","T_minus","T_plus","XLOC_051685","unknown","unknown",1.8910450608332,2.78066539187754,1.00142472978887,0.80296550710409,0.055850482723461,-1.46422019329198,,0.0735657854772518,0.096319933816298,0.0508116371382057,0.0431092674949088,0.0177209083649773,-0.805992777033747,,0.0435833333333333,0.0378,0.0493666666666667,0.0115666666666667,0.974110507985029,0.0211251990509736,TRUE,0,"XLOC_051685","HR","ENST00000522016.1","ENST00000522016.1","=",FALSE
"isoComp_00182810","geneComp_00025075","TCONS_00285973","XLOC_051685","T_minus","T_plus","XLOC_051685","unknown","unknown",1.8910450608332,2.78066539187754,1.00142472978887,0.80296550710409,0.055850482723461,-1.46422019329198,,0.0598654361119411,0.0443993274382134,0.0753315447856688,0.0443993274382134,0.0753315447856688,0.649490350906197,,0.0411333333333333,0.0111,0.0711666666666667,0.0600666666666667,0.955966621133578,0.0211251990509736,FALSE,0,"XLOC_051685","HR","ENST00000522039.1","ENST00000522039.1","=",FALSE
"isoComp_00182811","geneComp_00025075","TCONS_00285974","XLOC_051685","T_minus","T_plus","XLOC_051685","unknown","unknown",1.8910450608332,2.78066539187754,1.00142472978887,0.80296550710409,0.055850482723461,-1.46422019329198,,0.116596544221837,0.162797533940116,0.0703955545035583,0.162797533940116,0.0703955545035583,-1.10389499392924,,0.0537,0.0407333333333333,0.0666666666666667,0.0259333333333333,0.979503908335661,0.0211251990509736,TRUE,0,"XLOC_051685","HR","ENST00000517699.2","ENST00000517699.2","=",FALSE
"isoComp_00182812","geneComp_00025075","TCONS_00285975","XLOC_051685","T_minus","T_plus","XLOC_051685","unknown","unknown",1.8910450608332,2.78066539187754,1.00142472978887,0.80296550710409,0.055850482723461,-1.46422019329198,,0.140223205629373,0.0110998318595534,0.269346579399193,0.0110998318595534,0.11193706154628,3.72675274705392,,0.142983333333333,0.00276666666666667,0.2832,0.280433333333333,0.0211251990509736,0.0211251990509736,TRUE,0,"XLOC_051685","HR","ENST00000518461.2","ENST00000518461.2","=",FALSE
"isoComp_00183680","geneComp_00025229","TCONS_00287018","XLOC_051993","T_minus","T_plus","XLOC_051993","unknown","unknown",50.0026395691929,42.1939756278957,57.81130351049,1.55494911027898,3.34588364279633,0.454222225310293,,40.4590345381077,38.1697392461602,42.7483298300552,1.22589884365435,1.71080049712342,0.163398251803518,,0.823033333333333,0.904966666666667,0.7411,-0.163866666666667,1.73665391804961e-18,1.73665391804961e-18,FALSE,0,"XLOC_051993","BPNT2","ENST00000262644.9","ENST00000262644.9","=",FALSE
"isoComp_00183681","geneComp_00025229","TCONS_00287019","XLOC_051993","T_minus","T_plus","XLOC_051993","unknown","unknown",50.0026395691929,42.1939756278957,57.81130351049,1.55494911027898,3.34588364279633,0.454222225310293,,3.88464622452062,3.43030509287434,4.3389873561669,0.0577888819338268,0.451198049623222,0.338143002880918,,0.0781166666666667,0.0816,0.0746333333333333,-0.00696666666666668,0.904838983092752,1.73665391804961e-18,TRUE,0,"XLOC_051993","BPNT2","ENST00000520392.1","ENST00000520392.1","=",FALSE
"isoComp_00183682","geneComp_00025229","TCONS_00292333","XLOC_051993","T_minus","T_plus","XLOC_051993","unknown","unknown",50.0026395691929,42.1939756278957,57.81130351049,1.55494911027898,3.34588364279633,0.454222225310293,,5.65895880656455,0.593931288861179,10.7239863242679,0.428914508493651,1.24460460436504,4.15165772593036,,0.0988333333333333,0.0134333333333333,0.184233333333333,0.1708,0.0108704009636582,1.73665391804961e-18,FALSE,0,"XLOC_051993","BPNT2","PB.17094.1","ENST00000262644.9","c",TRUE
"isoComp_00183827","geneComp_00025259","TCONS_00287192","XLOC_052058","T_minus","T_plus","XLOC_052058","unknown","unknown",2.35421919182169,2.85549833647133,1.85294004717206,0.308030483710213,0.429058554046622,-0.621204812261837,,0.668791829745663,0.497774877183605,0.839808782307721,0.0559929775666028,0.0889057496519673,0.742949235635432,,0.327166666666667,0.174466666666667,0.479866666666667,0.3054,0.021211537538708,0.021211537538708,FALSE,0,"XLOC_052058","ENSG00000272010","ENST00000606963.1","ENST00000606963.1","=",FALSE
"isoComp_00183828","geneComp_00025259","TCONS_00290891","XLOC_052058","T_minus","T_plus","XLOC_052058","unknown","unknown",2.35421919182169,2.85549833647133,1.85294004717206,0.308030483710213,0.429058554046622,-0.621204812261837,,0.945227821356399,1.26449992761803,0.625955715094768,0.120221593047031,0.0707542039360484,-1.00293307966781,,0.4156,0.4539,0.3773,-0.0766000000000001,0.907914442809113,0.021211537538708,FALSE,0,"XLOC_052058","ENSG00000272010","PB.15771.1","ENST00000606963.1","k",TRUE
"isoComp_00183829","geneComp_00025259","TCONS_00292351","XLOC_052058","T_minus","T_plus","XLOC_052058","unknown","unknown",2.35421919182169,2.85549833647133,1.85294004717206,0.308030483710213,0.429058554046622,-0.621204812261837,,0.74019954071963,1.09322353166969,0.38717554976957,0.281090548998092,0.38717554976957,-1.47387641683305,,0.257266666666667,0.371666666666667,0.142866666666667,-0.2288,0.458019157969864,0.021211537538708,,0,"XLOC_052058","ENSG00000272010","PB.17137.1","ENST00000606963.1","c",TRUE
"isoComp_00187226","geneComp_00025736","TCONS_00294338","XLOC_053001","T_minus","T_plus","XLOC_053001","unknown","unknown",2.4873545252217,2.73272427843445,2.24198477200894,0.498937469703527,0.482439133507345,-0.284412525811025,,1.13988444571611,0.974506425358101,1.30526246607413,0.0970850714785288,0.140010481091864,0.417878197033621,,0.513166666666667,0.381,0.645333333333333,0.264333333333333,0.636342878811983,0.0458723348281728,FALSE,0,"XLOC_053001","ENSG00000287838","ENST00000660743.1","ENST00000660743.1","=",FALSE
"isoComp_00187227","geneComp_00025736","TCONS_00301846","XLOC_053001","T_minus","T_plus","XLOC_053001","unknown","unknown",2.4873545252217,2.73272427843445,2.24198477200894,0.498937469703527,0.482439133507345,-0.284412525811025,,0.650005260783714,0.613962898591025,0.686047622976404,0.185638001961684,0.361217616397778,0.157725769736785,,0.232033333333333,0.213433333333333,0.250633333333333,0.0372,0.99761800042806,0.0458723348281728,,0,"XLOC_053001","ENSG00000287838","PB.16358.1","ENST00000660743.1","o",TRUE
"isoComp_00187228","geneComp_00025736","TCONS_00302675","XLOC_053001","T_minus","T_plus","XLOC_053001","unknown","unknown",2.4873545252217,2.73272427843445,2.24198477200894,0.498937469703527,0.482439133507345,-0.284412525811025,,0.45673291066116,0.853993549123108,0.0594722721992122,0.272025415887692,0.0594722721992122,-3.63651135195426,,0.1569,0.292966666666667,0.0208333333333333,-0.272133333333333,0.0458723348281728,0.0458723348281728,FALSE,0,"XLOC_053001","ENSG00000287838","PB.12743.1","ENST00000660743.1","j",TRUE
"isoComp_00187229","geneComp_00025736","TCONS_00303210","XLOC_053001","T_minus","T_plus","XLOC_053001","unknown","unknown",2.4873545252217,2.73272427843445,2.24198477200894,0.498937469703527,0.482439133507345,-0.284412525811025,,0.240731908060711,0.29026140536222,0.191202410759202,0.0167299682470957,0.0618644182271769,-0.577571456145473,,0.0979,0.112633333333333,0.0831666666666667,-0.0294666666666667,0.916819581983074,0.0458723348281728,FALSE,0,"XLOC_053001","ENSG00000287838","PB.17843.1","ENST00000660743.1","j",TRUE
"isoComp_00187434","geneComp_00025787","TCONS_00294674","XLOC_053140","T_minus","T_plus","XLOC_053140","unknown","unknown",1.47018412323021,1.20216782829885,1.73820041816157,0.287409951142892,0.388044987898995,0.528281130436691,,0.0366311013022486,0.00679493024114121,0.066467272363356,0.00679493024114121,0.0321902112841916,2.18681660988664,,0.0225166666666667,0.0104,0.0346333333333333,0.0242333333333333,0.701421656799141,9.28127852614633e-09,FALSE,0,"XLOC_053140","ENSG00000234394","ENST00000603200.5","ENST00000603200.5","=",FALSE
"isoComp_00187435","geneComp_00025787","TCONS_00294677","XLOC_053140","T_minus","T_plus","XLOC_053140","unknown","unknown",1.47018412323021,1.20216782829885,1.73820041816157,0.287409951142892,0.388044987898995,0.528281130436691,,0.640639115718742,0.0215589856402403,1.25971924579724,0.0128329845118435,0.353182797733471,5.33031488484662,,0.35965,0.0152666666666667,0.704033333333333,0.688766666666667,9.28127852614633e-09,9.28127852614633e-09,TRUE,1,"XLOC_053140","ENSG00000234394","ENST00000414223.4","ENST00000414223.4","=",FALSE
"isoComp_00187437","geneComp_00025787","TCONS_00294679","XLOC_053140","T_minus","T_plus","XLOC_053140","unknown","unknown",1.47018412323021,1.20216782829885,1.73820041816157,0.287409951142892,0.388044987898995,0.528281130436691,,0.298750384945995,0.469082762055971,0.128418007836018,0.0399691040393489,0.0595209445639246,-1.79124325839668,,0.269266666666667,0.4594,0.0791333333333333,-0.380266666666667,0.190049134914136,9.28127852614633e-09,FALSE,0,"XLOC_053140","PGM5","ENST00000396396.6","ENST00000396396.6","=",FALSE
"isoComp_00187439","geneComp_00025787","TCONS_00294684","XLOC_053140","T_minus","T_plus","XLOC_053140","unknown","unknown",1.47018412323021,1.20216782829885,1.73820041816157,0.287409951142892,0.388044987898995,0.528281130436691,,0.146668433519887,0.21177787792861,0.0815589891111644,0.174377024738402,0.0815589891111644,-1.27634202609682,,0.10225,0.134,0.0705,-0.0635,0.849879908182567,9.28127852614633e-09,TRUE,0,"XLOC_053140","PGM5","ENST00000472639.1","ENST00000472639.1","=",FALSE
"isoComp_00187441","geneComp_00025787","TCONS_00301861","XLOC_053140","T_minus","T_plus","XLOC_053140","unknown","unknown",1.47018412323021,1.20216782829885,1.73820041816157,0.287409951142892,0.388044987898995,0.528281130436691,,0.331928421773315,0.48957366751914,0.17428317602749,0.168707387476222,0.0690071189791434,-1.43877306724091,,0.23965,0.378833333333333,0.100466666666667,-0.278366666666667,0.195014939559769,9.28127852614633e-09,FALSE,0,"XLOC_053140","PGM5","PB.16396.1","ENST00000396396.6","c",TRUE
"isoComp_00188408","geneComp_00025942","TCONS_00295877","XLOC_053493","T_minus","T_plus","XLOC_053493","unknown","unknown",2.36365414529575,3.51475089342841,1.2125573971631,0.361726984240369,0.0640063517871243,-1.52761910172001,,2.06165077692167,3.28705033602407,0.836251217819262,0.322901007071872,0.0380531035486381,-1.962018002834,,0.8142,0.9363,0.6921,-0.2442,2.0644311882522e-05,2.0644311882522e-05,FALSE,0,"XLOC_053493","SNX30","ENST00000374232.8","ENST00000374232.8","=",FALSE
"isoComp_00188409","geneComp_00025942","TCONS_00295878","XLOC_053493","T_minus","T_plus","XLOC_053493","unknown","unknown",2.36365414529575,3.51475089342841,1.2125573971631,0.361726984240369,0.0640063517871243,-1.52761910172001,,0.0384977293069466,0,0.0769954586138932,0,0.0476936962445968,3.120940090545,,0.0314333333333333,0,0.0628666666666667,0.0628666666666667,0.556669026374826,2.0644311882522e-05,FALSE,0,"XLOC_053493","SNX30","ENST00000416585.1","ENST00000416585.1","=",FALSE
"isoComp_00188410","geneComp_00025942","TCONS_00295879","XLOC_053493","T_minus","T_plus","XLOC_053493","unknown","unknown",2.36365414529575,3.51475089342841,1.2125573971631,0.361726984240369,0.0640063517871243,-1.52761910172001,,0.26350563906714,0.227700557404337,0.299310720729943,0.0418352685622315,0.0394266085003808,0.379911551815734,,0.154366666666667,0.0637,0.245033333333333,0.181333333333333,0.0395956126277661,2.0644311882522e-05,TRUE,0,"XLOC_053493","SNX30","ENST00000604751.1","ENST00000604751.1","=",FALSE
"isoComp_00188884","geneComp_00026007","TCONS_00296333","XLOC_053604","T_minus","T_plus","XLOC_053604","unknown","unknown",6.52741228715338,6.10101339152195,6.95381118278481,0.144415643778899,0.0871401284741967,0.188465443680817,,1.2258949482735,0.676024609076993,1.77576528747001,0.0118196767438111,0.194806894647239,1.38021023711739,,0.183516666666667,0.110933333333333,0.2561,0.145166666666667,0.0192266867431366,0.0192266867431366,FALSE,0,"XLOC_053604","ZNF79","ENST00000543471.5","ENST00000543471.5","=",FALSE
"isoComp_00188885","geneComp_00026007","TCONS_00296334","XLOC_053604","T_minus","T_plus","XLOC_053604","unknown","unknown",6.52741228715338,6.10101339152195,6.95381118278481,0.144415643778899,0.0871401284741967,0.188465443680817,,1.01182271022869,1.01733863332947,1.00630678712791,0.132361244495485,0.173148179120076,-0.0155758374149923,,0.156516666666667,0.167966666666667,0.145066666666667,-0.0229,0.937423824032236,0.0192266867431366,FALSE,0,"XLOC_053604","ZNF79","ENST00000612342.4","ENST00000612342.4","=",FALSE
"isoComp_00188886","geneComp_00026007","TCONS_00296336","XLOC_053604","T_minus","T_plus","XLOC_053604","unknown","unknown",6.52741228715338,6.10101339152195,6.95381118278481,0.144415643778899,0.0871401284741967,0.188465443680817,,1.16199820941979,1.04731449216361,1.27668192667597,0.207747793630662,0.451634792754816,0.283250895231538,,0.17765,0.1731,0.1822,0.0091,1,0.0192266867431366,FALSE,0,"XLOC_053604","ZNF79","ENST00000342483.5","ENST00000342483.5","=",FALSE
"isoComp_00188887","geneComp_00026007","TCONS_00302795","XLOC_053604","T_minus","T_plus","XLOC_053604","unknown","unknown",6.52741228715338,6.10101339152195,6.95381118278481,0.144415643778899,0.0871401284741967,0.188465443680817,,3.1276964192314,3.36033565695187,2.89505718151093,0.450251795482013,0.137551982776026,-0.214325717690794,,0.482316666666667,0.548,0.416633333333333,-0.131366666666667,0.512968368425605,0.0192266867431366,FALSE,0,"XLOC_053604","ZNF79","PB.13015.1","ENST00000543471.5","c",TRUE
"isoComp_00189084","geneComp_00026030","TCONS_00296578","XLOC_053633","T_minus","T_plus","XLOC_053633","unknown","unknown",66.1700299483928,81.1869400662832,51.1531198305024,0.896036878793418,1.07726592076764,-0.666321120268892,,3.07028259943952,2.98554612432977,3.15501907454927,1.89644556343332,0.694097894304174,0.079395146569957,,0.0495166666666667,0.0371666666666667,0.0618666666666667,0.0247,0.687624586960597,0.0029767228266673,FALSE,0,"XLOC_053633","SPTAN1","ENST00000372731.8","ENST00000372731.8","=",FALSE
"isoComp_00189086","geneComp_00026030","TCONS_00296580","XLOC_053633","T_minus","T_plus","XLOC_053633","unknown","unknown",66.1700299483928,81.1869400662832,51.1531198305024,0.896036878793418,1.07726592076764,-0.666321120268892,,6.70414256144122,7.60956068693018,5.79872443595226,1.48004522430473,0.550522440168293,-0.391486429665964,,0.103183333333333,0.0934,0.112966666666667,0.0195666666666667,0.810065006897818,0.0029767228266673,FALSE,0,"XLOC_053633","SPTAN1","ENST00000372739.7","ENST00000372739.7","=",FALSE
"isoComp_00189088","geneComp_00026030","TCONS_00296583","XLOC_053633","T_minus","T_plus","XLOC_053633","unknown","unknown",66.1700299483928,81.1869400662832,51.1531198305024,0.896036878793418,1.07726592076764,-0.666321120268892,,3.47156657485616,4.23623603933871,2.7068971103736,0.174548208760532,0.104034219640513,-0.64422463851405,,0.0525166666666667,0.0521333333333333,0.0529,0.000766666666666665,0.992239735540577,0.0029767228266673,FALSE,0,"XLOC_053633","SPTAN1","ENST00000358161.9","ENST00000358161.9","=",FALSE
"isoComp_00189103","geneComp_00026030","TCONS_00296610","XLOC_053633","T_minus","T_plus","XLOC_053633","unknown","unknown",66.1700299483928,81.1869400662832,51.1531198305024,0.896036878793418,1.07726592076764,-0.666321120268892,,0.661938691537894,0.772348173307524,0.551529209768264,0.096050370380022,0.104759853665935,-0.478449731000137,,0.0101333333333333,0.00953333333333333,0.0107333333333333,0.0012,0.958125443543968,0.0029767228266673,FALSE,0,"XLOC_053633","SPTAN1","ENST00000629089.1","ENST00000629089.1","=",FALSE
"isoComp_00189105","geneComp_00026030","TCONS_00296613","XLOC_053633","T_minus","T_plus","XLOC_053633","unknown","unknown",66.1700299483928,81.1869400662832,51.1531198305024,0.896036878793418,1.07726592076764,-0.666321120268892,,0.690441809827969,0.89881530719769,0.482068312458248,0.0721483787168389,0.0305695731951733,-0.885128519635397,,0.0102333333333333,0.0110666666666667,0.0094,-0.00166666666666667,0.917935264772754,0.0029767228266673,FALSE,0,"XLOC_053633","SPTAN1","ENST00000625980.2","ENST00000625980.2","=",FALSE
"isoComp_00189113","geneComp_00026030","TCONS_00302111","XLOC_053633","T_minus","T_plus","XLOC_053633","unknown","unknown",66.1700299483928,81.1869400662832,51.1531198305024,0.896036878793418,1.07726592076764,-0.666321120268892,,2.11572212815448,2.05344822539496,2.177996030914,0.405908157034896,1.08054659955102,0.0845528813432866,,0.0341166666666667,0.0252333333333333,0.043,0.0177666666666667,0.998161431539877,0.0029767228266673,FALSE,0,"XLOC_053633","SPTAN1","PB.16746.7","ENST00000372739.7","c",TRUE
"isoComp_00189115","geneComp_00026030","TCONS_00302803","XLOC_053633","T_minus","T_plus","XLOC_053633","unknown","unknown",66.1700299483928,81.1869400662832,51.1531198305024,0.896036878793418,1.07726592076764,-0.666321120268892,,7.2734912126906,8.37081001019959,6.1761724151816,0.159598118443987,0.360692191552349,-0.438042644557344,,0.111883333333333,0.103066666666667,0.1207,0.0176333333333333,0.573762617130376,0.0029767228266673,FALSE,0,"XLOC_053633","SPTAN1","PB.13036.1","ENST00000372739.7","j",TRUE
"isoComp_00189116","geneComp_00026030","TCONS_00302804","XLOC_053633","T_minus","T_plus","XLOC_053633","unknown","unknown",66.1700299483928,81.1869400662832,51.1531198305024,0.896036878793418,1.07726592076764,-0.666321120268892,,0.877224944046348,1.72849930064824,0.0259505874444614,0.97546870402382,0.0259505874444614,-5.59568333151257,,0.0110333333333333,0.0215666666666667,5e-04,-0.0210666666666667,0.613881281414682,0.0029767228266673,FALSE,0,"XLOC_053633","SPTAN1","PB.13036.2","ENST00000372739.7","c",TRUE
"isoComp_00189119","geneComp_00026030","TCONS_00302807","XLOC_053633","T_minus","T_plus","XLOC_053633","unknown","unknown",66.1700299483928,81.1869400662832,51.1531198305024,0.896036878793418,1.07726592076764,-0.666321120268892,,9.48602536452145,15.2890930398339,3.68295768920901,1.06425370730234,0.839817516858244,-2.05059749109919,,0.13,0.1884,0.0716,-0.1168,0.0029767228266673,0.0029767228266673,FALSE,0,"XLOC_053633","SPTAN1","PB.13036.5","ENST00000372739.7","j",TRUE
"isoComp_00189120","geneComp_00026030","TCONS_00303394","XLOC_053633","T_minus","T_plus","XLOC_053633","unknown","unknown",66.1700299483928,81.1869400662832,51.1531198305024,0.896036878793418,1.07726592076764,-0.666321120268892,,6.32262909037326,7.36121165788931,5.28404652285721,0.593711082728978,0.0889062256496087,-0.477530911781445,,0.0970666666666667,0.0907333333333333,0.1034,0.0126666666666667,0.805351995100665,0.0029767228266673,FALSE,0,"XLOC_053633","SPTAN1","PB.18271.1","ENST00000372731.8","c",TRUE
"isoComp_00189121","geneComp_00026030","TCONS_00303395","XLOC_053633","T_minus","T_plus","XLOC_053633","unknown","unknown",66.1700299483928,81.1869400662832,51.1531198305024,0.896036878793418,1.07726592076764,-0.666321120268892,,2.55653944298942,4.0581448608043,1.05493402517454,0.816005177925774,0.54330466406148,-1.93360699707945,,0.0352333333333333,0.0502,0.0202666666666667,-0.0299333333333333,0.748817388137109,0.0029767228266673,FALSE,0,"XLOC_053633","SPTAN1","PB.18271.2","ENST00000372739.7","j",TRUE
"isoComp_00189122","geneComp_00026030","TCONS_00303396","XLOC_053633","T_minus","T_plus","XLOC_053633","unknown","unknown",66.1700299483928,81.1869400662832,51.1531198305024,0.896036878793418,1.07726592076764,-0.666321120268892,,1.42714704935124,2.21967416708965,0.634619931612822,1.1107535681025,0.558579531748984,-1.79031219539697,,0.0199833333333333,0.0271,0.0128666666666667,-0.0142333333333333,0.895077762788282,0.0029767228266673,FALSE,0,"XLOC_053633","SPTAN1","PB.18271.3","ENST00000372739.7","c",TRUE
"isoComp_00189126","geneComp_00026030","TCONS_00303401","XLOC_053633","T_minus","T_plus","XLOC_053633","unknown","unknown",66.1700299483928,81.1869400662832,51.1531198305024,0.896036878793418,1.07726592076764,-0.666321120268892,,4.51809539436245,5.79495187053906,3.24123891818584,1.28206742945668,1.11991351233119,-0.836294528839939,,0.06705,0.0714,0.0627,-0.0087,0.93872359539069,0.0029767228266673,FALSE,0,"XLOC_053633","SPTAN1","PB.18271.9","ENST00000372739.7","c",TRUE
"isoComp_00189127","geneComp_00026030","TCONS_00304019","XLOC_053633","T_minus","T_plus","XLOC_053633","unknown","unknown",66.1700299483928,81.1869400662832,51.1531198305024,0.896036878793418,1.07726592076764,-0.666321120268892,,1.44666574155481,2.15026729668317,0.743064186426448,0.325293926565504,0.743064186426448,-1.52036509119151,,0.0208,0.0264666666666667,0.0151333333333333,-0.0113333333333333,0.419229302174353,0.0029767228266673,FALSE,0,"XLOC_053633","SPTAN1","PB.19622.4","ENST00000372739.7","j",TRUE
"isoComp_00189128","geneComp_00026030","TCONS_00304020","XLOC_053633","T_minus","T_plus","XLOC_053633","unknown","unknown",66.1700299483928,81.1869400662832,51.1531198305024,0.896036878793418,1.07726592076764,-0.666321120268892,,11.5155817015195,10.878975517492,12.1521878855469,2.88346070409015,1.47459613342792,0.159534556674792,,0.18595,0.1335,0.2384,0.1049,0.331093780547767,0.0029767228266673,FALSE,0,"XLOC_053633","SPTAN1","PB.19622.8","ENST00000372739.7","c",TRUE
"isoComp_00190190","geneComp_00026176","TCONS_00297982","XLOC_053892","T_minus","T_plus","XLOC_053892","unknown","unknown",6.85762109959212,6.8356939386347,6.87954826054953,0.403677501540743,0.287338867005005,0.00921259732033469,,3.43061462392503,3.96781336496284,2.89341588288722,0.148341255388059,0.129082024904277,-0.454224350737237,,0.501833333333333,0.583166666666667,0.4205,-0.162666666666667,0.0235887425139848,0.0235887425139848,FALSE,0,"XLOC_053892","ZDHHC21","ENST00000380916.9","ENST00000380916.9","=",FALSE
"isoComp_00190191","geneComp_00026176","TCONS_00297983","XLOC_053892","T_minus","T_plus","XLOC_053892","unknown","unknown",6.85762109959212,6.8356939386347,6.87954826054953,0.403677501540743,0.287338867005005,0.00921259732033469,,0.439951446683124,0.365390255235162,0.514512638131086,0.261414798407541,0.162208599662714,0.482586335256854,,0.0616833333333333,0.0496333333333333,0.0737333333333333,0.0241,0.850061362306924,0.0235887425139848,,0,"XLOC_053892","ZDHHC21","ENST00000497966.1","ENST00000497966.1","=",FALSE
"isoComp_00190192","geneComp_00026176","TCONS_00302207","XLOC_053892","T_minus","T_plus","XLOC_053892","unknown","unknown",6.85762109959212,6.8356939386347,6.87954826054953,0.403677501540743,0.287338867005005,0.00921259732033469,,2.98705502898397,2.50249031843671,3.47161973953123,0.0919493123872756,0.116477491575364,0.470640604226253,,0.4365,0.3672,0.5058,0.1386,0.0518834416757346,0.0235887425139848,FALSE,0,"XLOC_053892","ZDHHC21","PB.16215.1","ENST00000380916.9","j",TRUE
"isoComp_00190298","geneComp_00026190","TCONS_00298096","XLOC_053931","T_minus","T_plus","XLOC_053931","unknown","unknown",25.0151866688172,30.1012935594082,19.9290797782261,2.29363173686367,1.75394605759168,-0.594705858038978,,1.92065116305574,2.29424686750236,1.54705545860911,0.17312284949162,0.0960328288613699,-0.565474958759486,,0.0773,0.0763666666666667,0.0782333333333333,0.00186666666666667,0.998161431539877,0.00101197104141921,FALSE,0,"XLOC_053931","HACD4","ENST00000495827.3","ENST00000495827.3","=",FALSE
"isoComp_00190300","geneComp_00026190","TCONS_00302242","XLOC_053931","T_minus","T_plus","XLOC_053931","unknown","unknown",25.0151866688172,30.1012935594082,19.9290797782261,2.29363173686367,1.75394605759168,-0.594705858038978,,3.97739264147766,6.69642884214564,1.25835644080967,1.24672038082696,0.635668496531731,-2.40258450221884,,0.14115,0.223166666666667,0.0591333333333333,-0.164033333333333,0.124911724849339,0.00101197104141921,FALSE,0,"XLOC_053931","HACD4","PB.16243.1","ENST00000495827.3","j",TRUE
"isoComp_00190301","geneComp_00026190","TCONS_00302243","XLOC_053931","T_minus","T_plus","XLOC_053931","unknown","unknown",25.0151866688172,30.1012935594082,19.9290797782261,2.29363173686367,1.75394605759168,-0.594705858038978,,10.0954268090463,10.3029462341501,9.8879073839425,1.15077245509391,1.02397868323112,-0.0592610972513505,,0.418216666666667,0.3409,0.495533333333333,0.154633333333333,0.00101197104141921,0.00101197104141921,FALSE,0,"XLOC_053931","HACD4","PB.16243.4","ENST00000495827.3","j",TRUE
"isoComp_00190302","geneComp_00026190","TCONS_00302244","XLOC_053931","T_minus","T_plus","XLOC_053931","unknown","unknown",25.0151866688172,30.1012935594082,19.9290797782261,2.29363173686367,1.75394605759168,-0.594705858038978,,1.32123020054725,1.17506861012803,1.46739179096647,0.422527535986565,0.464970305357017,0.318081879464885,,0.0575333333333333,0.0389,0.0761666666666667,0.0372666666666667,0.762960868804912,0.00101197104141921,FALSE,0,"XLOC_053931","HACD4","PB.16243.6","ENST00000495827.3","j",TRUE
"isoComp_00190303","geneComp_00026190","TCONS_00302245","XLOC_053931","T_minus","T_plus","XLOC_053931","unknown","unknown",25.0151866688172,30.1012935594082,19.9290797782261,2.29363173686367,1.75394605759168,-0.594705858038978,,7.50979743544108,9.34394339349918,5.67565147738298,0.767550161788336,0.435493243559498,-0.718249031638961,,0.29835,0.310466666666667,0.286233333333333,-0.0242333333333333,0.83036011644036,0.00101197104141921,TRUE,0,"XLOC_053931","HACD4","PB.16243.7","ENST00000495827.3","j",TRUE
"isoComp_00190367","geneComp_00026206","TCONS_00298241","XLOC_054002","T_minus","T_plus","XLOC_054002","unknown","unknown",124.075202660344,19.0278873289092,229.122517991779,1.29649204189038,37.68225617144,3.58923692334613,,4.63029213529434,3.84181040276777,5.41877386782091,0.528498138956772,0.582909137111317,0.495089699246839,,0.113616666666667,0.2022,0.0250333333333333,-0.177166666666667,3.15082386545493e-12,1.03910573457335e-32,FALSE,0,"XLOC_054002","TOPORS","ENST00000360538.7","ENST00000360538.7","=",FALSE
"isoComp_00190368","geneComp_00026206","TCONS_00302251","XLOC_054002","T_minus","T_plus","XLOC_054002","unknown","unknown",124.075202660344,19.0278873289092,229.122517991779,1.29649204189038,37.68225617144,3.58923692334613,,6.86855240338493,6.04454261572753,7.69256219104233,0.217515291602741,1.12515048038325,0.347320448630909,,0.1771,0.3198,0.0344,-0.2854,1.03910573457335e-32,1.03910573457335e-32,FALSE,0,"XLOC_054002","TOPORS","PB.16261.1","ENST00000360538.7","c",TRUE
"isoComp_00190371","geneComp_00026206","TCONS_00302878","XLOC_054002","T_minus","T_plus","XLOC_054002","unknown","unknown",124.075202660344,19.0278873289092,229.122517991779,1.29649204189038,37.68225617144,3.58923692334613,,11.3013121527866,0.959647901098781,21.6429764044743,0.422595034871159,1.69026956895208,4.48096056986888,,0.0728166666666667,0.0479666666666667,0.0976666666666667,0.0497,0.309722541199877,1.03910573457335e-32,FALSE,0,"XLOC_054002","ENSG00000288684","PB.12666.8","ENST00000681750.1","c",TRUE
"isoComp_00190372","geneComp_00026206","TCONS_00302879","XLOC_054002","T_minus","T_plus","XLOC_054002","unknown","unknown",124.075202660344,19.0278873289092,229.122517991779,1.29649204189038,37.68225617144,3.58923692334613,,10.9208593434684,0.957766951466233,20.8839517354706,0.278603211752052,3.68023897475351,4.43228189613163,,0.0718,0.0527,0.0909,0.0382,0.430998788349647,1.03910573457335e-32,FALSE,0,"XLOC_054002","ENSG00000288684","PB.12666.9","ENST00000681750.1","c",TRUE
"isoComp_00190377","geneComp_00026206","TCONS_00302885","XLOC_054002","T_minus","T_plus","XLOC_054002","unknown","unknown",124.075202660344,19.0278873289092,229.122517991779,1.29649204189038,37.68225617144,3.58923692334613,,3.51446596603142,0.224591439505938,6.80434049255691,0.154901959515773,2.50894261463161,4.86035176251916,,0.0205666666666667,0.0129,0.0282333333333333,0.0153333333333333,0.687041495509555,1.03910573457335e-32,FALSE,0,"XLOC_054002","ENSG00000288684","PB.12666.20","ENST00000681750.1","c",TRUE
"isoComp_00190379","geneComp_00026206","TCONS_00302887","XLOC_054002","T_minus","T_plus","XLOC_054002","unknown","unknown",124.075202660344,19.0278873289092,229.122517991779,1.29649204189038,37.68225617144,3.58923692334613,,8.99525940599608,0.073998879063689,17.9165199329285,0.073998879063689,5.19023415398844,7.73750965457688,,0.0399,0.00433333333333333,0.0754666666666667,0.0711333333333333,0.00530793772534898,1.03910573457335e-32,FALSE,0,"XLOC_054002","ENSG00000288684","PB.12666.25","ENST00000681750.1","c",TRUE
"isoComp_00190380","geneComp_00026206","TCONS_00302888","XLOC_054002","T_minus","T_plus","XLOC_054002","unknown","unknown",124.075202660344,19.0278873289092,229.122517991779,1.29649204189038,37.68225617144,3.58923692334613,,10.0827080073529,0.863397216925274,19.3020187977805,0.207449165619299,4.56895331044408,4.46671724127326,,0.0634166666666667,0.0445,0.0823333333333333,0.0378333333333333,0.0588888748040848,1.03910573457335e-32,FALSE,0,"XLOC_054002","ENSG00000288684","PB.12666.24","ENST00000681750.1","c",TRUE
"isoComp_00190384","geneComp_00026206","TCONS_00302892","XLOC_054002","T_minus","T_plus","XLOC_054002","unknown","unknown",124.075202660344,19.0278873289092,229.122517991779,1.29649204189038,37.68225617144,3.58923692334613,,36.5178700377651,2.40444213056362,70.6312979449666,0.43584694475461,12.3212450731281,4.87075006046541,,0.21585,0.124433333333333,0.307266666666667,0.182833333333333,6.93434741530914e-17,1.03910573457335e-32,TRUE,0,"XLOC_054002","DDX58","PB.12666.37","ENST00000379883.3","c",TRUE
"isoComp_00190385","geneComp_00026206","TCONS_00303521","XLOC_054002","T_minus","T_plus","XLOC_054002","unknown","unknown",124.075202660344,19.0278873289092,229.122517991779,1.29649204189038,37.68225617144,3.58923692334613,,20.9554942618334,2.43321304552914,39.4777754781376,0.353720872321945,5.52122241354924,4.01455452101825,,0.150483333333333,0.127333333333333,0.173633333333333,0.0463,0.118696598300027,1.03910573457335e-32,FALSE,0,"XLOC_054002","ENSG00000288684","PB.17741.5","ENST00000681750.1","c",TRUE
"isoComp_00190387","geneComp_00026206","TCONS_00304106","XLOC_054002","T_minus","T_plus","XLOC_054002","unknown","unknown",124.075202660344,19.0278873289092,229.122517991779,1.29649204189038,37.68225617144,3.58923692334613,,0.992577655292167,0.299458306057453,1.68569700452688,0.0627124066017739,0.239383952076469,2.45406145466178,,0.0120166666666667,0.0163,0.00773333333333333,-0.00856666666666667,0.578910801639658,1.03910573457335e-32,TRUE,0,"XLOC_054002","ENSG00000288684","PB.19046.8","ENST00000681750.1","j",TRUE
"isoComp_00192183","geneComp_00026542","TCONS_00300426","XLOC_054645","T_minus","T_plus","XLOC_054645","unknown","unknown",27.2669673432005,37.0350343086839,17.4989003777171,1.09401381387127,0.645005201269134,-1.0811916896868,,1.67666473578238,3.29857737361754,0.054752097947212,0.563142565487939,0.054752097947212,-5.67514027183994,,0.0458,0.0886333333333333,0.00296666666666667,-0.0856666666666667,0.00128606861529934,1.09270434707927e-05,FALSE,0,"XLOC_054645","AKNA","ENST00000374088.8","ENST00000374088.8","=",FALSE
"isoComp_00192184","geneComp_00026542","TCONS_00300427","XLOC_054645","T_minus","T_plus","XLOC_054645","unknown","unknown",27.2669673432005,37.0350343086839,17.4989003777171,1.09401381387127,0.645005201269134,-1.0811916896868,,4.44369930801715,4.62230869085022,4.26508992518407,0.316566115238701,0.139733549227023,-0.115776628838663,,0.184666666666667,0.124533333333333,0.2448,0.120266666666667,1.09270434707927e-05,1.09270434707927e-05,FALSE,0,"XLOC_054645","AKNA","ENST00000307564.8","ENST00000307564.8","=",FALSE
"isoComp_00192185","geneComp_00026542","TCONS_00300428","XLOC_054645","T_minus","T_plus","XLOC_054645","unknown","unknown",27.2669673432005,37.0350343086839,17.4989003777171,1.09401381387127,0.645005201269134,-1.0811916896868,,10.479090836485,15.4339224996641,5.52425917330588,1.34196437110629,0.312873291261993,-1.48057710663087,,0.367616666666667,0.419433333333333,0.3158,-0.103633333333333,0.439351644241841,1.09270434707927e-05,FALSE,0,"XLOC_054645","AKNA","ENST00000374079.8","ENST00000374079.8","=",FALSE
"isoComp_00192186","geneComp_00026542","TCONS_00300429","XLOC_054645","T_minus","T_plus","XLOC_054645","unknown","unknown",27.2669673432005,37.0350343086839,17.4989003777171,1.09401381387127,0.645005201269134,-1.0811916896868,,0.361160612449096,0.39789186310567,0.324429361792521,0.121825637489103,0.0163058157284478,-0.28648521075561,,0.0145666666666667,0.0105666666666667,0.0185666666666667,0.008,0.703131707040492,1.09270434707927e-05,FALSE,1,"XLOC_054645","AKNA","ENST00000492875.1","ENST00000492875.1","=",FALSE
"isoComp_00192187","geneComp_00026542","TCONS_00300431","XLOC_054645","T_minus","T_plus","XLOC_054645","unknown","unknown",27.2669673432005,37.0350343086839,17.4989003777171,1.09401381387127,0.645005201269134,-1.0811916896868,,9.04807130900391,11.8578853837414,6.23825723426642,0.951122651861251,0.260371173219815,-0.925537144835823,,0.33795,0.319266666666667,0.356633333333333,0.0373666666666667,0.742370174874513,1.09270434707927e-05,FALSE,0,"XLOC_054645","AKNA","ENST00000374075.9","ENST00000374075.9","=",FALSE
"isoComp_00192188","geneComp_00026542","TCONS_00300433","XLOC_054645","T_minus","T_plus","XLOC_054645","unknown","unknown",27.2669673432005,37.0350343086839,17.4989003777171,1.09401381387127,0.645005201269134,-1.0811916896868,,0.258421691083819,0.254006174735925,0.262837207431714,0.134226201056547,0.181106800697087,0.0474687287871946,,0.0105166666666667,0.00666666666666667,0.0143666666666667,0.0077,0.971130971367954,1.09270434707927e-05,TRUE,0,"XLOC_054645","AKNA","ENST00000490767.1","ENST00000490767.1","=",FALSE
"isoComp_00192189","geneComp_00026542","TCONS_00300434","XLOC_054645","T_minus","T_plus","XLOC_054645","unknown","unknown",27.2669673432005,37.0350343086839,17.4989003777171,1.09401381387127,0.645005201269134,-1.0811916896868,,0.999858850379171,1.17044232296901,0.82927537778933,0.465492218118048,0.185025084099391,-0.492111390922008,,0.0389,0.0309333333333333,0.0468666666666667,0.0159333333333333,0.812985767665337,1.09270434707927e-05,FALSE,0,"XLOC_054645","AKNA","ENST00000312033.3","ENST00000312033.3","=",FALSE
"isoComp_00192353","geneComp_00026562","TCONS_00300597","XLOC_054683","T_minus","T_plus","XLOC_054683","unknown","unknown",46.454935497969,42.4163049707831,50.4935660251549,1.64100776955008,1.5500118515077,0.251426223624545,,38.1698071487401,31.0350453207441,45.3045689767361,2.66242587798819,0.452521393515458,0.545611924421415,,0.816233333333333,0.734066666666667,0.8984,0.164333333333333,0.123569368662065,8.19231379536425e-16,FALSE,0,"XLOC_054683","STOM","ENST00000286713.7","ENST00000286713.7","=",FALSE
"isoComp_00192354","geneComp_00026562","TCONS_00300598","XLOC_054683","T_minus","T_plus","XLOC_054683","unknown","unknown",46.454935497969,42.4163049707831,50.4935660251549,1.64100776955008,1.5500118515077,0.251426223624545,,1.45081296622152,1.56403922737994,1.33758670506311,0.431932828910996,0.196161841683147,-0.224093394990713,,0.0313,0.0362,0.0264,-0.0098,0.878235189302041,8.19231379536425e-16,FALSE,0,"XLOC_054683","STOM","ENST00000538954.5","ENST00000538954.5","=",FALSE
"isoComp_00192356","geneComp_00026562","TCONS_00302534","XLOC_054683","T_minus","T_plus","XLOC_054683","unknown","unknown",46.454935497969,42.4163049707831,50.4935660251549,1.64100776955008,1.5500118515077,0.251426223624545,,4.1536951385079,4.4824457038422,3.82494457317361,1.17223228376791,1.03124096278867,-0.22829534081357,,0.0898166666666667,0.104933333333333,0.0747,-0.0302333333333333,0.840602709021057,8.19231379536425e-16,FALSE,0,"XLOC_054683","STOM","PB.16669.2","ENST00000286713.7","c",TRUE
"isoComp_00192358","geneComp_00026562","TCONS_00304242","XLOC_054683","T_minus","T_plus","XLOC_054683","unknown","unknown",46.454935497969,42.4163049707831,50.4935660251549,1.64100776955008,1.5500118515077,0.251426223624545,,2.65040003380561,5.30080006761122,0,1.74712899862844,0,-9.05278540798439,,0.0619833333333333,0.123966666666667,0,-0.123966666666667,8.19231379536425e-16,8.19231379536425e-16,,0,"XLOC_054683","STOM","PB.19530.1","ENST00000286713.7","o",TRUE
"isoComp_00193229","geneComp_00026694","TCONS_00301571","XLOC_054896","T_minus","T_plus","XLOC_054896","unknown","unknown",109.975273153952,128.150946124328,91.7996001835763,10.2355637504933,7.56888615262695,-0.481239779508169,,15.7519470451362,26.8023991045289,4.70149498574352,2.70493878182721,0.37233924806817,-2.50864350031711,,0.1299,0.208533333333333,0.0512666666666667,-0.157266666666667,7.26677217165528e-77,7.26677217165528e-77,FALSE,0,"XLOC_054896","FUT7","ENST00000314412.7","ENST00000314412.7","=",FALSE
"isoComp_00193232","geneComp_00026694","TCONS_00301574","XLOC_054896","T_minus","T_plus","XLOC_054896","unknown","unknown",109.975273153952,128.150946124328,91.7996001835763,10.2355637504933,7.56888615262695,-0.481239779508169,,68.7668741073326,73.1498632145015,64.3838850001636,6.75794080595157,4.00228314066538,-0.184128684694995,,0.637316666666667,0.569733333333333,0.7049,0.135166666666667,0.00324742229213381,7.26677217165528e-77,FALSE,0,"XLOC_054896","NPDC1","ENST00000371601.5","ENST00000371601.5","=",FALSE
"isoComp_00193233","geneComp_00026694","TCONS_00301575","XLOC_054896","T_minus","T_plus","XLOC_054896","unknown","unknown",109.975273153952,128.150946124328,91.7996001835763,10.2355637504933,7.56888615262695,-0.481239779508169,,13.6808931825331,15.0367583936666,12.3250279713996,0.509766209008612,1.51008019499133,-0.286691725538023,,0.126,0.118233333333333,0.133766666666667,0.0155333333333333,0.784956772936506,7.26677217165528e-77,FALSE,0,"XLOC_054896","NPDC1","ENST00000371600.7","ENST00000371600.7","=",FALSE
"isoComp_00193234","geneComp_00026694","TCONS_00301576","XLOC_054896","T_minus","T_plus","XLOC_054896","unknown","unknown",109.975273153952,128.150946124328,91.7996001835763,10.2355637504933,7.56888615262695,-0.481239779508169,,9.91509685899186,10.6889167860184,9.14127693196528,0.930935578152285,2.74521735832309,-0.225419767716525,,0.09015,0.0835666666666667,0.0967333333333333,0.0131666666666667,0.946312450845199,7.26677217165528e-77,FALSE,0,"XLOC_054896","NPDC1","ENST00000496498.1","ENST00000496498.1","=",FALSE
"isoComp_00194160","geneComp_00026848","TCONS_00305431","XLOC_055234","T_minus","T_plus","XLOC_055234","unknown","unknown",3.52700528292362,2.17971183254593,4.87429873330131,0.146442386679879,0.33766873128479,1.15741041834179,,2.73022473304194,1.9478135347641,3.51263593131977,0.100669244833499,0.268570307937784,0.847412011318599,,0.808933333333333,0.8954,0.722466666666667,-0.172933333333333,0.0360750676704684,0.0360750676704684,FALSE,0,"XLOC_055234","JADE3","ENST00000611250.4","ENST00000611250.4","=",FALSE
"isoComp_00194161","geneComp_00026848","TCONS_00305432","XLOC_055234","T_minus","T_plus","XLOC_055234","unknown","unknown",3.52700528292362,2.17971183254593,4.87429873330131,0.146442386679879,0.33766873128479,1.15741041834179,,0.796780549881688,0.231898297781833,1.36166280198154,0.0465035089532133,0.235313162081915,2.50345334277032,,0.191066666666667,0.1046,0.277533333333333,0.172933333333333,0.117515235955815,0.0360750676704684,FALSE,0,"XLOC_055234","JADE3","ENST00000614628.5","ENST00000614628.5","=",FALSE
"isoComp_00196581","geneComp_00027239","TCONS_00308571","XLOC_056195","T_minus","T_plus","XLOC_056195","unknown","unknown",12.1830970180516,11.5854469377444,12.7807470983588,0.4061525638541,0.592374845428437,0.141542104816291,,8.84429939514103,9.18900448492621,8.49959430535583,0.415059575474319,0.468340489589617,-0.112387388237203,,0.7289,0.7926,0.6652,-0.1274,0.000635904744520582,0.000635904744520582,FALSE,0,"XLOC_056195","ANOS1","ENST00000262648.8","ENST00000262648.8","=",FALSE
"isoComp_00196582","geneComp_00027239","TCONS_00308572","XLOC_056195","T_minus","T_plus","XLOC_056195","unknown","unknown",12.1830970180516,11.5854469377444,12.7807470983588,0.4061525638541,0.592374845428437,0.141542104816291,,0.222467569546703,0.264950138013796,0.17998500107961,0.0682559960737725,0.0779444077065539,-0.533284485492014,,0.0183166666666667,0.0227666666666667,0.0138666666666667,-0.0089,0.873271715305195,0.000635904744520582,FALSE,0,"XLOC_056195","ANOS1","ENST00000481896.1","ENST00000481896.1","=",FALSE
"isoComp_00196583","geneComp_00027239","TCONS_00308573","XLOC_056195","T_minus","T_plus","XLOC_056195","unknown","unknown",12.1830970180516,11.5854469377444,12.7807470983588,0.4061525638541,0.592374845428437,0.141542104816291,,0.639926129467816,0.460121674463623,0.81973058447201,0.230184988696908,0.420997606905546,0.819608769928973,,0.0528833333333333,0.0410666666666667,0.0647,0.0236333333333333,0.971130971367954,0.000635904744520582,FALSE,0,"XLOC_056195","ANOS1","ENST00000488294.1","ENST00000488294.1","=",FALSE
"isoComp_00196585","geneComp_00027239","TCONS_00313052","XLOC_056195","T_minus","T_plus","XLOC_056195","unknown","unknown",12.1830970180516,11.5854469377444,12.7807470983588,0.4061525638541,0.592374845428437,0.141542104816291,,1.19450742024612,0.360272189614841,2.02874265087739,0.192714364443351,0.362268973381411,2.46102157559229,,0.0959833333333333,0.0300333333333333,0.161933333333333,0.1319,0.373151938121744,0.000635904744520582,FALSE,0,"XLOC_056195","ANOS1","PB.13152.2","ENST00000262648.8","j",TRUE
"isoComp_00196587","geneComp_00027239","TCONS_00313979","XLOC_056195","T_minus","T_plus","XLOC_056195","unknown","unknown",12.1830970180516,11.5854469377444,12.7807470983588,0.4061525638541,0.592374845428437,0.141542104816291,,1.14472911287203,1.31109845072588,0.978359775018177,0.179709663206265,0.555665730523729,-0.418629781795352,,0.09355,0.113566666666667,0.0735333333333333,-0.0400333333333333,0.861049996332503,0.000635904744520582,FALSE,0,"XLOC_056195","ANOS1","PB.19802.2","ENST00000262648.8","j",TRUE
"isoComp_00197087","geneComp_00027337","TCONS_00309302","XLOC_056436","T_minus","T_plus","XLOC_056436","unknown","unknown",13.1696319499571,11.1680061170809,15.1712577828332,2.74901869568706,0.935787116264303,0.441628454856562,,7.76912082102027,7.36771153298818,8.17053010905236,1.60155740156028,0.756355909866612,0.149020953667643,,0.603733333333333,0.6709,0.536566666666667,-0.134333333333333,0.0735159462638333,0.00142949821495016,FALSE,2,"XLOC_056436","SLC9A7","ENST00000616978.5","ENST00000616978.5","=",FALSE
"isoComp_00197088","geneComp_00027337","TCONS_00309304","XLOC_056436","T_minus","T_plus","XLOC_056436","unknown","unknown",13.1696319499571,11.1680061170809,15.1712577828332,2.74901869568706,0.935787116264303,0.441628454856562,,0.234897348139595,0.217402145485024,0.252392550794166,0.0749605300231241,0.0445647504422373,0.206480897299596,,0.0178333333333333,0.0187333333333333,0.0169333333333333,-0.0018,0.981028753491654,0.00142949821495016,FALSE,0,"XLOC_056436","SLC9A7","PB.17015.8","ENST00000464933.5","=",TRUE
"isoComp_00197089","geneComp_00027337","TCONS_00309305","XLOC_056436","T_minus","T_plus","XLOC_056436","unknown","unknown",13.1696319499571,11.1680061170809,15.1712577828332,2.74901869568706,0.935787116264303,0.441628454856562,,2.63303503677344,1.78849102291698,3.47757905062989,0.0144778638068797,0.763554747167859,0.955438959572285,,0.2051,0.178933333333333,0.231266666666667,0.0523333333333333,0.877889821425336,0.00142949821495016,TRUE,0,"XLOC_056436","SLC9A7","ENST00000491894.4","ENST00000491894.4","=",FALSE
"isoComp_00197091","geneComp_00027337","TCONS_00314027","XLOC_056436","T_minus","T_plus","XLOC_056436","unknown","unknown",13.1696319499571,11.1680061170809,15.1712577828332,2.74901869568706,0.935787116264303,0.441628454856562,,0.213763469390248,0.427526938780496,0,0.285192951982716,0,-5.45129994211473,,0.0151666666666667,0.0303333333333333,0,-0.0303333333333333,0.300011901467181,0.00142949821495016,FALSE,0,"XLOC_056436","SLC9A7","PB.19938.4","ENST00000616978.5","j",TRUE
"isoComp_00197092","geneComp_00027337","TCONS_00314028","XLOC_056436","T_minus","T_plus","XLOC_056436","unknown","unknown",13.1696319499571,11.1680061170809,15.1712577828332,2.74901869568706,0.935787116264303,0.441628454856562,,1.04595567280573,1.26516484577497,0.826746499836484,0.754259520654647,0.326375212550948,-0.607821246076177,,0.0740166666666667,0.0932666666666667,0.0547666666666667,-0.0385,0.990366837300031,0.00142949821495016,,0,"XLOC_056436","SLC9A7","PB.19938.6","ENST00000464933.5","c",TRUE
"isoComp_00197093","geneComp_00027337","TCONS_00314029","XLOC_056436","T_minus","T_plus","XLOC_056436","unknown","unknown",13.1696319499571,11.1680061170809,15.1712577828332,2.74901869568706,0.935787116264303,0.441628454856562,,1.24228241574267,0.0405552589650151,2.44400957252033,0.0405552589650151,0.609522426541887,5.60113589142496,,0.0823,0.00413333333333333,0.160466666666667,0.156333333333333,0.00142949821495016,0.00142949821495016,FALSE,0,"XLOC_056436","SLC9A7","PB.19938.7","ENST00000616978.5","c",TRUE
"isoComp_00197355","geneComp_00027386","TCONS_00309650","XLOC_056546","T_minus","T_plus","XLOC_056546","unknown","unknown",8.92656311896,11.1333714518183,6.71975478610169,0.777143241630569,1.11241752019704,-0.727559946279519,,1.75317469389245,2.86499915522892,0.641350232555975,0.410218345896849,0.641350232555975,-2.14205613448238,,0.177233333333333,0.258666666666667,0.0958,-0.162866666666667,0.32716995060138,2.39605411770111e-06,FALSE,0,"XLOC_056546","FAM156A","ENST00000612846.5","ENST00000612846.5","=",FALSE
"isoComp_00197357","geneComp_00027386","TCONS_00309653","XLOC_056546","T_minus","T_plus","XLOC_056546","unknown","unknown",8.92656311896,11.1333714518183,6.71975478610169,0.777143241630569,1.11241752019704,-0.727559946279519,,1.82960772485114,2.58825319019798,1.0709622595043,1.34962073291108,0.306696475016617,-1.26522586895929,,0.185733333333333,0.216933333333333,0.154533333333333,-0.0624,1,2.39605411770111e-06,FALSE,0,"XLOC_056546","FAM156A","ENST00000619518.5","ENST00000619518.5","=",FALSE
"isoComp_00197358","geneComp_00027386","TCONS_00309654","XLOC_056546","T_minus","T_plus","XLOC_056546","unknown","unknown",8.92656311896,11.1333714518183,6.71975478610169,0.777143241630569,1.11241752019704,-0.727559946279519,,2.3683018261302,2.67650973172456,2.06009392053584,0.749767597884512,0.188303774313618,-0.376036839588379,,0.28785,0.247466666666667,0.328233333333333,0.0807666666666667,0.879379007734375,2.39605411770111e-06,FALSE,3,"XLOC_056546","FAM156A","ENST00000622447.5","ENST00000622447.5","=",FALSE
"isoComp_00197359","geneComp_00027386","TCONS_00309655","XLOC_056546","T_minus","T_plus","XLOC_056546","unknown","unknown",8.92656311896,11.1333714518183,6.71975478610169,0.777143241630569,1.11241752019704,-0.727559946279519,,0.438435650142247,0.47220048183044,0.404670818454054,0.22710426431035,0.0326929564704019,-0.217666568200405,,0.0514333333333333,0.0408333333333333,0.0620333333333333,0.0212,0.83907692733953,2.39605411770111e-06,FALSE,0,"XLOC_056546","FAM156A","ENST00000619373.5","ENST00000619373.5","=",FALSE
"isoComp_00197360","geneComp_00027386","TCONS_00309656","XLOC_056546","T_minus","T_plus","XLOC_056546","unknown","unknown",8.92656311896,11.1333714518183,6.71975478610169,0.777143241630569,1.11241752019704,-0.727559946279519,,0.257016121794034,0.26466293547494,0.249369308113128,0.177291289587919,0.164173064976111,-0.082654466756712,,0.0355833333333333,0.023,0.0481666666666667,0.0251666666666667,0.979192244376396,2.39605411770111e-06,FALSE,0,"XLOC_056546","FAM156A","ENST00000618601.5","ENST00000618601.5","=",FALSE
"isoComp_00197361","geneComp_00027386","TCONS_00309657","XLOC_056546","T_minus","T_plus","XLOC_056546","unknown","unknown",8.92656311896,11.1333714518183,6.71975478610169,0.777143241630569,1.11241752019704,-0.727559946279519,,0.433066954164952,0.336694899739785,0.529439008590118,0.336694899739785,0.353960628756469,0.637793238240062,,0.0520333333333333,0.0293666666666667,0.0747,0.0453333333333333,0.772667223086805,2.39605411770111e-06,FALSE,0,"XLOC_056546","FAM156A","ENST00000612083.5","ENST00000612083.5","=",FALSE
"isoComp_00197362","geneComp_00027386","TCONS_00309658","XLOC_056546","T_minus","T_plus","XLOC_056546","unknown","unknown",8.92656311896,11.1333714518183,6.71975478610169,0.777143241630569,1.11241752019704,-0.727559946279519,,0.451429148542092,0.315904952176033,0.586953344908151,0.288600413097112,0.551654807592561,0.873166907357297,,0.0512,0.0324,0.07,0.0376,0.94251176657638,2.39605411770111e-06,FALSE,0,"XLOC_056546","FAM156A","ENST00000622323.5","ENST00000622323.5","=",FALSE
"isoComp_00197363","geneComp_00027386","TCONS_00309659","XLOC_056546","T_minus","T_plus","XLOC_056546","unknown","unknown",8.92656311896,11.1333714518183,6.71975478610169,0.777143241630569,1.11241752019704,-0.727559946279519,,0.38208547627123,0,0.764170952542461,0,0.363419129852261,6.27458027256523,,0.0522666666666667,0,0.104533333333333,0.104533333333333,2.39605411770111e-06,2.39605411770111e-06,FALSE,0,"XLOC_056546","FAM156A","ENST00000622732.5","ENST00000622732.5","=",FALSE
"isoComp_00197364","geneComp_00027386","TCONS_00309661","XLOC_056546","T_minus","T_plus","XLOC_056546","unknown","unknown",8.92656311896,11.1333714518183,6.71975478610169,0.777143241630569,1.11241752019704,-0.727559946279519,,0.300498017393907,0.464115789919784,0.13688024486803,0.180583141896712,0.13688024486803,-1.69059907225891,,0.03015,0.0445,0.0158,-0.0287,0.646697122922386,2.39605411770111e-06,FALSE,2,"XLOC_056546","FAM156A","ENST00000596733.7","ENST00000596733.7","=",FALSE
"isoComp_00197365","geneComp_00027386","TCONS_00309665","XLOC_056546","T_minus","T_plus","XLOC_056546","unknown","unknown",8.92656311896,11.1333714518183,6.71975478610169,0.777143241630569,1.11241752019704,-0.727559946279519,,0.28223255890202,0.443228329492357,0.121236788311684,0.311622064331886,0.121236788311684,-1.78806584799029,,0.0289,0.0438,0.014,-0.0298,0.857408625212502,2.39605411770111e-06,FALSE,0,"XLOC_056546","FAM156A","ENST00000616592.1","ENST00000616592.1","=",FALSE
"isoComp_00197367","geneComp_00027386","TCONS_00312642","XLOC_056546","T_minus","T_plus","XLOC_056546","unknown","unknown",8.92656311896,11.1333714518183,6.71975478610169,0.777143241630569,1.11241752019704,-0.727559946279519,,0.21413311259633,0.293462408207778,0.134803816984881,0.0685595962697245,0.134803816984881,-1.06741817993627,,0.0277666666666667,0.0274666666666667,0.0280666666666667,6e-04,0.753617156900697,2.39605411770111e-06,FALSE,0,"XLOC_056546","FAM156A","PB.17065.5","ENST00000612915.4","j",TRUE
"isoComp_00198111","geneComp_00027505","TCONS_00310626","XLOC_056821","T_minus","T_plus","XLOC_056821","unknown","unknown",1.44983742872494,1.0935903868654,1.80608447058448,0.11433849477149,0.203524161280256,0.718626512649768,,0.096388060437144,0.0237822558439942,0.168993865030294,0.0237822558439942,0.0448405647379966,2.40557256645127,,0.0607666666666667,0.0233333333333333,0.0982,0.0748666666666667,0.66473069280261,1.46774526288541e-09,FALSE,0,"XLOC_056821","SYTL4","ENST00000372989.6","ENST00000372989.6","=",FALSE
"isoComp_00198112","geneComp_00027505","TCONS_00310627","XLOC_056821","T_minus","T_plus","XLOC_056821","unknown","unknown",1.44983742872494,1.0935903868654,1.80608447058448,0.11433849477149,0.203524161280256,0.718626512649768,,0.20504204900712,0.298992599632547,0.111091498381693,0.090559582308947,0.0213640228223131,-1.35147470648205,,0.16435,0.262833333333333,0.0658666666666667,-0.196966666666667,0.198748837060749,1.46774526288541e-09,FALSE,0,"XLOC_056821","SYTL4","ENST00000491602.1","ENST00000491602.1","=",FALSE
"isoComp_00198113","geneComp_00027505","TCONS_00310628","XLOC_056821","T_minus","T_plus","XLOC_056821","unknown","unknown",1.44983742872494,1.0935903868654,1.80608447058448,0.11433849477149,0.203524161280256,0.718626512649768,,0.376629854052964,0.483013307515424,0.270246400590504,0.153982227277805,0.076639829728006,-0.814930745084498,,0.313683333333333,0.4728,0.154566666666667,-0.318233333333333,0.541883190873543,1.46774526288541e-09,FALSE,0,"XLOC_056821","SYTL4","ENST00000276141.10","ENST00000276141.10","=",FALSE
"isoComp_00198114","geneComp_00027505","TCONS_00310629","XLOC_056821","T_minus","T_plus","XLOC_056821","unknown","unknown",1.44983742872494,1.0935903868654,1.80608447058448,0.11433849477149,0.203524161280256,0.718626512649768,,0.0351977772517791,0,0.0703955545035583,0,0.0703955545035583,3.00711572935214,,0.01785,0,0.0357,0.0357,0.97076658856522,1.46774526288541e-09,FALSE,0,"XLOC_056821","SYTL4","ENST00000263033.9","ENST00000263033.9","=",FALSE
"isoComp_00198115","geneComp_00027505","TCONS_00310630","XLOC_056821","T_minus","T_plus","XLOC_056821","unknown","unknown",1.44983742872494,1.0935903868654,1.80608447058448,0.11433849477149,0.203524161280256,0.718626512649768,,0.0238418586658684,0.0202954896893269,0.0273882276424099,0.0154814584097523,0.0107052197184487,0.30348105792384,,0.0152666666666667,0.0161666666666667,0.0143666666666667,-0.0018,0.998161431539877,1.46774526288541e-09,FALSE,3,"XLOC_056821","SYTL4","ENST00000372981.1","ENST00000372981.1","=",FALSE
"isoComp_00198116","geneComp_00027505","TCONS_00312716","XLOC_056821","T_minus","T_plus","XLOC_056821","unknown","unknown",1.44983742872494,1.0935903868654,1.80608447058448,0.11433849477149,0.203524161280256,0.718626512649768,,0.141655328456847,0.169248148789853,0.114062508123841,0.102764996029487,0.0593352029882305,-0.530891022644826,,0.0983666666666667,0.139733333333333,0.057,-0.0827333333333333,0.913037048953722,1.46774526288541e-09,FALSE,0,"XLOC_056821","SYTL4","PB.17198.2","ENST00000685623.1","j",TRUE
"isoComp_00198117","geneComp_00027505","TCONS_00313138","XLOC_056821","T_minus","T_plus","XLOC_056821","unknown","unknown",1.44983742872494,1.0935903868654,1.80608447058448,0.11433849477149,0.203524161280256,0.718626512649768,,0.0605607346876789,0.0914636551531162,0.0296578142222416,0.046532480198755,0.0296578142222416,-1.35528596916391,,0.0498166666666667,0.0784666666666667,0.0211666666666667,-0.0573,0.784159109858664,1.46774526288541e-09,FALSE,0,"XLOC_056821","SYTL4","PB.13384.2","ENST00000685623.1","j",TRUE
"isoComp_00198118","geneComp_00027505","TCONS_00314106","XLOC_056821","T_minus","T_plus","XLOC_056821","unknown","unknown",1.44983742872494,1.0935903868654,1.80608447058448,0.11433849477149,0.203524161280256,0.718626512649768,,0.505168868975427,0,1.01033773795085,0,0.182642442516784,6.6729029617912,,0.275566666666667,0,0.551133333333333,0.551133333333333,1.46774526288541e-09,1.46774526288541e-09,,0,"XLOC_056821","SYTL4","PB.20143.1","ENST00000685623.1","c",TRUE
"isoComp_00198905","geneComp_00027642","TCONS_00311586","XLOC_057156","T_minus","T_plus","XLOC_057156","unknown","unknown",20.1153317524964,7.89824973763762,32.3324137673552,0.810358274763503,1.39025293276268,2.03199701720875,,6.10004034157358,3.4580110671663,8.74206961598086,0.619950177672325,0.184809147740205,1.33551571118925,,0.351183333333333,0.431133333333333,0.271233333333333,-0.1599,0.0345361519574809,0.000333571752608824,FALSE,0,"XLOC_057156","SLITRK4","ENST00000596188.2","ENST00000596188.2","=",FALSE
"isoComp_00198906","geneComp_00027642","TCONS_00311587","XLOC_057156","T_minus","T_plus","XLOC_057156","unknown","unknown",20.1153317524964,7.89824973763762,32.3324137673552,0.810358274763503,1.39025293276268,2.03199701720875,,2.26587916700933,0.720558314475836,3.81120001954283,0.277569708107872,0.482033219641337,2.38695443585613,,0.1073,0.0967,0.1179,0.0212,0.886202366291393,0.000333571752608824,FALSE,0,"XLOC_057156","SLITRK4","ENST00000356928.2","ENST00000356928.2","=",FALSE
"isoComp_00198907","geneComp_00027642","TCONS_00311588","XLOC_057156","T_minus","T_plus","XLOC_057156","unknown","unknown",20.1153317524964,7.89824973763762,32.3324137673552,0.810358274763503,1.39025293276268,2.03199701720875,,11.7494122439135,3.71968035599548,19.7791441318315,0.336448803528613,1.19980337370743,2.40758532016796,,0.541483333333333,0.4721,0.610866666666667,0.138766666666667,0.000333571752608824,0.000333571752608824,FALSE,0,"XLOC_057156","SLITRK4","ENST00000338017.8","ENST00000338017.8","=",FALSE
"isoComp_00199465","geneComp_00027731","TCONS_00314314","XLOC_057326","T_minus","T_plus","XLOC_057326","unknown","unknown",7.20289701339562,8.90596263430808,5.49983139248316,1.03997320396098,0.770968499888347,-0.694382399199062,,0.147095102242098,0.194615482489653,0.0995747219945438,0.0416528606388519,0.033028326467842,-0.901000294000585,,0.0194333333333333,0.0217333333333333,0.0171333333333333,-0.0046,0.971788181878528,0.000512640779958261,FALSE,0,"XLOC_057326","LINC00278","ENST00000654222.1","ENST00000654222.1","=",FALSE
"isoComp_00199466","geneComp_00027731","TCONS_00314315","XLOC_057326","T_minus","T_plus","XLOC_057326","unknown","unknown",7.20289701339562,8.90596263430808,5.49983139248316,1.03997320396098,0.770968499888347,-0.694382399199062,,3.43250864423396,5.10443948922089,1.76057779924703,0.595384985952084,0.0718816185428781,-1.53035590103516,,0.45255,0.573333333333333,0.331766666666667,-0.241566666666667,0.000512640779958261,0.000512640779958261,FALSE,0,"XLOC_057326","LINC00278","ENST00000665487.1","ENST00000665487.1","=",FALSE
"isoComp_00199467","geneComp_00027731","TCONS_00314316","XLOC_057326","T_minus","T_plus","XLOC_057326","unknown","unknown",7.20289701339562,8.90596263430808,5.49983139248316,1.03997320396098,0.770968499888347,-0.694382399199062,,0.0832439570985876,0.104147322003016,0.0623405921941591,0.00767621936306136,0.0149562474354038,-0.65801969972297,,0.0118833333333333,0.0118333333333333,0.0119333333333333,0.000100000000000001,1,0.000512640779958261,FALSE,0,"XLOC_057326","LINC00278","ENST00000685199.1","ENST00000685199.1","=",FALSE
"isoComp_00199468","geneComp_00027731","TCONS_00314317","XLOC_057326","T_minus","T_plus","XLOC_057326","unknown","unknown",7.20289701339562,8.90596263430808,5.49983139248316,1.03997320396098,0.770968499888347,-0.694382399199062,,0.0942744309053184,0.109252498878354,0.079296362932283,0.0548452686483271,0.079296362932283,-0.417346177270438,,0.0122166666666667,0.0124666666666667,0.0119666666666667,-0.000499999999999999,0.936420199554351,0.000512640779958261,FALSE,0,"XLOC_057326","LINC00278","ENST00000444263.6","ENST00000444263.6","=",FALSE
"isoComp_00199469","geneComp_00027731","TCONS_00314318","XLOC_057326","T_minus","T_plus","XLOC_057326","unknown","unknown",7.20289701339562,8.90596263430808,5.49983139248316,1.03997320396098,0.770968499888347,-0.694382399199062,,0.696407362147884,0.454988989004226,0.937825735291541,0.210853501655198,0.219959843916223,1.02742528001598,,0.108366666666667,0.0476,0.169133333333333,0.121533333333333,0.389138719127724,0.000512640779958261,TRUE,0,"XLOC_057326","LINC00278","ENST00000652068.1","ENST00000652068.1","=",FALSE
"isoComp_00199470","geneComp_00027731","TCONS_00314319","XLOC_057326","T_minus","T_plus","XLOC_057326","unknown","unknown",7.20289701339562,8.90596263430808,5.49983139248316,1.03997320396098,0.770968499888347,-0.694382399199062,,0.524688876941206,0.552447495505846,0.496930258376566,0.237565610792984,0.347455879651887,-0.149931146843143,,0.0679666666666667,0.0579666666666667,0.0779666666666667,0.02,1,0.000512640779958261,FALSE,0,"XLOC_057326","LINC00278","ENST00000651090.1","ENST00000651090.1","=",FALSE
"isoComp_00199472","geneComp_00027731","TCONS_00314321","XLOC_057326","T_minus","T_plus","XLOC_057326","unknown","unknown",7.20289701339562,8.90596263430808,5.49983139248316,1.03997320396098,0.770968499888347,-0.694382399199062,,0.312243865563994,0.0887986548764268,0.535689076251561,0.0887986548764268,0.105971336679906,2.46551585869122,,0.0539166666666667,0.0123,0.0955333333333333,0.0832333333333333,0.22730892317836,0.000512640779958261,FALSE,0,"XLOC_057326","LINC00278","ENST00000655607.1","ENST00000655607.1","=",FALSE
"isoComp_00199473","geneComp_00027731","TCONS_00314322","XLOC_057326","T_minus","T_plus","XLOC_057326","unknown","unknown",7.20289701339562,8.90596263430808,5.49983139248316,1.03997320396098,0.770968499888347,-0.694382399199062,,0.0508412338081254,0,0.101682467616251,0,0.101682467616251,3.48133081814497,,0.0126333333333333,0,0.0252666666666667,0.0252666666666667,0.91930545211099,0.000512640779958261,FALSE,0,"XLOC_057326","LINC00278","ENST00000425031.1","ENST00000425031.1","=",FALSE
"isoComp_00199474","geneComp_00027731","TCONS_00314323","XLOC_057326","T_minus","T_plus","XLOC_057326","unknown","unknown",7.20289701339562,8.90596263430808,5.49983139248316,1.03997320396098,0.770968499888347,-0.694382399199062,,0.213523125904737,0.240473525288334,0.186572726521141,0.0416187940191565,0.0494923557137255,-0.349594951701459,,0.0309166666666667,0.0282,0.0336333333333333,0.00543333333333333,0.951083566560416,0.000512640779958261,FALSE,0,"XLOC_057326","LINC00278","ENST00000653660.1","ENST00000653660.1","=",FALSE
"isoComp_00199475","geneComp_00027731","TCONS_00315220","XLOC_057326","T_minus","T_plus","XLOC_057326","unknown","unknown",7.20289701339562,8.90596263430808,5.49983139248316,1.03997320396098,0.770968499888347,-0.694382399199062,,0.085497199044979,0.081253399584585,0.0897409985053729,0.0468293973353611,0.0447276906513216,0.12830833934643,,0.0115833333333333,0.00813333333333333,0.0150333333333333,0.0069,0.882343056863351,0.000512640779958261,FALSE,0,"XLOC_057326","LINC00278","PB.17446.1","ENST00000652068.1","j",TRUE
"isoComp_00199476","geneComp_00027731","TCONS_00315256","XLOC_057326","T_minus","T_plus","XLOC_057326","unknown","unknown",7.20289701339562,8.90596263430808,5.49983139248316,1.03997320396098,0.770968499888347,-0.694382399199062,,1.14518534920728,1.42126440406509,0.869106294349469,0.138178697758176,0.160822328390382,-0.703180692460871,,0.1646,0.166433333333333,0.162766666666667,-0.00366666666666665,0.9997267786426,0.000512640779958261,FALSE,0,"XLOC_057326","LINC00278","PB.13593.4","ENST00000652068.1","j",TRUE
"isoComp_00199477","geneComp_00027731","TCONS_00315294","XLOC_057326","T_minus","T_plus","XLOC_057326","unknown","unknown",7.20289701339562,8.90596263430808,5.49983139248316,1.03997320396098,0.770968499888347,-0.694382399199062,,0.377739684831309,0.554281373391663,0.201197996270955,0.152490049744028,0.0455566988416754,-1.41781858054888,,0.0479,0.0599666666666667,0.0358333333333333,-0.0241333333333333,0.765271214348564,0.000512640779958261,TRUE,0,"XLOC_057326","LINC00278","PB.19028.2","ENST00000652068.1","j",TRUE
