"iso_ref","gene_ref","isoform_id","gene_id","condition_1","condition_2","gene_name","gene_biotype","iso_biotype","gene_overall_mean","gene_value_1","gene_value_2","gene_stderr_1","gene_stderr_2","gene_log2_fold_change","gene_q_value","iso_overall_mean","iso_value_1","iso_value_2","iso_stderr_1","iso_stderr_2","iso_log2_fold_change","iso_q_value","IF_overall","IF1","IF2","dIF","isoform_switch_q_value","gene_switch_q_value","PTC","IR","gene_id_from_gtf","gene_name_from_gtf","oId","cmp_ref","class_code","gene_name_original","is_novel_pacbio"
"isoComp_00001516","geneComp_00000252","TCONS_00001887","XLOC_000432","T_minus","T_plus","PIGV","unknown","unknown",9.28574615548602,9.30363000026222,9.26786231070981,0.918877769664843,0.270936000072418,-0.00555113394265036,,1.8699908288977,1.90178981460882,1.83819184318658,0.44302704274317,0.203965956573874,-0.0488094027615498,,0.199166666666667,0.199366666666667,0.198966666666667,-0.000400000000000011,0.99997933918653,0.00277804257535363,FALSE,0,"XLOC_000432","PIGV","ENST00000686655.1","ENST00000686655.1","=","XLOC_000432",FALSE
"isoComp_00001517","geneComp_00000252","TCONS_00001888","XLOC_000432","T_minus","T_plus","PIGV","unknown","unknown",9.28574615548602,9.30363000026222,9.26786231070981,0.918877769664843,0.270936000072418,-0.00555113394265036,,0.0838293414394844,0.167658682878969,0,0.167658682878969,0,-4.15103629546366,,0.0112166666666667,0.0224333333333333,0,-0.0224333333333333,0.916735266846798,0.00277804257535363,FALSE,0,"XLOC_000432","PIGV","ENST00000693629.1","ENST00000693629.1","=","XLOC_000432",FALSE
"isoComp_00001518","geneComp_00000252","TCONS_00001889","XLOC_000432","T_minus","T_plus","PIGV","unknown","unknown",9.28574615548602,9.30363000026222,9.26786231070981,0.918877769664843,0.270936000072418,-0.00555113394265036,,1.51753117990075,2.22984041973257,0.805221940068931,0.187498312207412,0.449486302268915,-1.45813116491694,,0.164233333333333,0.242533333333333,0.0859333333333333,-0.1566,0.399428585699064,0.00277804257535363,FALSE,0,"XLOC_000432","PIGV","ENST00000688730.1","ENST00000688730.1","=","XLOC_000432",FALSE
"isoComp_00001519","geneComp_00000252","TCONS_00001890","XLOC_000432","T_minus","T_plus","PIGV","unknown","unknown",9.28574615548602,9.30363000026222,9.26786231070981,0.918877769664843,0.270936000072418,-0.00555113394265036,,0.115167079075514,0.166609487854883,0.0637246702961448,0.0282592213839811,0.0327760760220402,-1.26034347931553,,0.0121666666666667,0.0176333333333333,0.0067,-0.0109333333333333,0.686672574903115,0.00277804257535363,FALSE,1,"XLOC_000432","PIGV","ENST00000674202.1","ENST00000674202.1","=","XLOC_000432",FALSE
"isoComp_00001520","geneComp_00000252","TCONS_00001891","XLOC_000432","T_minus","T_plus","PIGV","unknown","unknown",9.28574615548602,9.30363000026222,9.26786231070981,0.918877769664843,0.270936000072418,-0.00555113394265036,,1.02912943621857,0.992717977895748,1.06554089454139,0.109071716715951,0.140224863100243,0.10114648640909,,0.110816666666667,0.1069,0.114733333333333,0.00783333333333333,0.968462977932917,0.00277804257535363,FALSE,0,"XLOC_000432","PIGV","ENST00000691454.1","ENST00000691454.1","=","XLOC_000432",FALSE
"isoComp_00001522","geneComp_00000252","TCONS_00001894","XLOC_000432","T_minus","T_plus","PIGV","unknown","unknown",9.28574615548602,9.30363000026222,9.26786231070981,0.918877769664843,0.270936000072418,-0.00555113394265036,,0.418914572072437,0.335529261601357,0.502299882543516,0.0356475845565467,0.0847112179883239,0.56818066870165,,0.0458,0.0377333333333333,0.0538666666666667,0.0161333333333333,0.793373709336575,0.00277804257535363,FALSE,1,"XLOC_000432","PIGV","ENST00000686422.1","ENST00000686422.1","=","XLOC_000432",FALSE
"isoComp_00001523","geneComp_00000252","TCONS_00001895","XLOC_000432","T_minus","T_plus","PIGV","unknown","unknown",9.28574615548602,9.30363000026222,9.26786231070981,0.918877769664843,0.270936000072418,-0.00555113394265036,,0.160782865469146,0.26711662390584,0.0544491070324511,0.0818144387304289,0.0544491070324511,-2.10426098428785,,0.0169166666666667,0.0280333333333333,0.0058,-0.0222333333333333,0.410314523931341,0.00277804257535363,FALSE,1,"XLOC_000432","PIGV","ENST00000686325.1","ENST00000686325.1","=","XLOC_000432",FALSE
"isoComp_00001526","geneComp_00000252","TCONS_00001898","XLOC_000432","T_minus","T_plus","PIGV","unknown","unknown",9.28574615548602,9.30363000026222,9.26786231070981,0.918877769664843,0.270936000072418,-0.00555113394265036,,0.154166586822709,0.113392458303416,0.194940715342003,0.0298752492502386,0.0319120134563533,0.73195241117825,,0.01675,0.0125666666666667,0.0209333333333333,0.00836666666666667,0.801612480500312,0.00277804257535363,FALSE,2,"XLOC_000432","PIGV","ENST00000691135.1","ENST00000691135.1","=","XLOC_000432",FALSE
"isoComp_00001527","geneComp_00000252","TCONS_00001899","XLOC_000432","T_minus","T_plus","PIGV","unknown","unknown",9.28574615548602,9.30363000026222,9.26786231070981,0.918877769664843,0.270936000072418,-0.00555113394265036,,0.0961628711765942,0.153433523044295,0.0388922193088937,0.0795022949535275,0.0388922193088937,-1.74102713700037,,0.0112,0.0182666666666667,0.00413333333333333,-0.0141333333333333,0.801111330444905,0.00277804257535363,FALSE,0,"XLOC_000432","PIGV","PB.159.6","ENST00000374145.6","=","XLOC_000432",TRUE
"isoComp_00001528","geneComp_00000252","TCONS_00021580","XLOC_000432","T_minus","T_plus","PIGV","unknown","unknown",9.28574615548602,9.30363000026222,9.26786231070981,0.918877769664843,0.270936000072418,-0.00555113394265036,,0.105396092135941,0.10972672280221,0.101065461469672,0.0376689929920971,0.0243489028317096,-0.108334950267797,,0.0111333333333333,0.0113333333333333,0.0109333333333333,-0.000400000000000001,0.998661221362307,0.00277804257535363,FALSE,0,"XLOC_000432","PIGV","PB.159.1","ENST00000686194.1","n","XLOC_000432",TRUE
"isoComp_00001529","geneComp_00000252","TCONS_00021581","XLOC_000432","T_minus","T_plus","PIGV","unknown","unknown",9.28574615548602,9.30363000026222,9.26786231070981,0.918877769664843,0.270936000072418,-0.00555113394265036,,2.42365235016173,1.74041020454288,3.10689449578057,0.249927491853931,0.124265800356375,0.832416267901111,,0.260983333333333,0.185366666666667,0.3366,0.151233333333333,0.00277804257535363,0.00277804257535363,FALSE,0,"XLOC_000432","PIGV","PB.195.1","ENST00000686194.1","m","XLOC_000432",TRUE
"isoComp_00001530","geneComp_00000252","TCONS_00023117","XLOC_000432","T_minus","T_plus","PIGV","unknown","unknown",9.28574615548602,9.30363000026222,9.26786231070981,0.918877769664843,0.270936000072418,-0.00555113394265036,,0.241824601488753,0.238019407768216,0.245629795209289,0.238019407768216,0.0457258849012975,0.043602983609764,,0.0248,0.0230333333333333,0.0265666666666667,0.00353333333333334,0.673319998289467,0.00277804257535363,FALSE,0,"XLOC_000432","PIGV","PB.149.2","ENST00000686194.1","n","XLOC_000432",TRUE
"isoComp_00001531","geneComp_00000252","TCONS_00023118","XLOC_000432","T_minus","T_plus","PIGV","unknown","unknown",9.28574615548602,9.30363000026222,9.26786231070981,0.918877769664843,0.270936000072418,-0.00555113394265036,,0.796001168388032,0.593331414786867,0.998670921989198,0.126267127354165,0.062645227596397,0.741432964266897,,0.0867666666666667,0.0659,0.107633333333333,0.0417333333333333,0.547872852177026,0.00277804257535363,FALSE,0,"XLOC_000432","PIGV","PB.149.6","ENST00000686194.1","n","XLOC_000432",TRUE
"isoComp_00002023","geneComp_00000334","TCONS_00002531","XLOC_000570","T_minus","T_plus","AGO3","unknown","unknown",3.86958644248814,2.88804126581549,4.85113161916079,0.272680976731064,0.25025692357629,0.746214058939852,,0.192139714869158,0.131837045426366,0.252442384311951,0.0197420806423255,0.0683017159256332,0.887766344063368,,0.0490666666666667,0.0451666666666667,0.0529666666666667,0.0078,0.991832658746134,0.0438625729336258,TRUE,0,"XLOC_000570","AGO3","ENST00000324350.9","ENST00000324350.9","=","XLOC_000570",FALSE
"isoComp_00002024","geneComp_00000334","TCONS_00002532","XLOC_000570","T_minus","T_plus","AGO3","unknown","unknown",3.86958644248814,2.88804126581549,4.85113161916079,0.272680976731064,0.25025692357629,0.746214058939852,,0.477569490636266,0.218964989412541,0.736173991859991,0.112847118317246,0.210572060600548,1.70438505990357,,0.109933333333333,0.0700333333333333,0.149833333333333,0.0798,0.759834373379824,0.0438625729336258,FALSE,0,"XLOC_000570","AGO3","ENST00000397828.3","ENST00000397828.3","=","XLOC_000570",FALSE
"isoComp_00002025","geneComp_00000334","TCONS_00002533","XLOC_000570","T_minus","T_plus","AGO3","unknown","unknown",3.86958644248814,2.88804126581549,4.85113161916079,0.272680976731064,0.25025692357629,0.746214058939852,,0.116502201960939,0.0977169648900499,0.135287439031829,0.0178278796467749,0.0428376364442841,0.431664493624664,,0.0319166666666667,0.0356333333333333,0.0282,-0.00743333333333334,0.955257583478351,0.0438625729336258,FALSE,0,"XLOC_000570","AGO3","ENST00000634486.1","ENST00000634486.1","=","XLOC_000570",FALSE
"isoComp_00002026","geneComp_00000334","TCONS_00002534","XLOC_000570","T_minus","T_plus","AGO3","unknown","unknown",3.86958644248814,2.88804126581549,4.85113161916079,0.272680976731064,0.25025692357629,0.746214058939852,,0.968265371148435,1.01731757891225,0.919213163384626,0.0632320234334266,0.0592490821997264,-0.144800740005681,,0.27315,0.3563,0.19,-0.1663,0.0438625729336258,0.0438625729336258,FALSE,0,"XLOC_000570","AGO3","ENST00000373191.9","ENST00000373191.9","=","XLOC_000570",FALSE
"isoComp_00002027","geneComp_00000334","TCONS_00002536","XLOC_000570","T_minus","T_plus","AGO3","unknown","unknown",3.86958644248814,2.88804126581549,4.85113161916079,0.272680976731064,0.25025692357629,0.746214058939852,,0.56114152970782,0.198322771046138,0.923960288369501,0.113191573947709,0.202004225363369,2.16454066436903,,0.128583333333333,0.066,0.191166666666667,0.125166666666667,0.534620255456049,0.0438625729336258,FALSE,0,"XLOC_000570","AGO3","ENST00000491443.2","ENST00000491443.2","=","XLOC_000570",FALSE
"isoComp_00002028","geneComp_00000334","TCONS_00002537","XLOC_000570","T_minus","T_plus","AGO3","unknown","unknown",3.86958644248814,2.88804126581549,4.85113161916079,0.272680976731064,0.25025692357629,0.746214058939852,,0.0624857147123825,0.0417906636037458,0.0831807658210192,0.0216892701491319,0.0550786754935223,0.847340143398347,,0.0156333333333333,0.0151333333333333,0.0161333333333333,0.000999999999999999,0.99676959593367,0.0438625729336258,FALSE,0,"XLOC_000570","AGO3","ENST00000471099.1","ENST00000471099.1","=","XLOC_000570",FALSE
"isoComp_00002029","geneComp_00000334","TCONS_00023151","XLOC_000570","T_minus","T_plus","AGO3","unknown","unknown",3.86958644248814,2.88804126581549,4.85113161916079,0.272680976731064,0.25025692357629,0.746214058939852,,0.0707655633963286,0.0814737433431243,0.0600573834495328,0.0518790779538525,0.0304406578326221,-0.384820584706919,,0.0221666666666667,0.0320666666666667,0.0122666666666667,-0.0198,0.952988467423942,0.0438625729336258,TRUE,0,"XLOC_000570","AGO3","PB.226.1","ENST00000634486.1","j","XLOC_000570",TRUE
"isoComp_00002030","geneComp_00000334","TCONS_00027397","XLOC_000570","T_minus","T_plus","AGO3","unknown","unknown",3.86958644248814,2.88804126581549,4.85113161916079,0.272680976731064,0.25025692357629,0.746214058939852,,1.42071685605681,1.10061750918128,1.74081620293234,0.217128521101646,0.095368726522394,0.656665594882037,,0.36955,0.379666666666667,0.359433333333333,-0.0202333333333333,0.977427350795743,0.0438625729336258,FALSE,0,"XLOC_000570","AGO3","PB.293.2","ENST00000634486.1","c","XLOC_000570",TRUE
"isoComp_00003022","geneComp_00000417","TCONS_00003281","XLOC_000697","T_minus","T_plus","DMAP1","unknown","unknown",18.6687890601994,22.371540311456,14.9660378089428,1.29012345990474,0.914677771109196,-0.579653344587927,,1.33950837152677,1.60988933897573,1.06912740407781,0.242393615232531,0.257081438648614,-0.586030057764575,,0.0710666666666667,0.0719333333333333,0.0702,-0.00173333333333334,0.996325727349036,0.00210406304347888,FALSE,0,"XLOC_000697","DMAP1","ENST00000361745.10","ENST00000361745.10","=","XLOC_000697",FALSE
"isoComp_00003024","geneComp_00000417","TCONS_00003283","XLOC_000697","T_minus","T_plus","DMAP1","unknown","unknown",18.6687890601994,22.371540311456,14.9660378089428,1.29012345990474,0.914677771109196,-0.579653344587927,,0.291867009247009,0.326623975131227,0.25711004336279,0.102004295671501,0.128712812941339,-0.333703709913083,,0.0151833333333333,0.0141333333333333,0.0162333333333333,0.0021,0.978726432579217,0.00210406304347888,FALSE,0,"XLOC_000697","DMAP1","ENST00000440641.5","ENST00000440641.5","=","XLOC_000697",FALSE
"isoComp_00003025","geneComp_00000417","TCONS_00003284","XLOC_000697","T_minus","T_plus","DMAP1","unknown","unknown",18.6687890601994,22.371540311456,14.9660378089428,1.29012345990474,0.914677771109196,-0.579653344587927,,2.16181339328701,2.61841303433842,1.7052137522356,0.408649599650569,0.176318423851389,-0.615803623409588,,0.116033333333333,0.118566666666667,0.1135,-0.00506666666666666,1,0.00210406304347888,FALSE,1,"XLOC_000697","DMAP1","ENST00000372289.7","ENST00000372289.7","=","XLOC_000697",FALSE
"isoComp_00003027","geneComp_00000417","TCONS_00003286","XLOC_000697","T_minus","T_plus","DMAP1","unknown","unknown",18.6687890601994,22.371540311456,14.9660378089428,1.29012345990474,0.914677771109196,-0.579653344587927,,0.324099793936237,0.376348899865276,0.271850688007198,0.0252670937358108,0.159484026178893,-0.45497320071026,,0.0173333333333333,0.0168,0.0178666666666667,0.00106666666666667,0.945001443221406,0.00210406304347888,TRUE,0,"XLOC_000697","DMAP1","ENST00000437511.5","ENST00000437511.5","=","XLOC_000697",FALSE
"isoComp_00003031","geneComp_00000417","TCONS_00003290","XLOC_000697","T_minus","T_plus","DMAP1","unknown","unknown",18.6687890601994,22.371540311456,14.9660378089428,1.29012345990474,0.914677771109196,-0.579653344587927,,7.74016077779827,10.8733344148669,4.60698714072964,1.38985232750865,0.683516076306895,-1.23709701511919,,0.397266666666667,0.482433333333333,0.3121,-0.170333333333333,0.143250649745148,0.00210406304347888,FALSE,0,"XLOC_000697","DMAP1","PB.546.1","ENST00000315913.9","=","XLOC_000697",TRUE
"isoComp_00003032","geneComp_00000417","TCONS_00003291","XLOC_000697","T_minus","T_plus","DMAP1","unknown","unknown",18.6687890601994,22.371540311456,14.9660378089428,1.29012345990474,0.914677771109196,-0.579653344587927,,0.311745144417158,0.244059562498783,0.379430726335533,0.133183623059365,0.0581727737886246,0.616199951641025,,0.0181666666666667,0.0112333333333333,0.0251,0.0138666666666667,0.727898564850323,0.00210406304347888,FALSE,1,"XLOC_000697","DMAP1","ENST00000463950.1","ENST00000463950.1","=","XLOC_000697",FALSE
"isoComp_00003034","geneComp_00000417","TCONS_00003293","XLOC_000697","T_minus","T_plus","DMAP1","unknown","unknown",18.6687890601994,22.371540311456,14.9660378089428,1.29012345990474,0.914677771109196,-0.579653344587927,,1.75716214887453,1.89490542914002,1.61941886860904,0.171378506550413,0.255496018653842,-0.225361855761147,,0.0965166666666667,0.0853666666666667,0.107666666666667,0.0223,0.782598148835789,0.00210406304347888,FALSE,1,"XLOC_000697","DMAP1","ENST00000488433.5","ENST00000488433.5","=","XLOC_000697",FALSE
"isoComp_00003035","geneComp_00000417","TCONS_00021641","XLOC_000697","T_minus","T_plus","DMAP1","unknown","unknown",18.6687890601994,22.371540311456,14.9660378089428,1.29012345990474,0.914677771109196,-0.579653344587927,,3.4308305078158,3.07571940173907,3.78594161389253,0.216486874778179,0.115742631717725,0.298850924996944,,0.19665,0.138733333333333,0.254566666666667,0.115833333333333,0.00210406304347888,0.00210406304347888,FALSE,0,"XLOC_000697","DMAP1","PB.300.1","ENST00000315913.9","c","XLOC_000697",TRUE
"isoComp_00003036","geneComp_00000417","TCONS_00024754","XLOC_000697","T_minus","T_plus","DMAP1","unknown","unknown",18.6687890601994,22.371540311456,14.9660378089428,1.29012345990474,0.914677771109196,-0.579653344587927,,0.64242374046334,0.669050659897419,0.615796821029261,0.11126594791674,0.115454418560043,-0.117824879425692,,0.0355333333333333,0.0301333333333333,0.0409333333333333,0.0108,0.807312289389779,0.00210406304347888,FALSE,2,"XLOC_000697","DMAP1","PB.546.3","ENST00000315913.9","n","XLOC_000697",TRUE
"isoComp_00003799","geneComp_00000523","TCONS_00004251","XLOC_000926","T_minus","T_plus","MIER1","unknown","unknown",14.247570763565,13.5426733766226,14.9524681505074,0.335704969543605,0.855148284071681,0.142770713065477,,1.17409302634638,1.3381422688331,1.01004378385967,0.319498714156958,0.145801858252257,-0.402341672436219,,0.0824666666666667,0.0977666666666667,0.0671666666666667,-0.0306,0.720652932986542,9.01715274247998e-06,FALSE,1,"XLOC_000926","MIER1","ENST00000357692.6","ENST00000357692.6","=","XLOC_000926",FALSE
"isoComp_00003802","geneComp_00000523","TCONS_00004255","XLOC_000926","T_minus","T_plus","MIER1","unknown","unknown",14.247570763565,13.5426733766226,14.9524681505074,0.335704969543605,0.855148284071681,0.142770713065477,,2.27242687677378,2.94713659944191,1.59771715410565,0.146722998027563,0.0720600815987667,-0.879187272310691,,0.162466666666667,0.2177,0.107233333333333,-0.110466666666667,9.01715274247998e-06,9.01715274247998e-06,FALSE,1,"XLOC_000926","MIER1","ENST00000401041.6","ENST00000401041.6","=","XLOC_000926",FALSE
"isoComp_00003804","geneComp_00000523","TCONS_00004257","XLOC_000926","T_minus","T_plus","MIER1","unknown","unknown",14.247570763565,13.5426733766226,14.9524681505074,0.335704969543605,0.855148284071681,0.142770713065477,,1.98501932035529,1.90187056456475,2.06816807614584,0.553431215245127,0.15678472149896,0.12032748509551,,0.13845,0.138633333333333,0.138266666666667,-0.000366666666666654,0.988840976917968,9.01715274247998e-06,FALSE,0,"XLOC_000926","MIER1","PB.374.2","ENST00000401042.7","=","XLOC_000926",TRUE
"isoComp_00003805","geneComp_00000523","TCONS_00004258","XLOC_000926","T_minus","T_plus","MIER1","unknown","unknown",14.247570763565,13.5426733766226,14.9524681505074,0.335704969543605,0.855148284071681,0.142770713065477,,7.71460637313739,6.16227751790188,9.26693522837289,0.501646597390992,0.424636369908261,0.587845338783646,,0.539266666666667,0.4573,0.621233333333333,0.163933333333333,0.0707226438126588,9.01715274247998e-06,FALSE,1,"XLOC_000926","MIER1","ENST00000355356.3","ENST00000355356.3","=","XLOC_000926",FALSE
"isoComp_00003808","geneComp_00000523","TCONS_00021688","XLOC_000926","T_minus","T_plus","MIER1","unknown","unknown",14.247570763565,13.5426733766226,14.9524681505074,0.335704969543605,0.855148284071681,0.142770713065477,,0.291383570488816,0.323117360543831,0.259649780433801,0.161574290946674,0.149631926516239,-0.304943683483961,,0.0204833333333333,0.0244666666666667,0.0165,-0.00796666666666667,0.972756457406716,9.01715274247998e-06,FALSE,0,"XLOC_000926","MIER1","PB.391.2","ENST00000371018.7","j","XLOC_000926",TRUE
"isoComp_00003810","geneComp_00000523","TCONS_00024888","XLOC_000926","T_minus","T_plus","MIER1","unknown","unknown",14.247570763565,13.5426733766226,14.9524681505074,0.335704969543605,0.855148284071681,0.142770713065477,,0.245908633456173,0.255843336417553,0.235973930494793,0.0303447902290124,0.0822376651451683,-0.112070884655052,,0.0174666666666667,0.0188333333333333,0.0161,-0.00273333333333333,0.930330296472908,9.01715274247998e-06,FALSE,0,"XLOC_000926","MIER1","PB.695.7","ENST00000371018.7","j","XLOC_000926",TRUE
"isoComp_00004156","geneComp_00000571","TCONS_00004780","XLOC_001033","T_minus","T_plus","PRKACB","unknown","unknown",5.61712614824503,7.42819475329003,3.80605754320002,0.254904419504128,0.0848870559477568,-0.96286959610761,,1.43403000275513,1.5320898502529,1.33597015525737,0.208425709773005,0.174775265706254,-0.196240405851145,,0.2786,0.207533333333333,0.349666666666667,0.142133333333333,0.30692589399405,0.0399997471634164,FALSE,0,"XLOC_001033","PRKACB","ENST00000370689.6","ENST00000370689.6","=","XLOC_001033",FALSE
"isoComp_00004157","geneComp_00000571","TCONS_00004781","XLOC_001033","T_minus","T_plus","PRKACB","unknown","unknown",5.61712614824503,7.42819475329003,3.80605754320002,0.254904419504128,0.0848870559477568,-0.96286959610761,,0.126089096133236,0.160303502350083,0.0918746899163898,0.0213385411972355,0.0265032917614811,-0.74131243672947,,0.0226833333333333,0.0214666666666667,0.0239,0.00243333333333333,0.987751356121868,0.0399997471634164,FALSE,0,"XLOC_001033","PRKACB","ENST00000370688.7","ENST00000370688.7","=","XLOC_001033",FALSE
"isoComp_00004158","geneComp_00000571","TCONS_00004783","XLOC_001033","T_minus","T_plus","PRKACB","unknown","unknown",5.61712614824503,7.42819475329003,3.80605754320002,0.254904419504128,0.0848870559477568,-0.96286959610761,,1.4497649334475,2.39631048971768,0.503219377177324,0.475820703385559,0.0423452638569182,-2.22917526039997,,0.226183333333333,0.319566666666667,0.1328,-0.186766666666667,0.0399997471634164,0.0399997471634164,FALSE,0,"XLOC_001033","PRKACB","PB.417.1","ENST00000370685.7","=","XLOC_001033",TRUE
"isoComp_00004159","geneComp_00000571","TCONS_00004789","XLOC_001033","T_minus","T_plus","PRKACB","unknown","unknown",5.61712614824503,7.42819475329003,3.80605754320002,0.254904419504128,0.0848870559477568,-0.96286959610761,,1.85447402568861,2.19961306922191,1.50933498215532,0.790449050872103,0.134211139854316,-0.540353768324305,,0.345983333333333,0.2965,0.395466666666667,0.0989666666666667,0.776809459570832,0.0399997471634164,FALSE,0,"XLOC_001033","PRKACB","ENST00000610703.4","ENST00000610703.4","=","XLOC_001033",FALSE
"isoComp_00004162","geneComp_00000571","TCONS_00021712","XLOC_001033","T_minus","T_plus","PRKACB","unknown","unknown",5.61712614824503,7.42819475329003,3.80605754320002,0.254904419504128,0.0848870559477568,-0.96286959610761,,0.116892630531216,0.182836520343958,0.0509487407184736,0.0900766047528915,0.00975504934828804,-1.66170998396045,,0.0189833333333333,0.0244333333333333,0.0135333333333333,-0.0109,0.909049687617228,0.0399997471634164,FALSE,0,"XLOC_001033","PRKACB","PB.417.5","ENST00000614872.4","j","XLOC_001033",TRUE
"isoComp_00004164","geneComp_00000571","TCONS_00021715","XLOC_001033","T_minus","T_plus","PRKACB","unknown","unknown",5.61712614824503,7.42819475329003,3.80605754320002,0.254904419504128,0.0848870559477568,-0.96286959610761,,0.603217035666433,0.896910102598901,0.309523968733966,0.430874752960247,0.175808342920521,-1.50503539340494,,0.10305,0.122833333333333,0.0832666666666667,-0.0395666666666667,0.950488237811792,0.0399997471634164,FALSE,0,"XLOC_001033","PRKACB","PB.417.9","ENST00000614872.4","j","XLOC_001033",TRUE
"isoComp_00005091","geneComp_00000709","TCONS_00005874","XLOC_001285","T_minus","T_plus","CTTNBP2NL","unknown","unknown",7.23323083146648,7.56839489533746,6.8980667675955,0.848345349890408,0.06368885964418,-0.133610291004704,,5.93214162859127,6.98634260921963,4.87794064796291,0.616701794337423,0.0634035877512986,-0.517374172145401,,0.817816666666667,0.928333333333333,0.7073,-0.221033333333333,0.000771625932603552,0.000771625932603552,FALSE,2,"XLOC_001285","CTTNBP2NL","ENST00000271277.11","ENST00000271277.11","=","XLOC_001285",FALSE
"isoComp_00005092","geneComp_00000709","TCONS_00005875","XLOC_001285","T_minus","T_plus","CTTNBP2NL","unknown","unknown",7.23323083146648,7.56839489533746,6.8980667675955,0.848345349890408,0.06368885964418,-0.133610291004704,,0.293758462206644,0.213710351643187,0.373806572770102,0.0935921655273218,0.0844740300044244,0.778747403121514,,0.0401166666666667,0.0262,0.0540333333333333,0.0278333333333333,0.697595060823305,0.000771625932603552,,0,"XLOC_001285","CTTNBP2NL","ENST00000441739.1","ENST00000441739.1","=","XLOC_001285",FALSE
"isoComp_00005094","geneComp_00000709","TCONS_00005877","XLOC_001285","T_minus","T_plus","CTTNBP2NL","unknown","unknown",7.23323083146648,7.56839489533746,6.8980667675955,0.848345349890408,0.06368885964418,-0.133610291004704,,0.193627433098065,0.132116335516638,0.255138530679491,0.0431666015333967,0.0941941280694272,0.899673947724008,,0.0270833333333333,0.0169333333333333,0.0372333333333333,0.0203,0.784336661894409,0.000771625932603552,FALSE,0,"XLOC_001285","CTTNBP2NL","ENST00000607039.1","ENST00000607039.1","=","XLOC_001285",FALSE
"isoComp_00005095","geneComp_00000709","TCONS_00021809","XLOC_001285","T_minus","T_plus","CTTNBP2NL","unknown","unknown",7.23323083146648,7.56839489533746,6.8980667675955,0.848345349890408,0.06368885964418,-0.133610291004704,,0.103399916620994,0,0.206799833241988,0,0.145974677874894,4.43829174188796,,0.0148166666666667,0,0.0296333333333333,0.0296333333333333,0.148124604739794,0.000771625932603552,FALSE,1,"XLOC_001285","CTTNBP2NL","PB.543.5","ENST00000271277.11","c","XLOC_001285",TRUE
"isoComp_00005098","geneComp_00000709","TCONS_00025027","XLOC_001285","T_minus","T_plus","CTTNBP2NL","unknown","unknown",7.23323083146648,7.56839489533746,6.8980667675955,0.848345349890408,0.06368885964418,-0.133610291004704,,0.643899627253684,0.162855384262464,1.1249438702449,0.162855384262464,0.105346468815151,2.71498350155328,,0.09055,0.018,0.1631,0.1451,0.115038340861193,0.000771625932603552,TRUE,1,"XLOC_001285","CTTNBP2NL","PB.935.7","ENST00000271277.11","j","XLOC_001285",TRUE
"isoComp_00005874","geneComp_00000847","TCONS_00006661","XLOC_001509","T_minus","T_plus","ADAMTSL4","unknown","unknown",18.3702404107265,22.5326909916033,14.2077898298496,2.76013077636713,0.580888969195228,-0.664962530865118,,0.191588660200602,0.200679944823408,0.182497375577797,0.101866383987357,0.105797839856169,-0.130214209876474,,0.0108166666666667,0.00933333333333333,0.0123,0.00296666666666667,0.988404390870783,0.00195455045014198,TRUE,0,"XLOC_001509","ADAMTSL4","ENST00000369039.9","ENST00000369039.9","=","XLOC_001509",FALSE
"isoComp_00005875","geneComp_00000847","TCONS_00006662","XLOC_001509","T_minus","T_plus","ADAMTSL4","unknown","unknown",18.3702404107265,22.5326909916033,14.2077898298496,2.76013077636713,0.580888969195228,-0.664962530865118,,1.11049331141859,1.23841696721427,0.982569655622905,0.204013008360467,0.290112237569755,-0.330859615126172,,0.0610333333333333,0.0543333333333333,0.0677333333333333,0.0134,0.913322340709172,0.00195455045014198,FALSE,0,"XLOC_001509","ADAMTSL4","ENST00000369041.9","ENST00000369041.9","=","XLOC_001509",FALSE
"isoComp_00005876","geneComp_00000847","TCONS_00006663","XLOC_001509","T_minus","T_plus","ADAMTSL4","unknown","unknown",18.3702404107265,22.5326909916033,14.2077898298496,2.76013077636713,0.580888969195228,-0.664962530865118,,7.72772394751421,8.23693724652881,7.2185106484996,0.409660352040415,0.108797422472681,-0.190160002634663,,0.441166666666667,0.372933333333333,0.5094,0.136466666666667,0.0412206418922256,0.00195455045014198,FALSE,0,"XLOC_001509","ADAMTSL4","ENST00000271643.9","ENST00000271643.9","=","XLOC_001509",FALSE
"isoComp_00005877","geneComp_00000847","TCONS_00006664","XLOC_001509","T_minus","T_plus","ADAMTSL4","unknown","unknown",18.3702404107265,22.5326909916033,14.2077898298496,2.76013077636713,0.580888969195228,-0.664962530865118,,0.378683490544398,0.577484974568345,0.179882006520451,0.133197776331715,0.0159363414368644,-1.62944875378519,,0.0192666666666667,0.0259333333333333,0.0126,-0.0133333333333333,0.536956214895135,0.00195455045014198,FALSE,0,"XLOC_001509","ADAMTSL4","ENST00000483335.1","ENST00000483335.1","=","XLOC_001509",FALSE
"isoComp_00005879","geneComp_00000847","TCONS_00006668","XLOC_001509","T_minus","T_plus","ADAMTSL4","unknown","unknown",18.3702404107265,22.5326909916033,14.2077898298496,2.76013077636713,0.580888969195228,-0.664962530865118,,0.757650801796377,0.957364198547491,0.557937405045263,0.246842639918362,0.0993056756348902,-0.768327213132631,,0.04035,0.0409,0.0398,-0.0011,0.990730745351384,0.00195455045014198,FALSE,0,"XLOC_001509","ADAMTSL4","ENST00000369038.6","ENST00000369038.6","=","XLOC_001509",FALSE
"isoComp_00005880","geneComp_00000847","TCONS_00006669","XLOC_001509","T_minus","T_plus","ADAMTSL4","unknown","unknown",18.3702404107265,22.5326909916033,14.2077898298496,2.76013077636713,0.580888969195228,-0.664962530865118,,8.14862489977027,11.2108570609569,5.08639273858361,1.88011426347814,0.178364344492141,-1.13863451067206,,0.42505,0.491933333333333,0.358166666666667,-0.133766666666667,0.00195455045014198,0.00195455045014198,FALSE,0,"XLOC_001509","ADAMTSL4","ENST00000489159.1","ENST00000489159.1","=","XLOC_001509",FALSE
"isoComp_00006633","geneComp_00000937","TCONS_00007369","XLOC_001671","T_minus","T_plus","TMEM79","unknown","unknown",2.52610079135828,3.33891397713901,1.71328760557755,0.460516394752528,0.117411903850854,-0.958529820164471,,0.338974730527182,0.229379277375207,0.448570183679156,0.140014530870357,0.0903729721727836,0.937844287436815,,0.163133333333333,0.0611333333333333,0.265133333333333,0.204,0.140092783365161,0.0191039121600616,FALSE,0,"XLOC_001671","TMEM79","ENST00000463670.5","ENST00000463670.5","=","XLOC_001671",FALSE
"isoComp_00006634","geneComp_00000937","TCONS_00007370","XLOC_001671","T_minus","T_plus","TMEM79","unknown","unknown",2.52610079135828,3.33891397713901,1.71328760557755,0.460516394752528,0.117411903850854,-0.958529820164471,,1.52278075652032,2.34749272913555,0.698068783905092,0.393142185261398,0.137921063958814,-1.73529190150679,,0.5511,0.697233333333333,0.404966666666667,-0.292266666666667,0.0191039121600616,0.0191039121600616,FALSE,1,"XLOC_001671","TMEM79","ENST00000295694.9","ENST00000295694.9","=","XLOC_001671",FALSE
"isoComp_00006635","geneComp_00000937","TCONS_00007371","XLOC_001671","T_minus","T_plus","TMEM79","unknown","unknown",2.52610079135828,3.33891397713901,1.71328760557755,0.460516394752528,0.117411903850854,-0.958529820164471,,0.133661230781166,0.152553647340974,0.114768814221359,0.0778220302651992,0.0642340865401067,-0.381658547458578,,0.0578166666666667,0.043,0.0726333333333333,0.0296333333333333,0.970245115301878,0.0191039121600616,FALSE,0,"XLOC_001671","TMEM79","ENST00000357501.6","ENST00000357501.6","=","XLOC_001671",FALSE
"isoComp_00006636","geneComp_00000937","TCONS_00007372","XLOC_001671","T_minus","T_plus","TMEM79","unknown","unknown",2.52610079135828,3.33891397713901,1.71328760557755,0.460516394752528,0.117411903850854,-0.958529820164471,,0.499196018232017,0.609488323287278,0.388903713176755,0.121269832306896,0.0912297195180845,-0.635036536568549,,0.21005,0.1986,0.2215,0.0229,0.944096450162117,0.0191039121600616,TRUE,2,"XLOC_001671","TMEM79","ENST00000495881.1","ENST00000495881.1","=","XLOC_001671",FALSE
"isoComp_00006637","geneComp_00000937","TCONS_00007375","XLOC_001671","T_minus","T_plus","TMEM79","unknown","unknown",2.52610079135828,3.33891397713901,1.71328760557755,0.460516394752528,0.117411903850854,-0.958529820164471,,0.0314880552975937,0,0.0629761105951873,0,0.0440385576615527,2.86742426171216,,0.0178833333333333,0,0.0357666666666667,0.0357666666666667,0.595327939945947,0.0191039121600616,FALSE,0,"XLOC_001671","TMEM79","ENST00000485135.1","ENST00000485135.1","=","XLOC_001671",FALSE
"isoComp_00006722","geneComp_00000956","TCONS_00007503","XLOC_001699","T_minus","T_plus","CD1D","unknown","unknown",14.7653533472393,20.1103058549505,9.4204008395281,0.557700541225183,1.05286037371964,-1.09326123703958,,0.361986865345322,0.651374921314042,0.0725988093766015,0.166085628498014,0.0725988093766015,-3.00127544986083,,0.02025,0.032,0.0085,-0.0235,0.432814023231363,0.000485880790375984,FALSE,0,"XLOC_001699","CD1D","ENST00000674047.1","ENST00000674047.1","=","XLOC_001699",FALSE
"isoComp_00006723","geneComp_00000956","TCONS_00025272","XLOC_001699","T_minus","T_plus","CD1D","unknown","unknown",14.7653533472393,20.1103058549505,9.4204008395281,0.557700541225183,1.05286037371964,-1.09326123703958,,3.00979708458074,4.38090716810035,1.63868700106114,0.475269494837266,0.334052683402316,-1.41320150067517,,0.201183333333333,0.217133333333333,0.185233333333333,-0.0319,0.894032674656744,0.000485880790375984,FALSE,0,"XLOC_001699","CD1D","PB.1306.1","ENST00000673723.4","j","XLOC_001699",TRUE
"isoComp_00006724","geneComp_00000956","TCONS_00025273","XLOC_001699","T_minus","T_plus","CD1D","unknown","unknown",14.7653533472393,20.1103058549505,9.4204008395281,0.557700541225183,1.05286037371964,-1.09326123703958,,5.67368924829992,8.75490017967829,2.59247831692156,0.876671699440879,0.373939365907799,-1.75185151727213,,0.355383333333333,0.4352,0.275566666666667,-0.159633333333333,0.102888042735413,0.000485880790375984,FALSE,0,"XLOC_001699","CD1D","PB.1306.3","ENST00000673723.4","j","XLOC_001699",TRUE
"isoComp_00006726","geneComp_00000956","TCONS_00027825","XLOC_001699","T_minus","T_plus","CD1D","unknown","unknown",14.7653533472393,20.1103058549505,9.4204008395281,0.557700541225183,1.05286037371964,-1.09326123703958,,1.94287867832716,2.39255997098769,1.49319738566664,0.108967596341628,0.743357093246573,-0.676537980208686,,0.132633333333333,0.119366666666667,0.1459,0.0265333333333333,0.963093840986375,0.000485880790375984,FALSE,0,"XLOC_001699","CD1D","PB.1051.1","ENST00000673723.4","j","XLOC_001699",TRUE
"isoComp_00006727","geneComp_00000956","TCONS_00027826","XLOC_001699","T_minus","T_plus","CD1D","unknown","unknown",14.7653533472393,20.1103058549505,9.4204008395281,0.557700541225183,1.05286037371964,-1.09326123703958,,1.51238195387478,1.24947946111656,1.77528444663301,0.226960258419834,0.291659532210785,0.503326359352713,,0.124616666666667,0.0628333333333333,0.1864,0.123566666666667,0.000485880790375984,0.000485880790375984,FALSE,1,"XLOC_001699","CD1D","PB.1051.4","ENST00000673723.4","m","XLOC_001699",TRUE
"isoComp_00006728","geneComp_00000956","TCONS_00027827","XLOC_001699","T_minus","T_plus","CD1D","unknown","unknown",14.7653533472393,20.1103058549505,9.4204008395281,0.557700541225183,1.05286037371964,-1.09326123703958,,1.99481647429611,2.43332011123021,1.556312837362,0.425455727408264,0.291197577972845,-0.641470501700236,,0.14445,0.121233333333333,0.167666666666667,0.0464333333333334,0.759724222307503,0.000485880790375984,FALSE,0,"XLOC_001699","CD1D","PB.1051.5","ENST00000673723.4","j","XLOC_001699",TRUE
"isoComp_00007677","geneComp_00001088","TCONS_00008498","XLOC_001946","T_minus","T_plus","RASAL2","unknown","unknown",12.7163673861133,17.1520300496117,8.2807047226149,2.66966230861369,0.25965122050042,-1.04965357204649,,4.14373257314744,5.319200895572,2.96826425072288,1.19753625567977,0.0918237821286505,-0.839447454819409,,0.330433333333333,0.301766666666667,0.3591,0.0573333333333333,0.625167468826379,0.00445285415696598,FALSE,0,"XLOC_001946","RASAL2","ENST00000367649.8","ENST00000367649.8","=","XLOC_001946",FALSE
"isoComp_00007678","geneComp_00001088","TCONS_00008499","XLOC_001946","T_minus","T_plus","RASAL2","unknown","unknown",12.7163673861133,17.1520300496117,8.2807047226149,2.66966230861369,0.25965122050042,-1.04965357204649,,0.155407495405018,0.134417473455214,0.176397517354823,0.0708617174952108,0.028343628409673,0.368137336430124,,0.01395,0.00676666666666667,0.0211333333333333,0.0143666666666667,0.595327939945947,0.00445285415696598,TRUE,0,"XLOC_001946","RASAL2","ENST00000465723.1","ENST00000465723.1","=","XLOC_001946",FALSE
"isoComp_00007680","geneComp_00001088","TCONS_00008501","XLOC_001946","T_minus","T_plus","RASAL2","unknown","unknown",12.7163673861133,17.1520300496117,8.2807047226149,2.66966230861369,0.25965122050042,-1.04965357204649,,0.490693339737298,0.731000499296131,0.250386180178465,0.0707812753261527,0.0610629964145724,-1.50882163417319,,0.03695,0.0436333333333333,0.0302666666666667,-0.0133666666666667,0.801067676025568,0.00445285415696598,FALSE,0,"XLOC_001946","RASAL2","ENST00000462775.5","ENST00000462775.5","=","XLOC_001946",FALSE
"isoComp_00007682","geneComp_00001088","TCONS_00008503","XLOC_001946","T_minus","T_plus","RASAL2","unknown","unknown",12.7163673861133,17.1520300496117,8.2807047226149,2.66966230861369,0.25965122050042,-1.04965357204649,,3.79979540034794,6.05398441439354,1.54560638630234,0.511027995739793,0.203841131016094,-1.96278898285087,,0.2742,0.3628,0.1856,-0.1772,0.00445285415696598,0.00445285415696598,FALSE,0,"XLOC_001946","RASAL2","ENST00000696607.1","ENST00000696607.1","=","XLOC_001946",FALSE
"isoComp_00007683","geneComp_00001088","TCONS_00008506","XLOC_001946","T_minus","T_plus","RASAL2","unknown","unknown",12.7163673861133,17.1520300496117,8.2807047226149,2.66966230861369,0.25965122050042,-1.04965357204649,,0.46612250965994,0.392139252441623,0.540105766878257,0.0839651949472156,0.0683574391413862,0.452013864004004,,0.0442166666666667,0.0225666666666667,0.0658666666666667,0.0433,0.0412661830395347,0.00445285415696598,TRUE,0,"XLOC_001946","RASAL2","ENST00000463079.1","ENST00000463079.1","=","XLOC_001946",FALSE
"isoComp_00007684","geneComp_00001088","TCONS_00022021","XLOC_001946","T_minus","T_plus","RASAL2","unknown","unknown",12.7163673861133,17.1520300496117,8.2807047226149,2.66966230861369,0.25965122050042,-1.04965357204649,,0.111601673380716,0,0.223203346761431,0,0.0960493817979286,4.54351658806331,,0.0137833333333333,0,0.0275666666666667,0.0275666666666667,0.034317414433562,0.00445285415696598,FALSE,0,"XLOC_001946","RASAL2","PB.854.1","ENST00000696605.1","j","XLOC_001946",TRUE
"isoComp_00007686","geneComp_00001088","TCONS_00022023","XLOC_001946","T_minus","T_plus","RASAL2","unknown","unknown",12.7163673861133,17.1520300496117,8.2807047226149,2.66966230861369,0.25965122050042,-1.04965357204649,,0.978105780135711,0.746197740864873,1.21001381940655,0.602157398547648,0.103410241966872,0.690062045250529,,0.0924666666666667,0.0383,0.146633333333333,0.108333333333333,0.337909835359159,0.00445285415696598,FALSE,0,"XLOC_001946","RASAL2","PB.1476.1","ENST00000696605.1","c","XLOC_001946",TRUE
"isoComp_00007687","geneComp_00001088","TCONS_00022024","XLOC_001946","T_minus","T_plus","RASAL2","unknown","unknown",12.7163673861133,17.1520300496117,8.2807047226149,2.66966230861369,0.25965122050042,-1.04965357204649,,0.708109445686736,1.01660749595318,0.399611395420293,0.235107507590914,0.145544646835112,-1.32555694289329,,0.0563833333333333,0.0655333333333333,0.0472333333333333,-0.0183,0.916809601311864,0.00445285415696598,FALSE,0,"XLOC_001946","RASAL2","PB.1476.2","ENST00000696605.1","c","XLOC_001946",TRUE
"isoComp_00007689","geneComp_00001088","TCONS_00023495","XLOC_001946","T_minus","T_plus","RASAL2","unknown","unknown",12.7163673861133,17.1520300496117,8.2807047226149,2.66966230861369,0.25965122050042,-1.04965357204649,,0.212391849285035,0.193601901673433,0.231181796896636,0.0591276869871458,0.0787172755738829,0.244369988020891,,0.01955,0.0115333333333333,0.0275666666666667,0.0160333333333333,0.639191118154189,0.00445285415696598,FALSE,0,"XLOC_001946","RASAL2","PB.850.1","ENST00000696605.1","j","XLOC_001946",TRUE
"isoComp_00007690","geneComp_00001088","TCONS_00023496","XLOC_001946","T_minus","T_plus","RASAL2","unknown","unknown",12.7163673861133,17.1520300496117,8.2807047226149,2.66966230861369,0.25965122050042,-1.04965357204649,,1.48002625508985,2.40302245630738,0.557030053872328,0.44091481126724,0.271375070162959,-2.08934423336772,,0.1037,0.138966666666667,0.0684333333333333,-0.0705333333333334,0.656964380217641,0.00445285415696598,FALSE,0,"XLOC_001946","RASAL2","PB.850.6","ENST00000696605.1","c","XLOC_001946",TRUE
"isoComp_00009736","geneComp_00001402","TCONS_00010844","XLOC_002530","T_minus","T_plus","ENSG00000237250","unknown","unknown",1.58827338088163,1.77824439242063,1.39830236934264,0.42201964063296,0.179999053069558,-0.34458679667877,,0.0896288062296833,0.0529728014555268,0.12628481100384,0.0120190357932974,0.0350121942808072,1.11382402745791,,0.0614666666666667,0.0350666666666667,0.0878666666666667,0.0528,0.636777611582576,0.0476298384683979,FALSE,0,"XLOC_002530","ENSG00000237250","ENST00000450451.1","ENST00000450451.1","=","XLOC_002530",FALSE
"isoComp_00009737","geneComp_00001402","TCONS_00010845","XLOC_002530","T_minus","T_plus","ENSG00000243781","unknown","unknown",1.58827338088163,1.77824439242063,1.39830236934264,0.42201964063296,0.179999053069558,-0.34458679667877,,0.0772362771695842,0.118173149650868,0.0362994046883008,0.0811791878474348,0.0362994046883008,-1.46902852193935,,0.0434666666666667,0.0549666666666667,0.0319666666666667,-0.023,0.873538676662205,0.0476298384683979,FALSE,0,"XLOC_002530","ENSG00000243781","ENST00000450208.1","ENST00000450208.1","=","XLOC_002530",FALSE
"isoComp_00009738","geneComp_00001402","TCONS_00025725","XLOC_002530","T_minus","T_plus","ENSG00000243781","unknown","unknown",1.58827338088163,1.77824439242063,1.39830236934264,0.42201964063296,0.179999053069558,-0.34458679667877,,0.303858649681098,0.178498447756649,0.429218851605548,0.0316946893871018,0.0823803404912666,1.22038733396932,,0.205466666666667,0.106,0.304933333333333,0.198933333333333,0.0857013315566664,0.0476298384683979,FALSE,0,"XLOC_002530","ENSG00000243781","PB.1931.1","ENST00000450208.1","k","XLOC_002530",TRUE
"isoComp_00009739","geneComp_00001402","TCONS_00028058","XLOC_002530","T_minus","T_plus","ENSG00000237250","unknown","unknown",1.58827338088163,1.77824439242063,1.39830236934264,0.42201964063296,0.179999053069558,-0.34458679667877,,1.11754964780127,1.42859999355758,0.806499302044948,0.354717214910277,0.115338303349504,-0.817141945092503,,0.689633333333333,0.804033333333333,0.575233333333333,-0.2288,0.0476298384683979,0.0476298384683979,FALSE,0,"XLOC_002530","ENSG00000237250","PB.1552.1","ENST00000450451.1","j","XLOC_002530",TRUE
"isoComp_00010245","geneComp_00001500","TCONS_00011436","XLOC_002719","T_minus","T_plus","AURKAIP1","unknown","unknown",75.2063188423701,87.5032457936133,62.9093918911269,5.98293742031421,2.19789755757355,-0.475996668975529,,1.90756136946399,1.85629940990378,1.95882332902419,0.255490392359379,0.0833331987089499,0.077153201895211,,0.0260666666666667,0.021,0.0311333333333333,0.0101333333333333,0.204321970929969,7.79456516324864e-05,FALSE,2,"XLOC_002719","AURKAIP1","ENST00000338370.7","ENST00000338370.7","=","XLOC_002719",FALSE
"isoComp_00010246","geneComp_00001500","TCONS_00011437","XLOC_002719","T_minus","T_plus","AURKAIP1","unknown","unknown",75.2063188423701,87.5032457936133,62.9093918911269,5.98293742031421,2.19789755757355,-0.475996668975529,,2.42358883567453,2.90558452996727,1.94159314138178,0.744551807119635,0.272906465888238,-0.579132832422466,,0.0326166666666667,0.0345666666666667,0.0306666666666667,-0.0039,0.995445039862754,7.79456516324864e-05,FALSE,1,"XLOC_002719","AURKAIP1","ENST00000321751.9","ENST00000321751.9","=","XLOC_002719",FALSE
"isoComp_00010247","geneComp_00001500","TCONS_00011438","XLOC_002719","T_minus","T_plus","AURKAIP1","unknown","unknown",75.2063188423701,87.5032457936133,62.9093918911269,5.98293742031421,2.19789755757355,-0.475996668975529,,49.8063487536501,53.7455110339937,45.8671864733064,4.53159348949006,1.84415958045334,-0.228635750500197,,0.671266666666667,0.6137,0.728833333333333,0.115133333333333,7.79456516324864e-05,7.79456516324864e-05,FALSE,0,"XLOC_002719","AURKAIP1","PB.8.1","ENST00000338338.10","=","XLOC_002719",TRUE
"isoComp_00010248","geneComp_00001500","TCONS_00011439","XLOC_002719","T_minus","T_plus","AURKAIP1","unknown","unknown",75.2063188423701,87.5032457936133,62.9093918911269,5.98293742031421,2.19789755757355,-0.475996668975529,,12.0478837658416,13.1553062577383,10.9404612739449,1.90939467174869,0.663706889605503,-0.265749439686517,,0.161816666666667,0.148966666666667,0.174666666666667,0.0257,0.713654651603089,7.79456516324864e-05,FALSE,1,"XLOC_002719","AURKAIP1","ENST00000378853.3","ENST00000378853.3","=","XLOC_002719",FALSE
"isoComp_00010249","geneComp_00001500","TCONS_00011440","XLOC_002719","T_minus","T_plus","AURKAIP1","unknown","unknown",75.2063188423701,87.5032457936133,62.9093918911269,5.98293742031421,2.19789755757355,-0.475996668975529,,1.32811432761877,1.34049097529477,1.31573767994276,0.122500338839286,0.141262891511452,-0.0266886574158386,,0.0181833333333333,0.0155333333333333,0.0208333333333333,0.0053,0.705426982340208,7.79456516324864e-05,FALSE,0,"XLOC_002719","AURKAIP1","ENST00000489799.1","ENST00000489799.1","=","XLOC_002719",FALSE
"isoComp_00010251","geneComp_00001500","TCONS_00025798","XLOC_002719","T_minus","T_plus","AURKAIP1","unknown","unknown",75.2063188423701,87.5032457936133,62.9093918911269,5.98293742031421,2.19789755757355,-0.475996668975529,,7.42438988895683,14.2446539713155,0.604125806598149,2.37611052825761,0.604125806598149,-4.53675497953558,,0.0863,0.1632,0.0094,-0.1538,0.107037365170634,7.79456516324864e-05,,0,"XLOC_002719","AURKAIP1","PB.7.1","ENST00000378853.3","c","XLOC_002719",TRUE
"isoComp_00010749","geneComp_00001568","TCONS_00012022","XLOC_002839","T_minus","T_plus","CTNNBIP1","unknown","unknown",9.83152698049963,11.8454800321753,7.81757392882391,0.392025011107001,0.296220090962169,-0.598916944871646,,2.99369400197806,4.13465285951037,1.85273514444575,0.157264779391769,0.0305185339390625,-1.15382871480012,,0.293166666666667,0.348933333333333,0.2374,-0.111533333333333,0.00240046949607213,0.00240046949607213,FALSE,0,"XLOC_002839","CTNNBIP1","ENST00000377263.6","ENST00000377263.6","=","XLOC_002839",FALSE
"isoComp_00010750","geneComp_00001568","TCONS_00012023","XLOC_002839","T_minus","T_plus","CTNNBIP1","unknown","unknown",9.83152698049963,11.8454800321753,7.81757392882391,0.392025011107001,0.296220090962169,-0.598916944871646,,2.57773853732538,2.44135366535927,2.71412340929149,0.23023864546268,0.0947160685582392,0.15221342048295,,0.2774,0.205733333333333,0.349066666666667,0.143333333333333,0.0085958277617509,0.00240046949607213,FALSE,0,"XLOC_002839","CTNNBIP1","ENST00000400904.7","ENST00000400904.7","=","XLOC_002839",FALSE
"isoComp_00010752","geneComp_00001568","TCONS_00012025","XLOC_002839","T_minus","T_plus","CTNNBIP1","unknown","unknown",9.83152698049963,11.8454800321753,7.81757392882391,0.392025011107001,0.296220090962169,-0.598916944871646,,4.23321927636157,5.24942976770417,3.21700878501896,0.218874114380426,0.33404688583592,-0.704708884312094,,0.42655,0.443666666666667,0.409433333333333,-0.0342333333333333,0.860892498378892,0.00240046949607213,FALSE,0,"XLOC_002839","CTNNBIP1","ENST00000377256.1","ENST00000377256.1","=","XLOC_002839",FALSE
"isoComp_00011879","geneComp_00001750","TCONS_00013250","XLOC_003170","T_minus","T_plus","ENSG00000224066","unknown","unknown",8.80287746524672,9.30262075562595,8.30313417486749,1.01720335892379,0.864464561022494,-0.16379473085598,,0.157444774245402,0.202578362586167,0.112311185904637,0.121171959402933,0.0658502487235605,-0.797438407968724,,0.0163666666666667,0.0200666666666667,0.0126666666666667,-0.0074,0.91482451074442,0.00104561741336394,FALSE,0,"XLOC_003170","ENSG00000224066","ENST00000373604.4","ENST00000373604.4","=","XLOC_003170",FALSE
"isoComp_00011881","geneComp_00001750","TCONS_00013252","XLOC_003170","T_minus","T_plus","TMEM234","unknown","unknown",8.80287746524672,9.30262075562595,8.30313417486749,1.01720335892379,0.864464561022494,-0.16379473085598,,0.475752918547214,0.49105264963444,0.460453187459988,0.174801863655288,0.0233061120951289,-0.0909110325322726,,0.0546,0.053,0.0562,0.0032,0.965689136428036,0.00104561741336394,TRUE,4,"XLOC_003170","TMEM234","ENST00000466796.1","ENST00000466796.1","=","XLOC_003170",FALSE
"isoComp_00011884","geneComp_00001750","TCONS_00013255","XLOC_003170","T_minus","T_plus","TMEM234","unknown","unknown",8.80287746524672,9.30262075562595,8.30313417486749,1.01720335892379,0.864464561022494,-0.16379473085598,,0.693122482086504,0.672570409847507,0.713674554325501,0.22932485251278,0.316605060620707,0.0843631713663185,,0.0777666666666667,0.0727333333333333,0.0828,0.0100666666666667,0.985921576210407,0.00104561741336394,TRUE,0,"XLOC_003170","TMEM234","ENST00000489170.5","ENST00000489170.5","=","XLOC_003170",FALSE
"isoComp_00011886","geneComp_00001750","TCONS_00013257","XLOC_003170","T_minus","T_plus","TMEM234","unknown","unknown",8.80287746524672,9.30262075562595,8.30313417486749,1.01720335892379,0.864464561022494,-0.16379473085598,,0.142740800947421,0.0892689105570017,0.196212691337841,0.0603054605004382,0.117202022551807,1.05471926147214,,0.0170166666666667,0.0113333333333333,0.0227,0.0113666666666667,0.859908548059622,0.00104561741336394,FALSE,0,"XLOC_003170","TMEM234","ENST00000483001.5","ENST00000483001.5","=","XLOC_003170",FALSE
"isoComp_00011887","geneComp_00001750","TCONS_00013258","XLOC_003170","T_minus","T_plus","TMEM234","unknown","unknown",8.80287746524672,9.30262075562595,8.30313417486749,1.01720335892379,0.864464561022494,-0.16379473085598,,0.184163693385223,0.204888596674277,0.163438790096168,0.116717611951291,0.0940418367427832,-0.309162328781437,,0.0205166666666667,0.0201333333333333,0.0209,0.000766666666666669,0.999779088939979,0.00104561741336394,FALSE,3,"XLOC_003170","TMEM234","ENST00000373593.5","ENST00000373593.5","=","XLOC_003170",FALSE
"isoComp_00011888","geneComp_00001750","TCONS_00013259","XLOC_003170","T_minus","T_plus","TMEM234","unknown","unknown",8.80287746524672,9.30262075562595,8.30313417486749,1.01720335892379,0.864464561022494,-0.16379473085598,,0.514419512034875,0.326574351563436,0.702264672506314,0.196457630141912,0.24844285495911,1.0814881948882,,0.0562333333333333,0.0322333333333333,0.0802333333333333,0.048,0.683343080833872,0.00104561741336394,FALSE,1,"XLOC_003170","TMEM234","ENST00000344461.7","ENST00000344461.7","=","XLOC_003170",FALSE
"isoComp_00011889","geneComp_00001750","TCONS_00013260","XLOC_003170","T_minus","T_plus","TMEM234","unknown","unknown",8.80287746524672,9.30262075562595,8.30313417486749,1.01720335892379,0.864464561022494,-0.16379473085598,,3.67464691354529,5.04087648598263,2.30841734110795,0.256468200389962,0.206592222018033,-1.12339347156921,,0.416666666666667,0.550866666666667,0.282466666666667,-0.2684,0.00104561741336394,0.00104561741336394,FALSE,2,"XLOC_003170","TMEM234","ENST00000309777.11","ENST00000309777.11","=","XLOC_003170",FALSE
"isoComp_00011892","geneComp_00001750","TCONS_00013263","XLOC_003170","T_minus","T_plus","TMEM234","unknown","unknown",8.80287746524672,9.30262075562595,8.30313417486749,1.01720335892379,0.864464561022494,-0.16379473085598,,0.514288236322446,0.554190674366701,0.474385798278192,0.0456431630673377,0.0719476782473578,-0.220026252260003,,0.0586166666666667,0.0600333333333333,0.0572,-0.00283333333333333,0.986567406345693,0.00104561741336394,TRUE,1,"XLOC_003170","TMEM234","ENST00000487174.1","ENST00000487174.1","=","XLOC_003170",FALSE
"isoComp_00011893","geneComp_00001750","TCONS_00023723","XLOC_003170","T_minus","T_plus","TMEM234","unknown","unknown",8.80287746524672,9.30262075562595,8.30313417486749,1.01720335892379,0.864464561022494,-0.16379473085598,,1.87170085472874,1.15772389830206,2.58567781115541,0.491223062229959,0.21052926621959,1.1524121222682,,0.2167,0.1176,0.3158,0.1982,0.123062639404866,0.00104561741336394,FALSE,2,"XLOC_003170","TMEM234","PB.197.1","ENST00000309777.11","c","XLOC_003170",TRUE
"isoComp_00011894","geneComp_00001750","TCONS_00025988","XLOC_003170","T_minus","T_plus","TMEM234","unknown","unknown",8.80287746524672,9.30262075562595,8.30313417486749,1.01720335892379,0.864464561022494,-0.16379473085598,,0.325277728244443,0.316592432150475,0.333963024338412,0.0490666710111894,0.0419389894414875,0.0747621241325952,,0.0372333333333333,0.0338,0.0406666666666667,0.00686666666666667,0.926280700909862,0.00104561741336394,FALSE,2,"XLOC_003170","TMEM234","PB.327.1","ENST00000491434.5","n","XLOC_003170",TRUE
"isoComp_00012401","geneComp_00001809","TCONS_00013793","XLOC_003268","T_minus","T_plus","BMP8B","unknown","unknown",29.3509191042196,40.7820617720434,17.9197764363958,10.5408629115383,2.95049394169661,-1.18593092819843,,25.9607236675016,37.508900051992,14.4125472830112,10.2886370069751,2.49754836941626,-1.37929153958471,,0.857316666666667,0.912333333333333,0.8023,-0.110033333333333,5.54444956293e-05,5.54444956293e-05,FALSE,0,"XLOC_003268","BMP8B","ENST00000372827.8","ENST00000372827.8","=","XLOC_003268",FALSE
"isoComp_00012402","geneComp_00001809","TCONS_00028219","XLOC_003268","T_minus","T_plus","BMP8B","unknown","unknown",29.3509191042196,40.7820617720434,17.9197764363958,10.5408629115383,2.95049394169661,-1.18593092819843,,3.39019543671802,3.27316172005144,3.50722915338459,0.25227814361965,0.460079539528888,0.0993535169433942,,0.142683333333333,0.0876666666666667,0.1977,0.110033333333333,0.00153165083973934,5.54444956293e-05,FALSE,0,"XLOC_003268","BMP8B","PB.334.1","ENST00000372827.8","j","XLOC_003268",TRUE
"isoComp_00012624","geneComp_00001830","TCONS_00013903","XLOC_003300","T_minus","T_plus","HIVEP3","unknown","unknown",36.2507997790107,31.3826165516327,41.1189830063887,5.40839038233268,3.38150785752872,0.389730117347355,,18.5575651158953,13.602700491377,23.5124297404136,3.11780164111936,2.43596517279203,0.789083793021024,,0.49665,0.4229,0.5704,0.1475,0.0131082312569603,0.0131082312569603,FALSE,0,"XLOC_003300","HIVEP3","ENST00000643665.1","ENST00000643665.1","=","XLOC_003300",FALSE
"isoComp_00012627","geneComp_00001830","TCONS_00013906","XLOC_003300","T_minus","T_plus","HIVEP3","unknown","unknown",36.2507997790107,31.3826165516327,41.1189830063887,5.40839038233268,3.38150785752872,0.389730117347355,,7.71286767457523,6.2003508769392,9.22538447221127,1.23051027293392,1.06949328413261,0.572497241158955,,0.209216666666667,0.1954,0.223033333333333,0.0276333333333333,0.624380611219237,0.0131082312569603,FALSE,0,"XLOC_003300","HIVEP3","ENST00000460604.1","ENST00000460604.1","=","XLOC_003300",FALSE
"isoComp_00012628","geneComp_00001830","TCONS_00013909","XLOC_003300","T_minus","T_plus","HIVEP3","unknown","unknown",36.2507997790107,31.3826165516327,41.1189830063887,5.40839038233268,3.38150785752872,0.389730117347355,,3.91089160004759,4.47114026416597,3.35064293592922,0.224079459415486,0.213092704447929,-0.415128618731818,,0.118,0.152833333333333,0.0831666666666667,-0.0696666666666667,0.278816052700714,0.0131082312569603,TRUE,0,"XLOC_003300","HIVEP3","ENST00000489103.5","ENST00000489103.5","=","XLOC_003300",FALSE
"isoComp_00012630","geneComp_00001830","TCONS_00026178","XLOC_003300","T_minus","T_plus","HIVEP3","unknown","unknown",36.2507997790107,31.3826165516327,41.1189830063887,5.40839038233268,3.38150785752872,0.389730117347355,,5.52792393357831,6.62592235252999,4.42992551462662,1.39968282273048,0.865660735451678,-0.5797615315579,,0.15955,0.2106,0.1085,-0.1021,0.0423850328735539,0.0131082312569603,FALSE,0,"XLOC_003300","HIVEP3","PB.496.1","ENST00000479350.1","j","XLOC_003300",TRUE
"isoComp_00012792","geneComp_00001852","TCONS_00014026","XLOC_003325","T_minus","T_plus","KDM4A-AS1","unknown","unknown",3.87837424760474,4.60402592758597,3.15272256762351,0.0442913922112187,0.526107153308256,-0.544859102028906,,0.287654304479689,0.456039136412103,0.119269472547274,0.0766272793098564,0.119269472547274,-1.85006949495702,,0.0642333333333333,0.0991,0.0293666666666667,-0.0697333333333333,0.451349558063311,3.9639638655564e-06,FALSE,0,"XLOC_003325","KDM4A-AS1","ENST00000663424.1","ENST00000663424.1","=","XLOC_003325",FALSE
"isoComp_00012793","geneComp_00001852","TCONS_00014027","XLOC_003325","T_minus","T_plus","KDM4A-AS1","unknown","unknown",3.87837424760474,4.60402592758597,3.15272256762351,0.0442913922112187,0.526107153308256,-0.544859102028906,,0.86639280157246,1.41771022935529,0.315075373789633,0.0355804070205258,0.041114650495238,-2.13485702372775,,0.204583333333333,0.307833333333333,0.101333333333333,-0.2065,3.9639638655564e-06,3.9639638655564e-06,FALSE,0,"XLOC_003325","KDM4A-AS1","ENST00000439057.6","ENST00000439057.6","=","XLOC_003325",FALSE
"isoComp_00012794","geneComp_00001852","TCONS_00014028","XLOC_003325","T_minus","T_plus","KDM4A-AS1","unknown","unknown",3.87837424760474,4.60402592758597,3.15272256762351,0.0442913922112187,0.526107153308256,-0.544859102028906,,0.335455952638442,0.307196958397111,0.363714946879773,0.307196958397111,0.21405082755934,0.236559328941862,,0.08725,0.0676,0.1069,0.0393,0.758985430482128,3.9639638655564e-06,FALSE,0,"XLOC_003325","KDM4A-AS1","ENST00000398804.7","ENST00000398804.7","=","XLOC_003325",FALSE
"isoComp_00012795","geneComp_00001852","TCONS_00014029","XLOC_003325","T_minus","T_plus","KDM4A-AS1","unknown","unknown",3.87837424760474,4.60402592758597,3.15272256762351,0.0442913922112187,0.526107153308256,-0.544859102028906,,0.474809276952001,0.571385523090002,0.378233030814001,0.0957846783255571,0.0928730094416116,-0.582572280223032,,0.1201,0.123766666666667,0.116433333333333,-0.00733333333333333,0.986910186795181,3.9639638655564e-06,FALSE,1,"XLOC_003325","KDM4A-AS1","ENST00000659644.2","ENST00000659644.2","=","XLOC_003325",FALSE
"isoComp_00012796","geneComp_00001852","TCONS_00014030","XLOC_003325","T_minus","T_plus","KDM4A-AS1","unknown","unknown",3.87837424760474,4.60402592758597,3.15272256762351,0.0442913922112187,0.526107153308256,-0.544859102028906,,0.037112705987315,0.0250546745019175,0.0491707374727124,0.0250546745019175,0.0264183782627577,0.755277037340752,,0.0124,0.00533333333333333,0.0194666666666667,0.0141333333333333,0.847320606071632,3.9639638655564e-06,FALSE,0,"XLOC_003325","KDM4A-AS1","ENST00000434346.1","ENST00000434346.1","=","XLOC_003325",FALSE
"isoComp_00012797","geneComp_00001852","TCONS_00014031","XLOC_003325","T_minus","T_plus","KDM4A-AS1","unknown","unknown",3.87837424760474,4.60402592758597,3.15272256762351,0.0442913922112187,0.526107153308256,-0.544859102028906,,0.0717988866736094,0.046183721575809,0.0974140517714097,0.00556042528102229,0.0524601856334143,0.934958641232441,,0.0189833333333333,0.0100666666666667,0.0279,0.0178333333333333,0.771687841703304,3.9639638655564e-06,FALSE,0,"XLOC_003325","KDM4A-AS1","ENST00000453015.1","ENST00000453015.1","=","XLOC_003325",FALSE
"isoComp_00012798","geneComp_00001852","TCONS_00014032","XLOC_003325","T_minus","T_plus","KDM4A-AS1","unknown","unknown",3.87837424760474,4.60402592758597,3.15272256762351,0.0442913922112187,0.526107153308256,-0.544859102028906,,0.221765986784054,0.080841304841345,0.362690668726764,0.080841304841345,0.0326686031261538,2.03655836379566,,0.0716833333333333,0.0178,0.125566666666667,0.107766666666667,0.255584887760006,3.9639638655564e-06,,0,"XLOC_003325","KDM4A-AS1","ENST00000418149.2","ENST00000418149.2","=","XLOC_003325",FALSE
"isoComp_00012799","geneComp_00001852","TCONS_00026217","XLOC_003325","T_minus","T_plus","KDM4A-AS1","unknown","unknown",3.87837424760474,4.60402592758597,3.15272256762351,0.0442913922112187,0.526107153308256,-0.544859102028906,,1.46681102753027,1.5779587981241,1.35566325693645,0.263830928615428,0.115620803527312,-0.217571690126142,,0.3938,0.342066666666667,0.445533333333333,0.103466666666667,0.733285055488738,3.9639638655564e-06,FALSE,0,"XLOC_003325","KDM4A-AS1","PB.539.5","ENST00000439057.6","j","XLOC_003325",TRUE
"isoComp_00012800","geneComp_00001852","TCONS_00026218","XLOC_003325","T_minus","T_plus","KDM4A-AS1","unknown","unknown",3.87837424760474,4.60402592758597,3.15272256762351,0.0442913922112187,0.526107153308256,-0.544859102028906,,0.116573304986898,0.121655581288301,0.111491028685495,0.0206726230975323,0.111491028685495,-0.115918898785147,,0.02695,0.0264333333333333,0.0274666666666667,0.00103333333333333,0.804565083365699,3.9639638655564e-06,FALSE,0,"XLOC_003325","KDM4A-AS1","PB.539.7","ENST00000439057.6","j","XLOC_003325",TRUE
"isoComp_00013194","geneComp_00001906","TCONS_00014451","XLOC_003420","T_minus","T_plus","TTC39A","unknown","unknown",3.58528385881768,1.23409235394299,5.93647536369236,0.291645841646594,1.12343118074776,2.25694121103468,,0.166523595152448,0.19689456537271,0.136152624932186,0.11502211863138,0.0825313199595656,-0.501420009048233,,0.133933333333333,0.246633333333333,0.0212333333333333,-0.2254,0.759724222307503,0.0160167957471636,FALSE,0,"XLOC_003420","TTC39A","ENST00000680483.1","ENST00000680483.1","=","XLOC_003420",FALSE
"isoComp_00013195","geneComp_00001906","TCONS_00014454","XLOC_003420","T_minus","T_plus","TTC39A","unknown","unknown",3.58528385881768,1.23409235394299,5.93647536369236,0.291645841646594,1.12343118074776,2.25694121103468,,0.026207661766202,0.052415323532404,0,0.0355638795900256,0,-2.64190026739246,,0.0348333333333333,0.0696666666666667,0,-0.0696666666666667,0.534660523883358,0.0160167957471636,FALSE,0,"XLOC_003420","TTC39A","ENST00000439482.6","ENST00000439482.6","=","XLOC_003420",FALSE
"isoComp_00013196","geneComp_00001906","TCONS_00014457","XLOC_003420","T_minus","T_plus","TTC39A","unknown","unknown",3.58528385881768,1.23409235394299,5.93647536369236,0.291645841646594,1.12343118074776,2.25694121103468,,0.061784386543867,0,0.123568773087734,0,0.0742533570116136,3.73951085586353,,0.0139166666666667,0,0.0278333333333333,0.0278333333333333,0.835130966289514,0.0160167957471636,FALSE,0,"XLOC_003420","TTC39A","ENST00000262675.11","ENST00000262675.11","=","XLOC_003420",FALSE
"isoComp_00013197","geneComp_00001906","TCONS_00014460","XLOC_003420","T_minus","T_plus","TTC39A","unknown","unknown",3.58528385881768,1.23409235394299,5.93647536369236,0.291645841646594,1.12343118074776,2.25694121103468,,0.0258884730916055,0.0517769461832109,0,0.0517769461832109,0,-2.6270685560541,,0.0175833333333333,0.0351666666666667,0,-0.0351666666666667,0.799999400093789,0.0160167957471636,,0,"XLOC_003420","TTC39A","ENST00000525906.1","ENST00000525906.1","=","XLOC_003420",FALSE
"isoComp_00013198","geneComp_00001906","TCONS_00014461","XLOC_003420","T_minus","T_plus","TTC39A","unknown","unknown",3.58528385881768,1.23409235394299,5.93647536369236,0.291645841646594,1.12343118074776,2.25694121103468,,0.113802924943205,0.0916201454868577,0.135985704399551,0.0916201454868577,0.101243891935088,0.522640665883011,,0.04,0.0581333333333333,0.0218666666666667,-0.0362666666666667,0.999894199129116,0.0160167957471636,TRUE,0,"XLOC_003420","TTC39A","ENST00000431927.5","ENST00000431927.5","=","XLOC_003420",FALSE
"isoComp_00013200","geneComp_00001906","TCONS_00014463","XLOC_003420","T_minus","T_plus","TTC39A","unknown","unknown",3.58528385881768,1.23409235394299,5.93647536369236,0.291645841646594,1.12343118074776,2.25694121103468,,0.104362174611118,0.020681014693306,0.18804333452893,0.00720457337891177,0.00998433670084137,2.69039804374747,,0.0246166666666667,0.0157,0.0335333333333333,0.0178333333333333,0.846018171536422,0.0160167957471636,FALSE,2,"XLOC_003420","TTC39A","ENST00000262676.9","ENST00000262676.9","=","XLOC_003420",FALSE
"isoComp_00013201","geneComp_00001906","TCONS_00014464","XLOC_003420","T_minus","T_plus","TTC39A","unknown","unknown",3.58528385881768,1.23409235394299,5.93647536369236,0.291645841646594,1.12343118074776,2.25694121103468,,0.339695940062115,0.18743821919066,0.49195366093357,0.145261735467899,0.323739390172699,1.34615289728202,,0.101916666666667,0.126,0.0778333333333333,-0.0481666666666667,0.986708387948635,0.0160167957471636,FALSE,0,"XLOC_003420","TTC39A","ENST00000524442.1","ENST00000524442.1","=","XLOC_003420",FALSE
"isoComp_00013202","geneComp_00001906","TCONS_00014465","XLOC_003420","T_minus","T_plus","TTC39A","unknown","unknown",3.58528385881768,1.23409235394299,5.93647536369236,0.291645841646594,1.12343118074776,2.25694121103468,,0.227567306491506,0.156293189359934,0.298841423623078,0.156293189359934,0.126641455695731,0.893137184933747,,0.0724,0.0991333333333333,0.0456666666666667,-0.0534666666666667,0.895245275982548,0.0160167957471636,TRUE,0,"XLOC_003420","TTC39A","ENST00000411642.6","ENST00000411642.6","=","XLOC_003420",FALSE
"isoComp_00013204","geneComp_00001906","TCONS_00023780","XLOC_003420","T_minus","T_plus","TTC39A","unknown","unknown",3.58528385881768,1.23409235394299,5.93647536369236,0.291645841646594,1.12343118074776,2.25694121103468,,0.138616234753087,0,0.277232469506174,0,0.107508422975384,4.84414693927039,,0.0215333333333333,0,0.0430666666666667,0.0430666666666667,0.233950386003039,0.0160167957471636,FALSE,0,"XLOC_003420","TTC39A","PB.319.1","ENST00000447632.6","j","XLOC_003420",TRUE
"isoComp_00013205","geneComp_00001906","TCONS_00028296","XLOC_003420","T_minus","T_plus","TTC39A","unknown","unknown",3.58528385881768,1.23409235394299,5.93647536369236,0.291645841646594,1.12343118074776,2.25694121103468,,1.1613945006866,0.349056695535581,1.97373230583762,0.110640749903463,0.153175798102502,2.46593378417164,,0.3073,0.266433333333333,0.348166666666667,0.0817333333333334,0.763808828029284,0.0160167957471636,FALSE,0,"XLOC_003420","TTC39A","PB.459.1","ENST00000447632.6","c","XLOC_003420",TRUE
"isoComp_00013206","geneComp_00001906","TCONS_00028297","XLOC_003420","T_minus","T_plus","TTC39A","unknown","unknown",3.58528385881768,1.23409235394299,5.93647536369236,0.291645841646594,1.12343118074776,2.25694121103468,,1.14882602289477,0.115588410258997,2.18206363553054,0.0729937837983365,0.538896323761473,4.12551444178951,,0.216483333333333,0.0747666666666667,0.3582,0.283433333333333,0.0160167957471636,0.0160167957471636,FALSE,0,"XLOC_003420","TTC39A","PB.459.2","ENST00000447632.6","j","XLOC_003420",TRUE
"isoComp_00013617","geneComp_00001961","TCONS_00014971","XLOC_003522","T_minus","T_plus","DOCK7","unknown","unknown",12.0966278155758,8.57558464016187,15.6176709909897,0.137738850038095,3.70371252559881,0.864114504120872,,2.04837352445462,1.65337078405836,2.44337626485089,0.188832824678319,0.0870153999599072,0.56065871400891,,0.187616666666667,0.192166666666667,0.183066666666667,-0.0091,0.937910339651863,0.0344830478185717,FALSE,0,"XLOC_003522","DOCK7","ENST00000635123.1","ENST00000635123.1","=","XLOC_003522",FALSE
"isoComp_00013622","geneComp_00001961","TCONS_00014985","XLOC_003522","T_minus","T_plus","DOCK7","unknown","unknown",12.0966278155758,8.57558464016187,15.6176709909897,0.137738850038095,3.70371252559881,0.864114504120872,,0.533524162488827,0.653593104781849,0.413455220195805,0.19378898822449,0.381018965046391,-0.64808948109681,,0.0480666666666667,0.0760666666666667,0.0200666666666667,-0.056,0.353296666715609,0.0344830478185717,,0,"XLOC_003522","DOCK7","ENST00000635286.1","ENST00000635286.1","=","XLOC_003522",FALSE
"isoComp_00013626","geneComp_00001961","TCONS_00014991","XLOC_003522","T_minus","T_plus","DOCK7","unknown","unknown",12.0966278155758,8.57558464016187,15.6176709909897,0.137738850038095,3.70371252559881,0.864114504120872,,0.205192866676398,0.271045460439468,0.139340272913329,0.0854836842314833,0.0763920784993597,-0.912200239482039,,0.0211833333333333,0.0313,0.0110666666666667,-0.0202333333333333,0.732585537555244,0.0344830478185717,FALSE,0,"XLOC_003522","DOCK7","ENST00000404627.3","ENST00000404627.3","=","XLOC_003522",FALSE
"isoComp_00013629","geneComp_00001961","TCONS_00014999","XLOC_003522","T_minus","T_plus","DOCK7","unknown","unknown",12.0966278155758,8.57558464016187,15.6176709909897,0.137738850038095,3.70371252559881,0.864114504120872,,3.1972546212018,0,6.39450924240361,0,3.26549770385321,9.32294421534924,,0.165933333333333,0,0.331866666666667,0.331866666666667,0.449849327904875,0.0344830478185717,,0,"XLOC_003522","DOCK7","ENST00000636635.1","ENST00000636635.1","=","XLOC_003522",FALSE
"isoComp_00013630","geneComp_00001961","TCONS_00022463","XLOC_003522","T_minus","T_plus","DOCK7","unknown","unknown",12.0966278155758,8.57558464016187,15.6176709909897,0.137738850038095,3.70371252559881,0.864114504120872,,0.29492417701182,0.239167746320922,0.350680607702718,0.0382668076792152,0.133712314738011,0.53360452763315,,0.0294166666666667,0.0278333333333333,0.031,0.00316666666666667,0.942170575822042,0.0344830478185717,FALSE,0,"XLOC_003522","DOCK7","PB.379.2","ENST00000635253.2","j","XLOC_003522",TRUE
"isoComp_00013631","geneComp_00001961","TCONS_00022464","XLOC_003522","T_minus","T_plus","DOCK7","unknown","unknown",12.0966278155758,8.57558464016187,15.6176709909897,0.137738850038095,3.70371252559881,0.864114504120872,,1.08090026733003,1.01326846959519,1.14853206506487,0.103163511594539,0.260341485759851,0.179113267593757,,0.0982666666666667,0.1186,0.0779333333333333,-0.0406666666666667,0.568251809429468,0.0344830478185717,FALSE,0,"XLOC_003522","DOCK7","PB.379.3","ENST00000635123.1","c","XLOC_003522",TRUE
"isoComp_00013632","geneComp_00001961","TCONS_00026352","XLOC_003522","T_minus","T_plus","DOCK7","unknown","unknown",12.0966278155758,8.57558464016187,15.6176709909897,0.137738850038095,3.70371252559881,0.864114504120872,,1.73762608172973,1.57000882135943,1.90524334210002,0.0653442748257637,0.0767917716276499,0.277595092913442,,0.163466666666667,0.1834,0.143533333333333,-0.0398666666666667,0.77380550197204,0.0344830478185717,FALSE,0,"XLOC_003522","DOCK7","PB.674.2","ENST00000454575.6","c","XLOC_003522",TRUE
"isoComp_00013633","geneComp_00001961","TCONS_00026353","XLOC_003522","T_minus","T_plus","DOCK7","unknown","unknown",12.0966278155758,8.57558464016187,15.6176709909897,0.137738850038095,3.70371252559881,0.864114504120872,,0.187614447434263,0.0453517901524069,0.32987710471612,0.0381945736610484,0.100613249164274,2.61831129868218,,0.0155333333333333,0.00543333333333333,0.0256333333333333,0.0202,0.525184291448421,0.0344830478185717,FALSE,0,"XLOC_003522","DOCK7","PB.676.1","ENST00000404627.3","c","XLOC_003522",TRUE
"isoComp_00013634","geneComp_00001961","TCONS_00028323","XLOC_003522","T_minus","T_plus","DOCK7","unknown","unknown",12.0966278155758,8.57558464016187,15.6176709909897,0.137738850038095,3.70371252559881,0.864114504120872,,2.29220106972343,2.62167710011775,1.96272503932912,0.34105512107142,0.191445411034657,-0.41579259944185,,0.222816666666667,0.306733333333333,0.1389,-0.167833333333333,0.0344830478185717,0.0344830478185717,FALSE,0,"XLOC_003522","DOCK7","PB.513.1","ENST00000635253.2","c","XLOC_003522",TRUE
"isoComp_00014828","geneComp_00002138","TCONS_00016354","XLOC_003886","T_minus","T_plus","TMIGD3","unknown","unknown",10.2020075116691,15.2577172962013,5.14629772713682,0.645673688551701,0.241096669597691,-1.56607690520459,,1.09297737614048,1.31085768857899,0.875097063701959,0.439524155600179,0.357377421435502,-0.577567455202568,,0.1249,0.0838,0.166,0.0822,0.689801625095927,0.0072938134545202,FALSE,0,"XLOC_003886","TMIGD3","ENST00000442484.2","ENST00000442484.2","=","XLOC_003886",FALSE
"isoComp_00014829","geneComp_00002138","TCONS_00016355","XLOC_003886","T_minus","T_plus","TMIGD3","unknown","unknown",10.2020075116691,15.2577172962013,5.14629772713682,0.645673688551701,0.241096669597691,-1.56607690520459,,0.379253906559205,0.677624452437817,0.0808833606805933,0.209875896403659,0.0213184643327259,-2.91953276018838,,0.0300166666666667,0.0444,0.0156333333333333,-0.0287666666666667,0.554176708407437,0.0072938134545202,FALSE,0,"XLOC_003886","TMIGD3","ENST00000369716.9","ENST00000369716.9","=","XLOC_003886",FALSE
"isoComp_00014830","geneComp_00002138","TCONS_00016356","XLOC_003886","T_minus","T_plus","TMIGD3","unknown","unknown",10.2020075116691,15.2577172962013,5.14629772713682,0.645673688551701,0.241096669597691,-1.56607690520459,,1.30433466630996,1.41757233536294,1.19109699725697,0.579906124902908,0.249326251911955,-0.249211185281467,,0.162333333333333,0.0963333333333333,0.228333333333333,0.132,0.383046802268651,0.0072938134545202,FALSE,0,"XLOC_003886","TMIGD3","ENST00000369717.8","ENST00000369717.8","=","XLOC_003886",FALSE
"isoComp_00014832","geneComp_00002138","TCONS_00016359","XLOC_003886","T_minus","T_plus","TMIGD3","unknown","unknown",10.2020075116691,15.2577172962013,5.14629772713682,0.645673688551701,0.241096669597691,-1.56607690520459,,0.249505512931829,0.439287483479395,0.0597235423842639,0.103455043816166,0.0597235423842639,-2.68792109674727,,0.0196666666666667,0.0283333333333333,0.011,-0.0173333333333333,0.583241661604871,0.0072938134545202,TRUE,0,"XLOC_003886","TMIGD3","ENST00000463993.1","ENST00000463993.1","=","XLOC_003886",FALSE
"isoComp_00014833","geneComp_00002138","TCONS_00016361","XLOC_003886","T_minus","T_plus","ADORA3","unknown","unknown",10.2020075116691,15.2577172962013,5.14629772713682,0.645673688551701,0.241096669597691,-1.56607690520459,,2.95193533406441,5.15817866074639,0.74569200738243,0.593041792982304,0.169905319160337,-2.77378567472684,,0.239266666666667,0.336233333333333,0.1423,-0.193933333333333,0.0072938134545202,0.0072938134545202,FALSE,0,"XLOC_003886","ADORA3","PB.931.3","ENST00000241356.5","=","XLOC_003886",TRUE
"isoComp_00014835","geneComp_00002138","TCONS_00016363","XLOC_003886","T_minus","T_plus","ADORA3","unknown","unknown",10.2020075116691,15.2577172962013,5.14629772713682,0.645673688551701,0.241096669597691,-1.56607690520459,,1.07258443971649,2.03886347998868,0.106305399444309,0.712989351115481,0.106305399444309,-4.13883387762142,,0.0775166666666667,0.132266666666667,0.0227666666666667,-0.1095,0.255778133183627,0.0072938134545202,FALSE,0,"XLOC_003886","ADORA3","PB.721.1","ENST00000495493.1","=","XLOC_003886",TRUE
"isoComp_00014837","geneComp_00002138","TCONS_00023921","XLOC_003886","T_minus","T_plus","TMIGD3","unknown","unknown",10.2020075116691,15.2577172962013,5.14629772713682,0.645673688551701,0.241096669597691,-1.56607690520459,,0.246781208207502,0.295681750934688,0.197880665480316,0.0999525396361342,0.0934985147395674,-0.556274843970372,,0.02985,0.0193333333333333,0.0403666666666667,0.0210333333333333,0.840208001728039,0.0072938134545202,FALSE,0,"XLOC_003886","TMIGD3","PB.516.1","ENST00000369716.9","j","XLOC_003886",TRUE
"isoComp_00014838","geneComp_00002138","TCONS_00026541","XLOC_003886","T_minus","T_plus","TMIGD3","unknown","unknown",10.2020075116691,15.2577172962013,5.14629772713682,0.645673688551701,0.241096669597691,-1.56607690520459,,2.43093194339646,3.23012893618333,1.63173495060959,0.531819062172259,0.352955482517859,-0.980829993726092,,0.269033333333333,0.214466666666667,0.3236,0.109133333333333,0.718492777722508,0.0072938134545202,FALSE,0,"XLOC_003886","TMIGD3","PB.720.1","ENST00000369716.9","j","XLOC_003886",TRUE
"isoComp_00014839","geneComp_00002138","TCONS_00028445","XLOC_003886","T_minus","T_plus","TMIGD3","unknown","unknown",10.2020075116691,15.2577172962013,5.14629772713682,0.645673688551701,0.241096669597691,-1.56607690520459,,0.26879662089647,0.396371613818967,0.141221627973972,0.102681163412409,0.0266218711804052,-1.42613513838151,,0.02685,0.0256,0.0281,0.0025,0.983604977355794,0.0072938134545202,FALSE,2,"XLOC_003886","TMIGD3","PB.720.2","ENST00000369716.9","j","XLOC_003886",TRUE
"isoComp_00016682","geneComp_00002397","TCONS_00018079","XLOC_004289","T_minus","T_plus","MEF2D","unknown","unknown",38.3763958285622,49.3532696445952,27.3995220125292,4.44072030446788,3.29257071833202,-0.848760786955851,,8.16248326862195,12.5587896024807,3.7661769347632,0.745101699903009,0.36197568166991,-1.73484745263243,,0.198366666666667,0.257033333333333,0.1397,-0.117333333333333,0.00118437345909913,9.57612026289523e-07,FALSE,0,"XLOC_004289","MEF2D","ENST00000464356.6","ENST00000464356.6","=","XLOC_004289",FALSE
"isoComp_00016683","geneComp_00002397","TCONS_00018080","XLOC_004289","T_minus","T_plus","MEF2D","unknown","unknown",38.3763958285622,49.3532696445952,27.3995220125292,4.44072030446788,3.29257071833202,-0.848760786955851,,14.7908680411561,19.0084588564907,10.5732772258214,2.38378641972723,1.34955698979675,-0.845613900755315,,0.384033333333333,0.382966666666667,0.3851,0.00213333333333332,0.993188487329279,9.57612026289523e-07,FALSE,0,"XLOC_004289","MEF2D","ENST00000348159.9","ENST00000348159.9","=","XLOC_004289",FALSE
"isoComp_00016684","geneComp_00002397","TCONS_00018081","XLOC_004289","T_minus","T_plus","MEF2D","unknown","unknown",38.3763958285622,49.3532696445952,27.3995220125292,4.44072030446788,3.29257071833202,-0.848760786955851,,14.1483363710043,16.4070219084106,11.889650833598,1.60237321865651,1.37420865627014,-0.464273200353126,,0.383366666666667,0.332166666666667,0.434566666666667,0.1024,9.57612026289523e-07,9.57612026289523e-07,FALSE,0,"XLOC_004289","MEF2D","ENST00000360595.7","ENST00000360595.7","=","XLOC_004289",FALSE
"isoComp_00016686","geneComp_00002397","TCONS_00018083","XLOC_004289","T_minus","T_plus","MEF2D","unknown","unknown",38.3763958285622,49.3532696445952,27.3995220125292,4.44072030446788,3.29257071833202,-0.848760786955851,,0.499950872163283,0.567798482500024,0.432103261826541,0.0308667662519344,0.234545390148262,-0.386183036389751,,0.0127833333333333,0.0115666666666667,0.014,0.00243333333333333,0.965534795802965,9.57612026289523e-07,FALSE,0,"XLOC_004289","MEF2D","ENST00000493077.1","ENST00000493077.1","=","XLOC_004289",FALSE
"isoComp_00016687","geneComp_00002397","TCONS_00018084","XLOC_004289","T_minus","T_plus","MEF2D","unknown","unknown",38.3763958285622,49.3532696445952,27.3995220125292,4.44072030446788,3.29257071833202,-0.848760786955851,,0.759756839798578,0.811200794713132,0.708312884884025,0.128256265978586,0.208330977296289,-0.193122629217815,,0.0208666666666667,0.0162666666666667,0.0254666666666667,0.0092,0.686707379203282,9.57612026289523e-07,,0,"XLOC_004289","MEF2D","ENST00000489057.1","ENST00000489057.1","=","XLOC_004289",FALSE
"isoComp_00017958","geneComp_00002614","TCONS_00019593","XLOC_004716","T_minus","T_plus","PHLDA3","unknown","unknown",42.2138494153182,45.1654655479171,39.2622332827193,6.37508865284535,4.61077165858257,-0.202029826951467,,20.4559527176193,16.453548733624,24.4583567016146,1.05791860863813,2.64451949426129,0.571641869491439,,0.499433333333333,0.373866666666667,0.625,0.251133333333333,1.05150104921314e-07,1.05150104921314e-07,FALSE,1,"XLOC_004716","PHLDA3","ENST00000367311.5","ENST00000367311.5","=","XLOC_004716",FALSE
"isoComp_00017960","geneComp_00002614","TCONS_00019595","XLOC_004716","T_minus","T_plus","PHLDA3","unknown","unknown",42.2138494153182,45.1654655479171,39.2622332827193,6.37508865284535,4.61077165858257,-0.202029826951467,,0.571310953060184,0.344490635713663,0.798131270406705,0.0954678474666785,0.217445679046309,1.18884214155972,,0.01395,0.00843333333333333,0.0194666666666667,0.0110333333333333,0.500536731435056,1.05150104921314e-07,FALSE,0,"XLOC_004716","PHLDA3","ENST00000485436.1","ENST00000485436.1","=","XLOC_004716",FALSE
"isoComp_00017961","geneComp_00002614","TCONS_00019596","XLOC_004716","T_minus","T_plus","PHLDA3","unknown","unknown",42.2138494153182,45.1654655479171,39.2622332827193,6.37508865284535,4.61077165858257,-0.202029826951467,,13.041020515046,16.7875833403747,9.29445768971737,4.04164196501673,1.95822475071782,-0.852259717771906,,0.295816666666667,0.359766666666667,0.231866666666667,-0.1279,0.167971701059289,1.05150104921314e-07,FALSE,0,"XLOC_004716","PHLDA3","PB.920.1","ENST00000497057.1","=","XLOC_004716",TRUE
"isoComp_00017962","geneComp_00002614","TCONS_00019597","XLOC_004716","T_minus","T_plus","PHLDA3","unknown","unknown",42.2138494153182,45.1654655479171,39.2622332827193,6.37508865284535,4.61077165858257,-0.202029826951467,,8.09942812316628,11.5527215806802,4.64613466565241,1.4795394127563,0.271300936331348,-1.31227632291375,,0.189833333333333,0.2574,0.122266666666667,-0.135133333333333,5.2022229510063e-05,1.05150104921314e-07,TRUE,0,"XLOC_004716","PHLDA3","ENST00000367309.1","ENST00000367309.1","=","XLOC_004716",FALSE
"isoComp_00018355","geneComp_00002664","TCONS_00019883","XLOC_004792","T_minus","T_plus","RAB7B","unknown","unknown",312.33301185413,340.1872396716,284.47878403666,29.4959784856897,27.3673119576253,-0.257999659720542,,47.9796773125441,65.0723088167288,30.8870458083594,7.04573607759478,1.04047663719731,-1.0747965291986,,0.15025,0.190566666666667,0.109933333333333,-0.0806333333333333,2.72448408323925e-09,2.11035858489732e-132,FALSE,0,"XLOC_004792","RAB7B","PB.1663.1","ENST00000617070.5","=","XLOC_004792",TRUE
"isoComp_00018357","geneComp_00002664","TCONS_00019886","XLOC_004792","T_minus","T_plus","RAB7B","unknown","unknown",312.33301185413,340.1872396716,284.47878403666,29.4959784856897,27.3673119576253,-0.257999659720542,,12.2622869165877,15.0690296285818,9.45554420459363,2.26976388940434,0.703913648665038,-0.671786232130586,,0.0386833333333333,0.0438666666666667,0.0335,-0.0103666666666667,0.29941370361498,2.11035858489732e-132,FALSE,0,"XLOC_004792","RAB7B","PB.1663.7","ENST00000623893.1","=","XLOC_004792",TRUE
"isoComp_00018358","geneComp_00002664","TCONS_00022983","XLOC_004792","T_minus","T_plus","RAB7B","unknown","unknown",312.33301185413,340.1872396716,284.47878403666,29.4959784856897,27.3673119576253,-0.257999659720542,,9.46572749473314,7.70651281554444,11.2249421739218,0.411682180219439,0.747715167006312,0.541971770277108,,0.0313,0.0228666666666667,0.0397333333333333,0.0168666666666667,5.77966529328489e-05,2.11035858489732e-132,FALSE,0,"XLOC_004792","RAB7B","PB.1663.19","ENST00000617070.5","j","XLOC_004792",TRUE
"isoComp_00018359","geneComp_00002664","TCONS_00024199","XLOC_004792","T_minus","T_plus","RAB7B","unknown","unknown",312.33301185413,340.1872396716,284.47878403666,29.4959784856897,27.3673119576253,-0.257999659720542,,78.841770238375,109.79845904967,47.88508142708,10.8481091883666,5.12976553876108,-1.19703978455629,,0.245383333333333,0.3224,0.168366666666667,-0.154033333333333,1.5990475176085e-13,2.11035858489732e-132,FALSE,0,"XLOC_004792","RAB7B","PB.1663.8","ENST00000617070.5","c","XLOC_004792",TRUE
"isoComp_00018361","geneComp_00002664","TCONS_00024201","XLOC_004792","T_minus","T_plus","RAB7B","unknown","unknown",312.33301185413,340.1872396716,284.47878403666,29.4959784856897,27.3673119576253,-0.257999659720542,,14.7676802517536,0,29.5353605035072,0,1.90778121995917,11.5287158870079,,0.053,0,0.106,0.106,2.11035858489732e-132,2.11035858489732e-132,FALSE,0,"XLOC_004792","RAB7B","PB.953.7","ENST00000617070.5","c","XLOC_004792",TRUE
"isoComp_00018362","geneComp_00002664","TCONS_00024202","XLOC_004792","T_minus","T_plus","RAB7B","unknown","unknown",312.33301185413,340.1872396716,284.47878403666,29.4959784856897,27.3673119576253,-0.257999659720542,,101.423539196522,101.824546242044,101.022532150999,8.89087661318225,14.7266338454553,-0.0114071518073446,,0.325883333333333,0.299833333333333,0.351933333333333,0.0521,0.259090516143242,2.11035858489732e-132,,0,"XLOC_004792","RAB7B","PB.953.11","ENST00000617070.5","c","XLOC_004792",TRUE
"isoComp_00018364","geneComp_00002664","TCONS_00027102","XLOC_004792","T_minus","T_plus","RAB7B","unknown","unknown",312.33301185413,340.1872396716,284.47878403666,29.4959784856897,27.3673119576253,-0.257999659720542,,45.6771887023683,38.669529614223,52.6848477905136,1.90215670779509,6.90614260169311,0.446091659894172,,0.149416666666667,0.114433333333333,0.1844,0.0699666666666667,5.49690277658216e-07,2.11035858489732e-132,FALSE,0,"XLOC_004792","RAB7B","PB.1663.12","ENST00000617070.5","c","XLOC_004792",TRUE
"isoComp_00018443","geneComp_00002678","TCONS_00019954","XLOC_004809","T_minus","T_plus","YOD1","unknown","unknown",4.21012089570966,4.4897477065353,3.93049408488401,0.221920528511123,0.0635959901194476,-0.191467578618021,,3.27090467471246,2.99617540382047,3.54563394560446,0.530919251668956,0.0878258109078196,0.242177615755463,,0.78055,0.659066666666667,0.902033333333333,0.242966666666667,0.0285865869151899,0.0285865869151899,FALSE,0,"XLOC_004809","YOD1","ENST00000315927.9","ENST00000315927.9","=","XLOC_004809",FALSE
"isoComp_00018444","geneComp_00002678","TCONS_00019955","XLOC_004809","T_minus","T_plus","YOD1","unknown","unknown",4.21012089570966,4.4897477065353,3.93049408488401,0.221920528511123,0.0635959901194476,-0.191467578618021,,0.939216220997196,1.49357230271484,0.384860139279557,0.322901163216623,0.0608030161187183,-1.92898060317507,,0.21945,0.340933333333333,0.0979666666666667,-0.242966666666667,0.0751757126589265,0.0285865869151899,FALSE,0,"XLOC_004809","YOD1","ENST00000367084.1","ENST00000367084.1","=","XLOC_004809",FALSE
"isoComp_00018465","geneComp_00002686","TCONS_00020016","XLOC_004829","T_minus","T_plus","C1orf74","unknown","unknown",3.32739514319775,3.59579856649202,3.05899171990348,0.0566594916600233,0.197902708831713,-0.232554051196191,,2.63229697929684,3.22149685148591,2.04309710710777,0.0753556125168311,0.083812206607292,-0.654400720514846,,0.782916666666667,0.895766666666667,0.670066666666667,-0.2257,8.6507955232303e-07,8.6507955232303e-07,FALSE,0,"XLOC_004829","C1orf74","ENST00000294811.2","ENST00000294811.2","=","XLOC_004829",FALSE
"isoComp_00018467","geneComp_00002686","TCONS_00020018","XLOC_004829","T_minus","T_plus","IRF6","unknown","unknown",3.32739514319775,3.59579856649202,3.05899171990348,0.0566594916600233,0.197902708831713,-0.232554051196191,,0.417173501950555,0.191644238966379,0.64270276493473,0.10020546570808,0.0510219304774034,1.69461396263843,,0.132033333333333,0.0525666666666667,0.2115,0.158933333333333,0.355657382327923,8.6507955232303e-07,FALSE,0,"XLOC_004829","IRF6","ENST00000367021.8","ENST00000367021.8","=","XLOC_004829",FALSE
"isoComp_00018468","geneComp_00002686","TCONS_00020019","XLOC_004829","T_minus","T_plus","IRF6","unknown","unknown",3.32739514319775,3.59579856649202,3.05899171990348,0.0566594916600233,0.197902708831713,-0.232554051196191,,0.0742932663123753,0.0346775584594389,0.113908974165312,0.021476609507821,0.0375573500293374,1.47165842647852,,0.0232166666666667,0.0096,0.0368333333333333,0.0272333333333333,0.594372266234571,8.6507955232303e-07,FALSE,0,"XLOC_004829","IRF6","ENST00000542854.5","ENST00000542854.5","=","XLOC_004829",FALSE
"isoComp_00018470","geneComp_00002686","TCONS_00028709","XLOC_004829","T_minus","T_plus","ENSG00000289700","unknown","unknown",3.32739514319775,3.59579856649202,3.05899171990348,0.0566594916600233,0.197902708831713,-0.232554051196191,,0.177215682026376,0.147979917580288,0.206451446472464,0.144297363329644,0.0902032243752783,0.454302267080406,,0.0533,0.0420666666666667,0.0645333333333333,0.0224666666666667,0.649242971535152,8.6507955232303e-07,FALSE,0,"XLOC_004829","ENSG00000289700","PB.1386.1","ENST00000696133.1","j","XLOC_004829",TRUE
"isoComp_00019158","geneComp_00002821","TCONS_00020824","XLOC_005050","T_minus","T_plus","C1orf198","unknown","unknown",14.7050740774597,14.0227364706194,15.3874116843,1.56814800150152,0.708169562217952,0.133891482383176,,9.08840680298781,7.81922303729509,10.3575905686805,0.963118728210984,0.530858260930799,0.405139601915424,,0.614483333333333,0.556133333333333,0.672833333333333,0.1167,0.000389632530807727,0.000389632530807727,FALSE,1,"XLOC_005050","C1orf198","ENST00000366663.10","ENST00000366663.10","=","XLOC_005050",FALSE
"isoComp_00019161","geneComp_00002821","TCONS_00020828","XLOC_005050","T_minus","T_plus","C1orf198","unknown","unknown",14.7050740774597,14.0227364706194,15.3874116843,1.56814800150152,0.708169562217952,0.133891482383176,,0.38895458142611,0.397749768364296,0.380159394487925,0.223399461040539,0.0584497238320047,-0.0636204188848469,,0.02565,0.0261666666666667,0.0251333333333333,-0.00103333333333333,0.985342397015185,0.000389632530807727,,0,"XLOC_005050","C1orf198","ENST00000522201.1","ENST00000522201.1","=","XLOC_005050",FALSE
"isoComp_00019164","geneComp_00002821","TCONS_00028769","XLOC_005050","T_minus","T_plus","C1orf198","unknown","unknown",14.7050740774597,14.0227364706194,15.3874116843,1.56814800150152,0.708169562217952,0.133891482383176,,5.16714253618562,5.74487547531067,4.58940959706058,0.388895209421249,0.299590528070158,-0.323336029894475,,0.355833333333333,0.4138,0.297866666666667,-0.115933333333333,0.00619272171056221,0.000389632530807727,FALSE,0,"XLOC_005050","C1orf198","PB.1512.1","ENST00000470540.5","c","XLOC_005050",TRUE
"isoComp_00020111","geneComp_00002962","TCONS_00029470","XLOC_005397","T_minus","T_plus","PLXDC2","unknown","unknown",28.39643717444,31.4691822341611,25.3236921147189,3.78424292733047,1.78540386479591,-0.313340713268811,,1.45852180802975,1.32914388128873,1.58789973477076,0.129458546594981,0.147402487413625,0.254865908582769,,0.0530333333333333,0.0425,0.0635666666666667,0.0210666666666667,0.475792702086241,4.5897728849056e-09,FALSE,0,"XLOC_005397","PLXDC2","ENST00000377242.7","ENST00000377242.7","=","XLOC_005397",FALSE
"isoComp_00020112","geneComp_00002962","TCONS_00029471","XLOC_005397","T_minus","T_plus","PLXDC2","unknown","unknown",28.39643717444,31.4691822341611,25.3236921147189,3.78424292733047,1.78540386479591,-0.313340713268811,,10.7496200976227,13.7487364658355,7.75050372940991,1.74921111281276,0.575249217944293,-0.826125781170194,,0.371183333333333,0.436166666666667,0.3062,-0.129966666666667,7.59319853065335e-05,4.5897728849056e-09,FALSE,0,"XLOC_005397","PLXDC2","ENST00000377252.5","ENST00000377252.5","=","XLOC_005397",FALSE
"isoComp_00020114","geneComp_00002962","TCONS_00037636","XLOC_005397","T_minus","T_plus","PLXDC2","unknown","unknown",28.39643717444,31.4691822341611,25.3236921147189,3.78424292733047,1.78540386479591,-0.313340713268811,,0.310974788174651,0,0.621949576349302,0,0.337946112927487,5.9817375443452,,0.0121833333333333,0,0.0243666666666667,0.0243666666666667,0.000375002974857584,4.5897728849056e-09,FALSE,0,"XLOC_005397","PLXDC2","PB.1197.5","ENST00000377252.5","c","XLOC_005397",TRUE
"isoComp_00020116","geneComp_00002962","TCONS_00038405","XLOC_005397","T_minus","T_plus","PLXDC2","unknown","unknown",28.39643717444,31.4691822341611,25.3236921147189,3.78424292733047,1.78540386479591,-0.313340713268811,,1.92775530915164,0.913051450875395,2.94245916742788,0.076350308201978,0.351772256779583,1.67743413623074,,0.0728166666666667,0.0299666666666667,0.115666666666667,0.0857,4.5897728849056e-09,4.5897728849056e-09,FALSE,0,"XLOC_005397","PLXDC2","PB.1175.3","ENST00000377252.5","j","XLOC_005397",TRUE
"isoComp_00020117","geneComp_00002962","TCONS_00038926","XLOC_005397","T_minus","T_plus","PLXDC2","unknown","unknown",28.39643717444,31.4691822341611,25.3236921147189,3.78424292733047,1.78540386479591,-0.313340713268811,,8.58680548424546,9.63088218706641,7.5427287814245,1.84020457523521,0.496529030409283,-0.35216718540864,,0.30045,0.302766666666667,0.298133333333333,-0.00463333333333327,0.983604977355794,4.5897728849056e-09,FALSE,0,"XLOC_005397","PLXDC2","PB.2077.4","ENST00000377252.5","j","XLOC_005397",TRUE
"isoComp_00020118","geneComp_00002962","TCONS_00038927","XLOC_005397","T_minus","T_plus","PLXDC2","unknown","unknown",28.39643717444,31.4691822341611,25.3236921147189,3.78424292733047,1.78540386479591,-0.313340713268811,,1.74192309570251,0.418413064182023,3.065433127223,0.418413064182023,0.494120800363942,2.84371522612641,,0.06635,0.0111,0.1216,0.1105,0.0699217358014953,4.5897728849056e-09,FALSE,0,"XLOC_005397","PLXDC2","PB.2077.6","ENST00000377252.5","c","XLOC_005397",TRUE
"isoComp_00020119","geneComp_00002962","TCONS_00039379","XLOC_005397","T_minus","T_plus","PLXDC2","unknown","unknown",28.39643717444,31.4691822341611,25.3236921147189,3.78424292733047,1.78540386479591,-0.313340713268811,,3.24255176229035,4.87363546655006,1.61146805803065,0.519857986477206,0.90127496962017,-1.59065491217562,,0.11145,0.161133333333333,0.0617666666666667,-0.0993666666666667,0.55543630094526,4.5897728849056e-09,FALSE,0,"XLOC_005397","PLXDC2","PB.1670.3","ENST00000377252.5","c","XLOC_005397",TRUE
"isoComp_00020740","geneComp_00003087","TCONS_00030516","XLOC_005743","T_minus","T_plus","REEP3","unknown","unknown",7.1324401146812,7.6801598753922,6.5847203539702,0.315147743361969,0.0575881782729943,-0.221702107594093,,3.66578121031896,4.36232694924368,2.96923547139424,0.355970835455516,0.0673605497111361,-0.553459130231141,,0.5092,0.5673,0.4511,-0.1162,0.222382666186095,0.0489817831813935,FALSE,0,"XLOC_005743","REEP3","ENST00000373758.5","ENST00000373758.5","=","XLOC_005743",FALSE
"isoComp_00020741","geneComp_00003087","TCONS_00030517","XLOC_005743","T_minus","T_plus","REEP3","unknown","unknown",7.1324401146812,7.6801598753922,6.5847203539702,0.315147743361969,0.0575881782729943,-0.221702107594093,,0.808177968299842,0.158474631545536,1.45788130505415,0.110806197692326,0.292109296787709,3.12313203879293,,0.120666666666667,0.0206333333333333,0.2207,0.200066666666667,0.0489817831813935,0.0489817831813935,TRUE,0,"XLOC_005743","REEP3","ENST00000634963.1","ENST00000634963.1","=","XLOC_005743",FALSE
"isoComp_00020742","geneComp_00003087","TCONS_00038984","XLOC_005743","T_minus","T_plus","REEP3","unknown","unknown",7.1324401146812,7.6801598753922,6.5847203539702,0.315147743361969,0.0575881782729943,-0.221702107594093,,2.6584809360624,3.15935829460299,2.15760357752182,0.154993630747792,0.199853438147258,-0.548089831663751,,0.37015,0.4121,0.3282,-0.0839,0.552536240404048,0.0489817831813935,FALSE,0,"XLOC_005743","REEP3","PB.2224.1","ENST00000373758.5","j","XLOC_005743",TRUE
"isoComp_00020861","geneComp_00003104","TCONS_00030698","XLOC_005782","T_minus","T_plus","KIFBP","unknown","unknown",3.26661399639266,3.41265794427389,3.12057004851142,0.11606019489169,0.174075878828834,-0.128691735788024,,0.0491833478579596,0.0776241787511759,0.0207425169647433,0.0393606774199962,0.0207425169647433,-1.51109373085093,,0.0141666666666667,0.022,0.00633333333333333,-0.0156666666666667,0.83794909896864,0.0266141169019544,FALSE,0,"XLOC_005782","KIFBP","ENST00000638119.2","ENST00000638119.2","=","XLOC_005782",FALSE
"isoComp_00020862","geneComp_00003104","TCONS_00030699","XLOC_005782","T_minus","T_plus","KIFBP","unknown","unknown",3.26661399639266,3.41265794427389,3.12057004851142,0.11606019489169,0.174075878828834,-0.128691735788024,,0.0622782783712052,0.0431153625820507,0.0814411941603598,0.0431153625820507,0.0814411941603598,0.78371505152976,,0.0184333333333333,0.0122333333333333,0.0246333333333333,0.0124,0.99631955106423,0.0266141169019544,FALSE,0,"XLOC_005782","KIFBP","ENST00000674660.1","ENST00000674660.1","=","XLOC_005782",FALSE
"isoComp_00020863","geneComp_00003104","TCONS_00030700","XLOC_005782","T_minus","T_plus","KIFBP","unknown","unknown",3.26661399639266,3.41265794427389,3.12057004851142,0.11606019489169,0.174075878828834,-0.128691735788024,,0.120490669592994,0.112640324048663,0.128341015137325,0.0161544655997484,0.0199008038388672,0.173795533873682,,0.0372,0.0327666666666667,0.0416333333333333,0.00886666666666667,0.930677909542882,0.0266141169019544,FALSE,1,"XLOC_005782","KIFBP","ENST00000674688.1","ENST00000674688.1","=","XLOC_005782",FALSE
"isoComp_00020865","geneComp_00003104","TCONS_00030704","XLOC_005782","T_minus","T_plus","KIFBP","unknown","unknown",3.26661399639266,3.41265794427389,3.12057004851142,0.11606019489169,0.174075878828834,-0.128691735788024,,2.16048082293216,2.64142440778389,1.67953723808043,0.0506477392978668,0.132885875920448,-0.650139469340314,,0.657766666666667,0.776466666666667,0.539066666666667,-0.2374,0.0266141169019544,0.0266141169019544,FALSE,0,"XLOC_005782","KIFBP","ENST00000361983.7","ENST00000361983.7","=","XLOC_005782",FALSE
"isoComp_00020868","geneComp_00003104","TCONS_00030707","XLOC_005782","T_minus","T_plus","KIFBP","unknown","unknown",3.26661399639266,3.41265794427389,3.12057004851142,0.11606019489169,0.174075878828834,-0.128691735788024,,0.655812831933503,0.418010719763032,0.893614944103974,0.0853358660262158,0.0624004812707356,1.07806120024368,,0.20395,0.121066666666667,0.286833333333333,0.165766666666667,0.0519333972268019,0.0266141169019544,FALSE,0,"XLOC_005782","KIFBP","ENST00000674897.1","ENST00000674897.1","=","XLOC_005782",FALSE
"isoComp_00020869","geneComp_00003104","TCONS_00030709","XLOC_005782","T_minus","T_plus","KIFBP","unknown","unknown",3.26661399639266,3.41265794427389,3.12057004851142,0.11606019489169,0.174075878828834,-0.128691735788024,,0.0589767511622329,0.0172589820610703,0.100694520263395,0.0172589820610703,0.0671628582646714,2.02178021247583,,0.0186666666666667,0.00543333333333333,0.0319,0.0264666666666667,0.777786980371771,0.0266141169019544,FALSE,0,"XLOC_005782","KIFBP","ENST00000481912.2","ENST00000481912.2","=","XLOC_005782",FALSE
"isoComp_00020870","geneComp_00003104","TCONS_00030710","XLOC_005782","T_minus","T_plus","KIFBP","unknown","unknown",3.26661399639266,3.41265794427389,3.12057004851142,0.11606019489169,0.174075878828834,-0.128691735788024,,0.128093441018383,0.0946890815110672,0.161497800525698,0.0542499279378693,0.0643436548858175,0.712079088780715,,0.0389,0.0278,0.05,0.0222,0.856960920867478,0.0266141169019544,FALSE,0,"XLOC_005782","KIFBP","ENST00000627949.4","ENST00000627949.4","=","XLOC_005782",FALSE
"isoComp_00021074","geneComp_00003141","TCONS_00030970","XLOC_005842","T_minus","T_plus","PPP3CB-AS1","unknown","unknown",2.30384852969364,2.55747484536446,2.05022221402281,0.0529462389011796,0.209837029700691,-0.317550188113962,,0.0481871199611437,0.0645291133666579,0.0318451265556294,0.0335533545747919,0.0159351553857801,-0.832744486037371,,0.0214333333333333,0.0258,0.0170666666666667,-0.00873333333333333,0.9700557269842,0.0203334488039757,FALSE,2,"XLOC_005842","PPP3CB-AS1","ENST00000422977.2","ENST00000422977.2","=","XLOC_005842",FALSE
"isoComp_00021075","geneComp_00003141","TCONS_00030971","XLOC_005842","T_minus","T_plus","PPP3CB-AS1","unknown","unknown",2.30384852969364,2.55747484536446,2.05022221402281,0.0529462389011796,0.209837029700691,-0.317550188113962,,0.247473573592868,0.281832923811026,0.21311422337471,0.214427522001585,0.106634236210412,-0.38736016613175,,0.1008,0.107033333333333,0.0945666666666667,-0.0124666666666667,0.990561991876313,0.0203334488039757,FALSE,1,"XLOC_005842","PPP3CB-AS1","ENST00000690300.1","ENST00000690300.1","=","XLOC_005842",FALSE
"isoComp_00021076","geneComp_00003141","TCONS_00030972","XLOC_005842","T_minus","T_plus","PPP3CB-AS1","unknown","unknown",2.30384852969364,2.55747484536446,2.05022221402281,0.0529462389011796,0.209837029700691,-0.317550188113962,,0.0260540023274518,0,0.0521080046549036,0,0.0521080046549036,2.63477921903697,,0.0112333333333333,0,0.0224666666666667,0.0224666666666667,0.911485775250552,0.0203334488039757,FALSE,1,"XLOC_005842","PPP3CB-AS1","ENST00000600887.2","ENST00000600887.2","=","XLOC_005842",FALSE
"isoComp_00021077","geneComp_00003141","TCONS_00030973","XLOC_005842","T_minus","T_plus","PPP3CB-AS1","unknown","unknown",2.30384852969364,2.55747484536446,2.05022221402281,0.0529462389011796,0.209837029700691,-0.317550188113962,,0.254620363348628,0.223792620449151,0.285448106248104,0.147861423492298,0.040261008872977,0.337675358992694,,0.1149,0.0888,0.141,0.0522,0.766541326763208,0.0203334488039757,FALSE,1,"XLOC_005842","PPP3CB-AS1","PB.2281.4","ENST00000690541.1","=","XLOC_005842",TRUE
"isoComp_00021078","geneComp_00003141","TCONS_00030974","XLOC_005842","T_minus","T_plus","PPP3CB-AS1","unknown","unknown",2.30384852969364,2.55747484536446,2.05022221402281,0.0529462389011796,0.209837029700691,-0.317550188113962,,0.0377758284405704,0.0755516568811407,0,0.0185702809782915,0,-3.09679579569725,,0.0146833333333333,0.0293666666666667,0,-0.0293666666666667,0.276826923931221,0.0203334488039757,FALSE,2,"XLOC_005842","PPP3CB-AS1","ENST00000620559.2","ENST00000620559.2","=","XLOC_005842",FALSE
"isoComp_00021079","geneComp_00003141","TCONS_00030975","XLOC_005842","T_minus","T_plus","PPP3CB-AS1","unknown","unknown",2.30384852969364,2.55747484536446,2.05022221402281,0.0529462389011796,0.209837029700691,-0.317550188113962,,0.288529479678669,0.192451883832855,0.384607075524483,0.110662496007031,0.0442959969602013,0.962837757135408,,0.13655,0.0769333333333333,0.196166666666667,0.119233333333333,0.687652461142597,0.0203334488039757,FALSE,2,"XLOC_005842","PPP3CB-AS1","ENST00000442133.9","ENST00000442133.9","=","XLOC_005842",FALSE
"isoComp_00021080","geneComp_00003141","TCONS_00030976","XLOC_005842","T_minus","T_plus","PPP3CB-AS1","unknown","unknown",2.30384852969364,2.55747484536446,2.05022221402281,0.0529462389011796,0.209837029700691,-0.317550188113962,,0.138623698554748,0.143447817495281,0.133799579614215,0.0410626215930527,0.0690584881320584,-0.0936886681567753,,0.0619833333333333,0.0560333333333333,0.0679333333333333,0.0119,0.992247824530523,0.0203334488039757,FALSE,2,"XLOC_005842","PPP3CB-AS1","PB.1315.2","ENST00000620432.2","=","XLOC_005842",TRUE
"isoComp_00021081","geneComp_00003141","TCONS_00030977","XLOC_005842","T_minus","T_plus","PPP3CB-AS1","unknown","unknown",2.30384852969364,2.55747484536446,2.05022221402281,0.0529462389011796,0.209837029700691,-0.317550188113962,,0.149893460885534,0.109203729842968,0.1905831919281,0.0547102251662345,0.0964013870309948,0.750771340992534,,0.0719666666666667,0.0436,0.100333333333333,0.0567333333333333,0.94029923948586,0.0203334488039757,FALSE,2,"XLOC_005842","PPP3CB-AS1","PB.1824.1","ENST00000620302.2","=","XLOC_005842",TRUE
"isoComp_00021082","geneComp_00003141","TCONS_00030979","XLOC_005842","T_minus","T_plus","PPP3CB-AS1","unknown","unknown",2.30384852969364,2.55747484536446,2.05022221402281,0.0529462389011796,0.209837029700691,-0.317550188113962,,0.0809293263508211,0.0960380152428165,0.0658206374588256,0.0502608689492936,0.0658206374588257,-0.483919080983376,,0.0328333333333333,0.0373,0.0283666666666667,-0.00893333333333333,0.889478814124757,0.0203334488039757,FALSE,0,"XLOC_005842","PPP3CB-AS1","ENST00000596320.5","ENST00000596320.5","=","XLOC_005842",FALSE
"isoComp_00021086","geneComp_00003141","TCONS_00030987","XLOC_005842","T_minus","T_plus","PPP3CB-AS1","unknown","unknown",2.30384852969364,2.55747484536446,2.05022221402281,0.0529462389011796,0.209837029700691,-0.317550188113962,,0.162816547031029,0.0920439431139988,0.233589150948058,0.0536827565017757,0.0769129305681682,1.25525932666962,,0.0739333333333333,0.0367,0.111166666666667,0.0744666666666667,0.635444085211413,0.0203334488039757,,0,"XLOC_005842","PPP3CB-AS1","ENST00000439792.1","ENST00000439792.1","=","XLOC_005842",FALSE
"isoComp_00021087","geneComp_00003141","TCONS_00037724","XLOC_005842","T_minus","T_plus","PPP3CB-AS1","unknown","unknown",2.30384852969364,2.55747484536446,2.05022221402281,0.0529462389011796,0.209837029700691,-0.317550188113962,,0.512821573824208,0.81311582909405,0.212527318554367,0.120134636827029,0.0627434884390184,-1.88711300205872,,0.208183333333333,0.3163,0.100066666666667,-0.216233333333333,0.0203334488039757,0.0203334488039757,FALSE,1,"XLOC_005842","PPP3CB-AS1","PB.1346.1","ENST00000620302.2","j","XLOC_005842",TRUE
"isoComp_00021089","geneComp_00003141","TCONS_00038494","XLOC_005842","T_minus","T_plus","PPP3CB-AS1","unknown","unknown",2.30384852969364,2.55747484536446,2.05022221402281,0.0529462389011796,0.209837029700691,-0.317550188113962,,0.0449375200083702,0.0250546745019175,0.0648203655148228,0.0250546745019175,0.0648203655148228,1.09382417495991,,0.0198,0.0100333333333333,0.0295666666666667,0.0195333333333333,0.995503423616603,0.0203334488039757,FALSE,2,"XLOC_005842","PPP3CB-AS1","PB.1315.1","ENST00000620302.2","j","XLOC_005842",TRUE
"isoComp_00021090","geneComp_00003141","TCONS_00039012","XLOC_005842","T_minus","T_plus","PPP3CB-AS1","unknown","unknown",2.30384852969364,2.55747484536446,2.05022221402281,0.0529462389011796,0.209837029700691,-0.317550188113962,,0.0450567108853247,0.0221901197928047,0.0679233019778447,0.0221901197928047,0.0598844188098228,1.27543686681618,,0.0244166666666667,0.00833333333333333,0.0405,0.0321666666666667,0.920256194826434,0.0203334488039757,FALSE,1,"XLOC_005842","PPP3CB-AS1","PB.2281.1","ENST00000620302.2","j","XLOC_005842",TRUE
"isoComp_00021091","geneComp_00003141","TCONS_00039014","XLOC_005842","T_minus","T_plus","PPP3CB-AS1","unknown","unknown",2.30384852969364,2.55747484536446,2.05022221402281,0.0529462389011796,0.209837029700691,-0.317550188113962,,0.164853877130557,0.267527915004222,0.0621798392568923,0.164083969798688,0.041114575797132,-1.94296505601105,,0.0659333333333333,0.104666666666667,0.0272,-0.0774666666666667,0.893116890783793,0.0203334488039757,FALSE,1,"XLOC_005842","PPP3CB-AS1","PB.2281.2","ENST00000620302.2","j","XLOC_005842",TRUE
"isoComp_00021092","geneComp_00003141","TCONS_00039419","XLOC_005842","T_minus","T_plus","PPP3CB-AS1","unknown","unknown",2.30384852969364,2.55747484536446,2.05022221402281,0.0529462389011796,0.209837029700691,-0.317550188113962,,0.0317361760053838,0.0634723520107675,0,0.0363041338058817,0,-2.8772014591876,,0.01215,0.0243,0,-0.0243,0.72559506146455,0.0203334488039757,FALSE,1,"XLOC_005842","PPP3CB-AS1","PB.1824.2","ENST00000620302.2","j","XLOC_005842",TRUE
"isoComp_00021401","geneComp_00003193","TCONS_00031410","XLOC_005938","T_minus","T_plus","CCSER2","unknown","unknown",4.79499030324466,3.30974200763666,6.28023859885267,0.373053144403586,0.458489369002317,0.922043614396294,,2.31739108417772,1.66784553380594,2.96693663454949,0.110421885715127,0.195485942322264,0.827218609307747,,0.491466666666667,0.510033333333333,0.4729,-0.0371333333333334,0.812435615316641,1.78635678886079e-06,FALSE,0,"XLOC_005938","CCSER2","ENST00000372088.8","ENST00000372088.8","=","XLOC_005938",FALSE
"isoComp_00021403","geneComp_00003193","TCONS_00031414","XLOC_005938","T_minus","T_plus","CCSER2","unknown","unknown",4.79499030324466,3.30974200763666,6.28023859885267,0.373053144403586,0.458489369002317,0.922043614396294,,0.975755019884421,0.942045212121377,1.00946482764747,0.0390993041338479,0.0466529894576274,0.0987100089856404,,0.225566666666667,0.289633333333333,0.1615,-0.128133333333333,0.0320204038494706,1.78635678886079e-06,FALSE,0,"XLOC_005938","CCSER2","ENST00000543283.2","ENST00000543283.2","=","XLOC_005938",FALSE
"isoComp_00021406","geneComp_00003193","TCONS_00037754","XLOC_005938","T_minus","T_plus","CCSER2","unknown","unknown",4.79499030324466,3.30974200763666,6.28023859885267,0.373053144403586,0.458489369002317,0.922043614396294,,0.712170932048496,0.32498445064483,1.09935741345216,0.174812620552233,0.128673789192692,1.72755821374866,,0.132233333333333,0.0904333333333333,0.174033333333333,0.0836,0.73330744616119,1.78635678886079e-06,FALSE,0,"XLOC_005938","CCSER2","PB.1383.1","ENST00000372088.8","c","XLOC_005938",TRUE
"isoComp_00021407","geneComp_00003193","TCONS_00038520","XLOC_005938","T_minus","T_plus","CCSER2","unknown","unknown",4.79499030324466,3.30974200763666,6.28023859885267,0.373053144403586,0.458489369002317,0.922043614396294,,0.4047692960082,0.290119802185565,0.519418789830834,0.164965975569549,0.177836150126247,0.818870886608139,,0.0836833333333333,0.0872,0.0801666666666667,-0.00703333333333334,0.968476038292615,1.78635678886079e-06,FALSE,0,"XLOC_005938","CCSER2","PB.1346.1","ENST00000359979.8","c","XLOC_005938",TRUE
"isoComp_00021408","geneComp_00003193","TCONS_00039050","XLOC_005938","T_minus","T_plus","CCSER2","unknown","unknown",4.79499030324466,3.30974200763666,6.28023859885267,0.373053144403586,0.458489369002317,0.922043614396294,,0.324801414351963,0,0.649602828703925,0,0.0694390605133948,6.04352568066756,,0.0528333333333333,0,0.105666666666667,0.105666666666667,1.78635678886079e-06,1.78635678886079e-06,FALSE,0,"XLOC_005938","CCSER2","PB.2339.2","ENST00000372088.8","c","XLOC_005938",TRUE
"isoComp_00021541","geneComp_00003216","TCONS_00031630","XLOC_005989","T_minus","T_plus","IFIT3","unknown","unknown",143.653426205288,3.89840518445059,283.408447226126,0.293198198516606,53.5656044720177,6.18020981437474,,1.47356972182476,0.0381497398864355,2.90898970376309,0.0269488353166333,0.706797510902774,5.92179730737248,,0.0104166666666667,0.0107333333333333,0.0101,-0.000633333333333335,0.993381262998684,5.69522916225001e-13,FALSE,1,"XLOC_005989","IFIT3","ENST00000679781.1","ENST00000679781.1","=","XLOC_005989",FALSE
"isoComp_00021545","geneComp_00003216","TCONS_00031636","XLOC_005989","T_minus","T_plus","IFIT3","unknown","unknown",143.653426205288,3.89840518445059,283.408447226126,0.293198198516606,53.5656044720177,6.18020981437474,,10.5290563571062,0.269686801724252,20.7884259124882,0.0994248682092193,3.97032277603183,6.21651835938065,,0.0725666666666667,0.0714333333333333,0.0737,0.00226666666666667,0.962152113983413,5.69522916225001e-13,FALSE,1,"XLOC_005989","IFIT3","PB.1367.123","ENST00000371818.9","=","XLOC_005989",TRUE
"isoComp_00021547","geneComp_00003216","TCONS_00031638","XLOC_005989","T_minus","T_plus","IFIT3","unknown","unknown",143.653426205288,3.89840518445059,283.408447226126,0.293198198516606,53.5656044720177,6.18020981437474,,1.29826326225814,0.194779940403508,2.40174658411278,0.194779940403508,0.462503639438976,3.55793201753426,,0.0260333333333333,0.0435333333333333,0.00853333333333333,-0.035,0.973527713009061,5.69522916225001e-13,FALSE,1,"XLOC_005989","IFIT3","ENST00000679536.1","ENST00000679536.1","=","XLOC_005989",FALSE
"isoComp_00021548","geneComp_00003216","TCONS_00031639","XLOC_005989","T_minus","T_plus","IFIT3","unknown","unknown",143.653426205288,3.89840518445059,283.408447226126,0.293198198516606,53.5656044720177,6.18020981437474,,30.8811003707918,0.568278795329648,61.193921946254,0.216496435321379,10.819089360083,6.72571509203534,,0.1789,0.140933333333333,0.216866666666667,0.0759333333333333,0.558772053741821,5.69522916225001e-13,FALSE,1,"XLOC_005989","IFIT3","PB.2363.3","ENST00000371811.4","=","XLOC_005989",TRUE
"isoComp_00021552","geneComp_00003216","TCONS_00031644","XLOC_005989","T_minus","T_plus","IFIT3","unknown","unknown",143.653426205288,3.89840518445059,283.408447226126,0.293198198516606,53.5656044720177,6.18020981437474,,39.4576945312873,0.668313288489749,78.247075774085,0.412235684547138,13.8526280947187,6.85012563575964,,0.2278,0.178133333333333,0.277466666666667,0.0993333333333333,0.819973930597807,5.69522916225001e-13,FALSE,1,"XLOC_005989","IFIT3","ENST00000681207.1","ENST00000681207.1","=","XLOC_005989",FALSE
"isoComp_00021553","geneComp_00003216","TCONS_00037770","XLOC_005989","T_minus","T_plus","IFIT3","unknown","unknown",143.653426205288,3.89840518445059,283.408447226126,0.293198198516606,53.5656044720177,6.18020981437474,,8.47238459882143,0.850854751305592,16.0939144463373,0.160405761702886,8.34409475010493,4.22549776490646,,0.13845,0.226533333333333,0.0503666666666667,-0.176166666666667,0.00832593659900636,5.69522916225001e-13,TRUE,0,"XLOC_005989","IFIT3","PB.1400.5","ENST00000679438.1","j","XLOC_005989",TRUE
"isoComp_00021554","geneComp_00003216","TCONS_00038537","XLOC_005989","T_minus","T_plus","IFIT3","unknown","unknown",143.653426205288,3.89840518445059,283.408447226126,0.293198198516606,53.5656044720177,6.18020981437474,,19.3047294669308,0.177520958342437,38.4319379755191,0.177520958342437,7.38231879652085,7.67948541047144,,0.0875666666666667,0.0396666666666667,0.135466666666667,0.0958,0.400760275644707,5.69522916225001e-13,TRUE,0,"XLOC_005989","IFIT3","PB.1367.76","ENST00000679438.1","j","XLOC_005989",TRUE
"isoComp_00021555","geneComp_00003216","TCONS_00038538","XLOC_005989","T_minus","T_plus","IFIT3","unknown","unknown",143.653426205288,3.89840518445059,283.408447226126,0.293198198516606,53.5656044720177,6.18020981437474,,5.6515645995688,0.123623494205791,11.1795057049318,0.0723638274779793,1.09958641044386,6.38782880621324,,0.0374833333333333,0.0339666666666667,0.041,0.00703333333333334,0.864892991539374,5.69522916225001e-13,FALSE,0,"XLOC_005989","IFIT3","PB.1367.111","ENST00000679438.1","j","XLOC_005989",TRUE
"isoComp_00021557","geneComp_00003216","TCONS_00038540","XLOC_005989","T_minus","T_plus","IFIT3","unknown","unknown",143.653426205288,3.89840518445059,283.408447226126,0.293198198516606,53.5656044720177,6.18020981437474,,0.339959196930557,0.679918393861114,0,0.302433116479791,0,-6.10835381948174,,0.0877666666666667,0.175533333333333,0,-0.175533333333333,5.69522916225001e-13,5.69522916225001e-13,FALSE,1,"XLOC_005989","IFIT3","PB.1367.121","ENST00000679781.1","o","XLOC_005989",TRUE
"isoComp_00021558","geneComp_00003216","TCONS_00038541","XLOC_005989","T_minus","T_plus","IFIT3","unknown","unknown",143.653426205288,3.89840518445059,283.408447226126,0.293198198516606,53.5656044720177,6.18020981437474,,21.1560622739076,0.137430218230286,42.1746943295849,0.137430218230286,6.17497048627294,8.16054357887339,,0.09445,0.0371333333333333,0.151766666666667,0.114633333333333,0.340566980336585,5.69522916225001e-13,TRUE,0,"XLOC_005989","IFIT3","PB.1367.138","ENST00000679438.1","j","XLOC_005989",TRUE
"isoComp_00021561","geneComp_00003216","TCONS_00039439","XLOC_005989","T_minus","T_plus","IFIT3","unknown","unknown",143.653426205288,3.89840518445059,283.408447226126,0.293198198516606,53.5656044720177,6.18020981437474,,3.47649054498704,0.17505538947657,6.77792570049751,0.17505538947657,2.38458538778579,5.19694171565186,,0.0309166666666667,0.0391333333333333,0.0227,-0.0164333333333333,0.831553285705676,5.69522916225001e-13,TRUE,0,"XLOC_005989","IFIT3","PB.1871.27","ENST00000679438.1","j","XLOC_005989",TRUE
"isoComp_00021565","geneComp_00003218","TCONS_00031650","XLOC_005992","T_minus","T_plus","IFIT5","unknown","unknown",101.643020175373,3.11876790124154,200.167272449504,0.270695060012422,34.109728994922,5.99953973349521,,4.43258718838527,0.823591670122816,8.04158270664772,0.0350897468972778,0.366473059569788,3.27185963662534,,0.1547,0.267533333333333,0.0418666666666667,-0.225666666666667,1.07536328676476e-18,2.14102622024539e-22,FALSE,1,"XLOC_005992","IFIT5","ENST00000371795.5","ENST00000371795.5","=","XLOC_005992",FALSE
"isoComp_00021567","geneComp_00003218","TCONS_00031652","XLOC_005992","T_minus","T_plus","IFIT5","unknown","unknown",101.643020175373,3.11876790124154,200.167272449504,0.270695060012422,34.109728994922,5.99953973349521,,0.045613024018543,0.0912260480370859,0,0.0912260480370859,0,-3.33950867482521,,0.0129,0.0258,0,-0.0258,0.477628529411057,2.14102622024539e-22,FALSE,0,"XLOC_005992","IFIT5","ENST00000681163.1","ENST00000681163.1","=","XLOC_005992",FALSE
"isoComp_00021568","geneComp_00003218","TCONS_00031653","XLOC_005992","T_minus","T_plus","IFIT5","unknown","unknown",101.643020175373,3.11876790124154,200.167272449504,0.270695060012422,34.109728994922,5.99953973349521,,1.80758269858606,0.259774325662541,3.35539107150958,0.144978681566085,0.61707133834708,3.64094920224239,,0.0547833333333333,0.0929,0.0166666666666667,-0.0762333333333333,0.727776801095137,2.14102622024539e-22,FALSE,0,"XLOC_005992","IFIT5","ENST00000681348.1","ENST00000681348.1","=","XLOC_005992",FALSE
"isoComp_00021571","geneComp_00003218","TCONS_00037771","XLOC_005992","T_minus","T_plus","IFIT1","unknown","unknown",101.643020175373,3.11876790124154,200.167272449504,0.270695060012422,34.109728994922,5.99953973349521,,23.8337497474515,0.120262437609204,47.5472370572938,0.120262437609204,11.6626990022896,8.51209996145602,,0.134833333333333,0.0374666666666667,0.2322,0.194733333333333,0.247485211158802,2.14102622024539e-22,FALSE,1,"XLOC_005992","IFIT1","PB.1401.3","ENST00000546318.2","j","XLOC_005992",TRUE
"isoComp_00021572","geneComp_00003218","TCONS_00037772","XLOC_005992","T_minus","T_plus","IFIT5","unknown","unknown",101.643020175373,3.11876790124154,200.167272449504,0.270695060012422,34.109728994922,5.99953973349521,,3.28444164099105,0.393847850462745,6.17503543151935,0.101899195813819,1.05858581784366,3.93689809423351,,0.0775,0.124166666666667,0.0308333333333333,-0.0933333333333333,6.39614173763122e-07,2.14102622024539e-22,FALSE,1,"XLOC_005992","IFIT5","PB.1403.2","ENST00000681348.1","n","XLOC_005992",TRUE
"isoComp_00021573","geneComp_00003218","TCONS_00038544","XLOC_005992","T_minus","T_plus","IFIT1","unknown","unknown",101.643020175373,3.11876790124154,200.167272449504,0.270695060012422,34.109728994922,5.99953973349521,,7.87187469799175,0.105229632908054,15.6385197630754,0.105229632908054,2.6890281417134,7.08537061120276,,0.0558333333333333,0.0328,0.0788666666666667,0.0460666666666667,0.451571443733608,2.14102622024539e-22,FALSE,1,"XLOC_005992","IFIT1","PB.1367.192","ENST00000546318.2","j","XLOC_005992",TRUE
"isoComp_00021575","geneComp_00003218","TCONS_00038546","XLOC_005992","T_minus","T_plus","IFIT1","unknown","unknown",101.643020175373,3.11876790124154,200.167272449504,0.270695060012422,34.109728994922,5.99953973349521,,53.413000941574,0.811204003818734,106.014797879329,0.102040083843631,19.5121793608736,7.01244535592215,,0.392883333333333,0.258333333333333,0.527433333333333,0.2691,2.14102622024539e-22,2.14102622024539e-22,FALSE,0,"XLOC_005992","IFIT1","PB.1367.199","ENST00000546318.2","j","XLOC_005992",TRUE
"isoComp_00021577","geneComp_00003218","TCONS_00038549","XLOC_005992","T_minus","T_plus","IFIT1","unknown","unknown",101.643020175373,3.11876790124154,200.167272449504,0.270695060012422,34.109728994922,5.99953973349521,,0.637863190444834,0.327920659160336,0.947805721729332,0.327920659160336,0.14351012716118,1.50304849997029,,0.04885,0.0927333333333333,0.00496666666666667,-0.0877666666666667,0.991118046431388,2.14102622024539e-22,FALSE,1,"XLOC_005992","IFIT1","PB.1367.202","ENST00000546318.2","j","XLOC_005992",TRUE
"isoComp_00021578","geneComp_00003218","TCONS_00038550","XLOC_005992","T_minus","T_plus","IFIT1","unknown","unknown",101.643020175373,3.11876790124154,200.167272449504,0.270695060012422,34.109728994922,5.99953973349521,,4.76262796673413,0.126651377584774,9.3986045558835,0.126651377584774,2.99776237758036,6.10540885556285,,0.05015,0.0485,0.0518,0.0033,0.675883035440019,2.14102622024539e-22,FALSE,1,"XLOC_005992","IFIT1","PB.1367.204","ENST00000546318.2","j","XLOC_005992",TRUE
"isoComp_00022641","geneComp_00003397","TCONS_00033224","XLOC_006358","T_minus","T_plus","INPP5A","unknown","unknown",2.25661382003913,2.47763210738865,2.03559553268962,0.191404997261062,0.0778314293961367,-0.282252227948132,,1.72110085232311,2.11527002630604,1.32693167834017,0.183489027058886,0.0601615108261675,-0.668720413802579,,0.7527,0.853,0.6524,-0.2006,0.00719662132970144,0.00719662132970144,FALSE,0,"XLOC_006358","INPP5A","ENST00000368594.8","ENST00000368594.8","=","XLOC_006358",FALSE
"isoComp_00022642","geneComp_00003397","TCONS_00033225","XLOC_006358","T_minus","T_plus","INPP5A","unknown","unknown",2.25661382003913,2.47763210738865,2.03559553268962,0.191404997261062,0.0778314293961367,-0.282252227948132,,0.0270185855587913,0.0375820117528763,0.0164551593647064,0.0375820117528763,0.0164551593647064,-0.846867161254432,,0.0109166666666667,0.0131666666666667,0.00866666666666667,-0.0045,0.997608571188131,0.00719662132970144,FALSE,0,"XLOC_006358","INPP5A","ENST00000368593.7","ENST00000368593.7","=","XLOC_006358",FALSE
"isoComp_00022643","geneComp_00003397","TCONS_00033228","XLOC_006358","T_minus","T_plus","INPP5A","unknown","unknown",2.25661382003913,2.47763210738865,2.03559553268962,0.191404997261062,0.0778314293961367,-0.282252227948132,,0.304070515794728,0.210392350933045,0.397748680656411,0.0316696973512399,0.032887104893436,0.887606055094845,,0.140333333333333,0.0841666666666667,0.1965,0.112333333333333,0.23669958117589,0.00719662132970144,FALSE,0,"XLOC_006358","INPP5A","ENST00000487614.1","ENST00000487614.1","=","XLOC_006358",FALSE
"isoComp_00022644","geneComp_00003397","TCONS_00033229","XLOC_006358","T_minus","T_plus","INPP5A","unknown","unknown",2.25661382003913,2.47763210738865,2.03559553268962,0.191404997261062,0.0778314293961367,-0.282252227948132,,0.0971108538755773,0.039449101853875,0.15477260589728,0.039449101853875,0.10919239625938,1.73646018605027,,0.0451666666666667,0.0168666666666667,0.0734666666666667,0.0566,0.812892419373697,0.00719662132970144,TRUE,0,"XLOC_006358","INPP5A","ENST00000498337.1","ENST00000498337.1","=","XLOC_006358",FALSE
"isoComp_00022645","geneComp_00003397","TCONS_00033230","XLOC_006358","T_minus","T_plus","INPP5A","unknown","unknown",2.25661382003913,2.47763210738865,2.03559553268962,0.191404997261062,0.0778314293961367,-0.282252227948132,,0.087102686276595,0.0345179641221406,0.139687408431049,0.0345179641221406,0.00874246808556672,1.74949334575848,,0.0418666666666667,0.0147666666666667,0.0689666666666667,0.0542,0.463822747331395,0.00719662132970144,FALSE,0,"XLOC_006358","INPP5A","ENST00000445580.1","ENST00000445580.1","=","XLOC_006358",FALSE
"isoComp_00023331","geneComp_00003525","TCONS_00034366","XLOC_006660","T_minus","T_plus","ARHGAP12","unknown","unknown",2.26558902850637,3.3411382030612,1.19003985395155,0.28893566487816,0.159708946475527,-1.48156886613946,,0.550174215074083,0.756411577178338,0.343936852969828,0.271189401384825,0.104906932912354,-1.11462736681596,,0.256966666666667,0.217866666666667,0.296066666666667,0.0782,0.914832720013447,0.00524744855908802,FALSE,0,"XLOC_006660","ARHGAP12","ENST00000344936.7","ENST00000344936.7","=","XLOC_006660",FALSE
"isoComp_00023332","geneComp_00003525","TCONS_00034367","XLOC_006660","T_minus","T_plus","ARHGAP12","unknown","unknown",2.26558902850637,3.3411382030612,1.19003985395155,0.28893566487816,0.159708946475527,-1.48156886613946,,0.0366736845387795,0,0.073347369077559,0,0.0540979558575213,3.05913666017553,,0.0328166666666667,0,0.0656333333333333,0.0656333333333333,0.537744392131859,0.00524744855908802,FALSE,0,"XLOC_006660","ARHGAP12","ENST00000375245.8","ENST00000375245.8","=","XLOC_006660",FALSE
"isoComp_00023333","geneComp_00003525","TCONS_00034368","XLOC_006660","T_minus","T_plus","ARHGAP12","unknown","unknown",2.26558902850637,3.3411382030612,1.19003985395155,0.28893566487816,0.159708946475527,-1.48156886613946,,0.158519475471431,0.249625770807447,0.0674131801354157,0.171386338099179,0.0674131801354157,-1.74578247300163,,0.0693,0.0812,0.0574,-0.0238,0.851870069765588,0.00524744855908802,FALSE,0,"XLOC_006660","ARHGAP12","ENST00000396144.8","ENST00000396144.8","=","XLOC_006660",FALSE
"isoComp_00023334","geneComp_00003525","TCONS_00034369","XLOC_006660","T_minus","T_plus","ARHGAP12","unknown","unknown",2.26558902850637,3.3411382030612,1.19003985395155,0.28893566487816,0.159708946475527,-1.48156886613946,,0.390215448469763,0.62774098382041,0.152689913119116,0.136519134935796,0.0208714412443114,-1.97084579185907,,0.156616666666667,0.185033333333333,0.1282,-0.0568333333333333,0.78869236885735,0.00524744855908802,FALSE,0,"XLOC_006660","ARHGAP12","ENST00000311380.8","ENST00000311380.8","=","XLOC_006660",FALSE
"isoComp_00023335","geneComp_00003525","TCONS_00034370","XLOC_006660","T_minus","T_plus","ARHGAP12","unknown","unknown",2.26558902850637,3.3411382030612,1.19003985395155,0.28893566487816,0.159708946475527,-1.48156886613946,,0.17700445535932,0.354008910718639,0,0.0606618759745974,0,-5.18590186204827,,0.0537166666666667,0.107433333333333,0,-0.107433333333333,0.00524744855908802,0.00524744855908802,FALSE,0,"XLOC_006660","ARHGAP12","ENST00000375250.9","ENST00000375250.9","=","XLOC_006660",FALSE
"isoComp_00023337","geneComp_00003525","TCONS_00034372","XLOC_006660","T_minus","T_plus","ARHGAP12","unknown","unknown",2.26558902850637,3.3411382030612,1.19003985395155,0.28893566487816,0.159708946475527,-1.48156886613946,,0.669178782999825,1.07471850033417,0.263639065665484,0.133293396458646,0.0541518544794765,-1.98697457743737,,0.275183333333333,0.3259,0.224466666666667,-0.101433333333333,0.711907325012044,0.00524744855908802,FALSE,0,"XLOC_006660","ARHGAP12","ENST00000497085.1","ENST00000497085.1","=","XLOC_006660",FALSE
"isoComp_00023338","geneComp_00003525","TCONS_00034373","XLOC_006660","T_minus","T_plus","ARHGAP12","unknown","unknown",2.26558902850637,3.3411382030612,1.19003985395155,0.28893566487816,0.159708946475527,-1.48156886613946,,0.0859431564213663,0.137281451133876,0.0346048617088568,0.0476461873629695,0.017364553561902,-1.72330287601069,,0.0370166666666667,0.0407,0.0333333333333333,-0.00736666666666667,0.971990381009141,0.00524744855908802,FALSE,1,"XLOC_006660","ARHGAP12","ENST00000493008.1","ENST00000493008.1","=","XLOC_006660",FALSE
"isoComp_00023339","geneComp_00003525","TCONS_00034374","XLOC_006660","T_minus","T_plus","ARHGAP12","unknown","unknown",2.26558902850637,3.3411382030612,1.19003985395155,0.28893566487816,0.159708946475527,-1.48156886613946,,0.0711602936108349,0.0458100727434288,0.096510514478241,0.0458100727434288,0.0618390613809674,0.932398425162439,,0.04235,0.0147666666666667,0.0699333333333333,0.0551666666666667,0.7309476390191,0.00524744855908802,FALSE,0,"XLOC_006660","ARHGAP12","ENST00000497103.1","ENST00000497103.1","=","XLOC_006660",FALSE
"isoComp_00023340","geneComp_00003525","TCONS_00034375","XLOC_006660","T_minus","T_plus","ARHGAP12","unknown","unknown",2.26558902850637,3.3411382030612,1.19003985395155,0.28893566487816,0.159708946475527,-1.48156886613946,,0.106509190350636,0.0551202839042185,0.157898096797054,0.0551202839042185,0.0996111303520438,1.36640698231601,,0.0695166666666667,0.0140666666666667,0.124966666666667,0.1109,0.673996552416749,0.00524744855908802,TRUE,0,"XLOC_006660","ARHGAP12","ENST00000454919.1","ENST00000454919.1","=","XLOC_006660",FALSE
"isoComp_00024113","geneComp_00003662","TCONS_00035391","XLOC_006953","T_minus","T_plus","MICU1","unknown","unknown",9.55041236880202,11.8055765833366,7.2952481542674,0.673849745569109,0.378738327235239,-0.693684846161727,,4.71480531854215,5.28056775048976,4.14904288659454,0.337956275025192,0.288632267663815,-0.347170989987003,,0.50735,0.446966666666667,0.567733333333333,0.120766666666667,0.0342720738421176,0.0342720738421176,FALSE,0,"XLOC_006953","MICU1","PB.2265.1","ENST00000361114.10","=","XLOC_006953",TRUE
"isoComp_00024119","geneComp_00003662","TCONS_00038120","XLOC_006953","T_minus","T_plus","MICU1","unknown","unknown",9.55041236880202,11.8055765833366,7.2952481542674,0.673849745569109,0.378738327235239,-0.693684846161727,,0.375626849453778,0.660505187186803,0.0907485117207519,0.47974685809333,0.0907485117207519,-2.73448996610203,,0.0319333333333333,0.0518,0.0120666666666667,-0.0397333333333333,0.777786980371771,0.0342720738421176,FALSE,0,"XLOC_006953","MICU1","PB.1816.2","ENST00000361114.10","c","XLOC_006953",TRUE
"isoComp_00024121","geneComp_00003662","TCONS_00038122","XLOC_006953","T_minus","T_plus","MICU1","unknown","unknown",9.55041236880202,11.8055765833366,7.2952481542674,0.673849745569109,0.378738327235239,-0.693684846161727,,1.23318031793412,1.97850859125279,0.487852044615443,0.939194726541917,0.261674314936024,-1.99789783502057,,0.123566666666667,0.177366666666667,0.0697666666666667,-0.1076,0.83608640304102,0.0342720738421176,FALSE,0,"XLOC_006953","MICU1","PB.1332.6","ENST00000361114.10","c","XLOC_006953",TRUE
"isoComp_00024122","geneComp_00003662","TCONS_00038125","XLOC_006953","T_minus","T_plus","MICU1","unknown","unknown",9.55041236880202,11.8055765833366,7.2952481542674,0.673849745569109,0.378738327235239,-0.693684846161727,,0.191588937724241,0.327631741753259,0.0555461336952229,0.182484596727605,0.0283694244559576,-2.36486795317794,,0.0171166666666667,0.0263666666666667,0.00786666666666667,-0.0185,0.715748961298666,0.0342720738421176,FALSE,0,"XLOC_006953","MICU1","PB.1332.9","ENST00000642044.1","j","XLOC_006953",TRUE
"isoComp_00024123","geneComp_00003662","TCONS_00038771","XLOC_006953","T_minus","T_plus","MICU1","unknown","unknown",9.55041236880202,11.8055765833366,7.2952481542674,0.673849745569109,0.378738327235239,-0.693684846161727,,2.64575713170966,3.12818324064154,2.16333102277777,0.503880271745126,0.26561739094539,-0.530021664755616,,0.279316666666667,0.262133333333333,0.2965,0.0343666666666667,0.879878508586682,0.0342720738421176,FALSE,0,"XLOC_006953","MICU1","PB.1302.2","ENST00000642044.1","c","XLOC_006953",TRUE
"isoComp_00024124","geneComp_00003662","TCONS_00039232","XLOC_006953","T_minus","T_plus","MICU1","unknown","unknown",9.55041236880202,11.8055765833366,7.2952481542674,0.673849745569109,0.378738327235239,-0.693684846161727,,0.144808204111684,0.163979488061725,0.125636920161642,0.0400005834329268,0.0119145339004058,-0.359167293065246,,0.0155333333333333,0.0137666666666667,0.0173,0.00353333333333333,0.952861385745936,0.0342720738421176,FALSE,0,"XLOC_006953","MICU1","PB.2265.4","ENST00000642044.1","j","XLOC_006953",TRUE
"isoComp_00025584","geneComp_00003885","TCONS_00037273","XLOC_007417","T_minus","T_plus","FAM53B","unknown","unknown",7.81016707791002,9.95731779962013,5.6630163561999,0.321143299236862,0.232115734686341,-0.813089304783292,,2.72506101421818,4.16259795689954,1.28752407153683,0.241690710138341,0.057968961578098,-1.68518461547092,,0.323116666666667,0.4179,0.228333333333333,-0.189566666666667,1.73273903826729e-05,1.73273903826729e-05,FALSE,0,"XLOC_007417","FAM53B","ENST00000337318.8","ENST00000337318.8","=","XLOC_007417",FALSE
"isoComp_00025587","geneComp_00003885","TCONS_00037278","XLOC_007417","T_minus","T_plus","EEF1AKMT2","unknown","unknown",7.81016707791002,9.95731779962013,5.6630163561999,0.321143299236862,0.232115734686341,-0.813089304783292,,0.223993874392875,0.335188995475437,0.112798753310313,0.167806368635139,0.0772423286958645,-1.49109055844186,,0.0265166666666667,0.0326666666666667,0.0203666666666667,-0.0123,0.961197698322033,1.73273903826729e-05,FALSE,0,"XLOC_007417","EEF1AKMT2","ENST00000466270.5","ENST00000466270.5","=","XLOC_007417",FALSE
"isoComp_00025588","geneComp_00003885","TCONS_00037279","XLOC_007417","T_minus","T_plus","EEF1AKMT2","unknown","unknown",7.81016707791002,9.95731779962013,5.6630163561999,0.321143299236862,0.232115734686341,-0.813089304783292,,1.13403319368764,1.25529593403523,1.01277045334004,0.118615511772843,0.0267675082801279,-0.306992460955172,,0.153416666666667,0.127033333333333,0.1798,0.0527666666666667,0.578221052079083,1.73273903826729e-05,FALSE,0,"XLOC_007417","EEF1AKMT2","ENST00000368836.7","ENST00000368836.7","=","XLOC_007417",FALSE
"isoComp_00025589","geneComp_00003885","TCONS_00037280","XLOC_007417","T_minus","T_plus","EEF1AKMT2","unknown","unknown",7.81016707791002,9.95731779962013,5.6630163561999,0.321143299236862,0.232115734686341,-0.813089304783292,,0.8444554763584,0.910382706558815,0.778528246157986,0.246956677548463,0.237488066596102,-0.223071441191947,,0.1159,0.0927666666666667,0.139033333333333,0.0462666666666667,0.850125868645187,1.73273903826729e-05,FALSE,0,"XLOC_007417","EEF1AKMT2","PB.2541.2","ENST00000464099.5","=","XLOC_007417",TRUE
"isoComp_00025591","geneComp_00003885","TCONS_00039364","XLOC_007417","T_minus","T_plus","EEF1AKMT2","unknown","unknown",7.81016707791002,9.95731779962013,5.6630163561999,0.321143299236862,0.232115734686341,-0.813089304783292,,2.67950140985358,3.0249423509655,2.33406046874166,0.425686846786092,0.455262138910028,-0.372659325766995,,0.355333333333333,0.302,0.408666666666667,0.106666666666667,0.673529700640757,1.73273903826729e-05,FALSE,0,"XLOC_007417","EEF1AKMT2","PB.2541.3","ENST00000652548.1","c","XLOC_007417",TRUE
"isoComp_00025791","geneComp_00003922","TCONS_00039685","XLOC_007508","T_minus","T_plus","IFITM2","unknown","unknown",144.50060631631,106.721525752977,182.279686879643,5.45643358825151,15.2790350348378,0.772246568378863,,4.39780364282466,7.48168935319551,1.31391793245381,4.30572068481254,1.31391793245381,-2.50047738415078,,0.03675,0.0671,0.0064,-0.0607,0.652123462353733,2.05730281510062e-89,FALSE,0,"XLOC_007508","IFITM2","ENST00000681914.1","ENST00000681914.1","=","XLOC_007508",FALSE
"isoComp_00025792","geneComp_00003922","TCONS_00039689","XLOC_007508","T_minus","T_plus","IFITM2","unknown","unknown",144.50060631631,106.721525752977,182.279686879643,5.45643358825151,15.2790350348378,0.772246568378863,,3.98338418144941,2.41276515453466,5.55400320836417,2.41276515453466,0.796127122527761,1.19946868471595,,0.0275166666666667,0.0237666666666667,0.0312666666666667,0.0075,0.432375091224699,2.05730281510062e-89,,0,"XLOC_007508","IFITM2","ENST00000681900.1","ENST00000681900.1","=","XLOC_007508",FALSE
"isoComp_00025794","geneComp_00003922","TCONS_00039692","XLOC_007508","T_minus","T_plus","IFITM2","unknown","unknown",144.50060631631,106.721525752977,182.279686879643,5.45643358825151,15.2790350348378,0.772246568378863,,8.06190908481466,8.15910837564165,7.96470979398766,1.47137926644344,0.64458675346672,-0.034746603756448,,0.05975,0.0755,0.044,-0.0315,0.0437853336317575,2.05730281510062e-89,FALSE,1,"XLOC_007508","IFITM2","ENST00000616316.3","ENST00000616316.3","=","XLOC_007508",FALSE
"isoComp_00025795","geneComp_00003922","TCONS_00039693","XLOC_007508","T_minus","T_plus","IFITM2","unknown","unknown",144.50060631631,106.721525752977,182.279686879643,5.45643358825151,15.2790350348378,0.772246568378863,,4.95227847082632,4.09956781516136,5.80498912649128,1.159740847604,1.30611046472751,0.500789813881199,,0.03445,0.0376333333333333,0.0312666666666667,-0.00636666666666667,0.925411101383719,2.05730281510062e-89,FALSE,1,"XLOC_007508","IFITM2","ENST00000399817.9","ENST00000399817.9","=","XLOC_007508",FALSE
"isoComp_00025796","geneComp_00003922","TCONS_00039694","XLOC_007508","T_minus","T_plus","IFITM2","unknown","unknown",144.50060631631,106.721525752977,182.279686879643,5.45643358825151,15.2790350348378,0.772246568378863,,43.6394272430451,39.7217111431362,47.5571433429539,1.56393123223366,3.57886282787668,0.259674458531648,,0.31725,0.3728,0.2617,-0.1111,8.99751299637543e-09,2.05730281510062e-89,TRUE,0,"XLOC_007508","IFITM2","ENST00000680197.1","ENST00000680197.1","=","XLOC_007508",FALSE
"isoComp_00025797","geneComp_00003922","TCONS_00039695","XLOC_007508","T_minus","T_plus","IFITM2","unknown","unknown",144.50060631631,106.721525752977,182.279686879643,5.45643358825151,15.2790350348378,0.772246568378863,,25.4036469796335,23.7249410378381,27.0823529214289,1.57533109654972,0.481996791986309,0.190873228573959,,0.187933333333333,0.2246,0.151266666666667,-0.0733333333333333,0.204793521739479,2.05730281510062e-89,FALSE,1,"XLOC_007508","IFITM2","ENST00000680344.1","ENST00000680344.1","=","XLOC_007508",FALSE
"isoComp_00025800","geneComp_00003922","TCONS_00039698","XLOC_007508","T_minus","T_plus","IFITM2","unknown","unknown",144.50060631631,106.721525752977,182.279686879643,5.45643358825151,15.2790350348378,0.772246568378863,,1.95582353793525,2.38863173649757,1.52301533937294,1.20796222375776,0.762101744201839,-0.645839544022204,,0.0154,0.0218,0.009,-0.0128,0.948798435540216,2.05730281510062e-89,FALSE,1,"XLOC_007508","IFITM2","ENST00000680261.1","ENST00000680261.1","=","XLOC_007508",FALSE
"isoComp_00025802","geneComp_00003922","TCONS_00039700","XLOC_007508","T_minus","T_plus","IFITM2","unknown","unknown",144.50060631631,106.721525752977,182.279686879643,5.45643358825151,15.2790350348378,0.772246568378863,,4.18417017407545,3.54706201021655,4.82127833793434,0.28114477017582,1.16442301688499,0.441718846108147,,0.0299333333333333,0.0335666666666667,0.0263,-0.00726666666666667,0.793034279136369,2.05730281510062e-89,FALSE,1,"XLOC_007508","IFITM2","ENST00000602569.2","ENST00000602569.2","=","XLOC_007508",FALSE
"isoComp_00025806","geneComp_00003922","TCONS_00039707","XLOC_007508","T_minus","T_plus","IFITM2","unknown","unknown",144.50060631631,106.721525752977,182.279686879643,5.45643358825151,15.2790350348378,0.772246568378863,,6.60860771757608,6.50862551279278,6.70858992235938,0.683065865016254,1.66359377538869,0.0435906797123985,,0.0486333333333333,0.0614,0.0358666666666667,-0.0255333333333333,0.340566980336585,2.05730281510062e-89,FALSE,0,"XLOC_007508","IFITM2","ENST00000681211.1","ENST00000681211.1","=","XLOC_007508",FALSE
"isoComp_00025818","geneComp_00003922","TCONS_00039729","XLOC_007508","T_minus","T_plus","IFITM1","unknown","unknown",144.50060631631,106.721525752977,182.279686879643,5.45643358825151,15.2790350348378,0.772246568378863,,33.1059547910264,4.83927503578022,61.3726345462726,0.296167087062616,7.44768601403568,3.66198958135115,,0.189933333333333,0.0454333333333333,0.334433333333333,0.289,2.05730281510062e-89,2.05730281510062e-89,FALSE,0,"XLOC_007508","IFITM1","PB.1537.1","ENST00000408968.4","=","XLOC_007508",TRUE
"isoComp_00025822","geneComp_00003922","TCONS_00039733","XLOC_007508","T_minus","T_plus","IFITM1","unknown","unknown",144.50060631631,106.721525752977,182.279686879643,5.45643358825151,15.2790350348378,0.772246568378863,,2.02910212461978,0.205120998878871,3.85308325036069,0.162127059091798,0.215616722372671,4.16653250395727,,0.0116333333333333,0.00203333333333333,0.0212333333333333,0.0192,0.0183326812314834,2.05730281510062e-89,FALSE,0,"XLOC_007508","IFITM1","ENST00000681426.1","ENST00000681426.1","=","XLOC_007508",FALSE
"isoComp_00026248","geneComp_00003986","TCONS_00040350","XLOC_007648","T_minus","T_plus","TRIM22","unknown","unknown",22.6324449881545,4.07251187776622,41.1923780985427,0.524913268855997,7.05058480774888,3.33519862025243,,2.96614854760823,1.25455578108227,4.67774131413419,0.338291482275725,1.663788982202,1.89026228160299,,0.2018,0.2987,0.1049,-0.1938,0.0312590531840407,0.00510977652340724,TRUE,0,"XLOC_007648","TRIM22","ENST00000425490.5","ENST00000425490.5","=","XLOC_007648",FALSE
"isoComp_00026249","geneComp_00003986","TCONS_00040351","XLOC_007648","T_minus","T_plus","TRIM22","unknown","unknown",22.6324449881545,4.07251187776622,41.1923780985427,0.524913268855997,7.05058480774888,3.33519862025243,,0.664092314438946,0.339378877996787,0.988805750881105,0.208021771141845,0.298150989752917,1.51541173646739,,0.04955,0.0763333333333333,0.0227666666666667,-0.0535666666666667,0.85997896216072,0.00510977652340724,FALSE,2,"XLOC_007648","TRIM22","PB.1599.1","ENST00000379965.8","=","XLOC_007648",TRUE
"isoComp_00026250","geneComp_00003986","TCONS_00040352","XLOC_007648","T_minus","T_plus","TRIM22","unknown","unknown",22.6324449881545,4.07251187776622,41.1923780985427,0.524913268855997,7.05058480774888,3.33519862025243,,1.00352138879997,0.0862307251641013,1.92081205243584,0.0862307251641013,0.349675577681186,4.32656632674163,,0.0373333333333333,0.0280666666666667,0.0466,0.0185333333333333,0.521925766158612,0.00510977652340724,FALSE,0,"XLOC_007648","TRIM22","ENST00000460454.1","ENST00000460454.1","=","XLOC_007648",FALSE
"isoComp_00026252","geneComp_00003986","TCONS_00040356","XLOC_007648","T_minus","T_plus","TRIM22","unknown","unknown",22.6324449881545,4.07251187776622,41.1923780985427,0.524913268855997,7.05058480774888,3.33519862025243,,0.39761060248927,0.188699887088617,0.606521317889923,0.0964906460545501,0.254541086272179,1.63355972779355,,0.0275333333333333,0.0417333333333333,0.0133333333333333,-0.0284,0.80014533065444,0.00510977652340724,TRUE,0,"XLOC_007648","TRIM22","ENST00000414897.5","ENST00000414897.5","=","XLOC_007648",FALSE
"isoComp_00026255","geneComp_00003986","TCONS_00054019","XLOC_007648","T_minus","T_plus","TRIM22","unknown","unknown",22.6324449881545,4.07251187776622,41.1923780985427,0.524913268855997,7.05058480774888,3.33519862025243,,2.14255434194616,0.105243617451062,4.17986506644126,0.0233884908010362,0.519666767722185,5.18414502598487,,0.06715,0.0270666666666667,0.107233333333333,0.0801666666666667,0.00510977652340724,0.00510977652340724,FALSE,3,"XLOC_007648","TRIM22","PB.1599.3","ENST00000379965.8","m","XLOC_007648",TRUE
"isoComp_00026256","geneComp_00003986","TCONS_00054020","XLOC_007648","T_minus","T_plus","TRIM22","unknown","unknown",22.6324449881545,4.07251187776622,41.1923780985427,0.524913268855997,7.05058480774888,3.33519862025243,,4.96323677371995,1.00119888970829,8.9252746577316,0.0389012767865797,1.26051679060295,3.14344529180164,,0.238833333333333,0.257333333333333,0.220333333333333,-0.037,0.935777321191462,0.00510977652340724,FALSE,1,"XLOC_007648","TRIM22","PB.1565.11","ENST00000379965.8","c","XLOC_007648",TRUE
"isoComp_00026257","geneComp_00003986","TCONS_00054782","XLOC_007648","T_minus","T_plus","TRIM22","unknown","unknown",22.6324449881545,4.07251187776622,41.1923780985427,0.524913268855997,7.05058480774888,3.33519862025243,,0.92563552687444,0.0690359282442812,1.7822351255046,0.0690359282442812,0.638225758071667,4.50310748411408,,0.0282833333333333,0.0160666666666667,0.0405,0.0244333333333333,0.568080078751154,0.00510977652340724,FALSE,1,"XLOC_007648","TRIM22","PB.1565.5","ENST00000379965.8","j","XLOC_007648",TRUE
"isoComp_00026258","geneComp_00003986","TCONS_00054783","XLOC_007648","T_minus","T_plus","TRIM22","unknown","unknown",22.6324449881545,4.07251187776622,41.1923780985427,0.524913268855997,7.05058480774888,3.33519862025243,,3.5777602474328,0.218993535529008,6.93652695933659,0.121575877997915,1.0643776937138,4.92291308001238,,0.110216666666667,0.0507666666666667,0.169666666666667,0.1189,0.0318504052047921,0.00510977652340724,FALSE,2,"XLOC_007648","TRIM22","PB.1565.6","ENST00000379965.8","m","XLOC_007648",TRUE
"isoComp_00026259","geneComp_00003986","TCONS_00054784","XLOC_007648","T_minus","T_plus","TRIM22","unknown","unknown",22.6324449881545,4.07251187776622,41.1923780985427,0.524913268855997,7.05058480774888,3.33519862025243,,1.30469497498735,0.0275601419521093,2.58182980802259,0.0275601419521093,0.869933146134615,6.10862466141067,,0.0336666666666667,0.0057,0.0616333333333333,0.0559333333333333,0.0326631001799183,0.00510977652340724,FALSE,1,"XLOC_007648","TRIM22","PB.1565.9","ENST00000379965.8","j","XLOC_007648",TRUE
"isoComp_00026261","geneComp_00003986","TCONS_00054786","XLOC_007648","T_minus","T_plus","TRIM22","unknown","unknown",22.6324449881545,4.07251187776622,41.1923780985427,0.524913268855997,7.05058480774888,3.33519862025243,,3.71189589425493,0.781614493549696,6.64217729496016,0.197275410812913,0.917504868420673,3.07095668826653,,0.181733333333333,0.1983,0.165166666666667,-0.0331333333333333,0.961955691807914,0.00510977652340724,FALSE,0,"XLOC_007648","TRIM22","PB.1565.14","ENST00000379965.8","c","XLOC_007648",TRUE
"isoComp_00026747","geneComp_00004054","TCONS_00040938","XLOC_007793","T_minus","T_plus","SAA1","unknown","unknown",1.32713728076262,1.25764290940555,1.39663165211968,0.191139935288913,0.135065114283179,0.150096185867045,,0.0285044179561259,0,0.0570088359122519,0,0.0570088359122519,2.74435134461958,,0.0188166666666667,0,0.0376333333333333,0.0376333333333333,0.93760914133824,0.000167750186023527,FALSE,0,"XLOC_007793","SAA1","ENST00000532858.5","ENST00000532858.5","=","XLOC_007793",FALSE
"isoComp_00026748","geneComp_00004054","TCONS_00040939","XLOC_007793","T_minus","T_plus","SAA1","unknown","unknown",1.32713728076262,1.25764290940555,1.39663165211968,0.191139935288913,0.135065114283179,0.150096185867045,,0.0708219926290987,0.0275601419521093,0.114083843306088,0.0275601419521093,0.114083843306088,1.72404085690445,,0.0455833333333333,0.0174666666666667,0.0737,0.0562333333333333,1,0.000167750186023527,FALSE,0,"XLOC_007793","SAA1","ENST00000649195.1","ENST00000649195.1","=","XLOC_007793",FALSE
"isoComp_00026749","geneComp_00004054","TCONS_00040940","XLOC_007793","T_minus","T_plus","SAA1","unknown","unknown",1.32713728076262,1.25764290940555,1.39663165211968,0.191139935288913,0.135065114283179,0.150096185867045,,0.126188653284847,0.0392749459431176,0.213102360626576,0.0233649814331259,0.0365814390116764,2.17877958501349,,0.0966333333333333,0.0345333333333333,0.158733333333333,0.1242,0.380093754496019,0.000167750186023527,FALSE,1,"XLOC_007793","SAA1","ENST00000689650.1","ENST00000689650.1","=","XLOC_007793",FALSE
"isoComp_00026750","geneComp_00004054","TCONS_00040941","XLOC_007793","T_minus","T_plus","SAA1","unknown","unknown",1.32713728076262,1.25764290940555,1.39663165211968,0.191139935288913,0.135065114283179,0.150096185867045,,1.10162221689254,1.19080782151032,1.01243661227477,0.177718108887597,0.0664570716144803,-0.23199387558788,,0.838966666666667,0.948,0.729933333333333,-0.218066666666667,0.000167750186023527,0.000167750186023527,FALSE,0,"XLOC_007793","SAA1","ENST00000356524.9","ENST00000356524.9","=","XLOC_007793",FALSE
"isoComp_00027366","geneComp_00004124","TCONS_00041690","XLOC_007960","T_minus","T_plus","ALKBH3","unknown","unknown",18.6043118439425,19.5250138295332,17.6836098583518,1.1859200538378,1.51562849262694,-0.142833859499028,,0.765804291042968,1.13789268337788,0.393715898708056,0.569103514804339,0.38144108498075,-1.50757546286481,,0.0376666666666667,0.0550333333333333,0.0203,-0.0347333333333333,0.778897940077532,7.31029437853444e-10,,0,"XLOC_007960","ALKBH3","ENST00000527029.1","ENST00000527029.1","=","XLOC_007960",FALSE
"isoComp_00027367","geneComp_00004124","TCONS_00041691","XLOC_007960","T_minus","T_plus","ALKBH3","unknown","unknown",18.6043118439425,19.5250138295332,17.6836098583518,1.1859200538378,1.51562849262694,-0.142833859499028,,0.689270909683892,0.871506694655461,0.507035124712323,0.205723434552019,0.066641366057416,-0.76970923305617,,0.0365666666666667,0.0442,0.0289333333333333,-0.0152666666666667,0.728485143181831,7.31029437853444e-10,FALSE,0,"XLOC_007960","ALKBH3","PB.1709.3","ENST00000302708.9","=","XLOC_007960",TRUE
"isoComp_00027368","geneComp_00004124","TCONS_00041692","XLOC_007960","T_minus","T_plus","ALKBH3","unknown","unknown",18.6043118439425,19.5250138295332,17.6836098583518,1.1859200538378,1.51562849262694,-0.142833859499028,,0.453224338449028,0.335764393547763,0.570684283350293,0.169885126751326,0.177802844446977,0.747964677543454,,0.0261666666666667,0.0179,0.0344333333333333,0.0165333333333333,0.845205901514669,7.31029437853444e-10,TRUE,0,"XLOC_007960","ALKBH3","ENST00000534171.5","ENST00000534171.5","=","XLOC_007960",FALSE
"isoComp_00027370","geneComp_00004124","TCONS_00041695","XLOC_007960","T_minus","T_plus","ALKBH3","unknown","unknown",18.6043118439425,19.5250138295332,17.6836098583518,1.1859200538378,1.51562849262694,-0.142833859499028,,0.701123386830712,0.5131590366524,0.889087737009025,0.264522314282705,0.115597243606376,0.781212325004037,,0.0395166666666667,0.0267,0.0523333333333333,0.0256333333333333,0.805976705348443,7.31029437853444e-10,,0,"XLOC_007960","ALKBH3","ENST00000529366.5","ENST00000529366.5","=","XLOC_007960",FALSE
"isoComp_00027371","geneComp_00004124","TCONS_00041697","XLOC_007960","T_minus","T_plus","ALKBH3","unknown","unknown",18.6043118439425,19.5250138295332,17.6836098583518,1.1859200538378,1.51562849262694,-0.142833859499028,,4.13425720287314,5.24470511219541,3.02380929355087,0.400011157747075,0.556953980313366,-0.79247940407265,,0.218433333333333,0.268433333333333,0.168433333333333,-0.1,0.0314664455535586,7.31029437853444e-10,,0,"XLOC_007960","ALKBH3","ENST00000530754.5","ENST00000530754.5","=","XLOC_007960",FALSE
"isoComp_00027372","geneComp_00004124","TCONS_00041699","XLOC_007960","T_minus","T_plus","ALKBH3","unknown","unknown",18.6043118439425,19.5250138295332,17.6836098583518,1.1859200538378,1.51562849262694,-0.142833859499028,,3.86456281821936,4.93155132929533,2.79757430714338,0.238828298602701,0.54484720367404,-0.81563981990669,,0.209883333333333,0.253133333333333,0.166633333333333,-0.0865,0.486681627624092,7.31029437853444e-10,FALSE,0,"XLOC_007960","ALKBH3","ENST00000532129.1","ENST00000532129.1","=","XLOC_007960",FALSE
"isoComp_00027373","geneComp_00004124","TCONS_00041700","XLOC_007960","T_minus","T_plus","SEC14L1P1","unknown","unknown",18.6043118439425,19.5250138295332,17.6836098583518,1.1859200538378,1.51562849262694,-0.142833859499028,,0.348764752902143,0.370192258487337,0.32733724731695,0.00553586172300612,0.00537365743235892,-0.172537532699948,,0.01895,0.0191,0.0188,-0.000299999999999998,0.995396251023657,7.31029437853444e-10,FALSE,0,"XLOC_007960","SEC14L1P1","ENST00000534767.1","ENST00000534767.1","=","XLOC_007960",FALSE
"isoComp_00027376","geneComp_00004124","TCONS_00041705","XLOC_007960","T_minus","T_plus","C11orf96","unknown","unknown",18.6043118439425,19.5250138295332,17.6836098583518,1.1859200538378,1.51562849262694,-0.142833859499028,,2.90292532150118,0.467466027586794,5.33838461541557,0.0576307488186126,1.5137726983711,3.48563322486059,,0.157383333333333,0.0238333333333333,0.290933333333333,0.2671,7.31029437853444e-10,7.31029437853444e-10,FALSE,0,"XLOC_007960","C11orf96","ENST00000617612.3","ENST00000617612.3","=","XLOC_007960",FALSE
"isoComp_00027377","geneComp_00004124","TCONS_00054117","XLOC_007960","T_minus","T_plus","ALKBH3","unknown","unknown",18.6043118439425,19.5250138295332,17.6836098583518,1.1859200538378,1.51562849262694,-0.142833859499028,,1.30825481734136,1.51544974971091,1.10105988497181,0.221474488767528,0.162580195027261,-0.457298077873094,,0.0707333333333333,0.0782666666666667,0.0632,-0.0150666666666667,0.874401817297167,7.31029437853444e-10,FALSE,0,"XLOC_007960","ALKBH3","PB.1709.2","ENST00000530803.5","j","XLOC_007960",TRUE
"isoComp_00027379","geneComp_00004124","TCONS_00056590","XLOC_007960","T_minus","T_plus","ALKBH3","unknown","unknown",18.6043118439425,19.5250138295332,17.6836098583518,1.1859200538378,1.51562849262694,-0.142833859499028,,2.98320548746235,3.64892612569485,2.31748484922985,0.112310822595603,0.277229773860587,-0.652648511140248,,0.16025,0.1885,0.132,-0.0565,0.335924244725075,7.31029437853444e-10,FALSE,0,"XLOC_007960","ALKBH3","PB.2235.1","ENST00000530803.5","j","XLOC_007960",TRUE
"isoComp_00029874","geneComp_00004421","TCONS_00044776","XLOC_008595","T_minus","T_plus","RAB30-DT","unknown","unknown",10.0881311795712,9.35522700709771,10.8210353520447,0.640977039242208,0.27186147294317,0.209785288531131,,0.386187906987358,0.264491460702675,0.507884353272041,0.0673352349843898,0.0346257949187227,0.915868702914227,,0.0372666666666667,0.0276,0.0469333333333333,0.0193333333333333,0.619837526284342,0.00885457522181186,FALSE,0,"XLOC_008595","RAB30-DT","ENST00000656330.1","ENST00000656330.1","=","XLOC_008595",FALSE
"isoComp_00029875","geneComp_00004421","TCONS_00044777","XLOC_008595","T_minus","T_plus","RAB30-DT","unknown","unknown",10.0881311795712,9.35522700709771,10.8210353520447,0.640977039242208,0.27186147294317,0.209785288531131,,0.584316484611358,0.565274142113351,0.603358827109365,0.13181614335727,0.1449540690486,0.0924817019186629,,0.0576166666666667,0.0594666666666667,0.0557666666666667,-0.0037,0.986845464114966,0.00885457522181186,FALSE,1,"XLOC_008595","RAB30-DT","ENST00000669459.2","ENST00000669459.2","=","XLOC_008595",FALSE
"isoComp_00029876","geneComp_00004421","TCONS_00044778","XLOC_008595","T_minus","T_plus","RAB30-DT","unknown","unknown",10.0881311795712,9.35522700709771,10.8210353520447,0.640977039242208,0.27186147294317,0.209785288531131,,0.675429913691687,0.870427228363856,0.480432599019518,0.101789374010766,0.103714958522473,-0.844148885099609,,0.0697,0.0952,0.0442,-0.051,0.379607026116724,0.00885457522181186,FALSE,0,"XLOC_008595","RAB30-DT","ENST00000527627.5","ENST00000527627.5","=","XLOC_008595",FALSE
"isoComp_00029877","geneComp_00004421","TCONS_00044779","XLOC_008595","T_minus","T_plus","RAB30-DT","unknown","unknown",10.0881311795712,9.35522700709771,10.8210353520447,0.640977039242208,0.27186147294317,0.209785288531131,,0.262678707520745,0.266847006995554,0.258510408045936,0.0804069915544213,0.0326257495144816,-0.0441109136326563,,0.0261333333333333,0.0284333333333333,0.0238333333333333,-0.0046,0.983604977355794,0.00885457522181186,FALSE,0,"XLOC_008595","RAB30-DT","ENST00000658004.1","ENST00000658004.1","=","XLOC_008595",FALSE
"isoComp_00029878","geneComp_00004421","TCONS_00044780","XLOC_008595","T_minus","T_plus","RAB30-DT","unknown","unknown",10.0881311795712,9.35522700709771,10.8210353520447,0.640977039242208,0.27186147294317,0.209785288531131,,1.42810011896201,0.742740640298004,2.11345959762602,0.00568586899365409,0.255371919598407,1.49619188979327,,0.138216666666667,0.0800666666666667,0.196366666666667,0.1163,0.00885457522181186,0.00885457522181186,FALSE,0,"XLOC_008595","RAB30-DT","ENST00000689041.1","ENST00000689041.1","=","XLOC_008595",FALSE
"isoComp_00029879","geneComp_00004421","TCONS_00044781","XLOC_008595","T_minus","T_plus","RAB30-DT","unknown","unknown",10.0881311795712,9.35522700709771,10.8210353520447,0.640977039242208,0.27186147294317,0.209785288531131,,0.295831600665437,0.0937924397194449,0.497870761611429,0.0474848388225106,0.194923648237961,2.29076005855769,,0.0281833333333333,0.00973333333333333,0.0466333333333333,0.0369,0.457322994592174,0.00885457522181186,FALSE,0,"XLOC_008595","RAB30-DT","ENST00000526795.1","ENST00000526795.1","=","XLOC_008595",FALSE
"isoComp_00029880","geneComp_00004421","TCONS_00044782","XLOC_008595","T_minus","T_plus","RAB30-DT","unknown","unknown",10.0881311795712,9.35522700709771,10.8210353520447,0.640977039242208,0.27186147294317,0.209785288531131,,3.58268704709901,3.30785278369009,3.85752131050792,0.495641119576823,0.561977054929839,0.221159367168161,,0.353033333333333,0.349833333333333,0.356233333333333,0.00640000000000002,0.991381669103301,0.00885457522181186,FALSE,0,"XLOC_008595","RAB30-DT","ENST00000501011.8","ENST00000501011.8","=","XLOC_008595",FALSE
"isoComp_00029881","geneComp_00004421","TCONS_00044783","XLOC_008595","T_minus","T_plus","RAB30-DT","unknown","unknown",10.0881311795712,9.35522700709771,10.8210353520447,0.640977039242208,0.27186147294317,0.209785288531131,,0.121780280673527,0.14617701262054,0.0973835487265151,0.0188146706865009,0.0655723757514731,-0.540409133890269,,0.01235,0.0159333333333333,0.00876666666666667,-0.00716666666666667,0.819289050375638,0.00885457522181186,FALSE,2,"XLOC_008595","RAB30-DT","ENST00000663168.1","ENST00000663168.1","=","XLOC_008595",FALSE
"isoComp_00029882","geneComp_00004421","TCONS_00044784","XLOC_008595","T_minus","T_plus","RAB30-DT","unknown","unknown",10.0881311795712,9.35522700709771,10.8210353520447,0.640977039242208,0.27186147294317,0.209785288531131,,1.75320057463433,2.22333930447265,1.28306184479602,0.123720558874721,0.202750249865492,-0.788411173819778,,0.17965,0.241166666666667,0.118133333333333,-0.123033333333333,0.0685180730105751,0.00885457522181186,,0,"XLOC_008595","RAB30-DT","ENST00000533528.1","ENST00000533528.1","=","XLOC_008595",FALSE
"isoComp_00029884","geneComp_00004421","TCONS_00044788","XLOC_008595","T_minus","T_plus","RAB30-DT","unknown","unknown",10.0881311795712,9.35522700709771,10.8210353520447,0.640977039242208,0.27186147294317,0.209785288531131,,0.407457049106432,0.27550001967415,0.539414078538713,0.146229423655141,0.196256804841002,0.944403034424454,,0.03855,0.0281,0.049,0.0209,0.806421224562095,0.00885457522181186,FALSE,0,"XLOC_008595","RAB30-DT","ENST00000658917.1","ENST00000658917.1","=","XLOC_008595",FALSE
"isoComp_00029885","geneComp_00004421","TCONS_00044789","XLOC_008595","T_minus","T_plus","RAB30-DT","unknown","unknown",10.0881311795712,9.35522700709771,10.8210353520447,0.640977039242208,0.27186147294317,0.209785288531131,,0.495206415271967,0.568719359045091,0.421693471498843,0.0596017670174563,0.0380611506394327,-0.422856630179964,,0.0503833333333333,0.0617333333333333,0.0390333333333333,-0.0227,0.686682536949371,0.00885457522181186,FALSE,0,"XLOC_008595","RAB30-DT","ENST00000669005.1","ENST00000669005.1","=","XLOC_008595",FALSE
"isoComp_00032306","geneComp_00004744","TCONS_00048006","XLOC_009327","T_minus","T_plus","RNF141","unknown","unknown",20.8808358105274,21.9880062828235,19.7736653382313,0.955526671655726,1.91607236230545,-0.153063035415988,,7.0919370281888,8.98082063727588,5.20305341910171,0.352810203973572,0.171130372535409,-0.786324160192377,,0.3382,0.409866666666667,0.266533333333333,-0.143333333333333,0.00318956552634501,0.00318956552634501,FALSE,1,"XLOC_009327","RNF141","ENST00000265981.7","ENST00000265981.7","=","XLOC_009327",FALSE
"isoComp_00032308","geneComp_00004744","TCONS_00048008","XLOC_009327","T_minus","T_plus","RNF141","unknown","unknown",20.8808358105274,21.9880062828235,19.7736653382313,0.955526671655726,1.91607236230545,-0.153063035415988,,0.589062461326095,0.72695254403998,0.451172378612209,0.16898153154039,0.242802045160621,-0.676265613136682,,0.02905,0.0328666666666667,0.0252333333333333,-0.00763333333333334,0.887046351126313,0.00318956552634501,FALSE,0,"XLOC_009327","RNF141","ENST00000528665.5","ENST00000528665.5","=","XLOC_009327",FALSE
"isoComp_00032309","geneComp_00004744","TCONS_00048010","XLOC_009327","T_minus","T_plus","RNF141","unknown","unknown",20.8808358105274,21.9880062828235,19.7736653382313,0.955526671655726,1.91607236230545,-0.153063035415988,,1.59179777112492,1.66415172561175,1.51944381663809,0.282142425744096,0.0672249816498072,-0.130423171706331,,0.0762333333333333,0.0748666666666667,0.0776,0.00273333333333334,0.981594597687517,0.00318956552634501,TRUE,0,"XLOC_009327","RNF141","ENST00000530156.1","ENST00000530156.1","=","XLOC_009327",FALSE
"isoComp_00032310","geneComp_00004744","TCONS_00054424","XLOC_009327","T_minus","T_plus","RNF141","unknown","unknown",20.8808358105274,21.9880062828235,19.7736653382313,0.955526671655726,1.91607236230545,-0.153063035415988,,4.97190409501007,4.6526406294568,5.29116756056333,0.315461014417467,0.906495134285591,0.185162903368056,,0.23915,0.211633333333333,0.266666666666667,0.0550333333333333,0.707733484492677,0.00318956552634501,FALSE,0,"XLOC_009327","RNF141","PB.1632.3","ENST00000265981.7","j","XLOC_009327",TRUE
"isoComp_00032311","geneComp_00004744","TCONS_00056000","XLOC_009327","T_minus","T_plus","RNF141","unknown","unknown",20.8808358105274,21.9880062828235,19.7736653382313,0.955526671655726,1.91607236230545,-0.153063035415988,,0.341989165713937,0.66323581446313,0.0207425169647433,0.26559459223539,0.0207425169647433,-4.45280473454686,,0.0162166666666667,0.0312666666666667,0.00116666666666667,-0.0301,0.0710520527970585,0.00318956552634501,FALSE,0,"XLOC_009327","RNF141","PB.2676.2","ENST00000265981.7","c","XLOC_009327",TRUE
"isoComp_00032312","geneComp_00004744","TCONS_00056002","XLOC_009327","T_minus","T_plus","RNF141","unknown","unknown",20.8808358105274,21.9880062828235,19.7736653382313,0.955526671655726,1.91607236230545,-0.153063035415988,,6.23793513939847,5.23322049995386,7.24264977884309,0.589507624376356,1.50676650083162,0.468054966039736,,0.2985,0.236533333333333,0.360466666666667,0.123933333333333,0.24521613383614,0.00318956552634501,FALSE,0,"XLOC_009327","RNF141","PB.2676.8","ENST00000265981.7","c","XLOC_009327",TRUE
"isoComp_00033524","geneComp_00004905","TCONS_00049672","XLOC_009761","T_minus","T_plus","MS4A6A","unknown","unknown",5.75153453251894,7.30277696319257,4.2002921018453,2.5157242426887,1.42062643663655,-0.796499032939275,,0.194665423800332,0.296084944533994,0.0932459030666697,0.238494056901264,0.0932459030666697,-1.56784754971639,,0.0244,0.0353333333333333,0.0134666666666667,-0.0218666666666667,0.850663645548427,0.00503099295445464,FALSE,0,"XLOC_009761","MS4A6A","ENST00000420732.6","ENST00000420732.6","=","XLOC_009761",FALSE
"isoComp_00033525","geneComp_00004905","TCONS_00049673","XLOC_009761","T_minus","T_plus","MS4A6A","unknown","unknown",5.75153453251894,7.30277696319257,4.2002921018453,2.5157242426887,1.42062643663655,-0.796499032939275,,0.242373930265096,0.229943271176195,0.254804589353998,0.119959613854478,0.219179762098316,0.142234770294104,,0.0418166666666667,0.0434333333333333,0.0402,-0.00323333333333333,0.99570796564178,0.00503099295445464,FALSE,1,"XLOC_009761","MS4A6A","ENST00000530839.5","ENST00000530839.5","=","XLOC_009761",FALSE
"isoComp_00033526","geneComp_00004905","TCONS_00049674","XLOC_009761","T_minus","T_plus","MS4A6A","unknown","unknown",5.75153453251894,7.30277696319257,4.2002921018453,2.5157242426887,1.42062643663655,-0.796499032939275,,0.125683643191566,0.225439140177203,0.0259281462059291,0.0488313428469798,0.0259281462059291,-2.71216777542892,,0.0234,0.0347333333333333,0.0120666666666667,-0.0226666666666667,0.528385613592696,0.00503099295445464,FALSE,0,"XLOC_009761","MS4A6A","ENST00000533989.5","ENST00000533989.5","=","XLOC_009761",FALSE
"isoComp_00033527","geneComp_00004905","TCONS_00049675","XLOC_009761","T_minus","T_plus","MS4A6A","unknown","unknown",5.75153453251894,7.30277696319257,4.2002921018453,2.5157242426887,1.42062643663655,-0.796499032939275,,1.01075250627445,0.891681754627691,1.12982325792121,0.590184496621307,0.47506980541006,0.338119901725234,,0.183566666666667,0.1161,0.251033333333333,0.134933333333333,0.554210686249952,0.00503099295445464,FALSE,0,"XLOC_009761","MS4A6A","ENST00000531914.5","ENST00000531914.5","=","XLOC_009761",FALSE
"isoComp_00033528","geneComp_00004905","TCONS_00049677","XLOC_009761","T_minus","T_plus","MS4A6A","unknown","unknown",5.75153453251894,7.30277696319257,4.2002921018453,2.5157242426887,1.42062643663655,-0.796499032939275,,0.555980738324956,0.835693530458761,0.276267946191151,0.22737282358306,0.0798064788945747,-1.56276880321209,,0.0950833333333333,0.121166666666667,0.069,-0.0521666666666667,0.501926892639623,0.00503099295445464,FALSE,1,"XLOC_009761","MS4A6A","PB.1770.1","ENST00000528851.6","=","XLOC_009761",TRUE
"isoComp_00033529","geneComp_00004905","TCONS_00049678","XLOC_009761","T_minus","T_plus","MS4A6A","unknown","unknown",5.75153453251894,7.30277696319257,4.2002921018453,2.5157242426887,1.42062643663655,-0.796499032939275,,0.265907691746514,0.436378089989002,0.0954372935040257,0.31282857975068,0.050376975023159,-2.08188097265972,,0.0370333333333333,0.0419666666666667,0.0321,-0.00986666666666667,0.960345263229185,0.00503099295445464,FALSE,0,"XLOC_009761","MS4A6A","ENST00000412309.6","ENST00000412309.6","=","XLOC_009761",FALSE
"isoComp_00033532","geneComp_00004905","TCONS_00049683","XLOC_009761","T_minus","T_plus","MS4A6A","unknown","unknown",5.75153453251894,7.30277696319257,4.2002921018453,2.5157242426887,1.42062643663655,-0.796499032939275,,0.0922117236781646,0.116361044934622,0.0680624024217067,0.0298450133923843,0.0426406165881409,-0.694852004061419,,0.0185666666666667,0.0205,0.0166333333333333,-0.00386666666666667,0.929304183978511,0.00503099295445464,FALSE,0,"XLOC_009761","MS4A6A","ENST00000525549.5","ENST00000525549.5","=","XLOC_009761",FALSE
"isoComp_00033533","geneComp_00004905","TCONS_00049684","XLOC_009761","T_minus","T_plus","MS4A6A","unknown","unknown",5.75153453251894,7.30277696319257,4.2002921018453,2.5157242426887,1.42062643663655,-0.796499032939275,,0.658823093228193,0.427603326512733,0.890042859943653,0.311912628636836,0.3888317598414,1.04036999900722,,0.127983333333333,0.0572,0.198766666666667,0.141566666666667,0.56217943468159,0.00503099295445464,FALSE,0,"XLOC_009761","MS4A6A","ENST00000530179.1","ENST00000530179.1","=","XLOC_009761",FALSE
"isoComp_00033534","geneComp_00004905","TCONS_00049685","XLOC_009761","T_minus","T_plus","MS4A6A","unknown","unknown",5.75153453251894,7.30277696319257,4.2002921018453,2.5157242426887,1.42062643663655,-0.796499032939275,,0.193662933868384,0.271677321910796,0.115648545825971,0.0811693370665881,0.0162534375395805,-1.16464944123327,,0.0373,0.0425333333333333,0.0320666666666667,-0.0104666666666667,0.90476416358691,0.00503099295445464,FALSE,2,"XLOC_009761","MS4A6A","ENST00000526677.1","ENST00000526677.1","=","XLOC_009761",FALSE
"isoComp_00033535","geneComp_00004905","TCONS_00049686","XLOC_009761","T_minus","T_plus","MS4A6A","unknown","unknown",5.75153453251894,7.30277696319257,4.2002921018453,2.5157242426887,1.42062643663655,-0.796499032939275,,0.0922728674299761,0.142938809079047,0.0416069257809057,0.0759049770764659,0.037608421856434,-1.5673179479955,,0.0170333333333333,0.0152,0.0188666666666667,0.00366666666666667,0.944838058141312,0.00503099295445464,FALSE,1,"XLOC_009761","MS4A6A","ENST00000532169.5","ENST00000532169.5","=","XLOC_009761",FALSE
"isoComp_00033536","geneComp_00004905","TCONS_00049687","XLOC_009761","T_minus","T_plus","MS4A6A","unknown","unknown",5.75153453251894,7.30277696319257,4.2002921018453,2.5157242426887,1.42062643663655,-0.796499032939275,,0.100304942596661,0.094250197083497,0.106359688109826,0.051539090895402,0.0912459358539853,0.158541223493664,,0.0193333333333333,0.0199666666666667,0.0187,-0.00126666666666667,0.994190724070396,0.00503099295445464,TRUE,0,"XLOC_009761","MS4A6A","ENST00000534596.5","ENST00000534596.5","=","XLOC_009761",FALSE
"isoComp_00033540","geneComp_00004905","TCONS_00054570","XLOC_009761","T_minus","T_plus","MS4A6A","unknown","unknown",5.75153453251894,7.30277696319257,4.2002921018453,2.5157242426887,1.42062643663655,-0.796499032939275,,0.880207091421131,1.18488874288032,0.575525439961946,0.45268280677671,0.0679354606497092,-1.0290725343373,,0.15885,0.1521,0.1656,0.0135,0.997261036700901,0.00503099295445464,FALSE,0,"XLOC_009761","MS4A6A","PB.1731.1","ENST00000530839.5","c","XLOC_009761",TRUE
"isoComp_00033541","geneComp_00004905","TCONS_00054571","XLOC_009761","T_minus","T_plus","MS4A6A","unknown","unknown",5.75153453251894,7.30277696319257,4.2002921018453,2.5157242426887,1.42062643663655,-0.796499032939275,,0.0910750734556826,0.182150146911365,0,0.115452331048585,0,-4.2641621743233,,0.01405,0.0281,0,-0.0281,0.58501323529049,0.00503099295445464,FALSE,0,"XLOC_009761","MS4A6A","PB.1770.5","ENST00000530839.5","j","XLOC_009761",TRUE
"isoComp_00033543","geneComp_00004905","TCONS_00054573","XLOC_009761","T_minus","T_plus","MS4A6A","unknown","unknown",5.75153453251894,7.30277696319257,4.2002921018453,2.5157242426887,1.42062643663655,-0.796499032939275,,0.130160115647933,0.172809762149717,0.0875104691461492,0.102805918305754,0.0550875775556945,-0.906714086947454,,0.0168333333333333,0.0176333333333333,0.0160333333333333,-0.0016,0.998424623971146,0.00503099295445464,FALSE,0,"XLOC_009761","MS4A6A","PB.1770.8","ENST00000530839.5","j","XLOC_009761",TRUE
"isoComp_00033545","geneComp_00004905","TCONS_00056176","XLOC_009761","T_minus","T_plus","MS4A6A","unknown","unknown",5.75153453251894,7.30277696319257,4.2002921018453,2.5157242426887,1.42062643663655,-0.796499032939275,,0.382941170702002,0.765882341404005,0,0.500827535127024,0,-6.2777659865487,,0.0551333333333333,0.110266666666667,0,-0.110266666666667,0.00503099295445464,0.00503099295445464,FALSE,1,"XLOC_009761","MS4A6A","PB.2903.2","ENST00000530839.5","j","XLOC_009761",TRUE
"isoComp_00033546","geneComp_00004905","TCONS_00056177","XLOC_009761","T_minus","T_plus","MS4A6A","unknown","unknown",5.75153453251894,7.30277696319257,4.2002921018453,2.5157242426887,1.42062643663655,-0.796499032939275,,0.114422529697437,0.19683301230661,0.0320120470882639,0.122084340274514,0.0160249168063761,-2.29959148069459,,0.0147,0.0198,0.0096,-0.0102,0.904544726992158,0.00503099295445464,TRUE,1,"XLOC_009761","MS4A6A","PB.2903.5","ENST00000530839.5","m","XLOC_009761",TRUE
"isoComp_00033548","geneComp_00004905","TCONS_00056179","XLOC_009761","T_minus","T_plus","MS4A6A","unknown","unknown",5.75153453251894,7.30277696319257,4.2002921018453,2.5157242426887,1.42062643663655,-0.796499032939275,,0.108970155020269,0.106498244244184,0.111442065796354,0.0666925392593473,0.0916457884612092,0.0599600250581554,,0.02515,0.0206333333333333,0.0296666666666667,0.00903333333333333,0.987327989734497,0.00503099295445464,TRUE,1,"XLOC_009761","MS4A6A","PB.2903.8","ENST00000530839.5","n","XLOC_009761",TRUE
"isoComp_00033549","geneComp_00004905","TCONS_00056895","XLOC_009761","T_minus","T_plus","MS4A6A","unknown","unknown",5.75153453251894,7.30277696319257,4.2002921018453,2.5157242426887,1.42062643663655,-0.796499032939275,,0.249691575384073,0.284273629089516,0.21510952167863,0.143516491452513,0.0833841256626112,-0.386531181845243,,0.0440833333333333,0.0312,0.0569666666666667,0.0257666666666667,0.87508182572595,0.00503099295445464,FALSE,0,"XLOC_009761","MS4A6A","PB.2301.1","ENST00000530839.5","j","XLOC_009761",TRUE
"isoComp_00034266","geneComp_00004981","TCONS_00050460","XLOC_009868","T_minus","T_plus","BATF2","unknown","unknown",32.681028943238,6.47311429775888,58.8889435887171,0.15266311207574,4.17920619896473,3.1834828450437,,0.702516908151402,0.96816632115917,0.436867495143635,0.106851170198351,0.253748566619378,-1.1302326848604,,0.0787333333333333,0.1496,0.00786666666666667,-0.141733333333333,0.075331878359633,0.00190101357838471,FALSE,0,"XLOC_009868","BATF2","ENST00000435842.2","ENST00000435842.2","=","XLOC_009868",FALSE
"isoComp_00034267","geneComp_00004981","TCONS_00050461","XLOC_009868","T_minus","T_plus","BATF2","unknown","unknown",32.681028943238,6.47311429775888,58.8889435887171,0.15266311207574,4.17920619896473,3.1834828450437,,19.1156252886792,3.03405379570526,35.1971967816532,0.179268447013692,3.45782284555033,3.53180460347165,,0.531833333333333,0.468066666666667,0.5956,0.127533333333333,0.00190101357838471,0.00190101357838471,FALSE,0,"XLOC_009868","BATF2","PB.1790.3","ENST00000301887.9","=","XLOC_009868",TRUE
"isoComp_00034268","geneComp_00004981","TCONS_00050462","XLOC_009868","T_minus","T_plus","BATF2","unknown","unknown",32.681028943238,6.47311429775888,58.8889435887171,0.15266311207574,4.17920619896473,3.1834828450437,,0.784943858622023,0.0619983089056008,1.50788940833845,0.0342804960587118,0.155808794199464,4.3979598503005,,0.0176333333333333,0.0095,0.0257666666666667,0.0162666666666667,0.361783197290125,0.00190101357838471,FALSE,1,"XLOC_009868","BATF2","ENST00000527454.1","ENST00000527454.1","=","XLOC_009868",FALSE
"isoComp_00034270","geneComp_00004981","TCONS_00055231","XLOC_009868","T_minus","T_plus","BATF2","unknown","unknown",32.681028943238,6.47311429775888,58.8889435887171,0.15266311207574,4.17920619896473,3.1834828450437,,11.7924358327776,2.40889587198885,21.1759757935664,0.1534577732621,0.909610501239859,3.13068900755415,,0.366916666666667,0.372866666666667,0.360966666666667,-0.0119,0.981737457158434,0.00190101357838471,FALSE,0,"XLOC_009868","BATF2","PB.1790.2","ENST00000301887.9","c","XLOC_009868",TRUE
"isoComp_00035242","geneComp_00005118","TCONS_00051686","XLOC_010103","T_minus","T_plus","RSF1","unknown","unknown",15.831954517175,12.9934757497378,18.6704332846123,0.886646018657305,1.02416766413656,0.522630619743045,,5.41140799646228,5.25424983240898,5.56856616051559,0.226482351160059,0.116645057372026,0.0836664002362065,,0.352666666666667,0.405866666666667,0.299466666666667,-0.1064,0.0156839776931891,0.0156839776931891,FALSE,1,"XLOC_010103","RSF1","ENST00000308488.11","ENST00000308488.11","=","XLOC_010103",FALSE
"isoComp_00035244","geneComp_00005118","TCONS_00051689","XLOC_010103","T_minus","T_plus","RSF1","unknown","unknown",15.831954517175,12.9934757497378,18.6704332846123,0.886646018657305,1.02416766413656,0.522630619743045,,1.1043177827721,0.662799861050996,1.54583570449321,0.421498018895143,0.264352777658303,1.20944040770543,,0.06455,0.0474,0.0817,0.0343,0.693336175986114,0.0156839776931891,TRUE,1,"XLOC_010103","RSF1","ENST00000531026.5","ENST00000531026.5","=","XLOC_010103",FALSE
"isoComp_00035245","geneComp_00005118","TCONS_00051690","XLOC_010103","T_minus","T_plus","RSF1","unknown","unknown",15.831954517175,12.9934757497378,18.6704332846123,0.886646018657305,1.02416766413656,0.522630619743045,,2.42674390234646,1.13113446367674,3.72235334101619,0.416011427551285,0.281445342637055,1.70961677304893,,0.141266666666667,0.0834666666666667,0.199066666666667,0.1156,0.211861593555683,0.0156839776931891,,0,"XLOC_010103","RSF1","ENST00000526324.5","ENST00000526324.5","=","XLOC_010103",FALSE
"isoComp_00035247","geneComp_00005118","TCONS_00051692","XLOC_010103","T_minus","T_plus","RSF1","unknown","unknown",15.831954517175,12.9934757497378,18.6704332846123,0.886646018657305,1.02416766413656,0.522630619743045,,1.13590789967712,1.05522514574744,1.21659065360681,0.248883939444239,0.0780641127604973,0.203495472684559,,0.07465,0.0835,0.0658,-0.0177,0.938318242992971,0.0156839776931891,,0,"XLOC_010103","RSF1","ENST00000532556.1","ENST00000532556.1","=","XLOC_010103",FALSE
"isoComp_00035252","geneComp_00005118","TCONS_00051700","XLOC_010103","T_minus","T_plus","ENSG00000219529","unknown","unknown",15.831954517175,12.9934757497378,18.6704332846123,0.886646018657305,1.02416766413656,0.522630619743045,,0.769913653346376,0.67199501177518,0.867832294917571,0.0797710837144327,0.412044367322771,0.364184159872376,,0.0491833333333333,0.0531,0.0452666666666667,-0.00783333333333334,0.910645256760093,0.0156839776931891,,0,"XLOC_010103","ENSG00000219529","ENST00000404439.2","ENST00000404439.2","=","XLOC_010103",FALSE
"isoComp_00035253","geneComp_00005118","TCONS_00051701","XLOC_010103","T_minus","T_plus","RSF1","unknown","unknown",15.831954517175,12.9934757497378,18.6704332846123,0.886646018657305,1.02416766413656,0.522630619743045,,0.162303795958942,0.185935001135093,0.138672590782791,0.185935001135093,0.107455515832599,-0.398236441317761,,0.0118166666666667,0.0164333333333333,0.0072,-0.00923333333333333,0.911634373659836,0.0156839776931891,FALSE,0,"XLOC_010103","RSF1","ENST00000530604.1","ENST00000530604.1","=","XLOC_010103",FALSE
"isoComp_00035254","geneComp_00005118","TCONS_00054630","XLOC_010103","T_minus","T_plus","RSF1","unknown","unknown",15.831954517175,12.9934757497378,18.6704332846123,0.886646018657305,1.02416766413656,0.522630619743045,,4.31639667644742,3.69516761420071,4.93762573869414,0.339991312188995,0.254160466892872,0.417197563734056,,0.274466666666667,0.284366666666667,0.264566666666667,-0.0198,0.909607441444133,0.0156839776931891,FALSE,0,"XLOC_010103","RSF1","PB.1937.2","ENST00000308488.11","c","XLOC_010103",TRUE
"isoComp_00035255","geneComp_00005118","TCONS_00055256","XLOC_010103","T_minus","T_plus","ENSG00000219529","unknown","unknown",15.831954517175,12.9934757497378,18.6704332846123,0.886646018657305,1.02416766413656,0.522630619743045,,0.280965704773969,0.27927352143002,0.282657888117917,0.0669163051463906,0.123659704093761,0.0167808920647043,,0.01885,0.0217333333333333,0.0159666666666667,-0.00576666666666667,0.875577095545284,0.0156839776931891,FALSE,0,"XLOC_010103","ENSG00000219529","PB.1898.3","ENST00000404439.2","k","XLOC_010103",TRUE
"isoComp_00036759","geneComp_00005325","TCONS_00053824","XLOC_010603","T_minus","T_plus","SENCR","unknown","unknown",4.44360492604808,5.14944778326412,3.73776206883203,0.383783868061248,0.261474170618437,-0.461187297290266,,0.751218897343578,0.558972467971573,0.943465326715582,0.0480349772218484,0.0927089083073393,0.744821631502673,,0.181633333333333,0.110233333333333,0.253033333333333,0.1428,0.0259092963235897,0.00123510742605725,FALSE,0,"XLOC_010603","SENCR","ENST00000526269.2","ENST00000526269.2","=","XLOC_010603",FALSE
"isoComp_00036760","geneComp_00005325","TCONS_00053825","XLOC_010603","T_minus","T_plus","SENCR","unknown","unknown",4.44360492604808,5.14944778326412,3.73776206883203,0.383783868061248,0.261474170618437,-0.461187297290266,,3.6923860287045,4.59047531529254,2.79429674211645,0.40444701265088,0.230781608883161,-0.714143907288627,,0.818366666666667,0.889766666666667,0.746966666666667,-0.1428,0.00123510742605725,0.00123510742605725,FALSE,0,"XLOC_010603","SENCR","ENST00000685905.1","ENST00000685905.1","=","XLOC_010603",FALSE
"isoComp_00037055","geneComp_00005372","TCONS_00057333","XLOC_010704","T_minus","T_plus","CCND2","unknown","unknown",2.47288149812678,2.4147252789966,2.53103771725697,0.0755968658848596,0.21453315853118,0.0675964904013859,,0.0350361848946306,0.0269471016137817,0.0431252681754795,0.0269471016137817,0.0233147739744408,0.52393702502491,,0.0152666666666667,0.0119,0.0186333333333333,0.00673333333333333,0.869753818318006,0.000889606162554215,FALSE,0,"XLOC_010704","CCND2","ENST00000536537.2","ENST00000536537.2","=","XLOC_010704",FALSE
"isoComp_00037056","geneComp_00005372","TCONS_00057342","XLOC_010704","T_minus","T_plus","TIGAR","unknown","unknown",2.47288149812678,2.4147252789966,2.53103771725697,0.0755968658848596,0.21453315853118,0.0675964904013859,,0.432583569098136,0.533076188866268,0.332090949330004,0.063174940875307,0.0278049228520892,-0.666774674440066,,0.175516666666667,0.2197,0.131333333333333,-0.0883666666666666,0.471997012107487,0.000889606162554215,FALSE,0,"XLOC_010704","TIGAR","ENST00000179259.6","ENST00000179259.6","=","XLOC_010704",FALSE
"isoComp_00037057","geneComp_00005372","TCONS_00057344","XLOC_010704","T_minus","T_plus","TIGAR","unknown","unknown",2.47288149812678,2.4147252789966,2.53103771725697,0.0755968658848596,0.21453315853118,0.0675964904013859,,0.410676122849766,0.173886498699511,0.64746574700002,0.00941472283232248,0.0465933529326757,1.83810017587668,,0.16445,0.0723,0.2566,0.1843,0.000889606162554215,0.000889606162554215,TRUE,0,"XLOC_010704","TIGAR","ENST00000537251.1","ENST00000537251.1","=","XLOC_010704",FALSE
"isoComp_00037058","geneComp_00005372","TCONS_00070436","XLOC_010704","T_minus","T_plus","CCND2","unknown","unknown",2.47288149812678,2.4147252789966,2.53103771725697,0.0755968658848596,0.21453315853118,0.0675964904013859,,0.0537836810992202,0.0590895442491406,0.0484778179492997,0.00820825643620592,0.00868745806174295,-0.240577915770372,,0.0220666666666667,0.0247,0.0194333333333333,-0.00526666666666667,0.969495267560648,0.000889606162554215,FALSE,0,"XLOC_010704","CCND2","PB.2146.3","ENST00000676411.1","c","XLOC_010704",TRUE
"isoComp_00037059","geneComp_00005372","TCONS_00070437","XLOC_010704","T_minus","T_plus","ENSG00000285901","unknown","unknown",2.47288149812678,2.4147252789966,2.53103771725697,0.0755968658848596,0.21453315853118,0.0675964904013859,,0.0444750235618598,0.0271212575245391,0.0618287895991805,0.0271212575245391,0.0438445202147541,0.952316620375622,,0.01895,0.0108666666666667,0.0270333333333333,0.0161666666666667,0.896180538240401,0.000889606162554215,FALSE,0,"XLOC_010704","ENSG00000285901","PB.2120.2","ENST00000648100.1","j","XLOC_010704",TRUE
"isoComp_00037060","geneComp_00005372","TCONS_00070438","XLOC_010704","T_minus","T_plus","ENSG00000285901","unknown","unknown",2.47288149812678,2.4147252789966,2.53103771725697,0.0755968658848596,0.21453315853118,0.0675964904013859,,1.49358439006239,1.59460468804336,1.39256409208141,0.048995386867329,0.197484175710089,-0.194151219121333,,0.60265,0.660466666666667,0.544833333333333,-0.115633333333333,0.425372020456858,0.000889606162554215,FALSE,0,"XLOC_010704","ENSG00000285901","PB.2148.8","ENST00000648100.1","c","XLOC_010704",TRUE
"isoComp_00038965","geneComp_00005649","TCONS_00059871","XLOC_011237","T_minus","T_plus","SP1","unknown","unknown",19.0509835275981,21.0828482404549,17.0191188147413,2.34045677858751,0.380653147616076,-0.308750136852171,,0.588917084747451,0.530447868360982,0.647386301133919,0.258650730885843,0.0813133853839935,0.282585931095609,,0.0306666666666667,0.0230666666666667,0.0382666666666667,0.0152,0.772437816683018,0.00401059719536786,FALSE,0,"XLOC_011237","SP1","ENST00000551969.5","ENST00000551969.5","=","XLOC_011237",FALSE
"isoComp_00038966","geneComp_00005649","TCONS_00059872","XLOC_011237","T_minus","T_plus","SP1","unknown","unknown",19.0509835275981,21.0828482404549,17.0191188147413,2.34045677858751,0.380653147616076,-0.308750136852171,,6.73478066905705,5.79581643772487,7.67374490038922,1.19188926419569,0.475081228887737,0.404310663406338,,0.3593,0.268266666666667,0.450333333333333,0.182066666666667,0.00401059719536786,0.00401059719536786,FALSE,0,"XLOC_011237","SP1","ENST00000327443.9","ENST00000327443.9","=","XLOC_011237",FALSE
"isoComp_00038967","geneComp_00005649","TCONS_00059873","XLOC_011237","T_minus","T_plus","SP1","unknown","unknown",19.0509835275981,21.0828482404549,17.0191188147413,2.34045677858751,0.380653147616076,-0.308750136852171,,10.6912180207232,13.3399389854888,8.04249705595766,0.596984507104243,0.166333373469741,-0.729325014977212,,0.5583,0.643533333333333,0.473066666666667,-0.170466666666667,0.0332320195620357,0.00401059719536786,FALSE,0,"XLOC_011237","SP1","ENST00000426431.2","ENST00000426431.2","=","XLOC_011237",FALSE
"isoComp_00038968","geneComp_00005649","TCONS_00059874","XLOC_011237","T_minus","T_plus","SP1","unknown","unknown",19.0509835275981,21.0828482404549,17.0191188147413,2.34045677858751,0.380653147616076,-0.308750136852171,,0.828819766109322,1.12458362124206,0.533055910976581,0.200221559277912,0.118395652235401,-1.06299029744437,,0.0417833333333333,0.0524666666666667,0.0311,-0.0213666666666667,0.510796281675199,0.00401059719536786,FALSE,0,"XLOC_011237","SP1","ENST00000548560.1","ENST00000548560.1","=","XLOC_011237",FALSE
"isoComp_00039247","geneComp_00005674","TCONS_00060221","XLOC_011306","T_minus","T_plus","DGKA","unknown","unknown",4.45013811718428,5.45537402941722,3.44490220495134,0.474651164310867,0.702213523294158,-0.661675357818104,,0.0786235130601584,0.0948087772640409,0.0624382488562759,0.0616415940174159,0.0624382488562759,-0.53293596547605,,0.0210833333333333,0.0171,0.0250666666666667,0.00796666666666667,0.91808905920178,0.0436218686598822,FALSE,1,"XLOC_011306","DGKA","PB.3879.1","ENST00000331886.10","=","XLOC_011306",TRUE
"isoComp_00039251","geneComp_00005674","TCONS_00060228","XLOC_011306","T_minus","T_plus","DGKA","unknown","unknown",4.45013811718428,5.45537402941722,3.44490220495134,0.474651164310867,0.702213523294158,-0.661675357818104,,0.0954875251181906,0.0870928819918428,0.103882168244538,0.0450056419571177,0.0618291207250341,0.230104427712554,,0.02595,0.0152666666666667,0.0366333333333333,0.0213666666666667,0.931382791341636,0.0436218686598822,FALSE,1,"XLOC_011306","DGKA","ENST00000548407.6","ENST00000548407.6","=","XLOC_011306",FALSE
"isoComp_00039255","geneComp_00005674","TCONS_00060232","XLOC_011306","T_minus","T_plus","DGKA","unknown","unknown",4.45013811718428,5.45537402941722,3.44490220495134,0.474651164310867,0.702213523294158,-0.661675357818104,,0.0610647638551014,0.122129527710203,0,0.071628317835428,0,-3.72388100447554,,0.0109,0.0218,0,-0.0218,0.615626442096213,0.0436218686598822,FALSE,0,"XLOC_011306","DGKA","ENST00000547535.5","ENST00000547535.5","=","XLOC_011306",FALSE
"isoComp_00039256","geneComp_00005674","TCONS_00060233","XLOC_011306","T_minus","T_plus","DGKA","unknown","unknown",4.45013811718428,5.45537402941722,3.44490220495134,0.474651164310867,0.702213523294158,-0.661675357818104,,0.0678031438113477,0.135606287622695,0,0.135606287622695,0,-3.86400075074143,,0.0107,0.0214,0,-0.0214,0.943787283442099,0.0436218686598822,FALSE,0,"XLOC_011306","DGKA","ENST00000549323.6","ENST00000549323.6","=","XLOC_011306",FALSE
"isoComp_00039261","geneComp_00005674","TCONS_00060242","XLOC_011306","T_minus","T_plus","DGKA","unknown","unknown",4.45013811718428,5.45537402941722,3.44490220495134,0.474651164310867,0.702213523294158,-0.661675357818104,,0.0409914164937545,0.043976942379341,0.0380058906081679,0.0223353726211812,0.0380058906081679,-0.169131811118615,,0.01175,0.00823333333333333,0.0152666666666667,0.00703333333333333,0.95458736490621,0.0436218686598822,,0,"XLOC_011306","DGKA","ENST00000548378.1","ENST00000548378.1","=","XLOC_011306",FALSE
"isoComp_00039265","geneComp_00005674","TCONS_00060248","XLOC_011306","T_minus","T_plus","DGKA","unknown","unknown",4.45013811718428,5.45537402941722,3.44490220495134,0.474651164310867,0.702213523294158,-0.661675357818104,,0.485603305054853,0.513077236242533,0.458129373867173,0.184915384963605,0.23348883681867,-0.160116693700581,,0.129866666666667,0.0903,0.169433333333333,0.0791333333333333,0.969020017036402,0.0436218686598822,FALSE,1,"XLOC_011306","DGKA","ENST00000549079.6","ENST00000549079.6","=","XLOC_011306",FALSE
"isoComp_00039266","geneComp_00005674","TCONS_00060249","XLOC_011306","T_minus","T_plus","DGKA","unknown","unknown",4.45013811718428,5.45537402941722,3.44490220495134,0.474651164310867,0.702213523294158,-0.661675357818104,,0.0535711685143285,0.0718061242112858,0.0353362128173713,0.0139763587888806,0.0137796427493827,-0.851544971094057,,0.0131166666666667,0.0137333333333333,0.0125,-0.00123333333333333,0.996567194811929,0.0436218686598822,TRUE,8,"XLOC_011306","DGKA","ENST00000551739.5","ENST00000551739.5","=","XLOC_011306",FALSE
"isoComp_00039269","geneComp_00005674","TCONS_00060253","XLOC_011306","T_minus","T_plus","DGKA","unknown","unknown",4.45013811718428,5.45537402941722,3.44490220495134,0.474651164310867,0.702213523294158,-0.661675357818104,,0.0605568132123994,0.0641047905125469,0.0570088359122519,0.0641047905125469,0.0570088359122519,-0.145215464109923,,0.0164833333333333,0.0101,0.0228666666666667,0.0127666666666667,0.992124677639766,0.0436218686598822,,0,"XLOC_011306","DGKA","ENST00000549986.5","ENST00000549986.5","=","XLOC_011306",FALSE
"isoComp_00039270","geneComp_00005674","TCONS_00060254","XLOC_011306","T_minus","T_plus","DGKA","unknown","unknown",4.45013811718428,5.45537402941722,3.44490220495134,0.474651164310867,0.702213523294158,-0.661675357818104,,0.0540805395602676,0.0563047867086769,0.0518562924118582,0.0289514644894294,0.0518562924118582,-0.100192663169472,,0.0104833333333333,0.0102,0.0107666666666667,0.000566666666666667,0.950384826957982,0.0436218686598822,FALSE,0,"XLOC_011306","DGKA","ENST00000552335.6","ENST00000552335.6","=","XLOC_011306",FALSE
"isoComp_00039272","geneComp_00005674","TCONS_00060258","XLOC_011306","T_minus","T_plus","DGKA","unknown","unknown",4.45013811718428,5.45537402941722,3.44490220495134,0.474651164310867,0.702213523294158,-0.661675357818104,,0.0920842758664935,0.130477284453729,0.053691267279258,0.0181437508845514,0.0119778550477037,-1.14116937873863,,0.0205,0.0247,0.0163,-0.0084,0.937225458403063,0.0436218686598822,FALSE,2,"XLOC_011306","DGKA","ENST00000552652.2","ENST00000552652.2","=","XLOC_011306",FALSE
"isoComp_00039274","geneComp_00005674","TCONS_00060260","XLOC_011306","T_minus","T_plus","DGKA","unknown","unknown",4.45013811718428,5.45537402941722,3.44490220495134,0.474651164310867,0.702213523294158,-0.661675357818104,,0.14966972037015,0.2993394407403,0,0.190782946588071,0,-4.95111888348057,,0.0269333333333333,0.0538666666666667,0,-0.0538666666666667,0.49078862546267,0.0436218686598822,,0,"XLOC_011306","DGKA","ENST00000552903.2","ENST00000552903.2","=","XLOC_011306",FALSE
"isoComp_00039276","geneComp_00005674","TCONS_00060262","XLOC_011306","T_minus","T_plus","DGKA","unknown","unknown",4.45013811718428,5.45537402941722,3.44490220495134,0.474651164310867,0.702213523294158,-0.661675357818104,,0.448556929362574,0,0.897113858725147,0,0.897113858725147,6.50321174057912,,0.0931666666666667,0,0.186333333333333,0.186333333333333,0.852208471686375,0.0436218686598822,FALSE,0,"XLOC_011306","DGKA","ENST00000550957.1","ENST00000550957.1","=","XLOC_011306",FALSE
"isoComp_00039277","geneComp_00005674","TCONS_00060263","XLOC_011306","T_minus","T_plus","DGKA","unknown","unknown",4.45013811718428,5.45537402941722,3.44490220495134,0.474651164310867,0.702213523294158,-0.661675357818104,,0.563161323748401,0.72058500546908,0.405737642027721,0.0681719758151985,0.226127533153579,-0.813378764675466,,0.12605,0.135866666666667,0.116233333333333,-0.0196333333333333,0.903708341419859,0.0436218686598822,FALSE,0,"XLOC_011306","DGKA","ENST00000548491.1","ENST00000548491.1","=","XLOC_011306",FALSE
"isoComp_00039278","geneComp_00005674","TCONS_00070637","XLOC_011306","T_minus","T_plus","DGKA","unknown","unknown",4.45013811718428,5.45537402941722,3.44490220495134,0.474651164310867,0.702213523294158,-0.661675357818104,,0.0578150346796719,0.0776241787511759,0.0380058906081679,0.0393606774199962,0.0380058906081679,-0.868117573718071,,0.01535,0.0154333333333333,0.0152666666666667,-0.000166666666666667,0.914632388014639,0.0436218686598822,FALSE,1,"XLOC_011306","DGKA","PB.2412.1","ENST00000394147.5","j","XLOC_011306",TRUE
"isoComp_00039279","geneComp_00005674","TCONS_00070638","XLOC_011306","T_minus","T_plus","DGKA","unknown","unknown",4.45013811718428,5.45537402941722,3.44490220495134,0.474651164310867,0.702213523294158,-0.661675357818104,,1.39147121455827,2.19982275461019,0.583119674506357,0.280640204292222,0.125550792694983,-1.89753552496448,,0.2906,0.4124,0.1688,-0.2436,0.0436218686598822,0.0436218686598822,FALSE,1,"XLOC_011306","DGKA","PB.3879.2","ENST00000394147.5","j","XLOC_011306",TRUE
"isoComp_00039281","geneComp_00005674","TCONS_00072216","XLOC_011306","T_minus","T_plus","DGKA","unknown","unknown",4.45013811718428,5.45537402941722,3.44490220495134,0.474651164310867,0.702213523294158,-0.661675357818104,,0.0881156973642043,0.143721168738139,0.0325102259902697,0.0855136530493344,0.0205466673813886,-1.85443401665132,,0.0181,0.0240666666666667,0.0121333333333333,-0.0119333333333333,0.929969306585722,0.0436218686598822,FALSE,3,"XLOC_011306","DGKA","PB.3879.4","ENST00000394147.5","m","XLOC_011306",TRUE
"isoComp_00039282","geneComp_00005674","TCONS_00072217","XLOC_011306","T_minus","T_plus","DGKA","unknown","unknown",4.45013811718428,5.45537402941722,3.44490220495134,0.474651164310867,0.702213523294158,-0.661675357818104,,0.204228650472141,0.228940969978088,0.179516330966194,0.0452845057811525,0.00748459324085457,-0.334332073093171,,0.0496666666666667,0.0432333333333333,0.0561,0.0128666666666667,0.890562365840184,0.0436218686598822,FALSE,3,"XLOC_011306","DGKA","PB.3879.5","ENST00000394147.5","m","XLOC_011306",TRUE
"isoComp_00039306","geneComp_00005678","TCONS_00060287","XLOC_011310","T_minus","T_plus","SUOX","unknown","unknown",4.49542809367318,6.59740313380912,2.39345305353723,0.409267212832194,0.113058180909125,-1.45897474604965,,0.421577228963116,0.657812635677087,0.185341822249145,0.375452951928663,0.10247807908436,-1.77344253078961,,0.09005,0.0983,0.0818,-0.0165,0.994458569480353,1.94068545328748e-05,FALSE,0,"XLOC_011310","SUOX","ENST00000356124.8","ENST00000356124.8","=","XLOC_011310",FALSE
"isoComp_00039307","geneComp_00005678","TCONS_00060288","XLOC_011310","T_minus","T_plus","SUOX","unknown","unknown",4.49542809367318,6.59740313380912,2.39345305353723,0.409267212832194,0.113058180909125,-1.45897474604965,,0.10391167986756,0.143002994220297,0.0648203655148228,0.143002994220297,0.0648203655148228,-1.03205696736254,,0.0255666666666667,0.0245,0.0266333333333333,0.00213333333333333,0.96798122681822,1.94068545328748e-05,,0,"XLOC_011310","SUOX","ENST00000550121.5","ENST00000550121.5","=","XLOC_011310",FALSE
"isoComp_00039308","geneComp_00005678","TCONS_00060291","XLOC_011310","T_minus","T_plus","SUOX","unknown","unknown",4.49542809367318,6.59740313380912,2.39345305353723,0.409267212832194,0.113058180909125,-1.45897474604965,,1.7546292040626,2.79825078851002,0.711007619615181,0.322807082522322,0.0232761743931317,-1.96158536900727,,0.362,0.4262,0.2978,-0.1284,0.452695245785442,1.94068545328748e-05,FALSE,0,"XLOC_011310","SUOX","PB.3882.1","ENST00000266971.8","=","XLOC_011310",TRUE
"isoComp_00039309","geneComp_00005678","TCONS_00060293","XLOC_011310","T_minus","T_plus","SUOX","unknown","unknown",4.49542809367318,6.59740313380912,2.39345305353723,0.409267212832194,0.113058180909125,-1.45897474604965,,0.981374188529624,1.46453175124984,0.498216625809411,0.107419093348471,0.0733818729002454,-1.53674141080878,,0.215316666666667,0.222133333333333,0.2085,-0.0136333333333334,0.965099260906411,1.94068545328748e-05,FALSE,0,"XLOC_011310","SUOX","PB.3065.2","ENST00000394115.6","=","XLOC_011310",TRUE
"isoComp_00039310","geneComp_00005678","TCONS_00060294","XLOC_011310","T_minus","T_plus","SUOX","unknown","unknown",4.49542809367318,6.59740313380912,2.39345305353723,0.409267212832194,0.113058180909125,-1.45897474604965,,0.395067938802671,0.601986528373342,0.188149349232,0.329450768102169,0.0962688161119219,-1.62691166612722,,0.0822833333333333,0.0855666666666667,0.079,-0.00656666666666667,1,1.94068545328748e-05,,0,"XLOC_011310","SUOX","ENST00000547586.5","ENST00000547586.5","=","XLOC_011310",FALSE
"isoComp_00039312","geneComp_00005678","TCONS_00060296","XLOC_011310","T_minus","T_plus","SUOX","unknown","unknown",4.49542809367318,6.59740313380912,2.39345305353723,0.409267212832194,0.113058180909125,-1.45897474604965,,0.0521150098621875,0.0912659466214105,0.0129640731029646,0.0875346419334735,0.0129640731029646,-2.1406986524986,,0.0104333333333333,0.0155333333333333,0.00533333333333333,-0.0102,0.993301531086783,1.94068545328748e-05,FALSE,0,"XLOC_011310","SUOX","ENST00000548274.5","ENST00000548274.5","=","XLOC_011310",FALSE
"isoComp_00039313","geneComp_00005678","TCONS_00060297","XLOC_011310","T_minus","T_plus","SUOX","unknown","unknown",4.49542809367318,6.59740313380912,2.39345305353723,0.409267212832194,0.113058180909125,-1.45897474604965,,0.0611284088021162,0.0533809352517878,0.0688758823524447,0.029936435430511,0.0345885375764479,0.31553529068178,,0.01815,0.0087,0.0276,0.0189,0.864475444862701,1.94068545328748e-05,FALSE,0,"XLOC_011310","SUOX","ENST00000552813.5","ENST00000552813.5","=","XLOC_011310",FALSE
"isoComp_00039316","geneComp_00005678","TCONS_00060301","XLOC_011310","T_minus","T_plus","SUOX","unknown","unknown",4.49542809367318,6.59740313380912,2.39345305353723,0.409267212832194,0.113058180909125,-1.45897474604965,,0.336372095106104,0.407504653329927,0.265239536882281,0.0833816329005279,0.0851787826857513,-0.601104555969999,,0.0858,0.062,0.1096,0.0476,0.7309476390191,1.94068545328748e-05,FALSE,1,"XLOC_011310","SUOX","ENST00000394109.7","ENST00000394109.7","=","XLOC_011310",FALSE
"isoComp_00039319","geneComp_00005678","TCONS_00072218","XLOC_011310","T_minus","T_plus","SUOX","unknown","unknown",4.49542809367318,6.59740313380912,2.39345305353723,0.409267212832194,0.113058180909125,-1.45897474604965,,0.133146433153965,0,0.266292866307931,0,0.0829093239340316,4.78812640812342,,0.0545666666666667,0,0.109133333333333,0.109133333333333,1.94068545328748e-05,1.94068545328748e-05,FALSE,0,"XLOC_011310","SUOX","PB.3882.2","ENST00000394115.6","j","XLOC_011310",TRUE
"isoComp_00039321","geneComp_00005678","TCONS_00072220","XLOC_011310","T_minus","T_plus","SUOX","unknown","unknown",4.49542809367318,6.59740313380912,2.39345305353723,0.409267212832194,0.113058180909125,-1.45897474604965,,0.147664855764286,0.237135123035211,0.0581945884933606,0.0501154256334194,0.0244477578317035,-1.85757089675093,,0.0301333333333333,0.0365333333333333,0.0237333333333333,-0.0128,0.887103092431633,1.94068545328748e-05,FALSE,1,"XLOC_011310","SUOX","PB.3882.4","ENST00000394115.6","j","XLOC_011310",TRUE
"isoComp_00039481","geneComp_00005689","TCONS_00060448","XLOC_011323","T_minus","T_plus","IL23A","unknown","unknown",95.209418893663,7.54831494687285,182.870522840453,1.65014036694609,21.2716062445713,4.59669298758819,,0.817026263144533,1.63405252628907,0,0.964459887767691,0,-7.36111258259371,,0.0884,0.1768,0,-0.1768,0.0123693512293699,6.42513378184985e-128,FALSE,0,"XLOC_011323","IL23A","ENST00000622119.4","ENST00000622119.4","=","XLOC_011323",FALSE
"isoComp_00039482","geneComp_00005689","TCONS_00060449","XLOC_011323","T_minus","T_plus","IL23A","unknown","unknown",95.209418893663,7.54831494687285,182.870522840453,1.65014036694609,21.2716062445713,4.59669298758819,,0.490255903144624,0.414215569465687,0.566296236823561,0.414215569465687,0.101364378294335,0.44201302773845,,0.0448,0.0865666666666667,0.00303333333333333,-0.0835333333333333,0.96536450810981,6.42513378184985e-128,FALSE,0,"XLOC_011323","IL23A","ENST00000619177.1","ENST00000619177.1","=","XLOC_011323",FALSE
"isoComp_00039483","geneComp_00005689","TCONS_00060450","XLOC_011323","T_minus","T_plus","IL23A","unknown","unknown",95.209418893663,7.54831494687285,182.870522840453,1.65014036694609,21.2716062445713,4.59669298758819,,93.5956450964428,5.45566661153248,181.735623581353,1.09480025385502,21.140822554412,5.05537935168173,,0.860566666666667,0.727366666666667,0.993766666666667,0.2664,6.42513378184985e-128,6.42513378184985e-128,FALSE,0,"XLOC_011323","IL23A","PB.2384.1","ENST00000228534.6","=","XLOC_011323",TRUE
"isoComp_00039950","geneComp_00005745","TCONS_00061020","XLOC_011424","T_minus","T_plus","IRAK3","unknown","unknown",5.14014755426955,5.51886419797023,4.76143091056886,0.281853790765096,0.135706063183182,-0.212561153315665,,0.615457461669848,0.549368982177504,0.681545941162193,0.0399609900221984,0.0516920743633048,0.306024839977119,,0.121683333333333,0.1004,0.142966666666667,0.0425666666666667,0.656805630381947,2.87298911782658e-14,FALSE,0,"XLOC_011424","IRAK3","ENST00000545837.1","ENST00000545837.1","=","XLOC_011424",FALSE
"isoComp_00039951","geneComp_00005745","TCONS_00061021","XLOC_011424","T_minus","T_plus","IRAK3","unknown","unknown",5.14014755426955,5.51886419797023,4.76143091056886,0.281853790765096,0.135706063183182,-0.212561153315665,,3.639286467011,4.54831368079475,2.73025925322725,0.0800262532431418,0.1610759700419,-0.734187815618595,,0.700083333333333,0.827466666666667,0.5727,-0.254766666666667,0.000117923784145908,2.87298911782658e-14,FALSE,0,"XLOC_011424","IRAK3","ENST00000261233.9","ENST00000261233.9","=","XLOC_011424",FALSE
"isoComp_00039952","geneComp_00005745","TCONS_00061022","XLOC_011424","T_minus","T_plus","IRAK3","unknown","unknown",5.14014755426955,5.51886419797023,4.76143091056886,0.281853790765096,0.135706063183182,-0.212561153315665,,0.0831575211984508,0.12896765412726,0.0373473882696412,0.0708022713903485,0.0186957362741055,-1.55339237033315,,0.0149833333333333,0.0221666666666667,0.0078,-0.0143666666666667,0.897988066350533,2.87298911782658e-14,FALSE,0,"XLOC_011424","IRAK3","ENST00000457197.2","ENST00000457197.2","=","XLOC_011424",FALSE
"isoComp_00039954","geneComp_00005745","TCONS_00071529","XLOC_011424","T_minus","T_plus","IRAK3","unknown","unknown",5.14014755426955,5.51886419797023,4.76143091056886,0.281853790765096,0.135706063183182,-0.212561153315665,,0.411798503203771,0,0.823597006407542,0,0.0406129612270723,6.38127819154319,,0.0867,0,0.1734,0.1734,2.87298911782658e-14,2.87298911782658e-14,FALSE,0,"XLOC_011424","IRAK3","PB.2430.3","ENST00000261233.9","c","XLOC_011424",TRUE
"isoComp_00039955","geneComp_00005745","TCONS_00071530","XLOC_011424","T_minus","T_plus","IRAK3","unknown","unknown",5.14014755426955,5.51886419797023,4.76143091056886,0.281853790765096,0.135706063183182,-0.212561153315665,,0.347726719973163,0.244889289407343,0.450564150538983,0.175185262018689,0.099706084785258,0.853531367020268,,0.0684833333333333,0.0418,0.0951666666666667,0.0533666666666667,0.676700578079949,2.87298911782658e-14,FALSE,0,"XLOC_011424","IRAK3","PB.2430.4","ENST00000261233.9","c","XLOC_011424",TRUE
"isoComp_00040247","geneComp_00005772","TCONS_00061299","XLOC_011473","T_minus","T_plus","THAP2","unknown","unknown",12.5365214329859,10.8773933587147,14.1956495072572,0.342568088757867,1.04615850258471,0.383806207795286,,1.91654116529726,1.8937084198068,1.93937391078772,0.0575600484942451,0.119967582392398,0.0341983153231569,,0.155716666666667,0.174166666666667,0.137266666666667,-0.0369,0.444641124326524,8.82928775226408e-36,FALSE,0,"XLOC_011473","THAP2","PB.4018.1","ENST00000308086.3","=","XLOC_011473",TRUE
"isoComp_00040248","geneComp_00005772","TCONS_00061300","XLOC_011473","T_minus","T_plus","THAP2","unknown","unknown",12.5365214329859,10.8773933587147,14.1956495072572,0.342568088757867,1.04615850258471,0.383806207795286,,3.87957473990108,0.653545011031787,7.10560446877038,0.128621457530307,0.761360308260123,3.42272008046771,,0.278733333333333,0.0594666666666667,0.498,0.438533333333333,8.82928775226408e-36,8.82928775226408e-36,FALSE,0,"XLOC_011473","THAP2","PB.2450.1","ENST00000547843.1","=","XLOC_011473",TRUE
"isoComp_00040250","geneComp_00005772","TCONS_00061304","XLOC_011473","T_minus","T_plus","TMEM19","unknown","unknown",12.5365214329859,10.8773933587147,14.1956495072572,0.342568088757867,1.04615850258471,0.383806207795286,,1.74378302497826,2.33506842515623,1.15249762480028,0.0783434066367861,0.0667479912542105,-1.01240225024362,,0.148083333333333,0.214666666666667,0.0815,-0.133166666666667,3.45668836355433e-10,8.82928775226408e-36,FALSE,2,"XLOC_011473","TMEM19","ENST00000266673.10","ENST00000266673.10","=","XLOC_011473",FALSE
"isoComp_00040255","geneComp_00005772","TCONS_00070690","XLOC_011473","T_minus","T_plus","TMEM19","unknown","unknown",12.5365214329859,10.8773933587147,14.1956495072572,0.342568088757867,1.04615850258471,0.383806207795286,,1.36623823150639,1.81449827574321,0.917978187269571,0.63920930203315,0.303937858453856,-0.975336988113052,,0.117783333333333,0.1707,0.0648666666666667,-0.105833333333333,0.599123381729661,8.82928775226408e-36,FALSE,1,"XLOC_011473","TMEM19","PB.2451.5","ENST00000266673.10","j","XLOC_011473",TRUE
"isoComp_00040256","geneComp_00005772","TCONS_00071548","XLOC_011473","T_minus","T_plus","TMEM19","unknown","unknown",12.5365214329859,10.8773933587147,14.1956495072572,0.342568088757867,1.04615850258471,0.383806207795286,,0.670483220069567,0.466184857918423,0.874781582220712,0.466184857918423,0.17304092397232,0.89379960903098,,0.0504666666666667,0.0404666666666667,0.0604666666666667,0.02,0.459540379780447,8.82928775226408e-36,FALSE,0,"XLOC_011473","TMEM19","PB.2451.4","ENST00000266673.10","j","XLOC_011473",TRUE
"isoComp_00040257","geneComp_00005772","TCONS_00071549","XLOC_011473","T_minus","T_plus","TMEM19","unknown","unknown",12.5365214329859,10.8773933587147,14.1956495072572,0.342568088757867,1.04615850258471,0.383806207795286,,0.38415054880974,0.466638932753385,0.301662164866094,0.138558877127608,0.0438281487289545,-0.61291377291435,,0.0321,0.0422666666666667,0.0219333333333333,-0.0203333333333333,0.626124122423109,8.82928775226408e-36,FALSE,0,"XLOC_011473","TMEM19","PB.2451.6","ENST00000266673.10","j","XLOC_011473",TRUE
"isoComp_00040258","geneComp_00005772","TCONS_00073321","XLOC_011473","T_minus","T_plus","TMEM19","unknown","unknown",12.5365214329859,10.8773933587147,14.1956495072572,0.342568088757867,1.04615850258471,0.383806207795286,,2.4181154451359,2.97963755230573,1.85659333796607,0.169897990929585,0.158234439739626,-0.679562938769774,,0.202883333333333,0.2736,0.132166666666667,-0.141433333333333,0.000114840786326871,8.82928775226408e-36,FALSE,1,"XLOC_011473","TMEM19","PB.3173.4","ENST00000266673.10","c","XLOC_011473",TRUE
"isoComp_00041571","geneComp_00005982","TCONS_00063002","XLOC_011890","T_minus","T_plus","PXN-AS1","unknown","unknown",1.63400302472792,2.15739754565648,1.11060850379937,0.266268435362108,0.152815811544213,-0.951681452198407,,0.90535751543154,1.25386920637605,0.556845824487026,0.311008535492986,0.133180863361086,-1.15681887426764,,0.53325,0.567533333333333,0.498966666666667,-0.0685666666666667,0.902222242176865,0.0474176650428291,FALSE,0,"XLOC_011890","PXN-AS1","ENST00000542265.7","ENST00000542265.7","=","XLOC_011890",FALSE
"isoComp_00041573","geneComp_00005982","TCONS_00063004","XLOC_011890","T_minus","T_plus","PXN-AS1","unknown","unknown",1.63400302472792,2.15739754565648,1.11060850379937,0.266268435362108,0.152815811544213,-0.951681452198407,,0.143348793962463,0.275727481681788,0.0109701062431376,0.0257491804001403,0.0109701062431376,-3.76823372759116,,0.0724833333333333,0.132033333333333,0.0129333333333333,-0.1191,0.0474176650428291,0.0474176650428291,FALSE,1,"XLOC_011890","PXN-AS1","ENST00000693683.1","ENST00000693683.1","=","XLOC_011890",FALSE
"isoComp_00041574","geneComp_00005982","TCONS_00063005","XLOC_011890","T_minus","T_plus","PXN-AS1","unknown","unknown",1.63400302472792,2.15739754565648,1.11060850379937,0.266268435362108,0.152815811544213,-0.951681452198407,,0.0554165057439698,0.062616185833921,0.0482168256540186,0.0242145092615042,0.0140550272457966,-0.318854977717737,,0.0374833333333333,0.0319,0.0430666666666667,0.0111666666666667,0.94637632546248,0.0474176650428291,FALSE,0,"XLOC_011890","PXN-AS1","ENST00000664264.1","ENST00000664264.1","=","XLOC_011890",FALSE
"isoComp_00041575","geneComp_00005982","TCONS_00063006","XLOC_011890","T_minus","T_plus","PXN-AS1","unknown","unknown",1.63400302472792,2.15739754565648,1.11060850379937,0.266268435362108,0.152815811544213,-0.951681452198407,,0.0260540023274518,0,0.0521080046549036,0,0.0521080046549036,2.63477921903697,,0.03075,0,0.0615,0.0615,0.902002157488473,0.0474176650428291,,0,"XLOC_011890","PXN-AS1","ENST00000667721.2","ENST00000667721.2","=","XLOC_011890",FALSE
"isoComp_00041577","geneComp_00005982","TCONS_00063008","XLOC_011890","T_minus","T_plus","PXN-AS1","unknown","unknown",1.63400302472792,2.15739754565648,1.11060850379937,0.266268435362108,0.152815811544213,-0.951681452198407,,0.164106350735329,0.207273843144526,0.120938858326133,0.0181355817770251,0.016983550008984,-0.730621198809075,,0.105616666666667,0.0981333333333333,0.1131,0.0149666666666667,0.963832720455414,0.0474176650428291,FALSE,0,"XLOC_011890","PXN-AS1","ENST00000535200.2","ENST00000535200.2","=","XLOC_011890",FALSE
"isoComp_00041578","geneComp_00005982","TCONS_00063009","XLOC_011890","T_minus","T_plus","PXN-AS1","unknown","unknown",1.63400302472792,2.15739754565648,1.11060850379937,0.266268435362108,0.152815811544213,-0.951681452198407,,0.0997282329975158,0.152833514461697,0.0466229515333348,0.152833514461697,0.0466229515333348,-1.52393880788498,,0.0646,0.0742,0.055,-0.0192,0.994190724070396,0.0474176650428291,,0,"XLOC_011890","PXN-AS1","ENST00000693713.1","ENST00000693713.1","=","XLOC_011890",FALSE
"isoComp_00041579","geneComp_00005982","TCONS_00063011","XLOC_011890","T_minus","T_plus","PXN-AS1","unknown","unknown",1.63400302472792,2.15739754565648,1.11060850379937,0.266268435362108,0.152815811544213,-0.951681452198407,,0.117771632393866,0.152627505662209,0.0829157591255221,0.00950772649703639,0.0086160566496896,-0.807576072184199,,0.0746833333333333,0.0739,0.0754666666666667,0.00156666666666667,0.999136735239407,0.0474176650428291,FALSE,1,"XLOC_011890","PXN-AS1","ENST00000667017.1","ENST00000667017.1","=","XLOC_011890",FALSE
"isoComp_00041581","geneComp_00005982","TCONS_00063013","XLOC_011890","T_minus","T_plus","PXN-AS1","unknown","unknown",1.63400302472792,2.15739754565648,1.11060850379937,0.266268435362108,0.152815811544213,-0.951681452198407,,0.0790808459280838,0,0.158161691856168,0,0.158161691856168,4.07177718416822,,0.0574333333333333,0,0.114866666666667,0.114866666666667,0.866846697016075,0.0474176650428291,,0,"XLOC_011890","PXN-AS1","ENST00000620336.1","ENST00000620336.1","=","XLOC_011890",FALSE
"isoComp_00041582","geneComp_00005982","TCONS_00070818","XLOC_011890","T_minus","T_plus","PXN-AS1","unknown","unknown",1.63400302472792,2.15739754565648,1.11060850379937,0.266268435362108,0.152815811544213,-0.951681452198407,,0.0155568877235575,0,0.0311137754471149,0,0.0311137754471149,2.03962185958693,,0.0113,0,0.0226,0.0226,0.899051243310507,0.0474176650428291,,0,"XLOC_011890","PXN-AS1","PB.2675.1","ENST00000535200.2","j","XLOC_011890",TRUE
"isoComp_00042961","geneComp_00006168","TCONS_00064802","XLOC_012274","T_minus","T_plus","ENSG00000255641","unknown","unknown",3.10626358323414,4.24287426334914,1.96965290311915,0.0490572954061427,0.109382032495956,-1.10319070057662,,0.658494838032344,0.866544754488936,0.450444921575751,0.219319027916371,0.087839684628412,-0.928799162321462,,0.216416666666667,0.203566666666667,0.229266666666667,0.0257,0.935097765609806,0.00130874738949604,FALSE,0,"XLOC_012274","ENSG00000255641","ENST00000539033.1","ENST00000539033.1","=","XLOC_012274",FALSE
"isoComp_00042962","geneComp_00006168","TCONS_00064803","XLOC_012274","T_minus","T_plus","KLRC3","unknown","unknown",3.10626358323414,4.24287426334914,1.96965290311915,0.0490572954061427,0.109382032495956,-1.10319070057662,,0.261749282655017,0.523498565310034,0,0.150981180137169,0,-5.73741248623157,,0.0614166666666667,0.122833333333333,0,-0.122833333333333,0.00130874738949604,0.00130874738949604,FALSE,0,"XLOC_012274","KLRC3","ENST00000396439.7","ENST00000396439.7","=","XLOC_012274",FALSE
"isoComp_00042963","geneComp_00006168","TCONS_00064804","XLOC_012274","T_minus","T_plus","KLRC3","unknown","unknown",3.10626358323414,4.24287426334914,1.96965290311915,0.0490572954061427,0.109382032495956,-1.10319070057662,,0.0383953718509816,0,0.0767907437019633,0,0.0767907437019633,3.1175411863638,,0.0185166666666667,0,0.0370333333333333,0.0370333333333333,0.866900153346991,0.00130874738949604,FALSE,0,"XLOC_012274","KLRC3","ENST00000381903.2","ENST00000381903.2","=","XLOC_012274",FALSE
"isoComp_00042966","geneComp_00006168","TCONS_00064807","XLOC_012274","T_minus","T_plus","KLRC2","unknown","unknown",3.10626358323414,4.24287426334914,1.96965290311915,0.0490572954061427,0.109382032495956,-1.10319070057662,,0.0458084252375521,0.0724191645496134,0.0191976859254908,0.0518371560046894,0.0191976859254908,-1.49712580741289,,0.01305,0.0168333333333333,0.00926666666666667,-0.00756666666666667,0.934166524096289,0.00130874738949604,FALSE,0,"XLOC_012274","KLRC2","ENST00000381901.5","ENST00000381901.5","=","XLOC_012274",FALSE
"isoComp_00042967","geneComp_00006168","TCONS_00064808","XLOC_012274","T_minus","T_plus","KLRC2","unknown","unknown",3.10626358323414,4.24287426334914,1.96965290311915,0.0490572954061427,0.109382032495956,-1.10319070057662,,0.0320869030583596,0,0.0641738061167193,0,0.0326759419126515,2.89090980062903,,0.0154333333333333,0,0.0308666666666667,0.0308666666666667,0.503194623131026,0.00130874738949604,FALSE,0,"XLOC_012274","KLRC2","ENST00000536833.6","ENST00000536833.6","=","XLOC_012274",FALSE
"isoComp_00042969","geneComp_00006168","TCONS_00064810","XLOC_012274","T_minus","T_plus","KLRC1","unknown","unknown",3.10626358323414,4.24287426334914,1.96965290311915,0.0490572954061427,0.109382032495956,-1.10319070057662,,0.145552143420715,0.291104286841431,0,0.0448846796223358,0,-4.91219134283985,,0.0342666666666667,0.0685333333333333,0,-0.0685333333333333,0.00724159643794311,0.00130874738949604,FALSE,0,"XLOC_012274","KLRC1","ENST00000536188.5","ENST00000536188.5","=","XLOC_012274",FALSE
"isoComp_00042970","geneComp_00006168","TCONS_00064811","XLOC_012274","T_minus","T_plus","KLRC1","unknown","unknown",3.10626358323414,4.24287426334914,1.96965290311915,0.0490572954061427,0.109382032495956,-1.10319070057662,,0.74924919445999,1.0137731666484,0.484725222271575,0.167458354828588,0.0199264750827583,-1.04919674002077,,0.242883333333333,0.2382,0.247566666666667,0.00936666666666666,0.962645710911422,0.00130874738949604,FALSE,0,"XLOC_012274","KLRC1","ENST00000359151.8","ENST00000359151.8","=","XLOC_012274",FALSE
"isoComp_00042971","geneComp_00006168","TCONS_00064812","XLOC_012274","T_minus","T_plus","KLRC1","unknown","unknown",3.10626358323414,4.24287426334914,1.96965290311915,0.0490572954061427,0.109382032495956,-1.10319070057662,,0.325109062961029,0.44059498880909,0.209623137112968,0.11301820350306,0.108892818490313,-1.03680121999395,,0.102016666666667,0.103233333333333,0.1008,-0.00243333333333333,0.960416382687891,0.00130874738949604,FALSE,0,"XLOC_012274","KLRC1","ENST00000408006.7","ENST00000408006.7","=","XLOC_012274",FALSE
"isoComp_00042972","geneComp_00006168","TCONS_00064813","XLOC_012274","T_minus","T_plus","KLRC1","unknown","unknown",3.10626358323414,4.24287426334914,1.96965290311915,0.0490572954061427,0.109382032495956,-1.10319070057662,,0.222729550786627,0.391164972133013,0.0542941294402399,0.295728974845597,0.0542941294402399,-2.64143672272768,,0.0621,0.0932,0.031,-0.0622,0.802462317627671,0.00130874738949604,FALSE,0,"XLOC_012274","KLRC1","ENST00000347831.9","ENST00000347831.9","=","XLOC_012274",FALSE
"isoComp_00042973","geneComp_00006168","TCONS_00064814","XLOC_012274","T_minus","T_plus","KLRC1","unknown","unknown",3.10626358323414,4.24287426334914,1.96965290311915,0.0490572954061427,0.109382032495956,-1.10319070057662,,0.0303658814682044,0,0.0607317629364087,0,0.0320578672208759,2.82235821984859,,0.0156833333333333,0,0.0313666666666667,0.0313666666666667,0.556716708748474,0.00130874738949604,FALSE,0,"XLOC_012274","KLRC1","ENST00000544822.2","ENST00000544822.2","=","XLOC_012274",FALSE
"isoComp_00042974","geneComp_00006168","TCONS_00072620","XLOC_012274","T_minus","T_plus","KLRC3","unknown","unknown",3.10626358323414,4.24287426334914,1.96965290311915,0.0490572954061427,0.109382032495956,-1.10319070057662,,0.54636051086167,0.611437842632076,0.481283179091264,0.326517488393512,0.0679156025444459,-0.339055253556251,,0.196966666666667,0.145866666666667,0.248066666666667,0.1022,0.755289842321636,0.00130874738949604,FALSE,0,"XLOC_012274","KLRC3","PB.3586.1","ENST00000396439.7","j","XLOC_012274",TRUE
"isoComp_00043219","geneComp_00006212","TCONS_00065261","XLOC_012382","T_minus","T_plus","SOX5","unknown","unknown",5.11200731119055,3.37921256074897,6.84480206163213,0.55410411120461,0.1225183331528,1.01616488657917,,1.22775506229717,1.20127667323774,1.25423345135661,0.165702578107367,0.0293423135896424,0.0617344586704078,,0.271266666666667,0.359133333333333,0.1834,-0.175733333333333,0.000371095102595793,0.000371095102595793,FALSE,0,"XLOC_012382","SOX5","ENST00000451604.7","ENST00000451604.7","=","XLOC_012382",FALSE
"isoComp_00043222","geneComp_00006212","TCONS_00065264","XLOC_012382","T_minus","T_plus","SOX5","unknown","unknown",5.11200731119055,3.37921256074897,6.84480206163213,0.55410411120461,0.1225183331528,1.01616488657917,,0.105065343822833,0.0542425150490781,0.155888172596588,0.0542425150490781,0.036143079926431,1.36861074992024,,0.01875,0.0148333333333333,0.0226666666666667,0.00783333333333333,0.7873278840796,0.000371095102595793,FALSE,0,"XLOC_012382","SOX5","ENST00000646273.1","ENST00000646273.1","=","XLOC_012382",FALSE
"isoComp_00043227","geneComp_00006212","TCONS_00065276","XLOC_012382","T_minus","T_plus","SOX5","unknown","unknown",5.11200731119055,3.37921256074897,6.84480206163213,0.55410411120461,0.1225183331528,1.01616488657917,,0.255704758756536,0.253243562028734,0.258165955484338,0.129761734982023,0.0502009596686622,0.0267278455146709,,0.0516666666666667,0.0655666666666667,0.0377666666666667,-0.0278,0.951523569242854,0.000371095102595793,FALSE,0,"XLOC_012382","SOX5","ENST00000536729.2","ENST00000536729.2","=","XLOC_012382",FALSE
"isoComp_00043228","geneComp_00006212","TCONS_00065277","XLOC_012382","T_minus","T_plus","SOX5","unknown","unknown",5.11200731119055,3.37921256074897,6.84480206163213,0.55410411120461,0.1225183331528,1.01616488657917,,0.154354699738944,0.197373348384604,0.111336051093284,0.148633541703557,0.0557188643081959,-0.77322222650836,,0.0325166666666667,0.0484666666666667,0.0165666666666667,-0.0319,0.907210872288844,0.000371095102595793,,0,"XLOC_012382","SOX5","ENST00000446891.7","ENST00000446891.7","=","XLOC_012382",FALSE
"isoComp_00043230","geneComp_00006212","TCONS_00065279","XLOC_012382","T_minus","T_plus","SOX5","unknown","unknown",5.11200731119055,3.37921256074897,6.84480206163213,0.55410411120461,0.1225183331528,1.01616488657917,,0.0734331270804328,0.0458100727434288,0.101056181417437,0.0458100727434288,0.0533071172029584,0.992692263994547,,0.0171666666666667,0.0198,0.0145333333333333,-0.00526666666666667,0.911485775250552,0.000371095102595793,,0,"XLOC_012382","SOX5","ENST00000429944.6","ENST00000429944.6","=","XLOC_012382",FALSE
"isoComp_00043231","geneComp_00006212","TCONS_00065280","XLOC_012382","T_minus","T_plus","SOX5","unknown","unknown",5.11200731119055,3.37921256074897,6.84480206163213,0.55410411120461,0.1225183331528,1.01616488657917,,0.0664125632375375,0.0819320259341463,0.0508931005409288,0.0580024496168302,0.00178387005975732,-0.594288760438688,,0.0200833333333333,0.0327,0.00746666666666667,-0.0252333333333333,0.945446463226681,0.000371095102595793,,0,"XLOC_012382","SOX5","ENST00000456299.2","ENST00000456299.2","=","XLOC_012382",FALSE
"isoComp_00043233","geneComp_00006212","TCONS_00065282","XLOC_012382","T_minus","T_plus","LINC00477","unknown","unknown",5.11200731119055,3.37921256074897,6.84480206163213,0.55410411120461,0.1225183331528,1.01616488657917,,0.0585739877967809,0.0952077631072866,0.0219402124862752,0.0952077631072866,0.0219402124862752,-1.71979534704144,,0.0129666666666667,0.0228333333333333,0.0031,-0.0197333333333333,0.939108149907807,0.000371095102595793,TRUE,0,"XLOC_012382","LINC00477","ENST00000483544.1","ENST00000483544.1","=","XLOC_012382",FALSE
"isoComp_00043234","geneComp_00006212","TCONS_00072635","XLOC_012382","T_minus","T_plus","LINC00477","unknown","unknown",5.11200731119055,3.37921256074897,6.84480206163213,0.55410411120461,0.1225183331528,1.01616488657917,,1.34397556019308,0.650672987657531,2.03727813272864,0.0860339251432125,0.178750648402399,1.63169884798174,,0.250233333333333,0.201833333333333,0.298633333333333,0.0968,0.527423951741377,0.000371095102595793,TRUE,0,"XLOC_012382","LINC00477","PB.3651.1","ENST00000483544.1","j","XLOC_012382",TRUE
"isoComp_00043235","geneComp_00006212","TCONS_00072636","XLOC_012382","T_minus","T_plus","LINC00477","unknown","unknown",5.11200731119055,3.37921256074897,6.84480206163213,0.55410411120461,0.1225183331528,1.01616488657917,,0.615337954128197,0.298490743228596,0.932185165027797,0.0503685177733329,0.128465350293127,1.6107834169527,,0.112516666666667,0.0894333333333333,0.1356,0.0461666666666667,0.67477139153927,0.000371095102595793,TRUE,1,"XLOC_012382","LINC00477","PB.3651.2","ENST00000483544.1","m","XLOC_012382",TRUE
"isoComp_00043237","geneComp_00006212","TCONS_00073475","XLOC_012382","T_minus","T_plus","LINC00477","unknown","unknown",5.11200731119055,3.37921256074897,6.84480206163213,0.55410411120461,0.1225183331528,1.01616488657917,,0.785024483565858,0.20551025973865,1.36453870739307,0.0462974568310274,0.143513317627796,2.67311907606276,,0.1314,0.0640333333333333,0.198766666666667,0.134733333333333,0.0189607691841506,0.000371095102595793,FALSE,0,"XLOC_012382","LINC00477","PB.2896.10","ENST00000483544.1","j","XLOC_012382",TRUE
"isoComp_00043238","geneComp_00006212","TCONS_00073476","XLOC_012382","T_minus","T_plus","LINC00477","unknown","unknown",5.11200731119055,3.37921256074897,6.84480206163213,0.55410411120461,0.1225183331528,1.01616488657917,,0.219950082325326,0.13429777770224,0.305602386948411,0.0678236136758516,0.00472913619170814,1.12905903533567,,0.0395,0.0343,0.0447,0.0104,0.924211375217363,0.000371095102595793,TRUE,0,"XLOC_012382","LINC00477","PB.2896.13","ENST00000483544.1","j","XLOC_012382",TRUE
"isoComp_00044797","geneComp_00006403","TCONS_00067033","XLOC_012762","T_minus","T_plus","PYM1","unknown","unknown",18.8629263781765,22.557491986953,15.1683607694001,0.762905484668457,0.634001397140784,-0.572230103956359,,7.22506117372164,10.2441630845423,4.20595926290098,0.789121735414524,0.279296103131924,-1.2822769160005,,0.365633333333333,0.4542,0.277066666666667,-0.177133333333333,0.00137886745605045,0.00137886745605045,FALSE,0,"XLOC_012762","PYM1","PB.3878.2","ENST00000408946.7","=","XLOC_012762",TRUE
"isoComp_00044798","geneComp_00006403","TCONS_00067034","XLOC_012762","T_minus","T_plus","PYM1","unknown","unknown",18.8629263781765,22.557491986953,15.1683607694001,0.762905484668457,0.634001397140784,-0.572230103956359,,7.29165164652733,7.34713060987681,7.23617268317785,1.08594489114131,0.0879380068637959,-0.0219240165084076,,0.4015,0.324133333333333,0.478866666666667,0.154733333333333,0.0756351694278243,0.00137886745605045,FALSE,0,"XLOC_012762","PYM1","PB.3878.1","ENST00000398213.4","=","XLOC_012762",TRUE
"isoComp_00044799","geneComp_00006403","TCONS_00067035","XLOC_012762","T_minus","T_plus","PYM1","unknown","unknown",18.8629263781765,22.557491986953,15.1683607694001,0.762905484668457,0.634001397140784,-0.572230103956359,,1.49941995786269,1.6002793373038,1.39856057842157,0.100315799392202,0.293136648154835,-0.193089364781279,,0.0813,0.0711,0.0915,0.0204,0.827287904738492,0.00137886745605045,,0,"XLOC_012762","PYM1","ENST00000302533.6","ENST00000302533.6","=","XLOC_012762",FALSE
"isoComp_00044802","geneComp_00006403","TCONS_00067038","XLOC_012762","T_minus","T_plus","PYM1","unknown","unknown",18.8629263781765,22.557491986953,15.1683607694001,0.762905484668457,0.634001397140784,-0.572230103956359,,1.5067492234625,1.80256111848442,1.21093732844057,0.0718934741572432,0.132158182588379,-0.570040495078358,,0.0798333333333333,0.0803,0.0793666666666667,-0.000933333333333328,0.997604108898973,0.00137886745605045,FALSE,0,"XLOC_012762","PYM1","ENST00000549939.1","ENST00000549939.1","=","XLOC_012762",FALSE
"isoComp_00044803","geneComp_00006403","TCONS_00067039","XLOC_012762","T_minus","T_plus","PYM1","unknown","unknown",18.8629263781765,22.557491986953,15.1683607694001,0.762905484668457,0.634001397140784,-0.572230103956359,,0.224416776479432,0.147472063224956,0.301361489733908,0.0398890414375863,0.152754655946517,0.98349461200299,,0.0129333333333333,0.00646666666666667,0.0194,0.0129333333333333,0.669777247236844,0.00137886745605045,FALSE,0,"XLOC_012762","PYM1","ENST00000454792.2","ENST00000454792.2","=","XLOC_012762",FALSE
"isoComp_00044804","geneComp_00006403","TCONS_00071867","XLOC_012762","T_minus","T_plus","PYM1","unknown","unknown",18.8629263781765,22.557491986953,15.1683607694001,0.762905484668457,0.634001397140784,-0.572230103956359,,0.953734476324937,1.23096810858069,0.676500844069187,0.219541044749628,0.115651056730652,-0.854132641066572,,0.0498333333333333,0.0553333333333333,0.0443333333333333,-0.011,0.906761243760886,0.00137886745605045,FALSE,0,"XLOC_012762","PYM1","PB.3878.3","ENST00000302533.6","j","XLOC_012762",TRUE
"isoComp_00045157","geneComp_00006433","TCONS_00067361","XLOC_012803","T_minus","T_plus","NDUFA4L2","unknown","unknown",1.44530926639514,1.55238165588991,1.33823687690038,0.134312356966619,0.153902971006361,-0.21267292417543,,0.801044950212582,0.579582885252727,1.02250701517244,0.184545117616738,0.140848376291122,0.808385033013555,,0.56005,0.3606,0.7595,0.3989,0.0330444512631553,0.0330444512631553,FALSE,0,"XLOC_012803","NDUFA4L2","ENST00000554503.6","ENST00000554503.6","=","XLOC_012803",FALSE
"isoComp_00045158","geneComp_00006433","TCONS_00067362","XLOC_012803","T_minus","T_plus","NDUFA4L2","unknown","unknown",1.44530926639514,1.55238165588991,1.33823687690038,0.134312356966619,0.153902971006361,-0.21267292417543,,0.390205254415477,0.636547023154958,0.143863485675997,0.153983762012666,0.0431355998882032,-2.07110440345883,,0.269783333333333,0.425333333333333,0.114233333333333,-0.3111,0.276605506659218,0.0330444512631553,FALSE,0,"XLOC_012803","NDUFA4L2","ENST00000393825.5","ENST00000393825.5","=","XLOC_012803",FALSE
"isoComp_00045159","geneComp_00006433","TCONS_00067363","XLOC_012803","T_minus","T_plus","NDUFA4L2","unknown","unknown",1.44530926639514,1.55238165588991,1.33823687690038,0.134312356966619,0.153902971006361,-0.21267292417543,,0.0403058471290709,0.0676476211551773,0.0129640731029646,0.0676476211551773,0.0129640731029646,-1.75756317293405,,0.0236333333333333,0.0388,0.00846666666666667,-0.0303333333333333,0.989509327429906,0.0330444512631553,FALSE,0,"XLOC_012803","NDUFA4L2","ENST00000555173.1","ENST00000555173.1","=","XLOC_012803",FALSE
"isoComp_00045160","geneComp_00006433","TCONS_00067364","XLOC_012803","T_minus","T_plus","NDUFA4L2","unknown","unknown",1.44530926639514,1.55238165588991,1.33823687690038,0.134312356966619,0.153902971006361,-0.21267292417543,,0.0320670866481447,0.0421939608100141,0.0219402124862752,0.0219789853158274,0.0219402124862752,-0.708508976505594,,0.0202333333333333,0.0253,0.0151666666666667,-0.0101333333333333,0.90493353623947,0.0330444512631553,FALSE,1,"XLOC_012803","NDUFA4L2","ENST00000556732.1","ENST00000556732.1","=","XLOC_012803",FALSE
"isoComp_00045161","geneComp_00006433","TCONS_00067365","XLOC_012803","T_minus","T_plus","NDUFA4L2","unknown","unknown",1.44530926639514,1.55238165588991,1.33823687690038,0.134312356966619,0.153902971006361,-0.21267292417543,,0.0591786419502798,0.0637014933062785,0.0546557905942812,0.034462661934797,0.0308986769705785,-0.188914266776655,,0.04305,0.0431,0.043,-0.000100000000000003,1,0.0330444512631553,FALSE,0,"XLOC_012803","NDUFA4L2","ENST00000554688.1","ENST00000554688.1","=","XLOC_012803",FALSE
"isoComp_00045162","geneComp_00006433","TCONS_00067367","XLOC_012803","T_minus","T_plus","NDUFA4L2","unknown","unknown",1.44530926639514,1.55238165588991,1.33823687690038,0.134312356966619,0.153902971006361,-0.21267292417543,,0.12250748603959,0.162708672210752,0.0823062998684267,0.036103927386015,0.0254389675985528,-0.903839506940507,,0.0832833333333333,0.1069,0.0596666666666667,-0.0472333333333333,0.809182337857355,0.0330444512631553,FALSE,0,"XLOC_012803","NDUFA4L2","ENST00000557276.1","ENST00000557276.1","=","XLOC_012803",FALSE
"isoComp_00045618","geneComp_00006500","TCONS_00067992","XLOC_012969","T_minus","T_plus","PHLDA1","unknown","unknown",48.142728252523,49.3359439906249,46.949512514421,8.18415012162953,3.2430249137264,-0.0715140747227346,,36.3972774994164,34.8140375244715,37.9805174743612,6.37325784388524,2.94135336462029,0.125555883487367,,0.7555,0.702533333333333,0.808466666666667,0.105933333333333,0.0072673735747716,0.0072673735747716,FALSE,1,"XLOC_012969","PHLDA1","ENST00000266671.10","ENST00000266671.10","=","XLOC_012969",FALSE
"isoComp_00045620","geneComp_00006500","TCONS_00072915","XLOC_012969","T_minus","T_plus","PHLDA1","unknown","unknown",48.142728252523,49.3359439906249,46.949512514421,8.18415012162953,3.2430249137264,-0.0715140747227346,,11.4367658688572,14.1782369864257,8.69529475128868,1.92007648310891,0.954417606330569,-0.704730281138887,,0.2382,0.2906,0.1858,-0.1048,0.0167362001331233,0.0072673735747716,FALSE,0,"XLOC_012969","PHLDA1","PB.4035.4","ENST00000266671.10","o","XLOC_012969",TRUE
"isoComp_00045825","geneComp_00006528","TCONS_00068277","XLOC_013030","T_minus","T_plus","KITLG","unknown","unknown",7.59493969030463,5.4983868839546,9.69149249665465,0.0684437585403063,1.23697967381862,0.816576820065021,,0.835470266325586,1.48386956978518,0.187070962865989,0.46265062883322,0.179348753644528,-2.92226706612151,,0.144383333333333,0.267933333333333,0.0208333333333333,-0.2471,0.0591611051728173,0.000140077732962017,FALSE,0,"XLOC_013030","KITLG","ENST00000378535.4","ENST00000378535.4","=","XLOC_013030",FALSE
"isoComp_00045826","geneComp_00006528","TCONS_00068278","XLOC_013030","T_minus","T_plus","KITLG","unknown","unknown",7.59493969030463,5.4983868839546,9.69149249665465,0.0684437585403063,1.23697967381862,0.816576820065021,,5.35613507367264,2.83752867140887,7.8747414759364,0.361952150678542,1.02562117210241,1.46935308453808,,0.664933333333333,0.517766666666667,0.8121,0.294333333333333,0.000140077732962017,0.000140077732962017,FALSE,0,"XLOC_013030","KITLG","ENST00000644744.1","ENST00000644744.1","=","XLOC_013030",FALSE
"isoComp_00045827","geneComp_00006528","TCONS_00068279","XLOC_013030","T_minus","T_plus","KITLG","unknown","unknown",7.59493969030463,5.4983868839546,9.69149249665465,0.0684437585403063,1.23697967381862,0.816576820065021,,1.35373464342907,1.14986738523601,1.55760190162213,0.0377502705085428,0.339768993273428,0.434599365559615,,0.184016666666667,0.209366666666667,0.158666666666667,-0.0507,0.643769395114177,0.000140077732962017,FALSE,0,"XLOC_013030","KITLG","ENST00000347404.10","ENST00000347404.10","=","XLOC_013030",FALSE
"isoComp_00050042","geneComp_00007203","TCONS_00077203","XLOC_014509","T_minus","T_plus","CAB39L","unknown","unknown",3.48315151162758,4.10165056816908,2.86465245508608,0.269090557950863,0.18768081181691,-0.516330116123536,,2.29753802307713,2.97696875618567,1.61810728996859,0.0729007734506994,0.055540572720851,-0.875486372778642,,0.650666666666667,0.7339,0.567433333333333,-0.166466666666667,0.353648929361178,0.032724466578338,FALSE,0,"XLOC_014509","CAB39L","PB.4615.2","ENST00000409308.6","=","XLOC_014509",TRUE
"isoComp_00050043","geneComp_00007203","TCONS_00077204","XLOC_014509","T_minus","T_plus","CAB39L","unknown","unknown",3.48315151162758,4.10165056816908,2.86465245508608,0.269090557950863,0.18768081181691,-0.516330116123536,,0.0596607905961166,0.0621180046585745,0.0572035765336587,0.0311066249248103,0.0329146428599741,-0.101821466822818,,0.0175333333333333,0.0147333333333333,0.0203333333333333,0.0056,0.985470275298301,0.032724466578338,FALSE,0,"XLOC_014509","CAB39L","ENST00000347776.9","ENST00000347776.9","=","XLOC_014509",FALSE
"isoComp_00050044","geneComp_00007203","TCONS_00077206","XLOC_014509","T_minus","T_plus","CAB39L","unknown","unknown",3.48315151162758,4.10165056816908,2.86465245508608,0.269090557950863,0.18768081181691,-0.516330116123536,,0.0352911841361559,0,0.0705823682723119,0,0.0705823682723119,3.01046420613819,,0.01175,0,0.0235,0.0235,0.902932496122662,0.032724466578338,FALSE,0,"XLOC_014509","CAB39L","ENST00000409130.5","ENST00000409130.5","=","XLOC_014509",FALSE
"isoComp_00050047","geneComp_00007203","TCONS_00078530","XLOC_014509","T_minus","T_plus","CAB39L","unknown","unknown",3.48315151162758,4.10165056816908,2.86465245508608,0.269090557950863,0.18768081181691,-0.516330116123536,,0.0736024389490434,0.103769574345895,0.0434353035521919,0.0496060974518342,0.0434353035521919,-1.09024966651745,,0.01925,0.0240333333333333,0.0144666666666667,-0.00956666666666667,0.811380271267192,0.032724466578338,FALSE,0,"XLOC_014509","CAB39L","PB.2854.2","ENST00000610540.4","j","XLOC_014509",TRUE
"isoComp_00050048","geneComp_00007203","TCONS_00078531","XLOC_014509","T_minus","T_plus","CAB39L","unknown","unknown",3.48315151162758,4.10165056816908,2.86465245508608,0.269090557950863,0.18768081181691,-0.516330116123536,,0.235862986834753,0.0295868263904062,0.442139147279101,0.0295868263904062,0.0850161124134419,3.51367451635066,,0.08295,0.00763333333333333,0.158266666666667,0.150633333333333,0.032724466578338,0.032724466578338,FALSE,0,"XLOC_014509","CAB39L","PB.2854.3","ENST00000610540.4","j","XLOC_014509",TRUE
"isoComp_00050050","geneComp_00007203","TCONS_00078533","XLOC_014509","T_minus","T_plus","CAB39L","unknown","unknown",3.48315151162758,4.10165056816908,2.86465245508608,0.269090557950863,0.18768081181691,-0.516330116123536,,0.35549013631938,0.385544251863084,0.325436020775676,0.0449342183901817,0.0512872664932248,-0.237801485575268,,0.10345,0.0936333333333333,0.113266666666667,0.0196333333333333,0.897485534829602,0.032724466578338,FALSE,0,"XLOC_014509","CAB39L","PB.2854.8","ENST00000410043.5","j","XLOC_014509",TRUE
"isoComp_00050052","geneComp_00007203","TCONS_00079028","XLOC_014509","T_minus","T_plus","CAB39L","unknown","unknown",3.48315151162758,4.10165056816908,2.86465245508608,0.269090557950863,0.18768081181691,-0.516330116123536,,0.35582851422165,0.481450266097791,0.230206762345508,0.234934500300904,0.116947869255638,-1.03276865911833,,0.0932833333333333,0.1112,0.0753666666666667,-0.0358333333333333,0.901924984632879,0.032724466578338,FALSE,0,"XLOC_014509","CAB39L","PB.4615.4","ENST00000610540.4","c","XLOC_014509",TRUE
"isoComp_00050433","geneComp_00007273","TCONS_00077815","XLOC_014729","T_minus","T_plus","DZIP1","unknown","unknown",1.41667696253141,1.19459703890055,1.63875688616226,0.145162338451717,0.295998451798078,0.45282806736418,,0.484711295192767,0.59283639091364,0.376586199471894,0.106647204090284,0.142461967878888,-0.640976373022015,,0.392583333333333,0.525166666666667,0.26,-0.265166666666667,0.637855406629763,8.35364111839346e-06,FALSE,0,"XLOC_014729","DZIP1","ENST00000376829.7","ENST00000376829.7","=","XLOC_014729",FALSE
"isoComp_00050434","geneComp_00007273","TCONS_00077816","XLOC_014729","T_minus","T_plus","DZIP1","unknown","unknown",1.41667696253141,1.19459703890055,1.63875688616226,0.145162338451717,0.295998451798078,0.45282806736418,,0.191027084893095,0.166201354058622,0.215852815727568,0.0503361819077917,0.119188990805088,0.35815788908478,,0.142533333333333,0.141266666666667,0.1438,0.00253333333333336,0.972785363778335,8.35364111839346e-06,FALSE,0,"XLOC_014729","DZIP1","ENST00000347108.7","ENST00000347108.7","=","XLOC_014729",FALSE
"isoComp_00050435","geneComp_00007273","TCONS_00077818","XLOC_014729","T_minus","T_plus","DZIP1","unknown","unknown",1.41667696253141,1.19459703890055,1.63875688616226,0.145162338451717,0.295998451798078,0.45282806736418,,0.27230408145307,0.288559497837366,0.256048665068773,0.146940113095174,0.154797837656502,-0.166328300118204,,0.17325,0.215466666666667,0.131033333333333,-0.0844333333333333,0.941184803554503,8.35364111839346e-06,FALSE,0,"XLOC_014729","DZIP1","ENST00000485031.5","ENST00000485031.5","=","XLOC_014729",FALSE
"isoComp_00050436","geneComp_00007273","TCONS_00077819","XLOC_014729","T_minus","T_plus","DZIP1","unknown","unknown",1.41667696253141,1.19459703890055,1.63875688616226,0.145162338451717,0.295998451798078,0.45282806736418,,0.238270669913172,0,0.476541339826343,0,0.104779414229339,5.60449048618079,,0.14945,0,0.2989,0.2989,8.35364111839346e-06,8.35364111839346e-06,FALSE,0,"XLOC_014729","DZIP1","ENST00000479518.1","ENST00000479518.1","=","XLOC_014729",FALSE
"isoComp_00050437","geneComp_00007273","TCONS_00077820","XLOC_014729","T_minus","T_plus","DZIP1","unknown","unknown",1.41667696253141,1.19459703890055,1.63875688616226,0.145162338451717,0.295998451798078,0.45282806736418,,0.126333135757679,0.0747650376625069,0.177901233852851,0.0433978033187651,0.0910374706625672,1.14843330420558,,0.0755333333333333,0.0552,0.0958666666666667,0.0406666666666667,0.920224310248531,8.35364111839346e-06,TRUE,1,"XLOC_014729","DZIP1","ENST00000466569.1","ENST00000466569.1","=","XLOC_014729",FALSE
"isoComp_00050438","geneComp_00007273","TCONS_00077821","XLOC_014729","T_minus","T_plus","DZIP1","unknown","unknown",1.41667696253141,1.19459703890055,1.63875688616226,0.145162338451717,0.295998451798078,0.45282806736418,,0.104030695321627,0.0722347584284196,0.135826632214834,0.0378188313182214,0.0680099729193063,0.826434005648692,,0.06665,0.0629,0.0704,0.00750000000000001,0.994862485490033,8.35364111839346e-06,FALSE,0,"XLOC_014729","DZIP1","ENST00000466027.1","ENST00000466027.1","=","XLOC_014729",FALSE
"isoComp_00050542","geneComp_00007300","TCONS_00078011","XLOC_014800","T_minus","T_plus","TEX30","unknown","unknown",12.2763692467179,12.2446980334174,12.3080404600184,0.927582087191609,0.317035614412582,0.00743783662284857,,2.76651720583641,3.84908508080024,1.68394933087259,0.373258681110651,0.34255769970243,-1.18786812949553,,0.226283333333333,0.3147,0.137866666666667,-0.176833333333333,0.00761324480235734,0.00761324480235734,FALSE,0,"XLOC_014800","TEX30","ENST00000376032.9","ENST00000376032.9","=","XLOC_014800",FALSE
"isoComp_00050544","geneComp_00007300","TCONS_00078013","XLOC_014800","T_minus","T_plus","TEX30","unknown","unknown",12.2763692467179,12.2446980334174,12.3080404600184,0.927582087191609,0.317035614412582,0.00743783662284857,,0.467342647405583,0.443482676014226,0.491202618796939,0.0390548279688407,0.0128372723812749,0.144346514957774,,0.0382166666666667,0.0365,0.0399333333333333,0.00343333333333334,0.952925336462814,0.00761324480235734,FALSE,1,"XLOC_014800","TEX30","ENST00000376019.5","ENST00000376019.5","=","XLOC_014800",FALSE
"isoComp_00050545","geneComp_00007300","TCONS_00078014","XLOC_014800","T_minus","T_plus","TEX30","unknown","unknown",12.2763692467179,12.2446980334174,12.3080404600184,0.927582087191609,0.317035614412582,0.00743783662284857,,0.223381416592372,0.446762833184743,0,0.235687518873573,0,-5.5133733581942,,0.0169166666666667,0.0338333333333333,0,-0.0338333333333333,0.378353989053315,0.00761324480235734,FALSE,0,"XLOC_014800","TEX30","ENST00000376022.5","ENST00000376022.5","=","XLOC_014800",FALSE
"isoComp_00050546","geneComp_00007300","TCONS_00078015","XLOC_014800","T_minus","T_plus","TEX30","unknown","unknown",12.2763692467179,12.2446980334174,12.3080404600184,0.927582087191609,0.317035614412582,0.00743783662284857,,3.37915187630406,2.69122807923264,4.06707567337547,0.294005902083599,0.475378502136393,0.593919275002752,,0.275616666666667,0.222233333333333,0.329,0.106766666666667,0.305982099552539,0.00761324480235734,FALSE,0,"XLOC_014800","TEX30","PB.3727.6","ENST00000376021.8","=","XLOC_014800",TRUE
"isoComp_00050547","geneComp_00007300","TCONS_00078016","XLOC_014800","T_minus","T_plus","TEX30","unknown","unknown",12.2763692467179,12.2446980334174,12.3080404600184,0.927582087191609,0.317035614412582,0.00743783662284857,,4.65505380568513,4.07383516960652,5.23627244176374,0.395685701457718,0.131369532371253,0.361368091667008,,0.3786,0.331666666666667,0.425533333333333,0.0938666666666667,0.0159996007483042,0.00761324480235734,FALSE,0,"XLOC_014800","TEX30","ENST00000376029.3","ENST00000376029.3","=","XLOC_014800",FALSE
"isoComp_00050548","geneComp_00007300","TCONS_00078558","XLOC_014800","T_minus","T_plus","TEX30","unknown","unknown",12.2763692467179,12.2446980334174,12.3080404600184,0.927582087191609,0.317035614412582,0.00743783662284857,,0.283247266698101,0.289330978452089,0.277163554944112,0.0208363665598525,0.0525648093843855,-0.0598689317153513,,0.0232666666666667,0.0239,0.0226333333333333,-0.00126666666666667,0.986567406345693,0.00761324480235734,FALSE,1,"XLOC_014800","TEX30","PB.2923.2","ENST00000376032.9","m","XLOC_014800",TRUE
"isoComp_00050549","geneComp_00007300","TCONS_00079290","XLOC_014800","T_minus","T_plus","TEX30","unknown","unknown",12.2763692467179,12.2446980334174,12.3080404600184,0.927582087191609,0.317035614412582,0.00743783662284857,,0.471324727277482,0.42138638973656,0.521263064818404,0.0992595127380424,0.146070126244627,0.300445755211116,,0.0386666666666667,0.0348333333333333,0.0425,0.00766666666666667,0.953692951898992,0.00761324480235734,FALSE,0,"XLOC_014800","TEX30","PB.3727.4","ENST00000376032.9","j","XLOC_014800",TRUE
"isoComp_00050907","geneComp_00007367","TCONS_00079552","XLOC_014975","T_minus","T_plus","TOX4","unknown","unknown",32.8066998083314,27.6804472954557,37.9329523212071,1.39038668081405,1.81465036175566,0.454443580107275,,0.420584713500218,0.296752496833586,0.54441693016685,0.0331746862017914,0.0039654025869384,0.853896226708439,,0.01255,0.0107,0.0144,0.0037,0.832808122982773,0.000248167052093359,FALSE,2,"XLOC_014975","TOX4","ENST00000613005.4","ENST00000613005.4","=","XLOC_014975",FALSE
"isoComp_00050908","geneComp_00007367","TCONS_00079553","XLOC_014975","T_minus","T_plus","TOX4","unknown","unknown",32.8066998083314,27.6804472954557,37.9329523212071,1.39038668081405,1.81465036175566,0.454443580107275,,10.3995928712095,10.6346532828474,10.1645324595715,0.190763534230785,0.457763935516658,-0.0651664579118071,,0.327316666666667,0.386033333333333,0.2686,-0.117433333333333,0.000248167052093359,0.000248167052093359,FALSE,1,"XLOC_014975","TOX4","ENST00000448790.7","ENST00000448790.7","=","XLOC_014975",FALSE
"isoComp_00050909","geneComp_00007367","TCONS_00079554","XLOC_014975","T_minus","T_plus","TOX4","unknown","unknown",32.8066998083314,27.6804472954557,37.9329523212071,1.39038668081405,1.81465036175566,0.454443580107275,,0.629361842067994,0.589472702241903,0.669250981894084,0.227641794883868,0.0505913006572003,0.18025068577578,,0.0191833333333333,0.0205666666666667,0.0178,-0.00276666666666667,0.97489480558896,0.000248167052093359,FALSE,1,"XLOC_014975","TOX4","ENST00000455393.5","ENST00000455393.5","=","XLOC_014975",FALSE
"isoComp_00050917","geneComp_00007367","TCONS_00088077","XLOC_014975","T_minus","T_plus","TOX4","unknown","unknown",32.8066998083314,27.6804472954557,37.9329523212071,1.39038668081405,1.81465036175566,0.454443580107275,,2.25856006503441,1.37702710473612,3.14009302533269,0.337352115826894,1.12583674225582,1.18339845292544,,0.0647166666666667,0.0489,0.0805333333333333,0.0316333333333333,0.763908684370291,0.000248167052093359,FALSE,0,"XLOC_014975","TOX4","PB.2972.3","ENST00000613569.4","j","XLOC_014975",TRUE
"isoComp_00050918","geneComp_00007367","TCONS_00088078","XLOC_014975","T_minus","T_plus","TOX4","unknown","unknown",32.8066998083314,27.6804472954557,37.9329523212071,1.39038668081405,1.81465036175566,0.454443580107275,,9.63772410060561,7.97562825246923,11.299819948742,0.51146427581998,0.611173757458836,0.502098143737428,,0.29385,0.287766666666667,0.299933333333333,0.0121666666666667,0.983604977355794,0.000248167052093359,FALSE,1,"XLOC_014975","TOX4","PB.2928.4","ENST00000613569.4","c","XLOC_014975",TRUE
"isoComp_00050919","geneComp_00007367","TCONS_00088677","XLOC_014975","T_minus","T_plus","TOX4","unknown","unknown",32.8066998083314,27.6804472954557,37.9329523212071,1.39038668081405,1.81465036175566,0.454443580107275,,3.02215154707567,2.62870083258009,3.41560226157126,0.28037898483164,0.446183335153646,0.376529861490042,,0.0927,0.0953,0.0901,-0.0052,0.947672737628581,0.000248167052093359,FALSE,1,"XLOC_014975","TOX4","PB.2928.3","ENST00000613569.4","c","XLOC_014975",TRUE
"isoComp_00050920","geneComp_00007367","TCONS_00089148","XLOC_014975","T_minus","T_plus","TOX4","unknown","unknown",32.8066998083314,27.6804472954557,37.9329523212071,1.39038668081405,1.81465036175566,0.454443580107275,,2.78632452704629,0.608828590396596,4.96382046369598,0.608828590396596,0.524555079389085,3.00674267545047,,0.0763,0.0200333333333333,0.132566666666667,0.112533333333333,0.116838415459924,0.000248167052093359,FALSE,1,"XLOC_014975","TOX4","PB.4791.7","ENST00000613569.4","c","XLOC_014975",TRUE
"isoComp_00050922","geneComp_00007367","TCONS_00089779","XLOC_014975","T_minus","T_plus","TOX4","unknown","unknown",32.8066998083314,27.6804472954557,37.9329523212071,1.39038668081405,1.81465036175566,0.454443580107275,,0.468628980385295,0.154421314472424,0.782836646298167,0.084985599540331,0.087713133646335,2.26962631554025,,0.013,0.0053,0.0207,0.0154,0.358087243329563,0.000248167052093359,FALSE,1,"XLOC_014975","TOX4","PB.3783.9","ENST00000613569.4","j","XLOC_014975",TRUE
"isoComp_00050923","geneComp_00007367","TCONS_00089780","XLOC_014975","T_minus","T_plus","TOX4","unknown","unknown",32.8066998083314,27.6804472954557,37.9329523212071,1.39038668081405,1.81465036175566,0.454443580107275,,2.3243739102322,2.42724647612652,2.22150134433787,0.522906930854484,1.08676142819674,-0.127237480921586,,0.0732666666666667,0.0899,0.0566333333333333,-0.0332666666666667,0.726753518505384,0.000248167052093359,FALSE,1,"XLOC_014975","TOX4","PB.3783.10","ENST00000613569.4","c","XLOC_014975",TRUE
"isoComp_00051201","geneComp_00007399","TCONS_00079983","XLOC_015144","T_minus","T_plus","RNF31","unknown","unknown",82.243703436429,45.5166552583571,118.970751614501,1.25572229118156,1.70622369737625,1.38594482031091,,0.907914928239347,0.705307395641539,1.11052246083716,0.143445789475741,0.234420619922949,0.647536305017064,,0.0125,0.0157,0.0093,-0.0064,0.684918055563907,2.28318817083466e-15,FALSE,0,"XLOC_015144","RNF31","ENST00000559275.5","ENST00000559275.5","=","XLOC_015144",FALSE
"isoComp_00051202","geneComp_00007399","TCONS_00079984","XLOC_015144","T_minus","T_plus","RNF31","unknown","unknown",82.243703436429,45.5166552583571,118.970751614501,1.25572229118156,1.70622369737625,1.38594482031091,,10.9265786911634,9.59141260980472,12.2617447725221,0.401929181607083,0.190143967115675,0.35402179975907,,0.156983333333333,0.210833333333333,0.103133333333333,-0.1077,2.28318817083466e-15,2.28318817083466e-15,FALSE,0,"XLOC_015144","RNF31","ENST00000324103.11","ENST00000324103.11","=","XLOC_015144",FALSE
"isoComp_00051203","geneComp_00007399","TCONS_00079987","XLOC_015144","T_minus","T_plus","ENSG00000259529","unknown","unknown",82.243703436429,45.5166552583571,118.970751614501,1.25572229118156,1.70622369737625,1.38594482031091,,1.03654953813421,0.785366969657724,1.28773210661069,0.0887285701768505,0.122843989665518,0.706300040061305,,0.0140666666666667,0.0173333333333333,0.0108,-0.00653333333333333,0.464959724721867,2.28318817083466e-15,TRUE,1,"XLOC_015144","ENSG00000259529","ENST00000558468.2","ENST00000558468.2","=","XLOC_015144",FALSE
"isoComp_00051206","geneComp_00007399","TCONS_00079990","XLOC_015144","T_minus","T_plus","RNF31","unknown","unknown",82.243703436429,45.5166552583571,118.970751614501,1.25572229118156,1.70622369737625,1.38594482031091,,1.56288490264195,0.957467705242614,2.16830210004128,0.305875464987965,0.0734343708820618,1.17091864056787,,0.0197333333333333,0.0212333333333333,0.0182333333333333,-0.003,0.99375020835172,2.28318817083466e-15,FALSE,0,"XLOC_015144","RNF31","ENST00000560787.5","ENST00000560787.5","=","XLOC_015144",FALSE
"isoComp_00051207","geneComp_00007399","TCONS_00079991","XLOC_015144","T_minus","T_plus","RNF31","unknown","unknown",82.243703436429,45.5166552583571,118.970751614501,1.25572229118156,1.70622369737625,1.38594482031091,,1.53430522552022,1.18235819149636,1.88625225954407,0.311466012845292,0.139530291938836,0.66933320447996,,0.0207833333333333,0.0256666666666667,0.0159,-0.00976666666666667,0.616632928610269,2.28318817083466e-15,FALSE,0,"XLOC_015144","RNF31","ENST00000559583.2","ENST00000559583.2","=","XLOC_015144",FALSE
"isoComp_00051208","geneComp_00007399","TCONS_00079992","XLOC_015144","T_minus","T_plus","RNF31","unknown","unknown",82.243703436429,45.5166552583571,118.970751614501,1.25572229118156,1.70622369737625,1.38594482031091,,1.84829742399944,1.65408991136348,2.0425049366354,0.24224906303011,0.21959106829768,0.302652307036974,,0.02675,0.0363666666666667,0.0171333333333333,-0.0192333333333333,0.0453006994917587,2.28318817083466e-15,FALSE,0,"XLOC_015144","RNF31","ENST00000491351.6","ENST00000491351.6","=","XLOC_015144",FALSE
"isoComp_00051209","geneComp_00007399","TCONS_00079993","XLOC_015144","T_minus","T_plus","RNF31","unknown","unknown",82.243703436429,45.5166552583571,118.970751614501,1.25572229118156,1.70622369737625,1.38594482031091,,3.06188730698646,2.35882063219207,3.76495398178086,0.312763696167261,0.177744693982196,0.672290096094472,,0.0416333333333333,0.0515666666666667,0.0317,-0.0198666666666667,0.0419950982838784,2.28318817083466e-15,FALSE,0,"XLOC_015144","RNF31","ENST00000559071.5","ENST00000559071.5","=","XLOC_015144",FALSE
"isoComp_00051210","geneComp_00007399","TCONS_00079994","XLOC_015144","T_minus","T_plus","RNF31","unknown","unknown",82.243703436429,45.5166552583571,118.970751614501,1.25572229118156,1.70622369737625,1.38594482031091,,1.16853681244409,0.847558982107677,1.48951464278051,0.32916392514001,0.21667933192614,0.80618780318061,,0.0154166666666667,0.0183666666666667,0.0124666666666667,-0.0059,0.864501039003803,2.28318817083466e-15,,0,"XLOC_015144","RNF31","ENST00000560754.1","ENST00000560754.1","=","XLOC_015144",FALSE
"isoComp_00051212","geneComp_00007399","TCONS_00079996","XLOC_015144","T_minus","T_plus","RNF31","unknown","unknown",82.243703436429,45.5166552583571,118.970751614501,1.25572229118156,1.70622369737625,1.38594482031091,,2.11906069432401,1.69592392979396,2.54219745885407,0.501457193981868,0.279975796761035,0.581186636367642,,0.0291833333333333,0.0370333333333333,0.0213333333333333,-0.0157,0.55028415691218,2.28318817083466e-15,TRUE,0,"XLOC_015144","RNF31","ENST00000559449.5","ENST00000559449.5","=","XLOC_015144",FALSE
"isoComp_00051213","geneComp_00007399","TCONS_00079997","XLOC_015144","T_minus","T_plus","RNF31","unknown","unknown",82.243703436429,45.5166552583571,118.970751614501,1.25572229118156,1.70622369737625,1.38594482031091,,0.772188112760838,0.808875422021112,0.735500803500564,0.186490972942633,0.26594105061351,-0.135434079581654,,0.0119666666666667,0.0177,0.00623333333333333,-0.0114666666666667,0.298003948951304,2.28318817083466e-15,TRUE,0,"XLOC_015144","RNF31","ENST00000483895.5","ENST00000483895.5","=","XLOC_015144",FALSE
"isoComp_00051216","geneComp_00007399","TCONS_00080001","XLOC_015144","T_minus","T_plus","RNF31","unknown","unknown",82.243703436429,45.5166552583571,118.970751614501,1.25572229118156,1.70622369737625,1.38594482031091,,0.691900324169589,0.722379916536716,0.661420731802462,0.133737142494014,0.20966315642047,-0.125375145257801,,0.0107666666666667,0.0159,0.00563333333333333,-0.0102666666666667,0.283283844798264,2.28318817083466e-15,FALSE,0,"XLOC_015144","RNF31","ENST00000560631.1","ENST00000560631.1","=","XLOC_015144",FALSE
"isoComp_00051217","geneComp_00007399","TCONS_00080002","XLOC_015144","T_minus","T_plus","IRF9","unknown","unknown",82.243703436429,45.5166552583571,118.970751614501,1.25572229118156,1.70622369737625,1.38594482031091,,22.0268831818094,8.4357552486621,35.6180111149567,0.87618169381209,2.32668933173486,2.07671360454834,,0.241933333333333,0.184633333333333,0.299233333333333,0.1146,0.000376365384134758,2.28318817083466e-15,FALSE,0,"XLOC_015144","IRF9","PB.2959.1","ENST00000396864.8","=","XLOC_015144",TRUE
"isoComp_00051219","geneComp_00007399","TCONS_00080004","XLOC_015144","T_minus","T_plus","IRF9","unknown","unknown",82.243703436429,45.5166552583571,118.970751614501,1.25572229118156,1.70622369737625,1.38594482031091,,0.855265563002336,0.482313375712811,1.22821775029186,0.129314564783297,0.258172452834374,1.33061620414045,,0.0104666666666667,0.0105333333333333,0.0104,-0.000133333333333334,0.993153298483693,2.28318817083466e-15,TRUE,0,"XLOC_015144","IRF9","ENST00000561342.5","ENST00000561342.5","=","XLOC_015144",FALSE
"isoComp_00051221","geneComp_00007399","TCONS_00080006","XLOC_015144","T_minus","T_plus","IRF9","unknown","unknown",82.243703436429,45.5166552583571,118.970751614501,1.25572229118156,1.70622369737625,1.38594482031091,,1.20608008416588,0,2.41216016833176,0,0.78732532111903,7.92015045795219,,0.0102333333333333,0,0.0204666666666667,0.0204666666666667,1.63410363950211e-08,2.28318817083466e-15,FALSE,0,"XLOC_015144","IRF9","ENST00000560365.5","ENST00000560365.5","=","XLOC_015144",FALSE
"isoComp_00051222","geneComp_00007399","TCONS_00080007","XLOC_015144","T_minus","T_plus","IRF9","unknown","unknown",82.243703436429,45.5166552583571,118.970751614501,1.25572229118156,1.70622369737625,1.38594482031091,,6.55708797610901,1.92899380625775,11.1851821459603,0.501628047608374,0.0765111871904661,2.5294979009212,,0.0680666666666667,0.0420666666666667,0.0940666666666667,0.052,0.0094749769048734,2.28318817083466e-15,TRUE,1,"XLOC_015144","IRF9","PB.3004.1","ENST00000561415.1","=","XLOC_015144",TRUE
"isoComp_00051223","geneComp_00007399","TCONS_00080008","XLOC_015144","T_minus","T_plus","IRF9","unknown","unknown",82.243703436429,45.5166552583571,118.970751614501,1.25572229118156,1.70622369737625,1.38594482031091,,1.84281480222437,0.711552755854457,2.97407684859427,0.711552755854457,0.477317146010157,2.0481079042511,,0.0200666666666667,0.0152333333333333,0.0249,0.00966666666666667,0.391432349522337,2.28318817083466e-15,FALSE,0,"XLOC_015144","IRF9","ENST00000559284.5","ENST00000559284.5","=","XLOC_015144",FALSE
"isoComp_00051229","geneComp_00007399","TCONS_00080015","XLOC_015144","T_minus","T_plus","IRF9","unknown","unknown",82.243703436429,45.5166552583571,118.970751614501,1.25572229118156,1.70622369737625,1.38594482031091,,2.36382813403862,0.619230325967322,4.10842594210992,0.135276829312252,0.380104303726358,2.71043293757185,,0.0240833333333333,0.0136333333333333,0.0345333333333333,0.0209,0.0264658732485301,2.28318817083466e-15,FALSE,0,"XLOC_015144","IRF9","ENST00000560542.1","ENST00000560542.1","=","XLOC_015144",FALSE
"isoComp_00051230","geneComp_00007399","TCONS_00080016","XLOC_015144","T_minus","T_plus","IRF9","unknown","unknown",82.243703436429,45.5166552583571,118.970751614501,1.25572229118156,1.70622369737625,1.38594482031091,,2.69234756984089,0.262715947798491,5.12197919188328,0.131363297967102,0.419521550961953,4.23404434758469,,0.0245,0.00586666666666667,0.0431333333333333,0.0372666666666667,0.140203148022807,2.28318817083466e-15,FALSE,0,"XLOC_015144","IRF9","ENST00000560311.1","ENST00000560311.1","=","XLOC_015144",FALSE
"isoComp_00051233","geneComp_00007399","TCONS_00088693","XLOC_015144","T_minus","T_plus","ENSG00000259529","unknown","unknown",82.243703436429,45.5166552583571,118.970751614501,1.25572229118156,1.70622369737625,1.38594482031091,,2.03220148128331,0.616828417015735,3.44757454555088,0.337635294588501,0.626265003585503,2.46361786590911,,0.0211666666666667,0.0133333333333333,0.029,0.0156666666666667,0.437887979986162,2.28318817083466e-15,FALSE,0,"XLOC_015144","ENSG00000259529","PB.2959.2","ENST00000558468.2","j","XLOC_015144",TRUE
"isoComp_00051234","geneComp_00007399","TCONS_00088694","XLOC_015144","T_minus","T_plus","ENSG00000259529","unknown","unknown",82.243703436429,45.5166552583571,118.970751614501,1.25572229118156,1.70622369737625,1.38594482031091,,0.833824847907951,0.454913301521489,1.21273639429441,0.209703801951509,0.280278128928122,1.39507980336519,,0.01025,0.0102666666666667,0.0102333333333333,-3.33333333333331e-05,0.976729239561001,2.28318817083466e-15,FALSE,0,"XLOC_015144","ENSG00000259529","PB.2959.3","ENST00000558468.2","j","XLOC_015144",TRUE
"isoComp_00051237","geneComp_00007399","TCONS_00089180","XLOC_015144","T_minus","T_plus","ENSG00000259529","unknown","unknown",82.243703436429,45.5166552583571,118.970751614501,1.25572229118156,1.70622369737625,1.38594482031091,,1.12841436488531,0.264270890329728,1.9925578394409,0.0895389647650713,0.282348787680141,2.86817049692415,,0.0113166666666667,0.00593333333333333,0.0167,0.0107666666666667,0.189609580285768,2.28318817083466e-15,FALSE,0,"XLOC_015144","ENSG00000259529","PB.4838.2","ENST00000558468.2","j","XLOC_015144",TRUE
"isoComp_00051239","geneComp_00007399","TCONS_00089789","XLOC_015144","T_minus","T_plus","ENSG00000259529","unknown","unknown",82.243703436429,45.5166552583571,118.970751614501,1.25572229118156,1.70622369737625,1.38594482031091,,4.37863247290866,4.08956990796418,4.66769503785314,0.517500972454389,0.436583342891662,0.190325245942656,,0.06485,0.0905333333333333,0.0391666666666667,-0.0513666666666667,0.00500451632113474,2.28318817083466e-15,FALSE,0,"XLOC_015144","ENSG00000259529","PB.3821.1","ENST00000558468.2","c","XLOC_015144",TRUE
"isoComp_00051240","geneComp_00007399","TCONS_00089790","XLOC_015144","T_minus","T_plus","ENSG00000259529","unknown","unknown",82.243703436429,45.5166552583571,118.970751614501,1.25572229118156,1.70622369737625,1.38594482031091,,1.35619400218736,1.11776043215529,1.59462757221944,0.336943314633633,0.28914039336743,0.508777860802756,,0.0190166666666667,0.0246333333333333,0.0134,-0.0112333333333333,0.703539588991241,2.28318817083466e-15,FALSE,0,"XLOC_015144","ENSG00000259529","PB.3822.2","ENST00000558468.2","j","XLOC_015144",TRUE
"isoComp_00051242","geneComp_00007399","TCONS_00089792","XLOC_015144","T_minus","T_plus","IRF9","unknown","unknown",82.243703436429,45.5166552583571,118.970751614501,1.25572229118156,1.70622369737625,1.38594482031091,,2.14682014208079,0.642184411846527,3.65145587231504,0.461952298633354,0.974163496719906,2.48906554454886,,0.0223333333333333,0.0139333333333333,0.0307333333333333,0.0168,0.706639137651396,2.28318817083466e-15,FALSE,1,"XLOC_015144","IRF9","PB.3822.6","ENST00000561415.1","c","XLOC_015144",TRUE
"isoComp_00051875","geneComp_00007501","TCONS_00081066","XLOC_015377","T_minus","T_plus","SOCS4","unknown","unknown",6.83632490512481,6.79494144428829,6.87770836596133,0.267816676082248,0.201877838387984,0.0174413109830715,,3.64573639841179,3.07624349695573,4.21522929986785,0.306412294031489,0.15441239507165,0.453177745984588,,0.53185,0.450733333333333,0.612966666666667,0.162233333333333,0.0169393553247719,0.0169393553247719,FALSE,0,"XLOC_015377","SOCS4","ENST00000395472.2","ENST00000395472.2","=","XLOC_015377",FALSE
"isoComp_00051876","geneComp_00007501","TCONS_00081067","XLOC_015377","T_minus","T_plus","SOCS4","unknown","unknown",6.83632490512481,6.79494144428829,6.87770836596133,0.267816676082248,0.201877838387984,0.0174413109830715,,2.18117282990146,2.18310405682363,2.1792416029793,0.219322346643893,0.214995273989471,-0.00254308759844014,,0.32005,0.3245,0.3156,-0.00890000000000002,0.991441970607855,0.0169393553247719,FALSE,0,"XLOC_015377","SOCS4","ENST00000555846.2","ENST00000555846.2","=","XLOC_015377",FALSE
"isoComp_00051877","geneComp_00007501","TCONS_00081068","XLOC_015377","T_minus","T_plus","SOCS4","unknown","unknown",6.83632490512481,6.79494144428829,6.87770836596133,0.267816676082248,0.201877838387984,0.0174413109830715,,0.10319854734029,0.105229632908054,0.101167461772526,0.105229632908054,0.0620234848349357,-0.0517771943051105,,0.0144166666666667,0.0145666666666667,0.0142666666666667,-3e-04,0.894920105245696,0.0169393553247719,FALSE,0,"XLOC_015377","SOCS4","ENST00000553735.1","ENST00000553735.1","=","XLOC_015377",FALSE
"isoComp_00051878","geneComp_00007501","TCONS_00081069","XLOC_015377","T_minus","T_plus","SOCS4","unknown","unknown",6.83632490512481,6.79494144428829,6.87770836596133,0.267816676082248,0.201877838387984,0.0174413109830715,,0.846818088830576,1.35451391246601,0.339122265195144,0.264227375129662,0.174404773767874,-1.96658283178705,,0.124866666666667,0.199033333333333,0.0507,-0.148333333333333,0.313846014086634,0.0169393553247719,FALSE,0,"XLOC_015377","SOCS4","ENST00000339298.2","ENST00000339298.2","=","XLOC_015377",FALSE
"isoComp_00052861","geneComp_00007616","TCONS_00082159","XLOC_015588","T_minus","T_plus","JDP2","unknown","unknown",54.5899364990506,46.3281960286999,62.8516769694012,3.29472571507577,2.24201423869789,0.439978879230004,,6.24568850167488,7.18941372445088,5.30196327889888,1.78855171381803,0.15325349332254,-0.438634253707965,,0.1216,0.158433333333333,0.0847666666666667,-0.0736666666666667,0.433528152849942,3.65570103325532e-26,FALSE,0,"XLOC_015588","JDP2","ENST00000419727.6","ENST00000419727.6","=","XLOC_015588",FALSE
"isoComp_00052862","geneComp_00007616","TCONS_00082160","XLOC_015588","T_minus","T_plus","JDP2","unknown","unknown",54.5899364990506,46.3281960286999,62.8516769694012,3.29472571507577,2.24201423869789,0.439978879230004,,1.18440312178583,0,2.36880624357166,0,0.410183284531081,7.89409395719894,,0.0188666666666667,0,0.0377333333333333,0.0377333333333333,2.03496359267667e-21,3.65570103325532e-26,FALSE,0,"XLOC_015588","JDP2","ENST00000559773.5","ENST00000559773.5","=","XLOC_015588",FALSE
"isoComp_00052863","geneComp_00007616","TCONS_00082161","XLOC_015588","T_minus","T_plus","JDP2","unknown","unknown",54.5899364990506,46.3281960286999,62.8516769694012,3.29472571507577,2.24201423869789,0.439978879230004,,1.00896282922994,1.14883054727054,0.869095111189333,0.0668839120941431,0.019317737881739,-0.398578453079978,,0.01935,0.0248666666666667,0.0138333333333333,-0.0110333333333333,0.0725461829141206,3.65570103325532e-26,FALSE,0,"XLOC_015588","JDP2","ENST00000651602.1","ENST00000651602.1","=","XLOC_015588",FALSE
"isoComp_00052864","geneComp_00007616","TCONS_00082162","XLOC_015588","T_minus","T_plus","JDP2","unknown","unknown",54.5899364990506,46.3281960286999,62.8516769694012,3.29472571507577,2.24201423869789,0.439978879230004,,2.88297290999819,2.00219728190419,3.76374853809218,0.257254194287176,0.925593253524767,0.907226534594415,,0.0511833333333333,0.0433333333333333,0.0590333333333333,0.0157,0.831553285705676,3.65570103325532e-26,,0,"XLOC_015588","JDP2","ENST00000558068.1","ENST00000558068.1","=","XLOC_015588",FALSE
"isoComp_00052866","geneComp_00007616","TCONS_00082164","XLOC_015588","T_minus","T_plus","JDP2","unknown","unknown",54.5899364990506,46.3281960286999,62.8516769694012,3.29472571507577,2.24201423869789,0.439978879230004,,32.1509810722579,32.5472146717055,31.7547474728103,3.54164674092482,0.749287259505559,-0.0355507298522728,,0.60295,0.6998,0.5061,-0.1937,0.00164096902004307,3.65570103325532e-26,FALSE,0,"XLOC_015588","JDP2","ENST00000267569.5","ENST00000267569.5","=","XLOC_015588",FALSE
"isoComp_00052867","geneComp_00007616","TCONS_00089882","XLOC_015588","T_minus","T_plus","JDP2","unknown","unknown",54.5899364990506,46.3281960286999,62.8516769694012,3.29472571507577,2.24201423869789,0.439978879230004,,1.24830870526665,0.658172623919805,1.8384447866135,0.0735021287684351,0.150557272607612,1.46801917108374,,0.02175,0.0142333333333333,0.0292666666666667,0.0150333333333333,0.0309203200905846,3.65570103325532e-26,FALSE,0,"XLOC_015588","JDP2","PB.4081.1","ENST00000435893.6","j","XLOC_015588",TRUE
"isoComp_00052868","geneComp_00007616","TCONS_00089883","XLOC_015588","T_minus","T_plus","JDP2","unknown","unknown",54.5899364990506,46.3281960286999,62.8516769694012,3.29472571507577,2.24201423869789,0.439978879230004,,9.68152659647201,2.64061287317439,16.7224403197696,0.423003768326928,1.6414644478466,2.65824998612545,,0.160933333333333,0.0563333333333333,0.265533333333333,0.2092,3.65570103325532e-26,3.65570103325532e-26,FALSE,0,"XLOC_015588","JDP2","PB.4081.2","ENST00000559773.5","c","XLOC_015588",TRUE
"isoComp_00053311","geneComp_00007671","TCONS_00082765","XLOC_015708","T_minus","T_plus","RIN3","unknown","unknown",30.1517274867746,23.6148037868063,36.6886511867429,3.33042196587128,2.4212431273001,0.635424692342485,,14.8960106124236,8.07058975744893,21.7214314673982,0.578487304119384,0.796766195009441,1.42725071292176,,0.474633333333333,0.349933333333333,0.599333333333333,0.2494,0.00329879660410399,0.000793920389229282,FALSE,1,"XLOC_015708","RIN3","ENST00000216487.12","ENST00000216487.12","=","XLOC_015708",FALSE
"isoComp_00053312","geneComp_00007671","TCONS_00082766","XLOC_015708","T_minus","T_plus","RIN3","unknown","unknown",30.1517274867746,23.6148037868063,36.6886511867429,3.33042196587128,2.4212431273001,0.635424692342485,,0.418091487903065,0.273641500495715,0.562541475310416,0.0636872417541439,0.137440713080061,1.0133115734969,,0.0139166666666667,0.0126666666666667,0.0151666666666667,0.0025,0.93144864225168,0.000793920389229282,TRUE,1,"XLOC_015708","RIN3","ENST00000555589.5","ENST00000555589.5","=","XLOC_015708",FALSE
"isoComp_00053313","geneComp_00007671","TCONS_00082767","XLOC_015708","T_minus","T_plus","RIN3","unknown","unknown",30.1517274867746,23.6148037868063,36.6886511867429,3.33042196587128,2.4212431273001,0.635424692342485,,2.94771261214032,3.96674380841443,1.92868141586621,0.542137104530779,1.32991573903196,-1.03651187879815,,0.108783333333333,0.168633333333333,0.0489333333333333,-0.1197,0.560435435554145,0.000793920389229282,FALSE,0,"XLOC_015708","RIN3","ENST00000620541.4","ENST00000620541.4","=","XLOC_015708",FALSE
"isoComp_00053314","geneComp_00007671","TCONS_00082768","XLOC_015708","T_minus","T_plus","RIN3","unknown","unknown",30.1517274867746,23.6148037868063,36.6886511867429,3.33042196587128,2.4212431273001,0.635424692342485,,0.849783155157839,0.301375221328131,1.39819108898755,0.0592680028829032,0.193382180597639,2.17711707131191,,0.0254666666666667,0.0131666666666667,0.0377666666666667,0.0246,0.0202871643601405,0.000793920389229282,FALSE,0,"XLOC_015708","RIN3","ENST00000557762.1","ENST00000557762.1","=","XLOC_015708",FALSE
"isoComp_00053316","geneComp_00007671","TCONS_00082770","XLOC_015708","T_minus","T_plus","RIN3","unknown","unknown",30.1517274867746,23.6148037868063,36.6886511867429,3.33042196587128,2.4212431273001,0.635424692342485,,7.15755316007122,8.71626839409351,5.59883792604893,2.18148757329526,1.19157361143945,-0.637662952154092,,0.253166666666667,0.3565,0.149833333333333,-0.206666666666667,0.000793920389229282,0.000793920389229282,FALSE,1,"XLOC_015708","RIN3","ENST00000418924.6","ENST00000418924.6","=","XLOC_015708",FALSE
"isoComp_00053317","geneComp_00007671","TCONS_00082772","XLOC_015708","T_minus","T_plus","RIN3","unknown","unknown",30.1517274867746,23.6148037868063,36.6886511867429,3.33042196587128,2.4212431273001,0.635424692342485,,0.77198559206979,0.239236716248683,1.3047344678909,0.0871091540966622,0.232079257811166,2.39918293368618,,0.0223833333333333,0.00963333333333333,0.0351333333333333,0.0255,0.00891278962740941,0.000793920389229282,FALSE,0,"XLOC_015708","RIN3","ENST00000555891.1","ENST00000555891.1","=","XLOC_015708",FALSE
"isoComp_00053319","geneComp_00007671","TCONS_00082775","XLOC_015708","T_minus","T_plus","RIN3","unknown","unknown",30.1517274867746,23.6148037868063,36.6886511867429,3.33042196587128,2.4212431273001,0.635424692342485,,1.44829154390767,0.977200451335289,1.91938263648006,0.0600063437992908,0.143948990289506,0.966724328844747,,0.0477333333333333,0.0432,0.0522666666666667,0.00906666666666667,0.806833120869586,0.000793920389229282,FALSE,1,"XLOC_015708","RIN3","ENST00000556418.1","ENST00000556418.1","=","XLOC_015708",FALSE
"isoComp_00053320","geneComp_00007671","TCONS_00082776","XLOC_015708","T_minus","T_plus","RIN3","unknown","unknown",30.1517274867746,23.6148037868063,36.6886511867429,3.33042196587128,2.4212431273001,0.635424692342485,,0.757512749311523,0.528717038827634,0.986308459795411,0.107605839844665,0.162499451190435,0.887064777519537,,0.0244,0.0222666666666667,0.0265333333333333,0.00426666666666667,0.888116139850388,0.000793920389229282,FALSE,0,"XLOC_015708","RIN3","ENST00000553959.1","ENST00000553959.1","=","XLOC_015708",FALSE
"isoComp_00053321","geneComp_00007671","TCONS_00088278","XLOC_015708","T_minus","T_plus","RIN3","unknown","unknown",30.1517274867746,23.6148037868063,36.6886511867429,3.33042196587128,2.4212431273001,0.635424692342485,,0.714417138052859,0.473050104241181,0.955784171864537,0.0332386917418135,0.0310809596663236,0.999527979552006,,0.02365,0.0210666666666667,0.0262333333333333,0.00516666666666667,0.84342198565221,0.000793920389229282,FALSE,0,"XLOC_015708","RIN3","PB.3263.1","ENST00000620541.4","j","XLOC_015708",TRUE
"isoComp_00053577","geneComp_00007714","TCONS_00083239","XLOC_015796","T_minus","T_plus","WDR25","unknown","unknown",3.01138470823596,3.07094444796541,2.95182496850652,0.246664762873163,0.0919639513477813,-0.0568862837093216,,0.35213193949158,0.261286114640672,0.442977764342489,0.151607962088644,0.155317022879238,0.73962502596193,,0.115283333333333,0.0834,0.147166666666667,0.0637666666666667,0.828939440056417,1.24028925590526e-10,FALSE,0,"XLOC_015796","WDR25","ENST00000555775.5","ENST00000555775.5","=","XLOC_015796",FALSE
"isoComp_00053578","geneComp_00007714","TCONS_00083240","XLOC_015796","T_minus","T_plus","WDR25","unknown","unknown",3.01138470823596,3.07094444796541,2.95182496850652,0.246664762873163,0.0919639513477813,-0.0568862837093216,,0.408143509347507,0.16168260968269,0.654604409012324,0.16168260968269,0.242786287077456,1.95275195272079,,0.136566666666667,0.0456666666666667,0.227466666666667,0.1818,0.334765356549338,1.24028925590526e-10,FALSE,0,"XLOC_015796","WDR25","ENST00000554998.5","ENST00000554998.5","=","XLOC_015796",FALSE
"isoComp_00053579","geneComp_00007714","TCONS_00083241","XLOC_015796","T_minus","T_plus","WDR25","unknown","unknown",3.01138470823596,3.07094444796541,2.95182496850652,0.246664762873163,0.0919639513477813,-0.0568862837093216,,0.521597621735832,0,1.04319524347166,0,0.243285596053624,6.7186291006662,,0.175633333333333,0,0.351266666666667,0.351266666666667,1.24028925590526e-10,1.24028925590526e-10,FALSE,0,"XLOC_015796","WDR25","ENST00000402312.8","ENST00000402312.8","=","XLOC_015796",FALSE
"isoComp_00053583","geneComp_00007714","TCONS_00083246","XLOC_015796","T_minus","T_plus","WDR25","unknown","unknown",3.01138470823596,3.07094444796541,2.95182496850652,0.246664762873163,0.0919639513477813,-0.0568862837093216,,0.635518431424543,0.678897271530007,0.592139591319079,0.189170832628956,0.04845290820536,-0.194190884780995,,0.208583333333333,0.215266666666667,0.2019,-0.0133666666666667,0.997601432837208,1.24028925590526e-10,FALSE,0,"XLOC_015796","WDR25","ENST00000542471.2","ENST00000542471.2","=","XLOC_015796",FALSE
"isoComp_00053584","geneComp_00007714","TCONS_00083249","XLOC_015796","T_minus","T_plus","WDR25","unknown","unknown",3.01138470823596,3.07094444796541,2.95182496850652,0.246664762873163,0.0919639513477813,-0.0568862837093216,,0.030065609402301,0.060131218804602,0,0.060131218804602,0,-2.81005680070559,,0.0111166666666667,0.0222333333333333,0,-0.0222333333333333,0.922380967366895,1.24028925590526e-10,,0,"XLOC_015796","WDR25","ENST00000555865.5","ENST00000555865.5","=","XLOC_015796",FALSE
"isoComp_00053585","geneComp_00007714","TCONS_00089410","XLOC_015796","T_minus","T_plus","WDR25","unknown","unknown",3.01138470823596,3.07094444796541,2.95182496850652,0.246664762873163,0.0919639513477813,-0.0568862837093216,,1.01918149295202,1.87381139225698,0.164551593647064,0.174832661082134,0.164551593647064,-3.4319290953402,,0.337683333333333,0.6216,0.0537666666666667,-0.567833333333333,0.0317130370911167,1.24028925590526e-10,FALSE,0,"XLOC_015796","WDR25","PB.5300.2","ENST00000335290.10","c","XLOC_015796",TRUE
"isoComp_00055442","geneComp_00007903","TCONS_00085583","XLOC_016293","T_minus","T_plus","LINC01588","unknown","unknown",4.23560379278808,1.48995093257142,6.98125665300473,0.470270585023102,0.667369384191349,2.22063649104721,,0.048972447100784,0.0152516957862251,0.0826931984153428,0.00855326726586029,0.0449852566112904,1.87608320574849,,0.0116,0.0105,0.0127,0.0022,0.996765423175827,0.00010056831666868,FALSE,0,"XLOC_016293","LINC01588","ENST00000533506.5","ENST00000533506.5","=","XLOC_016293",FALSE
"isoComp_00055443","geneComp_00007903","TCONS_00085584","XLOC_016293","T_minus","T_plus","LINC01588","unknown","unknown",4.23560379278808,1.48995093257142,6.98125665300473,0.470270585023102,0.667369384191349,2.22063649104721,,0.0304930085669409,0.0390458046476066,0.0219402124862752,0.0211718661765421,0.0219402124862752,-0.618755823854522,,0.01885,0.035,0.0027,-0.0323,0.704587779200288,0.00010056831666868,TRUE,1,"XLOC_016293","LINC01588","ENST00000528300.5","ENST00000528300.5","=","XLOC_016293",FALSE
"isoComp_00055444","geneComp_00007903","TCONS_00085585","XLOC_016293","T_minus","T_plus","LINC01588","unknown","unknown",4.23560379278808,1.48995093257142,6.98125665300473,0.470270585023102,0.667369384191349,2.22063649104721,,0.109517415249276,0.0966214072072559,0.122413423291295,0.0120395469096102,0.0615259053840906,0.312552253208867,,0.0477,0.0771,0.0183,-0.0588,0.60572634365033,0.00010056831666868,FALSE,0,"XLOC_016293","LINC01588","ENST00000655269.1","ENST00000655269.1","=","XLOC_016293",FALSE
"isoComp_00055445","geneComp_00007903","TCONS_00085586","XLOC_016293","T_minus","T_plus","LINC01588","unknown","unknown",4.23560379278808,1.48995093257142,6.98125665300473,0.470270585023102,0.667369384191349,2.22063649104721,,0.108928800400713,0.0532714897092505,0.164586111092175,0.0192615701959457,0.0288771475707363,1.4643113231166,,0.0304333333333333,0.0376666666666667,0.0232,-0.0144666666666667,0.913701582324282,0.00010056831666868,TRUE,0,"XLOC_016293","LINC01588","ENST00000529902.2","ENST00000529902.2","=","XLOC_016293",FALSE
"isoComp_00055446","geneComp_00007903","TCONS_00085588","XLOC_016293","T_minus","T_plus","LINC01588","unknown","unknown",4.23560379278808,1.48995093257142,6.98125665300473,0.470270585023102,0.667369384191349,2.22063649104721,,0.515799174525415,0,1.03159834905083,0,0.274871104349314,6.70265525669922,,0.0737333333333333,0,0.147466666666667,0.147466666666667,0.00010056831666868,0.00010056831666868,FALSE,0,"XLOC_016293","LINC01588","ENST00000603474.2","ENST00000603474.2","=","XLOC_016293",FALSE
"isoComp_00055447","geneComp_00007903","TCONS_00085589","XLOC_016293","T_minus","T_plus","LINC01588","unknown","unknown",4.23560379278808,1.48995093257142,6.98125665300473,0.470270585023102,0.667369384191349,2.22063649104721,,0.170172041920452,0.207323466712317,0.133020617128588,0.0883183701617698,0.133020617128588,-0.603620832353478,,0.0733833333333333,0.1279,0.0188666666666667,-0.109033333333333,0.299206287826975,0.00010056831666868,FALSE,0,"XLOC_016293","LINC01588","ENST00000690038.1","ENST00000690038.1","=","XLOC_016293",FALSE
"isoComp_00055450","geneComp_00007903","TCONS_00085593","XLOC_016293","T_minus","T_plus","LINC01588","unknown","unknown",4.23560379278808,1.48995093257142,6.98125665300473,0.470270585023102,0.667369384191349,2.22063649104721,,0.517378480888655,0.204926342547241,0.829830619230069,0.158908597341949,0.0431573899578586,1.96625606989267,,0.1153,0.110266666666667,0.120333333333333,0.0100666666666667,0.912177008396445,0.00010056831666868,TRUE,0,"XLOC_016293","LINC01588","ENST00000553914.6","ENST00000553914.6","=","XLOC_016293",FALSE
"isoComp_00055453","geneComp_00007903","TCONS_00088942","XLOC_016293","T_minus","T_plus","LINC01588","unknown","unknown",4.23560379278808,1.48995093257142,6.98125665300473,0.470270585023102,0.667369384191349,2.22063649104721,,0.189447098020357,0,0.378894196040715,0,0.163708583472644,5.28130579865984,,0.0266833333333333,0,0.0533666666666667,0.0533666666666667,0.114105592603926,0.00010056831666868,FALSE,0,"XLOC_016293","LINC01588","PB.3025.2","ENST00000635379.1","j","XLOC_016293",TRUE
"isoComp_00055457","geneComp_00007903","TCONS_00088946","XLOC_016293","T_minus","T_plus","LINC01588","unknown","unknown",4.23560379278808,1.48995093257142,6.98125665300473,0.470270585023102,0.667369384191349,2.22063649104721,,2.27849988845125,0.813519703330769,3.74348007357173,0.20881933039949,0.344677991806696,2.18835375101027,,0.5502,0.563433333333333,0.536966666666667,-0.0264666666666666,0.988424668238572,0.00010056831666868,FALSE,0,"XLOC_016293","LINC01588","PB.3026.1","ENST00000635379.1","j","XLOC_016293",TRUE
"isoComp_00056453","geneComp_00008060","TCONS_00086670","XLOC_016571","T_minus","T_plus","TMED10","unknown","unknown",122.258837708333,129.180085918737,115.337589497929,3.01045808468661,1.8287942700419,-0.163507506188411,,80.878677392412,93.5752600560322,68.1820947287917,1.57094124960963,2.69550121838317,-0.456676816790359,,0.65845,0.725433333333333,0.591466666666667,-0.133966666666667,0.000216176016120606,7.62139737947895e-08,FALSE,1,"XLOC_016571","TMED10","PB.4079.1","ENST00000303575.9","=","XLOC_016571",TRUE
"isoComp_00056457","geneComp_00008060","TCONS_00086674","XLOC_016571","T_minus","T_plus","TMED10","unknown","unknown",122.258837708333,129.180085918737,115.337589497929,3.01045808468661,1.8287942700419,-0.163507506188411,,2.31277120074847,2.25579830370745,2.36974409778949,0.19371028648251,0.16234734846811,0.0707870024361875,,0.0190166666666667,0.0174666666666667,0.0205666666666667,0.0031,0.831166420959906,7.62139737947895e-08,TRUE,1,"XLOC_016571","TMED10","PB.5154.10","ENST00000555873.1","=","XLOC_016571",TRUE
"isoComp_00056458","geneComp_00008060","TCONS_00086675","XLOC_016571","T_minus","T_plus","TMED10","unknown","unknown",122.258837708333,129.180085918737,115.337589497929,3.01045808468661,1.8287942700419,-0.163507506188411,,6.4222268217832,0.558681923080105,12.2857717204863,0.330048615267737,3.34376355758776,4.43439653003822,,0.0552833333333333,0.0042,0.106366666666667,0.102166666666667,0.0111348121472612,7.62139737947895e-08,,0,"XLOC_016571","TMED10","ENST00000555085.1","ENST00000555085.1","=","XLOC_016571",FALSE
"isoComp_00056462","geneComp_00008060","TCONS_00089711","XLOC_016571","T_minus","T_plus","TMED10","unknown","unknown",122.258837708333,129.180085918737,115.337589497929,3.01045808468661,1.8287942700419,-0.163507506188411,,9.73467962166084,12.3488032916282,7.12055595169348,2.23659656788349,1.32663099982243,-0.793452583701116,,0.0783166666666667,0.0950666666666667,0.0615666666666667,-0.0335,0.475792702086241,7.62139737947895e-08,TRUE,0,"XLOC_016571","TMED10","PB.5154.7","ENST00000555873.1","j","XLOC_016571",TRUE
"isoComp_00056465","geneComp_00008060","TCONS_00089714","XLOC_016571","T_minus","T_plus","TMED10","unknown","unknown",122.258837708333,129.180085918737,115.337589497929,3.01045808468661,1.8287942700419,-0.163507506188411,,1.30402277284336,1.9463770157812,0.661668529905516,0.466001285350321,0.133989993014406,-1.5423630804503,,0.01035,0.0149666666666667,0.00573333333333333,-0.00923333333333333,0.150318823862232,7.62139737947895e-08,FALSE,1,"XLOC_016571","TMED10","PB.5154.13","ENST00000555873.1","j","XLOC_016571",TRUE
"isoComp_00056467","geneComp_00008060","TCONS_00089716","XLOC_016571","T_minus","T_plus","TMED10","unknown","unknown",122.258837708333,129.180085918737,115.337589497929,3.01045808468661,1.8287942700419,-0.163507506188411,,1.28304382540237,1.37136054703446,1.19472710377028,0.336583141121357,0.256354913626863,-0.197383542162985,,0.0104333333333333,0.0105666666666667,0.0103,-0.000266666666666667,0.992781934642756,7.62139737947895e-08,FALSE,0,"XLOC_016571","TMED10","PB.5154.21","ENST00000555873.1","j","XLOC_016571",TRUE
"isoComp_00056468","geneComp_00008060","TCONS_00090104","XLOC_016571","T_minus","T_plus","TMED10","unknown","unknown",122.258837708333,129.180085918737,115.337589497929,3.01045808468661,1.8287942700419,-0.163507506188411,,17.7503543436187,13.351058339397,22.1496503478405,1.28296126704678,0.349539071015028,0.729900828316303,,0.147733333333333,0.103366666666667,0.1921,0.0887333333333334,7.62139737947895e-08,7.62139737947895e-08,FALSE,0,"XLOC_016571","TMED10","PB.4079.10","ENST00000303575.9","c","XLOC_016571",TRUE
"isoComp_00057188","geneComp_00008164","TCONS_00087621","XLOC_016794","T_minus","T_plus","MOK","unknown","unknown",1.36696160137146,1.68068386456576,1.05323933817717,0.204725905926374,0.119194933597164,-0.669140531995645,,0.0586761387666706,0.0451178122669033,0.072234465266438,0.0150249424277632,0.0117233399850469,0.577224542403267,,0.0497,0.0281,0.0713,0.0432,0.763908684370291,0.00310762752789266,TRUE,0,"XLOC_016794","MOK","ENST00000559138.5","ENST00000559138.5","=","XLOC_016794",FALSE
"isoComp_00057189","geneComp_00008164","TCONS_00087622","XLOC_016794","T_minus","T_plus","MOK","unknown","unknown",1.36696160137146,1.68068386456576,1.05323933817717,0.204725905926374,0.119194933597164,-0.669140531995645,,0.0559885674577872,0.111977134915574,0,0.0610650750769592,0,-3.60853882926963,,0.0300333333333333,0.0600666666666667,0,-0.0600666666666667,0.63665107721406,0.00310762752789266,FALSE,0,"XLOC_016794","MOK","ENST00000559838.5","ENST00000559838.5","=","XLOC_016794",FALSE
"isoComp_00057190","geneComp_00008164","TCONS_00087623","XLOC_016794","T_minus","T_plus","MOK","unknown","unknown",1.36696160137146,1.68068386456576,1.05323933817717,0.204725905926374,0.119194933597164,-0.669140531995645,,0.0183934860469885,0,0.0367869720939771,0,0.022552907575143,2.22610686502322,,0.0154833333333333,0,0.0309666666666667,0.0309666666666667,0.719335529724192,0.00310762752789266,FALSE,0,"XLOC_016794","MOK","ENST00000557823.5","ENST00000557823.5","=","XLOC_016794",FALSE
"isoComp_00057192","geneComp_00008164","TCONS_00087625","XLOC_016794","T_minus","T_plus","MOK","unknown","unknown",1.36696160137146,1.68068386456576,1.05323933817717,0.204725905926374,0.119194933597164,-0.669140531995645,,0.0324797503870953,0.0277790330371838,0.0371804677370068,0.00624735326017569,0.0145659265576009,0.320603945120539,,0.0253166666666667,0.0178333333333333,0.0328,0.0149666666666667,0.899563994081842,0.00310762752789266,TRUE,2,"XLOC_016794","MOK","ENST00000521249.1","ENST00000521249.1","=","XLOC_016794",FALSE
"isoComp_00057193","geneComp_00008164","TCONS_00087626","XLOC_016794","T_minus","T_plus","MOK","unknown","unknown",1.36696160137146,1.68068386456576,1.05323933817717,0.204725905926374,0.119194933597164,-0.669140531995645,,0.0518775414618036,0.0648628636147136,0.0388922193088937,0.0417421545081947,0.0388922193088937,-0.614645341054751,,0.0389833333333333,0.0461333333333333,0.0318333333333333,-0.0143,0.931658871271888,0.00310762752789266,FALSE,1,"XLOC_016794","MOK","ENST00000521766.5","ENST00000521766.5","=","XLOC_016794",FALSE
"isoComp_00057195","geneComp_00008164","TCONS_00087629","XLOC_016794","T_minus","T_plus","MOK","unknown","unknown",1.36696160137146,1.68068386456576,1.05323933817717,0.204725905926374,0.119194933597164,-0.669140531995645,,0.0311377252101542,0.0493113773173437,0.0129640731029646,0.0493113773173437,0.0129640731029646,-1.36893032081262,,0.0179666666666667,0.0253333333333333,0.0106,-0.0147333333333333,1,0.00310762752789266,FALSE,0,"XLOC_016794","MOK","ENST00000361847.7","ENST00000361847.7","=","XLOC_016794",FALSE
"isoComp_00057196","geneComp_00008164","TCONS_00087631","XLOC_016794","T_minus","T_plus","MOK","unknown","unknown",1.36696160137146,1.68068386456576,1.05323933817717,0.204725905926374,0.119194933597164,-0.669140531995645,,0.0295186099784824,0,0.0590372199569648,0,0.00727938675789584,2.78737437015051,,0.0283833333333333,0,0.0567666666666667,0.0567666666666667,0.162783150410039,0.00310762752789266,FALSE,0,"XLOC_016794","MOK","ENST00000523231.5","ENST00000523231.5","=","XLOC_016794",FALSE
"isoComp_00057197","geneComp_00008164","TCONS_00087632","XLOC_016794","T_minus","T_plus","MOK","unknown","unknown",1.36696160137146,1.68068386456576,1.05323933817717,0.204725905926374,0.119194933597164,-0.669140531995645,,0.045899864110567,0.0866140989799481,0.00518562924118582,0.0591527285627961,0.00518562924118582,-2.6695270480194,,0.0270833333333333,0.0499333333333333,0.00423333333333333,-0.0457,0.745535835189632,0.00310762752789266,FALSE,0,"XLOC_016794","MOK","ENST00000524370.5","ENST00000524370.5","=","XLOC_016794",FALSE
"isoComp_00057198","geneComp_00008164","TCONS_00087633","XLOC_016794","T_minus","T_plus","MOK","unknown","unknown",1.36696160137146,1.68068386456576,1.05323933817717,0.204725905926374,0.119194933597164,-0.669140531995645,,0.17884793344808,0.183271093408506,0.174424773487655,0.040336161460116,0.0147293103324689,-0.0675934132732123,,0.144166666666667,0.119566666666667,0.168766666666667,0.0492,0.884799072557197,0.00310762752789266,FALSE,0,"XLOC_016794","MOK","ENST00000522874.5","ENST00000522874.5","=","XLOC_016794",FALSE
"isoComp_00057199","geneComp_00008164","TCONS_00087634","XLOC_016794","T_minus","T_plus","MOK","unknown","unknown",1.36696160137146,1.68068386456576,1.05323933817717,0.204725905926374,0.119194933597164,-0.669140531995645,,0.0966358468923926,0.0944890115589932,0.098782682225792,0.0587101242320338,0.0250198866280232,0.0580976722303834,,0.0708666666666667,0.0509666666666667,0.0907666666666667,0.0398,0.807806236117713,0.00310762752789266,TRUE,1,"XLOC_016794","MOK","ENST00000518686.5","ENST00000518686.5","=","XLOC_016794",FALSE
"isoComp_00057200","geneComp_00008164","TCONS_00087635","XLOC_016794","T_minus","T_plus","MOK","unknown","unknown",1.36696160137146,1.68068386456576,1.05323933817717,0.204725905926374,0.119194933597164,-0.669140531995645,,0.013712632803922,0,0.027425265607844,0,0.027425265607844,1.90401255515502,,0.0166666666666667,0,0.0333333333333333,0.0333333333333333,0.925545722148398,0.00310762752789266,FALSE,0,"XLOC_016794","MOK","ENST00000522867.1","ENST00000522867.1","=","XLOC_016794",FALSE
"isoComp_00057201","geneComp_00008164","TCONS_00087637","XLOC_016794","T_minus","T_plus","MOK","unknown","unknown",1.36696160137146,1.68068386456576,1.05323933817717,0.204725905926374,0.119194933597164,-0.669140531995645,,0.111329526412324,0.154541010225397,0.0681180425992515,0.0911913890759569,0.0377327568371001,-1.07471950106421,,0.0883166666666667,0.1077,0.0689333333333333,-0.0387666666666667,0.989377995178392,0.00310762752789266,FALSE,1,"XLOC_016794","MOK","ENST00000519058.5","ENST00000519058.5","=","XLOC_016794",FALSE
"isoComp_00057203","geneComp_00008164","TCONS_00087639","XLOC_016794","T_minus","T_plus","MOK","unknown","unknown",1.36696160137146,1.68068386456576,1.05323933817717,0.204725905926374,0.119194933597164,-0.669140531995645,,0.349232174169027,0.515390679436245,0.18307366890181,0.232257962057387,0.0219221946488576,-1.44423918181117,,0.233683333333333,0.2859,0.181466666666667,-0.104433333333333,0.826422147118536,0.00310762752789266,FALSE,1,"XLOC_016794","MOK","ENST00000521937.1","ENST00000521937.1","=","XLOC_016794",FALSE
"isoComp_00057204","geneComp_00008164","TCONS_00087641","XLOC_016794","T_minus","T_plus","MOK","unknown","unknown",1.36696160137146,1.68068386456576,1.05323933817717,0.204725905926374,0.119194933597164,-0.669140531995645,,0.0336838770172271,0.0673677540344541,0,0.0673677540344541,0,-2.95173239339867,,0.0185166666666667,0.0370333333333333,0,-0.0370333333333333,0.955169174886369,0.00310762752789266,FALSE,0,"XLOC_016794","MOK","ENST00000522537.5","ENST00000522537.5","=","XLOC_016794",FALSE
"isoComp_00057206","geneComp_00008164","TCONS_00087646","XLOC_016794","T_minus","T_plus","MOK","unknown","unknown",1.36696160137146,1.68068386456576,1.05323933817717,0.204725905926374,0.119194933597164,-0.669140531995645,,0.0377259422592943,0.0754518845185887,0,0.0754518845185887,0,-3.09511230881941,,0.0207333333333333,0.0414666666666667,0,-0.0414666666666667,0.952324286112755,0.00310762752789266,TRUE,0,"XLOC_016794","MOK","ENST00000521388.5","ENST00000521388.5","=","XLOC_016794",FALSE
"isoComp_00057207","geneComp_00008164","TCONS_00087649","XLOC_016794","T_minus","T_plus","MOK","unknown","unknown",1.36696160137146,1.68068386456576,1.05323933817717,0.204725905926374,0.119194933597164,-0.669140531995645,,0.0188629711296472,0.0377259422592943,0,0.0377259422592943,0,-2.25477368122045,,0.0103666666666667,0.0207333333333333,0,-0.0207333333333333,0.96257964808527,0.00310762752789266,TRUE,0,"XLOC_016794","MOK","ENST00000518399.5","ENST00000518399.5","=","XLOC_016794",FALSE
"isoComp_00057208","geneComp_00008164","TCONS_00087652","XLOC_016794","T_minus","T_plus","MOK","unknown","unknown",1.36696160137146,1.68068386456576,1.05323933817717,0.204725905926374,0.119194933597164,-0.669140531995645,,0.0215576812910253,0.0431153625820507,0,0.0431153625820507,0,-2.40912919277044,,0.01185,0.0237,0,-0.0237,0.959985330529625,0.00310762752789266,TRUE,0,"XLOC_016794","MOK","ENST00000518482.5","ENST00000518482.5","=","XLOC_016794",FALSE
"isoComp_00057209","geneComp_00008164","TCONS_00087653","XLOC_016794","T_minus","T_plus","MOK","unknown","unknown",1.36696160137146,1.68068386456576,1.05323933817717,0.204725905926374,0.119194933597164,-0.669140531995645,,0.0389420653947079,0.0425929466532598,0.0352911841361559,0.0425929466532598,0.0352911841361559,-0.215639070648789,,0.0324833333333333,0.0333333333333333,0.0316333333333333,-0.0017,0.993880865362637,0.00310762752789266,FALSE,0,"XLOC_016794","MOK","ENST00000524019.5","ENST00000524019.5","=","XLOC_016794",FALSE
"isoComp_00057210","geneComp_00008164","TCONS_00087655","XLOC_016794","T_minus","T_plus","MOK","unknown","unknown",1.36696160137146,1.68068386456576,1.05323933817717,0.204725905926374,0.119194933597164,-0.669140531995645,,0.0941428933938372,0,0.188285786787674,0,0.0614581975305967,4.30950936314583,,0.0869333333333333,0,0.173866666666667,0.173866666666667,0.00310762752789266,0.00310762752789266,TRUE,0,"XLOC_016794","MOK","ENST00000524207.5","ENST00000524207.5","=","XLOC_016794",FALSE
"isoComp_00057752","geneComp_00008272","TCONS_00091053","XLOC_017286","T_minus","T_plus","CDIN1","unknown","unknown",3.72822425415298,2.44748244125816,5.0089660670478,0.292646097969711,0.239835659787972,1.03020908361984,,2.80462400842618,1.51468052541451,4.09456749143786,0.212491345448923,0.089566169244557,1.42872323100024,,0.7181,0.616566666666667,0.819633333333333,0.203066666666667,8.76396371839472e-05,8.76396371839472e-05,FALSE,1,"XLOC_017286","CDIN1","ENST00000566621.6","ENST00000566621.6","=","XLOC_017286",FALSE
"isoComp_00057757","geneComp_00008272","TCONS_00091058","XLOC_017286","T_minus","T_plus","CDIN1","unknown","unknown",3.72822425415298,2.44748244125816,5.0089660670478,0.292646097969711,0.239835659787972,1.03020908361984,,0.167767162743271,0.2074927342296,0.128041591256942,0.0399013184342716,0.023652162474183,-0.655864196249233,,0.0582333333333333,0.0907333333333333,0.0257333333333333,-0.065,0.404525890555766,8.76396371839472e-05,FALSE,1,"XLOC_017286","CDIN1","ENST00000642817.1","ENST00000642817.1","=","XLOC_017286",FALSE
"isoComp_00057760","geneComp_00008272","TCONS_00091062","XLOC_017286","T_minus","T_plus","CDIN1","unknown","unknown",3.72822425415298,2.44748244125816,5.0089660670478,0.292646097969711,0.239835659787972,1.03020908361984,,0.0277849789905445,0.0296418117751598,0.0259281462059291,0.0296418117751598,0.0259281462059291,-0.141908402305881,,0.0101666666666667,0.0152666666666667,0.00506666666666667,-0.0102,0.978926274994933,8.76396371839472e-05,FALSE,0,"XLOC_017286","CDIN1","ENST00000646657.1","ENST00000646657.1","=","XLOC_017286",FALSE
"isoComp_00057761","geneComp_00008272","TCONS_00091063","XLOC_017286","T_minus","T_plus","CDIN1","unknown","unknown",3.72822425415298,2.44748244125816,5.0089660670478,0.292646097969711,0.239835659787972,1.03020908361984,,0.131140497238131,0.194413332675962,0.0678676618002999,0.0423113327499107,0.0678676618002999,-1.39239308685449,,0.0450666666666667,0.0774666666666667,0.0126666666666667,-0.0648,0.33434355047039,8.76396371839472e-05,FALSE,0,"XLOC_017286","CDIN1","ENST00000437989.6","ENST00000437989.6","=","XLOC_017286",FALSE
"isoComp_00057762","geneComp_00008272","TCONS_00091070","XLOC_017286","T_minus","T_plus","CDIN1","unknown","unknown",3.72822425415298,2.44748244125816,5.0089660670478,0.292646097969711,0.239835659787972,1.03020908361984,,0.302192706003188,0.416681184194735,0.187704227811641,0.111247745552169,0.134292851643719,-1.10981476916377,,0.101416666666667,0.166533333333333,0.0363,-0.130233333333333,0.384547524546235,8.76396371839472e-05,FALSE,1,"XLOC_017286","CDIN1","ENST00000338183.8","ENST00000338183.8","=","XLOC_017286",FALSE
"isoComp_00057763","geneComp_00008272","TCONS_00091072","XLOC_017286","T_minus","T_plus","CDIN1","unknown","unknown",3.72822425415298,2.44748244125816,5.0089660670478,0.292646097969711,0.239835659787972,1.03020908361984,,0.172420191299749,0.0350765443026845,0.309763838296813,0.0350765443026845,0.0708954256769806,2.82655797169932,,0.0373833333333333,0.0118666666666667,0.0629,0.0510333333333333,0.458730002929296,8.76396371839472e-05,FALSE,0,"XLOC_017286","CDIN1","ENST00000565792.5","ENST00000565792.5","=","XLOC_017286",FALSE
"isoComp_00057907","geneComp_00008308","TCONS_00091265","XLOC_017331","T_minus","T_plus","RPUSD2","unknown","unknown",4.66143172337323,5.07172813757311,4.25113530917335,0.224137583749916,0.138599504854421,-0.254081332169682,,3.6153608166814,3.59355351619562,3.63716811716717,0.177777933578773,0.0618217605099792,0.0173564317136151,,0.782366666666667,0.7082,0.856533333333333,0.148333333333333,0.000544624553106223,0.000544624553106223,TRUE,0,"XLOC_017331","RPUSD2","ENST00000315616.12","ENST00000315616.12","=","XLOC_017331",FALSE
"isoComp_00057908","geneComp_00008308","TCONS_00091266","XLOC_017331","T_minus","T_plus","RPUSD2","unknown","unknown",4.66143172337323,5.07172813757311,4.25113530917335,0.224137583749916,0.138599504854421,-0.254081332169682,,0.72805238120538,1.09664551909455,0.359459243316209,0.108970146451756,0.0876685595942717,-1.58270604357609,,0.1505,0.2173,0.0837,-0.1336,0.0679265261057163,0.000544624553106223,FALSE,0,"XLOC_017331","RPUSD2","ENST00000559271.1","ENST00000559271.1","=","XLOC_017331",FALSE
"isoComp_00057909","geneComp_00008308","TCONS_00091267","XLOC_017331","T_minus","T_plus","RPUSD2","unknown","unknown",4.66143172337323,5.07172813757311,4.25113530917335,0.224137583749916,0.138599504854421,-0.254081332169682,,0.318018525486452,0.381529102282943,0.254507948689962,0.120040392442063,0.0845637644788595,-0.565808469537149,,0.0671333333333333,0.0745,0.0597666666666667,-0.0147333333333333,0.940409291785842,0.000544624553106223,FALSE,0,"XLOC_017331","RPUSD2","ENST00000616318.1","ENST00000616318.1","=","XLOC_017331",FALSE
"isoComp_00059301","geneComp_00008490","TCONS_00092865","XLOC_017668","T_minus","T_plus","LRRC49","unknown","unknown",1.56586270075748,1.70423705210346,1.42748834941151,0.0522495506944538,0.054496755965778,-0.25401636203044,,0.0418341666133478,0,0.0836683332266955,0,0.0687011008675121,3.22756139347183,,0.02955,0,0.0591,0.0591,0.702377454222758,0.0381558933437842,FALSE,0,"XLOC_017668","LRRC49","ENST00000558799.5","ENST00000558799.5","=","XLOC_017668",FALSE
"isoComp_00059302","geneComp_00008490","TCONS_00092866","XLOC_017668","T_minus","T_plus","LRRC49","unknown","unknown",1.56586270075748,1.70423705210346,1.42748834941151,0.0522495506944538,0.054496755965778,-0.25401636203044,,0.0897568340390032,0,0.179513668078006,0,0.159586890504263,4.24422999688405,,0.059,0,0.118,0.118,0.626124122423109,0.0381558933437842,,0,"XLOC_017668","LRRC49","ENST00000558546.5","ENST00000558546.5","=","XLOC_017668",FALSE
"isoComp_00059303","geneComp_00008490","TCONS_00092868","XLOC_017668","T_minus","T_plus","LRRC49","unknown","unknown",1.56586270075748,1.70423705210346,1.42748834941151,0.0522495506944538,0.054496755965778,-0.25401636203044,,0.105262805689501,0.0971001902191507,0.113425421159851,0.0612958376978953,0.0695394845775513,0.204678525499664,,0.0676666666666667,0.0549333333333333,0.0804,0.0254666666666667,0.944937427891706,0.0381558933437842,FALSE,0,"XLOC_017668","LRRC49","ENST00000443425.6","ENST00000443425.6","=","XLOC_017668",FALSE
"isoComp_00059305","geneComp_00008490","TCONS_00092870","XLOC_017668","T_minus","T_plus","LRRC49","unknown","unknown",1.56586270075748,1.70423705210346,1.42748834941151,0.0522495506944538,0.054496755965778,-0.25401636203044,,0.271630824657663,0.398269402747794,0.144992246567532,0.115829962342868,0.0969964452034563,-1.39732540360092,,0.1714,0.2363,0.1065,-0.1298,0.726144883194912,0.0381558933437842,FALSE,0,"XLOC_017668","LRRC49","ENST00000560107.6","ENST00000560107.6","=","XLOC_017668",FALSE
"isoComp_00059306","geneComp_00008490","TCONS_00092871","XLOC_017668","T_minus","T_plus","LRRC49","unknown","unknown",1.56586270075748,1.70423705210346,1.42748834941151,0.0522495506944538,0.054496755965778,-0.25401636203044,,0.170650450839529,0.341300901679058,0,0.141111178287128,0,-5.13463537439737,,0.102733333333333,0.205466666666667,0,-0.205466666666667,0.0381558933437842,0.0381558933437842,FALSE,0,"XLOC_017668","LRRC49","ENST00000560369.5","ENST00000560369.5","=","XLOC_017668",FALSE
"isoComp_00059308","geneComp_00008490","TCONS_00092875","XLOC_017668","T_minus","T_plus","LRRC49","unknown","unknown",1.56586270075748,1.70423705210346,1.42748834941151,0.0522495506944538,0.054496755965778,-0.25401636203044,,0.0557455143427476,0,0.111491028685495,0,0.111491028685495,3.6027778790986,,0.0363833333333333,0,0.0727666666666667,0.0727666666666667,0.911963843927092,0.0381558933437842,,0,"XLOC_017668","LRRC49","ENST00000560755.5","ENST00000560755.5","=","XLOC_017668",FALSE
"isoComp_00059309","geneComp_00008490","TCONS_00092876","XLOC_017668","T_minus","T_plus","LRRC49","unknown","unknown",1.56586270075748,1.70423705210346,1.42748834941151,0.0522495506944538,0.054496755965778,-0.25401636203044,,0.130761482769473,0.152573045504425,0.108949920034521,0.044953703704918,0.0634849374046973,-0.450733777531483,,0.0838,0.0888333333333333,0.0787666666666667,-0.0100666666666667,0.948143668423323,0.0381558933437842,FALSE,0,"XLOC_017668","LRRC49","ENST00000560980.5","ENST00000560980.5","=","XLOC_017668",FALSE
"isoComp_00059310","geneComp_00008490","TCONS_00092878","XLOC_017668","T_minus","T_plus","LRRC49","unknown","unknown",1.56586270075748,1.70423705210346,1.42748834941151,0.0522495506944538,0.054496755965778,-0.25401636203044,,0.124742893164861,0.156239883263052,0.0932459030666697,0.0934553270805863,0.0932459030666697,-0.687182011523637,,0.0788333333333333,0.0885666666666667,0.0691,-0.0194666666666667,0.85773659270011,0.0381558933437842,,0,"XLOC_017668","LRRC49","ENST00000557977.5","ENST00000557977.5","=","XLOC_017668",FALSE
"isoComp_00059311","geneComp_00008490","TCONS_00092884","XLOC_017668","T_minus","T_plus","LRRC49","unknown","unknown",1.56586270075748,1.70423705210346,1.42748834941151,0.0522495506944538,0.054496755965778,-0.25401636203044,,0.0179176770201647,0.0147934131952031,0.0210419408451263,0.0147934131952031,0.0136664628861974,0.324261868135294,,0.0116666666666667,0.0091,0.0142333333333333,0.00513333333333333,0.943800224630091,0.0381558933437842,FALSE,0,"XLOC_017668","LRRC49","ENST00000559469.5","ENST00000559469.5","=","XLOC_017668",FALSE
"isoComp_00059312","geneComp_00008490","TCONS_00092885","XLOC_017668","T_minus","T_plus","LRRC49","unknown","unknown",1.56586270075748,1.70423705210346,1.42748834941151,0.0522495506944538,0.054496755965778,-0.25401636203044,,0.0493078808465788,0,0.0986157616931576,0,0.0525045248467525,3.44116156880842,,0.034,0,0.068,0.068,0.56312407804614,0.0381558933437842,FALSE,0,"XLOC_017668","LRRC49","ENST00000560158.6","ENST00000560158.6","=","XLOC_017668",FALSE
"isoComp_00059313","geneComp_00008490","TCONS_00092891","XLOC_017668","T_minus","T_plus","LRRC49","unknown","unknown",1.56586270075748,1.70423705210346,1.42748834941151,0.0522495506944538,0.054496755965778,-0.25401636203044,,0.0345179641221406,0.0690359282442812,0,0.0690359282442812,0,-2.98250862438848,,0.0212166666666667,0.0424333333333333,0,-0.0424333333333333,0.934383927330219,0.0381558933437842,FALSE,0,"XLOC_017668","LRRC49","ENST00000561131.2","ENST00000561131.2","=","XLOC_017668",FALSE
"isoComp_00059314","geneComp_00008490","TCONS_00100001","XLOC_017668","T_minus","T_plus","LRRC49","unknown","unknown",1.56586270075748,1.70423705210346,1.42748834941151,0.0522495506944538,0.054496755965778,-0.25401636203044,,0.444869877169542,0.446886464543913,0.442853289795172,0.201049089513977,0.0416434655404911,-0.0127919645203413,,0.284633333333333,0.257333333333333,0.311933333333333,0.0546,0.902831514464157,0.0381558933437842,FALSE,0,"XLOC_017668","LRRC49","PB.5723.3","ENST00000560691.5","j","XLOC_017668",TRUE
"isoComp_00060921","geneComp_00008762","TCONS_00095168","XLOC_018267","T_minus","T_plus","GOLGA8B","unknown","unknown",6.05078118846036,5.27846194952023,6.82310042740048,0.604828172108779,0.535562969988584,0.369692128128871,,2.76997833010031,2.56247783223591,2.97747882796471,0.545590522556718,0.155326685856147,0.215769843795176,,0.46375,0.484166666666667,0.443333333333333,-0.0408333333333333,0.932987975663628,0.00194735950524036,FALSE,0,"XLOC_018267","GOLGA8B","ENST00000683415.1","ENST00000683415.1","=","XLOC_018267",FALSE
"isoComp_00060922","geneComp_00008762","TCONS_00095169","XLOC_018267","T_minus","T_plus","GOLGA8B","unknown","unknown",6.05078118846036,5.27846194952023,6.82310042740048,0.604828172108779,0.535562969988584,0.369692128128871,,0.503181984581825,0.470334841855448,0.536029127308201,0.206062930871746,0.180876395278127,0.184937451576804,,0.0878333333333333,0.0992,0.0764666666666667,-0.0227333333333333,0.987327989734497,0.00194735950524036,FALSE,0,"XLOC_018267","GOLGA8B","ENST00000342314.9","ENST00000342314.9","=","XLOC_018267",FALSE
"isoComp_00060923","geneComp_00008762","TCONS_00095170","XLOC_018267","T_minus","T_plus","GOLGA8B","unknown","unknown",6.05078118846036,5.27846194952023,6.82310042740048,0.604828172108779,0.535562969988584,0.369692128128871,,1.05469947518485,1.22303653132902,0.886362419040684,0.287463070556209,0.124015543523763,-0.460061474595794,,0.180383333333333,0.2314,0.129366666666667,-0.102033333333333,0.459601927139328,0.00194735950524036,FALSE,0,"XLOC_018267","GOLGA8B","ENST00000438958.2","ENST00000438958.2","=","XLOC_018267",FALSE
"isoComp_00060924","geneComp_00008762","TCONS_00095171","XLOC_018267","T_minus","T_plus","GOLGA8B","unknown","unknown",6.05078118846036,5.27846194952023,6.82310042740048,0.604828172108779,0.535562969988584,0.369692128128871,,0.351782334615629,0.252724880432515,0.450839788798744,0.151922599439351,0.302924119153761,0.810712451824522,,0.0529666666666667,0.0459,0.0600333333333333,0.0141333333333333,0.993880865362637,0.00194735950524036,FALSE,2,"XLOC_018267","GOLGA8B","ENST00000569100.5","ENST00000569100.5","=","XLOC_018267",FALSE
"isoComp_00060925","geneComp_00008762","TCONS_00095172","XLOC_018267","T_minus","T_plus","GOLGA8B","unknown","unknown",6.05078118846036,5.27846194952023,6.82310042740048,0.604828172108779,0.535562969988584,0.369692128128871,,0.559849257477554,0.332341258658107,0.787357256297002,0.182384394819561,0.115499170903095,1.2197910941422,,0.0883333333333333,0.0596666666666667,0.117,0.0573333333333333,0.740027868425881,0.00194735950524036,FALSE,2,"XLOC_018267","GOLGA8B","ENST00000484716.5","ENST00000484716.5","=","XLOC_018267",FALSE
"isoComp_00060926","geneComp_00008762","TCONS_00095175","XLOC_018267","T_minus","T_plus","GOLGA8B","unknown","unknown",6.05078118846036,5.27846194952023,6.82310042740048,0.604828172108779,0.535562969988584,0.369692128128871,,0.60671541513663,0.203613521263764,1.0098173090095,0.0452045981672846,0.082844580495583,2.25523585521935,,0.09415,0.0380666666666667,0.150233333333333,0.112166666666667,0.00194735950524036,0.00194735950524036,TRUE,0,"XLOC_018267","GOLGA8B","ENST00000562282.5","ENST00000562282.5","=","XLOC_018267",FALSE
"isoComp_00060927","geneComp_00008762","TCONS_00095176","XLOC_018267","T_minus","T_plus","GOLGA8B","unknown","unknown",6.05078118846036,5.27846194952023,6.82310042740048,0.604828172108779,0.535562969988584,0.369692128128871,,0.0922108475908951,0.0947688786797164,0.0896528165020739,0.0589667253914845,0.0540167212310677,-0.0722277458857327,,0.0142166666666667,0.0158666666666667,0.0125666666666667,-0.0033,0.98150139119388,0.00194735950524036,TRUE,0,"XLOC_018267","GOLGA8B","ENST00000564575.5","ENST00000564575.5","=","XLOC_018267",FALSE
"isoComp_00060928","geneComp_00008762","TCONS_00095178","XLOC_018267","T_minus","T_plus","GOLGA8B","unknown","unknown",6.05078118846036,5.27846194952023,6.82310042740048,0.604828172108779,0.535562969988584,0.369692128128871,,0.103734052742125,0.121905223004684,0.0855628824795661,0.0368253718055172,0.0855628824795661,-0.464979415787769,,0.0166833333333333,0.0224,0.0109666666666667,-0.0114333333333333,0.65663583673576,0.00194735950524036,,0,"XLOC_018267","GOLGA8B","ENST00000566258.1","ENST00000566258.1","=","XLOC_018267",FALSE
"isoComp_00062400","geneComp_00008963","TCONS_00096822","XLOC_018618","T_minus","T_plus","CLPX","unknown","unknown",22.6521191169201,22.0832758490448,23.2209623847955,1.80351653995781,0.456933583456468,0.0724415735378704,,5.6186675092234,6.63355957196372,4.60377544648307,0.388105982362694,0.174054379277161,-0.526008645038893,,0.252733333333333,0.3068,0.198666666666667,-0.108133333333333,0.175250207453788,1.86521270033376e-07,TRUE,1,"XLOC_018618","CLPX","ENST00000300107.7","ENST00000300107.7","=","XLOC_018618",FALSE
"isoComp_00062401","geneComp_00008963","TCONS_00096823","XLOC_018618","T_minus","T_plus","CLPX","unknown","unknown",22.6521191169201,22.0832758490448,23.2209623847955,1.80351653995781,0.456933583456468,0.0724415735378704,,0.65077712095515,0.657455026432414,0.644099215477885,0.108079252506269,0.09262083679321,-0.0291611462406091,,0.0285666666666667,0.0294,0.0277333333333333,-0.00166666666666667,0.978245157061773,1.86521270033376e-07,TRUE,0,"XLOC_018618","CLPX","ENST00000559152.5","ENST00000559152.5","=","XLOC_018618",FALSE
"isoComp_00062403","geneComp_00008963","TCONS_00096825","XLOC_018618","T_minus","T_plus","CLPX","unknown","unknown",22.6521191169201,22.0832758490448,23.2209623847955,1.80351653995781,0.456933583456468,0.0724415735378704,,3.42869022169943,1.68928021257173,5.16810023082714,0.289674541915756,0.423937412869303,1.60749911766867,,0.149416666666667,0.0756,0.223233333333333,0.147633333333333,1.86521270033376e-07,1.86521270033376e-07,FALSE,0,"XLOC_018618","CLPX","ENST00000558958.1","ENST00000558958.1","=","XLOC_018618",FALSE
"isoComp_00062404","geneComp_00008963","TCONS_00096826","XLOC_018618","T_minus","T_plus","CLPX","unknown","unknown",22.6521191169201,22.0832758490448,23.2209623847955,1.80351653995781,0.456933583456468,0.0724415735378704,,0.320135275242483,0.179439824722588,0.460830725762378,0.0471504462365164,0.130665795706277,1.31346882049262,,0.0138333333333333,0.0079,0.0197666666666667,0.0118666666666667,0.542361151916451,1.86521270033376e-07,FALSE,0,"XLOC_018618","CLPX","ENST00000558103.1","ENST00000558103.1","=","XLOC_018618",FALSE
"isoComp_00062406","geneComp_00008963","TCONS_00100337","XLOC_018618","T_minus","T_plus","CLPX","unknown","unknown",22.6521191169201,22.0832758490448,23.2209623847955,1.80351653995781,0.456933583456468,0.0724415735378704,,0.765236784002009,0.919377411574098,0.611096156429919,0.0779066881445205,0.151496822929639,-0.58144794082683,,0.0343833333333333,0.0424,0.0263666666666667,-0.0160333333333333,0.684527926711755,1.86521270033376e-07,TRUE,0,"XLOC_018618","CLPX","PB.5675.5","ENST00000300107.7","j","XLOC_018618",TRUE
"isoComp_00062407","geneComp_00008963","TCONS_00100338","XLOC_018618","T_minus","T_plus","CLPX","unknown","unknown",22.6521191169201,22.0832758490448,23.2209623847955,1.80351653995781,0.456933583456468,0.0724415735378704,,5.78843642889259,6.54903529804968,5.02783755973549,0.58226953146089,0.266517070283815,-0.380679034573923,,0.256466666666667,0.296666666666667,0.216266666666667,-0.0804,0.0236100143420124,1.86521270033376e-07,FALSE,0,"XLOC_018618","CLPX","PB.5675.7","ENST00000300107.7","c","XLOC_018618",TRUE
"isoComp_00062408","geneComp_00008963","TCONS_00100741","XLOC_018618","T_minus","T_plus","CLPX","unknown","unknown",22.6521191169201,22.0832758490448,23.2209623847955,1.80351653995781,0.456933583456468,0.0724415735378704,,1.0190246192293,1.13426590555432,0.903783332904282,0.591056969165822,0.237677615124458,-0.324498312230149,,0.04385,0.0491666666666667,0.0385333333333333,-0.0106333333333333,0.979990418106409,1.86521270033376e-07,FALSE,0,"XLOC_018618","CLPX","PB.4469.1","ENST00000300107.7","j","XLOC_018618",TRUE
"isoComp_00062410","geneComp_00008963","TCONS_00100743","XLOC_018618","T_minus","T_plus","CLPX","unknown","unknown",22.6521191169201,22.0832758490448,23.2209623847955,1.80351653995781,0.456933583456468,0.0724415735378704,,4.73427360698057,4.04638705940891,5.42216015455223,0.951794720487777,0.115352844800496,0.421330694203836,,0.207116666666667,0.180733333333333,0.2335,0.0527666666666667,0.690997540199879,1.86521270033376e-07,FALSE,0,"XLOC_018618","CLPX","PB.4469.5","ENST00000300107.7","c","XLOC_018618",TRUE
"isoComp_00063820","geneComp_00009157","TCONS_00098577","XLOC_018977","T_minus","T_plus","FAM174B","unknown","unknown",1.59937504440894,1.48351221361762,1.71523787520025,0.169120867076994,0.130031174535169,0.208086258154861,,0.0345179641221406,0.0690359282442812,0,0.0690359282442812,0,-2.98250862438848,,0.02265,0.0453,0,-0.0453,0.910833861623972,0.0290264234143337,FALSE,0,"XLOC_018977","FAM174B","ENST00000553393.5","ENST00000553393.5","=","XLOC_018977",FALSE
"isoComp_00063821","geneComp_00009157","TCONS_00098578","XLOC_018977","T_minus","T_plus","FAM174B","unknown","unknown",1.59937504440894,1.48351221361762,1.71523787520025,0.169120867076994,0.130031174535169,0.208086258154861,,0.58591227996972,0.615751201102152,0.556073358837287,0.0867596975930764,0.0455273012651597,-0.144600127539115,,0.383166666666667,0.4407,0.325633333333333,-0.115066666666667,0.852948303125314,0.0290264234143337,FALSE,1,"XLOC_018977","FAM174B","ENST00000327355.6","ENST00000327355.6","=","XLOC_018977",FALSE
"isoComp_00063823","geneComp_00009157","TCONS_00098580","XLOC_018977","T_minus","T_plus","FAM174B","unknown","unknown",1.59937504440894,1.48351221361762,1.71523787520025,0.169120867076994,0.130031174535169,0.208086258154861,,0.115816119880472,0.0889254353254795,0.142706804435464,0.0889254353254795,0.080880865659578,0.626350934396028,,0.0689166666666667,0.0507,0.0871333333333333,0.0364333333333333,0.846916029578023,0.0290264234143337,FALSE,0,"XLOC_018977","FAM174B","ENST00000555064.5","ENST00000555064.5","=","XLOC_018977",FALSE
"isoComp_00063824","geneComp_00009157","TCONS_00098581","XLOC_018977","T_minus","T_plus","FAM174B","unknown","unknown",1.59937504440894,1.48351221361762,1.71523787520025,0.169120867076994,0.130031174535169,0.208086258154861,,0.0780291275287167,0.150628842113409,0.00542941294402399,0.14660535205329,0.00542941294402399,-3.37997588620829,,0.0507166666666667,0.0986333333333333,0.0028,-0.0958333333333333,0.944205903887873,0.0290264234143337,FALSE,0,"XLOC_018977","FAM174B","ENST00000555696.5","ENST00000555696.5","=","XLOC_018977",FALSE
"isoComp_00063825","geneComp_00009157","TCONS_00098585","XLOC_018977","T_minus","T_plus","FAM174B","unknown","unknown",1.59937504440894,1.48351221361762,1.71523787520025,0.169120867076994,0.130031174535169,0.208086258154861,,0.0583661891482579,0,0.116732378296516,0,0.116732378296516,3.6637132542531,,0.0302333333333333,0,0.0604666666666667,0.0604666666666667,0.929276388765821,0.0290264234143337,,0,"XLOC_018977","FAM174B","ENST00000555613.1","ENST00000555613.1","=","XLOC_018977",FALSE
"isoComp_00063827","geneComp_00009157","TCONS_00098589","XLOC_018977","T_minus","T_plus","H2AZ2P1","unknown","unknown",1.59937504440894,1.48351221361762,1.71523787520025,0.169120867076994,0.130031174535169,0.208086258154861,,0.149352996613109,0.154574918158827,0.144131075067391,0.0763320042031266,0.0399820126086675,-0.0945867208310751,,0.0925333333333333,0.0975333333333333,0.0875333333333333,-0.01,0.999779088939979,0.0290264234143337,FALSE,0,"XLOC_018977","H2AZ2P1","ENST00000685273.1","ENST00000685273.1","=","XLOC_018977",FALSE
"isoComp_00063828","geneComp_00009157","TCONS_00098590","XLOC_018977","T_minus","T_plus","H2AZ2P1","unknown","unknown",1.59937504440894,1.48351221361762,1.71523787520025,0.169120867076994,0.130031174535169,0.208086258154861,,0.0657847825899371,0.0718460227956104,0.0597235423842639,0.0180988983645559,0.0597235423842639,-0.231266443358162,,0.0410833333333333,0.0512333333333333,0.0309333333333333,-0.0203,0.794186277363737,0.0290264234143337,FALSE,0,"XLOC_018977","H2AZ2P1","ENST00000554246.1","ENST00000554246.1","=","XLOC_018977",FALSE
"isoComp_00063829","geneComp_00009157","TCONS_00098591","XLOC_018977","T_minus","T_plus","ENSG00000260361","unknown","unknown",1.59937504440894,1.48351221361762,1.71523787520025,0.169120867076994,0.130031174535169,0.208086258154861,,0.188424815953426,0.129037726312443,0.247811905594409,0.0301514432948272,0.0378665629217335,0.890842492974657,,0.116816666666667,0.0884333333333333,0.1452,0.0567666666666667,0.766541326763208,0.0290264234143337,FALSE,0,"XLOC_018977","ENSG00000260361","ENST00000562894.1","ENST00000562894.1","=","XLOC_018977",FALSE
"isoComp_00063830","geneComp_00009157","TCONS_00098592","XLOC_018977","T_minus","T_plus","FAM174B","unknown","unknown",1.59937504440894,1.48351221361762,1.71523787520025,0.169120867076994,0.130031174535169,0.208086258154861,,0.0215576812910253,0.0431153625820507,0,0.0431153625820507,0,-2.40912919277044,,0.0122833333333333,0.0245666666666667,0,-0.0245666666666667,0.920377132979476,0.0290264234143337,FALSE,0,"XLOC_018977","FAM174B","ENST00000555971.1","ENST00000555971.1","=","XLOC_018977",FALSE
"isoComp_00063831","geneComp_00009157","TCONS_00098593","XLOC_018977","T_minus","T_plus","FAM174B","unknown","unknown",1.59937504440894,1.48351221361762,1.71523787520025,0.169120867076994,0.130031174535169,0.208086258154861,,0.092082674860136,0,0.184165349720272,0,0.051939990364335,4.27921385873926,,0.05595,0,0.1119,0.1119,0.0290264234143337,0.0290264234143337,,0,"XLOC_018977","FAM174B","ENST00000557545.1","ENST00000557545.1","=","XLOC_018977",FALSE
"isoComp_00063832","geneComp_00009157","TCONS_00098595","XLOC_018977","T_minus","T_plus","FAM174B","unknown","unknown",1.59937504440894,1.48351221361762,1.71523787520025,0.169120867076994,0.130031174535169,0.208086258154861,,0.0801568983499115,0.0940307289679713,0.0662830677318518,0.0536853410335671,0.0331559818512411,-0.447574971659366,,0.0463333333333333,0.0563666666666667,0.0363,-0.0200666666666667,0.988224173725666,0.0290264234143337,,0,"XLOC_018977","FAM174B","ENST00000554082.1","ENST00000554082.1","=","XLOC_018977",FALSE
"isoComp_00063833","geneComp_00009157","TCONS_00100806","XLOC_018977","T_minus","T_plus","FAM174B","unknown","unknown",1.59937504440894,1.48351221361762,1.71523787520025,0.169120867076994,0.130031174535169,0.208086258154861,,0.105428723259652,0.0665660480153913,0.144291398503912,0.00742712103168539,0.0211678050898412,1.01088093712278,,0.0662666666666667,0.0465333333333333,0.086,0.0394666666666667,0.790421777021231,0.0290264234143337,TRUE,1,"XLOC_018977","FAM174B","PB.4630.1","ENST00000555971.1","j","XLOC_018977",TRUE
"isoComp_00064092","geneComp_00009196","TCONS_00098974","XLOC_019071","T_minus","T_plus","TARS3","unknown","unknown",1.79556565090354,1.50292950536827,2.08820179643882,0.0111780159965544,0.204516080170518,0.471808670027819,,0.381213258470357,0.283179750694595,0.47924676624612,0.0574998679793886,0.0448272218257308,0.738776852145548,,0.2133,0.188833333333333,0.237766666666667,0.0489333333333333,0.891198887468253,0.0168788627937694,FALSE,0,"XLOC_019071","TARS3","ENST00000335968.8","ENST00000335968.8","=","XLOC_019071",FALSE
"isoComp_00064093","geneComp_00009196","TCONS_00098975","XLOC_019071","T_minus","T_plus","TARS3","unknown","unknown",1.79556565090354,1.50292950536827,2.08820179643882,0.0111780159965544,0.204516080170518,0.471808670027819,,0.238824451586245,0.254707880150434,0.222941023022056,0.0131961091722523,0.0269934219725159,-0.184436409821387,,0.137933333333333,0.1694,0.106466666666667,-0.0629333333333333,0.71883473620365,0.0168788627937694,TRUE,0,"XLOC_019071","TARS3","ENST00000558533.5","ENST00000558533.5","=","XLOC_019071",FALSE
"isoComp_00064094","geneComp_00009196","TCONS_00098976","XLOC_019071","T_minus","T_plus","TARS3","unknown","unknown",1.79556565090354,1.50292950536827,2.08820179643882,0.0111780159965544,0.204516080170518,0.471808670027819,,0.0272808518618373,0.0545617037236746,0,0.0300228622871339,0,-2.69067865050641,,0.01815,0.0363,0,-0.0363,0.605071058679472,0.0168788627937694,TRUE,0,"XLOC_019071","TARS3","ENST00000539112.5","ENST00000539112.5","=","XLOC_019071",FALSE
"isoComp_00064097","geneComp_00009196","TCONS_00098980","XLOC_019071","T_minus","T_plus","TARS3","unknown","unknown",1.79556565090354,1.50292950536827,2.08820179643882,0.0111780159965544,0.204516080170518,0.471808670027819,,0.123907959997313,0,0.247815919994625,0,0.0960075003856804,4.68826944698165,,0.05645,0,0.1129,0.1129,0.0168788627937694,0.0168788627937694,,0,"XLOC_019071","TARS3","ENST00000560150.1","ENST00000560150.1","=","XLOC_019071",FALSE
"isoComp_00064098","geneComp_00009196","TCONS_00100504","XLOC_019071","T_minus","T_plus","TARS3","unknown","unknown",1.79556565090354,1.50292950536827,2.08820179643882,0.0111780159965544,0.204516080170518,0.471808670027819,,0.906546471356465,0.890755619872625,0.922337322840306,0.1006169672499,0.186862037976923,0.049716273592737,,0.512716666666667,0.5924,0.433033333333333,-0.159366666666667,0.671925002040257,0.0168788627937694,FALSE,0,"XLOC_019071","TARS3","PB.5951.1","ENST00000335968.8","c","XLOC_019071",TRUE
"isoComp_00064099","geneComp_00009196","TCONS_00100505","XLOC_019071","T_minus","T_plus","TARS3","unknown","unknown",1.79556565090354,1.50292950536827,2.08820179643882,0.0111780159965544,0.204516080170518,0.471808670027819,,0.0878474261728746,0.0197245509269375,0.155970301418812,0.0197245509269375,0.087677337941603,2.48119819079609,,0.04855,0.013,0.0841,0.0711,0.796338896751971,0.0168788627937694,FALSE,0,"XLOC_019071","TARS3","PB.5951.2","ENST00000539112.5","j","XLOC_019071",TRUE
"isoComp_00065142","geneComp_00009341","TCONS_00102219","XLOC_019307","T_minus","T_plus","RMI2","unknown","unknown",5.28718495398271,6.53918810344634,4.03518180451908,0.207893671352599,0.0522729015120497,-0.695111524379742,,0.362591091041405,0.0742862546506121,0.650895927432198,0.047505569032352,0.0684020344464826,2.97105382396073,,0.0864,0.0115,0.1613,0.1498,0.00195393041486901,6.6087504826829e-07,FALSE,0,"XLOC_019307","RMI2","ENST00000572992.1","ENST00000572992.1","=","XLOC_019307",FALSE
"isoComp_00065143","geneComp_00009341","TCONS_00102222","XLOC_019307","T_minus","T_plus","RMI2","unknown","unknown",5.28718495398271,6.53918810344634,4.03518180451908,0.207893671352599,0.0522729015120497,-0.695111524379742,,4.87970999014698,6.40759528611592,3.35182469417805,0.204972089973594,0.0912498519294476,-0.932788315857819,,0.905216666666667,0.979933333333333,0.8305,-0.149433333333333,6.6087504826829e-07,6.6087504826829e-07,FALSE,0,"XLOC_019307","RMI2","ENST00000312499.6","ENST00000312499.6","=","XLOC_019307",FALSE
"isoComp_00065755","geneComp_00009423","TCONS_00102977","XLOC_019483","T_minus","T_plus","LCMT1","unknown","unknown",14.9563832683862,16.7934050083448,13.1193615284275,0.288565184535539,0.71490525441658,-0.355956846766125,,2.03756905218661,2.3584997642296,1.71663834014363,0.17088516553937,0.219336992236199,-0.456007599187885,,0.135366666666667,0.140866666666667,0.129866666666667,-0.011,0.932111139151419,3.85325118686229e-05,FALSE,0,"XLOC_019483","LCMT1","PB.4850.1","ENST00000380962.9","=","XLOC_019483",TRUE
"isoComp_00065756","geneComp_00009423","TCONS_00102978","XLOC_019483","T_minus","T_plus","LCMT1","unknown","unknown",14.9563832683862,16.7934050083448,13.1193615284275,0.288565184535539,0.71490525441658,-0.355956846766125,,0.154272469925278,0,0.308544939850556,0,0.308544939850557,4.99342501501711,,0.0122666666666667,0,0.0245333333333333,0.0245333333333333,0.90071723750876,3.85325118686229e-05,FALSE,0,"XLOC_019483","LCMT1","PB.3727.1","ENST00000380966.8","=","XLOC_019483",TRUE
"isoComp_00065757","geneComp_00009423","TCONS_00102980","XLOC_019483","T_minus","T_plus","LCMT1","unknown","unknown",14.9563832683862,16.7934050083448,13.1193615284275,0.288565184535539,0.71490525441658,-0.355956846766125,,3.49380337885211,3.73946943102495,3.24813732667927,0.455351771149866,0.273259132930158,-0.202639048318472,,0.234783333333333,0.2219,0.247666666666667,0.0257666666666667,0.860892498378892,3.85325118686229e-05,FALSE,0,"XLOC_019483","LCMT1","PB.4850.2","ENST00000399069.8","=","XLOC_019483",TRUE
"isoComp_00065760","geneComp_00009423","TCONS_00102985","XLOC_019483","T_minus","T_plus","LCMT1","unknown","unknown",14.9563832683862,16.7934050083448,13.1193615284275,0.288565184535539,0.71490525441658,-0.355956846766125,,0.170124251744836,0.340248503489672,0,0.340248503489672,0,-5.13030698133891,,0.0104166666666667,0.0208333333333333,0,-0.0208333333333333,0.920295963967731,3.85325118686229e-05,FALSE,0,"XLOC_019483","LCMT1","ENST00000573435.1","ENST00000573435.1","=","XLOC_019483",FALSE
"isoComp_00065766","geneComp_00009423","TCONS_00112263","XLOC_019483","T_minus","T_plus","LCMT1","unknown","unknown",14.9563832683862,16.7934050083448,13.1193615284275,0.288565184535539,0.71490525441658,-0.355956846766125,,1.67971925262399,0.882410119447422,2.47702838580056,0.252836950374162,0.330328073110383,1.47864419574002,,0.122566666666667,0.0527666666666667,0.192366666666667,0.1396,0.0102771300275687,3.85325118686229e-05,FALSE,0,"XLOC_019483","LCMT1","PB.3727.2","ENST00000380962.9","j","XLOC_019483",TRUE
"isoComp_00065767","geneComp_00009423","TCONS_00112264","XLOC_019483","T_minus","T_plus","LCMT1","unknown","unknown",14.9563832683862,16.7934050083448,13.1193615284275,0.288565184535539,0.71490525441658,-0.355956846766125,,0.885005384677787,0.46691784708683,1.30309292226874,0.396392698469772,0.203921697417842,1.46115633654215,,0.0635,0.0278333333333333,0.0991666666666667,0.0713333333333333,0.38731596834958,3.85325118686229e-05,FALSE,0,"XLOC_019483","LCMT1","PB.3799.6","ENST00000380962.9","c","XLOC_019483",TRUE
"isoComp_00065768","geneComp_00009423","TCONS_00112607","XLOC_019483","T_minus","T_plus","LCMT1","unknown","unknown",14.9563832683862,16.7934050083448,13.1193615284275,0.288565184535539,0.71490525441658,-0.355956846766125,,0.718561246462347,0.957025086482473,0.480097406442221,0.236101308073099,0.241010527783499,-0.980484804322838,,0.0464833333333333,0.0570333333333333,0.0359333333333333,-0.0211,0.857391672229042,3.85325118686229e-05,FALSE,0,"XLOC_019483","LCMT1","PB.3727.6","ENST00000380962.9","j","XLOC_019483",TRUE
"isoComp_00065769","geneComp_00009423","TCONS_00112608","XLOC_019483","T_minus","T_plus","LCMT1","unknown","unknown",14.9563832683862,16.7934050083448,13.1193615284275,0.288565184535539,0.71490525441658,-0.355956846766125,,0.356809731484259,0.442660469574291,0.270958993394227,0.0339600501087753,0.191864675127251,-0.688069741665556,,0.0242,0.0264,0.022,-0.0044,0.84662397209028,3.85325118686229e-05,TRUE,0,"XLOC_019483","LCMT1","PB.3727.7","ENST00000380962.9","j","XLOC_019483",TRUE
"isoComp_00065772","geneComp_00009423","TCONS_00112926","XLOC_019483","T_minus","T_plus","LCMT1","unknown","unknown",14.9563832683862,16.7934050083448,13.1193615284275,0.288565184535539,0.71490525441658,-0.355956846766125,,2.10332530706489,4.14964177821752,0.0570088359122519,0.621577509524696,0.0570088359122519,-5.95596413625188,,0.125066666666667,0.2462,0.00393333333333333,-0.242266666666667,3.85325118686229e-05,3.85325118686229e-05,FALSE,0,"XLOC_019483","LCMT1","PB.6197.5","ENST00000380962.9","j","XLOC_019483",TRUE
"isoComp_00065773","geneComp_00009423","TCONS_00113539","XLOC_019483","T_minus","T_plus","LCMT1","unknown","unknown",14.9563832683862,16.7934050083448,13.1193615284275,0.288565184535539,0.71490525441658,-0.355956846766125,,0.160964570857005,0.236910818329693,0.0850183233843165,0.0109897841907974,0.0850183233843165,-1.37771239368423,,0.01055,0.0141666666666667,0.00693333333333333,-0.00723333333333333,0.591722623409528,3.85325118686229e-05,TRUE,0,"XLOC_019483","LCMT1","PB.4850.3","ENST00000380962.9","j","XLOC_019483",TRUE
"isoComp_00065774","geneComp_00009423","TCONS_00113540","XLOC_019483","T_minus","T_plus","LCMT1","unknown","unknown",14.9563832683862,16.7934050083448,13.1193615284275,0.288565184535539,0.71490525441658,-0.355956846766125,,2.72606292925177,2.72427099565886,2.72785486284469,0.302253301340187,0.538093338374324,0.00188973290788789,,0.1838,0.162733333333333,0.204866666666667,0.0421333333333333,0.775915691687602,3.85325118686229e-05,FALSE,0,"XLOC_019483","LCMT1","PB.4850.5","ENST00000380962.9","c","XLOC_019483",TRUE
"isoComp_00066213","geneComp_00009475","TCONS_00103480","XLOC_019561","T_minus","T_plus","CD2BP2-DT","unknown","unknown",2.00979576851473,2.60742958609113,1.41216195093834,0.425057793822894,0.0800145336606149,-0.880064962907601,,0.45592999062309,0.339165873955645,0.572694107290534,0.046620471081151,0.0374744382978185,0.738826158227247,,0.27245,0.136333333333333,0.408566666666667,0.272233333333333,0.0118986110759823,0.0118986110759823,FALSE,2,"XLOC_019561","CD2BP2-DT","ENST00000690312.1","ENST00000690312.1","=","XLOC_019561",FALSE
"isoComp_00066214","geneComp_00009475","TCONS_00103481","XLOC_019561","T_minus","T_plus","CD2BP2-DT","unknown","unknown",2.00979576851473,2.60742958609113,1.41216195093834,0.425057793822894,0.0800145336606149,-0.880064962907601,,0.104454725146815,0.157330027325402,0.0515794229682279,0.0866956518516597,0.0515794229682279,-1.44217610607634,,0.0507166666666667,0.0623333333333333,0.0391,-0.0232333333333333,0.879381143715699,0.0118986110759823,FALSE,0,"XLOC_019561","CD2BP2-DT","ENST00000563252.2","ENST00000563252.2","=","XLOC_019561",FALSE
"isoComp_00066215","geneComp_00009475","TCONS_00103482","XLOC_019561","T_minus","T_plus","CD2BP2-DT","unknown","unknown",2.00979576851473,2.60742958609113,1.41216195093834,0.425057793822894,0.0800145336606149,-0.880064962907601,,0.492301479900207,0.65715318087657,0.327449778923843,0.222430757666811,0.164225936756939,-0.983345239077397,,0.237416666666667,0.2482,0.226633333333333,-0.0215666666666667,0.953692951898992,0.0118986110759823,FALSE,0,"XLOC_019561","CD2BP2-DT","ENST00000688846.1","ENST00000688846.1","=","XLOC_019561",FALSE
"isoComp_00066216","geneComp_00009475","TCONS_00103483","XLOC_019561","T_minus","T_plus","CD2BP2-DT","unknown","unknown",2.00979576851473,2.60742958609113,1.41216195093834,0.425057793822894,0.0800145336606149,-0.880064962907601,,0.262389940648893,0.37096110702691,0.153818774270876,0.185677401959258,0.115237459818723,-1.21754301308828,,0.126683333333333,0.137766666666667,0.1156,-0.0221666666666667,0.969384570228867,0.0118986110759823,FALSE,0,"XLOC_019561","CD2BP2-DT","ENST00000688695.1","ENST00000688695.1","=","XLOC_019561",FALSE
"isoComp_00066218","geneComp_00009475","TCONS_00103485","XLOC_019561","T_minus","T_plus","CD2BP2-DT","unknown","unknown",2.00979576851473,2.60742958609113,1.41216195093834,0.425057793822894,0.0800145336606149,-0.880064962907601,,0.678693434567593,1.05076700165033,0.306619867484857,0.212226966207829,0.120667293448803,-1.74428411122516,,0.30535,0.4006,0.2101,-0.1905,0.443884322151327,0.0118986110759823,FALSE,1,"XLOC_019561","CD2BP2-DT","ENST00000686034.1","ENST00000686034.1","=","XLOC_019561",FALSE
"isoComp_00066342","geneComp_00009494","TCONS_00103600","XLOC_019586","T_minus","T_plus","FBXL19","unknown","unknown",31.8525620170849,39.8898671461296,23.8152568880402,1.53704305163603,0.936425752490705,-0.743892173133361,,0.297447673624962,0.197750679746075,0.39714466750385,0.12198737022281,0.263549245513732,0.970688309634103,,0.0103833333333333,0.00473333333333333,0.0160333333333333,0.0113,0.912177008396445,1.01285327794837e-24,FALSE,1,"XLOC_019586","FBXL19","ENST00000471231.6","ENST00000471231.6","=","XLOC_019586",FALSE
"isoComp_00066343","geneComp_00009494","TCONS_00103601","XLOC_019586","T_minus","T_plus","FBXL19","unknown","unknown",31.8525620170849,39.8898671461296,23.8152568880402,1.53704305163603,0.936425752490705,-0.743892173133361,,2.52947527630315,2.61755754285869,2.44139300974761,0.129978295942649,0.179438979451379,-0.100120562156353,,0.0840666666666667,0.0657,0.102433333333333,0.0367333333333333,0.0448747060930532,1.01285327794837e-24,FALSE,1,"XLOC_019586","FBXL19","ENST00000338343.10","ENST00000338343.10","=","XLOC_019586",FALSE
"isoComp_00066344","geneComp_00009494","TCONS_00103602","XLOC_019586","T_minus","T_plus","FBXL19","unknown","unknown",31.8525620170849,39.8898671461296,23.8152568880402,1.53704305163603,0.936425752490705,-0.743892173133361,,2.53049500305875,2.62275436189452,2.43823564422298,0.278494036355024,0.333953405651699,-0.104830498031808,,0.0845833333333333,0.0655333333333333,0.103633333333333,0.0381,0.413482056393836,1.01285327794837e-24,FALSE,1,"XLOC_019586","FBXL19","ENST00000562319.7","ENST00000562319.7","=","XLOC_019586",FALSE
"isoComp_00066346","geneComp_00009494","TCONS_00103604","XLOC_019586","T_minus","T_plus","FBXL19","unknown","unknown",31.8525620170849,39.8898671461296,23.8152568880402,1.53704305163603,0.936425752490705,-0.743892173133361,,8.69133293894506,8.94192981072196,8.44073606716816,0.474797814800368,0.178752024315897,-0.0831217176574795,,0.289516666666667,0.224,0.355033333333333,0.131033333333333,5.66659550304105e-12,1.01285327794837e-24,FALSE,1,"XLOC_019586","FBXL19","ENST00000427128.5","ENST00000427128.5","=","XLOC_019586",FALSE
"isoComp_00066347","geneComp_00009494","TCONS_00103606","XLOC_019586","T_minus","T_plus","FBXL19","unknown","unknown",31.8525620170849,39.8898671461296,23.8152568880402,1.53704305163603,0.936425752490705,-0.743892173133361,,1.10215127919769,1.20182379734346,1.00247876105193,0.238459221423953,0.348887258389675,-0.259288297419698,,0.0354666666666667,0.0297666666666667,0.0411666666666667,0.0114,0.912591221097695,1.01285327794837e-24,FALSE,0,"XLOC_019586","FBXL19","ENST00000565939.1","ENST00000565939.1","=","XLOC_019586",FALSE
"isoComp_00066348","geneComp_00009494","TCONS_00103608","XLOC_019586","T_minus","T_plus","ENSG00000261487","unknown","unknown",31.8525620170849,39.8898671461296,23.8152568880402,1.53704305163603,0.936425752490705,-0.743892173133361,,4.17458959941493,5.65417021571799,2.69500898311187,0.293303054369725,0.380804560138664,-1.06623123581256,,0.128716666666667,0.142566666666667,0.114866666666667,-0.0277,0.758985430482128,1.01285327794837e-24,FALSE,0,"XLOC_019586","ENSG00000261487","ENST00000562642.1","ENST00000562642.1","=","XLOC_019586",FALSE
"isoComp_00066349","geneComp_00009494","TCONS_00103609","XLOC_019586","T_minus","T_plus","ORAI3","unknown","unknown",31.8525620170849,39.8898671461296,23.8152568880402,1.53704305163603,0.936425752490705,-0.743892173133361,,5.02114398654638,7.1220866812874,2.92020129180536,0.1202172793897,0.527652863834936,-1.28332446237241,,0.1501,0.178833333333333,0.121366666666667,-0.0574666666666667,0.290036266377518,1.01285327794837e-24,FALSE,1,"XLOC_019586","ORAI3","ENST00000318663.5","ENST00000318663.5","=","XLOC_019586",FALSE
"isoComp_00066351","geneComp_00009494","TCONS_00103612","XLOC_019586","T_minus","T_plus","ORAI3","unknown","unknown",31.8525620170849,39.8898671461296,23.8152568880402,1.53704305163603,0.936425752490705,-0.743892173133361,,2.57080078001303,3.16533205967746,1.9762695003486,0.397576238815807,0.0938490982769571,-0.676846085892976,,0.08105,0.0791666666666667,0.0829333333333333,0.00376666666666667,0.954649432407613,1.01285327794837e-24,FALSE,0,"XLOC_019586","ORAI3","ENST00000562699.1","ENST00000562699.1","=","XLOC_019586",FALSE
"isoComp_00066352","geneComp_00009494","TCONS_00112972","XLOC_019586","T_minus","T_plus","ORAI3","unknown","unknown",31.8525620170849,39.8898671461296,23.8152568880402,1.53704305163603,0.936425752490705,-0.743892173133361,,4.70444120331101,8.07881202312191,1.33007038350011,0.425524977535678,0.143363665198177,-2.59361905814786,,0.1289,0.2023,0.0555,-0.1468,1.01285327794837e-24,1.01285327794837e-24,FALSE,0,"XLOC_019586","ORAI3","PB.6272.1","ENST00000566237.1","j","XLOC_019586",TRUE
"isoComp_00068989","geneComp_00009865","TCONS_00107247","XLOC_020340","T_minus","T_plus","IFT140","unknown","unknown",5.09393913840069,5.96901199261135,4.21886628419002,0.455661435214178,0.183165212556302,-0.499636161244751,,0.496062045487459,0.536194016017374,0.455930074957545,0.386036047512504,0.125742818631017,-0.229300051486664,,0.0978833333333333,0.0890333333333333,0.106733333333333,0.0177,0.868036903858947,0.0219612549612979,FALSE,0,"XLOC_020340","IFT140","ENST00000361339.9","ENST00000361339.9","=","XLOC_020340",FALSE
"isoComp_00068990","geneComp_00009865","TCONS_00107248","XLOC_020340","T_minus","T_plus","IFT140","unknown","unknown",5.09393913840069,5.96901199261135,4.21886628419002,0.455661435214178,0.183165212556302,-0.499636161244751,,1.96573557339642,2.55189360205885,1.37957754473399,0.315276447963488,0.0737044276810579,-0.88256421467461,,0.378916666666667,0.429433333333333,0.3284,-0.101033333333333,0.434821504661635,0.0219612549612979,FALSE,0,"XLOC_020340","IFT140","ENST00000426508.7","ENST00000426508.7","=","XLOC_020340",FALSE
"isoComp_00068991","geneComp_00009865","TCONS_00107249","XLOC_020340","T_minus","T_plus","IFT140","unknown","unknown",5.09393913840069,5.96901199261135,4.21886628419002,0.455661435214178,0.183165212556302,-0.499636161244751,,0.352205792706382,0.439647672995737,0.264763912417028,0.0471708413681304,0.0379772321196229,-0.71060246997054,,0.0679833333333333,0.0737666666666667,0.0622,-0.0115666666666667,0.882633947642885,0.0219612549612979,TRUE,2,"XLOC_020340","IFT140","ENST00000565298.5","ENST00000565298.5","=","XLOC_020340",FALSE
"isoComp_00068992","geneComp_00009865","TCONS_00107250","XLOC_020340","T_minus","T_plus","IFT140","unknown","unknown",5.09393913840069,5.96901199261135,4.21886628419002,0.455661435214178,0.183165212556302,-0.499636161244751,,0.393652652139796,0.591741935488268,0.195563368791325,0.0085686968958968,0.102323020259269,-1.54956170144319,,0.0739833333333333,0.100066666666667,0.0479,-0.0521666666666667,0.714389528247119,0.0219612549612979,FALSE,0,"XLOC_020340","IFT140","ENST00000397417.6","ENST00000397417.6","=","XLOC_020340",FALSE
"isoComp_00068993","geneComp_00009865","TCONS_00107251","XLOC_020340","T_minus","T_plus","IFT140","unknown","unknown",5.09393913840069,5.96901199261135,4.21886628419002,0.455661435214178,0.183165212556302,-0.499636161244751,,0.289894305853747,0.381142097741487,0.198646513966007,0.21302746209083,0.134896537988107,-0.906632001964672,,0.0545166666666667,0.0619333333333333,0.0471,-0.0148333333333333,0.979088619439022,0.0219612549612979,FALSE,0,"XLOC_020340","IFT140","ENST00000568837.1","ENST00000568837.1","=","XLOC_020340",FALSE
"isoComp_00068995","geneComp_00009865","TCONS_00107254","XLOC_020340","T_minus","T_plus","IFT140","unknown","unknown",5.09393913840069,5.96901199261135,4.21886628419002,0.455661435214178,0.183165212556302,-0.499636161244751,,0.883319685648064,0.691726078579983,1.07491329271614,0.0659582616316031,0.131777485851205,0.628599861659265,,0.184616666666667,0.115533333333333,0.2537,0.138166666666667,0.0219612549612979,0.0219612549612979,FALSE,0,"XLOC_020340","IFT140","PB.5972.2","ENST00000439987.6","=","XLOC_020340",TRUE
"isoComp_00068996","geneComp_00009865","TCONS_00107255","XLOC_020340","T_minus","T_plus","IFT140","unknown","unknown",5.09393913840069,5.96901199261135,4.21886628419002,0.455661435214178,0.183165212556302,-0.499636161244751,,0.161354559831058,0.189028748943199,0.133680370718918,0.00979699372696138,0.0516986618796572,-0.470113860027445,,0.03135,0.0317666666666667,0.0309333333333333,-0.000833333333333332,0.964743205277769,0.0219612549612979,FALSE,0,"XLOC_020340","IFT140","ENST00000561954.1","ENST00000561954.1","=","XLOC_020340",FALSE
"isoComp_00068999","geneComp_00009865","TCONS_00107259","XLOC_020340","T_minus","T_plus","IFT140","unknown","unknown",5.09393913840069,5.96901199261135,4.21886628419002,0.455661435214178,0.183165212556302,-0.499636161244751,,0.0996114320285235,0.0968656353031959,0.102357228753851,0.0519514946043724,0.0132888507642017,0.0722949451739673,,0.02015,0.0156666666666667,0.0246333333333333,0.00896666666666667,0.882773465463981,0.0219612549612979,FALSE,0,"XLOC_020340","IFT140","ENST00000569646.5","ENST00000569646.5","=","XLOC_020340",FALSE
"isoComp_00069001","geneComp_00009865","TCONS_00113185","XLOC_020340","T_minus","T_plus","IFT140","unknown","unknown",5.09393913840069,5.96901199261135,4.21886628419002,0.455661435214178,0.183165212556302,-0.499636161244751,,0.337093263904839,0.266209783707263,0.407976744102415,0.136406830679931,0.21832354150429,0.597658251498177,,0.0706166666666667,0.0441666666666667,0.0970666666666667,0.0529,0.944249944531761,0.0219612549612979,FALSE,0,"XLOC_020340","IFT140","PB.5972.3","ENST00000426508.7","j","XLOC_020340",TRUE
"isoComp_00069180","geneComp_00009890","TCONS_00107462","XLOC_020371","T_minus","T_plus","ABCA3","unknown","unknown",2.32132517876624,2.54435832677179,2.0982920307607,0.296754796584974,0.364182304078682,-0.276886205087749,,1.82365456109578,2.32044768985754,1.32686143233402,0.312365400821554,0.249107329699816,-0.801757194237343,,0.77015,0.9082,0.6321,-0.2761,8.6171084786464e-05,8.6171084786464e-05,FALSE,0,"XLOC_020371","ABCA3","ENST00000301732.10","ENST00000301732.10","=","XLOC_020371",FALSE
"isoComp_00069181","geneComp_00009890","TCONS_00107463","XLOC_020371","T_minus","T_plus","ABCA3","unknown","unknown",2.32132517876624,2.54435832677179,2.0982920307607,0.296754796584974,0.364182304078682,-0.276886205087749,,0.118604403174811,0,0.237208806349623,0,0.122259599853579,4.62765823234742,,0.0687333333333333,0,0.137466666666667,0.137466666666667,0.460668712761875,8.6171084786464e-05,FALSE,0,"XLOC_020371","ABCA3","ENST00000382381.7","ENST00000382381.7","=","XLOC_020371",FALSE
"isoComp_00069182","geneComp_00009890","TCONS_00107464","XLOC_020371","T_minus","T_plus","ABCA3","unknown","unknown",2.32132517876624,2.54435832677179,2.0982920307607,0.296754796584974,0.364182304078682,-0.276886205087749,,0.0645134848988998,0.0346376598751143,0.0943893099226853,0.02425293034254,0.067667025075021,1.22564067792412,,0.0254833333333333,0.0136333333333333,0.0373333333333333,0.0237,0.897442303866666,8.6171084786464e-05,TRUE,0,"XLOC_020371","ABCA3","ENST00000566200.1","ENST00000566200.1","=","XLOC_020371",FALSE
"isoComp_00069183","geneComp_00009890","TCONS_00107465","XLOC_020371","T_minus","T_plus","ABCA3","unknown","unknown",2.32132517876624,2.54435832677179,2.0982920307607,0.296754796584974,0.364182304078682,-0.276886205087749,,0.0350901111245837,0.0408444500478137,0.0293357722013537,0.0263827948052411,0.0047787701913612,-0.370248399097129,,0.0144166666666667,0.0147666666666667,0.0140666666666667,-0.000700000000000001,0.979667325009445,8.6171084786464e-05,FALSE,0,"XLOC_020371","ABCA3","ENST00000569062.1","ENST00000569062.1","=","XLOC_020371",FALSE
"isoComp_00069184","geneComp_00009890","TCONS_00107466","XLOC_020371","T_minus","T_plus","ABCA3","unknown","unknown",2.32132517876624,2.54435832677179,2.0982920307607,0.296754796584974,0.364182304078682,-0.276886205087749,,0.0238585428579235,0.00538942032275633,0.0423276653930907,0.00538942032275633,0.0183662776183151,1.76563500400006,,0.0105333333333333,0.00256666666666667,0.0185,0.0159333333333333,0.665234906665033,8.6171084786464e-05,FALSE,0,"XLOC_020371","ABCA3","ENST00000563623.5","ENST00000563623.5","=","XLOC_020371",FALSE
"isoComp_00069185","geneComp_00009890","TCONS_00107467","XLOC_020371","T_minus","T_plus","ABCA3","unknown","unknown",2.32132517876624,2.54435832677179,2.0982920307607,0.296754796584974,0.364182304078682,-0.276886205087749,,0.255604075614249,0.143039106668569,0.368169044559929,0.0502172449393798,0.179241639292716,1.30513091733008,,0.110666666666667,0.0608,0.160533333333333,0.0997333333333333,0.749364410773523,8.6171084786464e-05,FALSE,0,"XLOC_020371","ABCA3","ENST00000567910.1","ENST00000567910.1","=","XLOC_020371",FALSE
"isoComp_00070142","geneComp_00010026","TCONS_00108576","XLOC_020623","T_minus","T_plus","GPRC5B","unknown","unknown",3.23478724890454,2.54780338829309,3.921771109516,0.281561437593054,0.277248161662921,0.620273964481417,,1.60132629505644,1.21916373063408,1.98348885947881,0.108757153298408,0.0831089213588872,0.697618440360333,,0.49565,0.483333333333333,0.507966666666667,0.0246333333333333,0.938471352692761,0.00757166774707037,FALSE,0,"XLOC_020623","GPRC5B","ENST00000300571.7","ENST00000300571.7","=","XLOC_020623",FALSE
"isoComp_00070143","geneComp_00010026","TCONS_00108579","XLOC_020623","T_minus","T_plus","GPRC5B","unknown","unknown",3.23478724890454,2.54780338829309,3.921771109516,0.281561437593054,0.277248161662921,0.620273964481417,,0.937745538901604,1.08299723534645,0.792493842456757,0.0233151368294178,0.0773734191275866,-0.445727524250192,,0.318266666666667,0.4338,0.202733333333333,-0.231066666666667,0.00757166774707037,0.00757166774707037,FALSE,0,"XLOC_020623","GPRC5B","ENST00000562348.1","ENST00000562348.1","=","XLOC_020623",FALSE
"isoComp_00070144","geneComp_00010026","TCONS_00108580","XLOC_020623","T_minus","T_plus","GPRC5B","unknown","unknown",3.23478724890454,2.54780338829309,3.921771109516,0.281561437593054,0.277248161662921,0.620273964481417,,0.641139201546197,0.215576812910253,1.06670159018214,0.215576812910253,0.13873821147134,2.25492777417488,,0.1704,0.0711,0.2697,0.1986,0.289334203285129,0.00757166774707037,FALSE,0,"XLOC_020623","GPRC5B","ENST00000569479.5","ENST00000569479.5","=","XLOC_020623",FALSE
"isoComp_00071834","geneComp_00010289","TCONS_00110971","XLOC_021196","T_minus","T_plus","COG4","unknown","unknown",23.6189413470481,27.0735437764962,20.1643389175999,1.03052918315598,0.569485263262869,-0.424895122950341,,0.406947491203363,0.437665198504787,0.376229783901938,0.0753626516960826,0.0446597290493757,-0.212960746249506,,0.0174333333333333,0.0162666666666667,0.0186,0.00233333333333333,0.954189344545445,1.40372234989751e-09,FALSE,0,"XLOC_021196","COG4","ENST00000564415.6","ENST00000564415.6","=","XLOC_021196",FALSE
"isoComp_00071836","geneComp_00010289","TCONS_00110973","XLOC_021196","T_minus","T_plus","COG4","unknown","unknown",23.6189413470481,27.0735437764962,20.1643389175999,1.03052918315598,0.569485263262869,-0.424895122950341,,5.91961152131486,9.36373396157158,2.47548908105814,0.690658572852599,0.106513671412799,-1.91509408446176,,0.235316666666667,0.347966666666667,0.122666666666667,-0.2253,1.40372234989751e-09,1.40372234989751e-09,FALSE,0,"XLOC_021196","COG4","PB.6486.2","ENST00000323786.10","=","XLOC_021196",TRUE
"isoComp_00071837","geneComp_00010289","TCONS_00110974","XLOC_021196","T_minus","T_plus","COG4","unknown","unknown",23.6189413470481,27.0735437764962,20.1643389175999,1.03052918315598,0.569485263262869,-0.424895122950341,,0.395073117993082,0.409532440025645,0.380613795960519,0.0752398359526254,0.062194559127845,-0.103039466073521,,0.0170166666666667,0.0149666666666667,0.0190666666666667,0.0041,0.918369763135903,1.40372234989751e-09,FALSE,0,"XLOC_021196","COG4","ENST00000674443.1","ENST00000674443.1","=","XLOC_021196",FALSE
"isoComp_00071841","geneComp_00010289","TCONS_00110980","XLOC_021196","T_minus","T_plus","COG4","unknown","unknown",23.6189413470481,27.0735437764962,20.1643389175999,1.03052918315598,0.569485263262869,-0.424895122950341,,2.01608570217175,1.05982383676216,2.97234756758133,0.374126937696501,0.344039958570202,1.47907514755314,,0.0936333333333333,0.0391333333333333,0.148133333333333,0.109,0.0148082721521075,1.40372234989751e-09,FALSE,0,"XLOC_021196","COG4","ENST00000562200.5","ENST00000562200.5","=","XLOC_021196",FALSE
"isoComp_00071842","geneComp_00010289","TCONS_00110981","XLOC_021196","T_minus","T_plus","COG4","unknown","unknown",23.6189413470481,27.0735437764962,20.1643389175999,1.03052918315598,0.569485263262869,-0.424895122950341,,0.285515450235665,0.467872054534875,0.103158845936456,0.239318080390287,0.103158845936456,-2.07827503430235,,0.0107666666666667,0.0166333333333333,0.0049,-0.0117333333333333,0.762977871298974,1.40372234989751e-09,FALSE,0,"XLOC_021196","COG4","ENST00000564653.6","ENST00000564653.6","=","XLOC_021196",FALSE
"isoComp_00071845","geneComp_00010289","TCONS_00112541","XLOC_021196","T_minus","T_plus","COG4","unknown","unknown",23.6189413470481,27.0735437764962,20.1643389175999,1.03052918315598,0.569485263262869,-0.424895122950341,,1.35847087684304,0.786868703758741,1.93007304992735,0.539217466128496,0.759683554163952,1.28369703254265,,0.0623833333333333,0.0279333333333333,0.0968333333333333,0.0689,0.664670223160572,1.40372234989751e-09,FALSE,0,"XLOC_021196","COG4","PB.3964.3","ENST00000323786.10","c","XLOC_021196",TRUE
"isoComp_00071846","geneComp_00010289","TCONS_00112542","XLOC_021196","T_minus","T_plus","COG4","unknown","unknown",23.6189413470481,27.0735437764962,20.1643389175999,1.03052918315598,0.569485263262869,-0.424895122950341,,2.61880203380991,3.00766271307311,2.22994135454672,0.918405395503168,0.499517839314046,-0.42997060294769,,0.110583333333333,0.110766666666667,0.1104,-0.000366666666666668,0.998195683678948,1.40372234989751e-09,FALSE,0,"XLOC_021196","COG4","PB.3964.6","ENST00000564415.6","c","XLOC_021196",TRUE
"isoComp_00071847","geneComp_00010289","TCONS_00112543","XLOC_021196","T_minus","T_plus","COG4","unknown","unknown",23.6189413470481,27.0735437764962,20.1643389175999,1.03052918315598,0.569485263262869,-0.424895122950341,,0.326452517375868,0.552460895287292,0.100444139464444,0.500768285232956,0.100444139464444,-2.34843593092238,,0.0122333333333333,0.0197,0.00476666666666667,-0.0149333333333333,0.854842808428737,1.40372234989751e-09,FALSE,0,"XLOC_021196","COG4","PB.5083.4","ENST00000564415.6","c","XLOC_021196",TRUE
"isoComp_00071848","geneComp_00010289","TCONS_00112544","XLOC_021196","T_minus","T_plus","COG4","unknown","unknown",23.6189413470481,27.0735437764962,20.1643389175999,1.03052918315598,0.569485263262869,-0.424895122950341,,0.425475267050554,0,0.850950534101108,0,0.586106225968397,6.42785844487057,,0.0217666666666667,0,0.0435333333333333,0.0435333333333333,0.303153555071702,1.40372234989751e-09,FALSE,0,"XLOC_021196","COG4","PB.3964.4","ENST00000564415.6","c","XLOC_021196",TRUE
"isoComp_00071849","geneComp_00010289","TCONS_00112812","XLOC_021196","T_minus","T_plus","COG4","unknown","unknown",23.6189413470481,27.0735437764962,20.1643389175999,1.03052918315598,0.569485263262869,-0.424895122950341,,1.68708452124734,1.36835164019892,2.00581740229577,0.70076357222108,1.12803836619145,0.54842097162827,,0.0745833333333333,0.0512333333333333,0.0979333333333333,0.0467,0.926989057784938,1.40372234989751e-09,FALSE,0,"XLOC_021196","COG4","PB.3908.2","ENST00000323786.10","c","XLOC_021196",TRUE
"isoComp_00071851","geneComp_00010289","TCONS_00113438","XLOC_021196","T_minus","T_plus","COG4","unknown","unknown",23.6189413470481,27.0735437764962,20.1643389175999,1.03052918315598,0.569485263262869,-0.424895122950341,,0.408169151499061,0.345384016596202,0.470954286401921,0.183173991730243,0.183951097373175,0.436520978082983,,0.01775,0.0122666666666667,0.0232333333333333,0.0109666666666667,0.841748265243762,1.40372234989751e-09,FALSE,0,"XLOC_021196","COG4","PB.6486.3","ENST00000564415.6","j","XLOC_021196",TRUE
"isoComp_00071852","geneComp_00010289","TCONS_00113439","XLOC_021196","T_minus","T_plus","COG4","unknown","unknown",23.6189413470481,27.0735437764962,20.1643389175999,1.03052918315598,0.569485263262869,-0.424895122950341,,1.57623284371273,1.74043880246283,1.41202688496263,0.0446765049069485,0.2010314863111,-0.299767883287283,,0.0670833333333333,0.0643666666666667,0.0698,0.00543333333333333,0.970533763900174,1.40372234989751e-09,TRUE,1,"XLOC_021196","COG4","PB.6486.4","ENST00000564415.6","n","XLOC_021196",TRUE
"isoComp_00071855","geneComp_00010289","TCONS_00113442","XLOC_021196","T_minus","T_plus","COG4","unknown","unknown",23.6189413470481,27.0735437764962,20.1643389175999,1.03052918315598,0.569485263262869,-0.424895122950341,,0.318483091134424,0.227362317920377,0.409603864348471,0.0525487786406828,0.114351286820974,0.821937044112546,,0.0142166666666667,0.00833333333333333,0.0201,0.0117666666666667,0.457768679205098,1.40372234989751e-09,FALSE,1,"XLOC_021196","COG4","PB.6486.6","ENST00000564415.6","n","XLOC_021196",TRUE
"isoComp_00071856","geneComp_00010289","TCONS_00113444","XLOC_021196","T_minus","T_plus","COG4","unknown","unknown",23.6189413470481,27.0735437764962,20.1643389175999,1.03052918315598,0.569485263262869,-0.424895122950341,,5.12571874607469,6.26697500989768,3.98446248225171,0.611594312281253,0.474257212143809,-0.652068086319764,,0.2144,0.231866666666667,0.196933333333333,-0.0349333333333333,0.731811024405839,1.40372234989751e-09,FALSE,0,"XLOC_021196","COG4","PB.5083.2","ENST00000564415.6","c","XLOC_021196",TRUE
"isoComp_00072812","geneComp_00010434","TCONS_00113976","XLOC_021481","T_minus","T_plus","PAFAH1B1","unknown","unknown",26.312131482177,26.7973982216286,25.8268647427253,0.997814724610638,0.169714824734109,-0.0532001938898468,,4.2723215801568,4.05461662520414,4.49002653510947,0.51486271916299,0.345812318365649,0.146814224878431,,0.162466666666667,0.151066666666667,0.173866666666667,0.0228,0.84739081031618,1.50603623480461e-05,FALSE,0,"XLOC_021481","PAFAH1B1","ENST00000397195.10","ENST00000397195.10","=","XLOC_021481",FALSE
"isoComp_00072815","geneComp_00010434","TCONS_00113980","XLOC_021481","T_minus","T_plus","PAFAH1B1","unknown","unknown",26.312131482177,26.7973982216286,25.8268647427253,0.997814724610638,0.169714824734109,-0.0532001938898468,,0.772860307947348,0.929147435143639,0.616573180751056,0.157515472946323,0.176699528442499,-0.583868642607313,,0.0294333333333333,0.0350666666666667,0.0238,-0.0112666666666667,0.787588118066048,1.50603623480461e-05,FALSE,0,"XLOC_021481","PAFAH1B1","ENST00000676353.1","ENST00000676353.1","=","XLOC_021481",FALSE
"isoComp_00072823","geneComp_00010434","TCONS_00113989","XLOC_021481","T_minus","T_plus","PAFAH1B1","unknown","unknown",26.312131482177,26.7973982216286,25.8268647427253,0.997814724610638,0.169714824734109,-0.0532001938898468,,0.313019600201929,0.539168593299475,0.0868706071043838,0.315115063547622,0.0868706071043838,-2.50311823234862,,0.0118833333333333,0.0204,0.00336666666666667,-0.0170333333333333,0.723532273018522,1.50603623480461e-05,FALSE,0,"XLOC_021481","PAFAH1B1","ENST00000675430.1","ENST00000675430.1","=","XLOC_021481",FALSE
"isoComp_00072825","geneComp_00010434","TCONS_00113991","XLOC_021481","T_minus","T_plus","PAFAH1B1","unknown","unknown",26.312131482177,26.7973982216286,25.8268647427253,0.997814724610638,0.169714824734109,-0.0532001938898468,,10.4522478866326,12.0257421669448,8.87875360632035,0.342406513433179,0.384861634373752,-0.437272064697933,,0.396433333333333,0.449066666666667,0.3438,-0.105266666666667,0.00044264503088049,1.50603623480461e-05,FALSE,0,"XLOC_021481","PAFAH1B1","ENST00000676188.1","ENST00000676188.1","=","XLOC_021481",FALSE
"isoComp_00072839","geneComp_00010434","TCONS_00129809","XLOC_021481","T_minus","T_plus","PAFAH1B1","unknown","unknown",26.312131482177,26.7973982216286,25.8268647427253,0.997814724610638,0.169714824734109,-0.0532001938898468,,8.65332618187854,7.31286407630619,9.99378828745088,0.487345887091896,0.142343311275174,0.450066508308576,,0.3297,0.2725,0.3869,0.1144,1.50603623480461e-05,1.50603623480461e-05,FALSE,0,"XLOC_021481","PAFAH1B1","PB.5210.2","ENST00000675331.1","c","XLOC_021481",TRUE
"isoComp_00073366","geneComp_00010501","TCONS_00114643","XLOC_021587","T_minus","T_plus","KDM6B","unknown","unknown",44.0803263123284,10.8049154922687,77.3557371323882,1.75342793024956,4.59354027029043,2.83867239112519,,10.0730669855256,4.19326751049063,15.9528664605605,0.404636237290814,1.31642284417023,1.92513655772219,,0.30255,0.399266666666667,0.205833333333333,-0.193433333333333,0.0005770213616542,0.0005770213616542,FALSE,0,"XLOC_021587","KDM6B","ENST00000448097.7","ENST00000448097.7","=","XLOC_021587",FALSE
"isoComp_00073367","geneComp_00010501","TCONS_00114646","XLOC_021587","T_minus","T_plus","KDM6B","unknown","unknown",44.0803263123284,10.8049154922687,77.3557371323882,1.75342793024956,4.59354027029043,2.83867239112519,,6.9866174169547,2.58135411321145,11.3918807206979,0.129043170591578,1.60593199140501,2.13749373311434,,0.199233333333333,0.252133333333333,0.146333333333333,-0.1058,0.188775478436939,0.0005770213616542,FALSE,1,"XLOC_021587","KDM6B","ENST00000254846.9","ENST00000254846.9","=","XLOC_021587",FALSE
"isoComp_00073369","geneComp_00010501","TCONS_00114648","XLOC_021587","T_minus","T_plus","KDM6B","unknown","unknown",44.0803263123284,10.8049154922687,77.3557371323882,1.75342793024956,4.59354027029043,2.83867239112519,,26.8966023734151,3.94606554128384,49.8471392055463,1.51519147965605,2.2018722063051,3.65566187064565,,0.493666666666667,0.341633333333333,0.6457,0.304066666666667,0.00249365855898393,0.0005770213616542,,0,"XLOC_021587","KDM6B","ENST00000575521.1","ENST00000575521.1","=","XLOC_021587",FALSE
"isoComp_00074655","geneComp_00010715","TCONS_00116460","XLOC_022044","T_minus","T_plus","CCL4","unknown","unknown",5342.44838943675,605.105617512957,10079.7911613606,28.7284229745708,926.359539176425,4.05811254978033,,2155.5691418445,353.820353295729,3957.31793039326,42.6707073121215,326.566973990431,3.48339690165115,,0.487233333333333,0.581233333333333,0.393233333333333,-0.188,0.000806534437662317,0.000259368674282871,FALSE,0,"XLOC_022044","CCL4","PB.5430.1","ENST00000615863.2","=","XLOC_022044",TRUE
"isoComp_00074656","geneComp_00010715","TCONS_00116461","XLOC_022044","T_minus","T_plus","CCL4","unknown","unknown",5342.44838943675,605.105617512957,10079.7911613606,28.7284229745708,926.359539176425,4.05811254978033,,96.8864025492157,8.45827517715647,185.314529921275,0.251355113711923,28.8251031120594,4.45184189117042,,0.0161,0.0140333333333333,0.0181666666666667,0.00413333333333333,0.137583129757343,0.000259368674282871,FALSE,0,"XLOC_022044","CCL4","ENST00000621626.1","ENST00000621626.1","=","XLOC_022044",FALSE
"isoComp_00074665","geneComp_00010715","TCONS_00116477","XLOC_022044","T_minus","T_plus","CCL4L2","unknown","unknown",5342.44838943675,605.105617512957,10079.7911613606,28.7284229745708,926.359539176425,4.05811254978033,,2625.13484169668,187.778751668266,5062.49093172509,17.3664951199666,501.764710854803,4.75266771349742,,0.4075,0.313266666666667,0.501733333333333,0.188466666666667,0.000259368674282871,0.000259368674282871,FALSE,0,"XLOC_022044","CCL4L2","PB.5430.21","ENST00000620250.1","=","XLOC_022044",TRUE
"isoComp_00074666","geneComp_00010715","TCONS_00116478","XLOC_022044","T_minus","T_plus","CCL4L2","unknown","unknown",5342.44838943675,605.105617512957,10079.7911613606,28.7284229745708,926.359539176425,4.05811254978033,,268.246237967699,31.9755432806225,504.516932654775,1.69640828365407,43.4061393143895,3.97943939229063,,0.0517,0.0533,0.0501,-0.0032,0.91861833383522,0.000259368674282871,FALSE,0,"XLOC_022044","CCL4L2","ENST00000620576.4","ENST00000620576.4","=","XLOC_022044",FALSE
"isoComp_00074667","geneComp_00010715","TCONS_00116479","XLOC_022044","T_minus","T_plus","CCL4L2","unknown","unknown",5342.44838943675,605.105617512957,10079.7911613606,28.7284229745708,926.359539176425,4.05811254978033,,59.9210258536088,7.00377338726617,112.838278319951,0.0693249029913474,12.9879694829997,4.00804977952709,,0.0113833333333333,0.0116333333333333,0.0111333333333333,-0.000499999999999999,0.911406362907086,0.000259368674282871,FALSE,0,"XLOC_022044","CCL4L2","ENST00000620732.4","ENST00000620732.4","=","XLOC_022044",FALSE
"isoComp_00074723","geneComp_00010723","TCONS_00116516","XLOC_022057","T_minus","T_plus","MRM1","unknown","unknown",4.1447895554531,4.24170873114782,4.04787037975838,0.469777585563246,0.400465657565906,-0.0673199846149407,,3.2622659395501,3.01183996638598,3.51269191271421,0.293352527367679,0.294837982055696,0.221251046408163,,0.791316666666667,0.712166666666667,0.870466666666667,0.1583,0.00071447160336557,0.00071447160336557,TRUE,0,"XLOC_022057","MRM1","ENST00000614766.5","ENST00000614766.5","=","XLOC_022057",FALSE
"isoComp_00074724","geneComp_00010723","TCONS_00116517","XLOC_022057","T_minus","T_plus","MRM1","unknown","unknown",4.1447895554531,4.24170873114782,4.04787037975838,0.469777585563246,0.400465657565906,-0.0673199846149407,,0.882523615903002,1.22986876476184,0.535178467044165,0.195270090443207,0.112704620591984,-1.18538693894632,,0.208683333333333,0.287833333333333,0.129533333333333,-0.1583,0.0145907244296732,0.00071447160336557,FALSE,0,"XLOC_022057","MRM1","ENST00000612760.1","ENST00000612760.1","=","XLOC_022057",FALSE
"isoComp_00075175","geneComp_00010793","TCONS_00117032","XLOC_022181","T_minus","T_plus","MLX","unknown","unknown",26.7273885322144,33.1815321445405,20.2732449198884,1.48623452059482,0.761054165940244,-0.710526753163605,,0.732074154219995,0.918524402699372,0.545623905740618,0.0994523106896566,0.0422242225249284,-0.740831153693545,,0.0274,0.0279333333333333,0.0268666666666667,-0.00106666666666667,0.995972156847337,2.77719817501062e-11,FALSE,0,"XLOC_022181","MLX","ENST00000246912.8","ENST00000246912.8","=","XLOC_022181",FALSE
"isoComp_00075176","geneComp_00010793","TCONS_00117033","XLOC_022181","T_minus","T_plus","MLX","unknown","unknown",26.7273885322144,33.1815321445405,20.2732449198884,1.48623452059482,0.761054165940244,-0.710526753163605,,0.870969494176382,1.07347901214496,0.668459976207809,0.205324831452055,0.0551824194032445,-0.675335591917094,,0.0327166666666667,0.0322,0.0332333333333333,0.00103333333333334,0.991796872146177,2.77719817501062e-11,FALSE,0,"XLOC_022181","MLX","ENST00000346833.8","ENST00000346833.8","=","XLOC_022181",FALSE
"isoComp_00075177","geneComp_00010793","TCONS_00117035","XLOC_022181","T_minus","T_plus","MLX","unknown","unknown",26.7273885322144,33.1815321445405,20.2732449198884,1.48623452059482,0.761054165940244,-0.710526753163605,,0.281818406226661,0.355570369127741,0.208066443325582,0.202013722236232,0.0457009961441389,-0.745381358092018,,0.0103333333333333,0.0102333333333333,0.0104333333333333,0.000200000000000001,0.960247675528179,2.77719817501062e-11,FALSE,0,"XLOC_022181","MLX","ENST00000591024.1","ENST00000591024.1","=","XLOC_022181",FALSE
"isoComp_00075179","geneComp_00010793","TCONS_00117037","XLOC_022181","T_minus","T_plus","MLX","unknown","unknown",26.7273885322144,33.1815321445405,20.2732449198884,1.48623452059482,0.761054165940244,-0.710526753163605,,8.69735644853738,10.0930199507896,7.30169294628516,0.908756363189366,0.533912586758847,-0.466509210604286,,0.3318,0.303466666666667,0.360133333333333,0.0566666666666666,0.539616439888432,2.77719817501062e-11,FALSE,0,"XLOC_022181","MLX","PB.5508.2","ENST00000435881.7","=","XLOC_022181",TRUE
"isoComp_00075180","geneComp_00010793","TCONS_00117038","XLOC_022181","T_minus","T_plus","MLX","unknown","unknown",26.7273885322144,33.1815321445405,20.2732449198884,1.48623452059482,0.761054165940244,-0.710526753163605,,0.540020247973602,0.689543008909989,0.390497487037214,0.0623804489306796,0.0812466602611894,-0.804619568758662,,0.02015,0.0209666666666667,0.0193333333333333,-0.00163333333333333,0.965197807650139,2.77719817501062e-11,FALSE,0,"XLOC_022181","MLX","ENST00000592717.1","ENST00000592717.1","=","XLOC_022181",FALSE
"isoComp_00075181","geneComp_00010793","TCONS_00117039","XLOC_022181","T_minus","T_plus","MLX","unknown","unknown",26.7273885322144,33.1815321445405,20.2732449198884,1.48623452059482,0.761054165940244,-0.710526753163605,,0.477646122699868,0.653014024180432,0.302278221219303,0.096330107024573,0.0259915058903615,-1.08620742976457,,0.0172166666666667,0.0195333333333333,0.0149,-0.00463333333333333,0.821736451886636,2.77719817501062e-11,TRUE,1,"XLOC_022181","MLX","ENST00000585403.5","ENST00000585403.5","=","XLOC_022181",FALSE
"isoComp_00075185","geneComp_00010793","TCONS_00127999","XLOC_022181","T_minus","T_plus","MLX","unknown","unknown",26.7273885322144,33.1815321445405,20.2732449198884,1.48623452059482,0.761054165940244,-0.710526753163605,,0.497693397471339,0.59089980565791,0.404486989284767,0.162685074894142,0.169176151937874,-0.535797638934048,,0.01885,0.0178,0.0199,0.0021,0.997608571188131,2.77719817501062e-11,FALSE,0,"XLOC_022181","MLX","PB.4313.6","ENST00000246912.8","j","XLOC_022181",TRUE
"isoComp_00075186","geneComp_00010793","TCONS_00128000","XLOC_022181","T_minus","T_plus","MLX","unknown","unknown",26.7273885322144,33.1815321445405,20.2732449198884,1.48623452059482,0.761054165940244,-0.710526753163605,,2.31252919229267,4.61209431148238,0.0129640731029646,1.63003064322812,0.0129640731029646,-7.65302433398863,,0.06805,0.1355,6e-04,-0.1349,2.77719817501062e-11,2.77719817501062e-11,FALSE,0,"XLOC_022181","MLX","PB.4313.11","ENST00000246912.8","c","XLOC_022181",TRUE
"isoComp_00075188","geneComp_00010793","TCONS_00128536","XLOC_022181","T_minus","T_plus","MLX","unknown","unknown",26.7273885322144,33.1815321445405,20.2732449198884,1.48623452059482,0.761054165940244,-0.710526753163605,,1.27341906732368,2.09678939167076,0.450048742976599,1.21063465216215,0.178138652641686,-2.19518746974441,,0.0440666666666667,0.0652333333333333,0.0229,-0.0423333333333333,0.726317999260646,2.77719817501062e-11,FALSE,0,"XLOC_022181","MLX","PB.4261.6","ENST00000246912.8","c","XLOC_022181",TRUE
"isoComp_00075189","geneComp_00010793","TCONS_00129053","XLOC_022181","T_minus","T_plus","MLX","unknown","unknown",26.7273885322144,33.1815321445405,20.2732449198884,1.48623452059482,0.761054165940244,-0.710526753163605,,1.02921837532287,1.31887242157506,0.739564329070683,0.288637194709784,0.0652126353648773,-0.82607840179687,,0.0382,0.0395666666666667,0.0368333333333333,-0.00273333333333333,0.985841900588127,2.77719817501062e-11,TRUE,2,"XLOC_022181","MLX","PB.7054.4","ENST00000246912.8","n","XLOC_022181",TRUE
"isoComp_00075190","geneComp_00010793","TCONS_00129902","XLOC_022181","T_minus","T_plus","MLX","unknown","unknown",26.7273885322144,33.1815321445405,20.2732449198884,1.48623452059482,0.761054165940244,-0.710526753163605,,9.60647897657697,10.214761396714,8.99819655643995,0.771283215639324,0.537799528850792,-0.182756964980495,,0.376683333333333,0.310266666666667,0.4431,0.132833333333333,0.0460031954730279,2.77719817501062e-11,FALSE,0,"XLOC_022181","MLX","PB.5508.5","ENST00000246912.8","c","XLOC_022181",TRUE
"isoComp_00076803","geneComp_00011001","TCONS_00118929","XLOC_022554","T_minus","T_plus","PITPNC1","unknown","unknown",6.77300644676459,8.11647591981886,5.42953697371033,1.10067929051722,0.43311197052392,-0.579146006114146,,0.281451223970572,0.322430461884268,0.240471986056876,0.105703836346869,0.0518034329912698,-0.408403333101435,,0.041,0.0376,0.0444,0.0068,0.963193698479307,6.10171786526335e-05,FALSE,0,"XLOC_022554","PITPNC1","ENST00000581322.6","ENST00000581322.6","=","XLOC_022554",FALSE
"isoComp_00076804","geneComp_00011001","TCONS_00118930","XLOC_022554","T_minus","T_plus","PITPNC1","unknown","unknown",6.77300644676459,8.11647591981886,5.42953697371033,1.10067929051722,0.43311197052392,-0.579146006114146,,0.937932353574148,1.05581184448414,0.820052862664153,0.0793277878675699,0.060039604489239,-0.360677647297102,,0.142283333333333,0.133166666666667,0.1514,0.0182333333333334,0.890562365840184,6.10171786526335e-05,FALSE,0,"XLOC_022554","PITPNC1","ENST00000580974.5","ENST00000580974.5","=","XLOC_022554",FALSE
"isoComp_00076807","geneComp_00011001","TCONS_00128110","XLOC_022554","T_minus","T_plus","PITPNC1","unknown","unknown",6.77300644676459,8.11647591981886,5.42953697371033,1.10067929051722,0.43311197052392,-0.579146006114146,,1.4704875736133,1.10538426778921,1.8355908794374,0.305092480784374,0.321210450616689,0.726541952235038,,0.231933333333333,0.130833333333333,0.333033333333333,0.2022,0.00218184946163966,6.10171786526335e-05,FALSE,0,"XLOC_022554","PITPNC1","PB.4483.1","ENST00000580974.5","j","XLOC_022554",TRUE
"isoComp_00076808","geneComp_00011001","TCONS_00128613","XLOC_022554","T_minus","T_plus","PITPNC1","unknown","unknown",6.77300644676459,8.11647591981886,5.42953697371033,1.10067929051722,0.43311197052392,-0.579146006114146,,4.01441739607959,5.53641234457518,2.49242244758399,0.658661753524724,0.0636356558391308,-1.14822951734663,,0.574483333333333,0.6851,0.463866666666667,-0.221233333333333,6.10171786526335e-05,6.10171786526335e-05,FALSE,0,"XLOC_022554","PITPNC1","PB.4425.1","ENST00000580974.5","j","XLOC_022554",TRUE
"isoComp_00076968","geneComp_00011024","TCONS_00119141","XLOC_022602","T_minus","T_plus","SSTR2","unknown","unknown",8.70942964808106,8.16326533574757,9.25559396041454,0.253494812475451,0.360383588315263,0.180970890824801,,0.721320279054753,0.0705407219807572,1.37209983612875,0.0182823140475718,0.294743106129981,4.10099961758898,,0.0798,0.0086,0.151,0.1424,1.34910219927584e-06,8.9679278236719e-11,FALSE,0,"XLOC_022602","SSTR2","ENST00000357585.4","ENST00000357585.4","=","XLOC_022602",FALSE
"isoComp_00076969","geneComp_00011024","TCONS_00119143","XLOC_022602","T_minus","T_plus","COG1","unknown","unknown",8.70942964808106,8.16326533574757,9.25559396041454,0.253494812475451,0.360383588315263,0.180970890824801,,0.951794109546831,0.854200397148405,1.04938782194526,0.511386715810315,0.034837137348184,0.293793030490819,,0.10745,0.101,0.1139,0.0129,0.874885788995562,8.9679278236719e-11,FALSE,0,"XLOC_022602","COG1","ENST00000299886.9","ENST00000299886.9","=","XLOC_022602",FALSE
"isoComp_00076970","geneComp_00011024","TCONS_00119144","XLOC_022602","T_minus","T_plus","COG1","unknown","unknown",8.70942964808106,8.16326533574757,9.25559396041454,0.253494812475451,0.360383588315263,0.180970890824801,,1.39118788917237,1.55729655276031,1.22507922558444,0.0533263803276893,0.0487491612066634,-0.34367459406416,,0.162066666666667,0.191533333333333,0.1326,-0.0589333333333333,0.336682580644169,8.9679278236719e-11,FALSE,1,"XLOC_022602","COG1","ENST00000438720.7","ENST00000438720.7","=","XLOC_022602",FALSE
"isoComp_00076971","geneComp_00011024","TCONS_00119145","XLOC_022602","T_minus","T_plus","COG1","unknown","unknown",8.70942964808106,8.16326533574757,9.25559396041454,0.253494812475451,0.360383588315263,0.180970890824801,,0.129202642593597,0.177716665128007,0.0806886200591864,0.0329157559023791,0.0166967745033442,-1.04956330301601,,0.0154,0.0220333333333333,0.00876666666666667,-0.0132666666666667,0.634664761205957,8.9679278236719e-11,TRUE,0,"XLOC_022602","COG1","ENST00000582587.2","ENST00000582587.2","=","XLOC_022602",FALSE
"isoComp_00076972","geneComp_00011024","TCONS_00119146","XLOC_022602","T_minus","T_plus","COG1","unknown","unknown",8.70942964808106,8.16326533574757,9.25559396041454,0.253494812475451,0.360383588315263,0.180970890824801,,0.760056453296638,0.65470101952326,0.865411887070016,0.0818012704555236,0.259818587578052,0.397256407508572,,0.086,0.0802666666666667,0.0917333333333333,0.0114666666666667,0.966219568348693,8.9679278236719e-11,TRUE,0,"XLOC_022602","COG1","ENST00000577844.1","ENST00000577844.1","=","XLOC_022602",FALSE
"isoComp_00076975","geneComp_00011024","TCONS_00119149","XLOC_022602","T_minus","T_plus","COG1","unknown","unknown",8.70942964808106,8.16326533574757,9.25559396041454,0.253494812475451,0.360383588315263,0.180970890824801,,0.280839339033438,0.342736200260803,0.218942477806073,0.147152713898933,0.0503199774110223,-0.623604478612876,,0.033,0.0418666666666667,0.0241333333333333,-0.0177333333333333,0.8735946864745,8.9679278236719e-11,,0,"XLOC_022602","COG1","ENST00000577238.1","ENST00000577238.1","=","XLOC_022602",FALSE
"isoComp_00076978","geneComp_00011024","TCONS_00128623","XLOC_022602","T_minus","T_plus","SSTR2","unknown","unknown",8.70942964808106,8.16326533574757,9.25559396041454,0.253494812475451,0.360383588315263,0.180970890824801,,0.399188303828726,0.00751640235057526,0.790860205306877,0.00751640235057526,0.0130405748792069,5.51477203500126,,0.04325,0.000866666666666667,0.0856333333333333,0.0847666666666667,8.9679278236719e-11,8.9679278236719e-11,FALSE,0,"XLOC_022602","SSTR2","PB.4449.1","ENST00000579323.5","j","XLOC_022602",TRUE
"isoComp_00076979","geneComp_00011024","TCONS_00129291","XLOC_022602","T_minus","T_plus","COG1","unknown","unknown",8.70942964808106,8.16326533574757,9.25559396041454,0.253494812475451,0.360383588315263,0.180970890824801,,1.81090967078923,1.93404122936323,1.68777811221523,0.177091122334176,0.212930952454714,-0.195410895037561,,0.209133333333333,0.237033333333333,0.181233333333333,-0.0558,0.657928773882103,8.9679278236719e-11,FALSE,0,"XLOC_022602","COG1","PB.7364.1","ENST00000299886.9","c","XLOC_022602",TRUE
"isoComp_00076980","geneComp_00011024","TCONS_00129991","XLOC_022602","T_minus","T_plus","COG1","unknown","unknown",8.70942964808106,8.16326533574757,9.25559396041454,0.253494812475451,0.360383588315263,0.180970890824801,,2.08184001263847,2.40586142092852,1.75781860434842,0.226377140417435,0.17961350490585,-0.450567453346133,,0.2432,0.2969,0.1895,-0.1074,0.310062413339768,8.9679278236719e-11,FALSE,0,"XLOC_022602","COG1","PB.5742.2","ENST00000299886.9","c","XLOC_022602",TRUE
"isoComp_00077306","geneComp_00011064","TCONS_00119546","XLOC_022665","T_minus","T_plus","SPHK1","unknown","unknown",34.0634277232028,20.4576708930365,47.6691845533691,1.07531859446783,2.99372833856358,1.2200126208742,,1.7795422909075,0.898068217938554,2.66101636387645,0.144861180967766,0.105530499779914,1.55651622653977,,0.0497666666666667,0.0435333333333333,0.056,0.0124666666666667,0.675883035440019,8.94135310322003e-09,FALSE,1,"XLOC_022665","SPHK1","ENST00000591762.1","ENST00000591762.1","=","XLOC_022665",FALSE
"isoComp_00077307","geneComp_00011064","TCONS_00119548","XLOC_022665","T_minus","T_plus","SPHK1","unknown","unknown",34.0634277232028,20.4576708930365,47.6691845533691,1.07531859446783,2.99372833856358,1.2200126208742,,10.6886629013497,8.74645646172133,12.6308693409781,0.567983487453986,1.01054691006631,0.529676617056569,,0.346133333333333,0.427533333333333,0.264733333333333,-0.1628,2.54792656170243e-07,8.94135310322003e-09,FALSE,0,"XLOC_022665","SPHK1","ENST00000592299.6","ENST00000592299.6","=","XLOC_022665",FALSE
"isoComp_00077309","geneComp_00011064","TCONS_00119550","XLOC_022665","T_minus","T_plus","SPHK1","unknown","unknown",34.0634277232028,20.4576708930365,47.6691845533691,1.07531859446783,2.99372833856358,1.2200126208742,,1.37131168011004,1.16426554692054,1.57835781329955,0.122941145179881,0.0655800930279169,0.435777254011069,,0.0451666666666667,0.0569,0.0334333333333333,-0.0234666666666667,0.203299089883112,8.94135310322003e-09,FALSE,0,"XLOC_022665","SPHK1","ENST00000323374.8","ENST00000323374.8","=","XLOC_022665",FALSE
"isoComp_00077310","geneComp_00011064","TCONS_00119551","XLOC_022665","T_minus","T_plus","SPHK1","unknown","unknown",34.0634277232028,20.4576708930365,47.6691845533691,1.07531859446783,2.99372833856358,1.2200126208742,,19.201165611182,8.97725872648284,29.4250724958812,0.574042425457996,2.47846597256791,1.71158314053902,,0.527366666666667,0.439066666666667,0.615666666666667,0.1766,8.94135310322003e-09,8.94135310322003e-09,FALSE,0,"XLOC_022665","SPHK1","ENST00000392496.3","ENST00000392496.3","=","XLOC_022665",FALSE
"isoComp_00077311","geneComp_00011064","TCONS_00119552","XLOC_022665","T_minus","T_plus","SPHK1","unknown","unknown",34.0634277232028,20.4576708930365,47.6691845533691,1.07531859446783,2.99372833856358,1.2200126208742,,0.741136074533116,0.486478919873754,0.995793229192478,0.0350998246764266,0.223287442898297,1.01852937820851,,0.02275,0.0240333333333333,0.0214666666666667,-0.00256666666666667,0.924546079023568,8.94135310322003e-09,FALSE,1,"XLOC_022665","SPHK1","ENST00000587167.1","ENST00000587167.1","=","XLOC_022665",FALSE
"isoComp_00079320","geneComp_00011343","TCONS_00122166","XLOC_023106","T_minus","T_plus","PLD6","unknown","unknown",11.5228675958856,10.7908243515931,12.2549108401781,0.574419456533645,0.823518147674986,0.183395318814409,,5.44701675662324,3.82256897332887,7.07146453991761,0.250802529445655,0.636479658175665,0.885736003689591,,0.464516666666667,0.353766666666667,0.575266666666667,0.2215,9.61433728944476e-11,9.61433728944476e-11,FALSE,0,"XLOC_023106","PLD6","ENST00000321560.4","ENST00000321560.4","=","XLOC_023106",FALSE
"isoComp_00079322","geneComp_00011343","TCONS_00122168","XLOC_023106","T_minus","T_plus","FLCN","unknown","unknown",11.5228675958856,10.7908243515931,12.2549108401781,0.574419456533645,0.823518147674986,0.183395318814409,,4.87970798614037,5.58979470603773,4.169621266243,0.13219345695949,0.170938092949497,-0.422001718202171,,0.430666666666667,0.519766666666667,0.341566666666667,-0.1782,7.48071116376465e-07,9.61433728944476e-11,FALSE,0,"XLOC_023106","FLCN","ENST00000285071.9","ENST00000285071.9","=","XLOC_023106",FALSE
"isoComp_00079324","geneComp_00011343","TCONS_00122170","XLOC_023106","T_minus","T_plus","FLCN","unknown","unknown",11.5228675958856,10.7908243515931,12.2549108401781,0.574419456533645,0.823518147674986,0.183395318814409,,0.309866354344806,0.328645822979531,0.29108688571008,0.0382008767346636,0.0593351219093702,-0.169597330283294,,0.0278,0.031,0.0246,-0.0064,0.898171848278257,9.61433728944476e-11,FALSE,0,"XLOC_023106","FLCN","ENST00000466317.1","ENST00000466317.1","=","XLOC_023106",FALSE
"isoComp_00079325","geneComp_00011343","TCONS_00122171","XLOC_023106","T_minus","T_plus","FLCN","unknown","unknown",11.5228675958856,10.7908243515931,12.2549108401781,0.574419456533645,0.823518147674986,0.183395318814409,,0.274094934184112,0.302112268782455,0.24607759958577,0.0308482727745822,0.0243091749343891,-0.28548401053377,,0.0239333333333333,0.0278666666666667,0.02,-0.00786666666666667,0.821376410913597,9.61433728944476e-11,FALSE,0,"XLOC_023106","FLCN","ENST00000389169.9","ENST00000389169.9","=","XLOC_023106",FALSE
"isoComp_00079326","geneComp_00011343","TCONS_00122172","XLOC_023106","T_minus","T_plus","FLCN","unknown","unknown",11.5228675958856,10.7908243515931,12.2549108401781,0.574419456533645,0.823518147674986,0.183395318814409,,0.21778926322091,0.316212319243711,0.119366207198108,0.128356005597039,0.0402815098758866,-1.33435045732224,,0.0195833333333333,0.0289666666666667,0.0102,-0.0187666666666667,0.610855698953518,9.61433728944476e-11,TRUE,0,"XLOC_023106","FLCN","ENST00000480316.1","ENST00000480316.1","=","XLOC_023106",FALSE
"isoComp_00079327","geneComp_00011343","TCONS_00122173","XLOC_023106","T_minus","T_plus","FLCN","unknown","unknown",11.5228675958856,10.7908243515931,12.2549108401781,0.574419456533645,0.823518147674986,0.183395318814409,,0.123410488665313,0.104910444233457,0.141910533097169,0.0772362663320669,0.0736146253681881,0.402711975394323,,0.01015,0.0091,0.0112,0.0021,0.983042485907102,9.61433728944476e-11,,0,"XLOC_023106","FLCN","ENST00000417064.1","ENST00000417064.1","=","XLOC_023106",FALSE
"isoComp_00079329","geneComp_00011343","TCONS_00122175","XLOC_023106","T_minus","T_plus","FLCN","unknown","unknown",11.5228675958856,10.7908243515931,12.2549108401781,0.574419456533645,0.823518147674986,0.183395318814409,,0.193933244741867,0.185596466100527,0.202270023383207,0.026158051765305,0.0476962878926518,0.11802034436803,,0.0167166666666667,0.0173,0.0161333333333333,-0.00116666666666667,0.989097605315332,9.61433728944476e-11,FALSE,0,"XLOC_023106","FLCN","ENST00000389171.4","ENST00000389171.4","=","XLOC_023106",FALSE
"isoComp_00080210","geneComp_00011486","TCONS_00123355","XLOC_023406","T_minus","T_plus","CCL3","unknown","unknown",2706.82462321723,219.566241240436,5194.08300519402,38.1627142230029,304.63240784573,4.56407798279214,,1329.57257170428,156.51192708071,2502.63321632785,31.6266374060558,127.213956618316,3.99901594825314,,0.59445,0.706533333333333,0.482366666666667,-0.224166666666667,4.53665715980588e-19,4.53665715980588e-19,FALSE,0,"XLOC_023406","CCL3","PB.5431.1","ENST00000613922.2","=","XLOC_023406",TRUE
"isoComp_00080214","geneComp_00011486","TCONS_00123365","XLOC_023406","T_minus","T_plus","CCL3L1","unknown","unknown",2706.82462321723,219.566241240436,5194.08300519402,38.1627142230029,304.63240784573,4.56407798279214,,1274.93789044084,52.577441490066,2497.29833939162,4.73006778258958,166.046819752548,5.56951184188552,,0.363066666666667,0.245733333333333,0.4804,0.234666666666667,4.53665715980588e-19,4.53665715980588e-19,FALSE,0,"XLOC_023406","CCL3L1","PB.4204.15","ENST00000619989.1","=","XLOC_023406",TRUE
"isoComp_00080339","geneComp_00011505","TCONS_00123483","XLOC_023439","T_minus","T_plus","NPEPPSP1","unknown","unknown",3.41032982016618,3.46535045698869,3.35530918334367,0.323316352633478,0.0902278731194563,-0.0464194110101191,,0.486862586063892,0.712909430401214,0.260815741726569,0.539340838144739,0.107358153448795,-1.41650330967648,,0.159883333333333,0.241366666666667,0.0784,-0.162966666666667,0.981248723133379,0.0162171552426318,FALSE,0,"XLOC_023439","NPEPPSP1","ENST00000649858.2","ENST00000649858.2","=","XLOC_023439",FALSE
"isoComp_00080340","geneComp_00011505","TCONS_00123484","XLOC_023439","T_minus","T_plus","NPEPPSP1","unknown","unknown",3.41032982016618,3.46535045698869,3.35530918334367,0.323316352633478,0.0902278731194563,-0.0464194110101191,,0.0513620827289309,0.102724165457862,0,0.102724165457862,0,-3.49472492405321,,0.0142,0.0284,0,-0.0284,0.906761243760886,0.0162171552426318,FALSE,0,"XLOC_023439","NPEPPSP1","ENST00000685092.1","ENST00000685092.1","=","XLOC_023439",FALSE
"isoComp_00080341","geneComp_00011505","TCONS_00123485","XLOC_023439","T_minus","T_plus","NPEPPSP1","unknown","unknown",3.41032982016618,3.46535045698869,3.35530918334367,0.323316352633478,0.0902278731194563,-0.0464194110101191,,1.72942339946437,1.50668376437113,1.95216303455762,0.514370703838614,0.0805150702631346,0.371524610609695,,0.498733333333333,0.413566666666667,0.5839,0.170333333333333,0.663124980461229,0.0162171552426318,FALSE,0,"XLOC_023439","NPEPPSP1","ENST00000692748.1","ENST00000692748.1","=","XLOC_023439",FALSE
"isoComp_00080342","geneComp_00011505","TCONS_00123486","XLOC_023439","T_minus","T_plus","NPEPPSP1","unknown","unknown",3.41032982016618,3.46535045698869,3.35530918334367,0.323316352633478,0.0902278731194563,-0.0464194110101191,,0.309485342606291,0.536000617353608,0.0829700678589732,0.161965432753994,0.0829700678589732,-2.5540643685935,,0.08685,0.149733333333333,0.0239666666666667,-0.125766666666667,0.286050231823569,0.0162171552426318,TRUE,0,"XLOC_023439","NPEPPSP1","ENST00000685611.1","ENST00000685611.1","=","XLOC_023439",FALSE
"isoComp_00080343","geneComp_00011505","TCONS_00123487","XLOC_023439","T_minus","T_plus","NPEPPSP1","unknown","unknown",3.41032982016618,3.46535045698869,3.35530918334367,0.323316352633478,0.0902278731194563,-0.0464194110101191,,0.141082399752992,0.241625748854984,0.0405390506510001,0.241625748854984,0.0265477064247443,-2.31580909131336,,0.03695,0.0614,0.0125,-0.0489,0.963045708421456,0.0162171552426318,TRUE,0,"XLOC_023439","NPEPPSP1","ENST00000620148.2","ENST00000620148.2","=","XLOC_023439",FALSE
"isoComp_00080344","geneComp_00011505","TCONS_00123488","XLOC_023439","T_minus","T_plus","NPEPPSP1","unknown","unknown",3.41032982016618,3.46535045698869,3.35530918334367,0.323316352633478,0.0902278731194563,-0.0464194110101191,,0.0375958119985972,0,0.0751916239971944,0,0.0751916239971945,3.09071159228517,,0.0108666666666667,0,0.0217333333333333,0.0217333333333333,0.928615352017259,0.0162171552426318,FALSE,0,"XLOC_023439","NPEPPSP1","ENST00000685084.1","ENST00000685084.1","=","XLOC_023439",FALSE
"isoComp_00080345","geneComp_00011505","TCONS_00123489","XLOC_023439","T_minus","T_plus","NPEPPSP1","unknown","unknown",3.41032982016618,3.46535045698869,3.35530918334367,0.323316352633478,0.0902278731194563,-0.0464194110101191,,0.135808995195142,0.0801749584061361,0.191443031984147,0.0801749584061361,0.0600688276685467,1.15957314513016,,0.0391666666666667,0.0221666666666667,0.0561666666666667,0.034,0.631782758365694,0.0162171552426318,FALSE,0,"XLOC_023439","NPEPPSP1","ENST00000690513.1","ENST00000690513.1","=","XLOC_023439",FALSE
"isoComp_00080346","geneComp_00011505","TCONS_00123490","XLOC_023439","T_minus","T_plus","NPEPPSP1","unknown","unknown",3.41032982016618,3.46535045698869,3.35530918334367,0.323316352633478,0.0902278731194563,-0.0464194110101191,,0.518709202355964,0.285231772143757,0.752186632568172,0.0228502342111087,0.0765776896603111,1.36829631682769,,0.153316666666667,0.0833666666666667,0.223266666666667,0.1399,0.0162171552426318,0.0162171552426318,FALSE,0,"XLOC_023439","NPEPPSP1","ENST00000684912.1","ENST00000684912.1","=","XLOC_023439",FALSE
"isoComp_00080754","geneComp_00011569","TCONS_00124015","XLOC_023565","T_minus","T_plus","DHX58","unknown","unknown",36.7321815566937,10.7687288049485,62.6956343084389,0.760902505213233,3.83165359892969,2.54040803664386,,5.60617800174867,1.77320691464499,9.43914908885234,0.728631343128659,1.63152693742606,2.40571030218112,,0.1563,0.163466666666667,0.149133333333333,-0.0143333333333333,0.992247824530523,3.57090033719572e-06,FALSE,0,"XLOC_023565","DHX58","ENST00000589979.1","ENST00000589979.1","=","XLOC_023565",FALSE
"isoComp_00080755","geneComp_00011569","TCONS_00124016","XLOC_023565","T_minus","T_plus","DHX58","unknown","unknown",36.7321815566937,10.7687288049485,62.6956343084389,0.760902505213233,3.83165359892969,2.54040803664386,,2.68504049898558,2.07641514365749,3.29366585431367,0.361057320863044,0.0279182251723668,0.663041528201165,,0.123683333333333,0.194466666666667,0.0529,-0.141566666666667,3.57090033719572e-06,3.57090033719572e-06,FALSE,0,"XLOC_023565","DHX58","ENST00000251642.8","ENST00000251642.8","=","XLOC_023565",FALSE
"isoComp_00080756","geneComp_00011569","TCONS_00124017","XLOC_023565","T_minus","T_plus","DHX58","unknown","unknown",36.7321815566937,10.7687288049485,62.6956343084389,0.760902505213233,3.83165359892969,2.54040803664386,,3.32111054369484,0.622904204830784,6.0193168825589,0.10697212370006,0.667584570077654,3.25193549730237,,0.0774666666666667,0.0576666666666667,0.0972666666666667,0.0396,0.355727425228739,3.57090033719572e-06,FALSE,0,"XLOC_023565","DHX58","ENST00000592024.1","ENST00000592024.1","=","XLOC_023565",FALSE
"isoComp_00080757","geneComp_00011569","TCONS_00124018","XLOC_023565","T_minus","T_plus","DHX58","unknown","unknown",36.7321815566937,10.7687288049485,62.6956343084389,0.760902505213233,3.83165359892969,2.54040803664386,,2.08525669970719,0.589122185905546,3.58139121350883,0.0589145050042258,0.473940121325466,2.58362065205269,,0.0565666666666667,0.0557333333333333,0.0574,0.00166666666666666,0.996567194811929,3.57090033719572e-06,FALSE,0,"XLOC_023565","DHX58","ENST00000586522.5","ENST00000586522.5","=","XLOC_023565",FALSE
"isoComp_00080759","geneComp_00011569","TCONS_00124020","XLOC_023565","T_minus","T_plus","DHX58","unknown","unknown",36.7321815566937,10.7687288049485,62.6956343084389,0.760902505213233,3.83165359892969,2.54040803664386,,0.935733220845168,0.844238569668767,1.02722787202157,0.610015083655646,0.568445194485455,0.280021935826072,,0.0438,0.0716666666666667,0.0159333333333333,-0.0557333333333333,0.899971518734065,3.57090033719572e-06,TRUE,1,"XLOC_023565","DHX58","ENST00000413196.6","ENST00000413196.6","=","XLOC_023565",FALSE
"isoComp_00080761","geneComp_00011569","TCONS_00124022","XLOC_023565","T_minus","T_plus","DHX58","unknown","unknown",36.7321815566937,10.7687288049485,62.6956343084389,0.760902505213233,3.83165359892969,2.54040803664386,,0.684145067797959,0.179835076233262,1.18845505936266,0.131500958389165,0.249673303971788,2.65835731870364,,0.0178833333333333,0.017,0.0187666666666667,0.00176666666666667,0.888854333253817,3.57090033719572e-06,TRUE,0,"XLOC_023565","DHX58","ENST00000430773.1","ENST00000430773.1","=","XLOC_023565",FALSE
"isoComp_00080762","geneComp_00011569","TCONS_00128746","XLOC_023565","T_minus","T_plus","DHX58","unknown","unknown",36.7321815566937,10.7687288049485,62.6956343084389,0.760902505213233,3.83165359892969,2.54040803664386,,1.45094622878309,0.61091878527903,2.29097367228715,0.309806288231732,0.449649617954789,1.88976799158715,,0.0490333333333333,0.061,0.0370666666666667,-0.0239333333333333,0.999960236939876,3.57090033719572e-06,FALSE,1,"XLOC_023565","DHX58","PB.4253.1","ENST00000251642.8","j","XLOC_023565",TRUE
"isoComp_00080763","geneComp_00011569","TCONS_00128747","XLOC_023565","T_minus","T_plus","DHX58","unknown","unknown",36.7321815566937,10.7687288049485,62.6956343084389,0.760902505213233,3.83165359892969,2.54040803664386,,2.06889932596257,0.158793872023614,3.97900477990152,0.0845375145353551,2.14648565842406,4.56269441837045,,0.0398,0.016,0.0636,0.0476,0.556112097854907,3.57090033719572e-06,FALSE,0,"XLOC_023565","DHX58","PB.4253.2","ENST00000251642.8","j","XLOC_023565",TRUE
"isoComp_00080764","geneComp_00011569","TCONS_00128748","XLOC_023565","T_minus","T_plus","DHX58","unknown","unknown",36.7321815566937,10.7687288049485,62.6956343084389,0.760902505213233,3.83165359892969,2.54040803664386,,0.871343252857994,0.208963043002195,1.53372346271379,0.0393350933909871,0.149410192809628,2.81765504166732,,0.0219166666666667,0.0194,0.0244333333333333,0.00503333333333333,0.841471493370342,3.57090033719572e-06,FALSE,0,"XLOC_023565","DHX58","PB.4253.3","ENST00000251642.8","j","XLOC_023565",TRUE
"isoComp_00080766","geneComp_00011569","TCONS_00130119","XLOC_023565","T_minus","T_plus","DHX58","unknown","unknown",36.7321815566937,10.7687288049485,62.6956343084389,0.760902505213233,3.83165359892969,2.54040803664386,,5.39122393234949,0.475854791112367,10.3065930735866,0.475854791112367,2.11720255326018,4.40829761147981,,0.106683333333333,0.0506666666666667,0.1627,0.112033333333333,0.359516629122418,3.57090033719572e-06,FALSE,0,"XLOC_023565","DHX58","PB.5497.2","ENST00000251642.8","j","XLOC_023565",TRUE
"isoComp_00080767","geneComp_00011569","TCONS_00130121","XLOC_023565","T_minus","T_plus","DHX58","unknown","unknown",36.7321815566937,10.7687288049485,62.6956343084389,0.760902505213233,3.83165359892969,2.54040803664386,,0.493020908080332,0.11970385742866,0.866337958732003,0.0742137632565563,0.107408305158148,2.75626596445186,,0.0126666666666667,0.0115,0.0138333333333333,0.00233333333333333,0.902943829479264,3.57090033719572e-06,TRUE,0,"XLOC_023565","DHX58","PB.5497.4","ENST00000251642.8","j","XLOC_023565",TRUE
"isoComp_00080768","geneComp_00011569","TCONS_00130122","XLOC_023565","T_minus","T_plus","DHX58","unknown","unknown",36.7321815566937,10.7687288049485,62.6956343084389,0.760902505213233,3.83165359892969,2.54040803664386,,0.571748994841097,0.080841304841345,1.06265668484085,0.080841304841345,0.160278696108929,3.56169616086904,,0.0120666666666667,0.00673333333333333,0.0174,0.0106666666666667,0.516302312879647,3.57090033719572e-06,TRUE,0,"XLOC_023565","DHX58","PB.5497.6","ENST00000251642.8","j","XLOC_023565",TRUE
"isoComp_00080769","geneComp_00011569","TCONS_00130123","XLOC_023565","T_minus","T_plus","DHX58","unknown","unknown",36.7321815566937,10.7687288049485,62.6956343084389,0.760902505213233,3.83165359892969,2.54040803664386,,2.94230084663822,1.00556397859433,4.8790377146821,0.14036632077287,0.644102086756614,2.26726940499499,,0.0859833333333333,0.0947,0.0772666666666667,-0.0174333333333333,0.822457089079578,3.57090033719572e-06,FALSE,0,"XLOC_023565","DHX58","PB.5497.5","ENST00000251642.8","c","XLOC_023565",TRUE
"isoComp_00080770","geneComp_00011569","TCONS_00130124","XLOC_023565","T_minus","T_plus","DHX58","unknown","unknown",36.7321815566937,10.7687288049485,62.6956343084389,0.760902505213233,3.83165359892969,2.54040803664386,,2.75054852553955,0.486812041287877,5.01428500979122,0.227089105545324,0.807749754126788,3.33814625964882,,0.062,0.0430333333333333,0.0809666666666667,0.0379333333333333,0.49651734972231,3.57090033719572e-06,TRUE,0,"XLOC_023565","DHX58","PB.5497.8","ENST00000251642.8","j","XLOC_023565",TRUE
"isoComp_00080771","geneComp_00011569","TCONS_00130125","XLOC_023565","T_minus","T_plus","DHX58","unknown","unknown",36.7321815566937,10.7687288049485,62.6956343084389,0.760902505213233,3.83165359892969,2.54040803664386,,4.38377133720952,1.39371662163198,7.37382605278706,0.589737223932696,1.95549585149392,2.39511684874723,,0.12055,0.123233333333333,0.117866666666667,-0.00536666666666667,0.983064208899491,3.57090033719572e-06,FALSE,0,"XLOC_023565","DHX58","PB.5497.9","ENST00000251642.8","c","XLOC_023565",TRUE
"isoComp_00081703","geneComp_00011703","TCONS_00125162","XLOC_023775","T_minus","T_plus","SAMD14","unknown","unknown",5.68565849150542,5.66551815890435,5.70579882410649,0.419434573521409,0.560432766180629,0.0102030271356918,,0.184277690664387,0.19278453182349,0.175770849505284,0.0274281839516825,0.0369285324116366,-0.126423472425252,,0.03315,0.035,0.0313,-0.0037,0.980281853324418,0.002689465200245,FALSE,0,"XLOC_023775","SAMD14","ENST00000330175.9","ENST00000330175.9","=","XLOC_023775",FALSE
"isoComp_00081704","geneComp_00011703","TCONS_00125163","XLOC_023775","T_minus","T_plus","SAMD14","unknown","unknown",5.68565849150542,5.66551815890435,5.70579882410649,0.419434573521409,0.560432766180629,0.0102030271356918,,1.51769342680064,2.14785445886761,0.887532394733668,0.287699422892433,0.198096989968111,-1.2655616461031,,0.264766666666667,0.3772,0.152333333333333,-0.224866666666667,0.002689465200245,0.002689465200245,TRUE,0,"XLOC_023775","SAMD14","ENST00000285206.12","ENST00000285206.12","=","XLOC_023775",FALSE
"isoComp_00081705","geneComp_00011703","TCONS_00125164","XLOC_023775","T_minus","T_plus","SAMD14","unknown","unknown",5.68565849150542,5.66551815890435,5.70579882410649,0.419434573521409,0.560432766180629,0.0102030271356918,,1.49924166657209,1.03432466293861,1.96415867020557,0.288359514757634,0.0816289804427559,0.918667657808887,,0.264116666666667,0.179833333333333,0.3484,0.168566666666667,0.240999575692033,0.002689465200245,TRUE,0,"XLOC_023775","SAMD14","ENST00000508892.5","ENST00000508892.5","=","XLOC_023775",FALSE
"isoComp_00081706","geneComp_00011703","TCONS_00125165","XLOC_023775","T_minus","T_plus","SAMD14","unknown","unknown",5.68565849150542,5.66551815890435,5.70579882410649,0.419434573521409,0.560432766180629,0.0102030271356918,,0.19114206880642,0.133575291821376,0.248708845791464,0.0306149796970569,0.0199622544817044,0.849521889547846,,0.03435,0.0245333333333333,0.0441666666666667,0.0196333333333333,0.740709625314483,0.002689465200245,FALSE,3,"XLOC_023775","SAMD14","ENST00000573376.1","ENST00000573376.1","=","XLOC_023775",FALSE
"isoComp_00081707","geneComp_00011703","TCONS_00125166","XLOC_023775","T_minus","T_plus","SAMD14","unknown","unknown",5.68565849150542,5.66551815890435,5.70579882410649,0.419434573521409,0.560432766180629,0.0102030271356918,,0.374340561919479,0.32136339851446,0.427317725324498,0.0939748333097338,0.188869085303362,0.400267569544487,,0.0622666666666667,0.0550333333333333,0.0695,0.0144666666666667,0.986426242350228,0.002689465200245,FALSE,0,"XLOC_023775","SAMD14","ENST00000503131.1","ENST00000503131.1","=","XLOC_023775",FALSE
"isoComp_00081708","geneComp_00011703","TCONS_00125167","XLOC_023775","T_minus","T_plus","SAMD14","unknown","unknown",5.68565849150542,5.66551815890435,5.70579882410649,0.419434573521409,0.560432766180629,0.0102030271356918,,0.33644746627033,0.256800377214372,0.416094555326287,0.0697657113028579,0.173654092890485,0.675412910478688,,0.0581166666666667,0.0475333333333333,0.0687,0.0211666666666667,0.90486216818282,0.002689465200245,FALSE,0,"XLOC_023775","SAMD14","ENST00000515816.1","ENST00000515816.1","=","XLOC_023775",FALSE
"isoComp_00081710","geneComp_00011703","TCONS_00125169","XLOC_023775","T_minus","T_plus","SAMD14","unknown","unknown",5.68565849150542,5.66551815890435,5.70579882410649,0.419434573521409,0.560432766180629,0.0102030271356918,,1.31831037231236,1.36506035090693,1.27156039371779,0.0583175113280505,0.0923526228898122,-0.10159347195345,,0.235883333333333,0.242066666666667,0.2297,-0.0123666666666666,0.964944494114539,0.002689465200245,FALSE,0,"XLOC_023775","SAMD14","ENST00000507043.1","ENST00000507043.1","=","XLOC_023775",FALSE
"isoComp_00081711","geneComp_00011703","TCONS_00125170","XLOC_023775","T_minus","T_plus","SAMD14","unknown","unknown",5.68565849150542,5.66551815890435,5.70579882410649,0.419434573521409,0.560432766180629,0.0102030271356918,,0.115148876093148,0.0768672079064303,0.153430544279866,0.0456120847672207,0.0782308993024491,0.911794068389139,,0.0193833333333333,0.0139,0.0248666666666667,0.0109666666666667,0.952171990530313,0.002689465200245,FALSE,0,"XLOC_023775","SAMD14","ENST00000511964.1","ENST00000511964.1","=","XLOC_023775",FALSE
"isoComp_00081712","geneComp_00011703","TCONS_00125171","XLOC_023775","T_minus","T_plus","SAMD14","unknown","unknown",5.68565849150542,5.66551815890435,5.70579882410649,0.419434573521409,0.560432766180629,0.0102030271356918,,0.140912242650531,0.136887878911074,0.144936606389987,0.0268257601911057,0.0909692557879818,0.0769626948881153,,0.02675,0.0249333333333333,0.0285666666666667,0.00363333333333334,0.944937427891706,0.002689465200245,FALSE,0,"XLOC_023775","SAMD14","ENST00000513474.1","ENST00000513474.1","=","XLOC_023775",FALSE
"isoComp_00081717","geneComp_00011707","TCONS_00125178","XLOC_023780","T_minus","T_plus","COL1A1","unknown","unknown",1.5968901349652,1.24633518875686,1.94744508117354,0.198408442312165,0.177023672455685,0.639750406348812,,0.940165207856706,0.557337728271687,1.32299268744172,0.0431258600890028,0.138082952432941,1.23238915375575,,0.574833333333333,0.4704,0.679266666666667,0.208866666666667,0.282749009374847,0.0402454052060735,FALSE,0,"XLOC_023780","COL1A1","ENST00000225964.10","ENST00000225964.10","=","XLOC_023780",FALSE
"isoComp_00081718","geneComp_00011707","TCONS_00125179","XLOC_023780","T_minus","T_plus","COL1A1","unknown","unknown",1.5968901349652,1.24633518875686,1.94744508117354,0.198408442312165,0.177023672455685,0.639750406348812,,0.0608211946729375,0,0.121642389345875,0,0.0468307781761616,3.718552212015,,0.0308666666666667,0,0.0617333333333333,0.0617333333333333,0.187015000652617,0.0402454052060735,FALSE,2,"XLOC_023780","COL1A1","ENST00000510710.3","ENST00000510710.3","=","XLOC_023780",FALSE
"isoComp_00081721","geneComp_00011707","TCONS_00125183","XLOC_023780","T_minus","T_plus","COL1A1","unknown","unknown",1.5968901349652,1.24633518875686,1.94744508117354,0.198408442312165,0.177023672455685,0.639750406348812,,0.01751832285918,0.03503664571836,0,0.0314109510226617,0,-2.17109938102177,,0.0113666666666667,0.0227333333333333,0,-0.0227333333333333,0.892802678827089,0.0402454052060735,,0,"XLOC_023780","COL1A1","ENST00000476387.1","ENST00000476387.1","=","XLOC_023780",FALSE
"isoComp_00081722","geneComp_00011707","TCONS_00125185","XLOC_023780","T_minus","T_plus","COL1A1","unknown","unknown",1.5968901349652,1.24633518875686,1.94744508117354,0.198408442312165,0.177023672455685,0.639750406348812,,0.0583661891482579,0,0.116732378296516,0,0.116732378296516,3.6637132542531,,0.0297333333333333,0,0.0594666666666667,0.0594666666666667,0.955684018094841,0.0402454052060735,FALSE,0,"XLOC_023780","COL1A1","ENST00000463440.1","ENST00000463440.1","=","XLOC_023780",FALSE
"isoComp_00081723","geneComp_00011707","TCONS_00125186","XLOC_023780","T_minus","T_plus","COL1A1","unknown","unknown",1.5968901349652,1.24633518875686,1.94744508117354,0.198408442312165,0.177023672455685,0.639750406348812,,0.0293225254679508,0.0181060002849015,0.0405390506510001,0.00920722199274194,0.0265477064247443,0.84652040333309,,0.0176666666666667,0.0155666666666667,0.0197666666666667,0.0042,0.982843483127697,0.0402454052060735,FALSE,1,"XLOC_023780","COL1A1","ENST00000471344.1","ENST00000471344.1","=","XLOC_023780",FALSE
"isoComp_00081724","geneComp_00011707","TCONS_00125190","XLOC_023780","T_minus","T_plus","COL1A1","unknown","unknown",1.5968901349652,1.24633518875686,1.94744508117354,0.198408442312165,0.177023672455685,0.639750406348812,,0.475314501577416,0.625832944681147,0.324796058473686,0.160434886409269,0.0814272472713838,-0.925365226121722,,0.32595,0.484833333333333,0.167066666666667,-0.317766666666667,0.0402454052060735,0.0402454052060735,,0,"XLOC_023780","COL1A1","ENST00000507689.1","ENST00000507689.1","=","XLOC_023780",FALSE
"isoComp_00081961","geneComp_00011746","TCONS_00125467","XLOC_023855","T_minus","T_plus","SEPTIN4","unknown","unknown",3.40183711713668,3.31951155184241,3.48416268243094,0.392867871063727,0.564538798443291,0.0696362336730905,,0.0672229848497946,0.098793124409392,0.0356528452901972,0.0360015720035256,0.0356528452901972,-1.25281069957734,,0.0194,0.0310666666666667,0.00773333333333333,-0.0233333333333333,0.713521410006494,0.0109440185498095,TRUE,2,"XLOC_023855","SEPTIN4","ENST00000426861.5","ENST00000426861.5","=","XLOC_023855",FALSE
"isoComp_00081963","geneComp_00011746","TCONS_00125469","XLOC_023855","T_minus","T_plus","SEPTIN4","unknown","unknown",3.40183711713668,3.31951155184241,3.48416268243094,0.392867871063727,0.564538798443291,0.0696362336730905,,0.0634714311318622,0.0428015875278979,0.0841412747358264,0.0124918050577183,0.0314239008650174,0.834246082036897,,0.0180333333333333,0.0132666666666667,0.0228,0.00953333333333333,0.835742520297319,0.0109440185498095,TRUE,5,"XLOC_023855","SEPTIN4","ENST00000582270.5","ENST00000582270.5","=","XLOC_023855",FALSE
"isoComp_00081967","geneComp_00011746","TCONS_00125480","XLOC_023855","T_minus","T_plus","SEPTIN4","unknown","unknown",3.40183711713668,3.31951155184241,3.48416268243094,0.392867871063727,0.564538798443291,0.0696362336730905,,0.0588159505947343,0,0.117631901189469,0,0.0303116613524854,3.67391706611889,,0.0172166666666667,0,0.0344333333333333,0.0344333333333333,0.0820128473534065,0.0109440185498095,FALSE,2,"XLOC_023855","SEPTIN4","ENST00000580809.5","ENST00000580809.5","=","XLOC_023855",FALSE
"isoComp_00081968","geneComp_00011746","TCONS_00125481","XLOC_023855","T_minus","T_plus","SEPTIN4","unknown","unknown",3.40183711713668,3.31951155184241,3.48416268243094,0.392867871063727,0.564538798443291,0.0696362336730905,,0.052255463431211,0.020043739601534,0.0844671872608881,0.020043739601534,0.0494119030944594,1.65274890388501,,0.0155333333333333,0.0049,0.0261666666666667,0.0212666666666667,0.841670672406436,0.0109440185498095,,0,"XLOC_023855","SEPTIN4","ENST00000577729.5","ENST00000577729.5","=","XLOC_023855",FALSE
"isoComp_00081969","geneComp_00011746","TCONS_00125483","XLOC_023855","T_minus","T_plus","SEPTIN4","unknown","unknown",3.40183711713668,3.31951155184241,3.48416268243094,0.392867871063727,0.564538798443291,0.0696362336730905,,0.0869240629554917,0.0943148556482358,0.0795332702627477,0.0943148556482358,0.0795332702627477,-0.220448841279548,,0.0253,0.0333333333333333,0.0172666666666667,-0.0160666666666667,0.995060745357697,0.0109440185498095,TRUE,0,"XLOC_023855","SEPTIN4","ENST00000578131.5","ENST00000578131.5","=","XLOC_023855",FALSE
"isoComp_00081973","geneComp_00011746","TCONS_00125488","XLOC_023855","T_minus","T_plus","SEPTIN4","unknown","unknown",3.40183711713668,3.31951155184241,3.48416268243094,0.392867871063727,0.564538798443291,0.0696362336730905,,0.227629704545105,0,0.455259409090211,0,0.455259409090211,5.53996342155121,,0.0494,0,0.0988,0.0988,0.892830401208192,0.0109440185498095,,0,"XLOC_023855","SEPTIN4","ENST00000581921.1","ENST00000581921.1","=","XLOC_023855",FALSE
"isoComp_00081975","geneComp_00011746","TCONS_00125494","XLOC_023855","T_minus","T_plus","SEPTIN4","unknown","unknown",3.40183711713668,3.31951155184241,3.48416268243094,0.392867871063727,0.564538798443291,0.0696362336730905,,0.0390878216042023,0.0248950801646193,0.0532805630437854,0.0132284554483506,0.0143673779901151,0.858738790253271,,0.0121,0.00693333333333333,0.0172666666666667,0.0103333333333333,0.852531718118573,0.0109440185498095,FALSE,0,"XLOC_023855","SEPTIN4","ENST00000582976.1","ENST00000582976.1","=","XLOC_023855",FALSE
"isoComp_00081976","geneComp_00011746","TCONS_00129655","XLOC_023855","T_minus","T_plus","SEPTIN4","unknown","unknown",3.40183711713668,3.31951155184241,3.48416268243094,0.392867871063727,0.564538798443291,0.0696362336730905,,2.38609611334436,2.93284640528567,1.83934582140306,0.385831404224906,0.150659314057955,-0.670197217228669,,0.713833333333333,0.881333333333333,0.546333333333333,-0.335,0.0109440185498095,0.0109440185498095,FALSE,0,"XLOC_023855","SEPTIN4","PB.7250.1","ENST00000672673.2","j","XLOC_023855",TRUE
"isoComp_00081977","geneComp_00011746","TCONS_00130175","XLOC_023855","T_minus","T_plus","SEPTIN4","unknown","unknown",3.40183711713668,3.31951155184241,3.48416268243094,0.392867871063727,0.564538798443291,0.0696362336730905,,0.274811426508703,0.0450984141034515,0.504524438913954,0.0450984141034515,0.0792418082318204,3.22315690452168,,0.0846833333333333,0.011,0.158366666666667,0.147366666666667,0.0835672416826419,0.0109440185498095,FALSE,0,"XLOC_023855","SEPTIN4","PB.5652.1","ENST00000672673.2","c","XLOC_023855",TRUE
"isoComp_00083272","geneComp_00011889","TCONS_00127131","XLOC_024127","T_minus","T_plus","USP36","unknown","unknown",23.0363749574104,18.2222098435085,27.8505400713123,0.9283586989491,0.966735227895231,0.611733790080157,,0.277644000231477,0.246733720435807,0.308554280027147,0.0845142873831575,0.0598495188072285,0.311266423608795,,0.0126,0.0140333333333333,0.0111666666666667,-0.00286666666666667,0.976018028901334,0.0030746456507431,FALSE,0,"XLOC_024127","USP36","ENST00000588130.5","ENST00000588130.5","=","XLOC_024127",FALSE
"isoComp_00083273","geneComp_00011889","TCONS_00127132","XLOC_024127","T_minus","T_plus","USP36","unknown","unknown",23.0363749574104,18.2222098435085,27.8505400713123,0.9283586989491,0.966735227895231,0.611733790080157,,0.347154356586803,0.317339729815235,0.37696898335837,0.0969456819719738,0.123770401624785,0.241429219461585,,0.0152,0.017,0.0134,-0.0036,0.92635212697874,0.0030746456507431,FALSE,0,"XLOC_024127","USP36","ENST00000591052.5","ENST00000591052.5","=","XLOC_024127",FALSE
"isoComp_00083276","geneComp_00011889","TCONS_00127136","XLOC_024127","T_minus","T_plus","USP36","unknown","unknown",23.0363749574104,18.2222098435085,27.8505400713123,0.9283586989491,0.966735227895231,0.611733790080157,,3.49915031533277,3.57592045774186,3.42238017292368,0.555376344328969,1.92276264123768,-0.0631341313137659,,0.157716666666667,0.196933333333333,0.1185,-0.0784333333333333,0.597453855259986,0.0030746456507431,FALSE,1,"XLOC_024127","USP36","ENST00000449938.7","ENST00000449938.7","=","XLOC_024127",FALSE
"isoComp_00083277","geneComp_00011889","TCONS_00127137","XLOC_024127","T_minus","T_plus","USP36","unknown","unknown",23.0363749574104,18.2222098435085,27.8505400713123,0.9283586989491,0.966735227895231,0.611733790080157,,8.05956039099931,4.93465380937675,11.1844669726219,0.95052132925733,1.93819717296353,1.1788444134796,,0.337616666666667,0.268033333333333,0.4072,0.139166666666667,0.549338555308714,0.0030746456507431,FALSE,1,"XLOC_024127","USP36","ENST00000592231.6","ENST00000592231.6","=","XLOC_024127",FALSE
"isoComp_00083280","geneComp_00011889","TCONS_00127140","XLOC_024127","T_minus","T_plus","USP36","unknown","unknown",23.0363749574104,18.2222098435085,27.8505400713123,0.9283586989491,0.966735227895231,0.611733790080157,,1.74192795627131,1.06074135473149,2.42311455781113,0.123787723514948,0.295446277038852,1.18419421915911,,0.0723,0.058,0.0866,0.0286,0.390768776541776,0.0030746456507431,FALSE,1,"XLOC_024127","USP36","ENST00000312010.10","ENST00000312010.10","=","XLOC_024127",FALSE
"isoComp_00083284","geneComp_00011889","TCONS_00127147","XLOC_024127","T_minus","T_plus","USP36","unknown","unknown",23.0363749574104,18.2222098435085,27.8505400713123,0.9283586989491,0.966735227895231,0.611733790080157,,0.225937422208126,0.234375177278643,0.217499667137609,0.107709023567297,0.070155715652018,-0.10323331454644,,0.0100333333333333,0.0124333333333333,0.00763333333333333,-0.0048,0.929044972962107,0.0030746456507431,FALSE,0,"XLOC_024127","USP36","ENST00000590546.6","ENST00000590546.6","=","XLOC_024127",FALSE
"isoComp_00083291","geneComp_00011889","TCONS_00128867","XLOC_024127","T_minus","T_plus","USP36","unknown","unknown",23.0363749574104,18.2222098435085,27.8505400713123,0.9283586989491,0.966735227895231,0.611733790080157,,0.322047485863926,0.0665703593784141,0.577524612349437,0.0665703593784141,0.4472251877258,2.93979135611435,,0.0116166666666667,0.0035,0.0197333333333333,0.0162333333333333,0.618110496525348,0.0030746456507431,FALSE,0,"XLOC_024127","USP36","PB.4512.1","ENST00000592231.6","c","XLOC_024127",TRUE
"isoComp_00083292","geneComp_00011889","TCONS_00129783","XLOC_024127","T_minus","T_plus","USP36","unknown","unknown",23.0363749574104,18.2222098435085,27.8505400713123,0.9283586989491,0.966735227895231,0.611733790080157,,1.02218676593082,0.254869153775605,1.78950437808604,0.175244679227893,1.37305251667776,2.76424786753737,,0.0371833333333333,0.0133,0.0610666666666667,0.0477666666666667,0.904041213964131,0.0030746456507431,FALSE,1,"XLOC_024127","USP36","PB.7450.1","ENST00000592231.6","c","XLOC_024127",TRUE
"isoComp_00083293","geneComp_00011889","TCONS_00129784","XLOC_024127","T_minus","T_plus","USP36","unknown","unknown",23.0363749574104,18.2222098435085,27.8505400713123,0.9283586989491,0.966735227895231,0.611733790080157,,3.00210569250562,2.67408269866669,3.33012868634454,0.358529894882899,1.70448617171917,0.315474564228694,,0.13675,0.149533333333333,0.123966666666667,-0.0255666666666667,0.890174975499473,0.0030746456507431,FALSE,1,"XLOC_024127","USP36","PB.7450.2","ENST00000542802.7","c","XLOC_024127",TRUE
"isoComp_00083294","geneComp_00011889","TCONS_00129785","XLOC_024127","T_minus","T_plus","USP36","unknown","unknown",23.0363749574104,18.2222098435085,27.8505400713123,0.9283586989491,0.966735227895231,0.611733790080157,,0.492503825611272,0.285460388212298,0.699547263010245,0.102874416741781,0.0778602368485413,1.26393406143232,,0.02025,0.0152,0.0253,0.0101,0.732971021648693,0.0030746456507431,FALSE,0,"XLOC_024127","USP36","PB.7450.4","ENST00000542802.7","j","XLOC_024127",TRUE
"isoComp_00083295","geneComp_00011889","TCONS_00130241","XLOC_024127","T_minus","T_plus","USP36","unknown","unknown",23.0363749574104,18.2222098435085,27.8505400713123,0.9283586989491,0.966735227895231,0.611733790080157,,2.80137373014146,3.58266517820409,2.02008228207883,0.302308386882748,0.530602100246428,-0.823516285242898,,0.135133333333333,0.198833333333333,0.0714333333333333,-0.1274,0.0030746456507431,0.0030746456507431,FALSE,1,"XLOC_024127","USP36","PB.5813.1","ENST00000542802.7","j","XLOC_024127",TRUE
"isoComp_00083338","geneComp_00011894","TCONS_00127220","XLOC_024136","T_minus","T_plus","CBX8","unknown","unknown",2.1106606592974,2.9205787586879,1.3007425599069,0.110954613699366,0.25869674731638,-1.16080125319339,,1.75336670848884,2.7288558248103,0.777877592167376,0.17182938938401,0.0725707843899585,-1.7975299143186,,0.783,0.9333,0.6327,-0.3006,0.0456006807167818,0.0456006807167818,FALSE,0,"XLOC_024136","CBX8","ENST00000269385.9","ENST00000269385.9","=","XLOC_024136",FALSE
"isoComp_00083339","geneComp_00011894","TCONS_00127221","XLOC_024136","T_minus","T_plus","CBX8","unknown","unknown",2.1106606592974,2.9205787586879,1.3007425599069,0.110954613699366,0.25869674731638,-1.16080125319339,,0.220421513369361,0.0107788406455127,0.430064186093209,0.0107788406455127,0.231452496631781,4.40452689862973,,0.139516666666667,0.00346666666666667,0.275566666666667,0.2721,0.3489933824019,0.0456006807167818,FALSE,0,"XLOC_024136","CBX8","ENST00000413392.5","ENST00000413392.5","=","XLOC_024136",FALSE
"isoComp_00083340","geneComp_00011894","TCONS_00127222","XLOC_024136","T_minus","T_plus","CBX8","unknown","unknown",2.1106606592974,2.9205787586879,1.3007425599069,0.110954613699366,0.25869674731638,-1.16080125319339,,0.105292510199638,0.161219542305157,0.0493654780941192,0.0880684309164043,0.0493654780941192,-1.52815124309241,,0.0582666666666667,0.0565333333333333,0.06,0.00346666666666667,0.886070477681685,0.0456006807167818,,0,"XLOC_024136","CBX8","ENST00000427800.2","ENST00000427800.2","=","XLOC_024136",FALSE
"isoComp_00083341","geneComp_00011894","TCONS_00127223","XLOC_024136","T_minus","T_plus","CBX8","unknown","unknown",2.1106606592974,2.9205787586879,1.3007425599069,0.110954613699366,0.25869674731638,-1.16080125319339,,0.0315799272395647,0.0197245509269375,0.0434353035521919,0.0197245509269375,0.0434353035521919,0.846138200240734,,0.0192333333333333,0.00673333333333333,0.0317333333333333,0.025,0.956333081662863,0.0456006807167818,,0,"XLOC_024136","CBX8","ENST00000485449.1","ENST00000485449.1","=","XLOC_024136",FALSE
"isoComp_00083342","geneComp_00011895","TCONS_00127224","XLOC_024137","T_minus","T_plus","CBX4","unknown","unknown",6.42433776624813,6.47855108533111,6.37012444716516,0.0809428220357039,0.978489558702465,-0.0243117909966185,,5.33443623700038,5.76394798829876,4.904924485702,0.132319142911793,0.687150599690597,-0.232388861081945,,0.831216666666667,0.889566666666667,0.772866666666667,-0.1167,0.000668023363018814,0.000668023363018814,FALSE,0,"XLOC_024137","CBX4","ENST00000269397.9","ENST00000269397.9","=","XLOC_024137",FALSE
"isoComp_00083343","geneComp_00011895","TCONS_00127226","XLOC_024137","T_minus","T_plus","CBX4","unknown","unknown",6.42433776624813,6.47855108533111,6.37012444716516,0.0809428220357039,0.978489558702465,-0.0243117909966185,,1.08990152924775,0.714603097032351,1.46519996146315,0.0909898573057788,0.29177850449902,1.02564764603983,,0.168783333333333,0.110433333333333,0.227133333333333,0.1167,0.0245536900505756,0.000668023363018814,FALSE,0,"XLOC_024137","CBX4","ENST00000495122.1","ENST00000495122.1","=","XLOC_024137",FALSE
"isoComp_00085752","geneComp_00012287","TCONS_00133354","XLOC_025088","T_minus","T_plus","ZNF521","unknown","unknown",8.64999010004328,11.5228389261752,5.77714127391134,0.539328886403143,0.497100996338093,-0.994824922558528,,2.70136807204234,3.18171783138322,2.22101831270147,0.400742327623735,0.190592406534419,-0.516630757975242,,0.331366666666667,0.274266666666667,0.388466666666667,0.1142,0.340586953705473,0.0119346454982865,FALSE,1,"XLOC_025088","ZNF521","ENST00000361524.8","ENST00000361524.8","=","XLOC_025088",FALSE
"isoComp_00085753","geneComp_00012287","TCONS_00133355","XLOC_025088","T_minus","T_plus","ZNF521","unknown","unknown",8.64999010004328,11.5228389261752,5.77714127391134,0.539328886403143,0.497100996338093,-0.994824922558528,,0.354244634815295,0.476336252062593,0.232153017567998,0.083890057267164,0.0631720059054708,-1.00603515466386,,0.04215,0.0421666666666667,0.0421333333333333,-3.33333333333297e-05,0.995396251023657,0.0119346454982865,FALSE,1,"XLOC_025088","ZNF521","ENST00000584787.5","ENST00000584787.5","=","XLOC_025088",FALSE
"isoComp_00085755","geneComp_00012287","TCONS_00133358","XLOC_025088","T_minus","T_plus","ZNF521","unknown","unknown",8.64999010004328,11.5228389261752,5.77714127391134,0.539328886403143,0.497100996338093,-0.994824922558528,,0.301672090572442,0,0.603344181144885,0,0.307012164240863,5.9386249715514,,0.0482666666666667,0,0.0965333333333333,0.0965333333333333,0.226591525168136,0.0119346454982865,,0,"XLOC_025088","ZNF521","ENST00000577775.1","ENST00000577775.1","=","XLOC_025088",FALSE
"isoComp_00085756","geneComp_00012287","TCONS_00133360","XLOC_025088","T_minus","T_plus","ZNF521","unknown","unknown",8.64999010004328,11.5228389261752,5.77714127391134,0.539328886403143,0.497100996338093,-0.994824922558528,,0.109757374728097,0.148209058875799,0.0713056905803944,0.148209058875799,0.0713056905803945,-0.960403974212976,,0.012,0.0131666666666667,0.0108333333333333,-0.00233333333333333,0.97489480558896,0.0119346454982865,FALSE,0,"XLOC_025088","ZNF521","ENST00000577720.1","ENST00000577720.1","=","XLOC_025088",FALSE
"isoComp_00085757","geneComp_00012287","TCONS_00133361","XLOC_025088","T_minus","T_plus","ZNF521","unknown","unknown",8.64999010004328,11.5228389261752,5.77714127391134,0.539328886403143,0.497100996338093,-0.994824922558528,,0.416102415040134,0.832204830080268,0,0.471888839189535,0,-6.39609924433508,,0.0344166666666667,0.0688333333333333,0,-0.0688333333333333,0.0710750250063535,0.0119346454982865,FALSE,0,"XLOC_025088","ZNF521","ENST00000577801.5","ENST00000577801.5","=","XLOC_025088",FALSE
"isoComp_00085759","geneComp_00012287","TCONS_00133365","XLOC_025088","T_minus","T_plus","ZNF521","unknown","unknown",8.64999010004328,11.5228389261752,5.77714127391134,0.539328886403143,0.497100996338093,-0.994824922558528,,0.0870535871787736,0.0769912150224267,0.0971159593351204,0.0389484502558078,0.0179878248278733,0.300231824908587,,0.0116666666666667,0.0067,0.0166333333333333,0.00993333333333333,0.757411632823844,0.0119346454982865,TRUE,0,"XLOC_025088","ZNF521","ENST00000579111.5","ENST00000579111.5","=","XLOC_025088",FALSE
"isoComp_00085761","geneComp_00012287","TCONS_00133368","XLOC_025088","T_minus","T_plus","ZNF521","unknown","unknown",8.64999010004328,11.5228389261752,5.77714127391134,0.539328886403143,0.497100996338093,-0.994824922558528,,0.150570273470701,0.115251502708821,0.185889044232582,0.115251502708821,0.0386982937000768,0.645208799884692,,0.0204666666666667,0.00916666666666667,0.0317666666666667,0.0226,0.473077631689299,0.0119346454982865,,0,"XLOC_025088","ZNF521","ENST00000577461.1","ENST00000577461.1","=","XLOC_025088",FALSE
"isoComp_00085762","geneComp_00012287","TCONS_00135359","XLOC_025088","T_minus","T_plus","ZNF521","unknown","unknown",8.64999010004328,11.5228389261752,5.77714127391134,0.539328886403143,0.497100996338093,-0.994824922558528,,3.87924296949181,5.80620770993093,1.9522782290527,0.220440267262504,0.22155692575791,-1.56754917803765,,0.42185,0.5061,0.3376,-0.1685,0.0119346454982865,0.0119346454982865,FALSE,0,"XLOC_025088","ZNF521","PB.7612.4","ENST00000361524.8","c","XLOC_025088",TRUE
"isoComp_00085763","geneComp_00012287","TCONS_00135360","XLOC_025088","T_minus","T_plus","ZNF521","unknown","unknown",8.64999010004328,11.5228389261752,5.77714127391134,0.539328886403143,0.497100996338093,-0.994824922558528,,0.378971645298257,0.576943114612922,0.181000175983592,0.576943114612922,0.127808334074376,-1.61964671937746,,0.0444,0.0536666666666667,0.0351333333333333,-0.0185333333333333,0.815677013843446,0.0119346454982865,FALSE,1,"XLOC_025088","ZNF521","PB.7612.6","ENST00000399425.6","j","XLOC_025088",TRUE
"isoComp_00085764","geneComp_00012287","TCONS_00135361","XLOC_025088","T_minus","T_plus","ZNF521","unknown","unknown",8.64999010004328,11.5228389261752,5.77714127391134,0.539328886403143,0.497100996338093,-0.994824922558528,,0.0673783797639225,0.0320523952562734,0.102704364271572,0.0320523952562734,0.0584030271504763,1.42228350014325,,0.0114,0.00296666666666667,0.0198333333333333,0.0168666666666667,0.758957454404336,0.0119346454982865,FALSE,1,"XLOC_025088","ZNF521","PB.7612.3","ENST00000399425.6","j","XLOC_025088",TRUE
"isoComp_00085765","geneComp_00012287","TCONS_00135362","XLOC_025088","T_minus","T_plus","ZNF521","unknown","unknown",8.64999010004328,11.5228389261752,5.77714127391134,0.539328886403143,0.497100996338093,-0.994824922558528,,0.0911627040098759,0.125930045764811,0.0563953622549405,0.0584639817140936,0.0310136685841278,-1.03371000508519,,0.01015,0.0106,0.0097,-9e-04,0.986253106294701,0.0119346454982865,TRUE,1,"XLOC_025088","ZNF521","PB.7612.5","ENST00000399425.6","j","XLOC_025088",TRUE
"isoComp_00091324","geneComp_00013099","TCONS_00141514","XLOC_026522","T_minus","T_plus","SIGLEC9","unknown","unknown",3.65888711936235,6.06540884797629,1.25236539074842,0.424637230975399,0.0489023036569012,-2.26685194113837,,2.83843566506432,4.99402290992572,0.682848420202925,0.406653623503905,0.144586414104416,-2.85247673214576,,0.68005,0.822033333333333,0.538066666666667,-0.283966666666667,0.0142311959819847,0.0142311959819847,FALSE,0,"XLOC_026522","SIGLEC9","PB.8495.8","ENST00000250360.8","=","XLOC_026522",TRUE
"isoComp_00091325","geneComp_00013099","TCONS_00141515","XLOC_026522","T_minus","T_plus","SIGLEC9","unknown","unknown",3.65888711936235,6.06540884797629,1.25236539074842,0.424637230975399,0.0489023036569012,-2.26685194113837,,0.496491715305217,0.543239357098303,0.449744073512131,0.206623181825416,0.0247705694131377,-0.2670728153485,,0.2282,0.0956666666666667,0.360733333333333,0.265066666666667,0.0472648866629833,0.0142311959819847,FALSE,0,"XLOC_026522","SIGLEC9","PB.8495.7","ENST00000440804.7","=","XLOC_026522",TRUE
"isoComp_00091326","geneComp_00013099","TCONS_00149954","XLOC_026522","T_minus","T_plus","SIGLEC9","unknown","unknown",3.65888711936235,6.06540884797629,1.25236539074842,0.424637230975399,0.0489023036569012,-2.26685194113837,,0.0135629208637305,0,0.027125841727461,0,0.0198617689832323,1.89242373546943,,0.0114166666666667,0,0.0228333333333333,0.0228333333333333,0.633060017107988,0.0142311959819847,FALSE,0,"XLOC_026522","SIGLEC9","PB.5041.4","ENST00000440804.7","j","XLOC_026522",TRUE
"isoComp_00091327","geneComp_00013099","TCONS_00149955","XLOC_026522","T_minus","T_plus","SIGLEC9","unknown","unknown",3.65888711936235,6.06540884797629,1.25236539074842,0.424637230975399,0.0489023036569012,-2.26685194113837,,0.299122214603221,0.505597373900537,0.0926470553059037,0.266119112343974,0.0776116369480463,-2.328552674987,,0.0781333333333333,0.0779333333333333,0.0783333333333333,0.000399999999999998,0.980293411028633,0.0142311959819847,FALSE,0,"XLOC_026522","SIGLEC9","PB.5041.6","ENST00000440804.7","c","XLOC_026522",TRUE
"isoComp_00091379","geneComp_00013111","TCONS_00141566","XLOC_026542","T_minus","T_plus","ZNF175","unknown","unknown",2.53473960857704,2.80837899835468,2.2611002187994,0.0933968962572668,0.150392860232504,-0.311474258991821,,2.23275469035276,2.76291234903929,1.70259703166623,0.0798272895909489,0.0517037868375012,-0.695216283871886,,0.871083333333333,0.9841,0.758066666666667,-0.226033333333333,5.27887914350289e-09,5.27887914350289e-09,FALSE,0,"XLOC_026542","ZNF175","ENST00000262259.7","ENST00000262259.7","=","XLOC_026542",FALSE
"isoComp_00091380","geneComp_00013111","TCONS_00141567","XLOC_026542","T_minus","T_plus","ZNF175","unknown","unknown",2.53473960857704,2.80837899835468,2.2611002187994,0.0933968962572668,0.150392860232504,-0.311474258991821,,0.0655817314485401,0.0405355115836536,0.0906279513134266,0.0173244876745193,0.0176210575464246,0.993661657465757,,0.0269,0.0140666666666667,0.0397333333333333,0.0256666666666667,0.645552482188495,5.27887914350289e-09,FALSE,0,"XLOC_026542","ZNF175","ENST00000545217.5","ENST00000545217.5","=","XLOC_026542",FALSE
"isoComp_00091381","geneComp_00013111","TCONS_00141568","XLOC_026542","T_minus","T_plus","ZNF175","unknown","unknown",2.53473960857704,2.80837899835468,2.2611002187994,0.0933968962572668,0.150392860232504,-0.311474258991821,,0.180733918036291,0,0.361467836072582,0,0.106213840999262,5.21516539381425,,0.0775166666666667,0,0.155033333333333,0.155033333333333,0.000114475327520338,5.27887914350289e-09,FALSE,0,"XLOC_026542","ZNF175","ENST00000596504.1","ENST00000596504.1","=","XLOC_026542",FALSE
"isoComp_00091382","geneComp_00013111","TCONS_00141570","XLOC_026542","T_minus","T_plus","ZNF175","unknown","unknown",2.53473960857704,2.80837899835468,2.2611002187994,0.0933968962572668,0.150392860232504,-0.311474258991821,,0.0556692687394488,0.00493113773173437,0.106407399747163,0.00493113773173437,0.0536174367116069,2.9627867638129,,0.0245,0.00183333333333333,0.0471666666666667,0.0453333333333333,0.607966860317552,5.27887914350289e-09,FALSE,0,"XLOC_026542","ZNF175","ENST00000600460.1","ENST00000600460.1","=","XLOC_026542",FALSE
"isoComp_00091522","geneComp_00013135","TCONS_00141719","XLOC_026582","T_minus","T_plus","ZNF845","unknown","unknown",3.53038569730118,3.82882964662891,3.23194174797346,0.173990161717817,0.0406688858052281,-0.243808371638818,,0.287868919850022,0.134820193631031,0.440917646069012,0.0274801965318391,0.0452778198152772,1.63860118417278,,0.0860166666666667,0.0354333333333333,0.1366,0.101166666666667,0.0429063275886739,0.0429063275886739,FALSE,0,"XLOC_026582","ZNF845","ENST00000595091.6","ENST00000595091.6","=","XLOC_026582",FALSE
"isoComp_00091523","geneComp_00013135","TCONS_00141720","XLOC_026582","T_minus","T_plus","ZNF845","unknown","unknown",3.53038569730118,3.82882964662891,3.23194174797346,0.173990161717817,0.0406688858052281,-0.243808371638818,,2.39121668759944,2.58977578007969,2.19265759511918,0.119807544925945,0.060749873436042,-0.239141957759156,,0.679233333333333,0.679366666666667,0.6791,-0.000266666666666637,0.999894199129116,0.0429063275886739,FALSE,0,"XLOC_026582","ZNF845","PB.8539.2","ENST00000458035.3","=","XLOC_026582",TRUE
"isoComp_00091524","geneComp_00013135","TCONS_00150407","XLOC_026582","T_minus","T_plus","ZNF845","unknown","unknown",3.53038569730118,3.82882964662891,3.23194174797346,0.173990161717817,0.0406688858052281,-0.243808371638818,,0.851300089851724,1.10423367291818,0.598366506785267,0.234873673429684,0.128801556905508,-0.873039187273316,,0.234766666666667,0.285233333333333,0.1843,-0.100933333333333,0.649716915832065,0.0429063275886739,FALSE,0,"XLOC_026582","ZNF845","PB.8539.4","ENST00000595091.6","j","XLOC_026582",TRUE
"isoComp_00092631","geneComp_00013313","TCONS_00143148","XLOC_026897","T_minus","T_plus","SMIM24","unknown","unknown",1.73883662621621,2.13907185096937,1.33860140146306,0.814735325248818,0.190737763821802,-0.672249715875998,,0.0817754991413654,0.0728024865619789,0.0907485117207519,0.0364734834441563,0.0907485117207519,0.28301252942367,,0.0475,0.0305333333333333,0.0644666666666667,0.0339333333333333,0.929043381827117,0.0270187255529684,FALSE,0,"XLOC_026897","SMIM24","ENST00000215531.6","ENST00000215531.6","=","XLOC_026897",FALSE
"isoComp_00092632","geneComp_00013313","TCONS_00143149","XLOC_026897","T_minus","T_plus","SMIM24","unknown","unknown",1.73883662621621,2.13907185096937,1.33860140146306,0.814735325248818,0.190737763821802,-0.672249715875998,,1.25586063692745,1.38381623047902,1.12790504337588,0.58816381377676,0.16923430843374,-0.292660187999511,,0.73645,0.631133333333333,0.841766666666667,0.210633333333333,0.0270187255529684,0.0270187255529684,FALSE,0,"XLOC_026897","SMIM24","ENST00000591708.1","ENST00000591708.1","=","XLOC_026897",FALSE
"isoComp_00092633","geneComp_00013313","TCONS_00143150","XLOC_026897","T_minus","T_plus","SMIM24","unknown","unknown",1.73883662621621,2.13907185096937,1.33860140146306,0.814735325248818,0.190737763821802,-0.672249715875998,,0.401200490147399,0.682453133928367,0.119947846366431,0.206014517430799,0.0627255034544272,-2.41378370697267,,0.216066666666667,0.338366666666667,0.0937666666666667,-0.2446,0.370670093411726,0.0270187255529684,FALSE,0,"XLOC_026897","SMIM24","ENST00000587847.1","ENST00000587847.1","=","XLOC_026897",FALSE
"isoComp_00095591","geneComp_00013749","TCONS_00147322","XLOC_027650","T_minus","T_plus","XRCC1","unknown","unknown",38.3655531590601,47.6490618800186,29.0820444381017,6.83613303714851,2.78543812314696,-0.712125868697622,,25.1150550380262,33.9361943849026,16.2939156911499,4.51251698285209,1.54870902194258,-1.05803135059188,,0.6373,0.714166666666667,0.560433333333333,-0.153733333333333,7.50463911843551e-14,7.50463911843551e-14,FALSE,0,"XLOC_027650","XRCC1","PB.8342.2","ENST00000262887.10","=","XLOC_027650",TRUE
"isoComp_00095593","geneComp_00013749","TCONS_00147324","XLOC_027650","T_minus","T_plus","XRCC1","unknown","unknown",38.3655531590601,47.6490618800186,29.0820444381017,6.83613303714851,2.78543812314696,-0.712125868697622,,0.597465163385078,0.712338071542046,0.482592255228111,0.160156675287068,0.214133785067823,-0.552280265779893,,0.01535,0.0149,0.0158,0.000900000000000001,0.980559640717325,7.50463911843551e-14,TRUE,0,"XLOC_027650","XRCC1","ENST00000597811.5","ENST00000597811.5","=","XLOC_027650",FALSE
"isoComp_00095594","geneComp_00013749","TCONS_00147325","XLOC_027650","T_minus","T_plus","XRCC1","unknown","unknown",38.3655531590601,47.6490618800186,29.0820444381017,6.83613303714851,2.78543812314696,-0.712125868697622,,0.485128211394349,0.590114236893216,0.380142185895482,0.0996918873131946,0.0641877985551905,-0.621237151491404,,0.01295,0.0123,0.0136,0.0013,0.988404390870783,7.50463911843551e-14,FALSE,1,"XLOC_027650","XRCC1","ENST00000595789.5","ENST00000595789.5","=","XLOC_027650",FALSE
"isoComp_00095601","geneComp_00013749","TCONS_00147332","XLOC_027650","T_minus","T_plus","IRGQ","unknown","unknown",38.3655531590601,47.6490618800186,29.0820444381017,6.83613303714851,2.78543812314696,-0.712125868697622,,9.0987962073347,9.20867406431341,8.988918350356,1.77779268791478,0.954515142038244,-0.034807657408921,,0.2498,0.190933333333333,0.308666666666667,0.117733333333333,8.69638626770674e-07,7.50463911843551e-14,FALSE,0,"XLOC_027650","IRGQ","ENST00000422989.6","ENST00000422989.6","=","XLOC_027650",FALSE
"isoComp_00095604","geneComp_00013749","TCONS_00150634","XLOC_027650","T_minus","T_plus","XRCC1","unknown","unknown",38.3655531590601,47.6490618800186,29.0820444381017,6.83613303714851,2.78543812314696,-0.712125868697622,,2.05919810638026,1.87904289753031,2.23935331523021,0.30233504257228,0.217727573668043,0.251854825301911,,0.0586333333333333,0.0392666666666667,0.078,0.0387333333333333,0.0156131278117176,7.50463911843551e-14,FALSE,0,"XLOC_027650","XRCC1","PB.8342.1","ENST00000262887.10","j","XLOC_027650",TRUE
"isoComp_00096510","geneComp_00013879","TCONS_00148408","XLOC_027837","T_minus","T_plus","SYT3","unknown","unknown",2.31208736788444,2.98314532095403,1.64102941481484,0.159028899320668,0.309836461772554,-0.858296501587215,,0.409733653226135,0.369688715495028,0.449778590957242,0.153643211741886,0.150882172523882,0.276122168139423,,0.200033333333333,0.128833333333333,0.271233333333333,0.1424,0.723357066165267,0.00767618669121701,FALSE,0,"XLOC_027837","SYT3","ENST00000338916.8","ENST00000338916.8","=","XLOC_027837",FALSE
"isoComp_00096511","geneComp_00013879","TCONS_00148409","XLOC_027837","T_minus","T_plus","SYT3","unknown","unknown",2.31208736788444,2.98314532095403,1.64102941481484,0.159028899320668,0.309836461772554,-0.858296501587215,,0.114670016914877,0.196429715100342,0.0329103187294128,0.150925718464331,0.0329103187294128,-2.26625413617193,,0.0435,0.0610333333333333,0.0259666666666667,-0.0350666666666667,0.886755330391589,0.00767618669121701,FALSE,0,"XLOC_027837","SYT3","ENST00000593901.5","ENST00000593901.5","=","XLOC_027837",FALSE
"isoComp_00096512","geneComp_00013879","TCONS_00148410","XLOC_027837","T_minus","T_plus","SYT3","unknown","unknown",2.31208736788444,2.98314532095403,1.64102941481484,0.159028899320668,0.309836461772554,-0.858296501587215,,1.65011248138739,2.40199408565751,0.89823087711726,0.166022955402033,0.102004475157542,-1.40909537967511,,0.685233333333333,0.804766666666667,0.5657,-0.239066666666667,0.055895441162032,0.00767618669121701,FALSE,0,"XLOC_027837","SYT3","ENST00000600079.6","ENST00000600079.6","=","XLOC_027837",FALSE
"isoComp_00096513","geneComp_00013879","TCONS_00148411","XLOC_027837","T_minus","T_plus","SYT3","unknown","unknown",2.31208736788444,2.98314532095403,1.64102941481484,0.159028899320668,0.309836461772554,-0.858296501587215,,0.130054814005465,0,0.26010962801093,0,0.160632763398535,4.75547316026575,,0.0685166666666667,0,0.137033333333333,0.137033333333333,0.00767618669121701,0.00767618669121701,FALSE,0,"XLOC_027837","SYT3","ENST00000595117.1","ENST00000595117.1","=","XLOC_027837",FALSE
"isoComp_00097368","geneComp_00014029","TCONS_00151264","XLOC_028123","T_minus","T_plus","RSAD2","unknown","unknown",33.3027379039031,2.43879331613129,64.166682491675,0.195892949725128,12.6907427758582,4.71190629646792,,0.358398531463903,0.178310307302883,0.538486755624923,0.063328821961665,0.0764615655914931,1.54234481503459,,0.0414833333333333,0.0736333333333333,0.00933333333333333,-0.0643,0.0198275582614713,4.87126006106021e-20,FALSE,0,"XLOC_028123","RSAD2","ENST00000442639.6","ENST00000442639.6","=","XLOC_028123",FALSE
"isoComp_00097369","geneComp_00014029","TCONS_00151265","XLOC_028123","T_minus","T_plus","RSAD2","unknown","unknown",33.3027379039031,2.43879331613129,64.166682491675,0.195892949725128,12.6907427758582,4.71190629646792,,1.51509534155242,0.573083345673717,2.45710733743112,0.161405503429131,0.3308165655197,2.08104646345213,,0.13305,0.226733333333333,0.0393666666666667,-0.187366666666667,9.34444957327187e-08,4.87126006106021e-20,FALSE,0,"XLOC_028123","RSAD2","ENST00000679863.1","ENST00000679863.1","=","XLOC_028123",FALSE
"isoComp_00097371","geneComp_00014029","TCONS_00151268","XLOC_028123","T_minus","T_plus","RSAD2","unknown","unknown",33.3027379039031,2.43879331613129,64.166682491675,0.195892949725128,12.6907427758582,4.71190629646792,,18.3718852052555,0.499069865235512,36.2447005452754,0.0848394686148569,6.32083588720565,6.15416058061275,,0.386483333333333,0.202933333333333,0.570033333333333,0.3671,4.87126006106021e-20,4.87126006106021e-20,FALSE,1,"XLOC_028123","RSAD2","PB.5145.32","ENST00000382040.4","=","XLOC_028123",TRUE
"isoComp_00097372","geneComp_00014029","TCONS_00151269","XLOC_028123","T_minus","T_plus","RSAD2","unknown","unknown",33.3027379039031,2.43879331613129,64.166682491675,0.195892949725128,12.6907427758582,4.71190629646792,,0.598714882166873,0.030932025789584,1.16649773854416,0.00811080724638116,0.0134875517653647,4.84512466743301,,0.01645,0.0132666666666667,0.0196333333333333,0.00636666666666667,0.859243395537957,4.87126006106021e-20,FALSE,0,"XLOC_028123","RSAD2","PB.5145.36","ENST00000489749.1","=","XLOC_028123",TRUE
"isoComp_00097374","geneComp_00014029","TCONS_00170340","XLOC_028123","T_minus","T_plus","RSAD2","unknown","unknown",33.3027379039031,2.43879331613129,64.166682491675,0.195892949725128,12.6907427758582,4.71190629646792,,0.493380913685198,0.0457356891952235,0.941026138175172,0.0187031418424316,0.0954128567720406,4.09281166443564,,0.0171833333333333,0.0187,0.0156666666666667,-0.00303333333333333,0.944234235860968,4.87126006106021e-20,FALSE,0,"XLOC_028123","RSAD2","PB.5145.34","ENST00000679373.1","j","XLOC_028123",TRUE
"isoComp_00097375","geneComp_00014029","TCONS_00170341","XLOC_028123","T_minus","T_plus","RSAD2","unknown","unknown",33.3027379039031,2.43879331613129,64.166682491675,0.195892949725128,12.6907427758582,4.71190629646792,,0.877984624101121,0.0646633706930908,1.69130587750915,0.0326793609089179,0.742389747549004,4.51009809513158,,0.0249666666666667,0.0246333333333333,0.0253,0.000666666666666666,0.987863590358437,4.87126006106021e-20,TRUE,1,"XLOC_028123","RSAD2","PB.6682.16","ENST00000679373.1","j","XLOC_028123",TRUE
"isoComp_00097376","geneComp_00014029","TCONS_00170342","XLOC_028123","T_minus","T_plus","RSAD2","unknown","unknown",33.3027379039031,2.43879331613129,64.166682491675,0.195892949725128,12.6907427758582,4.71190629646792,,0.525988054094696,0.0211791958686525,1.03079691232074,0.0143354116839917,0.119395019294197,5.06096105648918,,0.0131833333333333,0.0098,0.0165666666666667,0.00676666666666667,0.601860964944626,4.87126006106021e-20,FALSE,1,"XLOC_028123","RSAD2","PB.5145.35","ENST00000679373.1","j","XLOC_028123",TRUE
"isoComp_00097380","geneComp_00014029","TCONS_00170346","XLOC_028123","T_minus","T_plus","RSAD2","unknown","unknown",33.3027379039031,2.43879331613129,64.166682491675,0.195892949725128,12.6907427758582,4.71190629646792,,2.21719514188428,0,4.43439028376857,0,1.62455495154851,8.79584170221149,,0.0321666666666667,0,0.0643333333333333,0.0643333333333333,9.22232493013547e-05,4.87126006106021e-20,TRUE,0,"XLOC_028123","RSAD2","PB.5145.42","ENST00000679373.1","j","XLOC_028123",TRUE
"isoComp_00097383","geneComp_00014029","TCONS_00170349","XLOC_028123","T_minus","T_plus","RSAD2","unknown","unknown",33.3027379039031,2.43879331613129,64.166682491675,0.195892949725128,12.6907427758582,4.71190629646792,,1.84063227417277,0.0526148164540268,3.62864973189152,0.0526148164540268,1.55099995238948,5.86075528877176,,0.0364666666666667,0.0204666666666667,0.0524666666666667,0.032,0.579576416092026,4.87126006106021e-20,FALSE,1,"XLOC_028123","RSAD2","PB.5145.58","ENST00000679373.1","c","XLOC_028123",TRUE
"isoComp_00097385","geneComp_00014029","TCONS_00170352","XLOC_028123","T_minus","T_plus","RSAD2","unknown","unknown",33.3027379039031,2.43879331613129,64.166682491675,0.195892949725128,12.6907427758582,4.71190629646792,,5.43314398936371,0.881479945479197,9.98480803324823,0.103283738004732,2.2890933206592,3.48690460909786,,0.261016666666667,0.368433333333333,0.1536,-0.214833333333333,0.00520381466656424,4.87126006106021e-20,FALSE,1,"XLOC_028123","RSAD2","PB.5145.68","ENST00000679373.1","c","XLOC_028123",TRUE
"isoComp_00099512","geneComp_00014346","TCONS_00154112","XLOC_028772","T_minus","T_plus","VAMP5","unknown","unknown",2.15127494309062,2.82112392315967,1.48142596302157,0.537529845018027,0.242404320655287,-0.924682538307152,,1.49078372064907,1.78274915225355,1.1988182890446,0.221564228901317,0.381990263954874,-0.568576242072393,,0.72525,0.6579,0.7926,0.1347,0.626972744920117,0.00100181231793119,FALSE,0,"XLOC_028772","VAMP5","ENST00000306384.5","ENST00000306384.5","=","XLOC_028772",FALSE
"isoComp_00099513","geneComp_00014346","TCONS_00154113","XLOC_028772","T_minus","T_plus","VAMP5","unknown","unknown",2.15127494309062,2.82112392315967,1.48142596302157,0.537529845018027,0.242404320655287,-0.924682538307152,,0.0946039373608304,0.118347305561625,0.0708605691600359,0.118347305561625,0.0380466299645008,-0.666544745670564,,0.0427,0.0384666666666667,0.0469333333333333,0.00846666666666666,0.851695367287676,0.00100181231793119,FALSE,0,"XLOC_028772","VAMP5","ENST00000462451.1","ENST00000462451.1","=","XLOC_028772",FALSE
"isoComp_00099514","geneComp_00014346","TCONS_00170492","XLOC_028772","T_minus","T_plus","VAMP5","unknown","unknown",2.15127494309062,2.82112392315967,1.48142596302157,0.537529845018027,0.242404320655287,-0.924682538307152,,0.338159701372109,0.464572297927282,0.211747104816936,0.335272741677681,0.211747104816936,-1.09771262048666,,0.15785,0.1552,0.1605,0.0053,0.8289839377332,0.00100181231793119,FALSE,0,"XLOC_028772","VAMP5","PB.5438.1","ENST00000306384.5","j","XLOC_028772",TRUE
"isoComp_00099515","geneComp_00014346","TCONS_00171531","XLOC_028772","T_minus","T_plus","VAMP5","unknown","unknown",2.15127494309062,2.82112392315967,1.48142596302157,0.537529845018027,0.242404320655287,-0.924682538307152,,0.227727583708606,0.455455167417213,0,0.161089965052618,0,-5.54057030915966,,0.0742166666666667,0.148433333333333,0,-0.148433333333333,0.00100181231793119,0.00100181231793119,FALSE,0,"XLOC_028772","VAMP5","PB.9125.1","ENST00000306384.5","j","XLOC_028772",TRUE
"isoComp_00101168","geneComp_00014591","TCONS_00156532","XLOC_029372","T_minus","T_plus","RIF1","unknown","unknown",23.282627242901,16.8425593644044,29.7226951213977,1.51924746882108,1.35118777778421,0.819082535076027,,5.63028573956441,3.07117878847528,8.18939269065353,1.060596254341,1.09281335077678,1.41203465810095,,0.223383333333333,0.1733,0.273466666666667,0.100166666666667,0.534277679929129,0.00867340977595556,FALSE,0,"XLOC_029372","RIF1","ENST00000428287.6","ENST00000428287.6","=","XLOC_029372",FALSE
"isoComp_00101169","geneComp_00014591","TCONS_00156534","XLOC_029372","T_minus","T_plus","RIF1","unknown","unknown",23.282627242901,16.8425593644044,29.7226951213977,1.51924746882108,1.35118777778421,0.819082535076027,,3.57740341349405,3.70207566333281,3.45273116365529,0.17184530287772,0.0436043549278107,-0.100315732005883,,0.170666666666667,0.2246,0.116733333333333,-0.107866666666667,0.00867340977595556,0.00867340977595556,FALSE,1,"XLOC_029372","RIF1","ENST00000444746.7","ENST00000444746.7","=","XLOC_029372",FALSE
"isoComp_00101170","geneComp_00014591","TCONS_00156535","XLOC_029372","T_minus","T_plus","RIF1","unknown","unknown",23.282627242901,16.8425593644044,29.7226951213977,1.51924746882108,1.35118777778421,0.819082535076027,,1.71712122683302,0.970087923221433,2.46415453044461,0.179338110603947,0.155578233852842,1.33595252716883,,0.0697,0.0565666666666667,0.0828333333333333,0.0262666666666667,0.360664112735945,0.00867340977595556,FALSE,1,"XLOC_029372","RIF1","ENST00000243326.9","ENST00000243326.9","=","XLOC_029372",FALSE
"isoComp_00101172","geneComp_00014591","TCONS_00156537","XLOC_029372","T_minus","T_plus","RIF1","unknown","unknown",23.282627242901,16.8425593644044,29.7226951213977,1.51924746882108,1.35118777778421,0.819082535076027,,0.634733202527395,0.380028769379632,0.889437635675158,0.344291419578196,0.223427142047835,1.20544270851217,,0.0264333333333333,0.0221666666666667,0.0307,0.00853333333333333,0.748762775417001,0.00867340977595556,FALSE,0,"XLOC_029372","RIF1","ENST00000430328.6","ENST00000430328.6","=","XLOC_029372",FALSE
"isoComp_00101174","geneComp_00014591","TCONS_00156539","XLOC_029372","T_minus","T_plus","RIF1","unknown","unknown",23.282627242901,16.8425593644044,29.7226951213977,1.51924746882108,1.35118777778421,0.819082535076027,,1.01997484791515,0.686077816784346,1.35387187904595,0.20300641294712,0.283941814704147,0.970387621458451,,0.0445833333333333,0.0436333333333333,0.0455333333333333,0.0019,0.963093840986375,0.00867340977595556,TRUE,0,"XLOC_029372","RIF1","ENST00000454583.6","ENST00000454583.6","=","XLOC_029372",FALSE
"isoComp_00101178","geneComp_00014591","TCONS_00169603","XLOC_029372","T_minus","T_plus","RIF1","unknown","unknown",23.282627242901,16.8425593644044,29.7226951213977,1.51924746882108,1.35118777778421,0.819082535076027,,4.94908481707213,4.38784722553162,5.51032240861264,0.294132305984456,0.500634990387666,0.327955040497485,,0.22555,0.266333333333333,0.184766666666667,-0.0815666666666666,0.36601163412346,0.00867340977595556,FALSE,0,"XLOC_029372","RIF1","PB.5737.2","ENST00000453091.6","c","XLOC_029372",TRUE
"isoComp_00101181","geneComp_00014591","TCONS_00173040","XLOC_029372","T_minus","T_plus","RIF1","unknown","unknown",23.282627242901,16.8425593644044,29.7226951213977,1.51924746882108,1.35118777778421,0.819082535076027,,2.26051162742505,1.63336158122419,2.8876616736259,0.324166053307244,0.220217487740195,0.818239213235894,,0.09595,0.0949333333333333,0.0969666666666667,0.00203333333333335,0.991753371096657,0.00867340977595556,FALSE,0,"XLOC_029372","RIF1","PB.7274.2","ENST00000444746.7","j","XLOC_029372",TRUE
"isoComp_00101182","geneComp_00014591","TCONS_00173041","XLOC_029372","T_minus","T_plus","RIF1","unknown","unknown",23.282627242901,16.8425593644044,29.7226951213977,1.51924746882108,1.35118777778421,0.819082535076027,,0.74224948758983,0.53439863152625,0.95010034365341,0.232136420544744,0.262944719783521,0.818521754837797,,0.0327333333333333,0.0340333333333333,0.0314333333333333,-0.0026,0.973599156951346,0.00867340977595556,FALSE,0,"XLOC_029372","RIF1","PB.7274.3","ENST00000444746.7","j","XLOC_029372",TRUE
"isoComp_00101183","geneComp_00014591","TCONS_00173042","XLOC_029372","T_minus","T_plus","RIF1","unknown","unknown",23.282627242901,16.8425593644044,29.7226951213977,1.51924746882108,1.35118777778421,0.819082535076027,,2.27625911084625,1.17119713109591,3.3813210905966,0.395075436995042,0.656814777454606,1.52159762777515,,0.0913166666666667,0.0665333333333333,0.1161,0.0495666666666667,0.664670223160572,0.00867340977595556,FALSE,0,"XLOC_029372","RIF1","PB.7274.4","ENST00000444746.7","c","XLOC_029372",TRUE
"isoComp_00102056","geneComp_00014707","TCONS_00157683","XLOC_029618","T_minus","T_plus","PMS1","unknown","unknown",3.33261311911877,3.3930579774934,3.27216826074414,0.119525929814864,0.240586187308711,-0.0521825298564593,,0.0690587201295733,0,0.138117440259147,0,0.0694478061241381,3.88866961731035,,0.0211,0,0.0422,0.0422,0.535982449705861,7.16036971312021e-09,FALSE,0,"XLOC_029618","PMS1","ENST00000432292.7","ENST00000432292.7","=","XLOC_029618",FALSE
"isoComp_00102057","geneComp_00014707","TCONS_00157684","XLOC_029618","T_minus","T_plus","PMS1","unknown","unknown",3.33261311911877,3.3930579774934,3.27216826074414,0.119525929814864,0.240586187308711,-0.0521825298564593,,0.0382163174209414,0.0764326348418828,0,0.0764326348418828,0,-3.11157614149636,,0.0115833333333333,0.0231666666666667,0,-0.0231666666666667,0.922340627951217,7.16036971312021e-09,FALSE,0,"XLOC_029618","PMS1","ENST00000618056.4","ENST00000618056.4","=","XLOC_029618",FALSE
"isoComp_00102058","geneComp_00014707","TCONS_00157685","XLOC_029618","T_minus","T_plus","PMS1","unknown","unknown",3.33261311911877,3.3930579774934,3.27216826074414,0.119525929814864,0.240586187308711,-0.0521825298564593,,0.0730216192668477,0.118617972925851,0.027425265607844,0.0580291195273955,0.027425265607844,-1.78100779701123,,0.0214166666666667,0.0343,0.00853333333333333,-0.0257666666666667,0.807806236117713,7.16036971312021e-09,FALSE,0,"XLOC_029618","PMS1","ENST00000624204.3","ENST00000624204.3","=","XLOC_029618",FALSE
"isoComp_00102060","geneComp_00014707","TCONS_00157687","XLOC_029618","T_minus","T_plus","PMS1","unknown","unknown",3.33261311911877,3.3930579774934,3.27216826074414,0.119525929814864,0.240586187308711,-0.0521825298564593,,1.85036875838171,2.3624091507963,1.33832836596713,0.0727733878634413,0.0737540914085119,-0.81518095471616,,0.557216666666667,0.698366666666667,0.416066666666667,-0.2823,0.00636464762075322,7.16036971312021e-09,FALSE,0,"XLOC_029618","PMS1","ENST00000441310.7","ENST00000441310.7","=","XLOC_029618",FALSE
"isoComp_00102061","geneComp_00014707","TCONS_00157688","XLOC_029618","T_minus","T_plus","PMS1","unknown","unknown",3.33261311911877,3.3930579774934,3.27216826074414,0.119525929814864,0.240586187308711,-0.0521825298564593,,0.0356492865417571,0.0522956277794303,0.019002945304084,0.0284162469808761,0.019002945304084,-1.10293149510968,,0.0100333333333333,0.0149333333333333,0.00513333333333333,-0.0098,0.85322308358183,7.16036971312021e-09,FALSE,0,"XLOC_029618","PMS1","ENST00000446877.5","ENST00000446877.5","=","XLOC_029618",FALSE
"isoComp_00102062","geneComp_00014707","TCONS_00157689","XLOC_029618","T_minus","T_plus","PMS1","unknown","unknown",3.33261311911877,3.3930579774934,3.27216826074414,0.119525929814864,0.240586187308711,-0.0521825298564593,,0.0853907480385947,0.126901071104639,0.0438804249725504,0.0654242568673156,0.0438804249725504,-1.34530059922172,,0.0250333333333333,0.0364333333333333,0.0136333333333333,-0.0228,0.812997700205725,7.16036971312021e-09,FALSE,0,"XLOC_029618","PMS1","PB.5841.3","ENST00000409823.7","=","XLOC_029618",TRUE
"isoComp_00102063","geneComp_00014707","TCONS_00157690","XLOC_029618","T_minus","T_plus","PMS1","unknown","unknown",3.33261311911877,3.3930579774934,3.27216826074414,0.119525929814864,0.240586187308711,-0.0521825298564593,,0.152418235550026,0.12682127393599,0.178015197164063,0.0638338858733678,0.0668601069362045,0.458556710797497,,0.0472666666666667,0.0365666666666667,0.0579666666666667,0.0214,0.923036894780641,7.16036971312021e-09,FALSE,0,"XLOC_029618","PMS1","PB.7415.1","ENST00000374826.8","=","XLOC_029618",TRUE
"isoComp_00102064","geneComp_00014707","TCONS_00157691","XLOC_029618","T_minus","T_plus","PMS1","unknown","unknown",3.33261311911877,3.3930579774934,3.27216826074414,0.119525929814864,0.240586187308711,-0.0521825298564593,,0.0348646454891139,0.0697292909782279,0,0.0360191266009108,0,-2.99510983946933,,0.0100833333333333,0.0201666666666667,0,-0.0201666666666667,0.629601879010813,7.16036971312021e-09,TRUE,0,"XLOC_029618","PMS1","ENST00000450931.5","ENST00000450931.5","=","XLOC_029618",FALSE
"isoComp_00102065","geneComp_00014707","TCONS_00157693","XLOC_029618","T_minus","T_plus","PMS1","unknown","unknown",3.33261311911877,3.3930579774934,3.27216826074414,0.119525929814864,0.240586187308711,-0.0521825298564593,,0.0442411507888477,0.0175382721513423,0.0709440294263532,0.0175382721513423,0.0354733974536493,1.55548662621487,,0.0127,0.00483333333333333,0.0205666666666667,0.0157333333333333,0.819763852130115,7.16036971312021e-09,TRUE,0,"XLOC_029618","PMS1","ENST00000424766.5","ENST00000424766.5","=","XLOC_029618",FALSE
"isoComp_00102066","geneComp_00014707","TCONS_00157694","XLOC_029618","T_minus","T_plus","PMS1","unknown","unknown",3.33261311911877,3.3930579774934,3.27216826074414,0.119525929814864,0.240586187308711,-0.0521825298564593,,0.27534368284642,0.142535511872778,0.408151853820061,0.0984511380128407,0.280172922495283,1.45488180260668,,0.07875,0.0437,0.1138,0.0701,0.915762689032191,7.16036971312021e-09,FALSE,0,"XLOC_029618","PMS1","ENST00000447232.6","ENST00000447232.6","=","XLOC_029618",FALSE
"isoComp_00102068","geneComp_00014707","TCONS_00157699","XLOC_029618","T_minus","T_plus","PMS1","unknown","unknown",3.33261311911877,3.3930579774934,3.27216826074414,0.119525929814864,0.240586187308711,-0.0521825298564593,,0.0915708648100811,0.149435139552454,0.0337065900677079,0.0820662907283683,0.0337065900677079,-1.86704690438882,,0.0279333333333333,0.0442,0.0116666666666667,-0.0325333333333333,0.797890194448653,7.16036971312021e-09,FALSE,0,"XLOC_029618","PMS1","ENST00000409593.5","ENST00000409593.5","=","XLOC_029618",FALSE
"isoComp_00102069","geneComp_00014707","TCONS_00157700","XLOC_029618","T_minus","T_plus","PMS1","unknown","unknown",3.33261311911877,3.3930579774934,3.27216826074414,0.119525929814864,0.240586187308711,-0.0521825298564593,,0.0813311738377986,0.0676476211551773,0.0950147265204198,0.0676476211551773,0.0950147265204198,0.435578024001469,,0.0221166666666667,0.0186333333333333,0.0256,0.00696666666666667,0.999779088939979,7.16036971312021e-09,,0,"XLOC_029618","PMS1","ENST00000483293.1","ENST00000483293.1","=","XLOC_029618",FALSE
"isoComp_00102071","geneComp_00014707","TCONS_00169695","XLOC_029618","T_minus","T_plus","PMS1","unknown","unknown",3.33261311911877,3.3930579774934,3.27216826074414,0.119525929814864,0.240586187308711,-0.0521825298564593,,0.0401886266191901,0,0.0803772532383803,0,0.0803772532383803,3.17595971102989,,0.0139333333333333,0,0.0278666666666667,0.0278666666666667,0.93219777059063,7.16036971312021e-09,TRUE,0,"XLOC_029618","PMS1","PB.5841.1","ENST00000441310.7","j","XLOC_029618",TRUE
"isoComp_00102072","geneComp_00014707","TCONS_00170726","XLOC_029618","T_minus","T_plus","PMS1","unknown","unknown",3.33261311911877,3.3930579774934,3.27216826074414,0.119525929814864,0.240586187308711,-0.0521825298564593,,0.384185709662568,0,0.768371419325137,0,0.163855231690309,6.28238683229969,,0.118466666666667,0,0.236933333333333,0.236933333333333,7.16036971312021e-09,7.16036971312021e-09,FALSE,0,"XLOC_029618","PMS1","PB.5729.2","ENST00000441310.7","j","XLOC_029618",TRUE
"isoComp_00103923","geneComp_00014910","TCONS_00159780","XLOC_030036","T_minus","T_plus","AGAP1","unknown","unknown",4.03937588315325,3.81607274052213,4.26267902578437,0.48417135330567,0.162703134804431,0.15927664009864,,0.105432826236724,0.151142110089185,0.0597235423842639,0.100038702739233,0.0597235423842639,-1.20861577804924,,0.02995,0.0448333333333333,0.0150666666666667,-0.0297666666666667,0.823385185811479,5.32894784054264e-13,FALSE,0,"XLOC_030036","AGAP1","ENST00000304032.13","ENST00000304032.13","=","XLOC_030036",FALSE
"isoComp_00103925","geneComp_00014910","TCONS_00159782","XLOC_030036","T_minus","T_plus","AGAP1","unknown","unknown",4.03937588315325,3.81607274052213,4.26267902578437,0.48417135330567,0.162703134804431,0.15927664009864,,0.260106975778408,0.212964733266299,0.307249218290517,0.212964733266299,0.0465250646780717,0.508801074720636,,0.0585666666666667,0.0445333333333333,0.0726,0.0280666666666667,0.610417917053119,5.32894784054264e-13,FALSE,0,"XLOC_030036","AGAP1","ENST00000336665.9","ENST00000336665.9","=","XLOC_030036",FALSE
"isoComp_00103926","geneComp_00014910","TCONS_00159783","XLOC_030036","T_minus","T_plus","AGAP1","unknown","unknown",4.03937588315325,3.81607274052213,4.26267902578437,0.48417135330567,0.162703134804431,0.15927664009864,,0.933132014013877,0.500803223237048,1.36546080479071,0.0802183399883914,0.0983787520502609,1.42907549533819,,0.229583333333333,0.139666666666667,0.3195,0.179833333333333,0.0761933677742595,5.32894784054264e-13,FALSE,0,"XLOC_030036","AGAP1","ENST00000635100.1","ENST00000635100.1","=","XLOC_030036",FALSE
"isoComp_00103929","geneComp_00014910","TCONS_00159789","XLOC_030036","T_minus","T_plus","AGAP1","unknown","unknown",4.03937588315325,3.81607274052213,4.26267902578437,0.48417135330567,0.162703134804431,0.15927664009864,,0.390666787987516,0.781333575975033,0,0.0409339243843243,0,-6.30621406639808,,0.104383333333333,0.208766666666667,0,-0.208766666666667,5.32894784054264e-13,5.32894784054264e-13,FALSE,0,"XLOC_030036","AGAP1","ENST00000614409.4","ENST00000614409.4","=","XLOC_030036",FALSE
"isoComp_00103930","geneComp_00014910","TCONS_00159790","XLOC_030036","T_minus","T_plus","AGAP1","unknown","unknown",4.03937588315325,3.81607274052213,4.26267902578437,0.48417135330567,0.162703134804431,0.15927664009864,,1.80128811788171,1.76902290009482,1.83355333566861,0.329701414590882,0.111234259106686,0.051404073999988,,0.44335,0.4572,0.4295,-0.0277,0.955039946782631,5.32894784054264e-13,FALSE,0,"XLOC_030036","AGAP1","ENST00000428334.6","ENST00000428334.6","=","XLOC_030036",FALSE
"isoComp_00103932","geneComp_00014910","TCONS_00159795","XLOC_030036","T_minus","T_plus","AGAP1","unknown","unknown",4.03937588315325,3.81607274052213,4.26267902578437,0.48417135330567,0.162703134804431,0.15927664009864,,0.210211292612396,0.158112386984495,0.262310198240297,0.0789695009727765,0.0168890243367748,0.695824983264595,,0.0498,0.0379333333333333,0.0616666666666667,0.0237333333333333,0.783391885707486,5.32894784054264e-13,FALSE,0,"XLOC_030036","AGAP1","ENST00000482882.1","ENST00000482882.1","=","XLOC_030036",FALSE
"isoComp_00103933","geneComp_00014910","TCONS_00170866","XLOC_030036","T_minus","T_plus","AGAP1","unknown","unknown",4.03937588315325,3.81607274052213,4.26267902578437,0.48417135330567,0.162703134804431,0.15927664009864,,0.0541152226370393,0.0699185336894143,0.0383119115846644,0.0352531801527099,0.0270320599187844,-0.726151175602378,,0.01345,0.0178,0.0091,-0.0087,0.937873671527811,5.32894784054264e-13,FALSE,0,"XLOC_030036","AGAP1","PB.5912.1","ENST00000304032.13","j","XLOC_030036",TRUE
"isoComp_00103934","geneComp_00014910","TCONS_00173247","XLOC_030036","T_minus","T_plus","AGAP1","unknown","unknown",4.03937588315325,3.81607274052213,4.26267902578437,0.48417135330567,0.162703134804431,0.15927664009864,,0.180418720136114,0.132543867476351,0.228293572795877,0.0274868997180479,0.0106267446875901,0.741334067014828,,0.0455,0.0372,0.0538,0.0166,0.822289177816404,5.32894784054264e-13,FALSE,0,"XLOC_030036","AGAP1","PB.7639.1","ENST00000304032.13","j","XLOC_030036",TRUE
"isoComp_00104378","geneComp_00014963","TCONS_00160497","XLOC_030152","T_minus","T_plus","ENSG00000242282","unknown","unknown",19.4595317031965,20.708402232318,18.210661174075,1.20598268601792,0.190084307290283,-0.185337437905144,,4.32077219111871,6.4069617971602,2.23458258507723,0.18471692055165,0.214404341475741,-1.51544321588151,,0.216633333333333,0.310533333333333,0.122733333333333,-0.1878,2.79212967498754e-11,7.15477962987595e-18,FALSE,0,"XLOC_030152","ENSG00000242282","ENST00000422961.5","ENST00000422961.5","=","XLOC_030152",FALSE
"isoComp_00104380","geneComp_00014963","TCONS_00160499","XLOC_030152","T_minus","T_plus","ENSG00000242282","unknown","unknown",19.4595317031965,20.708402232318,18.210661174075,1.20598268601792,0.190084307290283,-0.185337437905144,,0.300609887381143,0.469578499844635,0.131641274917651,0.0993612267875249,0.131641274917651,-1.75952524758001,,0.0147833333333333,0.0222666666666667,0.0073,-0.0149666666666667,0.43934043945545,7.15477962987595e-18,,0,"XLOC_030152","ENSG00000242282","ENST00000416463.1","ENST00000416463.1","=","XLOC_030152",FALSE
"isoComp_00104381","geneComp_00014963","TCONS_00160501","XLOC_030152","T_minus","T_plus","ENSG00000286905","unknown","unknown",19.4595317031965,20.708402232318,18.210661174075,1.20598268601792,0.190084307290283,-0.185337437905144,,0.675248812279406,0.576862261050032,0.773635363508779,0.180051193047604,0.185246056652867,0.417160567607228,,0.03505,0.0276666666666667,0.0424333333333333,0.0147666666666667,0.820375108175645,7.15477962987595e-18,TRUE,2,"XLOC_030152","ENSG00000286905","ENST00000654051.1","ENST00000654051.1","=","XLOC_030152",FALSE
"isoComp_00104382","geneComp_00014963","TCONS_00160502","XLOC_030152","T_minus","T_plus","ENSG00000286905","unknown","unknown",19.4595317031965,20.708402232318,18.210661174075,1.20598268601792,0.190084307290283,-0.185337437905144,,0.207153651754803,0.110240567808437,0.304066735701169,0.110240567808437,0.175757583666293,1.38514742122254,,0.0107833333333333,0.00486666666666667,0.0167,0.0118333333333333,0.786697907068206,7.15477962987595e-18,TRUE,2,"XLOC_030152","ENSG00000286905","ENST00000658393.1","ENST00000658393.1","=","XLOC_030152",FALSE
"isoComp_00104384","geneComp_00014963","TCONS_00160504","XLOC_030152","T_minus","T_plus","RNASEH1","unknown","unknown",19.4595317031965,20.708402232318,18.210661174075,1.20598268601792,0.190084307290283,-0.185337437905144,,12.1036659347973,11.0653177587061,13.1420141108885,0.709418981076605,0.197420078246382,0.247935660694703,,0.627783333333333,0.533966666666667,0.7216,0.187633333333333,7.15477962987595e-18,7.15477962987595e-18,FALSE,0,"XLOC_030152","RNASEH1","ENST00000315212.4","ENST00000315212.4","=","XLOC_030152",FALSE
"isoComp_00104385","geneComp_00014963","TCONS_00160505","XLOC_030152","T_minus","T_plus","RNASEH1","unknown","unknown",19.4595317031965,20.708402232318,18.210661174075,1.20598268601792,0.190084307290283,-0.185337437905144,,0.219145817767051,0.156732125590985,0.281559509943117,0.0328870156730202,0.0847895445125763,0.806258274121386,,0.0114333333333333,0.00743333333333333,0.0154333333333333,0.008,0.770113451695823,7.15477962987595e-18,FALSE,0,"XLOC_030152","RNASEH1","ENST00000436842.5","ENST00000436842.5","=","XLOC_030152",FALSE
"isoComp_00104386","geneComp_00014963","TCONS_00160506","XLOC_030152","T_minus","T_plus","RNASEH1","unknown","unknown",19.4595317031965,20.708402232318,18.210661174075,1.20598268601792,0.190084307290283,-0.185337437905144,,0.298788666243535,0.180948929822087,0.416628402664982,0.0691277532647884,0.0562034353931346,1.1597931815255,,0.0157666666666667,0.0087,0.0228333333333333,0.0141333333333333,0.389411293732131,7.15477962987595e-18,FALSE,0,"XLOC_030152","RNASEH1","ENST00000464986.5","ENST00000464986.5","=","XLOC_030152",FALSE
"isoComp_00104388","geneComp_00014963","TCONS_00172109","XLOC_030152","T_minus","T_plus","ENSG00000286905","unknown","unknown",19.4595317031965,20.708402232318,18.210661174075,1.20598268601792,0.190084307290283,-0.185337437905144,,0.557147531423378,0.697906429484396,0.41638863336236,0.0320250081010593,0.106250736650283,-0.73138969926452,,0.0283666666666667,0.0339,0.0228333333333333,-0.0110666666666667,0.730465008537854,7.15477962987595e-18,FALSE,3,"XLOC_030152","ENSG00000286905","PB.8649.1","ENST00000658393.1","m","XLOC_030152",TRUE
"isoComp_00104389","geneComp_00014963","TCONS_00173270","XLOC_030152","T_minus","T_plus","ENSG00000286905","unknown","unknown",19.4595317031965,20.708402232318,18.210661174075,1.20598268601792,0.190084307290283,-0.185337437905144,,0.446833570495405,0.517071781794839,0.376595359195971,0.0783949483020873,0.169624242455654,-0.447175136457592,,0.0231666666666667,0.0255333333333333,0.0208,-0.00473333333333333,0.893116890783793,7.15477962987595e-18,TRUE,0,"XLOC_030152","ENSG00000286905","PB.6675.1","ENST00000658393.1","j","XLOC_030152",TRUE
"isoComp_00105135","geneComp_00015065","TCONS_00161472","XLOC_030370","T_minus","T_plus","RBKS","unknown","unknown",7.66646162347592,4.10858079106962,11.2243424558822,0.591567160339384,1.04806390507111,1.44769649193559,,3.56268712940883,3.19302502680493,3.93234923201272,0.470448205700415,0.560830873207443,0.299620512178454,,0.564116666666667,0.778233333333333,0.35,-0.428233333333333,5.90953296954839e-09,1.75102797653348e-12,FALSE,0,"XLOC_030370","RBKS","ENST00000302188.8","ENST00000302188.8","=","XLOC_030370",FALSE
"isoComp_00105136","geneComp_00015065","TCONS_00161473","XLOC_030370","T_minus","T_plus","RBKS","unknown","unknown",7.66646162347592,4.10858079106962,11.2243424558822,0.591567160339384,1.04806390507111,1.44769649193559,,0.0787965777431457,0.0982949432340455,0.0592982122522459,0.0252511619786733,0.0156968418128485,-0.644075839293692,,0.0143833333333333,0.0233666666666667,0.0054,-0.0179666666666667,0.403625292121294,1.75102797653348e-12,FALSE,0,"XLOC_030370","RBKS","ENST00000449378.1","ENST00000449378.1","=","XLOC_030370",FALSE
"isoComp_00105137","geneComp_00015065","TCONS_00161474","XLOC_030370","T_minus","T_plus","RBKS","unknown","unknown",7.66646162347592,4.10858079106962,11.2243424558822,0.591567160339384,1.04806390507111,1.44769649193559,,0.213073325664889,0.106129432001796,0.320017219327981,0.0541469160486609,0.0517691867950162,1.50680764487337,,0.0289166666666667,0.0282333333333333,0.0296,0.00136666666666667,0.939662199032637,1.75102797653348e-12,FALSE,0,"XLOC_030370","RBKS","ENST00000458185.1","ENST00000458185.1","=","XLOC_030370",FALSE
"isoComp_00105138","geneComp_00015065","TCONS_00161475","XLOC_030370","T_minus","T_plus","RBKS","unknown","unknown",7.66646162347592,4.10858079106962,11.2243424558822,0.591567160339384,1.04806390507111,1.44769649193559,,3.70248917142808,0.588469195179412,6.81650914767675,0.172208397386173,0.788582765165427,3.51179912547761,,0.3732,0.1405,0.6059,0.4654,1.75102797653348e-12,1.75102797653348e-12,TRUE,0,"XLOC_030370","RBKS","ENST00000453412.1","ENST00000453412.1","=","XLOC_030370",FALSE
"isoComp_00105139","geneComp_00015065","TCONS_00172223","XLOC_030370","T_minus","T_plus","RBKS","unknown","unknown",7.66646162347592,4.10858079106962,11.2243424558822,0.591567160339384,1.04806390507111,1.44769649193559,,0.109415419230985,0.12266219384943,0.0961686446125402,0.0242579734166454,0.0238028341301642,-0.321399539447426,,0.0194,0.0297,0.0091,-0.0206,0.462607016015818,1.75102797653348e-12,FALSE,0,"XLOC_030370","RBKS","PB.6784.2","ENST00000449378.1","j","XLOC_030370",TRUE
"isoComp_00106236","geneComp_00015210","TCONS_00162917","XLOC_030657","T_minus","T_plus","LINC02245","unknown","unknown",3.09707599281824,3.3445251736991,2.84962681193738,0.273266207910584,0.0768857549890706,-0.230281686118818,,0.177347695144979,0.264859695914611,0.0898356943753475,0.0368673175533926,0.056973606173054,-1.46106775120318,,0.0545166666666667,0.0785333333333333,0.0305,-0.0480333333333333,0.648081111596625,0.0303369986916599,FALSE,0,"XLOC_030657","LINC02245","ENST00000666526.2","ENST00000666526.2","=","XLOC_030657",FALSE
"isoComp_00106237","geneComp_00015210","TCONS_00162918","XLOC_030657","T_minus","T_plus","LINC02245","unknown","unknown",3.09707599281824,3.3445251736991,2.84962681193738,0.273266207910584,0.0768857549890706,-0.230281686118818,,0.233270517960163,0.375792524199574,0.0907485117207519,0.133461907500103,0.0907485117207519,-1.93706666033798,,0.0703,0.107466666666667,0.0331333333333333,-0.0743333333333333,0.49291451312326,0.0303369986916599,FALSE,0,"XLOC_030657","LINC02245","ENST00000685506.1","ENST00000685506.1","=","XLOC_030657",FALSE
"isoComp_00106242","geneComp_00015210","TCONS_00171008","XLOC_030657","T_minus","T_plus","LINC02245","unknown","unknown",3.09707599281824,3.3445251736991,2.84962681193738,0.273266207910584,0.0768857549890706,-0.230281686118818,,0.326157213707957,0.52017630504035,0.132138122375563,0.113095205797223,0.0811225187587582,-1.89917864710687,,0.0997666666666667,0.1522,0.0473333333333333,-0.104866666666667,0.518602247975073,0.0303369986916599,FALSE,0,"XLOC_030657","LINC02245","PB.5363.1","ENST00000653778.1","j","XLOC_030657",TRUE
"isoComp_00106243","geneComp_00015210","TCONS_00173405","XLOC_030657","T_minus","T_plus","XLOC_030657","unknown","unknown",3.09707599281824,3.3445251736991,2.84962681193738,0.273266207910584,0.0768857549890706,-0.230281686118818,,2.13552956126611,1.98720648263554,2.28385263989668,0.0411674854107292,0.168315917694335,0.199789219146179,,0.700816666666667,0.602133333333333,0.7995,0.197366666666667,0.0303369986916599,0.0303369986916599,FALSE,0,"XLOC_030657","XLOC_030657","PB.6949.1",,"u","XLOC_030657",TRUE
"isoComp_00106244","geneComp_00015210","TCONS_00173406","XLOC_030657","T_minus","T_plus","XLOC_030657","unknown","unknown",3.09707599281824,3.3445251736991,2.84962681193738,0.273266207910584,0.0768857549890706,-0.230281686118818,,0.15613094829267,0.148368705016579,0.163893191568762,0.0411923041576686,0.0096020356344842,0.134914173034838,,0.0515,0.0454666666666667,0.0575333333333333,0.0120666666666667,0.911343292693151,0.0303369986916599,FALSE,0,"XLOC_030657","XLOC_030657","PB.6949.2",,"u","XLOC_030657",TRUE
"isoComp_00107349","geneComp_00015352","TCONS_00164504","XLOC_031020","T_minus","T_plus","MGAT4A","unknown","unknown",22.1886481678382,34.0796456139108,10.2976507217657,1.20256141868743,0.791378623716947,-1.7256180447872,,8.99264163381947,14.0225599208008,3.96272334683815,1.59132531832471,0.0963343573100114,-1.8205779844007,,0.399216666666667,0.410366666666667,0.388066666666667,-0.0223,0.962614800883166,1.09404758217515e-17,FALSE,1,"XLOC_031020","MGAT4A","ENST00000393487.6","ENST00000393487.6","=","XLOC_031020",FALSE
"isoComp_00107350","geneComp_00015352","TCONS_00164505","XLOC_031020","T_minus","T_plus","MGAT4A","unknown","unknown",22.1886481678382,34.0796456139108,10.2976507217657,1.20256141868743,0.791378623716947,-1.7256180447872,,2.40208637595971,4.80417275191942,0,1.11277874992792,0,-8.91114410222813,,0.0704333333333333,0.140866666666667,0,-0.140866666666667,1.09404758217515e-17,1.09404758217515e-17,FALSE,0,"XLOC_031020","MGAT4A","ENST00000414521.6","ENST00000414521.6","=","XLOC_031020",FALSE
"isoComp_00107353","geneComp_00015352","TCONS_00164511","XLOC_031020","T_minus","T_plus","MGAT4A","unknown","unknown",22.1886481678382,34.0796456139108,10.2976507217657,1.20256141868743,0.791378623716947,-1.7256180447872,,0.413193835434638,0.641277669314611,0.185110001554665,0.267936829608013,0.15680736423004,-1.73898502712358,,0.0182,0.0185333333333333,0.0178666666666667,-0.000666666666666666,0.918329077972396,1.09404758217515e-17,FALSE,0,"XLOC_031020","MGAT4A","ENST00000495056.2","ENST00000495056.2","=","XLOC_031020",FALSE
"isoComp_00107355","geneComp_00015352","TCONS_00171061","XLOC_031020","T_minus","T_plus","MGAT4A","unknown","unknown",22.1886481678382,34.0796456139108,10.2976507217657,1.20256141868743,0.791378623716947,-1.7256180447872,,2.98686609510922,3.82643400047808,2.14729818974035,0.328795087684077,0.680662611503852,-0.830540330994636,,0.156666666666667,0.1121,0.201233333333333,0.0891333333333333,0.375520762513672,1.09404758217515e-17,FALSE,0,"XLOC_031020","MGAT4A","PB.5482.3","ENST00000393487.6","c","XLOC_031020",TRUE
"isoComp_00107357","geneComp_00015352","TCONS_00172468","XLOC_031020","T_minus","T_plus","MGAT4A","unknown","unknown",22.1886481678382,34.0796456139108,10.2976507217657,1.20256141868743,0.791378623716947,-1.7256180447872,,6.07074703182924,8.52279361275238,3.6187004509061,0.304804157317983,0.124906904357657,-1.23356518589236,,0.303316666666667,0.250833333333333,0.3558,0.104966666666667,0.079960163286579,1.09404758217515e-17,FALSE,0,"XLOC_031020","MGAT4A","PB.9193.4","ENST00000393487.6","j","XLOC_031020",TRUE
"isoComp_00107358","geneComp_00015352","TCONS_00172469","XLOC_031020","T_minus","T_plus","MGAT4A","unknown","unknown",22.1886481678382,34.0796456139108,10.2976507217657,1.20256141868743,0.791378623716947,-1.7256180447872,,0.831016342836283,1.66203268567257,0,0.587122322980791,0,-7.38545923994281,,0.02475,0.0495,0,-0.0495,2.0073542751158e-06,1.09404758217515e-17,FALSE,1,"XLOC_031020","MGAT4A","PB.9193.5","ENST00000393487.6","c","XLOC_031020",TRUE
"isoComp_00107879","geneComp_00015426","TCONS_00165139","XLOC_031160","T_minus","T_plus","SLC35F5","unknown","unknown",15.9412064537215,12.2285954564548,19.6538174509883,0.530264838576307,0.855062165760164,0.684105428771132,,0.290180733896939,0.293526170986921,0.286835296806958,0.146784453470482,0.0853728633019754,-0.0321582619571576,,0.0188,0.0231666666666667,0.0144333333333333,-0.00873333333333333,0.998424623971146,0.000265051289180245,FALSE,0,"XLOC_031160","SLC35F5","ENST00000469702.5","ENST00000469702.5","=","XLOC_031160",FALSE
"isoComp_00107880","geneComp_00015426","TCONS_00165140","XLOC_031160","T_minus","T_plus","SLC35F5","unknown","unknown",15.9412064537215,12.2285954564548,19.6538174509883,0.530264838576307,0.855062165760164,0.684105428771132,,5.13928667595477,4.87027019625711,5.40830315565243,0.118040644472196,0.13158188967616,0.150880090170072,,0.3381,0.3995,0.2767,-0.1228,0.0201717091525428,0.000265051289180245,FALSE,1,"XLOC_031160","SLC35F5","ENST00000245680.7","ENST00000245680.7","=","XLOC_031160",FALSE
"isoComp_00107881","geneComp_00015426","TCONS_00165141","XLOC_031160","T_minus","T_plus","SLC35F5","unknown","unknown",15.9412064537215,12.2285954564548,19.6538174509883,0.530264838576307,0.855062165760164,0.684105428771132,,0.184397174703036,0.124570284792174,0.244224064613899,0.0552694401281492,0.0895248714654325,0.91774072532425,,0.0112666666666667,0.00986666666666667,0.0126666666666667,0.0028,0.965015844322647,0.000265051289180245,TRUE,0,"XLOC_031160","SLC35F5","ENST00000409106.5","ENST00000409106.5","=","XLOC_031160",FALSE
"isoComp_00107882","geneComp_00015426","TCONS_00165142","XLOC_031160","T_minus","T_plus","SLC35F5","unknown","unknown",15.9412064537215,12.2285954564548,19.6538174509883,0.530264838576307,0.855062165760164,0.684105428771132,,0.317644522519446,0.26819162936428,0.367097415674612,0.194677031855369,0.281486322148448,0.438858252811067,,0.0207666666666667,0.0216333333333333,0.0199,-0.00173333333333333,0.992979615600435,0.000265051289180245,FALSE,1,"XLOC_031160","SLC35F5","ENST00000420066.1","ENST00000420066.1","=","XLOC_031160",FALSE
"isoComp_00107883","geneComp_00015426","TCONS_00165143","XLOC_031160","T_minus","T_plus","SLC35F5","unknown","unknown",15.9412064537215,12.2285954564548,19.6538174509883,0.530264838576307,0.855062165760164,0.684105428771132,,0.122558926836201,0.245117853672403,0,0.152605132012316,0,-4.67309196012856,,0.0106,0.0212,0,-0.0212,0.432735463805974,0.000265051289180245,FALSE,0,"XLOC_031160","SLC35F5","ENST00000459683.5","ENST00000459683.5","=","XLOC_031160",FALSE
"isoComp_00107884","geneComp_00015426","TCONS_00165145","XLOC_031160","T_minus","T_plus","SLC35F5","unknown","unknown",15.9412064537215,12.2285954564548,19.6538174509883,0.530264838576307,0.855062165760164,0.684105428771132,,0.164494873788993,0.166803041929092,0.162186705648895,0.0460417486089269,0.0607271004992886,-0.0381693386824569,,0.011,0.0139666666666667,0.00803333333333333,-0.00593333333333333,0.853803575081803,0.000265051289180245,TRUE,0,"XLOC_031160","SLC35F5","ENST00000469314.1","ENST00000469314.1","=","XLOC_031160",FALSE
"isoComp_00107885","geneComp_00015426","TCONS_00165146","XLOC_031160","T_minus","T_plus","SLC35F5","unknown","unknown",15.9412064537215,12.2285954564548,19.6538174509883,0.530264838576307,0.855062165760164,0.684105428771132,,0.165916074597599,0.12430497924491,0.207527169950287,0.0636445996100519,0.140158280752911,0.695682817706927,,0.0102666666666667,0.0105333333333333,0.01,-0.000533333333333334,0.991054949347628,0.000265051289180245,,0,"XLOC_031160","SLC35F5","ENST00000447673.1","ENST00000447673.1","=","XLOC_031160",FALSE
"isoComp_00107888","geneComp_00015426","TCONS_00165150","XLOC_031160","T_minus","T_plus","SLC35F5","unknown","unknown",15.9412064537215,12.2285954564548,19.6538174509883,0.530264838576307,0.855062165760164,0.684105428771132,,1.61822625662474,0.827950191327517,2.40850232192196,0.119622562900582,0.37048108481506,1.52917752664643,,0.09465,0.0679333333333333,0.121366666666667,0.0534333333333333,0.190611392527205,0.000265051289180245,FALSE,0,"XLOC_031160","SLC35F5","ENST00000498768.1","ENST00000498768.1","=","XLOC_031160",FALSE
"isoComp_00107890","geneComp_00015426","TCONS_00170119","XLOC_031160","T_minus","T_plus","SLC35F5","unknown","unknown",15.9412064537215,12.2285954564548,19.6538174509883,0.530264838576307,0.855062165760164,0.684105428771132,,0.634729286337245,0.67796955515373,0.59148901752076,0.286411642511098,0.0623342877293401,-0.193806326750794,,0.0426666666666667,0.0550666666666667,0.0302666666666667,-0.0248,0.894396247692688,0.000265051289180245,FALSE,0,"XLOC_031160","SLC35F5","PB.5659.2","ENST00000409106.5","j","XLOC_031160",TRUE
"isoComp_00107891","geneComp_00015426","TCONS_00170120","XLOC_031160","T_minus","T_plus","SLC35F5","unknown","unknown",15.9412064537215,12.2285954564548,19.6538174509883,0.530264838576307,0.855062165760164,0.684105428771132,,1.1428188206,0,2.2856376412,0,1.14951515975369,7.84275112512429,,0.0608833333333333,0,0.121766666666667,0.121766666666667,0.000265051289180245,0.000265051289180245,FALSE,1,"XLOC_031160","SLC35F5","PB.5659.4","ENST00000245680.7","c","XLOC_031160",TRUE
"isoComp_00107892","geneComp_00015426","TCONS_00170121","XLOC_031160","T_minus","T_plus","SLC35F5","unknown","unknown",15.9412064537215,12.2285954564548,19.6538174509883,0.530264838576307,0.855062165760164,0.684105428771132,,0.315918669594957,0.442196196332374,0.18964114285754,0.15342360811933,0.177565094448841,-1.17953978908066,,0.02295,0.0369,0.009,-0.0279,0.455861097068202,0.000265051289180245,FALSE,1,"XLOC_031160","SLC35F5","PB.5659.3","ENST00000409106.5","n","XLOC_031160",TRUE
"isoComp_00107893","geneComp_00015426","TCONS_00170122","XLOC_031160","T_minus","T_plus","SLC35F5","unknown","unknown",15.9412064537215,12.2285954564548,19.6538174509883,0.530264838576307,0.855062165760164,0.684105428771132,,0.861537970982878,0.237134494201279,1.48594144776448,0.237134494201279,0.322778697421284,2.59768541184427,,0.0477666666666667,0.0194,0.0761333333333333,0.0567333333333333,0.289181216766752,0.000265051289180245,FALSE,1,"XLOC_031160","SLC35F5","PB.5659.5","ENST00000245680.7","c","XLOC_031160",TRUE
"isoComp_00107895","geneComp_00015426","TCONS_00171094","XLOC_031160","T_minus","T_plus","SLC35F5","unknown","unknown",15.9412064537215,12.2285954564548,19.6538174509883,0.530264838576307,0.855062165760164,0.684105428771132,,3.56835823426508,3.46856768074552,3.66814878778464,0.402197781001194,1.30656088028565,0.0804864497878746,,0.23235,0.282666666666667,0.182033333333333,-0.100633333333333,0.671925002040257,0.000265051289180245,FALSE,1,"XLOC_031160","SLC35F5","PB.5540.4","ENST00000245680.7","c","XLOC_031160",TRUE
"isoComp_00107896","geneComp_00015426","TCONS_00171095","XLOC_031160","T_minus","T_plus","SLC35F5","unknown","unknown",15.9412064537215,12.2285954564548,19.6538174509883,0.530264838576307,0.855062165760164,0.684105428771132,,0.728396625359229,0.165360851712656,1.2914323990058,0.165360851712656,0.363416167578762,2.8917017594265,,0.0385,0.0125666666666667,0.0644333333333333,0.0518666666666667,0.271307634687006,0.000265051289180245,FALSE,1,"XLOC_031160","SLC35F5","PB.5540.5","ENST00000245680.7","c","XLOC_031160",TRUE
"isoComp_00107898","geneComp_00015426","TCONS_00171097","XLOC_031160","T_minus","T_plus","SLC35F5","unknown","unknown",15.9412064537215,12.2285954564548,19.6538174509883,0.530264838576307,0.855062165760164,0.684105428771132,,0.38960693207798,0.210134086490616,0.569079777665345,0.105168622519196,0.108331372855487,1.39537956111884,,0.0229166666666667,0.0165666666666667,0.0292666666666667,0.0127,0.811512490452881,0.000265051289180245,FALSE,0,"XLOC_031160","SLC35F5","PB.5540.7","ENST00000409106.5","j","XLOC_031160",TRUE
"isoComp_00109069","geneComp_00015624","TCONS_00167032","XLOC_031641","T_minus","T_plus","NCKAP1","unknown","unknown",4.02695722074253,4.6303984094315,3.42351603205355,0.35257383096367,0.157598779320477,-0.43456197576848,,1.48344932373852,1.76413860438558,1.20276004309146,0.135933560896548,0.0463627283184821,-0.548824597627035,,0.367266666666667,0.3814,0.353133333333333,-0.0282666666666667,0.89788237458841,1.58392013475298e-05,FALSE,0,"XLOC_031641","NCKAP1","ENST00000360982.2","ENST00000360982.2","=","XLOC_031641",FALSE
"isoComp_00109072","geneComp_00015624","TCONS_00170194","XLOC_031641","T_minus","T_plus","NCKAP1","unknown","unknown",4.02695722074253,4.6303984094315,3.42351603205355,0.35257383096367,0.157598779320477,-0.43456197576848,,0.276080403071377,0.121261957262017,0.430898848880736,0.121261957262017,0.218420827751905,1.7479988597387,,0.0761833333333333,0.0293,0.123066666666667,0.0937666666666667,0.699594253080535,1.58392013475298e-05,FALSE,0,"XLOC_031641","NCKAP1","PB.5825.1","ENST00000360982.2","c","XLOC_031641",TRUE
"isoComp_00109073","geneComp_00015624","TCONS_00170195","XLOC_031641","T_minus","T_plus","NCKAP1","unknown","unknown",4.02695722074253,4.6303984094315,3.42351603205355,0.35257383096367,0.157598779320477,-0.43456197576848,,0.282123234700805,0,0.56424646940161,0,0.302316609560237,5.84359817649936,,0.0862833333333333,0,0.172566666666667,0.172566666666667,0.334765356549338,1.58392013475298e-05,FALSE,0,"XLOC_031641","NCKAP1","PB.5825.2","ENST00000360982.2","c","XLOC_031641",TRUE
"isoComp_00109074","geneComp_00015624","TCONS_00171164","XLOC_031641","T_minus","T_plus","NCKAP1","unknown","unknown",4.02695722074253,4.6303984094315,3.42351603205355,0.35257383096367,0.157598779320477,-0.43456197576848,,0.226561902037148,0.453123804074297,0,0.271165866620962,0,-5.5333260068358,,0.0536,0.1072,0,-0.1072,0.468466160357014,1.58392013475298e-05,FALSE,0,"XLOC_031641","NCKAP1","PB.5716.1","ENST00000360982.2","c","XLOC_031641",TRUE
"isoComp_00109075","geneComp_00015624","TCONS_00172648","XLOC_031641","T_minus","T_plus","NCKAP1","unknown","unknown",4.02695722074253,4.6303984094315,3.42351603205355,0.35257383096367,0.157598779320477,-0.43456197576848,,0.362878459189144,0.333189852562848,0.392567065815441,0.167731804717123,0.097006606368209,0.230222253723148,,0.0924166666666667,0.0722,0.112633333333333,0.0404333333333333,0.849323885695335,1.58392013475298e-05,FALSE,0,"XLOC_031641","NCKAP1","PB.9572.3","ENST00000360982.2","c","XLOC_031641",TRUE
"isoComp_00109076","geneComp_00015624","TCONS_00172649","XLOC_031641","T_minus","T_plus","NCKAP1","unknown","unknown",4.02695722074253,4.6303984094315,3.42351603205355,0.35257383096367,0.157598779320477,-0.43456197576848,,1.02673610369192,1.26785843688749,0.785613770496352,0.40487875918654,0.234151111483828,-0.68358786948324,,0.2454,0.266166666666667,0.224633333333333,-0.0415333333333333,0.950457764631014,1.58392013475298e-05,FALSE,0,"XLOC_031641","NCKAP1","PB.9572.2","ENST00000360982.2","c","XLOC_031641",TRUE
"isoComp_00109077","geneComp_00015624","TCONS_00172650","XLOC_031641","T_minus","T_plus","NCKAP1","unknown","unknown",4.02695722074253,4.6303984094315,3.42351603205355,0.35257383096367,0.157598779320477,-0.43456197576848,,0.30645873497228,0.610202763472549,0.00271470647201199,0.173875459945798,0.002714706472012,-5.60816989237268,,0.0643,0.127866666666667,0.000733333333333333,-0.127133333333333,1.58392013475298e-05,1.58392013475298e-05,FALSE,0,"XLOC_031641","NCKAP1","PB.9572.4","ENST00000360982.2","c","XLOC_031641",TRUE
"isoComp_00109189","geneComp_00015652","TCONS_00167197","XLOC_031693","T_minus","T_plus","STAT1","unknown","unknown",120.667536765932,36.319867718981,205.015205812882,2.96742383546297,23.1206565148424,2.49657326779637,,18.9169249073074,9.35929472314168,28.4745550914731,1.4336898310649,2.46032798847714,1.60416751478962,,0.197316666666667,0.2549,0.139733333333333,-0.115166666666667,2.33089662049333e-06,4.13875016021045e-82,FALSE,0,"XLOC_031693","STAT1","ENST00000361099.8","ENST00000361099.8","=","XLOC_031693",FALSE
"isoComp_00109198","geneComp_00015652","TCONS_00167207","XLOC_031693","T_minus","T_plus","STAT1","unknown","unknown",120.667536765932,36.319867718981,205.015205812882,2.96742383546297,23.1206565148424,2.49657326779637,,3.97793350379595,0.868601716135054,7.08726529145684,0.166202904413542,0.704552633546126,3.01398201191065,,0.0290666666666667,0.0234666666666667,0.0346666666666667,0.0112,0.0945900212867978,4.13875016021045e-82,FALSE,0,"XLOC_031693","STAT1","ENST00000673942.1","ENST00000673942.1","=","XLOC_031693",FALSE
"isoComp_00109201","geneComp_00015652","TCONS_00167210","XLOC_031693","T_minus","T_plus","STAT1","unknown","unknown",120.667536765932,36.319867718981,205.015205812882,2.96742383546297,23.1206565148424,2.49657326779637,,1.66880212253753,0.648677630880995,2.68892661419408,0.265807110578771,0.146236423691642,2.03474128818496,,0.0152333333333333,0.0171333333333333,0.0133333333333333,-0.0038,0.933870631787959,4.13875016021045e-82,TRUE,0,"XLOC_031693","STAT1","ENST00000674080.1","ENST00000674080.1","=","XLOC_031693",FALSE
"isoComp_00109204","geneComp_00015652","TCONS_00167213","XLOC_031693","T_minus","T_plus","STAT1","unknown","unknown",120.667536765932,36.319867718981,205.015205812882,2.96742383546297,23.1206565148424,2.49657326779637,,13.5263050049522,0,27.0526100099045,0,3.63210571702183,11.4020852690898,,0.0660666666666667,0,0.132133333333333,0.132133333333333,4.13875016021045e-82,4.13875016021045e-82,FALSE,0,"XLOC_031693","STAT1","ENST00000392322.7","ENST00000392322.7","=","XLOC_031693",FALSE
"isoComp_00109215","geneComp_00015652","TCONS_00170208","XLOC_031693","T_minus","T_plus","STAT1","unknown","unknown",120.667536765932,36.319867718981,205.015205812882,2.96742383546297,23.1206565148424,2.49657326779637,,12.0201334046231,4.90676428628339,19.1335025229627,1.73505187402701,1.11897755524669,1.96107371360496,,0.115233333333333,0.134,0.0964666666666667,-0.0375333333333333,0.885817366495968,4.13875016021045e-82,FALSE,0,"XLOC_031693","STAT1","PB.7428.2","ENST00000361099.8","c","XLOC_031693",TRUE
"isoComp_00109217","geneComp_00015652","TCONS_00170210","XLOC_031693","T_minus","T_plus","STAT1","unknown","unknown",120.667536765932,36.319867718981,205.015205812882,2.96742383546297,23.1206565148424,2.49657326779637,,10.5172458101873,2.87539171028368,18.1590999100909,1.0423767401424,1.29605923651644,2.65464785849946,,0.0830666666666667,0.0765333333333333,0.0896,0.0130666666666667,0.831498300229507,4.13875016021045e-82,FALSE,0,"XLOC_031693","STAT1","PB.5737.5","ENST00000361099.8","c","XLOC_031693",TRUE
"isoComp_00109219","geneComp_00015652","TCONS_00170212","XLOC_031693","T_minus","T_plus","STAT1","unknown","unknown",120.667536765932,36.319867718981,205.015205812882,2.96742383546297,23.1206565148424,2.49657326779637,,12.0491862094485,3.61641660190846,20.4819558169885,0.321815684279614,4.60404748879322,2.49844111010106,,0.09885,0.0994666666666667,0.0982333333333333,-0.00123333333333334,0.996942875891485,4.13875016021045e-82,FALSE,0,"XLOC_031693","STAT1","PB.5850.15","ENST00000392322.7","c","XLOC_031693",TRUE
"isoComp_00109221","geneComp_00015652","TCONS_00171173","XLOC_031693","T_minus","T_plus","STAT1","unknown","unknown",120.667536765932,36.319867718981,205.015205812882,2.96742383546297,23.1206565148424,2.49657326779637,,6.6783480752115,0.918987949440695,12.4377082009823,0.461620743920061,0.769582164126993,3.74407645345679,,0.0447333333333333,0.0275333333333333,0.0619333333333333,0.0344,0.807992543565981,4.13875016021045e-82,FALSE,0,"XLOC_031693","STAT1","PB.5737.9","ENST00000361099.8","c","XLOC_031693",TRUE
"isoComp_00109223","geneComp_00015652","TCONS_00171176","XLOC_031693","T_minus","T_plus","STAT1","unknown","unknown",120.667536765932,36.319867718981,205.015205812882,2.96742383546297,23.1206565148424,2.49657326779637,,14.5955006958137,5.23773775443494,23.9532636371926,1.88495318835316,3.73530492239064,2.191056876011,,0.129983333333333,0.144333333333333,0.115633333333333,-0.0287,0.987686901861734,4.13875016021045e-82,FALSE,0,"XLOC_031693","STAT1","PB.5737.18","ENST00000361099.8","c","XLOC_031693",TRUE
"isoComp_00109225","geneComp_00015652","TCONS_00171180","XLOC_031693","T_minus","T_plus","STAT1","unknown","unknown",120.667536765932,36.319867718981,205.015205812882,2.96742383546297,23.1206565148424,2.49657326779637,,3.4210016393914,0.853466150312133,5.98853712847067,0.838478266527018,1.79118820958587,2.79639918428647,,0.0276,0.0272666666666667,0.0279333333333333,0.000666666666666666,0.459234507503382,4.13875016021045e-82,FALSE,0,"XLOC_031693","STAT1","PB.5737.20","ENST00000361099.8","c","XLOC_031693",TRUE
"isoComp_00109229","geneComp_00015652","TCONS_00171184","XLOC_031693","T_minus","T_plus","STAT1","unknown","unknown",120.667536765932,36.319867718981,205.015205812882,2.96742383546297,23.1206565148424,2.49657326779637,,1.00973179742586,1.34533179349755,0.674131801354157,0.758010030887766,0.674131801354157,-0.986299876079015,,0.0190833333333333,0.0340666666666667,0.0041,-0.0299666666666667,0.498464274593704,4.13875016021045e-82,FALSE,0,"XLOC_031693","STAT1","PB.5737.29","ENST00000361099.8","c","XLOC_031693",TRUE
"isoComp_00109234","geneComp_00015652","TCONS_00173550","XLOC_031693","T_minus","T_plus","STAT1","unknown","unknown",120.667536765932,36.319867718981,205.015205812882,2.96742383546297,23.1206565148424,2.49657326779637,,7.613864299769,2.29424068345294,12.9334879160851,0.796570744679167,6.03023478003105,2.48986311387476,,0.0622,0.0650333333333333,0.0593666666666667,-0.00566666666666667,0.999965743345945,4.13875016021045e-82,FALSE,0,"XLOC_031693","STAT1","PB.7428.12","ENST00000674081.1","c","XLOC_031693",TRUE
"isoComp_00109832","geneComp_00015739","TCONS_00168021","XLOC_031873","T_minus","T_plus","MREG","unknown","unknown",7.44200205100805,5.89897303666837,8.98503106534772,0.244187248619639,0.428724781342126,0.606220848252592,,1.32063509517039,0.515024071708699,2.12624611863209,0.0449867930967972,0.255335966267518,2.02462239545301,,0.161633333333333,0.0875333333333333,0.235733333333333,0.1482,0.000229496521754235,3.57357528346254e-13,FALSE,1,"XLOC_031873","MREG","ENST00000263268.11","ENST00000263268.11","=","XLOC_031873",FALSE
"isoComp_00109833","geneComp_00015739","TCONS_00168022","XLOC_031873","T_minus","T_plus","MREG","unknown","unknown",7.44200205100805,5.89897303666837,8.98503106534772,0.244187248619639,0.428724781342126,0.606220848252592,,2.32278189196871,1.17568329014221,3.46988049379521,0.132331013215,0.147846194561646,1.55331906118677,,0.293733333333333,0.1982,0.389266666666667,0.191066666666667,0.00211272959187691,3.57357528346254e-13,TRUE,0,"XLOC_031873","MREG","ENST00000620139.4","ENST00000620139.4","=","XLOC_031873",FALSE
"isoComp_00109835","geneComp_00015739","TCONS_00168027","XLOC_031873","T_minus","T_plus","PECR","unknown","unknown",7.44200205100805,5.89897303666837,8.98503106534772,0.244187248619639,0.428724781342126,0.606220848252592,,2.03999138221599,2.74831995858344,1.33166280584854,0.18295856422961,0.132939438790898,-1.03976768480724,,0.306916666666667,0.466133333333333,0.1477,-0.318433333333333,3.57357528346254e-13,3.57357528346254e-13,FALSE,0,"XLOC_031873","PECR","ENST00000265322.8","ENST00000265322.8","=","XLOC_031873",FALSE
"isoComp_00109836","geneComp_00015739","TCONS_00168028","XLOC_031873","T_minus","T_plus","PECR","unknown","unknown",7.44200205100805,5.89897303666837,8.98503106534772,0.244187248619639,0.428724781342126,0.606220848252592,,0.773930970137147,1.0582810958791,0.489580844395193,0.227196232621885,0.215843481214355,-1.09650124672076,,0.11665,0.176933333333333,0.0563666666666667,-0.120566666666667,0.374796607566341,3.57357528346254e-13,FALSE,0,"XLOC_031873","PECR","ENST00000461330.5","ENST00000461330.5","=","XLOC_031873",FALSE
"isoComp_00109837","geneComp_00015739","TCONS_00168031","XLOC_031873","T_minus","T_plus","PECR","unknown","unknown",7.44200205100805,5.89897303666837,8.98503106534772,0.244187248619639,0.428724781342126,0.606220848252592,,0.0711594329602949,0.106019461232289,0.0362994046883008,0.106019461232289,0.0362994046883008,-1.32530127617487,,0.0115666666666667,0.0186666666666667,0.00446666666666667,-0.0142,0.979841121262085,3.57357528346254e-13,FALSE,0,"XLOC_031873","PECR","ENST00000487318.6","ENST00000487318.6","=","XLOC_031873",FALSE
"isoComp_00109838","geneComp_00015739","TCONS_00173588","XLOC_031873","T_minus","T_plus","MREG","unknown","unknown",7.44200205100805,5.89897303666837,8.98503106534772,0.244187248619639,0.428724781342126,0.606220848252592,,0.895965006404167,0.260568614819942,1.53136139798839,0.260568614819942,0.459538747296989,2.51013875986097,,0.106366666666667,0.0463,0.166433333333333,0.120133333333333,0.322979588442996,3.57357528346254e-13,FALSE,0,"XLOC_031873","MREG","PB.7534.2","ENST00000620139.4","c","XLOC_031873",TRUE
"isoComp_00110827","geneComp_00015887","TCONS_00173813","XLOC_032186","T_minus","T_plus","ATRN","unknown","unknown",6.95246437034051,7.50313762939239,6.40179111128863,0.0720992850071974,0.245292707469195,-0.228688105584401,,4.20271653513469,5.25842342226551,3.14700964800387,0.143806895307993,0.213436979314149,-0.738812629784209,,0.5967,0.700633333333333,0.492766666666667,-0.207866666666667,0.000725105934843175,0.000725105934843175,FALSE,0,"XLOC_032186","ATRN","ENST00000262919.10","ENST00000262919.10","=","XLOC_032186",FALSE
"isoComp_00110828","geneComp_00015887","TCONS_00173814","XLOC_032186","T_minus","T_plus","ATRN","unknown","unknown",6.95246437034051,7.50313762939239,6.40179111128863,0.0720992850071974,0.245292707469195,-0.228688105584401,,2.10243194137245,1.70571109520863,2.49915278753627,0.0356338675907607,0.334565690644771,0.548393681060074,,0.307983333333333,0.227366666666667,0.3886,0.161233333333333,0.0395543531254329,0.000725105934843175,FALSE,0,"XLOC_032186","ATRN","ENST00000446916.2","ENST00000446916.2","=","XLOC_032186",FALSE
"isoComp_00110829","geneComp_00015887","TCONS_00180000","XLOC_032186","T_minus","T_plus","ATRN","unknown","unknown",6.95246437034051,7.50313762939239,6.40179111128863,0.0720992850071974,0.245292707469195,-0.228688105584401,,0.647315893833363,0.539003111918244,0.755628675748482,0.0593451516503146,0.0242740174470655,0.47983053844032,,0.0953,0.0719666666666667,0.118633333333333,0.0466666666666667,0.413646866961443,0.000725105934843175,FALSE,0,"XLOC_032186","ATRN","PB.9919.2","ENST00000262919.10","j","XLOC_032186",TRUE
"isoComp_00112069","geneComp_00016068","TCONS_00175435","XLOC_032569","T_minus","T_plus","SYS1","unknown","unknown",19.7489195920617,24.9704908114634,14.52734837266,1.14842005603795,0.16386876004124,-0.781037678804863,,0.508194691876267,0.862807896348608,0.153581487403927,0.0943853885513168,0.153581487403927,-2.41565466685257,,0.0226166666666667,0.0348333333333333,0.0104,-0.0244333333333333,0.370572174330753,0.0164921586111479,FALSE,0,"XLOC_032569","SYS1","PB.10157.1","ENST00000372727.5","=","XLOC_032569",TRUE
"isoComp_00112071","geneComp_00016068","TCONS_00175437","XLOC_032569","T_minus","T_plus","SYS1","unknown","unknown",19.7489195920617,24.9704908114634,14.52734837266,1.14842005603795,0.16386876004124,-0.781037678804863,,0.47806932376467,0.518317260634946,0.437821386894394,0.0199277527047528,0.0347063927819618,-0.238481115347984,,0.0255333333333333,0.0209333333333333,0.0301333333333333,0.0092,0.754775100052844,0.0164921586111479,FALSE,0,"XLOC_032569","SYS1","ENST00000426004.5","ENST00000426004.5","=","XLOC_032569",FALSE
"isoComp_00112073","geneComp_00016068","TCONS_00175439","XLOC_032569","T_minus","T_plus","SYS1","unknown","unknown",19.7489195920617,24.9704908114634,14.52734837266,1.14842005603795,0.16386876004124,-0.781037678804863,,9.01606287814067,9.15238624318929,8.87973951309206,0.687763899373627,0.840385566527156,-0.0435822355246059,,0.48995,0.3676,0.6123,0.2447,0.0164921586111479,0.0164921586111479,FALSE,0,"XLOC_032569","SYS1","PB.10157.4","ENST00000243918.10","=","XLOC_032569",TRUE
"isoComp_00112077","geneComp_00016068","TCONS_00175443","XLOC_032569","T_minus","T_plus","SYS1","unknown","unknown",19.7489195920617,24.9704908114634,14.52734837266,1.14842005603795,0.16386876004124,-0.781037678804863,,1.89889772364653,2.79768058371175,1.00011486358131,0.340354113249541,0.487340471783102,-1.47485946047288,,0.0906833333333333,0.113033333333333,0.0683333333333333,-0.0447,0.589881683077067,0.0164921586111479,FALSE,0,"XLOC_032569","SYS1","PB.10157.8","ENST00000453003.1","=","XLOC_032569",TRUE
"isoComp_00112081","geneComp_00016068","TCONS_00175447","XLOC_032569","T_minus","T_plus","DBNDD2","unknown","unknown",19.7489195920617,24.9704908114634,14.52734837266,1.14842005603795,0.16386876004124,-0.781037678804863,,0.32212995103683,0.592680479105432,0.0515794229682279,0.33621885762368,0.0515794229682279,-3.29087308273706,,0.0132833333333333,0.0230333333333333,0.00353333333333333,-0.0195,0.748970069505226,0.0164921586111479,FALSE,0,"XLOC_032569","DBNDD2","ENST00000372723.7","ENST00000372723.7","=","XLOC_032569",FALSE
"isoComp_00112084","geneComp_00016068","TCONS_00175451","XLOC_032569","T_minus","T_plus","DBNDD2","unknown","unknown",19.7489195920617,24.9704908114634,14.52734837266,1.14842005603795,0.16386876004124,-0.781037678804863,,0.528451475034244,0.765798855765964,0.291104094302523,0.13347592025275,0.0452313301995545,-1.36542032259301,,0.0255666666666667,0.0311666666666667,0.0199666666666667,-0.0112,0.732971021648693,0.0164921586111479,FALSE,0,"XLOC_032569","DBNDD2","ENST00000372717.5","ENST00000372717.5","=","XLOC_032569",FALSE
"isoComp_00112085","geneComp_00016068","TCONS_00175452","XLOC_032569","T_minus","T_plus","DBNDD2","unknown","unknown",19.7489195920617,24.9704908114634,14.52734837266,1.14842005603795,0.16386876004124,-0.781037678804863,,5.18825819259068,7.77353053260633,2.60298585257502,0.867078623962201,0.424256558693713,-1.57472538236593,,0.2444,0.3095,0.1793,-0.1302,0.054920398472299,0.0164921586111479,FALSE,0,"XLOC_032569","DBNDD2","ENST00000360981.8","ENST00000360981.8","=","XLOC_032569",FALSE
"isoComp_00112087","geneComp_00016068","TCONS_00179555","XLOC_032569","T_minus","T_plus","SYS1-DBNDD2","unknown","unknown",19.7489195920617,24.9704908114634,14.52734837266,1.14842005603795,0.16386876004124,-0.781037678804863,,0.675808825097945,0.765368490457477,0.586249159738413,0.196967817257345,0.300449504701444,-0.378966779812321,,0.0352666666666667,0.0306,0.0399333333333333,0.00933333333333333,0.977909070228344,0.0164921586111479,FALSE,0,"XLOC_032569","SYS1-DBNDD2","PB.6213.3","ENST00000419593.5","j","XLOC_032569",TRUE
"isoComp_00112291","geneComp_00016087","TCONS_00175682","XLOC_032601","T_minus","T_plus","NCOA3","unknown","unknown",9.63326131158971,9.62732597392428,9.63919664925513,0.517715622749671,0.745434544357833,0.00177593098859725,,3.08657630722976,2.53613289785639,3.63701971660314,0.20743695418685,0.252827798864638,0.51841027516637,,0.320333333333333,0.262866666666667,0.3778,0.114933333333333,0.0047359452281326,0.0047359452281326,FALSE,0,"XLOC_032601","NCOA3","ENST00000371998.8","ENST00000371998.8","=","XLOC_032601",FALSE
"isoComp_00112292","geneComp_00016087","TCONS_00175683","XLOC_032601","T_minus","T_plus","NCOA3","unknown","unknown",9.63326131158971,9.62732597392428,9.63919664925513,0.517715622749671,0.745434544357833,0.00177593098859725,,1.71694046293739,1.69400937477683,1.73987155109795,0.4282776957429,0.216623036047419,0.0383157525446705,,0.1758,0.1723,0.1793,0.00699999999999998,0.964944494114539,0.0047359452281326,FALSE,0,"XLOC_032601","NCOA3","ENST00000372004.7","ENST00000372004.7","=","XLOC_032601",FALSE
"isoComp_00112293","geneComp_00016087","TCONS_00175684","XLOC_032601","T_minus","T_plus","NCOA3","unknown","unknown",9.63326131158971,9.62732597392428,9.63919664925513,0.517715622749671,0.745434544357833,0.00177593098859725,,0.161978928159679,0.15019158517023,0.173766271149128,0.0230881458776298,0.0421053740231738,0.198073630344612,,0.0170833333333333,0.0158,0.0183666666666667,0.00256666666666667,0.968401285661488,0.0047359452281326,FALSE,0,"XLOC_032601","NCOA3","ENST00000371997.3","ENST00000371997.3","=","XLOC_032601",FALSE
"isoComp_00112294","geneComp_00016087","TCONS_00175686","XLOC_032601","T_minus","T_plus","NCOA3","unknown","unknown",9.63326131158971,9.62732597392428,9.63919664925513,0.517715622749671,0.745434544357833,0.00177593098859725,,0.19433234771636,0.30722350127236,0.0814411941603598,0.0794012651317832,0.0814411941603598,-1.79458350660111,,0.0197833333333333,0.0312666666666667,0.0083,-0.0229666666666667,0.449821262759257,0.0047359452281326,FALSE,0,"XLOC_032601","NCOA3","ENST00000497292.1","ENST00000497292.1","=","XLOC_032601",FALSE
"isoComp_00112297","geneComp_00016087","TCONS_00179569","XLOC_032601","T_minus","T_plus","NCOA3","unknown","unknown",9.63326131158971,9.62732597392428,9.63919664925513,0.517715622749671,0.745434544357833,0.00177593098859725,,3.65965388298418,4.22880754379086,3.0905002221775,0.304396534789411,0.188052862232684,-0.451157471776177,,0.382633333333333,0.443666666666667,0.3216,-0.122066666666667,0.369432873048267,0.0047359452281326,FALSE,0,"XLOC_032601","NCOA3","PB.6234.4","ENST00000371998.8","j","XLOC_032601",TRUE
"isoComp_00112298","geneComp_00016087","TCONS_00179844","XLOC_032601","T_minus","T_plus","NCOA3","unknown","unknown",9.63326131158971,9.62732597392428,9.63919664925513,0.517715622749671,0.745434544357833,0.00177593098859725,,0.694234602947716,0.652827990574847,0.735641215320585,0.119222365426674,0.235820177840305,0.169847079729296,,0.0715,0.0680333333333333,0.0749666666666667,0.00693333333333333,0.9825207121351,0.0047359452281326,FALSE,0,"XLOC_032601","NCOA3","PB.6127.3","ENST00000371998.8","j","XLOC_032601",TRUE
"isoComp_00112660","geneComp_00016148","TCONS_00176220","XLOC_032733","T_minus","T_plus","LINC02910","unknown","unknown",2.19556968537537,3.00195776753209,1.38918160321864,0.305328290587136,0.226324995453202,-1.10611831566821,,0.181686765116866,0.363373530233731,0,0.0266131185579343,0,-5.22254774833757,,0.06125,0.1225,0,-0.1225,0.000563283942716135,0.000563283942716135,FALSE,0,"XLOC_032733","LINC02910","ENST00000660831.1","ENST00000660831.1","=","XLOC_032733",FALSE
"isoComp_00112661","geneComp_00016148","TCONS_00176221","XLOC_032733","T_minus","T_plus","LINC02910","unknown","unknown",2.19556968537537,3.00195776753209,1.38918160321864,0.305328290587136,0.226324995453202,-1.10611831566821,,0.979431742131709,1.51861093762905,0.440252546634372,0.0956126659710667,0.0643303453065323,-1.76341491721132,,0.4205,0.509833333333333,0.331166666666667,-0.178666666666667,0.332139156467195,0.000563283942716135,FALSE,0,"XLOC_032733","LINC02910","ENST00000647608.2","ENST00000647608.2","=","XLOC_032733",FALSE
"isoComp_00112662","geneComp_00016148","TCONS_00176222","XLOC_032733","T_minus","T_plus","LINC02910","unknown","unknown",2.19556968537537,3.00195776753209,1.38918160321864,0.305328290587136,0.226324995453202,-1.10611831566821,,0.142434524887839,0,0.284869049775679,0,0.159399876863187,4.8820024962004,,0.0880833333333333,0,0.176166666666667,0.176166666666667,0.267854690453275,0.000563283942716135,FALSE,0,"XLOC_032733","LINC02910","ENST00000690445.1","ENST00000690445.1","=","XLOC_032733",FALSE
"isoComp_00112663","geneComp_00016148","TCONS_00176223","XLOC_032733","T_minus","T_plus","LINC02910","unknown","unknown",2.19556968537537,3.00195776753209,1.38918160321864,0.305328290587136,0.226324995453202,-1.10611831566821,,0.207621465695649,0.27638094583141,0.138861985559888,0.083587192948869,0.0261942903723382,-0.943960122791804,,0.09525,0.0911,0.0994,0.0083,0.96288836806089,0.000563283942716135,FALSE,0,"XLOC_032733","LINC02910","ENST00000691246.1","ENST00000691246.1","=","XLOC_032733",FALSE
"isoComp_00112664","geneComp_00016148","TCONS_00176224","XLOC_032733","T_minus","T_plus","LINC02910","unknown","unknown",2.19556968537537,3.00195776753209,1.38918160321864,0.305328290587136,0.226324995453202,-1.10611831566821,,0.032259918725588,0.040087479203068,0.024432358248108,0.040087479203068,0.024432358248108,-0.54068501216674,,0.0186,0.0111,0.0261,0.015,0.989880353006612,0.000563283942716135,FALSE,0,"XLOC_032733","LINC02910","ENST00000686863.1","ENST00000686863.1","=","XLOC_032733",FALSE
"isoComp_00112665","geneComp_00016148","TCONS_00176225","XLOC_032733","T_minus","T_plus","LINC02910","unknown","unknown",2.19556968537537,3.00195776753209,1.38918160321864,0.305328290587136,0.226324995453202,-1.10611831566821,,0.0977509918883461,0.0941305013305233,0.101371482446169,0.0579351846283378,0.0507455698868577,0.0969871496340326,,0.0478166666666667,0.0329,0.0627333333333333,0.0298333333333333,0.903363978287209,0.000563283942716135,FALSE,0,"XLOC_032733","LINC02910","ENST00000685502.1","ENST00000685502.1","=","XLOC_032733",FALSE
"isoComp_00112666","geneComp_00016148","TCONS_00176226","XLOC_032733","T_minus","T_plus","LINC02910","unknown","unknown",2.19556968537537,3.00195776753209,1.38918160321864,0.305328290587136,0.226324995453202,-1.10611831566821,,0.400758767391157,0.490130670831952,0.311386863950363,0.124732985814451,0.00972408527283173,-0.637994119026648,,0.1995,0.16,0.239,0.079,0.785502963419257,0.000563283942716135,FALSE,0,"XLOC_032733","LINC02910","ENST00000625080.1","ENST00000625080.1","=","XLOC_032733",FALSE
"isoComp_00112667","geneComp_00016148","TCONS_00180216","XLOC_032733","T_minus","T_plus","LINC02910","unknown","unknown",2.19556968537537,3.00195776753209,1.38918160321864,0.305328290587136,0.226324995453202,-1.10611831566821,,0.153625509538211,0.219243702472361,0.0880073166040612,0.0302750077432651,0.0143363105740836,-1.22592074143982,,0.0690166666666667,0.0725333333333333,0.0655,-0.00703333333333334,0.980559640717325,0.000563283942716135,FALSE,0,"XLOC_032733","LINC02910","PB.10265.4","ENST00000625080.1","j","XLOC_032733",TRUE
"isoComp_00113569","geneComp_00016322","TCONS_00177814","XLOC_033118","T_minus","T_plus","BCL2L1","unknown","unknown",59.4767166313097,28.968601214569,89.9848320480503,1.73141101319651,6.43787465177709,1.63485419881292,,6.21232377093351,0.491582158471547,11.9330653833955,0.324717250124723,0.283174614545095,4.5735433335565,,0.0747333333333333,0.0158333333333333,0.133633333333333,0.1178,0.040370853781941,3.63496859506837e-07,FALSE,1,"XLOC_033118","BCL2L1","ENST00000376062.6","ENST00000376062.6","=","XLOC_033118",FALSE
"isoComp_00113570","geneComp_00016322","TCONS_00177815","XLOC_033118","T_minus","T_plus","BCL2L1","unknown","unknown",59.4767166313097,28.968601214569,89.9848320480503,1.73141101319651,6.43787465177709,1.63485419881292,,1.19992419562615,0.654208200164876,1.74564019108742,0.0694861879881946,0.209525897064641,1.40228976341067,,0.02135,0.0229,0.0198,-0.0031,0.922028202649304,3.63496859506837e-07,FALSE,0,"XLOC_033118","BCL2L1","ENST00000376055.9","ENST00000376055.9","=","XLOC_033118",FALSE
"isoComp_00113571","geneComp_00016322","TCONS_00177816","XLOC_033118","T_minus","T_plus","BCL2L1","unknown","unknown",59.4767166313097,28.968601214569,89.9848320480503,1.73141101319651,6.43787465177709,1.63485419881292,,14.7209201171737,5.53456555362143,23.907274680726,0.200656577283598,1.84647129647108,2.1089066800171,,0.2289,0.1917,0.2661,0.0744,0.00310625581023483,3.63496859506837e-07,FALSE,0,"XLOC_033118","BCL2L1","ENST00000307677.5","ENST00000307677.5","=","XLOC_033118",FALSE
"isoComp_00113572","geneComp_00016322","TCONS_00177817","XLOC_033118","T_minus","T_plus","BCL2L1","unknown","unknown",59.4767166313097,28.968601214569,89.9848320480503,1.73141101319651,6.43787465177709,1.63485419881292,,8.92766034013575,1.86987307787669,15.9854476023948,1.14706723354294,1.48210094337369,3.08895419927961,,0.119283333333333,0.0611666666666667,0.1774,0.116233333333333,0.736623805807066,3.63496859506837e-07,FALSE,0,"XLOC_033118","BCL2L1","ENST00000677194.1","ENST00000677194.1","=","XLOC_033118",FALSE
"isoComp_00113573","geneComp_00016322","TCONS_00177818","XLOC_033118","T_minus","T_plus","BCL2L1","unknown","unknown",59.4767166313097,28.968601214569,89.9848320480503,1.73141101319651,6.43787465177709,1.63485419881292,,0.839711272457662,0.120262437609204,1.55916010730612,0.120262437609204,0.20110997975259,3.59049952902094,,0.0105666666666667,0.0037,0.0174333333333333,0.0137333333333333,0.299575059096084,3.63496859506837e-07,FALSE,0,"XLOC_033118","BCL2L1","ENST00000434194.2","ENST00000434194.2","=","XLOC_033118",FALSE
"isoComp_00113574","geneComp_00016322","TCONS_00177819","XLOC_033118","T_minus","T_plus","BCL2L1","unknown","unknown",59.4767166313097,28.968601214569,89.9848320480503,1.73141101319651,6.43787465177709,1.63485419881292,,3.0946179210207,1.62257354082218,4.56666230121923,0.148749206452006,0.288362557464652,1.48714786273713,,0.0534166666666667,0.056,0.0508333333333333,-0.00516666666666667,0.860892498378892,3.63496859506837e-07,FALSE,0,"XLOC_033118","BCL2L1","ENST00000676582.1","ENST00000676582.1","=","XLOC_033118",FALSE
"isoComp_00113576","geneComp_00016322","TCONS_00177821","XLOC_033118","T_minus","T_plus","BCL2L1","unknown","unknown",59.4767166313097,28.968601214569,89.9848320480503,1.73141101319651,6.43787465177709,1.63485419881292,,1.47451769247148,1.7519261444462,1.19710924049677,0.154295262281276,0.328433068401235,-0.545597208895621,,0.0366166666666667,0.0602666666666667,0.0129666666666667,-0.0473,2.2479429582002e-05,3.63496859506837e-07,FALSE,0,"XLOC_033118","BCL2L1","ENST00000456404.6","ENST00000456404.6","=","XLOC_033118",FALSE
"isoComp_00113577","geneComp_00016322","TCONS_00177822","XLOC_033118","T_minus","T_plus","BCL2L1","unknown","unknown",59.4767166313097,28.968601214569,89.9848320480503,1.73141101319651,6.43787465177709,1.63485419881292,,2.0479213436025,2.16570072263613,1.93014196456886,0.292566633964022,0.193371729903118,-0.165317899552442,,0.0481,0.0747,0.0215,-0.0532,3.63496859506837e-07,3.63496859506837e-07,FALSE,0,"XLOC_033118","BCL2L1","ENST00000678563.1","ENST00000678563.1","=","XLOC_033118",FALSE
"isoComp_00113578","geneComp_00016322","TCONS_00177823","XLOC_033118","T_minus","T_plus","BCL2L1","unknown","unknown",59.4767166313097,28.968601214569,89.9848320480503,1.73141101319651,6.43787465177709,1.63485419881292,,1.33468302030015,1.39958094710422,1.26978509349609,0.26442326915997,0.208083878211777,-0.139364761427136,,0.0320166666666667,0.0496666666666667,0.0143666666666667,-0.0353,0.0433615191640385,3.63496859506837e-07,FALSE,0,"XLOC_033118","BCL2L1","ENST00000420488.6","ENST00000420488.6","=","XLOC_033118",FALSE
"isoComp_00113579","geneComp_00016322","TCONS_00177824","XLOC_033118","T_minus","T_plus","BCL2L1","unknown","unknown",59.4767166313097,28.968601214569,89.9848320480503,1.73141101319651,6.43787465177709,1.63485419881292,,4.38015356871503,5.03402648781104,3.72628064961902,0.582938718216159,0.494299128801233,-0.432973025013046,,0.108783333333333,0.174966666666667,0.0426,-0.132366666666667,9.36426096091626e-07,3.63496859506837e-07,FALSE,0,"XLOC_033118","BCL2L1","ENST00000439267.2","ENST00000439267.2","=","XLOC_033118",FALSE
"isoComp_00113581","geneComp_00016322","TCONS_00177826","XLOC_033118","T_minus","T_plus","BCL2L1","unknown","unknown",59.4767166313097,28.968601214569,89.9848320480503,1.73141101319651,6.43787465177709,1.63485419881292,,13.4458351058227,7.56894875566743,19.322721455978,0.554815339064528,3.31808472100169,1.3509750820068,,0.237566666666667,0.2631,0.212033333333333,-0.0510666666666667,0.660060231121636,3.63496859506837e-07,FALSE,0,"XLOC_033118","BCL2L1","ENST00000677494.1","ENST00000677494.1","=","XLOC_033118",FALSE
"isoComp_00113583","geneComp_00016322","TCONS_00180564","XLOC_033118","T_minus","T_plus","BCL2L1","unknown","unknown",59.4767166313097,28.968601214569,89.9848320480503,1.73141101319651,6.43787465177709,1.63485419881292,,1.16448416615278,0.420121512733001,1.90884681957256,0.0266772592924129,0.564925003854877,2.15742335134095,,0.0178,0.0146666666666667,0.0209333333333333,0.00626666666666667,0.833632809427996,3.63496859506837e-07,FALSE,1,"XLOC_033118","BCL2L1","PB.7774.4","ENST00000678671.1","j","XLOC_033118",TRUE
"isoComp_00114230","geneComp_00016390","TCONS_00178453","XLOC_033239","T_minus","T_plus","ZHX3","unknown","unknown",2.70526076298277,3.22305615718366,2.18746536878188,0.277700231969857,0.104871018265643,-0.557058137624553,,0.725839661848732,0.864460354924074,0.58721896877339,0.0730157345392872,0.0960796056498269,-0.550132989864795,,0.270566666666667,0.2756,0.265533333333333,-0.0100666666666667,0.987327989734497,0.0330509816822713,FALSE,0,"XLOC_033239","ZHX3","ENST00000421422.1","ENST00000421422.1","=","XLOC_033239",FALSE
"isoComp_00114231","geneComp_00016390","TCONS_00178454","XLOC_033239","T_minus","T_plus","ZHX3","unknown","unknown",2.70526076298277,3.22305615718366,2.18746536878188,0.277700231969857,0.104871018265643,-0.557058137624553,,0.145820868883585,0.29164173776717,0,0.251436919335738,0,-4.91476416110533,,0.0534333333333333,0.106866666666667,0,-0.106866666666667,0.634065088921059,0.0330509816822713,FALSE,1,"XLOC_033239","ZHX3","ENST00000309060.7","ENST00000309060.7","=","XLOC_033239",FALSE
"isoComp_00114232","geneComp_00016390","TCONS_00178455","XLOC_033239","T_minus","T_plus","ZHX3","unknown","unknown",2.70526076298277,3.22305615718366,2.18746536878188,0.277700231969857,0.104871018265643,-0.557058137624553,,1.08232713543619,1.43272000516738,0.731934265705002,0.486435966116082,0.0369682150092377,-0.9594280600653,,0.380616666666667,0.423566666666667,0.337666666666667,-0.0859,0.888854333253817,0.0330509816822713,FALSE,1,"XLOC_033239","ZHX3","ENST00000683867.1","ENST00000683867.1","=","XLOC_033239",FALSE
"isoComp_00114233","geneComp_00016390","TCONS_00178457","XLOC_033239","T_minus","T_plus","ZHX3","unknown","unknown",2.70526076298277,3.22305615718366,2.18746536878188,0.277700231969857,0.104871018265643,-0.557058137624553,,0.125745851211362,0.108492071202991,0.142999631219734,0.0927945229553069,0.0529559493436311,0.36873764991338,,0.04865,0.0318666666666667,0.0654333333333333,0.0335666666666667,0.781206715629766,0.0330509816822713,FALSE,1,"XLOC_033239","ZHX3","ENST00000559234.5","ENST00000559234.5","=","XLOC_033239",FALSE
"isoComp_00114234","geneComp_00016390","TCONS_00178458","XLOC_033239","T_minus","T_plus","ZHX3","unknown","unknown",2.70526076298277,3.22305615718366,2.18746536878188,0.277700231969857,0.104871018265643,-0.557058137624553,,0.138418474537948,0.130746324333565,0.146090624742332,0.025347243335043,0.0470026682263751,0.149286641415139,,0.0536,0.0416333333333333,0.0655666666666667,0.0239333333333333,0.891698636968207,0.0330509816822713,FALSE,1,"XLOC_033239","ZHX3","ENST00000544979.6","ENST00000544979.6","=","XLOC_033239",FALSE
"isoComp_00114235","geneComp_00016390","TCONS_00178459","XLOC_033239","T_minus","T_plus","ZHX3","unknown","unknown",2.70526076298277,3.22305615718366,2.18746536878188,0.277700231969857,0.104871018265643,-0.557058137624553,,0.119356759583995,0.189848802671773,0.0488647164962159,0.189848802671773,0.0488647164962159,-1.76343388235071,,0.0375333333333333,0.0543666666666667,0.0207,-0.0336666666666667,0.997788721103375,0.0330509816822713,FALSE,0,"XLOC_033239","ZHX3","ENST00000559436.2","ENST00000559436.2","=","XLOC_033239",FALSE
"isoComp_00114237","geneComp_00016390","TCONS_00178462","XLOC_033239","T_minus","T_plus","ZHX3","unknown","unknown",2.70526076298277,3.22305615718366,2.18746536878188,0.277700231969857,0.104871018265643,-0.557058137624553,,0.220926121709479,0.0345179641221406,0.407334279296817,0.0345179641221406,0.0721875298592966,3.22874390402491,,0.0984333333333333,0.0099,0.186966666666667,0.177066666666667,0.0330509816822713,0.0330509816822713,FALSE,1,"XLOC_033239","ZHX3","ENST00000432768.6","ENST00000432768.6","=","XLOC_033239",FALSE
"isoComp_00114238","geneComp_00016390","TCONS_00178464","XLOC_033239","T_minus","T_plus","ZHX3","unknown","unknown",2.70526076298277,3.22305615718366,2.18746536878188,0.277700231969857,0.104871018265643,-0.557058137624553,,0.0705645363895978,0.0835360150027231,0.0575930577764724,0.0835360150027231,0.0575930577764724,-0.468646885212072,,0.03005,0.0313,0.0288,-0.0025,0.990530553139362,0.0330509816822713,FALSE,0,"XLOC_033239","ZHX3","ENST00000373261.5","ENST00000373261.5","=","XLOC_033239",FALSE
"isoComp_00114239","geneComp_00016390","TCONS_00178466","XLOC_033239","T_minus","T_plus","ZHX3","unknown","unknown",2.70526076298277,3.22305615718366,2.18746536878188,0.277700231969857,0.104871018265643,-0.557058137624553,,0.0452422496369179,0.0250546745019175,0.0654298247719182,0.0250546745019175,0.0465772775106988,1.1055282356142,,0.0182166666666667,0.00713333333333333,0.0293,0.0221666666666667,0.853703789313891,0.0330509816822713,TRUE,0,"XLOC_033239","ZHX3","ENST00000436099.6","ENST00000436099.6","=","XLOC_033239",FALSE
"isoComp_00114922","geneComp_00016528","TCONS_00179421","XLOC_033502","T_minus","T_plus","ZBTB46","unknown","unknown",13.9107845773518,15.8787946084557,11.9427745462479,0.606283238465714,0.843106986257235,-0.410664136168359,,10.5236071635026,12.9542371365893,8.09297719041583,0.234314354752144,0.906550729317051,-0.678013330652051,,0.746016666666667,0.8182,0.673833333333333,-0.144366666666667,0.0231561538773718,0.0231561538773718,FALSE,2,"XLOC_033502","ZBTB46","ENST00000395104.5","ENST00000395104.5","=","XLOC_033502",FALSE
"isoComp_00114923","geneComp_00016528","TCONS_00179422","XLOC_033502","T_minus","T_plus","ZBTB46","unknown","unknown",13.9107845773518,15.8787946084557,11.9427745462479,0.606283238465714,0.843106986257235,-0.410664136168359,,2.36576494960793,1.79110573299675,2.94042416621912,0.38232371921514,0.290597576895542,0.712039501289107,,0.181633333333333,0.111566666666667,0.2517,0.140133333333333,0.123245892195535,0.0231561538773718,FALSE,2,"XLOC_033502","ZBTB46","ENST00000245663.9","ENST00000245663.9","=","XLOC_033502",FALSE
"isoComp_00114924","geneComp_00016528","TCONS_00179423","XLOC_033502","T_minus","T_plus","ZBTB46","unknown","unknown",13.9107845773518,15.8787946084557,11.9427745462479,0.606283238465714,0.843106986257235,-0.410664136168359,,0.141645908799533,0.145604973123958,0.137686844475109,0.0729469668883126,0.053959325025851,-0.0753468488456362,,0.0104166666666667,0.0092,0.0116333333333333,0.00243333333333333,0.938318242992971,0.0231561538773718,TRUE,0,"XLOC_033502","ZBTB46","ENST00000302995.2","ENST00000302995.2","=","XLOC_033502",FALSE
"isoComp_00114925","geneComp_00016528","TCONS_00179424","XLOC_033502","T_minus","T_plus","ZBTB46","unknown","unknown",13.9107845773518,15.8787946084557,11.9427745462479,0.606283238465714,0.843106986257235,-0.410664136168359,,0.72546493672235,0.679243528306823,0.771686345137878,0.139454477465963,0.252199043661701,0.181576020293098,,0.0525666666666667,0.0422666666666667,0.0628666666666667,0.0206,0.83675611724588,0.0231561538773718,TRUE,0,"XLOC_033502","ZBTB46","ENST00000650966.1","ENST00000650966.1","=","XLOC_033502",FALSE
"isoComp_00114941","geneComp_00016534","TCONS_00179444","XLOC_033510","T_minus","T_plus","RGS19","unknown","unknown",28.4027461983099,43.4345235677766,13.3709688288431,2.92858066118856,0.225534856181664,-1.69899175257115,,9.54160734422086,16.7738225133031,2.30939217513863,1.00956282790316,0.628419131496753,-2.8552526425434,,0.279633333333333,0.3868,0.172466666666667,-0.214333333333333,0.0132905275299768,1.56028382643058e-09,FALSE,0,"XLOC_033510","RGS19","ENST00000395042.2","ENST00000395042.2","=","XLOC_033510",FALSE
"isoComp_00114942","geneComp_00016534","TCONS_00179445","XLOC_033510","T_minus","T_plus","RGS19","unknown","unknown",28.4027461983099,43.4345235677766,13.3709688288431,2.92858066118856,0.225534856181664,-1.69899175257115,,15.7625950448899,21.4128236371483,10.1123664526316,1.03452904034336,0.346141076300744,-1.08160203792891,,0.6256,0.494366666666667,0.756833333333333,0.262466666666667,1.56028382643058e-09,1.56028382643058e-09,FALSE,0,"XLOC_033510","RGS19","ENST00000332298.9","ENST00000332298.9","=","XLOC_033510",FALSE
"isoComp_00114943","geneComp_00016534","TCONS_00179446","XLOC_033510","T_minus","T_plus","RGS19","unknown","unknown",28.4027461983099,43.4345235677766,13.3709688288431,2.92858066118856,0.225534856181664,-1.69899175257115,,0.982440866512085,1.36043925389677,0.604442479127395,0.0922373552879414,0.0749917357696376,-1.15728851615555,,0.0385,0.0318666666666667,0.0451333333333333,0.0132666666666667,0.674247032163466,1.56028382643058e-09,,0,"XLOC_033510","RGS19","ENST00000493165.1","ENST00000493165.1","=","XLOC_033510",FALSE
"isoComp_00114944","geneComp_00016534","TCONS_00179447","XLOC_033510","T_minus","T_plus","RGS19","unknown","unknown",28.4027461983099,43.4345235677766,13.3709688288431,2.92858066118856,0.225534856181664,-1.69899175257115,,2.11610294268698,3.88743816342843,0.344767721945523,1.29993824924965,0.344767721945523,-3.4575794742791,,0.0563,0.0870333333333333,0.0255666666666667,-0.0614666666666667,0.276148629078762,1.56028382643058e-09,,0,"XLOC_033510","RGS19","ENST00000479996.1","ENST00000479996.1","=","XLOC_033510",FALSE
"isoComp_00117162","geneComp_00016926","TCONS_00184447","XLOC_034422","T_minus","T_plus","PEX26","unknown","unknown",14.9313672915089,17.6113041775486,12.2514304054691,4.43234005269971,0.339321556162885,-0.523193411982274,,0.526667145710719,0.627815892595585,0.425518398825853,0.241873264225416,0.0616385769795788,-0.550406378053628,,0.0361166666666667,0.0375,0.0347333333333333,-0.00276666666666667,0.983292617413375,0.00287033926132072,FALSE,0,"XLOC_034422","PEX26","ENST00000329627.11","ENST00000329627.11","=","XLOC_034422",FALSE
"isoComp_00117163","geneComp_00016926","TCONS_00184448","XLOC_034422","T_minus","T_plus","ENSG00000288683","unknown","unknown",14.9313672915089,17.6113041775486,12.2514304054691,4.43234005269971,0.339321556162885,-0.523193411982274,,0.451970829854466,0.394316383264203,0.509625276444729,0.11578057247544,0.158130550899352,0.361986946277741,,0.0318666666666667,0.0221333333333333,0.0416,0.0194666666666667,0.742395934247981,0.00287033926132072,FALSE,0,"XLOC_034422","ENSG00000288683","ENST00000474897.6","ENST00000474897.6","=","XLOC_034422",FALSE
"isoComp_00117164","geneComp_00016926","TCONS_00184449","XLOC_034422","T_minus","T_plus","PEX26","unknown","unknown",14.9313672915089,17.6113041775486,12.2514304054691,4.43234005269971,0.339321556162885,-0.523193411982274,,2.37300545841304,1.93818585148329,2.80782506534278,0.3478558955308,0.0860898074926112,0.532450736773332,,0.1726,0.115966666666667,0.229233333333333,0.113266666666667,0.0209001459102493,0.00287033926132072,FALSE,1,"XLOC_034422","PEX26","ENST00000399744.8","ENST00000399744.8","=","XLOC_034422",FALSE
"isoComp_00117165","geneComp_00016926","TCONS_00184450","XLOC_034422","T_minus","T_plus","PEX26","unknown","unknown",14.9313672915089,17.6113041775486,12.2514304054691,4.43234005269971,0.339321556162885,-0.523193411982274,,3.40677662502761,2.90096768657636,3.91258556347887,0.686994023967668,0.331409413169746,0.430306092286811,,0.243383333333333,0.165866666666667,0.3209,0.155033333333333,0.00287033926132072,0.00287033926132072,FALSE,0,"XLOC_034422","PEX26","ENST00000428061.2","ENST00000428061.2","=","XLOC_034422",FALSE
"isoComp_00117167","geneComp_00016926","TCONS_00184453","XLOC_034422","T_minus","T_plus","TUBA8","unknown","unknown",14.9313672915089,17.6113041775486,12.2514304054691,4.43234005269971,0.339321556162885,-0.523193411982274,,0.552038809016188,0.726206348632641,0.377871269399735,0.219639639659029,0.0602773572803782,-0.924532274994923,,0.0355,0.0404,0.0306,-0.0098,0.820059454427438,0.00287033926132072,FALSE,0,"XLOC_034422","TUBA8","ENST00000680175.1","ENST00000680175.1","=","XLOC_034422",FALSE
"isoComp_00117169","geneComp_00016926","TCONS_00184455","XLOC_034422","T_minus","T_plus","TUBA8","unknown","unknown",14.9313672915089,17.6113041775486,12.2514304054691,4.43234005269971,0.339321556162885,-0.523193411982274,,5.92185850497477,8.20241265875891,3.64130435119064,2.46840798540855,0.361704170300187,-1.16939419372994,,0.376,0.455566666666667,0.296433333333333,-0.159133333333333,0.00513080557000344,0.00287033926132072,FALSE,0,"XLOC_034422","TUBA8","ENST00000316027.10","ENST00000316027.10","=","XLOC_034422",FALSE
"isoComp_00117170","geneComp_00016926","TCONS_00184456","XLOC_034422","T_minus","T_plus","TUBA8","unknown","unknown",14.9313672915089,17.6113041775486,12.2514304054691,4.43234005269971,0.339321556162885,-0.523193411982274,,1.29345464373487,2.22135161763488,0.365557669834865,0.48835164796934,0.14521825938785,-2.57081150514985,,0.0798666666666667,0.130433333333333,0.0293,-0.101133333333333,0.0231715415901148,0.00287033926132072,FALSE,0,"XLOC_034422","TUBA8","ENST00000330423.8","ENST00000330423.8","=","XLOC_034422",FALSE
"isoComp_00117173","geneComp_00016926","TCONS_00184459","XLOC_034422","T_minus","T_plus","TUBA8","unknown","unknown",14.9313672915089,17.6113041775486,12.2514304054691,4.43234005269971,0.339321556162885,-0.523193411982274,,0.173395736439066,0.247197993677724,0.0995934792004078,0.121316070529067,0.0453071088440936,-1.23071742802976,,0.0102833333333333,0.0126,0.00796666666666667,-0.00463333333333333,0.868697123832554,0.00287033926132072,FALSE,0,"XLOC_034422","TUBA8","ENST00000608634.1","ENST00000608634.1","=","XLOC_034422",FALSE
"isoComp_00117174","geneComp_00016927","TCONS_00184460","XLOC_034423","T_minus","T_plus","USP18","unknown","unknown",55.1222393392642,5.76562097408552,104.478857704443,1.27862981238991,14.4398220659017,4.17722922848194,,1.59395775929675,1.0038246299419,2.1840908886516,0.0786832865954467,0.29693492439831,1.11381517117102,,0.1032,0.1852,0.0212,-0.164,6.86825755110925e-14,6.86825755110925e-14,FALSE,0,"XLOC_034423","USP18","PB.10528.1","ENST00000215794.8","=","XLOC_034423",TRUE
"isoComp_00117175","geneComp_00016927","TCONS_00189514","XLOC_034423","T_minus","T_plus","USP18","unknown","unknown",55.1222393392642,5.76562097408552,104.478857704443,1.27862981238991,14.4398220659017,4.17722922848194,,5.2544325711584,0.381809021207147,10.1270561211097,0.179097843727616,1.7114339609828,4.69334431790783,,0.0781666666666667,0.0601666666666667,0.0961666666666667,0.036,0.674228768374827,6.86825755110925e-14,FALSE,0,"XLOC_034423","USP18","PB.6428.1","ENST00000215794.8","j","XLOC_034423",TRUE
"isoComp_00117177","geneComp_00016927","TCONS_00189686","XLOC_034423","T_minus","T_plus","USP18","unknown","unknown",55.1222393392642,5.76562097408552,104.478857704443,1.27862981238991,14.4398220659017,4.17722922848194,,0.908359502729257,0.0246556886586719,1.79206331679984,0.0246556886586719,0.505896896822343,5.70041370478313,,0.0116166666666667,0.00496666666666667,0.0182666666666667,0.0133,0.517076013797133,6.86825755110925e-14,FALSE,0,"XLOC_034423","USP18","PB.6313.5","ENST00000215794.8","j","XLOC_034423",TRUE
"isoComp_00117182","geneComp_00016927","TCONS_00189692","XLOC_034423","T_minus","T_plus","USP18","unknown","unknown",55.1222393392642,5.76562097408552,104.478857704443,1.27862981238991,14.4398220659017,4.17722922848194,,5.13475205089388,0.352996359310096,9.91650774247767,0.182511058646792,2.39000651780454,4.77325926678214,,0.0804833333333333,0.0682666666666667,0.0927,0.0244333333333333,0.740027868425881,6.86825755110925e-14,TRUE,0,"XLOC_034423","USP18","PB.8146.4","ENST00000215794.8","j","XLOC_034423",TRUE
"isoComp_00117183","geneComp_00016927","TCONS_00189693","XLOC_034423","T_minus","T_plus","USP18","unknown","unknown",55.1222393392642,5.76562097408552,104.478857704443,1.27862981238991,14.4398220659017,4.17722922848194,,10.1101362249565,1.23501079968654,18.9852616502265,0.414704487766747,3.2062818037826,3.93140942260885,,0.191883333333333,0.203633333333333,0.180133333333333,-0.0235,0.821736451886636,6.86825755110925e-14,FALSE,0,"XLOC_034423","USP18","PB.8146.19","ENST00000215794.8","c","XLOC_034423",TRUE
"isoComp_00117184","geneComp_00016927","TCONS_00189695","XLOC_034423","T_minus","T_plus","USP18","unknown","unknown",55.1222393392642,5.76562097408552,104.478857704443,1.27862981238991,14.4398220659017,4.17722922848194,,0.0442335763672288,0.0884671527344575,0,0.0811828450248318,0,-3.29964254192626,,0.0108,0.0216,0,-0.0216,0.404593685765651,6.86825755110925e-14,FALSE,0,"XLOC_034423","USP18","PB.6313.21","ENST00000215794.8","c","XLOC_034423",TRUE
"isoComp_00117185","geneComp_00016927","TCONS_00189696","XLOC_034423","T_minus","T_plus","USP18","unknown","unknown",55.1222393392642,5.76562097408552,104.478857704443,1.27862981238991,14.4398220659017,4.17722922848194,,2.7825093786018,0.446946240655478,5.11807251654812,0.384828724492528,1.8257184965702,3.48832031487503,,0.0668666666666667,0.0865,0.0472333333333333,-0.0392666666666667,0.915762689032191,6.86825755110925e-14,FALSE,0,"XLOC_034423","USP18","PB.8146.20","ENST00000215794.8","c","XLOC_034423",TRUE
"isoComp_00117186","geneComp_00016927","TCONS_00189697","XLOC_034423","T_minus","T_plus","USP18","unknown","unknown",55.1222393392642,5.76562097408552,104.478857704443,1.27862981238991,14.4398220659017,4.17722922848194,,6.56605841139988,1.18837793753242,11.9437388852673,0.674950716385089,4.70192654551358,3.31830706046676,,0.155766666666667,0.194633333333333,0.1169,-0.0777333333333333,0.985921576210407,6.86825755110925e-14,FALSE,0,"XLOC_034423","USP18","PB.6313.24","ENST00000215794.8","c","XLOC_034423",TRUE
"isoComp_00117187","geneComp_00016927","TCONS_00189698","XLOC_034423","T_minus","T_plus","USP18","unknown","unknown",55.1222393392642,5.76562097408552,104.478857704443,1.27862981238991,14.4398220659017,4.17722922848194,,10.6975220808544,0.280249856783329,21.1147943049255,0.280249856783329,4.67966535509604,6.18549812828615,,0.1339,0.0690666666666667,0.198733333333333,0.129666666666667,0.384476343629647,6.86825755110925e-14,FALSE,0,"XLOC_034423","USP18","PB.6313.25","ENST00000215794.8","c","XLOC_034423",TRUE
"isoComp_00117188","geneComp_00016927","TCONS_00190177","XLOC_034423","T_minus","T_plus","USP18","unknown","unknown",55.1222393392642,5.76562097408552,104.478857704443,1.27862981238991,14.4398220659017,4.17722922848194,,1.67398126515654,0.0673284324805808,3.28063409783251,0.0414273129978027,0.222644625379011,5.4112228360618,,0.0210166666666667,0.00973333333333333,0.0323,0.0225666666666667,0.15116423827741,6.86825755110925e-14,TRUE,2,"XLOC_034423","USP18","PB.8146.3","ENST00000215794.8","m","XLOC_034423",TRUE
"isoComp_00117192","geneComp_00016927","TCONS_00190182","XLOC_034423","T_minus","T_plus","USP18","unknown","unknown",55.1222393392642,5.76562097408552,104.478857704443,1.27862981238991,14.4398220659017,4.17722922848194,,1.53830616962992,0,3.07661233925983,0,0.728096882270523,8.26988048991375,,0.0144833333333333,0,0.0289666666666667,0.0289666666666667,4.0918969875671e-07,6.86825755110925e-14,FALSE,0,"XLOC_034423","USP18","PB.8146.13","ENST00000215794.8","j","XLOC_034423",TRUE
"isoComp_00117193","geneComp_00016927","TCONS_00190183","XLOC_034423","T_minus","T_plus","USP18","unknown","unknown",55.1222393392642,5.76562097408552,104.478857704443,1.27862981238991,14.4398220659017,4.17722922848194,,6.68920643813976,0.538644751159917,12.8397681251196,0.471707674917838,0.93628611769049,4.54972621299845,,0.0979666666666667,0.0691333333333333,0.1268,0.0576666666666667,0.511663345794523,6.86825755110925e-14,FALSE,0,"XLOC_034423","USP18","PB.8146.24","ENST00000215794.8","c","XLOC_034423",TRUE
"isoComp_00117838","geneComp_00017033","TCONS_00185445","XLOC_034711","T_minus","T_plus","CCDC117","unknown","unknown",8.7173021640539,8.54513139738417,8.88947293072363,0.144190588283577,0.632764213665539,0.0569298822310655,,2.89576294066546,2.68868165680389,3.10284422452704,0.165747419416046,0.156576423784663,0.205978579150637,,0.3324,0.314533333333333,0.350266666666667,0.0357333333333333,0.81690062208363,0.0261885650457244,FALSE,0,"XLOC_034711","CCDC117","ENST00000249064.9","ENST00000249064.9","=","XLOC_034711",FALSE
"isoComp_00117840","geneComp_00017033","TCONS_00185448","XLOC_034711","T_minus","T_plus","CCDC117","unknown","unknown",8.7173021640539,8.54513139738417,8.88947293072363,0.144190588283577,0.632764213665539,0.0569298822310655,,0.268797880250779,0.194779940403508,0.34281582009805,0.194779940403508,0.34281582009805,0.784840851716178,,0.0282333333333333,0.0225333333333333,0.0339333333333333,0.0114,1,0.0261885650457244,,0,"XLOC_034711","CCDC117","ENST00000432510.1","ENST00000432510.1","=","XLOC_034711",FALSE
"isoComp_00117841","geneComp_00017033","TCONS_00189711","XLOC_034711","T_minus","T_plus","CCDC117","unknown","unknown",8.7173021640539,8.54513139738417,8.88947293072363,0.144190588283577,0.632764213665539,0.0569298822310655,,3.25727609461009,4.18254259883563,2.33200959038455,0.329457955950348,0.602922738931509,-0.840078458943102,,0.3722,0.488833333333333,0.255566666666667,-0.233266666666667,0.0261885650457244,0.0261885650457244,FALSE,0,"XLOC_034711","CCDC117","PB.6361.1","ENST00000249064.9","c","XLOC_034711",TRUE
"isoComp_00117842","geneComp_00017033","TCONS_00189876","XLOC_034711","T_minus","T_plus","CCDC117","unknown","unknown",8.7173021640539,8.54513139738417,8.88947293072363,0.144190588283577,0.632764213665539,0.0569298822310655,,2.16177994172194,1.34482348479149,2.97873639865239,0.398221481705548,0.434020177844584,1.14143075929907,,0.251766666666667,0.158533333333333,0.345,0.186466666666667,0.356128836249215,0.0261885650457244,FALSE,0,"XLOC_034711","CCDC117","PB.10617.2","ENST00000249064.9","c","XLOC_034711",TRUE
"isoComp_00117940","geneComp_00017051","TCONS_00185564","XLOC_034736","T_minus","T_plus","SEC14L2","unknown","unknown",22.3580028391647,17.4759109290834,27.240094749246,0.330401460702328,0.250970153081217,0.640068290947052,,0.655162659790823,0.306276710685977,1.00404860889567,0.065155519146302,0.137907071578394,1.68086757950258,,0.0272833333333333,0.0176333333333333,0.0369333333333333,0.0193,0.341240880640586,0.00774877765190546,FALSE,0,"XLOC_034736","SEC14L2","ENST00000617837.4","ENST00000617837.4","=","XLOC_034736",FALSE
"isoComp_00117942","geneComp_00017051","TCONS_00185566","XLOC_034736","T_minus","T_plus","SEC14L2","unknown","unknown",22.3580028391647,17.4759109290834,27.240094749246,0.330401460702328,0.250970153081217,0.640068290947052,,1.04835008415168,0.574345492935464,1.5223546753679,0.401594568269491,0.291314795215046,1.39085674224083,,0.0439666666666667,0.0322333333333333,0.0557,0.0234666666666667,0.708813690139832,0.00774877765190546,TRUE,0,"XLOC_034736","SEC14L2","ENST00000416523.5","ENST00000416523.5","=","XLOC_034736",FALSE
"isoComp_00117945","geneComp_00017051","TCONS_00185569","XLOC_034736","T_minus","T_plus","SEC14L2","unknown","unknown",22.3580028391647,17.4759109290834,27.240094749246,0.330401460702328,0.250970153081217,0.640068290947052,,3.52352923836013,1.34114617053575,5.70591230618451,0.397013096877922,0.291630671924381,2.0808000250642,,0.14355,0.0774333333333333,0.209666666666667,0.132233333333333,0.00774877765190546,0.00774877765190546,FALSE,0,"XLOC_034736","SEC14L2","ENST00000615189.5","ENST00000615189.5","=","XLOC_034736",FALSE
"isoComp_00117946","geneComp_00017051","TCONS_00185570","XLOC_034736","T_minus","T_plus","SEC14L2","unknown","unknown",22.3580028391647,17.4759109290834,27.240094749246,0.330401460702328,0.250970153081217,0.640068290947052,,0.615368324026721,0.459079474516364,0.771657173537077,0.1144243537226,0.122994817821792,0.736703621369693,,0.0274833333333333,0.0265333333333333,0.0284333333333333,0.0019,0.958699915840556,0.00774877765190546,FALSE,0,"XLOC_034736","SEC14L2","ENST00000405717.7","ENST00000405717.7","=","XLOC_034736",FALSE
"isoComp_00117949","geneComp_00017051","TCONS_00185578","XLOC_034736","T_minus","T_plus","SEC14L2","unknown","unknown",22.3580028391647,17.4759109290834,27.240094749246,0.330401460702328,0.250970153081217,0.640068290947052,,0.399211776189832,0.292057541502198,0.506366010877467,0.173796712847254,0.016380441451162,0.773570633299681,,0.01785,0.0171,0.0186,0.0015,0.892916854546554,0.00774877765190546,TRUE,1,"XLOC_034736","SEC14L2","ENST00000483116.5","ENST00000483116.5","=","XLOC_034736",FALSE
"isoComp_00117950","geneComp_00017051","TCONS_00185579","XLOC_034736","T_minus","T_plus","SEC14L2","unknown","unknown",22.3580028391647,17.4759109290834,27.240094749246,0.330401460702328,0.250970153081217,0.640068290947052,,0.413436279390721,0.374188535130997,0.452684023650445,0.123957041572951,0.0935093528754331,0.268212816847587,,0.0191666666666667,0.0216666666666667,0.0166666666666667,-0.005,0.951979924636753,0.00774877765190546,FALSE,1,"XLOC_034736","SEC14L2","ENST00000620251.1","ENST00000620251.1","=","XLOC_034736",FALSE
"isoComp_00117955","geneComp_00017051","TCONS_00185586","XLOC_034736","T_minus","T_plus","MTFP1","unknown","unknown",22.3580028391647,17.4759109290834,27.240094749246,0.330401460702328,0.250970153081217,0.640068290947052,,10.055939239993,9.53473161900506,10.577146860981,0.733748167100377,0.564884376916743,0.149537311345894,,0.4665,0.544833333333333,0.388166666666667,-0.156666666666667,0.0320942456340739,0.00774877765190546,FALSE,0,"XLOC_034736","MTFP1","ENST00000266263.10","ENST00000266263.10","=","XLOC_034736",FALSE
"isoComp_00117956","geneComp_00017051","TCONS_00185587","XLOC_034736","T_minus","T_plus","MTFP1","unknown","unknown",22.3580028391647,17.4759109290834,27.240094749246,0.330401460702328,0.250970153081217,0.640068290947052,,0.24027622986005,0.18917809307006,0.29137436665004,0.00712456660199718,0.0277278142471071,0.59749773500499,,0.0107833333333333,0.0108333333333333,0.0107333333333333,-9.99999999999994e-05,0.990530553139362,0.00774877765190546,FALSE,0,"XLOC_034736","MTFP1","ENST00000614920.1","ENST00000614920.1","=","XLOC_034736",FALSE
"isoComp_00117957","geneComp_00017051","TCONS_00185588","XLOC_034736","T_minus","T_plus","MTFP1","unknown","unknown",22.3580028391647,17.4759109290834,27.240094749246,0.330401460702328,0.250970153081217,0.640068290947052,,1.7494477927141,1.47342726687332,2.02546831855489,0.447440075177094,0.518390470973012,0.456426573997807,,0.0787333333333333,0.0834,0.0740666666666667,-0.00933333333333333,0.986567406345693,0.00774877765190546,FALSE,0,"XLOC_034736","MTFP1","ENST00000355143.8","ENST00000355143.8","=","XLOC_034736",FALSE
"isoComp_00117958","geneComp_00017051","TCONS_00185589","XLOC_034736","T_minus","T_plus","MTFP1","unknown","unknown",22.3580028391647,17.4759109290834,27.240094749246,0.330401460702328,0.250970153081217,0.640068290947052,,0.369401814249296,0.345800721315027,0.393002907183564,0.169927048954302,0.119462045656916,0.17972081072393,,0.01715,0.0199333333333333,0.0143666666666667,-0.00556666666666667,0.986253106294701,0.00774877765190546,FALSE,0,"XLOC_034736","MTFP1","ENST00000412752.5","ENST00000412752.5","=","XLOC_034736",FALSE
"isoComp_00117959","geneComp_00017051","TCONS_00185590","XLOC_034736","T_minus","T_plus","MTFP1","unknown","unknown",22.3580028391647,17.4759109290834,27.240094749246,0.330401460702328,0.250970153081217,0.640068290947052,,2.145105757359,2.073214582382,2.216996932336,0.127205653657477,0.415565473056363,0.0962881183967156,,0.100266666666667,0.118966666666667,0.0815666666666667,-0.0374,0.642421695250983,0.00774877765190546,FALSE,0,"XLOC_034736","MTFP1","PB.10646.1","ENST00000407550.3","=","XLOC_034736",TRUE
"isoComp_00118468","geneComp_00017123","TCONS_00186241","XLOC_034877","T_minus","T_plus","APOBEC3A","unknown","unknown",32.5052394243527,28.2249409726892,36.7855378760162,2.11993281052768,1.72093047235443,0.382049208783918,,2.63797490976702,0,5.27594981953403,0,1.77365030971008,9.04601891905745,,0.0699333333333333,0,0.139866666666667,0.139866666666667,1.16877453991215e-20,1.16877453991215e-20,FALSE,0,"XLOC_034877","APOBEC3A","PB.6422.1","ENST00000249116.7","=","XLOC_034877",TRUE
"isoComp_00118470","geneComp_00017123","TCONS_00186243","XLOC_034877","T_minus","T_plus","APOBEC3B","unknown","unknown",32.5052394243527,28.2249409726892,36.7855378760162,2.11993281052768,1.72093047235443,0.382049208783918,,23.6093252742716,23.1334458112735,24.0852047372698,2.10738555747771,0.267612614187225,0.058142377446811,,0.73765,0.8182,0.6571,-0.1611,0.0139761501689084,1.16877453991215e-20,FALSE,0,"XLOC_034877","APOBEC3B","ENST00000333467.4","ENST00000333467.4","=","XLOC_034877",FALSE
"isoComp_00118471","geneComp_00017123","TCONS_00186244","XLOC_034877","T_minus","T_plus","APOBEC3B","unknown","unknown",32.5052394243527,28.2249409726892,36.7855378760162,2.11993281052768,1.72093047235443,0.382049208783918,,2.33205774566739,2.30977598663276,2.35433950470202,0.159100029647875,0.148256209154029,0.0274517169595957,,0.0731666666666667,0.0824333333333333,0.0639,-0.0185333333333333,0.575133782896714,1.16877453991215e-20,FALSE,1,"XLOC_034877","APOBEC3B","ENST00000402182.7","ENST00000402182.7","=","XLOC_034877",FALSE
"isoComp_00118472","geneComp_00017123","TCONS_00186245","XLOC_034877","T_minus","T_plus","APOBEC3B","unknown","unknown",32.5052394243527,28.2249409726892,36.7855378760162,2.11993281052768,1.72093047235443,0.382049208783918,,0.455339600929773,0.188460495582669,0.722218706276876,0.104877298379813,0.482380177120957,1.88342276992828,,0.0127666666666667,0.00696666666666667,0.0185666666666667,0.0116,0.949231933839812,1.16877453991215e-20,TRUE,0,"XLOC_034877","APOBEC3B","ENST00000335760.9","ENST00000335760.9","=","XLOC_034877",FALSE
"isoComp_00118476","geneComp_00017123","TCONS_00189937","XLOC_034877","T_minus","T_plus","APOBEC3B","unknown","unknown",32.5052394243527,28.2249409726892,36.7855378760162,2.11993281052768,1.72093047235443,0.382049208783918,,2.53500294072985,2.02982575900983,3.04018012244987,1.05583406177512,1.33361253462294,0.580448517634116,,0.0786833333333333,0.0722666666666667,0.0851,0.0128333333333333,0.964944494114539,1.16877453991215e-20,FALSE,0,"XLOC_034877","APOBEC3B","PB.10744.4","ENST00000333467.4","c","XLOC_034877",TRUE
"isoComp_00118477","geneComp_00017123","TCONS_00190228","XLOC_034877","T_minus","T_plus","APOBEC3B","unknown","unknown",32.5052394243527,28.2249409726892,36.7855378760162,2.11993281052768,1.72093047235443,0.382049208783918,,0.351697448928006,0.278609281842992,0.424785616013021,0.278609281842992,0.240064793998302,0.591186514069496,,0.0105666666666667,0.0097,0.0114333333333333,0.00173333333333333,0.807261822969446,1.16877453991215e-20,FALSE,0,"XLOC_034877","APOBEC3B","PB.8321.3","ENST00000333467.4","j","XLOC_034877",TRUE
"isoComp_00119612","geneComp_00017334","TCONS_00187770","XLOC_035266","T_minus","T_plus","LRP5L","unknown","unknown",1.19118769351073,1.37063044301831,1.01174494400316,0.085635066588168,0.152021071670472,-0.434292096942136,,0.265763463929096,0.288912594445392,0.2426143334128,0.0151321971063081,0.0421437625717492,-0.242787184713568,,0.2255,0.212,0.239,0.027,0.944166202612955,0.00488936474565952,FALSE,0,"XLOC_035266","LRP5L","ENST00000467672.5","ENST00000467672.5","=","XLOC_035266",FALSE
"isoComp_00119613","geneComp_00017334","TCONS_00187771","XLOC_035266","T_minus","T_plus","LRP5L","unknown","unknown",1.19118769351073,1.37063044301831,1.01174494400316,0.085635066588168,0.152021071670472,-0.434292096942136,,0.580455905365408,0.713272984433602,0.447638826297215,0.0686080499208763,0.00660254744164962,-0.660330809127305,,0.4916,0.522166666666667,0.461033333333333,-0.0611333333333334,0.897930859095267,0.00488936474565952,FALSE,0,"XLOC_035266","LRP5L","ENST00000444995.7","ENST00000444995.7","=","XLOC_035266",FALSE
"isoComp_00119614","geneComp_00017334","TCONS_00187773","XLOC_035266","T_minus","T_plus","LRP5L","unknown","unknown",1.19118769351073,1.37063044301831,1.01174494400316,0.085635066588168,0.152021071670472,-0.434292096942136,,0.208212915959033,0.32875637077949,0.0876694611385764,0.0891041094094954,0.0287895459256818,-1.79426863636882,,0.159583333333333,0.237133333333333,0.0820333333333333,-0.1551,0.453761101283958,0.00488936474565952,FALSE,0,"XLOC_035266","LRP5L","ENST00000650500.2","ENST00000650500.2","=","XLOC_035266",FALSE
"isoComp_00119615","geneComp_00017334","TCONS_00187774","XLOC_035266","T_minus","T_plus","LRP5L","unknown","unknown",1.19118769351073,1.37063044301831,1.01174494400316,0.085635066588168,0.152021071670472,-0.434292096942136,,0.0999306207887038,0.00493113773173437,0.194930103845673,0.00493113773173437,0.0491905012947641,3.77873592298625,,0.0959,0.0038,0.188,0.1842,0.00488936474565952,0.00488936474565952,FALSE,0,"XLOC_035266","LRP5L","ENST00000474163.1","ENST00000474163.1","=","XLOC_035266",FALSE
"isoComp_00119616","geneComp_00017334","TCONS_00187775","XLOC_035266","T_minus","T_plus","LRP5L","unknown","unknown",1.19118769351073,1.37063044301831,1.01174494400316,0.085635066588168,0.152021071670472,-0.434292096942136,,0.0368247874684908,0.034757355628088,0.0388922193088937,0.0178473472692648,0.0388922193088937,0.127480092498018,,0.0274333333333333,0.0249333333333333,0.0299333333333333,0.005,0.947814478225833,0.00488936474565952,FALSE,0,"XLOC_035266","LRP5L","ENST00000484509.1","ENST00000484509.1","=","XLOC_035266",FALSE
"isoComp_00120250","geneComp_00017412","TCONS_00188565","XLOC_035430","T_minus","T_plus","MFNG","unknown","unknown",11.4815543146437,15.6117988135137,7.35130981577372,1.22989439958703,0.493715945121754,-1.08552618952128,,7.84763396942458,9.98846789232753,5.70680004652162,1.25256729093092,0.184331766273642,-0.806499210762892,,0.708433333333333,0.635266666666667,0.7816,0.146333333333333,0.104293645264387,0.0217552101452693,FALSE,1,"XLOC_035430","MFNG","PB.10704.2","ENST00000356998.8","=","XLOC_035430",TRUE
"isoComp_00120252","geneComp_00017412","TCONS_00188567","XLOC_035430","T_minus","T_plus","MFNG","unknown","unknown",11.4815543146437,15.6117988135137,7.35130981577372,1.22989439958703,0.493715945121754,-1.08552618952128,,0.629994983655475,0.771817356014755,0.488172611296195,0.201774342124346,0.0874269572908686,-0.65018590542384,,0.0568833333333333,0.0481333333333333,0.0656333333333333,0.0175,0.820626635953428,0.0217552101452693,FALSE,0,"XLOC_035430","MFNG","ENST00000489515.1","ENST00000489515.1","=","XLOC_035430",FALSE
"isoComp_00120255","geneComp_00017412","TCONS_00188571","XLOC_035430","T_minus","T_plus","MFNG","unknown","unknown",11.4815543146437,15.6117988135137,7.35130981577372,1.22989439958703,0.493715945121754,-1.08552618952128,,0.371840318581328,0.61290178499695,0.130778852165707,0.186366515057245,0.0730227275887317,-2.14557407839675,,0.0286166666666667,0.0402333333333333,0.017,-0.0232333333333333,0.777304918543543,0.0217552101452693,TRUE,0,"XLOC_035430","MFNG","ENST00000430411.1","ENST00000430411.1","=","XLOC_035430",FALSE
"isoComp_00120257","geneComp_00017412","TCONS_00188573","XLOC_035430","T_minus","T_plus","MFNG","unknown","unknown",11.4815543146437,15.6117988135137,7.35130981577372,1.22989439958703,0.493715945121754,-1.08552618952128,,0.160712114960522,0.130337613506852,0.191086616414191,0.0984696105906028,0.0967169632298646,0.518915330192576,,0.0164666666666667,0.0085,0.0244333333333333,0.0159333333333333,0.873803522172922,0.0217552101452693,TRUE,0,"XLOC_035430","MFNG","ENST00000466943.1","ENST00000466943.1","=","XLOC_035430",FALSE
"isoComp_00120258","geneComp_00017412","TCONS_00190101","XLOC_035430","T_minus","T_plus","MFNG","unknown","unknown",11.4815543146437,15.6117988135137,7.35130981577372,1.22989439958703,0.493715945121754,-1.08552618952128,,0.414554122335048,0.627957722194123,0.201150522475973,0.157462807741749,0.0402135021502337,-1.59518900198829,,0.0337833333333333,0.0398333333333333,0.0277333333333333,-0.0121,0.84705084888158,0.0217552101452693,FALSE,1,"XLOC_035430","MFNG","PB.10704.1","ENST00000356998.8","j","XLOC_035430",TRUE
"isoComp_00120259","geneComp_00017412","TCONS_00190102","XLOC_035430","T_minus","T_plus","MFNG","unknown","unknown",11.4815543146437,15.6117988135137,7.35130981577372,1.22989439958703,0.493715945121754,-1.08552618952128,,1.59839822663611,2.84234006158415,0.354456391688073,0.201671533425842,0.17426839695016,-2.96832788581498,,0.11615,0.185833333333333,0.0464666666666667,-0.139366666666667,0.0217552101452693,0.0217552101452693,FALSE,1,"XLOC_035430","MFNG","PB.10704.3","ENST00000356998.8","c","XLOC_035430",TRUE
"isoComp_00120260","geneComp_00017412","TCONS_00190103","XLOC_035430","T_minus","T_plus","MFNG","unknown","unknown",11.4815543146437,15.6117988135137,7.35130981577372,1.22989439958703,0.493715945121754,-1.08552618952128,,0.278757090833211,0.463472007261458,0.0940421744049647,0.123019836037107,0.0523718449508818,-2.18611067683878,,0.0216,0.0305666666666667,0.0126333333333333,-0.0179333333333333,0.746054503735788,0.0217552101452693,FALSE,1,"XLOC_035430","MFNG","PB.10704.4","ENST00000356998.8","j","XLOC_035430",TRUE
"isoComp_00120721","geneComp_00017482","TCONS_00189060","XLOC_035528","T_minus","T_plus","ARFGAP3","unknown","unknown",159.698612568034,181.438912557106,137.958312578962,14.7814703426813,4.31703852534729,-0.395226451834118,,15.6432432199785,11.6247451965562,19.6617412434008,0.576781386985556,1.18672691024672,0.757685047608284,,0.1038,0.0644,0.1432,0.0788,1.16893474450496e-09,1.01507399748241e-12,FALSE,0,"XLOC_035528","ARFGAP3","PB.10818.4","ENST00000263245.10","=","XLOC_035528",TRUE
"isoComp_00120727","geneComp_00017482","TCONS_00189069","XLOC_035528","T_minus","T_plus","PACSIN2","unknown","unknown",159.698612568034,181.438912557106,137.958312578962,14.7814703426813,4.31703852534729,-0.395226451834118,,53.9381347651781,74.0744410910842,33.8018284392721,6.88186759940205,2.19660784608978,-1.13164255064408,,0.326933333333333,0.407566666666667,0.2463,-0.161266666666667,2.9883415477005e-06,1.01507399748241e-12,FALSE,0,"XLOC_035528","PACSIN2","ENST00000263246.8","ENST00000263246.8","=","XLOC_035528",FALSE
"isoComp_00120737","geneComp_00017482","TCONS_00189673","XLOC_035528","T_minus","T_plus","ARFGAP3","unknown","unknown",159.698612568034,181.438912557106,137.958312578962,14.7814703426813,4.31703852534729,-0.395226451834118,,14.107152274922,9.82845451450077,18.3858500353433,2.40013338951939,2.07577692950443,0.902876730912175,,0.09495,0.0562666666666667,0.133633333333333,0.0773666666666667,0.0373140200542642,1.01507399748241e-12,FALSE,0,"XLOC_035528","ARFGAP3","PB.10818.1","ENST00000263245.10","c","XLOC_035528",TRUE
"isoComp_00120739","geneComp_00017482","TCONS_00189808","XLOC_035528","T_minus","T_plus","ARFGAP3","unknown","unknown",159.698612568034,181.438912557106,137.958312578962,14.7814703426813,4.31703852534729,-0.395226451834118,,7.63134063115224,4.64183602424012,10.6208452380644,0.454873488750343,2.539067314466,1.19238415906539,,0.0509333333333333,0.0256333333333333,0.0762333333333333,0.0506,0.00326668350345638,1.01507399748241e-12,FALSE,0,"XLOC_035528","ARFGAP3","PB.6465.3","ENST00000263245.10","j","XLOC_035528",TRUE
"isoComp_00120742","geneComp_00017482","TCONS_00189811","XLOC_035528","T_minus","T_plus","ARFGAP3","unknown","unknown",159.698612568034,181.438912557106,137.958312578962,14.7814703426813,4.31703852534729,-0.395226451834118,,2.72209639085011,2.0798661559068,3.36432662579341,0.772458328831211,1.87769795080852,0.691189080589686,,0.01785,0.0119333333333333,0.0237666666666667,0.0118333333333333,0.992247824530523,1.01507399748241e-12,FALSE,0,"XLOC_035528","ARFGAP3","PB.6465.13","ENST00000263245.10","c","XLOC_035528",TRUE
"isoComp_00120746","geneComp_00017482","TCONS_00190153","XLOC_035528","T_minus","T_plus","ARFGAP3","unknown","unknown",159.698612568034,181.438912557106,137.958312578962,14.7814703426813,4.31703852534729,-0.395226451834118,,16.0595578524737,8.6912585851633,23.4278571197842,0.476310219499408,2.94643169172945,1.42954467443119,,0.108866666666667,0.0488333333333333,0.1689,0.120066666666667,7.50115150935635e-12,1.01507399748241e-12,TRUE,0,"XLOC_035528","ARFGAP3","PB.10818.12","ENST00000263245.10","c","XLOC_035528",TRUE
"isoComp_00120747","geneComp_00017482","TCONS_00190154","XLOC_035528","T_minus","T_plus","PACSIN2","unknown","unknown",159.698612568034,181.438912557106,137.958312578962,14.7814703426813,4.31703852534729,-0.395226451834118,,27.1178340588236,40.4091807000164,13.8264874176308,3.61152365717097,1.32245774358446,-1.54656233696728,,0.161316666666667,0.222466666666667,0.100166666666667,-0.1223,1.01507399748241e-12,1.01507399748241e-12,FALSE,0,"XLOC_035528","PACSIN2","PB.10821.1","ENST00000263246.8","c","XLOC_035528",TRUE
"isoComp_00120748","geneComp_00017482","TCONS_00190155","XLOC_035528","T_minus","T_plus","PACSIN2","unknown","unknown",159.698612568034,181.438912557106,137.958312578962,14.7814703426813,4.31703852534729,-0.395226451834118,,13.0779472583835,19.4074657419708,6.74842877479612,4.70182584031585,1.11978325540541,-1.52259513325329,,0.0766333333333333,0.104533333333333,0.0487333333333333,-0.0558,0.0367205604995146,1.01507399748241e-12,FALSE,0,"XLOC_035528","PACSIN2","PB.10821.4","ENST00000263246.8","j","XLOC_035528",TRUE
"isoComp_00123508","geneComp_00017817","TCONS_00193250","XLOC_036100","T_minus","T_plus","CCDC66","unknown","unknown",2.62349039199915,2.79410110945358,2.45287967454471,0.336333311496094,0.201831581186872,-0.18719222472817,,0.132341907368764,0.129013491558999,0.135670323178529,0.0708863199242358,0.0340951891874985,0.0674820865471816,,0.04785,0.0418666666666667,0.0538333333333333,0.0119666666666667,0.920277199528451,0.00336546334762504,,0,"XLOC_036100","CCDC66","ENST00000460838.5","ENST00000460838.5","=","XLOC_036100",FALSE
"isoComp_00123509","geneComp_00017817","TCONS_00193251","XLOC_036100","T_minus","T_plus","CCDC66","unknown","unknown",2.62349039199915,2.79410110945358,2.45287967454471,0.336333311496094,0.201831581186872,-0.18719222472817,,0.933243823196914,0.856368230547827,1.010119415846,0.186876003447108,0.129443212486108,0.235685799054666,,0.361033333333333,0.302166666666667,0.4199,0.117733333333333,0.789587768037331,0.00336546334762504,FALSE,0,"XLOC_036100","CCDC66","ENST00000394672.8","ENST00000394672.8","=","XLOC_036100",FALSE
"isoComp_00123511","geneComp_00017817","TCONS_00193254","XLOC_036100","T_minus","T_plus","CCDC66","unknown","unknown",2.62349039199915,2.79410110945358,2.45287967454471,0.336333311496094,0.201831581186872,-0.18719222472817,,0.0544384424197748,0.032336521936538,0.0765403629030116,0.032336521936538,0.0451559834502214,1.03147041785877,,0.0233833333333333,0.0133666666666667,0.0334,0.0200333333333333,0.84662397209028,0.00336546334762504,TRUE,0,"XLOC_036100","CCDC66","ENST00000472582.5","ENST00000472582.5","=","XLOC_036100",FALSE
"isoComp_00123513","geneComp_00017817","TCONS_00193256","XLOC_036100","T_minus","T_plus","CCDC66","unknown","unknown",2.62349039199915,2.79410110945358,2.45287967454471,0.336333311496094,0.201831581186872,-0.18719222472817,,0.0737073168687606,0.0631143670092675,0.0843002667282536,0.0217926152631019,0.0436563705137657,0.367106927245085,,0.0268833333333333,0.0215,0.0322666666666667,0.0107666666666667,0.986845464114966,0.00336546334762504,FALSE,0,"XLOC_036100","CCDC66","ENST00000471681.5","ENST00000471681.5","=","XLOC_036100",FALSE
"isoComp_00123514","geneComp_00017817","TCONS_00193258","XLOC_036100","T_minus","T_plus","CCDC66","unknown","unknown",2.62349039199915,2.79410110945358,2.45287967454471,0.336333311496094,0.201831581186872,-0.18719222472817,,0.147227453682016,0.111141469159601,0.183313438204432,0.0569024565459054,0.0622540677409816,0.674249117046833,,0.0567833333333333,0.0381333333333333,0.0754333333333333,0.0373,0.815488892035512,0.00336546334762504,FALSE,0,"XLOC_036100","CCDC66","ENST00000341455.10","ENST00000341455.10","=","XLOC_036100",FALSE
"isoComp_00123515","geneComp_00017817","TCONS_00193259","XLOC_036100","T_minus","T_plus","CCDC66","unknown","unknown",2.62349039199915,2.79410110945358,2.45287967454471,0.336333311496094,0.201831581186872,-0.18719222472817,,0.199697972184412,0.214770847331649,0.184625097037176,0.0376183801941861,0.0312517241112686,-0.20775717224426,,0.0756166666666667,0.0766,0.0746333333333333,-0.00196666666666667,0.988973003883697,0.00336546334762504,FALSE,0,"XLOC_036100","CCDC66","ENST00000442522.6","ENST00000442522.6","=","XLOC_036100",FALSE
"isoComp_00123517","geneComp_00017817","TCONS_00193262","XLOC_036100","T_minus","T_plus","CCDC66","unknown","unknown",2.62349039199915,2.79410110945358,2.45287967454471,0.336333311496094,0.201831581186872,-0.18719222472817,,0.0378764534626537,0.0225492070517258,0.0532036998735816,0.0225492070517258,0.0268087183558034,0.95738661705143,,0.0135,0.0065,0.0205,0.014,0.860892498378892,0.00336546334762504,FALSE,0,"XLOC_036100","CCDC66","ENST00000487739.1","ENST00000487739.1","=","XLOC_036100",FALSE
"isoComp_00123518","geneComp_00017817","TCONS_00193263","XLOC_036100","T_minus","T_plus","CCDC66","unknown","unknown",2.62349039199915,2.79410110945358,2.45287967454471,0.336333311496094,0.201831581186872,-0.18719222472817,,0.0337065900677079,0,0.0674131801354157,0,0.0674131801354157,2.9525792162043,,0.0118666666666667,0,0.0237333333333333,0.0237333333333333,0.921152468606301,0.00336546334762504,FALSE,0,"XLOC_036100","CCDC66","ENST00000473322.1","ENST00000473322.1","=","XLOC_036100",FALSE
"isoComp_00123519","geneComp_00017817","TCONS_00193265","XLOC_036100","T_minus","T_plus","CCDC66","unknown","unknown",2.62349039199915,2.79410110945358,2.45287967454471,0.336333311496094,0.201831581186872,-0.18719222472817,,0.0363065109256914,0.0536100765472988,0.019002945304084,0.0283039633754902,0.019002945304084,-1.13305590654071,,0.0152833333333333,0.0217666666666667,0.0088,-0.0129666666666667,0.886070477681685,0.00336546334762504,TRUE,0,"XLOC_036100","CCDC66","ENST00000494672.1","ENST00000494672.1","=","XLOC_036100",FALSE
"isoComp_00123521","geneComp_00017817","TCONS_00193267","XLOC_036100","T_minus","T_plus","CCDC66","unknown","unknown",2.62349039199915,2.79410110945358,2.45287967454471,0.336333311496094,0.201831581186872,-0.18719222472817,,0.145397434579551,0.173021184569649,0.117773684589453,0.120929354632411,0.0838390995192579,-0.518419909991703,,0.0494166666666667,0.0546333333333333,0.0442,-0.0104333333333333,0.986865682364097,0.00336546334762504,FALSE,0,"XLOC_036100","CCDC66","ENST00000468108.1","ENST00000468108.1","=","XLOC_036100",FALSE
"isoComp_00123522","geneComp_00017817","TCONS_00193268","XLOC_036100","T_minus","T_plus","CCDC66","unknown","unknown",2.62349039199915,2.79410110945358,2.45287967454471,0.336333311496094,0.201831581186872,-0.18719222472817,,0.13477638643779,0.141062045798063,0.128490727077516,0.0442554330893736,0.0194529073140657,-0.125351849222809,,0.0503666666666667,0.0486333333333333,0.0521,0.00346666666666667,0.992956463926855,0.00336546334762504,FALSE,1,"XLOC_036100","CCDC66","ENST00000480884.5","ENST00000480884.5","=","XLOC_036100",FALSE
"isoComp_00123523","geneComp_00017817","TCONS_00193269","XLOC_036100","T_minus","T_plus","CCDC66","unknown","unknown",2.62349039199915,2.79410110945358,2.45287967454471,0.336333311496094,0.201831581186872,-0.18719222472817,,0.139543328802356,0.167331973735748,0.111754683868964,0.0480083005452085,0.0548982168614292,-0.542475410505197,,0.0530666666666667,0.0576666666666667,0.0484666666666667,-0.0092,0.912177008396445,0.00336546334762504,TRUE,2,"XLOC_036100","CCDC66","ENST00000476142.1","ENST00000476142.1","=","XLOC_036100",FALSE
"isoComp_00123524","geneComp_00017817","TCONS_00207569","XLOC_036100","T_minus","T_plus","CCDC66","unknown","unknown",2.62349039199915,2.79410110945358,2.45287967454471,0.336333311496094,0.201831581186872,-0.18719222472817,,0.141308141060288,0.282616282120577,0,0.0850565059842727,0,-4.8709381428363,,0.0539333333333333,0.107866666666667,0,-0.107866666666667,0.00336546334762504,0.00336546334762504,FALSE,0,"XLOC_036100","CCDC66","PB.11300.1","ENST00000471681.5","j","XLOC_036100",TRUE
"isoComp_00123525","geneComp_00017817","TCONS_00207571","XLOC_036100","T_minus","T_plus","CCDC66","unknown","unknown",2.62349039199915,2.79410110945358,2.45287967454471,0.336333311496094,0.201831581186872,-0.18719222472817,,0.0621015151506058,0.026190130769036,0.0980128995321756,0.0141355696989107,0.037272288608692,1.57753539190567,,0.02385,0.0096,0.0381,0.0285,0.547416226600566,0.00336546334762504,TRUE,0,"XLOC_036100","CCDC66","PB.11300.4","ENST00000471681.5","n","XLOC_036100",TRUE
"isoComp_00123526","geneComp_00017817","TCONS_00207572","XLOC_036100","T_minus","T_plus","CCDC66","unknown","unknown",2.62349039199915,2.79410110945358,2.45287967454471,0.336333311496094,0.201831581186872,-0.18719222472817,,0.280089035755967,0.414117949814496,0.146060121697438,0.143706200088189,0.046993312651672,-1.44236361282324,,0.112083333333333,0.162866666666667,0.0613,-0.101566666666667,0.726024506438316,0.00336546334762504,FALSE,0,"XLOC_036100","CCDC66","PB.11300.5","ENST00000471681.5","j","XLOC_036100",TRUE
"isoComp_00123931","geneComp_00017892","TCONS_00194047","XLOC_036323","T_minus","T_plus","ST3GAL6","unknown","unknown",13.2308665522377,14.9676874050572,11.4940456994182,2.14328236770523,1.31705303534807,-0.380673573067301,,0.61206043249146,0.404929113694552,0.819191751288368,0.0542441636433765,0.273797544334647,0.998840876610728,,0.0508166666666667,0.0275666666666667,0.0740666666666667,0.0465,0.636321779069086,1.18466690499458e-05,FALSE,0,"XLOC_036323","ST3GAL6","ENST00000265261.11","ENST00000265261.11","=","XLOC_036323",FALSE
"isoComp_00123932","geneComp_00017892","TCONS_00194048","XLOC_036323","T_minus","T_plus","ST3GAL6","unknown","unknown",13.2308665522377,14.9676874050572,11.4940456994182,2.14328236770523,1.31705303534807,-0.380673573067301,,0.583489668807347,0.0764326348418828,1.09054670277281,0.0764326348418828,0.594417319732786,3.67050041697815,,0.0470333333333333,0.00496666666666667,0.0891,0.0841333333333333,0.588734468402629,1.18466690499458e-05,,0,"XLOC_036323","ST3GAL6","ENST00000460774.5","ENST00000460774.5","=","XLOC_036323",FALSE
"isoComp_00123938","geneComp_00017892","TCONS_00194056","XLOC_036323","T_minus","T_plus","ST3GAL6","unknown","unknown",13.2308665522377,14.9676874050572,11.4940456994182,2.14328236770523,1.31705303534807,-0.380673573067301,,0.247501421555356,0.239317090447784,0.255685752662928,0.0306823837396198,0.110262007280336,0.0917390841320149,,0.0204166666666667,0.0173333333333333,0.0235,0.00616666666666667,0.994862485490033,1.18466690499458e-05,FALSE,0,"XLOC_036323","ST3GAL6","ENST00000613264.5","ENST00000613264.5","=","XLOC_036323",FALSE
"isoComp_00123940","geneComp_00017892","TCONS_00194060","XLOC_036323","T_minus","T_plus","ST3GAL6","unknown","unknown",13.2308665522377,14.9676874050572,11.4940456994182,2.14328236770523,1.31705303534807,-0.380673573067301,,0.153243945446068,0.137091106165268,0.169396784726868,0.0695814996181742,0.0930610532705706,0.28644401655282,,0.0113166666666667,0.0081,0.0145333333333333,0.00643333333333333,0.965534795802965,1.18466690499458e-05,FALSE,0,"XLOC_036323","ST3GAL6","ENST00000468553.5","ENST00000468553.5","=","XLOC_036323",FALSE
"isoComp_00123943","geneComp_00017892","TCONS_00194063","XLOC_036323","T_minus","T_plus","ST3GAL6","unknown","unknown",13.2308665522377,14.9676874050572,11.4940456994182,2.14328236770523,1.31705303534807,-0.380673573067301,,1.27953028341688,2.11484397236057,0.44421659447318,0.187634453273943,0.264233067127084,-2.22590458787238,,0.09185,0.144766666666667,0.0389333333333333,-0.105833333333333,0.070675702299871,1.18466690499458e-05,FALSE,0,"XLOC_036323","ST3GAL6","ENST00000483910.6","ENST00000483910.6","=","XLOC_036323",FALSE
"isoComp_00123948","geneComp_00017892","TCONS_00205952","XLOC_036323","T_minus","T_plus","ST3GAL6","unknown","unknown",13.2308665522377,14.9676874050572,11.4940456994182,2.14328236770523,1.31705303534807,-0.380673573067301,,0.337226764847954,0.164682575779138,0.50977095391677,0.108088028100711,0.105720949138609,1.57314030508015,,0.0289666666666667,0.0138333333333333,0.0441,0.0302666666666667,0.537744392131859,1.18466690499458e-05,FALSE,0,"XLOC_036323","ST3GAL6","PB.8821.1","ENST00000394162.5","j","XLOC_036323",TRUE
"isoComp_00123949","geneComp_00017892","TCONS_00205953","XLOC_036323","T_minus","T_plus","ST3GAL6","unknown","unknown",13.2308665522377,14.9676874050572,11.4940456994182,2.14328236770523,1.31705303534807,-0.380673573067301,,0.266239067823144,0.182452096074172,0.350026039572117,0.182452096074172,0.191362502721457,0.903601871793963,,0.0218,0.0118333333333333,0.0317666666666667,0.0199333333333333,0.597294179879108,1.18466690499458e-05,FALSE,0,"XLOC_036323","ST3GAL6","PB.6805.4","ENST00000394162.5","j","XLOC_036323",TRUE
"isoComp_00123950","geneComp_00017892","TCONS_00205954","XLOC_036323","T_minus","T_plus","ST3GAL6","unknown","unknown",13.2308665522377,14.9676874050572,11.4940456994182,2.14328236770523,1.31705303534807,-0.380673573067301,,1.9682989003638,2.38283006634886,1.55376773437875,0.716446210603018,0.330499415192269,-0.613691697610417,,0.145383333333333,0.155233333333333,0.135533333333333,-0.0197,0.892952547107597,1.18466690499458e-05,FALSE,0,"XLOC_036323","ST3GAL6","PB.6952.10","ENST00000394162.5","j","XLOC_036323",TRUE
"isoComp_00123952","geneComp_00017892","TCONS_00205957","XLOC_036323","T_minus","T_plus","ST3GAL6","unknown","unknown",13.2308665522377,14.9676874050572,11.4940456994182,2.14328236770523,1.31705303534807,-0.380673573067301,,0.202930106373975,0.213883353493042,0.191976859254908,0.0930392581363227,0.191976859254908,-0.14855725173465,,0.0136,0.0132666666666667,0.0139333333333333,0.000666666666666666,0.745482246814841,1.18466690499458e-05,FALSE,0,"XLOC_036323","ST3GAL6","PB.6952.15","ENST00000394162.5","j","XLOC_036323",TRUE
"isoComp_00123953","geneComp_00017892","TCONS_00205959","XLOC_036323","T_minus","T_plus","ST3GAL6","unknown","unknown",13.2308665522377,14.9676874050572,11.4940456994182,2.14328236770523,1.31705303534807,-0.380673573067301,,2.13300326030555,1.3528089451705,2.91319757544061,0.380942418046956,0.352208823553663,1.10096402037521,,0.169766666666667,0.0863333333333333,0.2532,0.166866666666667,1.18466690499458e-05,1.18466690499458e-05,TRUE,0,"XLOC_036323","ST3GAL6","PB.6952.17","ENST00000394162.5","c","XLOC_036323",TRUE
"isoComp_00123954","geneComp_00017892","TCONS_00205960","XLOC_036323","T_minus","T_plus","ST3GAL6","unknown","unknown",13.2308665522377,14.9676874050572,11.4940456994182,2.14328236770523,1.31705303534807,-0.380673573067301,,0.348228649871343,0.530758284839391,0.165699014903296,0.115473385827193,0.0207733740149511,-1.62187776100239,,0.0246,0.0346666666666667,0.0145333333333333,-0.0201333333333333,0.211861593555683,1.18466690499458e-05,TRUE,0,"XLOC_036323","ST3GAL6","PB.6952.19","ENST00000394162.5","j","XLOC_036323",TRUE
"isoComp_00123956","geneComp_00017892","TCONS_00206781","XLOC_036323","T_minus","T_plus","ST3GAL6","unknown","unknown",13.2308665522377,14.9676874050572,11.4940456994182,2.14328236770523,1.31705303534807,-0.380673573067301,,0.486369415595699,0.832869976591394,0.139868854600005,0.179221444261725,0.139868854600005,-2.49160949740523,,0.0322333333333333,0.0543333333333333,0.0101333333333333,-0.0442,0.259007593615325,1.18466690499458e-05,FALSE,0,"XLOC_036323","ST3GAL6","PB.6805.8","ENST00000394162.5","j","XLOC_036323",TRUE
"isoComp_00123959","geneComp_00017892","TCONS_00206784","XLOC_036323","T_minus","T_plus","ST3GAL6","unknown","unknown",13.2308665522377,14.9676874050572,11.4940456994182,2.14328236770523,1.31705303534807,-0.380673573067301,,0.193142668602787,0.356117545036946,0.0301677921686284,0.178284802693027,0.0301677921686284,-3.18819584131076,,0.0138833333333333,0.0255666666666667,0.0022,-0.0233666666666667,0.708005138801101,1.18466690499458e-05,FALSE,0,"XLOC_036323","ST3GAL6","PB.6805.14","ENST00000394162.5","j","XLOC_036323",TRUE
"isoComp_00123960","geneComp_00017892","TCONS_00206785","XLOC_036323","T_minus","T_plus","ST3GAL6","unknown","unknown",13.2308665522377,14.9676874050572,11.4940456994182,2.14328236770523,1.31705303534807,-0.380673573067301,,0.53905777075735,0.555044110801735,0.523071430712966,0.242023674328172,0.417974027740442,-0.0840346327801344,,0.0381,0.0356333333333333,0.0405666666666667,0.00493333333333334,0.929043381827117,1.18466690499458e-05,TRUE,0,"XLOC_036323","ST3GAL6","PB.6805.13","ENST00000394162.5","j","XLOC_036323",TRUE
"isoComp_00123962","geneComp_00017892","TCONS_00206787","XLOC_036323","T_minus","T_plus","ST3GAL6","unknown","unknown",13.2308665522377,14.9676874050572,11.4940456994182,2.14328236770523,1.31705303534807,-0.380673573067301,,0.310880495365697,0.405517342248984,0.21624364848241,0.0132007846621329,0.055988890254083,-0.877031400485595,,0.02325,0.0281333333333333,0.0183666666666667,-0.00976666666666667,0.744064102335716,1.18466690499458e-05,FALSE,0,"XLOC_036323","ST3GAL6","PB.6805.19","ENST00000394162.5","j","XLOC_036323",TRUE
"isoComp_00123963","geneComp_00017892","TCONS_00207612","XLOC_036323","T_minus","T_plus","ST3GAL6","unknown","unknown",13.2308665522377,14.9676874050572,11.4940456994182,2.14328236770523,1.31705303534807,-0.380673573067301,,0.286903690362403,0.428857479882367,0.144949900842439,0.0907192935101579,0.0387312594513319,-1.5019506651259,,0.02145,0.0291333333333333,0.0137666666666667,-0.0153666666666667,0.562516657727079,1.18466690499458e-05,FALSE,1,"XLOC_036323","ST3GAL6","PB.11399.3","ENST00000394162.5","j","XLOC_036323",TRUE
"isoComp_00123965","geneComp_00017892","TCONS_00207614","XLOC_036323","T_minus","T_plus","ST3GAL6","unknown","unknown",13.2308665522377,14.9676874050572,11.4940456994182,2.14328236770523,1.31705303534807,-0.380673573067301,,0.721842839146755,1.14760388956343,0.296081788730075,0.264334987139224,0.146607464455725,-1.91915255947599,,0.0521666666666667,0.0749333333333333,0.0294,-0.0455333333333333,0.335924244725075,1.18466690499458e-05,TRUE,0,"XLOC_036323","ST3GAL6","PB.11399.6","ENST00000394162.5","j","XLOC_036323",TRUE
"isoComp_00123966","geneComp_00017892","TCONS_00207615","XLOC_036323","T_minus","T_plus","ST3GAL6","unknown","unknown",13.2308665522377,14.9676874050572,11.4940456994182,2.14328236770523,1.31705303534807,-0.380673573067301,,0.178500800861123,0.228547974785737,0.128453626936508,0.114833859665258,0.0736338524189456,-0.784876591149997,,0.0142333333333333,0.0176,0.0108666666666667,-0.00673333333333333,0.971257097425372,1.18466690499458e-05,FALSE,0,"XLOC_036323","ST3GAL6","PB.11399.8","ENST00000394162.5","j","XLOC_036323",TRUE
"isoComp_00123967","geneComp_00017892","TCONS_00207616","XLOC_036323","T_minus","T_plus","ST3GAL6","unknown","unknown",13.2308665522377,14.9676874050572,11.4940456994182,2.14328236770523,1.31705303534807,-0.380673573067301,,0.997148495182257,1.41724911341549,0.577047876949025,0.32716581796609,0.374322751471103,-1.28168709327638,,0.0746833333333333,0.0922333333333333,0.0571333333333333,-0.0351,0.746950776732795,1.18466690499458e-05,FALSE,0,"XLOC_036323","ST3GAL6","PB.11399.12","ENST00000394162.5","c","XLOC_036323",TRUE
"isoComp_00124242","geneComp_00017930","TCONS_00194451","XLOC_036415","T_minus","T_plus","SLC35A5","unknown","unknown",5.93066491229349,7.08768194884385,4.77364787574312,0.0492343594335309,0.219316747500934,-0.569236731182227,,0.328536846754086,0.361241134585469,0.295832558922703,0.0789289868485404,0.12146138307445,-0.279614569947745,,0.0576333333333333,0.0509333333333333,0.0643333333333333,0.0134,0.98481510042921,0.0487601313944443,FALSE,1,"XLOC_036415","SLC35A5","ENST00000492406.6","ENST00000492406.6","=","XLOC_036415",FALSE
"isoComp_00124243","geneComp_00017930","TCONS_00194452","XLOC_036415","T_minus","T_plus","SLC35A5","unknown","unknown",5.93066491229349,7.08768194884385,4.77364787574312,0.0492343594335309,0.219316747500934,-0.569236731182227,,0.505984654043041,0.106019461232289,0.905949846853793,0.106019461232289,0.353760720984728,2.98090178031807,,0.101266666666667,0.0148,0.187733333333333,0.172933333333333,0.103315474756338,0.0487601313944443,FALSE,0,"XLOC_036415","SLC35A5","ENST00000261034.6","ENST00000261034.6","=","XLOC_036415",FALSE
"isoComp_00124244","geneComp_00017930","TCONS_00194453","XLOC_036415","T_minus","T_plus","SLC35A5","unknown","unknown",5.93066491229349,7.08768194884385,4.77364787574312,0.0492343594335309,0.219316747500934,-0.569236731182227,,0.213276574885189,0.1616977482866,0.264855401483777,0.0236310212760793,0.157718953442276,0.678801712250186,,0.0379666666666667,0.0228,0.0531333333333333,0.0303333333333333,0.960092309726073,0.0487601313944443,FALSE,1,"XLOC_036415","SLC35A5","ENST00000460713.5","ENST00000460713.5","=","XLOC_036415",FALSE
"isoComp_00124246","geneComp_00017930","TCONS_00205989","XLOC_036415","T_minus","T_plus","SLC35A5","unknown","unknown",5.93066491229349,7.08768194884385,4.77364787574312,0.0492343594335309,0.219316747500934,-0.569236731182227,,1.24201012248996,1.75365078205502,0.730369462924895,0.201796351534772,0.224580909246056,-1.25224762666613,,0.201683333333333,0.247133333333333,0.156233333333333,-0.0909,0.726417080550561,0.0487601313944443,FALSE,0,"XLOC_036415","SLC35A5","PB.6999.2","ENST00000492406.6","c","XLOC_036415",TRUE
"isoComp_00124247","geneComp_00017930","TCONS_00206818","XLOC_036415","T_minus","T_plus","SLC35A5","unknown","unknown",5.93066491229349,7.08768194884385,4.77364787574312,0.0492343594335309,0.219316747500934,-0.569236731182227,,2.69526779142356,3.23615548212771,2.1543801007194,0.12430487928109,0.0528280407898767,-0.584778220382084,,0.454516666666667,0.456633333333333,0.4524,-0.00423333333333331,0.967938155359777,0.0487601313944443,FALSE,1,"XLOC_036415","SLC35A5","PB.11454.1","ENST00000261034.6","n","XLOC_036415",TRUE
"isoComp_00124248","geneComp_00017930","TCONS_00206820","XLOC_036415","T_minus","T_plus","SLC35A5","unknown","unknown",5.93066491229349,7.08768194884385,4.77364787574312,0.0492343594335309,0.219316747500934,-0.569236731182227,,0.183408502464057,0.182898021606577,0.183918983321536,0.101392077593812,0.0734256501315275,0.00761569323327677,,0.0316333333333333,0.0259666666666667,0.0373,0.0113333333333333,0.911406362907086,0.0487601313944443,FALSE,1,"XLOC_036415","SLC35A5","PB.6849.5","ENST00000261034.6","m","XLOC_036415",TRUE
"isoComp_00124250","geneComp_00017930","TCONS_00207645","XLOC_036415","T_minus","T_plus","SLC35A5","unknown","unknown",5.93066491229349,7.08768194884385,4.77364787574312,0.0492343594335309,0.219316747500934,-0.569236731182227,,0.676716249542798,1.28601931895018,0.0674131801354157,0.168474015338911,0.0674131801354157,-4.06536419730676,,0.0976,0.181766666666667,0.0134333333333333,-0.168333333333333,0.0487601313944443,0.0487601313944443,FALSE,0,"XLOC_036415","SLC35A5","PB.11454.3","ENST00000261034.6","j","XLOC_036415",TRUE
"isoComp_00124446","geneComp_00017968","TCONS_00194757","XLOC_036495","T_minus","T_plus","CD86","unknown","unknown",8.04992048336046,7.76450720288068,8.33533376384025,1.95476886511111,1.02422599352421,0.102218518920104,,0.714629442832005,1.17950589023891,0.249752995425104,0.246836069403201,0.249752995425104,-2.19515012453163,,0.0954,0.158133333333333,0.0326666666666667,-0.125466666666667,0.22578387682009,5.08358562779543e-19,FALSE,0,"XLOC_036495","CD86","ENST00000330540.7","ENST00000330540.7","=","XLOC_036495",FALSE
"isoComp_00124451","geneComp_00017968","TCONS_00194764","XLOC_036495","T_minus","T_plus","CD86","unknown","unknown",8.04992048336046,7.76450720288068,8.33533376384025,1.95476886511111,1.02422599352421,0.102218518920104,,1.48113720400551,0.073992402986881,2.88828200502413,0.0193498738185467,0.415561470081491,5.1087953230755,,0.181716666666667,0.00956666666666667,0.353866666666667,0.3443,5.08358562779543e-19,5.08358562779543e-19,FALSE,0,"XLOC_036495","CD86","PB.8933.2","ENST00000393627.6","=","XLOC_036495",TRUE
"isoComp_00124454","geneComp_00017968","TCONS_00206011","XLOC_036495","T_minus","T_plus","CD86","unknown","unknown",8.04992048336046,7.76450720288068,8.33533376384025,1.95476886511111,1.02422599352421,0.102218518920104,,2.7257263575652,2.73560322915116,2.71584948597925,0.639040613610943,0.498960043954934,-0.0104172520971634,,0.339766666666667,0.357533333333333,0.322,-0.0355333333333333,0.878466098980327,5.08358562779543e-19,,0,"XLOC_036495","CD86","PB.7036.3","ENST00000330540.7","c","XLOC_036495",TRUE
"isoComp_00124455","geneComp_00017968","TCONS_00206013","XLOC_036495","T_minus","T_plus","CD86","unknown","unknown",8.04992048336046,7.76450720288068,8.33533376384025,1.95476886511111,1.02422599352421,0.102218518920104,,0.247909337900735,0.49581867580147,0,0.307564001780711,0,-5.66054839995644,,0.0368166666666667,0.0736333333333333,0,-0.0736333333333333,0.379396198437765,5.08358562779543e-19,FALSE,0,"XLOC_036495","CD86","PB.7036.8","ENST00000330540.7","c","XLOC_036495",TRUE
"isoComp_00124456","geneComp_00017968","TCONS_00206014","XLOC_036495","T_minus","T_plus","CD86","unknown","unknown",8.04992048336046,7.76450720288068,8.33533376384025,1.95476886511111,1.02422599352421,0.102218518920104,,1.4757723893683,1.55199603169604,1.39954874704057,0.578478448280514,0.46090034631155,-0.148157416144366,,0.180583333333333,0.1958,0.165366666666667,-0.0304333333333333,0.93039524064012,5.08358562779543e-19,FALSE,0,"XLOC_036495","CD86","PB.7036.9","ENST00000330540.7","c","XLOC_036495",TRUE
"isoComp_00124457","geneComp_00017968","TCONS_00206015","XLOC_036495","T_minus","T_plus","CD86","unknown","unknown",8.04992048336046,7.76450720288068,8.33533376384025,1.95476886511111,1.02422599352421,0.102218518920104,,0.269341380562143,0.510161800297764,0.028520960826522,0.480878465912136,0.028520960826522,-3.75524486054873,,0.0284666666666667,0.0528666666666667,0.00406666666666667,-0.0488,0.813983560339034,5.08358562779543e-19,FALSE,0,"XLOC_036495","CD86","PB.7036.10","ENST00000330540.7","c","XLOC_036495",TRUE
"isoComp_00124458","geneComp_00017968","TCONS_00206016","XLOC_036495","T_minus","T_plus","CD86","unknown","unknown",8.04992048336046,7.76450720288068,8.33533376384025,1.95476886511111,1.02422599352421,0.102218518920104,,0.584292394687369,0.88192577334494,0.286659016029798,0.307332416382139,0.186930574447253,-1.58811802340089,,0.07155,0.1056,0.0375,-0.0681,0.569270647697902,5.08358562779543e-19,FALSE,0,"XLOC_036495","CD86","PB.7036.11","ENST00000330540.7","c","XLOC_036495",TRUE
"isoComp_00124459","geneComp_00017968","TCONS_00206830","XLOC_036495","T_minus","T_plus","CD86","unknown","unknown",8.04992048336046,7.76450720288068,8.33533376384025,1.95476886511111,1.02422599352421,0.102218518920104,,0.110292366674872,0.162195404234977,0.0583893291147675,0.0868852316143193,0.0302225222979535,-1.332203496805,,0.01465,0.0221,0.0072,-0.0149,0.805177834084264,5.08358562779543e-19,TRUE,0,"XLOC_036495","CD86","PB.6886.4","ENST00000330540.7","j","XLOC_036495",TRUE
"isoComp_00124460","geneComp_00017968","TCONS_00208738","XLOC_036495","T_minus","T_plus","CD86","unknown","unknown",8.04992048336046,7.76450720288068,8.33533376384025,1.95476886511111,1.02422599352421,0.102218518920104,,0.221070877599973,0.0325710768524928,0.409570678347454,0.0325710768524928,0.210581820195723,3.30096836960292,,0.0270166666666667,0.00843333333333333,0.0456,0.0371666666666667,0.718739155646732,5.08358562779543e-19,FALSE,0,"XLOC_036495","CD86","PB.8933.3","ENST00000330540.7","j","XLOC_036495",TRUE
"isoComp_00126152","geneComp_00018200","TCONS_00197266","XLOC_036970","T_minus","T_plus","KLHL24","unknown","unknown",5.67169153044865,7.6231228837595,3.72026017713779,0.190953710762421,0.254346692311647,-1.03299715842955,,0.420943042472578,0.532155312321202,0.309730772623955,0.0916521172788845,0.197440578333789,-0.761848598937076,,0.0736,0.0701333333333333,0.0770666666666667,0.00693333333333332,0.944838058141312,1.98432865527884e-08,FALSE,0,"XLOC_036970","KLHL24","ENST00000493074.1","ENST00000493074.1","=","XLOC_036970",FALSE
"isoComp_00126154","geneComp_00018200","TCONS_00197268","XLOC_036970","T_minus","T_plus","KLHL24","unknown","unknown",5.67169153044865,7.6231228837595,3.72026017713779,0.190953710762421,0.254346692311647,-1.03299715842955,,0.238260732608784,0.298257238766581,0.178264226450986,0.188375774419527,0.178264226450986,-0.711375885359153,,0.0477,0.0402666666666667,0.0551333333333333,0.0148666666666667,0.869863246104537,1.98432865527884e-08,FALSE,0,"XLOC_036970","KLHL24","ENST00000454495.6","ENST00000454495.6","=","XLOC_036970",FALSE
"isoComp_00126158","geneComp_00018200","TCONS_00197274","XLOC_036970","T_minus","T_plus","KLHL24","unknown","unknown",5.67169153044865,7.6231228837595,3.72026017713779,0.190953710762421,0.254346692311647,-1.03299715842955,,0.0723101463272892,0.0604643920222065,0.0841559006323718,0.0350057082157017,0.0841559006323718,0.41815710922472,,0.01505,0.00816666666666667,0.0219333333333333,0.0137666666666667,0.965826934006303,1.98432865527884e-08,FALSE,0,"XLOC_036970","KLHL24","ENST00000454652.6","ENST00000454652.6","=","XLOC_036970",FALSE
"isoComp_00126159","geneComp_00018200","TCONS_00197275","XLOC_036970","T_minus","T_plus","KLHL24","unknown","unknown",5.67169153044865,7.6231228837595,3.72026017713779,0.190953710762421,0.254346692311647,-1.03299715842955,,4.10708388580307,5.91893430116293,2.29523347044322,0.28253275114877,0.148265680502834,-1.36285993828235,,0.6968,0.776033333333333,0.617566666666667,-0.158466666666667,0.00744690291006017,1.98432865527884e-08,FALSE,0,"XLOC_036970","KLHL24","ENST00000242810.11","ENST00000242810.11","=","XLOC_036970",FALSE
"isoComp_00126160","geneComp_00018200","TCONS_00197279","XLOC_036970","T_minus","T_plus","KLHL24","unknown","unknown",5.67169153044865,7.6231228837595,3.72026017713779,0.190953710762421,0.254346692311647,-1.03299715842955,,0.148520124713401,0.19967390929273,0.0973663401340721,0.0809625540321092,0.0419977393659511,-0.965605578950473,,0.02715,0.0263333333333333,0.0279666666666667,0.00163333333333333,0.999509566492517,1.98432865527884e-08,FALSE,0,"XLOC_036970","KLHL24","ENST00000476808.1","ENST00000476808.1","=","XLOC_036970",FALSE
"isoComp_00126161","geneComp_00018200","TCONS_00206175","XLOC_036970","T_minus","T_plus","KLHL24","unknown","unknown",5.67169153044865,7.6231228837595,3.72026017713779,0.190953710762421,0.254346692311647,-1.03299715842955,,0.29291211141815,0.439118792992563,0.146705429843737,0.235509217415984,0.130596287784531,-1.51904192165797,,0.04755,0.0563,0.0388,-0.0175,0.909841649129264,1.98432865527884e-08,FALSE,0,"XLOC_036970","KLHL24","PB.7236.2","ENST00000454652.6","j","XLOC_036970",TRUE
"isoComp_00126162","geneComp_00018200","TCONS_00207834","XLOC_036970","T_minus","T_plus","KLHL24","unknown","unknown",5.67169153044865,7.6231228837595,3.72026017713779,0.190953710762421,0.254346692311647,-1.03299715842955,,0.275210652495397,0,0.550421304990794,0,0.151982607510973,5.80843989723053,,0.0733833333333333,0,0.146766666666667,0.146766666666667,1.98432865527884e-08,1.98432865527884e-08,FALSE,0,"XLOC_036970","KLHL24","PB.11805.7","ENST00000454652.6","c","XLOC_036970",TRUE
"isoComp_00128398","geneComp_00018476","TCONS_00200117","XLOC_037512","T_minus","T_plus","PFKFB4","unknown","unknown",13.9583029875184,21.3109550608368,6.60565091420001,1.2449004690149,0.197486612044837,-1.68831704886918,,1.30550869007406,1.84354681516002,0.76747056498809,0.208735577765549,0.0920783953847333,-1.25342859286609,,0.1022,0.0879333333333333,0.116466666666667,0.0285333333333333,0.764925114224119,3.71514004322816e-06,FALSE,0,"XLOC_037512","PFKFB4","PB.11192.1","ENST00000232375.8","=","XLOC_037512",TRUE
"isoComp_00128404","geneComp_00018476","TCONS_00200123","XLOC_037512","T_minus","T_plus","PFKFB4","unknown","unknown",13.9583029875184,21.3109550608368,6.60565091420001,1.2449004690149,0.197486612044837,-1.68831704886918,,0.223477818518201,0.251649246140142,0.19530639089626,0.0746499192804924,0.0181298242484967,-0.349855565095022,,0.0206666666666667,0.0118,0.0295333333333333,0.0177333333333333,0.438782453833556,3.71514004322816e-06,TRUE,0,"XLOC_037512","PFKFB4","ENST00000478516.1","ENST00000478516.1","=","XLOC_037512",FALSE
"isoComp_00128405","geneComp_00018476","TCONS_00200124","XLOC_037512","T_minus","T_plus","PFKFB4","unknown","unknown",13.9583029875184,21.3109550608368,6.60565091420001,1.2449004690149,0.197486612044837,-1.68831704886918,,0.127527485076475,0,0.255054970152949,0,0.255054970152949,4.72821968830991,,0.0184166666666667,0,0.0368333333333333,0.0368333333333333,0.818467079215561,3.71514004322816e-06,TRUE,0,"XLOC_037512","PFKFB4","ENST00000452531.5","ENST00000452531.5","=","XLOC_037512",FALSE
"isoComp_00128407","geneComp_00018476","TCONS_00200126","XLOC_037512","T_minus","T_plus","PFKFB4","unknown","unknown",13.9583029875184,21.3109550608368,6.60565091420001,1.2449004690149,0.197486612044837,-1.68831704886918,,0.202160957188912,0.253482953534681,0.150838960843142,0.126766982781406,0.150838960843142,-0.712092707100006,,0.017,0.0122333333333333,0.0217666666666667,0.00953333333333333,0.902943829479264,3.71514004322816e-06,FALSE,0,"XLOC_037512","PFKFB4","ENST00000412035.5","ENST00000412035.5","=","XLOC_037512",FALSE
"isoComp_00128409","geneComp_00018476","TCONS_00200128","XLOC_037512","T_minus","T_plus","PFKFB4","unknown","unknown",13.9583029875184,21.3109550608368,6.60565091420001,1.2449004690149,0.197486612044837,-1.68831704886918,,0.163154265334036,0.155984302699255,0.170324227968817,0.0555756202739218,0.0389107921285808,0.119546436225998,,0.0165833333333333,0.00723333333333333,0.0259333333333333,0.0187,0.348946712372545,3.71514004322816e-06,TRUE,0,"XLOC_037512","PFKFB4","ENST00000496767.5","ENST00000496767.5","=","XLOC_037512",FALSE
"isoComp_00128411","geneComp_00018476","TCONS_00200131","XLOC_037512","T_minus","T_plus","PFKFB4","unknown","unknown",13.9583029875184,21.3109550608368,6.60565091420001,1.2449004690149,0.197486612044837,-1.68831704886918,,0.284754187455378,0.373101023143797,0.196407351766958,0.0395074761221539,0.146225104481945,-0.892230521519009,,0.02345,0.0175666666666667,0.0293333333333333,0.0117666666666667,0.985342397015185,3.71514004322816e-06,FALSE,1,"XLOC_037512","PFKFB4","ENST00000467176.1","ENST00000467176.1","=","XLOC_037512",FALSE
"isoComp_00128412","geneComp_00018476","TCONS_00200133","XLOC_037512","T_minus","T_plus","UCN2","unknown","unknown",13.9583029875184,21.3109550608368,6.60565091420001,1.2449004690149,0.197486612044837,-1.68831704886918,,1.57417533035118,1.7490507624962,1.39929989820616,0.0387032854024593,0.108857679454501,-0.319818467557015,,0.147266666666667,0.0828,0.211733333333333,0.128933333333333,3.71514004322816e-06,3.71514004322816e-06,FALSE,0,"XLOC_037512","UCN2","ENST00000273610.4","ENST00000273610.4","=","XLOC_037512",FALSE
"isoComp_00128413","geneComp_00018476","TCONS_00208075","XLOC_037512","T_minus","T_plus","PFKFB4","unknown","unknown",13.9583029875184,21.3109550608368,6.60565091420001,1.2449004690149,0.197486612044837,-1.68831704886918,,4.4435666505024,7.44017287865984,1.44696042234496,0.675023970151798,0.295646098839717,-2.35431221540567,,0.285233333333333,0.348866666666667,0.2216,-0.127266666666667,0.323785492758756,3.71514004322816e-06,FALSE,0,"XLOC_037512","PFKFB4","PB.11192.6","ENST00000417753.5","c","XLOC_037512",TRUE
"isoComp_00128414","geneComp_00018476","TCONS_00208076","XLOC_037512","T_minus","T_plus","PFKFB4","unknown","unknown",13.9583029875184,21.3109550608368,6.60565091420001,1.2449004690149,0.197486612044837,-1.68831704886918,,0.628132732898488,0.725335944835681,0.530929520961295,0.445745899411006,0.15286816614968,-0.44296287474231,,0.0568,0.0332333333333333,0.0803666666666667,0.0471333333333333,0.521925766158612,3.71514004322816e-06,FALSE,0,"XLOC_037512","PFKFB4","PB.11192.4","ENST00000417753.5","c","XLOC_037512",TRUE
"isoComp_00128415","geneComp_00018476","TCONS_00208077","XLOC_037512","T_minus","T_plus","PFKFB4","unknown","unknown",13.9583029875184,21.3109550608368,6.60565091420001,1.2449004690149,0.197486612044837,-1.68831704886918,,1.16580056523009,1.81561786690583,0.515983263554347,0.362215935838429,0.262267583736969,-1.79529601639393,,0.08015,0.0844,0.0759,-0.00850000000000001,0.91603809371359,3.71514004322816e-06,FALSE,0,"XLOC_037512","PFKFB4","PB.11192.3","ENST00000417753.5","c","XLOC_037512",TRUE
"isoComp_00128417","geneComp_00018476","TCONS_00208079","XLOC_037512","T_minus","T_plus","PFKFB4","unknown","unknown",13.9583029875184,21.3109550608368,6.60565091420001,1.2449004690149,0.197486612044837,-1.68831704886918,,3.23195412659318,5.80945880169831,0.654449451488047,0.584671808387203,0.334209772767495,-3.13065363691644,,0.186983333333333,0.2717,0.102266666666667,-0.169433333333333,0.38396476955666,3.71514004322816e-06,FALSE,0,"XLOC_037512","PFKFB4","PB.11192.2","ENST00000417753.5","j","XLOC_037512",TRUE
"isoComp_00128994","geneComp_00018518","TCONS_00200674","XLOC_037565","T_minus","T_plus","RASSF1","unknown","unknown",12.9199516137932,16.5001109406222,9.3397922869643,1.06877927299841,0.16553481923234,-0.820343594697743,,9.03450116010917,10.2046093677956,7.86439295242275,0.830747009779094,0.27594354560485,-0.37539341926808,,0.73165,0.620166666666667,0.843133333333333,0.222966666666667,0.00660220323847937,0.00660220323847937,FALSE,0,"XLOC_037565","RASSF1","ENST00000327761.7","ENST00000327761.7","=","XLOC_037565",FALSE
"isoComp_00128995","geneComp_00018518","TCONS_00200675","XLOC_037565","T_minus","T_plus","RASSF1","unknown","unknown",12.9199516137932,16.5001109406222,9.3397922869643,1.06877927299841,0.16553481923234,-0.820343594697743,,0.166339479235495,0.245287698220137,0.0873912602508523,0.112773600905685,0.0439984153909998,-1.39025980107796,,0.0117166666666667,0.0142333333333333,0.0092,-0.00503333333333333,0.906356150578132,0.00660220323847937,FALSE,0,"XLOC_037565","RASSF1","ENST00000616212.4","ENST00000616212.4","=","XLOC_037565",FALSE
"isoComp_00128996","geneComp_00018518","TCONS_00200676","XLOC_037565","T_minus","T_plus","RASSF1","unknown","unknown",12.9199516137932,16.5001109406222,9.3397922869643,1.06877927299841,0.16553481923234,-0.820343594697743,,2.28928157790283,3.78887532843515,0.78968782737051,0.793009799713245,0.277600552873895,-2.24806353352068,,0.15645,0.228833333333333,0.0840666666666667,-0.144766666666667,0.0840779477627668,0.00660220323847937,FALSE,0,"XLOC_037565","RASSF1","ENST00000395126.7","ENST00000395126.7","=","XLOC_037565",FALSE
"isoComp_00128997","geneComp_00018518","TCONS_00200677","XLOC_037565","T_minus","T_plus","RASSF1","unknown","unknown",12.9199516137932,16.5001109406222,9.3397922869643,1.06877927299841,0.16553481923234,-0.820343594697743,,0.896670616549369,1.50588185113814,0.287459381960599,0.232989917536583,0.148636382214383,-2.3493927260942,,0.0604666666666667,0.0907,0.0302333333333333,-0.0604666666666667,0.564786139699503,0.00660220323847937,FALSE,0,"XLOC_037565","RASSF1","ENST00000359365.9","ENST00000359365.9","=","XLOC_037565",FALSE
"isoComp_00128999","geneComp_00018518","TCONS_00200680","XLOC_037565","T_minus","T_plus","RASSF1","unknown","unknown",12.9199516137932,16.5001109406222,9.3397922869643,1.06877927299841,0.16553481923234,-0.820343594697743,,0.430119497545052,0.549378130130519,0.310860864959584,0.0343759853925054,0.0337325457072931,-0.801876013771497,,0.03335,0.0333,0.0334,9.99999999999959e-05,0.996567194811929,0.00660220323847937,FALSE,1,"XLOC_037565","RASSF1","ENST00000478619.1","ENST00000478619.1","=","XLOC_037565",FALSE
"isoComp_00132439","geneComp_00019045","TCONS_00205702","XLOC_038662","T_minus","T_plus","RUBCN","unknown","unknown",11.2595107412834,6.73876133939272,15.7802601431742,0.678231322414479,1.86985114357117,1.22634029883842,,2.84513826647928,1.71555234502425,3.97472418793431,0.10786515933711,0.500640186520259,1.20742162921727,,0.256183333333333,0.2601,0.252266666666667,-0.00783333333333336,0.993460003112426,1.03636013445335e-07,FALSE,2,"XLOC_038662","RUBCN","ENST00000296343.10","ENST00000296343.10","=","XLOC_038662",FALSE
"isoComp_00132440","geneComp_00019045","TCONS_00205703","XLOC_038662","T_minus","T_plus","RUBCN","unknown","unknown",11.2595107412834,6.73876133939272,15.7802601431742,0.678231322414479,1.86985114357117,1.22634029883842,,0.881498177358025,0.579216802752151,1.1837795519639,0.179847568950097,0.250177775024028,1.01866596990101,,0.0784,0.0833,0.0735,-0.0098,0.970701903513894,1.03636013445335e-07,FALSE,2,"XLOC_038662","RUBCN","ENST00000273582.9","ENST00000273582.9","=","XLOC_038662",FALSE
"isoComp_00132441","geneComp_00019045","TCONS_00205706","XLOC_038662","T_minus","T_plus","RUBCN","unknown","unknown",11.2595107412834,6.73876133939272,15.7802601431742,0.678231322414479,1.86985114357117,1.22634029883842,,1.59646214782302,0.94253855670673,2.2503857389393,0.0811318315151045,0.0846366809637527,1.24671959609903,,0.143016666666667,0.1407,0.145333333333333,0.00463333333333335,0.985462718955728,1.03636013445335e-07,FALSE,0,"XLOC_038662","RUBCN","ENST00000415452.5","ENST00000415452.5","=","XLOC_038662",FALSE
"isoComp_00132442","geneComp_00019045","TCONS_00205707","XLOC_038662","T_minus","T_plus","RUBCN","unknown","unknown",11.2595107412834,6.73876133939272,15.7802601431742,0.678231322414479,1.86985114357117,1.22634029883842,,0.374759209966932,0.147104405043471,0.602414014890392,0.0892352887620059,0.191977915782087,1.96278366594839,,0.0291666666666667,0.0198,0.0385333333333333,0.0187333333333333,0.819973930597807,1.03636013445335e-07,FALSE,0,"XLOC_038662","RUBCN","ENST00000471364.1","ENST00000471364.1","=","XLOC_038662",FALSE
"isoComp_00132444","geneComp_00019045","TCONS_00205709","XLOC_038662","T_minus","T_plus","RUBCN","unknown","unknown",11.2595107412834,6.73876133939272,15.7802601431742,0.678231322414479,1.86985114357117,1.22634029883842,,0.298627134577756,0.0937924397194449,0.503461829436068,0.0474848388225106,0.104143413005509,2.30655567003933,,0.0236166666666667,0.0139666666666667,0.0332666666666667,0.0193,0.69361953821142,1.03636013445335e-07,FALSE,1,"XLOC_038662","RUBCN","ENST00000449205.1","ENST00000449205.1","=","XLOC_038662",FALSE
"isoComp_00132446","geneComp_00019045","TCONS_00205711","XLOC_038662","T_minus","T_plus","RUBCN","unknown","unknown",11.2595107412834,6.73876133939272,15.7802601431742,0.678231322414479,1.86985114357117,1.22634029883842,,0.860115078062516,0.422186565937893,1.29804359018714,0.232482784610723,0.289514096698776,1.59768448568802,,0.0689833333333333,0.0575,0.0804666666666667,0.0229666666666667,0.804270483513796,1.03636013445335e-07,TRUE,0,"XLOC_038662","RUBCN","ENST00000474214.2","ENST00000474214.2","=","XLOC_038662",FALSE
"isoComp_00132447","geneComp_00019045","TCONS_00205712","XLOC_038662","T_minus","T_plus","RUBCN","unknown","unknown",11.2595107412834,6.73876133939272,15.7802601431742,0.678231322414479,1.86985114357117,1.22634029883842,,0.288037781533014,0.247666526479182,0.328409036586847,0.143083407953278,0.0953692072633808,0.393262964964044,,0.0268166666666667,0.0335333333333333,0.0201,-0.0134333333333333,0.902185196030358,1.03636013445335e-07,,0,"XLOC_038662","RUBCN","ENST00000472149.1","ENST00000472149.1","=","XLOC_038662",FALSE
"isoComp_00132448","geneComp_00019045","TCONS_00207289","XLOC_038662","T_minus","T_plus","MIR922","unknown","unknown",11.2595107412834,6.73876133939272,15.7802601431742,0.678231322414479,1.86985114357117,1.22634029883842,,0.92853643377088,1.84610276129862,0.0109701062431376,0.614138026577749,0.0109701062431376,-6.46779860510295,,0.147933333333333,0.2953,0.000566666666666667,-0.294733333333333,1.03636013445335e-07,1.03636013445335e-07,FALSE,0,"XLOC_038662","MIR922","PB.7167.5","ENST00000401223.1","k","XLOC_038662",TRUE
"isoComp_00132449","geneComp_00019045","TCONS_00209210","XLOC_038662","T_minus","T_plus","MIR922","unknown","unknown",11.2595107412834,6.73876133939272,15.7802601431742,0.678231322414479,1.86985114357117,1.22634029883842,,3.04681267921496,0.671942380375412,5.4216829780545,0.558835581170644,0.646999912548344,2.99367752735949,,0.215133333333333,0.0867666666666667,0.3435,0.256733333333333,0.274214786295766,1.03636013445335e-07,FALSE,0,"XLOC_038662","MIR922","PB.9278.4","ENST00000401223.1","k","XLOC_038662",TRUE
"isoComp_00132899","geneComp_00019105","TCONS_00209758","XLOC_038760","T_minus","T_plus","TBC1D14","unknown","unknown",18.6003131796634,26.0091189911492,11.1915073681777,1.20750734329317,0.359331832725371,-1.2158792267326,,3.04027240836867,3.18424726143699,2.89629755530035,0.855762133588106,0.246214887247666,-0.136293575828126,,0.1908,0.122633333333333,0.258966666666667,0.136333333333333,0.0967664063132171,0.0209595807639698,FALSE,0,"XLOC_038760","TBC1D14","ENST00000448507.5","ENST00000448507.5","=","XLOC_038760",FALSE
"isoComp_00132900","geneComp_00019105","TCONS_00209759","XLOC_038760","T_minus","T_plus","TBC1D14","unknown","unknown",18.6003131796634,26.0091189911492,11.1915073681777,1.20750734329317,0.359331832725371,-1.2158792267326,,3.54494364397251,5.78415920533058,1.30572808261443,1.34667323346782,0.0920454881302819,-2.13873796325895,,0.167633333333333,0.218833333333333,0.116433333333333,-0.1024,0.246570895416568,0.0209595807639698,FALSE,0,"XLOC_038760","TBC1D14","ENST00000409757.9","ENST00000409757.9","=","XLOC_038760",FALSE
"isoComp_00132902","geneComp_00019105","TCONS_00209762","XLOC_038760","T_minus","T_plus","TBC1D14","unknown","unknown",18.6003131796634,26.0091189911492,11.1915073681777,1.20750734329317,0.359331832725371,-1.2158792267326,,2.17790157318422,2.1428231789568,2.21297996741164,0.292049433309749,0.363750478462778,0.046265118101,,0.14,0.0818666666666667,0.198133333333333,0.116266666666667,0.0209595807639698,0.0209595807639698,FALSE,0,"XLOC_038760","TBC1D14","ENST00000451522.6","ENST00000451522.6","=","XLOC_038760",FALSE
"isoComp_00132903","geneComp_00019105","TCONS_00209763","XLOC_038760","T_minus","T_plus","TBC1D14","unknown","unknown",18.6003131796634,26.0091189911492,11.1915073681777,1.20750734329317,0.359331832725371,-1.2158792267326,,8.29532996448933,11.93839996719,4.65225996178871,0.358870557784392,0.288040705888369,-1.35771608242755,,0.438483333333333,0.4618,0.415166666666667,-0.0466333333333334,0.737721605037833,0.0209595807639698,FALSE,0,"XLOC_038760","TBC1D14","ENST00000446947.6","ENST00000446947.6","=","XLOC_038760",FALSE
"isoComp_00132906","geneComp_00019105","TCONS_00220088","XLOC_038760","T_minus","T_plus","TBC1D14","unknown","unknown",18.6003131796634,26.0091189911492,11.1915073681777,1.20750734329317,0.359331832725371,-1.2158792267326,,1.266373475441,2.532746950882,0,1.33441310232214,0,-7.99024408480601,,0.0493333333333333,0.0986666666666667,0,-0.0986666666666667,0.165471471125138,0.0209595807639698,FALSE,0,"XLOC_038760","TBC1D14","PB.11999.1","ENST00000409757.9","c","XLOC_038760",TRUE
"isoComp_00133503","geneComp_00019208","TCONS_00210770","XLOC_039060","T_minus","T_plus","DCUN1D4","unknown","unknown",9.68191825123565,9.0511320166875,10.3127044857838,0.22951918488485,0.32797462484412,0.188057793566601,,1.41010640456073,1.07889582452328,1.74131698459818,0.164522071962171,0.129646931519594,0.685574295152774,,0.1435,0.118466666666667,0.168533333333333,0.0500666666666667,0.52085871578565,0.000112215393025018,FALSE,0,"XLOC_039060","DCUN1D4","ENST00000381441.7","ENST00000381441.7","=","XLOC_039060",FALSE
"isoComp_00133504","geneComp_00019208","TCONS_00210771","XLOC_039060","T_minus","T_plus","DCUN1D4","unknown","unknown",9.68191825123565,9.0511320166875,10.3127044857838,0.22951918488485,0.32797462484412,0.188057793566601,,0.221202437682195,0.210247843396176,0.232157031968214,0.0242635184781532,0.127545417548507,0.136815005033299,,0.0230833333333333,0.0233333333333333,0.0228333333333333,-5e-04,0.930677909542882,0.000112215393025018,TRUE,0,"XLOC_039060","DCUN1D4","ENST00000506673.5","ENST00000506673.5","=","XLOC_039060",FALSE
"isoComp_00133506","geneComp_00019208","TCONS_00210774","XLOC_039060","T_minus","T_plus","DCUN1D4","unknown","unknown",9.68191825123565,9.0511320166875,10.3127044857838,0.22951918488485,0.32797462484412,0.188057793566601,,0.283535161406545,0.320661464857949,0.246408857955141,0.0633222654003774,0.046555039613466,-0.366908821809676,,0.0297833333333333,0.0355333333333333,0.0240333333333333,-0.0115,0.84225362622671,0.000112215393025018,FALSE,0,"XLOC_039060","DCUN1D4","ENST00000513800.5","ENST00000513800.5","=","XLOC_039060",FALSE
"isoComp_00133507","geneComp_00019208","TCONS_00210775","XLOC_039060","T_minus","T_plus","DCUN1D4","unknown","unknown",9.68191825123565,9.0511320166875,10.3127044857838,0.22951918488485,0.32797462484412,0.188057793566601,,0.307861481142207,0.26474167944951,0.350981282834905,0.192375066570473,0.0865341644331446,0.393848244349042,,0.0319833333333333,0.0302666666666667,0.0337,0.00343333333333333,0.872829224928293,0.000112215393025018,FALSE,0,"XLOC_039060","DCUN1D4","ENST00000507741.5","ENST00000507741.5","=","XLOC_039060",FALSE
"isoComp_00133508","geneComp_00019208","TCONS_00210776","XLOC_039060","T_minus","T_plus","DCUN1D4","unknown","unknown",9.68191825123565,9.0511320166875,10.3127044857838,0.22951918488485,0.32797462484412,0.188057793566601,,2.68747202657043,3.16722248354811,2.20772156959275,0.0898769535119285,0.141824206885584,-0.518687868190559,,0.281816666666667,0.349966666666667,0.213666666666667,-0.1363,0.000112215393025018,0.000112215393025018,FALSE,0,"XLOC_039060","DCUN1D4","PB.12139.1","ENST00000334635.10","=","XLOC_039060",TRUE
"isoComp_00133509","geneComp_00019208","TCONS_00210777","XLOC_039060","T_minus","T_plus","DCUN1D4","unknown","unknown",9.68191825123565,9.0511320166875,10.3127044857838,0.22951918488485,0.32797462484412,0.188057793566601,,0.391712424407108,0.650686446973569,0.132738401840648,0.0601333017461408,0.108730062250728,-2.2105922255525,,0.0426166666666667,0.0718,0.0134333333333333,-0.0583666666666667,0.163044061052295,0.000112215393025018,TRUE,0,"XLOC_039060","DCUN1D4","ENST00000477560.5","ENST00000477560.5","=","XLOC_039060",FALSE
"isoComp_00133511","geneComp_00019208","TCONS_00210780","XLOC_039060","T_minus","T_plus","DCUN1D4","unknown","unknown",9.68191825123565,9.0511320166875,10.3127044857838,0.22951918488485,0.32797462484412,0.188057793566601,,0.459194529677955,0.522277950057304,0.396111109298606,0.103868364905517,0.132221579634573,-0.390305309784601,,0.0487166666666667,0.0582666666666667,0.0391666666666667,-0.0191,0.837282216209876,0.000112215393025018,FALSE,0,"XLOC_039060","DCUN1D4","ENST00000451288.6","ENST00000451288.6","=","XLOC_039060",FALSE
"isoComp_00133513","geneComp_00019208","TCONS_00210782","XLOC_039060","T_minus","T_plus","DCUN1D4","unknown","unknown",9.68191825123565,9.0511320166875,10.3127044857838,0.22951918488485,0.32797462484412,0.188057793566601,,0.104538873364376,0.106403885502076,0.102673861226677,0.0151089523775551,0.039345745157784,-0.0469863463893547,,0.0108333333333333,0.0117333333333333,0.00993333333333333,-0.0018,0.955798745775203,0.000112215393025018,,0,"XLOC_039060","DCUN1D4","ENST00000504923.5","ENST00000504923.5","=","XLOC_039060",FALSE
"isoComp_00133515","geneComp_00019208","TCONS_00210785","XLOC_039060","T_minus","T_plus","DCUN1D4","unknown","unknown",9.68191825123565,9.0511320166875,10.3127044857838,0.22951918488485,0.32797462484412,0.188057793566601,,0.342423517190013,0.188699887088617,0.496147147291409,0.0964906460545501,0.0916171257798644,1.34896581397508,,0.0344666666666667,0.0209,0.0480333333333333,0.0271333333333333,0.713716987011835,0.000112215393025018,TRUE,0,"XLOC_039060","DCUN1D4","ENST00000505634.5","ENST00000505634.5","=","XLOC_039060",FALSE
"isoComp_00133516","geneComp_00019208","TCONS_00210786","XLOC_039060","T_minus","T_plus","DCUN1D4","unknown","unknown",9.68191825123565,9.0511320166875,10.3127044857838,0.22951918488485,0.32797462484412,0.188057793566601,,0.155093155920991,0.180545580812337,0.129640731029646,0.180545580812337,0.129640731029646,-0.448416334502394,,0.0157833333333333,0.0196666666666667,0.0119,-0.00776666666666666,0.999325317635334,0.000112215393025018,FALSE,0,"XLOC_039060","DCUN1D4","ENST00000510808.1","ENST00000510808.1","=","XLOC_039060",FALSE
"isoComp_00133518","geneComp_00019208","TCONS_00210788","XLOC_039060","T_minus","T_plus","DCUN1D4","unknown","unknown",9.68191825123565,9.0511320166875,10.3127044857838,0.22951918488485,0.32797462484412,0.188057793566601,,0.220601927194013,0.115872536939261,0.325331317448765,0.115872536939261,0.195127314605828,1.41362367839943,,0.0224166666666667,0.0126333333333333,0.0322,0.0195666666666667,0.788889943627256,0.000112215393025018,FALSE,0,"XLOC_039060","DCUN1D4","ENST00000508257.5","ENST00000508257.5","=","XLOC_039060",FALSE
"isoComp_00133520","geneComp_00019208","TCONS_00219210","XLOC_039060","T_minus","T_plus","DCUN1D4","unknown","unknown",9.68191825123565,9.0511320166875,10.3127044857838,0.22951918488485,0.32797462484412,0.188057793566601,,0.261485538277374,0.0425929466532598,0.480378129901487,0.0425929466532598,0.248700037870617,3.22095340367306,,0.0250666666666667,0.00493333333333333,0.0452,0.0402666666666667,0.70040225236443,0.000112215393025018,FALSE,0,"XLOC_039060","DCUN1D4","PB.7450.1","ENST00000477560.5","j","XLOC_039060",TRUE
"isoComp_00133521","geneComp_00019208","TCONS_00220168","XLOC_039060","T_minus","T_plus","DCUN1D4","unknown","unknown",9.68191825123565,9.0511320166875,10.3127044857838,0.22951918488485,0.32797462484412,0.188057793566601,,0.606080775252362,0.633743872041802,0.578417678462921,0.230829939289715,0.069716345365989,-0.129646202198158,,0.0627166666666667,0.0688,0.0566333333333333,-0.0121666666666667,0.992124677639766,0.000112215393025018,FALSE,0,"XLOC_039060","DCUN1D4","PB.12139.6","ENST00000477560.5","j","XLOC_039060",TRUE
"isoComp_00133523","geneComp_00019208","TCONS_00220813","XLOC_039060","T_minus","T_plus","DCUN1D4","unknown","unknown",9.68191825123565,9.0511320166875,10.3127044857838,0.22951918488485,0.32797462484412,0.188057793566601,,1.92502901734069,1.27531486185287,2.57474317282852,0.162009850506587,0.32580322797661,1.00789911974738,,0.195616666666667,0.1418,0.249433333333333,0.107633333333333,0.168185288559951,0.000112215393025018,FALSE,0,"XLOC_039060","DCUN1D4","PB.9433.7","ENST00000507741.5","c","XLOC_039060",TRUE
"isoComp_00133648","geneComp_00019225","TCONS_00210955","XLOC_039102","T_minus","T_plus","CRACD","unknown","unknown",1.52359434210886,1.04297835031432,2.00421033390341,0.305317283107218,0.346873393952528,0.935738570392334,,1.35988923831819,0.731574166277103,1.98820431035928,0.0790285925462911,0.354680093592954,1.43004121013546,,0.880066666666667,0.769833333333333,0.9903,0.220466666666667,0.0184459505142301,0.0184459505142301,FALSE,1,"XLOC_039102","CRACD","ENST00000682029.1","ENST00000682029.1","=","XLOC_039102",FALSE
"isoComp_00133649","geneComp_00019225","TCONS_00210957","XLOC_039102","T_minus","T_plus","CRACD","unknown","unknown",1.52359434210886,1.04297835031432,2.00421033390341,0.305317283107218,0.346873393952528,0.935738570392334,,0.0174344973368896,0.0188629711296472,0.0160060235441319,0.0188629711296472,0.00801245840318805,-0.150373996680553,,0.0176666666666667,0.0256333333333333,0.0097,-0.0159333333333333,0.995880446724868,0.0184459505142301,FALSE,0,"XLOC_039102","CRACD","ENST00000646253.1","ENST00000646253.1","=","XLOC_039102",FALSE
"isoComp_00133650","geneComp_00019225","TCONS_00210964","XLOC_039102","T_minus","T_plus","CRACD","unknown","unknown",1.52359434210886,1.04297835031432,2.00421033390341,0.305317283107218,0.346873393952528,0.935738570392334,,0.146270606453783,0.292541212907567,0,0.239219739136424,0,-4.91905977812567,,0.102266666666667,0.204533333333333,0,-0.204533333333333,0.288893000728913,0.0184459505142301,FALSE,0,"XLOC_039102","CRACD","ENST00000514330.1","ENST00000514330.1","=","XLOC_039102",FALSE
"isoComp_00133788","geneComp_00019256","TCONS_00211240","XLOC_039217","T_minus","T_plus","MOB1B","unknown","unknown",31.4718378623253,37.075694547083,25.8679811775675,0.837700802618797,0.682089698924419,-0.519137715743781,,0.438450357969503,0.35480688240513,0.522093833533875,0.083768157032051,0.0389061165610119,0.544547736661844,,0.01495,0.00966666666666667,0.0202333333333333,0.0105666666666667,0.410679398935742,0.000155897826035884,FALSE,0,"XLOC_039217","MOB1B","ENST00000509041.5","ENST00000509041.5","=","XLOC_039217",FALSE
"isoComp_00133789","geneComp_00019256","TCONS_00211241","XLOC_039217","T_minus","T_plus","MOB1B","unknown","unknown",31.4718378623253,37.075694547083,25.8679811775675,0.837700802618797,0.682089698924419,-0.519137715743781,,8.51760128718795,8.43025412053819,8.60494845383771,0.230247379925506,0.209188507374183,0.0295557278593203,,0.28045,0.2276,0.3333,0.1057,0.000155897826035884,0.000155897826035884,FALSE,0,"XLOC_039217","MOB1B","ENST00000309395.7","ENST00000309395.7","=","XLOC_039217",FALSE
"isoComp_00133790","geneComp_00019256","TCONS_00211242","XLOC_039217","T_minus","T_plus","MOB1B","unknown","unknown",31.4718378623253,37.075694547083,25.8679811775675,0.837700802618797,0.682089698924419,-0.519137715743781,,0.306584739083337,0.260232660057044,0.35293681810963,0.0767377199154126,0.107798822076664,0.425516370452814,,0.0103166666666667,0.0071,0.0135333333333333,0.00643333333333333,0.722448934231097,0.000155897826035884,FALSE,0,"XLOC_039217","MOB1B","ENST00000396051.2","ENST00000396051.2","=","XLOC_039217",FALSE
"isoComp_00133792","geneComp_00019256","TCONS_00211245","XLOC_039217","T_minus","T_plus","DCK","unknown","unknown",31.4718378623253,37.075694547083,25.8679811775675,0.837700802618797,0.682089698924419,-0.519137715743781,,0.863656833264577,1.01559983293811,0.711713833591046,0.0596039157144895,0.112887131664783,-0.50696911878537,,0.0275833333333333,0.0274666666666667,0.0277,0.000233333333333332,0.999779088939979,0.000155897826035884,FALSE,0,"XLOC_039217","DCK","ENST00000503359.5","ENST00000503359.5","=","XLOC_039217",FALSE
"isoComp_00133795","geneComp_00019256","TCONS_00211248","XLOC_039217","T_minus","T_plus","DCK","unknown","unknown",31.4718378623253,37.075694547083,25.8679811775675,0.837700802618797,0.682089698924419,-0.519137715743781,,17.0011188950359,21.6572500545114,12.3449877355604,0.324541628481303,0.711946683662219,-0.810422483770539,,0.530616666666667,0.5844,0.476833333333333,-0.107566666666667,0.0027344510515109,0.000155897826035884,FALSE,0,"XLOC_039217","DCK","PB.9484.1","ENST00000286648.10","=","XLOC_039217",TRUE
"isoComp_00133796","geneComp_00019256","TCONS_00219227","XLOC_039217","T_minus","T_plus","DCK","unknown","unknown",31.4718378623253,37.075694547083,25.8679811775675,0.837700802618797,0.682089698924419,-0.519137715743781,,3.81827813427718,4.92574001691999,2.71081625163438,0.83500040884268,0.413015886129661,-0.859226876073777,,0.11835,0.1322,0.1045,-0.0277,0.820376092836281,0.000155897826035884,FALSE,0,"XLOC_039217","DCK","PB.7479.3","ENST00000503359.5","c","XLOC_039217",TRUE
"isoComp_00134292","geneComp_00019334","TCONS_00211808","XLOC_039354","T_minus","T_plus","PIGY-DT","unknown","unknown",4.37782658480309,5.16866116712316,3.58699200248302,0.0658936575850072,0.405929901241207,-0.525788216146098,,0.116252466841304,0.129346087746152,0.103158845936456,0.129346087746152,0.103158845936456,-0.300323129752941,,0.0245666666666667,0.0256333333333333,0.0235,-0.00213333333333333,0.986653370699033,6.45402624212634e-07,,0,"XLOC_039354","PIGY-DT","ENST00000598772.1","ENST00000598772.1","=","XLOC_039354",FALSE
"isoComp_00134294","geneComp_00019334","TCONS_00211812","XLOC_039354","T_minus","T_plus","HERC3","unknown","unknown",4.37782658480309,5.16866116712316,3.58699200248302,0.0658936575850072,0.405929901241207,-0.525788216146098,,0.40791954225245,0.256347508243794,0.559491576261106,0.133794429353453,0.280751046956889,1.09636471806103,,0.0993666666666667,0.0489666666666667,0.149766666666667,0.1008,0.899997088892796,6.45402624212634e-07,FALSE,0,"XLOC_039354","HERC3","PB.7382.1","ENST00000402738.6","=","XLOC_039354",TRUE
"isoComp_00134295","geneComp_00019334","TCONS_00211813","XLOC_039354","T_minus","T_plus","HERC3","unknown","unknown",4.37782658480309,5.16866116712316,3.58699200248302,0.0658936575850072,0.405929901241207,-0.525788216146098,,0.104516199172462,0,0.209032398344924,0,0.209032398344924,4.45307237783949,,0.0238166666666667,0,0.0476333333333333,0.0476333333333333,0.876758905065521,6.45402624212634e-07,,0,"XLOC_039354","HERC3","ENST00000422770.5","ENST00000422770.5","=","XLOC_039354",FALSE
"isoComp_00134296","geneComp_00019334","TCONS_00211814","XLOC_039354","T_minus","T_plus","HERC3","unknown","unknown",4.37782658480309,5.16866116712316,3.58699200248302,0.0658936575850072,0.405929901241207,-0.525788216146098,,0.18681744143034,0.258114825982241,0.115520056878438,0.0424304940102584,0.0323089375552141,-1.09493308726663,,0.0405166666666667,0.0498333333333333,0.0312,-0.0186333333333333,0.83359746769419,6.45402624212634e-07,FALSE,0,"XLOC_039354","HERC3","ENST00000407637.5","ENST00000407637.5","=","XLOC_039354",FALSE
"isoComp_00134298","geneComp_00019334","TCONS_00211817","XLOC_039354","T_minus","T_plus","HERC3","unknown","unknown",4.37782658480309,5.16866116712316,3.58699200248302,0.0658936575850072,0.405929901241207,-0.525788216146098,,0.343374525806514,0.686749051613029,0,0.150168081552777,0,-6.12256722847894,,0.0668,0.1336,0,-0.1336,6.45402624212634e-07,6.45402624212634e-07,FALSE,0,"XLOC_039354","HERC3","ENST00000264345.7","ENST00000264345.7","=","XLOC_039354",FALSE
"isoComp_00134300","geneComp_00019334","TCONS_00219286","XLOC_039354","T_minus","T_plus","ENSG00000287542","unknown","unknown",4.37782658480309,5.16866116712316,3.58699200248302,0.0658936575850072,0.405929901241207,-0.525788216146098,,0.321292177160213,0.504614043305574,0.137970311014853,0.108299000227591,0.0717515947733471,-1.79818308692944,,0.07045,0.0973,0.0436,-0.0537,0.746137937180615,6.45402624212634e-07,FALSE,0,"XLOC_039354","ENSG00000287542","PB.7551.1","ENST00000512194.2","j","XLOC_039354",TRUE
"isoComp_00134301","geneComp_00019334","TCONS_00219287","XLOC_039354","T_minus","T_plus","ENSG00000287542","unknown","unknown",4.37782658480309,5.16866116712316,3.58699200248302,0.0658936575850072,0.405929901241207,-0.525788216146098,,0.792799836485391,1.01913782699075,0.566461845980036,0.17874059456402,0.218726957277608,-0.836139178549848,,0.181316666666667,0.196566666666667,0.166066666666667,-0.0305,0.90029533964974,6.45402624212634e-07,FALSE,0,"XLOC_039354","ENSG00000287542","PB.7551.2","ENST00000512194.2","j","XLOC_039354",TRUE
"isoComp_00134302","geneComp_00019334","TCONS_00219288","XLOC_039354","T_minus","T_plus","ENSG00000287542","unknown","unknown",4.37782658480309,5.16866116712316,3.58699200248302,0.0658936575850072,0.405929901241207,-0.525788216146098,,0.0656099458091999,0.0619783337116978,0.069241557906702,0.0619783337116978,0.0361969843892825,0.13869453975057,,0.0154166666666667,0.0123,0.0185333333333333,0.00623333333333333,0.842752930916788,6.45402624212634e-07,FALSE,0,"XLOC_039354","ENSG00000287542","PB.7551.4","ENST00000512194.2","c","XLOC_039354",TRUE
"isoComp_00134303","geneComp_00019334","TCONS_00219289","XLOC_039354","T_minus","T_plus","ENSG00000287542","unknown","unknown",4.37782658480309,5.16866116712316,3.58699200248302,0.0658936575850072,0.405929901241207,-0.525788216146098,,0.0554761132242072,0.110952226448414,0,0.0579473567489769,0,-3.5963654211008,,0.0107166666666667,0.0214333333333333,0,-0.0214333333333333,0.630293704830258,6.45402624212634e-07,FALSE,0,"XLOC_039354","ENSG00000287542","PB.7551.5","ENST00000512194.2","j","XLOC_039354",TRUE
"isoComp_00134304","geneComp_00019334","TCONS_00219746","XLOC_039354","T_minus","T_plus","HERC3","unknown","unknown",4.37782658480309,5.16866116712316,3.58699200248302,0.0658936575850072,0.405929901241207,-0.525788216146098,,0.312699327032396,0.350127065677652,0.275271588387139,0.292952320701043,0.072339800861571,-0.336169961745509,,0.0730833333333333,0.0665666666666667,0.0796,0.0130333333333333,0.821725987018483,6.45402624212634e-07,FALSE,0,"XLOC_039354","HERC3","PB.7382.2","ENST00000402738.6","c","XLOC_039354",TRUE
"isoComp_00134305","geneComp_00019334","TCONS_00220248","XLOC_039354","T_minus","T_plus","HERC3","unknown","unknown",4.37782658480309,5.16866116712316,3.58699200248302,0.0658936575850072,0.405929901241207,-0.525788216146098,,0.348941448646375,0.20148002335808,0.49640287393467,0.101477039569805,0.0888329112756475,1.25976420118614,,0.0882166666666667,0.0394,0.137033333333333,0.0976333333333333,0.52810368456922,6.45402624212634e-07,FALSE,0,"XLOC_039354","HERC3","PB.12309.2","ENST00000402738.6","c","XLOC_039354",TRUE
"isoComp_00134306","geneComp_00019334","TCONS_00220249","XLOC_039354","T_minus","T_plus","ENSG00000287542","unknown","unknown",4.37782658480309,5.16866116712316,3.58699200248302,0.0658936575850072,0.405929901241207,-0.525788216146098,,0.322480132631149,0.312751438481091,0.332208826781207,0.0746569017804976,0.0916622742493122,0.0844534469970363,,0.08025,0.0608333333333333,0.0996666666666667,0.0388333333333333,0.852898744400892,6.45402624212634e-07,FALSE,0,"XLOC_039354","ENSG00000287542","PB.12309.3","ENST00000512194.2","j","XLOC_039354",TRUE
"isoComp_00134307","geneComp_00019334","TCONS_00220250","XLOC_039354","T_minus","T_plus","ENSG00000287542","unknown","unknown",4.37782658480309,5.16866116712316,3.58699200248302,0.0658936575850072,0.405929901241207,-0.525788216146098,,0.925466700934569,1.22931492350463,0.621618478364511,0.3392860369661,0.0926915703008379,-0.972417554879544,,0.2058,0.238233333333333,0.173366666666667,-0.0648666666666667,0.87222002943073,6.45402624212634e-07,FALSE,0,"XLOC_039354","ENSG00000287542","PB.12309.4","ENST00000512194.2","c","XLOC_039354",TRUE
"isoComp_00134617","geneComp_00019385","TCONS_00212243","XLOC_039469","T_minus","T_plus","GAR1","unknown","unknown",19.1222661024752,14.1551842155316,24.0893479894188,0.595261311687983,0.834461460169112,0.766644750892863,,6.06693069065017,5.88787768528659,6.24598369601375,0.523577654711971,0.540698448308518,0.0850408497879853,,0.337683333333333,0.414333333333333,0.261033333333333,-0.1533,0.0151911397902704,0.0151911397902704,FALSE,0,"XLOC_039469","GAR1","ENST00000394631.7","ENST00000394631.7","=","XLOC_039469",FALSE
"isoComp_00134618","geneComp_00019385","TCONS_00212244","XLOC_039469","T_minus","T_plus","GAR1","unknown","unknown",19.1222661024752,14.1551842155316,24.0893479894188,0.595261311687983,0.834461460169112,0.766644750892863,,1.9907657413309,1.49838968354101,2.48314179912079,0.309201283676193,0.354613592343982,0.724955750938144,,0.103833333333333,0.105233333333333,0.102433333333333,-0.0028,0.99898686993556,0.0151911397902704,FALSE,0,"XLOC_039469","GAR1","ENST00000506840.5","ENST00000506840.5","=","XLOC_039469",FALSE
"isoComp_00134619","geneComp_00019385","TCONS_00212245","XLOC_039469","T_minus","T_plus","GAR1","unknown","unknown",19.1222661024752,14.1551842155316,24.0893479894188,0.595261311687983,0.834461460169112,0.766644750892863,,10.9310008558699,6.66225417153249,15.1997475402072,0.314023183805055,1.07596242903945,1.18875005392986,,0.55125,0.472766666666667,0.629733333333333,0.156966666666667,0.0258585096197509,0.0151911397902704,FALSE,0,"XLOC_039469","GAR1","ENST00000226796.7","ENST00000226796.7","=","XLOC_039469",FALSE
"isoComp_00137175","geneComp_00019822","TCONS_00216289","XLOC_040555","T_minus","T_plus","CNOT6L","unknown","unknown",17.6683614038308,15.1683521790715,20.1683706285901,1.04000052558764,2.14510788514894,0.41079450914052,,4.24311221871484,5.01683794775168,3.469386489678,0.305043447586897,0.28319904824482,-0.530818238841414,,0.254616666666667,0.335766666666667,0.173466666666667,-0.1623,0.00475025648133956,0.00475025648133956,FALSE,0,"XLOC_040555","CNOT6L","ENST00000504123.7","ENST00000504123.7","=","XLOC_040555",FALSE
"isoComp_00137176","geneComp_00019822","TCONS_00216290","XLOC_040555","T_minus","T_plus","CNOT6L","unknown","unknown",17.6683614038308,15.1683521790715,20.1683706285901,1.04000052558764,2.14510788514894,0.41079450914052,,1.39646841390123,1.1686845707374,1.62425225706507,0.240037154656009,0.305361173516275,0.471453001150557,,0.0775333333333333,0.0755666666666667,0.0795,0.00393333333333333,0.974355202722093,0.00475025648133956,FALSE,0,"XLOC_040555","CNOT6L","ENST00000649644.1","ENST00000649644.1","=","XLOC_040555",FALSE
"isoComp_00137177","geneComp_00019822","TCONS_00216291","XLOC_040555","T_minus","T_plus","CNOT6L","unknown","unknown",17.6683614038308,15.1683521790715,20.1683706285901,1.04000052558764,2.14510788514894,0.41079450914052,,0.536116814219837,0.384628743075281,0.687604885364392,0.384628743075281,0.318353779570772,0.821914103776111,,0.0281666666666667,0.0227333333333333,0.0336,0.0108666666666667,0.569260536538393,0.00475025648133956,FALSE,0,"XLOC_040555","CNOT6L","ENST00000515506.6","ENST00000515506.6","=","XLOC_040555",FALSE
"isoComp_00137178","geneComp_00019822","TCONS_00216292","XLOC_040555","T_minus","T_plus","CNOT6L","unknown","unknown",17.6683614038308,15.1683521790715,20.1683706285901,1.04000052558764,2.14510788514894,0.41079450914052,,3.32892357054521,1.71207064582772,4.94577649526271,0.760226299519196,0.867119426833161,1.52496679489086,,0.1743,0.106966666666667,0.241633333333333,0.134666666666667,0.414898375973337,0.00475025648133956,FALSE,0,"XLOC_040555","CNOT6L","ENST00000512485.6","ENST00000512485.6","=","XLOC_040555",FALSE
"isoComp_00137179","geneComp_00019822","TCONS_00216293","XLOC_040555","T_minus","T_plus","CNOT6L","unknown","unknown",17.6683614038308,15.1683521790715,20.1683706285901,1.04000052558764,2.14510788514894,0.41079450914052,,0.28249096151178,0.302011971192933,0.262969951830627,0.0526652197272734,0.0977316594875725,-0.192859233158557,,0.0170666666666667,0.0197333333333333,0.0144,-0.00533333333333334,0.8509823090583,0.00475025648133956,FALSE,0,"XLOC_040555","CNOT6L","PB.12237.4","ENST00000504804.7","=","XLOC_040555",TRUE
"isoComp_00137182","geneComp_00019822","TCONS_00219477","XLOC_040555","T_minus","T_plus","CNOT6L","unknown","unknown",17.6683614038308,15.1683521790715,20.1683706285901,1.04000052558764,2.14510788514894,0.41079450914052,,0.698108203176071,0.876190920412624,0.520025485939517,0.38719472730016,0.311710152291769,-0.741555813154684,,0.0431666666666667,0.0597666666666667,0.0265666666666667,-0.0332,0.84426564986503,0.00475025648133956,FALSE,0,"XLOC_040555","CNOT6L","PB.7504.2","ENST00000649644.1","j","XLOC_040555",TRUE
"isoComp_00137183","geneComp_00019822","TCONS_00220545","XLOC_040555","T_minus","T_plus","CNOT6L","unknown","unknown",17.6683614038308,15.1683521790715,20.1683706285901,1.04000052558764,2.14510788514894,0.41079450914052,,0.271446550404005,0.267524757702101,0.275368343105908,0.055496400227435,0.0283513634659909,0.0402088219907849,,0.0160666666666667,0.0179,0.0142333333333333,-0.00366666666666667,0.925542950057864,0.00475025648133956,FALSE,0,"XLOC_040555","CNOT6L","PB.12237.1","ENST00000649644.1","j","XLOC_040555",TRUE
"isoComp_00137184","geneComp_00019822","TCONS_00220546","XLOC_040555","T_minus","T_plus","CNOT6L","unknown","unknown",17.6683614038308,15.1683521790715,20.1683706285901,1.04000052558764,2.14510788514894,0.41079450914052,,2.95929153084949,2.2510100460282,3.66757301567079,0.271546687835406,0.906753796301531,0.701786583249686,,0.162016666666667,0.1474,0.176633333333333,0.0292333333333333,0.858149497613838,0.00475025648133956,FALSE,0,"XLOC_040555","CNOT6L","PB.12237.5","ENST00000649644.1","c","XLOC_040555",TRUE
"isoComp_00137186","geneComp_00019822","TCONS_00221058","XLOC_040555","T_minus","T_plus","CNOT6L","unknown","unknown",17.6683614038308,15.1683521790715,20.1683706285901,1.04000052558764,2.14510788514894,0.41079450914052,,3.80383011004036,3.12691548442603,4.4807447356547,0.299756705597797,0.429180525524346,0.517608058067426,,0.2189,0.210133333333333,0.227666666666667,0.0175333333333333,0.938740405113394,0.00475025648133956,FALSE,0,"XLOC_040555","CNOT6L","PB.9524.2","ENST00000649644.1","j","XLOC_040555",TRUE
"isoComp_00137616","geneComp_00019888","TCONS_00216970","XLOC_040687","T_minus","T_plus","DNAJB14","unknown","unknown",9.62148280155578,9.36496355029413,9.87800205281743,0.200666329480198,0.268103615983365,0.0768659614238395,,7.34019161075217,7.70244924232059,6.97793397918375,0.231707189270106,0.111769147401198,-0.142323111552831,,0.76515,0.822466666666667,0.707833333333333,-0.114633333333333,0.0092835043048593,0.0092835043048593,FALSE,0,"XLOC_040687","DNAJB14","ENST00000442697.7","ENST00000442697.7","=","XLOC_040687",FALSE
"isoComp_00137617","geneComp_00019888","TCONS_00216971","XLOC_040687","T_minus","T_plus","DNAJB14","unknown","unknown",9.62148280155578,9.36496355029413,9.87800205281743,0.200666329480198,0.268103615983365,0.0768659614238395,,0.125764959546991,0.109880378292095,0.141649540801888,0.0514030809155153,0.054811844256679,0.339145587946122,,0.0130666666666667,0.0116333333333333,0.0145,0.00286666666666667,0.991054949347628,0.0092835043048593,FALSE,0,"XLOC_040687","DNAJB14","ENST00000420137.5","ENST00000420137.5","=","XLOC_040687",FALSE
"isoComp_00137618","geneComp_00019888","TCONS_00216972","XLOC_040687","T_minus","T_plus","DNAJB14","unknown","unknown",9.62148280155578,9.36496355029413,9.87800205281743,0.200666329480198,0.268103615983365,0.0768659614238395,,0.2054666450608,0.16993663651804,0.24099665360356,0.0215813407231355,0.0176898706003514,0.480179169083057,,0.0212833333333333,0.0180666666666667,0.0245,0.00643333333333334,0.917409014848258,0.0092835043048593,FALSE,0,"XLOC_040687","DNAJB14","ENST00000471101.5","ENST00000471101.5","=","XLOC_040687",FALSE
"isoComp_00137619","geneComp_00019888","TCONS_00216973","XLOC_040687","T_minus","T_plus","DNAJB14","unknown","unknown",9.62148280155578,9.36496355029413,9.87800205281743,0.200666329480198,0.268103615983365,0.0768659614238395,,0.129170943403318,0.121381127788021,0.136960759018614,0.0610812981699305,0.0772523722850937,0.161672927825541,,0.0137666666666667,0.0132333333333333,0.0143,0.00106666666666667,0.991825319880826,0.0092835043048593,FALSE,0,"XLOC_040687","DNAJB14","ENST00000334223.6","ENST00000334223.6","=","XLOC_040687",FALSE
"isoComp_00137620","geneComp_00019888","TCONS_00216974","XLOC_040687","T_minus","T_plus","DNAJB14","unknown","unknown",9.62148280155578,9.36496355029413,9.87800205281743,0.200666329480198,0.268103615983365,0.0768659614238395,,0.215093579383299,0.157383910452735,0.272803248313863,0.132342186747586,0.175549994572281,0.756637833735911,,0.0224666666666667,0.0174,0.0275333333333333,0.0101333333333333,0.925755367531394,0.0092835043048593,FALSE,0,"XLOC_040687","DNAJB14","ENST00000455208.5","ENST00000455208.5","=","XLOC_040687",FALSE
"isoComp_00137621","geneComp_00019888","TCONS_00216976","XLOC_040687","T_minus","T_plus","DNAJB14","unknown","unknown",9.62148280155578,9.36496355029413,9.87800205281743,0.200666329480198,0.268103615983365,0.0768659614238395,,0.121223612054755,0.0849864003848967,0.157460823724613,0.067346255617073,0.0355996063575658,0.818030750308802,,0.01245,0.0088,0.0161,0.0073,0.794191830219554,0.0092835043048593,TRUE,0,"XLOC_040687","DNAJB14","ENST00000426476.5","ENST00000426476.5","=","XLOC_040687",FALSE
"isoComp_00137624","geneComp_00019888","TCONS_00216979","XLOC_040687","T_minus","T_plus","DNAJB14","unknown","unknown",9.62148280155578,9.36496355029413,9.87800205281743,0.200666329480198,0.268103615983365,0.0768659614238395,,0.170354081211676,0.170234222514343,0.170473939909009,0.0961614782023754,0.0343224685803531,0.00191755653706348,,0.0179333333333333,0.0184,0.0174666666666667,-0.000933333333333331,0.951523569242854,0.0092835043048593,FALSE,0,"XLOC_040687","DNAJB14","ENST00000471738.1","ENST00000471738.1","=","XLOC_040687",FALSE
"isoComp_00137625","geneComp_00019888","TCONS_00216980","XLOC_040687","T_minus","T_plus","DNAJB14","unknown","unknown",9.62148280155578,9.36496355029413,9.87800205281743,0.200666329480198,0.268103615983365,0.0768659614238395,,0.104739758018047,0.104745436275715,0.104734079760378,0.0134000072623813,0.0146037603855011,-0.000142792600006249,,0.0108833333333333,0.0111666666666667,0.0106,-0.000566666666666667,0.999583534218161,0.0092835043048593,FALSE,3,"XLOC_040687","DNAJB14","ENST00000469942.1","ENST00000469942.1","=","XLOC_040687",FALSE
"isoComp_00137627","geneComp_00019888","TCONS_00219940","XLOC_040687","T_minus","T_plus","DNAJB14","unknown","unknown",9.62148280155578,9.36496355029413,9.87800205281743,0.200666329480198,0.268103615983365,0.0768659614238395,,0.951150614549722,0.37577039629431,1.52653083280513,0.0972462270627986,0.466484075686466,1.99386237556381,,0.0961166666666667,0.0399666666666667,0.152266666666667,0.1123,0.14388599802947,0.0092835043048593,FALSE,0,"XLOC_040687","DNAJB14","PB.7402.3","ENST00000420137.5","c","XLOC_040687",TRUE
"isoComp_00138494","geneComp_00020027","TCONS_00218230","XLOC_040996","T_minus","T_plus","SH3D19","unknown","unknown",2.25057956774448,1.78642896996443,2.71473016552453,0.11519364432362,0.410050627132501,0.600981471597987,,0.847145067481067,0.97266882467377,0.721621310288363,0.0799808301607969,0.162512800739011,-0.425608189082353,,0.4011,0.543366666666667,0.258833333333333,-0.284533333333333,0.00128284823409368,0.000599894969204029,FALSE,0,"XLOC_040996","SH3D19","ENST00000604922.1","ENST00000604922.1","=","XLOC_040996",FALSE
"isoComp_00138495","geneComp_00020027","TCONS_00218231","XLOC_040996","T_minus","T_plus","SH3D19","unknown","unknown",2.25057956774448,1.78642896996443,2.71473016552453,0.11519364432362,0.410050627132501,0.600981471597987,,0.020706986815869,0.0125273372509588,0.0288866363807793,0.0125273372509588,0.0181010816236295,0.787597653865471,,0.0100166666666667,0.00646666666666667,0.0135666666666667,0.0071,0.953903951675562,0.000599894969204029,FALSE,1,"XLOC_040996","SH3D19","ENST00000409598.8","ENST00000409598.8","=","XLOC_040996",FALSE
"isoComp_00138497","geneComp_00020027","TCONS_00218233","XLOC_040996","T_minus","T_plus","SH3D19","unknown","unknown",2.25057956774448,1.78642896996443,2.71473016552453,0.11519364432362,0.410050627132501,0.600981471597987,,0.533400886897739,0.399277169369825,0.667524604425652,0.099667026116805,0.0851382268145714,0.727195147699402,,0.236783333333333,0.223633333333333,0.249933333333333,0.0263,0.94985302526451,0.000599894969204029,FALSE,1,"XLOC_040996","SH3D19","ENST00000604030.7","ENST00000604030.7","=","XLOC_040996",FALSE
"isoComp_00138498","geneComp_00020027","TCONS_00218234","XLOC_040996","T_minus","T_plus","SH3D19","unknown","unknown",2.25057956774448,1.78642896996443,2.71473016552453,0.11519364432362,0.410050627132501,0.600981471597987,,0.468193894804399,0.0992411567899776,0.837146632818821,0.0433882532835474,0.102700804140852,2.9550952111492,,0.184116666666667,0.055,0.313233333333333,0.258233333333333,0.000599894969204029,0.000599894969204029,FALSE,1,"XLOC_040996","SH3D19","ENST00000409252.6","ENST00000409252.6","=","XLOC_040996",FALSE
"isoComp_00138499","geneComp_00020027","TCONS_00218235","XLOC_040996","T_minus","T_plus","SH3D19","unknown","unknown",2.25057956774448,1.78642896996443,2.71473016552453,0.11519364432362,0.410050627132501,0.600981471597987,,0.126818570343728,0.142057305891335,0.111579834796122,0.0513641871891886,0.0562044046305867,-0.322711171595029,,0.0657333333333333,0.0841,0.0473666666666667,-0.0367333333333333,0.870623296187838,0.000599894969204029,FALSE,1,"XLOC_040996","SH3D19","ENST00000478503.6","ENST00000478503.6","=","XLOC_040996",FALSE
"isoComp_00138500","geneComp_00020027","TCONS_00218238","XLOC_040996","T_minus","T_plus","SH3D19","unknown","unknown",2.25057956774448,1.78642896996443,2.71473016552453,0.11519364432362,0.410050627132501,0.600981471597987,,0.130951470648586,0.0458553849481972,0.216047556348975,0.0311201363179155,0.136630432127196,2.01685804075576,,0.0458833333333333,0.0239,0.0678666666666667,0.0439666666666667,0.9150482528461,0.000599894969204029,FALSE,0,"XLOC_040996","SH3D19","ENST00000427414.2","ENST00000427414.2","=","XLOC_040996",FALSE
"isoComp_00138501","geneComp_00020027","TCONS_00218240","XLOC_040996","T_minus","T_plus","SH3D19","unknown","unknown",2.25057956774448,1.78642896996443,2.71473016552453,0.11519364432362,0.410050627132501,0.600981471597987,,0.0891926258445851,0.0926116712475581,0.0857735804416121,0.0619464495846851,0.0546448110964517,-0.0994951929100209,,0.0413666666666667,0.0493,0.0334333333333333,-0.0158666666666667,0.983064208899491,0.000599894969204029,,0,"XLOC_040996","SH3D19","ENST00000462257.1","ENST00000462257.1","=","XLOC_040996",FALSE
"isoComp_00139631","geneComp_00020230","TCONS_00222295","XLOC_041576","T_minus","T_plus","C5orf51","unknown","unknown",14.9726901298109,16.0417278325088,13.9036524271129,1.37087394711434,0.450512676039578,-0.206227412880218,,7.42382515229864,6.74591602240923,8.10173428218805,0.849468205922349,0.266632810965174,0.263858999226347,,0.500233333333333,0.417766666666667,0.5827,0.164933333333333,1.77666441723995e-05,1.77666441723995e-05,FALSE,0,"XLOC_041576","C5orf51","PB.7812.1","ENST00000381647.7","=","XLOC_041576",TRUE
"isoComp_00139633","geneComp_00020230","TCONS_00222297","XLOC_041576","T_minus","T_plus","FBXO4","unknown","unknown",14.9726901298109,16.0417278325088,13.9036524271129,1.37087394711434,0.450512676039578,-0.206227412880218,,0.707225663874314,0.892001098712731,0.522450229035897,0.0297315518823329,0.0689364446790091,-0.76048251556772,,0.0472,0.0564333333333333,0.0379666666666667,-0.0184666666666667,0.679133152628034,1.77666441723995e-05,TRUE,0,"XLOC_041576","FBXO4","ENST00000513496.5","ENST00000513496.5","=","XLOC_041576",FALSE
"isoComp_00139634","geneComp_00020230","TCONS_00222298","XLOC_041576","T_minus","T_plus","FBXO4","unknown","unknown",14.9726901298109,16.0417278325088,13.9036524271129,1.37087394711434,0.450512676039578,-0.206227412880218,,0.154664548966866,0.181377564039221,0.127951533894511,0.0493206525936738,0.053463856572278,-0.472260208575086,,0.0103333333333333,0.0114666666666667,0.0092,-0.00226666666666667,0.941184803554503,1.77666441723995e-05,FALSE,0,"XLOC_041576","FBXO4","ENST00000296812.6","ENST00000296812.6","=","XLOC_041576",FALSE
"isoComp_00139635","geneComp_00020230","TCONS_00222299","XLOC_041576","T_minus","T_plus","FBXO4","unknown","unknown",14.9726901298109,16.0417278325088,13.9036524271129,1.37087394711434,0.450512676039578,-0.206227412880218,,3.34795763831127,4.46218603476546,2.23372924185707,0.4248761003251,0.010486309579517,-0.995081611183289,,0.21935,0.277733333333333,0.160966666666667,-0.116766666666667,1.88624559002929e-05,1.77666441723995e-05,FALSE,0,"XLOC_041576","FBXO4","ENST00000281623.8","ENST00000281623.8","=","XLOC_041576",FALSE
"isoComp_00139637","geneComp_00020230","TCONS_00222301","XLOC_041576","T_minus","T_plus","FBXO4","unknown","unknown",14.9726901298109,16.0417278325088,13.9036524271129,1.37087394711434,0.450512676039578,-0.206227412880218,,0.337102402518766,0.370226795254699,0.303978009782832,0.140987193293487,0.145077849869855,-0.276196684857512,,0.0226,0.0230333333333333,0.0221666666666667,-0.000866666666666668,0.988496540610827,1.77666441723995e-05,FALSE,0,"XLOC_041576","FBXO4","ENST00000509134.1","ENST00000509134.1","=","XLOC_041576",FALSE
"isoComp_00139640","geneComp_00020230","TCONS_00232808","XLOC_041576","T_minus","T_plus","C5orf51","unknown","unknown",14.9726901298109,16.0417278325088,13.9036524271129,1.37087394711434,0.450512676039578,-0.206227412880218,,0.291575596961634,0.284648957209769,0.298502236713499,0.0696706733544196,0.0888182265284996,0.0662837889238804,,0.0194833333333333,0.0175333333333333,0.0214333333333333,0.0039,0.9475637205446,1.77666441723995e-05,TRUE,0,"XLOC_041576","C5orf51","PB.7812.3","ENST00000381647.7","j","XLOC_041576",TRUE
"isoComp_00139642","geneComp_00020230","TCONS_00235006","XLOC_041576","T_minus","T_plus","FBXO4","unknown","unknown",14.9726901298109,16.0417278325088,13.9036524271129,1.37087394711434,0.450512676039578,-0.206227412880218,,2.33128435150403,2.73541571159102,1.92715299141705,0.338499787408085,0.354458917799774,-0.503086720219018,,0.15605,0.1748,0.1373,-0.0375,0.830698268279348,1.77666441723995e-05,FALSE,0,"XLOC_041576","FBXO4","PB.9938.1","ENST00000281623.8","j","XLOC_041576",TRUE
"isoComp_00140269","geneComp_00020327","TCONS_00223109","XLOC_041759","T_minus","T_plus","SERF1A","unknown","unknown",5.47372828400122,4.71009505824923,6.23736150975321,0.366570199846449,0.292054991302707,0.404431100901475,,3.63026450505184,2.69525226721854,4.56527674288514,0.500306682546411,0.24930798062121,0.758095876796919,,0.650416666666667,0.568466666666667,0.732366666666667,0.1639,0.408004718564352,0.0315133895142354,FALSE,0,"XLOC_041759","SERF1A","ENST00000317633.14","ENST00000317633.14","=","XLOC_041759",FALSE
"isoComp_00140270","geneComp_00020327","TCONS_00223110","XLOC_041759","T_minus","T_plus","SERF1A","unknown","unknown",5.47372828400122,4.71009505824923,6.23736150975321,0.366570199846449,0.292054991302707,0.404431100901475,,0.221772264383144,0.204650359229232,0.238894169537056,0.137483933916681,0.238894169537056,0.213543847687541,,0.03805,0.0410666666666667,0.0350333333333333,-0.00603333333333333,0.810700200784453,0.0315133895142354,FALSE,0,"XLOC_041759","SERF1A","ENST00000354833.7","ENST00000354833.7","=","XLOC_041759",FALSE
"isoComp_00140273","geneComp_00020327","TCONS_00223113","XLOC_041759","T_minus","T_plus","SERF1A","unknown","unknown",5.47372828400122,4.71009505824923,6.23736150975321,0.366570199846449,0.292054991302707,0.404431100901475,,1.16262785998645,1.4541573618715,0.871098358101396,0.19428887297965,0.0906216661523769,-0.732695634057602,,0.224916666666667,0.3093,0.140533333333333,-0.168766666666667,0.0315133895142354,0.0315133895142354,FALSE,0,"XLOC_041759","SERF1A","ENST00000507348.5","ENST00000507348.5","=","XLOC_041759",FALSE
"isoComp_00140275","geneComp_00020327","TCONS_00223115","XLOC_041759","T_minus","T_plus","SERF1A","unknown","unknown",5.47372828400122,4.71009505824923,6.23736150975321,0.366570199846449,0.292054991302707,0.404431100901475,,0.323598276888868,0.299730283221289,0.347466270556447,0.184543484704818,0.236086021355588,0.206794673586941,,0.0626833333333333,0.0682,0.0571666666666667,-0.0110333333333333,0.989341689442453,0.0315133895142354,FALSE,0,"XLOC_041759","SERF1A","ENST00000512649.1","ENST00000512649.1","=","XLOC_041759",FALSE
"isoComp_00143754","geneComp_00020869","TCONS_00227987","XLOC_042967","T_minus","T_plus","TARS1-DT","unknown","unknown",1.46043949338973,1.76386750946105,1.15701147731842,0.399426165365934,0.136355377215418,-0.604079508740843,,0.124948770214547,0.249897540429095,0,0.0979875622551835,0,-4.69987107564808,,0.0704,0.1408,0,-0.1408,0.0123711933128776,0.000121961830958702,FALSE,0,"XLOC_042967","TARS1-DT","ENST00000507251.1","ENST00000507251.1","=","XLOC_042967",FALSE
"isoComp_00143755","geneComp_00020869","TCONS_00227988","XLOC_042967","T_minus","T_plus","TARS1-DT","unknown","unknown",1.46043949338973,1.76386750946105,1.15701147731842,0.399426165365934,0.136355377215418,-0.604079508740843,,1.31946452554705,1.48191757377568,1.15701147731842,0.330886004053885,0.136355377215418,-0.354349081317495,,0.919933333333333,0.839866666666667,1,0.160133333333333,0.000121961830958702,0.000121961830958702,,0,"XLOC_042967","TARS1-DT","ENST00000689344.1","ENST00000689344.1","=","XLOC_042967",FALSE
"isoComp_00144728","geneComp_00021047","TCONS_00229215","XLOC_043322","T_minus","T_plus","SERINC5","unknown","unknown",4.83937687587724,4.72778242739063,4.95097132436384,0.496904602083848,0.652298718932522,0.0664106707325256,,3.41525949623888,2.9646850700002,3.86583392247755,0.215294007459567,0.450433053155772,0.38176981498801,,0.709733333333333,0.634933333333333,0.784533333333333,0.1496,0.0479102457349007,0.0479102457349007,FALSE,0,"XLOC_043322","SERINC5","ENST00000507668.7","ENST00000507668.7","=","XLOC_043322",FALSE
"isoComp_00144731","geneComp_00021047","TCONS_00233231","XLOC_043322","T_minus","T_plus","SERINC5","unknown","unknown",4.83937687587724,4.72778242739063,4.95097132436384,0.496904602083848,0.652298718932522,0.0664106707325256,,1.34510047824085,1.70326592909697,0.986935027384725,0.34993257723371,0.160001799227487,-0.781177711575124,,0.27515,0.352733333333333,0.197566666666667,-0.155166666666667,0.115584652846016,0.0479102457349007,FALSE,0,"XLOC_043322","SERINC5","PB.7926.2","ENST00000512972.6","j","XLOC_043322",TRUE
"isoComp_00144824","geneComp_00021074","TCONS_00229354","XLOC_043385","T_minus","T_plus","CCNH","unknown","unknown",14.327816605659,15.8788165809506,12.7768166303675,0.630640799195305,0.349457620367887,-0.313354535294113,,0.357941905690016,0.379187540533072,0.33669627084696,0.0836850041602143,0.0548390325912992,-0.16679320572588,,0.0250666666666667,0.0239666666666667,0.0261666666666667,0.0022,0.969153226359638,0.00951657519653031,FALSE,0,"XLOC_043385","CCNH","ENST00000645953.1","ENST00000645953.1","=","XLOC_043385",FALSE
"isoComp_00144830","geneComp_00021074","TCONS_00229360","XLOC_043385","T_minus","T_plus","CCNH","unknown","unknown",14.327816605659,15.8788165809506,12.7768166303675,0.630640799195305,0.349457620367887,-0.313354535294113,,0.483368046711563,0.458267518286865,0.508468575136261,0.126606807267565,0.0925708656640366,0.146923580668148,,0.0340166666666667,0.0285666666666667,0.0394666666666667,0.0109,0.841454810453384,0.00951657519653031,FALSE,0,"XLOC_043385","CCNH","PB.7946.2","ENST00000504878.1","=","XLOC_043385",TRUE
"isoComp_00144831","geneComp_00021074","TCONS_00229361","XLOC_043385","T_minus","T_plus","CCNH","unknown","unknown",14.327816605659,15.8788165809506,12.7768166303675,0.630640799195305,0.349457620367887,-0.313354535294113,,7.99202512319698,9.68997549066119,6.29407475573278,0.315083289535488,0.0962266322865404,-0.621696459151219,,0.552266666666667,0.610966666666667,0.493566666666667,-0.1174,0.00951657519653031,0.00951657519653031,FALSE,0,"XLOC_043385","CCNH","PB.7946.3","ENST00000256897.9","=","XLOC_043385",TRUE
"isoComp_00144832","geneComp_00021074","TCONS_00229362","XLOC_043385","T_minus","T_plus","CCNH","unknown","unknown",14.327816605659,15.8788165809506,12.7768166303675,0.630640799195305,0.349457620367887,-0.313354535294113,,0.47639744108007,0.710144699858135,0.242650182302005,0.252558967260804,0.130648578337331,-1.51114559782211,,0.032,0.0445,0.0195,-0.025,0.765797475493939,0.00951657519653031,FALSE,0,"XLOC_043385","CCNH","ENST00000511207.5","ENST00000511207.5","=","XLOC_043385",FALSE
"isoComp_00144833","geneComp_00021074","TCONS_00229363","XLOC_043385","T_minus","T_plus","CCNH","unknown","unknown",14.327816605659,15.8788165809506,12.7768166303675,0.630640799195305,0.349457620367887,-0.313354535294113,,4.26287150480084,3.81663227348995,4.70911073611173,0.173845945778678,0.587637319491753,0.302439755857971,,0.303533333333333,0.240433333333333,0.366633333333333,0.1262,0.043270466747318,0.00951657519653031,FALSE,0,"XLOC_043385","CCNH","ENST00000504115.1","ENST00000504115.1","=","XLOC_043385",FALSE
"isoComp_00144838","geneComp_00021074","TCONS_00233236","XLOC_043385","T_minus","T_plus","CCNH","unknown","unknown",14.327816605659,15.8788165809506,12.7768166303675,0.630640799195305,0.349457620367887,-0.313354535294113,,0.137954973327646,0.064673043873076,0.211236902782217,0.064673043873076,0.172129407285505,1.56693260476037,,0.01055,0.00403333333333333,0.0170666666666667,0.0130333333333333,0.821270626337471,0.00951657519653031,TRUE,0,"XLOC_043385","CCNH","PB.7946.4","ENST00000645953.1","j","XLOC_043385",TRUE
"isoComp_00146103","geneComp_00021244","TCONS_00230979","XLOC_043761","T_minus","T_plus","DNAJC18","unknown","unknown",1.35150818768801,1.07828982528978,1.62472655008623,0.0797227381460738,0.205771427892412,0.586986512562952,,0.404666389713119,0.534649427303536,0.274683352122703,0.0322492405499309,0.0407980279023189,-0.935969785078594,,0.339266666666667,0.502633333333333,0.1759,-0.326733333333333,0.0282513445974919,0.0282513445974919,FALSE,0,"XLOC_043761","DNAJC18","ENST00000302060.10","ENST00000302060.10","=","XLOC_043761",FALSE
"isoComp_00146104","geneComp_00021244","TCONS_00230980","XLOC_043761","T_minus","T_plus","DNAJC18","unknown","unknown",1.35150818768801,1.07828982528978,1.62472655008623,0.0797227381460738,0.205771427892412,0.586986512562952,,0.125241417318505,0,0.25048283463701,0,0.0863455069067386,4.70311639944486,,0.0853,0,0.1706,0.1706,0.0529721108220785,0.0282513445974919,FALSE,0,"XLOC_043761","DNAJC18","ENST00000510770.1","ENST00000510770.1","=","XLOC_043761",FALSE
"isoComp_00146105","geneComp_00021244","TCONS_00230981","XLOC_043761","T_minus","T_plus","DNAJC18","unknown","unknown",1.35150818768801,1.07828982528978,1.62472655008623,0.0797227381460738,0.205771427892412,0.586986512562952,,0.113084818157029,0.0916201454868577,0.134549490827201,0.0916201454868577,0.0725597740518631,0.508377092240568,,0.0786833333333333,0.0740666666666667,0.0833,0.00923333333333333,0.883563822394718,0.0282513445974919,FALSE,0,"XLOC_043761","DNAJC18","ENST00000508445.5","ENST00000508445.5","=","XLOC_043761",FALSE
"isoComp_00146106","geneComp_00021244","TCONS_00230982","XLOC_043761","T_minus","T_plus","DNAJC18","unknown","unknown",1.35150818768801,1.07828982528978,1.62472655008623,0.0797227381460738,0.205771427892412,0.586986512562952,,0.248794000664242,0.185119887603474,0.31246811372501,0.111765674242846,0.238941904359324,0.724795678894273,,0.172283333333333,0.180333333333333,0.164233333333333,-0.0161,0.970299738111332,0.0282513445974919,,0,"XLOC_043761","DNAJC18","ENST00000514052.1","ENST00000514052.1","=","XLOC_043761",FALSE
"isoComp_00146107","geneComp_00021244","TCONS_00230983","XLOC_043761","T_minus","T_plus","DNAJC18","unknown","unknown",1.35150818768801,1.07828982528978,1.62472655008623,0.0797227381460738,0.205771427892412,0.586986512562952,,0.291234674027484,0.231066849748486,0.351402498306482,0.116309622104578,0.175472826466569,0.584173206603747,,0.227566666666667,0.2088,0.246333333333333,0.0375333333333333,0.985932130758696,0.0282513445974919,FALSE,0,"XLOC_043761","DNAJC18","ENST00000507405.5","ENST00000507405.5","=","XLOC_043761",FALSE
"isoComp_00146108","geneComp_00021244","TCONS_00230984","XLOC_043761","T_minus","T_plus","DNAJC18","unknown","unknown",1.35150818768801,1.07828982528978,1.62472655008623,0.0797227381460738,0.205771427892412,0.586986512562952,,0.0842618752392967,0,0.168523750478593,0,0.118221475561813,4.1580441154629,,0.0452666666666667,0,0.0905333333333333,0.0905333333333333,0.356128836249215,0.0282513445974919,TRUE,0,"XLOC_043761","DNAJC18","ENST00000505568.5","ENST00000505568.5","=","XLOC_043761",FALSE
"isoComp_00146109","geneComp_00021244","TCONS_00230985","XLOC_043761","T_minus","T_plus","DNAJC18","unknown","unknown",1.35150818768801,1.07828982528978,1.62472655008623,0.0797227381460738,0.205771427892412,0.586986512562952,,0.0325764776641439,0,0.0651529553282879,0,0.0651529553282879,2.90982983805557,,0.016,0,0.032,0.032,0.948204732062683,0.0282513445974919,TRUE,0,"XLOC_043761","DNAJC18","ENST00000506870.5","ENST00000506870.5","=","XLOC_043761",FALSE
"isoComp_00146110","geneComp_00021244","TCONS_00230987","XLOC_043761","T_minus","T_plus","DNAJC18","unknown","unknown",1.35150818768801,1.07828982528978,1.62472655008623,0.0797227381460738,0.205771427892412,0.586986512562952,,0.024432358248108,0,0.0488647164962159,0,0.0488647164962159,2.55740314188912,,0.012,0,0.024,0.024,0.954718427594841,0.0282513445974919,TRUE,0,"XLOC_043761","DNAJC18","ENST00000515277.5","ENST00000515277.5","=","XLOC_043761",FALSE
"isoComp_00146111","geneComp_00021244","TCONS_00233947","XLOC_043761","T_minus","T_plus","ENSG00000279686","unknown","unknown",1.35150818768801,1.07828982528978,1.62472655008623,0.0797227381460738,0.205771427892412,0.586986512562952,,0.0272161766560775,0.0358335151474302,0.0185988381647249,0.0217683204721226,0.00948291697568015,-0.680446397420287,,0.0236,0.0341333333333333,0.0130666666666667,-0.0210666666666667,0.906761243760886,0.0282513445974919,FALSE,0,"XLOC_043761","ENSG00000279686","PB.7917.2","ENST00000515823.2","j","XLOC_043761",TRUE
"isoComp_00146114","geneComp_00021245","TCONS_00230994","XLOC_043762","T_minus","T_plus","STING1","unknown","unknown",19.5633964027442,25.7853451090762,13.3414476964123,1.27765072875237,1.03220293102069,-0.950114566350819,,0.393815238024384,0.607096664546128,0.18053381150264,0.361301377586306,0.118266714420032,-1.69544946038251,,0.0189833333333333,0.0229666666666667,0.015,-0.00796666666666667,0.97407731532897,0.00867340977595556,FALSE,1,"XLOC_043762","STING1","ENST00000512606.6","ENST00000512606.6","=","XLOC_043762",FALSE
"isoComp_00146119","geneComp_00021245","TCONS_00230999","XLOC_043762","T_minus","T_plus","STING1","unknown","unknown",19.5633964027442,25.7853451090762,13.3414476964123,1.27765072875237,1.03220293102069,-0.950114566350819,,0.293706482454163,0.340990912760958,0.246422052147368,0.286272479093458,0.0507946511412192,-0.452913341065674,,0.01605,0.0133666666666667,0.0187333333333333,0.00536666666666667,0.793579301600089,0.00867340977595556,FALSE,0,"XLOC_043762","STING1","ENST00000651565.1","ENST00000651565.1","=","XLOC_043762",FALSE
"isoComp_00146120","geneComp_00021245","TCONS_00231001","XLOC_043762","T_minus","T_plus","STING1","unknown","unknown",19.5633964027442,25.7853451090762,13.3414476964123,1.27765072875237,1.03220293102069,-0.950114566350819,,2.58981954436325,2.32532589724922,2.85431319147728,0.128346142709844,0.503032851796445,0.29456535563279,,0.15365,0.0903333333333333,0.216966666666667,0.126633333333333,0.00867340977595556,0.00867340977595556,FALSE,0,"XLOC_043762","STING1","PB.13221.3","ENST00000651699.1","=","XLOC_043762",TRUE
"isoComp_00146122","geneComp_00021245","TCONS_00231003","XLOC_043762","T_minus","T_plus","STING1","unknown","unknown",19.5633964027442,25.7853451090762,13.3414476964123,1.27765072875237,1.03220293102069,-0.950114566350819,,1.71861679312032,3.13982434172176,0.297409244518878,0.621577732690659,0.238945001544429,-3.35703891912825,,0.0700333333333333,0.1201,0.0199666666666667,-0.100133333333333,0.166027550394304,0.00867340977595556,FALSE,0,"XLOC_043762","STING1","PB.13221.5","ENST00000652110.1","=","XLOC_043762",TRUE
"isoComp_00146124","geneComp_00021245","TCONS_00231005","XLOC_043762","T_minus","T_plus","STING1","unknown","unknown",19.5633964027442,25.7853451090762,13.3414476964123,1.27765072875237,1.03220293102069,-0.950114566350819,,0.244417401905939,0.43398427259619,0.054850531215688,0.290788855885569,0.054850531215688,-2.77531827510121,,0.0112,0.0177333333333333,0.00466666666666667,-0.0130666666666667,0.815236568334248,0.00867340977595556,FALSE,1,"XLOC_043762","STING1","PB.13221.2","ENST00000509573.5","=","XLOC_043762",TRUE
"isoComp_00146125","geneComp_00021245","TCONS_00231007","XLOC_043762","T_minus","T_plus","STING1","unknown","unknown",19.5633964027442,25.7853451090762,13.3414476964123,1.27765072875237,1.03220293102069,-0.950114566350819,,0.193705848427869,0.179986527208305,0.207425169647433,0.179986527208305,0.207425169647433,0.194621845547262,,0.0102833333333333,0.00696666666666667,0.0136,0.00663333333333333,0.984363853200368,0.00867340977595556,FALSE,0,"XLOC_043762","STING1","ENST00000510817.2","ENST00000510817.2","=","XLOC_043762",FALSE
"isoComp_00146132","geneComp_00021245","TCONS_00233365","XLOC_043762","T_minus","T_plus","STING1","unknown","unknown",19.5633964027442,25.7853451090762,13.3414476964123,1.27765072875237,1.03220293102069,-0.950114566350819,,4.41861081839666,5.96891000385336,2.86831163293997,1.4719842065661,0.385209012120311,-1.05465969503719,,0.223683333333333,0.233033333333333,0.214333333333333,-0.0187,0.991054949347628,0.00867340977595556,FALSE,0,"XLOC_043762","STING1","PB.8090.1","ENST00000330794.9","c","XLOC_043762",TRUE
"isoComp_00146133","geneComp_00021245","TCONS_00233948","XLOC_043762","T_minus","T_plus","STING1","unknown","unknown",19.5633964027442,25.7853451090762,13.3414476964123,1.27765072875237,1.03220293102069,-0.950114566350819,,5.78089044478399,7.36214164335677,4.19963924621121,0.963552720936854,0.238998951389097,-0.808387186366837,,0.301266666666667,0.2842,0.318333333333333,0.0341333333333333,0.846156502185902,0.00867340977595556,FALSE,0,"XLOC_043762","STING1","PB.7918.1","ENST00000650883.1","j","XLOC_043762",TRUE
"isoComp_00146135","geneComp_00021245","TCONS_00234794","XLOC_043762","T_minus","T_plus","STING1","unknown","unknown",19.5633964027442,25.7853451090762,13.3414476964123,1.27765072875237,1.03220293102069,-0.950114566350819,,0.911336912671629,1.66522084996656,0.157452975376696,0.453511106921189,0.157452975376696,-3.32252338760735,,0.0385333333333333,0.065,0.0120666666666667,-0.0529333333333333,0.245428271862924,0.00867340977595556,FALSE,0,"XLOC_043762","STING1","PB.13221.7","ENST00000652110.1","c","XLOC_043762",TRUE
"isoComp_00146136","geneComp_00021245","TCONS_00234795","XLOC_043762","T_minus","T_plus","STING1","unknown","unknown",19.5633964027442,25.7853451090762,13.3414476964123,1.27765072875237,1.03220293102069,-0.950114566350819,,1.15678960903534,1.35680528549824,0.956773932572435,1.30062679095142,0.129310175929764,-0.499557252954512,,0.0628,0.0527333333333333,0.0728666666666667,0.0201333333333333,0.587371830795745,0.00867340977595556,FALSE,0,"XLOC_043762","STING1","PB.13221.9","ENST00000650883.1","c","XLOC_043762",TRUE
"isoComp_00146813","geneComp_00021333","TCONS_00231833","XLOC_043950","T_minus","T_plus","EBF1","unknown","unknown",6.32997495423808,1.08354067692308,11.5764092315531,0.182041416329712,0.99738563349734,3.40535473588734,,2.22263196347791,0.55355765883447,3.89170626812136,0.140309013619561,0.425541516908535,2.79147004333348,,0.416566666666667,0.498,0.335133333333333,-0.162866666666667,0.127244437326057,0.000148472170226697,FALSE,0,"XLOC_043950","EBF1","ENST00000622875.4","ENST00000622875.4","=","XLOC_043950",FALSE
"isoComp_00146814","geneComp_00021333","TCONS_00231836","XLOC_043950","T_minus","T_plus","EBF1","unknown","unknown",6.32997495423808,1.08354067692308,11.5764092315531,0.182041416329712,0.99738563349734,3.40535473588734,,1.93237092153546,0.256068218153522,3.6086736249174,0.128298800299185,0.146402096519769,3.76559289830444,,0.298733333333333,0.283133333333333,0.314333333333333,0.0312,0.92635212697874,0.000148472170226697,FALSE,0,"XLOC_043950","EBF1","ENST00000518836.5","ENST00000518836.5","=","XLOC_043950",FALSE
"isoComp_00146815","geneComp_00021333","TCONS_00231837","XLOC_043950","T_minus","T_plus","EBF1","unknown","unknown",6.32997495423808,1.08354067692308,11.5764092315531,0.182041416329712,0.99738563349734,3.40535473588734,,1.23762067868887,0.236188857675798,2.23905249970193,0.122803068795123,0.534725777478549,3.19147996527334,,0.190816666666667,0.192033333333333,0.1896,-0.00243333333333334,0.985083612925441,0.000148472170226697,FALSE,1,"XLOC_043950","EBF1","ENST00000313708.11","ENST00000313708.11","=","XLOC_043950",FALSE
"isoComp_00146817","geneComp_00021333","TCONS_00231839","XLOC_043950","T_minus","T_plus","EBF1","unknown","unknown",6.32997495423808,1.08354067692308,11.5764092315531,0.182041416329712,0.99738563349734,3.40535473588734,,0.0446382740243984,0.0296418117751598,0.059634736273637,0.0296418117751598,0.059634736273637,0.81278425258474,,0.0132833333333333,0.0210666666666667,0.0055,-0.0155666666666667,0.8612756730412,0.000148472170226697,FALSE,1,"XLOC_043950","EBF1","ENST00000380654.8","ENST00000380654.8","=","XLOC_043950",FALSE
"isoComp_00146818","geneComp_00021333","TCONS_00231840","XLOC_043950","T_minus","T_plus","EBF1","unknown","unknown",6.32997495423808,1.08354067692308,11.5764092315531,0.182041416329712,0.99738563349734,3.40535473588734,,0.805300017675995,0.0080841304841345,1.60251590486786,0.0080841304841345,0.195744540752039,6.47844534781895,,0.0733666666666667,0.00573333333333333,0.141,0.135266666666667,0.000148472170226697,0.000148472170226697,FALSE,1,"XLOC_043950","EBF1","ENST00000517373.1","ENST00000517373.1","=","XLOC_043950",FALSE
"isoComp_00147879","geneComp_00021496","TCONS_00235947","XLOC_044269","T_minus","T_plus","TMEM170B","unknown","unknown",7.75803486842151,11.1441280927592,4.3719416440838,0.819759667830462,0.103137608433665,-1.34793556726249,,5.75925092203035,8.88952133296107,2.62898051109963,0.938858434392855,0.113470337960852,-1.75374704540964,,0.69745,0.7938,0.6011,-0.1927,0.00243938725599055,0.00243938725599055,FALSE,0,"XLOC_044269","TMEM170B","ENST00000379426.2","ENST00000379426.2","=","XLOC_044269",FALSE
"isoComp_00147880","geneComp_00021496","TCONS_00248059","XLOC_044269","T_minus","T_plus","TMEM170B","unknown","unknown",7.75803486842151,11.1441280927592,4.3719416440838,0.819759667830462,0.103137608433665,-1.34793556726249,,1.99878394639116,2.25460675979816,1.74296113298416,0.209959192671115,0.0852317208560522,-0.369466544887833,,0.30255,0.2062,0.3989,0.1927,0.0117425052556171,0.00243938725599055,FALSE,0,"XLOC_044269","TMEM170B","PB.13549.1","ENST00000379426.2","c","XLOC_044269",TRUE
"isoComp_00148427","geneComp_00021633","TCONS_00236769","XLOC_044540","T_minus","T_plus","HLA-L","unknown","unknown",2.60372428498856,2.59735310666244,2.61009546331469,0.0474397025372065,0.132605762483671,0.00703340106198063,,0.0893367093740386,0.0361322034011539,0.142541215346923,0.0107146132718031,0.0192441593667761,1.7253529930981,,0.0345833333333333,0.0138,0.0553666666666667,0.0415666666666667,0.447668739195586,0.00182622946462535,FALSE,1,"XLOC_044540","HLA-L","ENST00000463348.6","ENST00000463348.6","=","XLOC_044540",FALSE
"isoComp_00148428","geneComp_00021633","TCONS_00236770","XLOC_044540","T_minus","T_plus","HLA-L","unknown","unknown",2.60372428498856,2.59735310666244,2.61009546331469,0.0474397025372065,0.132605762483671,0.00703340106198063,,0.0672636458809734,0.0596125372083827,0.0749147545535641,0.0300590901877749,0.0447364687474217,0.286668095617969,,0.0259833333333333,0.0234,0.0285666666666667,0.00516666666666667,0.999583534218161,0.00182622946462535,FALSE,1,"XLOC_044540","HLA-L","ENST00000685314.1","ENST00000685314.1","=","XLOC_044540",FALSE
"isoComp_00148429","geneComp_00021633","TCONS_00236771","XLOC_044540","T_minus","T_plus","HLA-L","unknown","unknown",2.60372428498856,2.59735310666244,2.61009546331469,0.0474397025372065,0.132605762483671,0.00703340106198063,,0.0412183866758054,0.052380261538072,0.0300565118135388,0.0282711393978213,0.0166733594588012,-0.63905280704747,,0.016,0.0198333333333333,0.0121666666666667,-0.00766666666666667,0.946490808625771,0.00182622946462535,FALSE,1,"XLOC_044540","HLA-L","ENST00000692540.1","ENST00000692540.1","=","XLOC_044540",FALSE
"isoComp_00148430","geneComp_00021633","TCONS_00236773","XLOC_044540","T_minus","T_plus","HLA-L","unknown","unknown",2.60372428498856,2.59735310666244,2.61009546331469,0.0474397025372065,0.132605762483671,0.00703340106198063,,0.221181539784622,0,0.442363079569243,0,0.390623791532,5.49940928085533,,0.0779,0,0.1558,0.1558,0.538808079892483,0.00182622946462535,FALSE,0,"XLOC_044540","HLA-L","ENST00000692925.1","ENST00000692925.1","=","XLOC_044540",FALSE
"isoComp_00148431","geneComp_00021633","TCONS_00236774","XLOC_044540","T_minus","T_plus","HLA-L","unknown","unknown",2.60372428498856,2.59735310666244,2.61009546331469,0.0474397025372065,0.132605762483671,0.00703340106198063,,0.071983464534668,0.0542425150490781,0.0897244140202579,0.0542425150490781,0.0701676958258117,0.634418366622059,,0.0285333333333333,0.0213333333333333,0.0357333333333333,0.0144,0.90639587079412,0.00182622946462535,FALSE,0,"XLOC_044540","HLA-L","ENST00000686490.1","ENST00000686490.1","=","XLOC_044540",FALSE
"isoComp_00148433","geneComp_00021633","TCONS_00236777","XLOC_044540","T_minus","T_plus","HLA-L","unknown","unknown",2.60372428498856,2.59735310666244,2.61009546331469,0.0474397025372065,0.132605762483671,0.00703340106198063,,1.63973515808068,2.18487846747039,1.09459184869097,0.189900294953739,0.0896819117429449,-0.99062767233411,,0.632283333333333,0.839733333333333,0.424833333333333,-0.4149,0.00182622946462535,0.00182622946462535,FALSE,0,"XLOC_044540","HLA-L","ENST00000687694.1","ENST00000687694.1","=","XLOC_044540",FALSE
"isoComp_00148434","geneComp_00021633","TCONS_00236778","XLOC_044540","T_minus","T_plus","HLA-L","unknown","unknown",2.60372428498856,2.59735310666244,2.61009546331469,0.0474397025372065,0.132605762483671,0.00703340106198063,,0.395286661494998,0.108963813110051,0.681609509879945,0.0689691586277588,0.132481455823223,2.53943491119429,,0.1544,0.0427666666666667,0.266033333333333,0.223266666666667,0.15706004557355,0.00182622946462535,FALSE,0,"XLOC_044540","HLA-L","ENST00000691908.1","ENST00000691908.1","=","XLOC_044540",FALSE
"isoComp_00148435","geneComp_00021633","TCONS_00236779","XLOC_044540","T_minus","T_plus","HLA-L","unknown","unknown",2.60372428498856,2.59735310666244,2.61009546331469,0.0474397025372065,0.132605762483671,0.00703340106198063,,0.0456388312141238,0.0369835329880078,0.0542941294402399,0.0369835329880078,0.0542941294402399,0.452531811397878,,0.0180166666666667,0.0145333333333333,0.0215,0.00696666666666667,1,0.00182622946462535,TRUE,0,"XLOC_044540","HLA-L","ENST00000420110.1","ENST00000420110.1","=","XLOC_044540",FALSE
"isoComp_00149583","geneComp_00021792","TCONS_00238057","XLOC_044803","T_minus","T_plus","TMEM63B","unknown","unknown",31.2446937767515,21.8770185727607,40.6123689807423,0.743356870286601,0.869061955719709,0.892198930486216,,11.4062963466515,4.62767279322837,18.1849199000746,0.428079215933153,0.168358815252408,1.97206275932798,,0.329783333333333,0.211366666666667,0.4482,0.236833333333333,1.91364876520816e-14,1.91364876520816e-14,FALSE,0,"XLOC_044803","TMEM63B","ENST00000259746.13","ENST00000259746.13","=","XLOC_044803",FALSE
"isoComp_00149584","geneComp_00021792","TCONS_00238059","XLOC_044803","T_minus","T_plus","TMEM63B","unknown","unknown",31.2446937767515,21.8770185727607,40.6123689807423,0.743356870286601,0.869061955719709,0.892198930486216,,6.63288681486661,8.18640522894568,5.07936840078754,1.09772010093869,0.555078104876253,-0.687504686202353,,0.24855,0.3724,0.1247,-0.2477,7.07296511180653e-09,1.91364876520816e-14,FALSE,0,"XLOC_044803","TMEM63B","ENST00000323267.11","ENST00000323267.11","=","XLOC_044803",FALSE
"isoComp_00149585","geneComp_00021792","TCONS_00238060","XLOC_044803","T_minus","T_plus","TMEM63B","unknown","unknown",31.2446937767515,21.8770185727607,40.6123689807423,0.743356870286601,0.869061955719709,0.892198930486216,,1.41280672097811,0.83773645575839,1.98787698619783,0.140451282287104,0.260500171190714,1.23678002118687,,0.04375,0.0387666666666667,0.0487333333333333,0.00996666666666667,0.822457089079578,1.91364876520816e-14,FALSE,0,"XLOC_044803","TMEM63B","ENST00000534326.5","ENST00000534326.5","=","XLOC_044803",FALSE
"isoComp_00149587","geneComp_00021792","TCONS_00238062","XLOC_044803","T_minus","T_plus","TMEM63B","unknown","unknown",31.2446937767515,21.8770185727607,40.6123689807423,0.743356870286601,0.869061955719709,0.892198930486216,,11.3030720327824,8.00274810285576,14.6033959627091,0.366262865430485,0.444884365956531,0.866922452175292,,0.363433333333333,0.367233333333333,0.359633333333333,-0.0076,0.992952687216,1.91364876520816e-14,FALSE,0,"XLOC_044803","TMEM63B","ENST00000371893.6","ENST00000371893.6","=","XLOC_044803",FALSE
"isoComp_00150121","geneComp_00021869","TCONS_00238767","XLOC_044995","T_minus","T_plus","ENSG00000287811","unknown","unknown",4.12792705825224,3.72486584351169,4.53098827299279,0.387844985360706,0.555486534775363,0.281949888739373,,0.0488681915199978,0.0215576812910253,0.0761787017489703,0.0215576812910253,0.0534313894343483,1.44934015808607,,0.01105,0.00573333333333333,0.0163666666666667,0.0106333333333333,0.868697123832554,3.98945235563398e-09,FALSE,0,"XLOC_044995","ENSG00000287811","ENST00000692474.1","ENST00000692474.1","=","XLOC_044995",FALSE
"isoComp_00150122","geneComp_00021869","TCONS_00238768","XLOC_044995","T_minus","T_plus","ENSG00000287811","unknown","unknown",4.12792705825224,3.72486584351169,4.53098827299279,0.387844985360706,0.555486534775363,0.281949888739373,,0.0608881898464889,0.084014272787648,0.0377621069053298,0.0104859568354548,0.0303181152527575,-0.977013317458226,,0.0156,0.0224666666666667,0.00873333333333333,-0.0137333333333333,0.710120990158738,3.98945235563398e-09,FALSE,0,"XLOC_044995","ENSG00000287811","ENST00000671258.1","ENST00000671258.1","=","XLOC_044995",FALSE
"isoComp_00150123","geneComp_00021869","TCONS_00238769","XLOC_044995","T_minus","T_plus","ENSG00000287811","unknown","unknown",4.12792705825224,3.72486584351169,4.53098827299279,0.387844985360706,0.555486534775363,0.281949888739373,,0.352937077385977,0.404400233691378,0.301473921080576,0.250195711259635,0.175781924912636,-0.411913441480593,,0.0834333333333333,0.102866666666667,0.064,-0.0388666666666667,0.937910339651863,3.98945235563398e-09,,0,"XLOC_044995","ENSG00000287811","ENST00000690902.1","ENST00000690902.1","=","XLOC_044995",FALSE
"isoComp_00150125","geneComp_00021869","TCONS_00238774","XLOC_044995","T_minus","T_plus","SH3BGRL2","unknown","unknown",4.12792705825224,3.72486584351169,4.53098827299279,0.387844985360706,0.555486534775363,0.281949888739373,,2.82920420331229,1.92631440918348,3.7320939974411,0.399473664443076,0.368014448023219,0.950532568668066,,0.667866666666667,0.507166666666667,0.828566666666667,0.3214,0.000593938999512446,3.98945235563398e-09,FALSE,0,"XLOC_044995","SH3BGRL2","ENST00000369838.6","ENST00000369838.6","=","XLOC_044995",FALSE
"isoComp_00150126","geneComp_00021869","TCONS_00248317","XLOC_044995","T_minus","T_plus","SH3BGRL2","unknown","unknown",4.12792705825224,3.72486584351169,4.53098827299279,0.387844985360706,0.555486534775363,0.281949888739373,,0.19637099715357,0.193213166040624,0.199528828266516,0.0424783438845489,0.0314343081249473,0.0441548760960137,,0.0495333333333333,0.0554333333333333,0.0436333333333333,-0.0118,0.955257583478351,3.98945235563398e-09,TRUE,0,"XLOC_044995","SH3BGRL2","PB.14034.1","ENST00000369838.6","j","XLOC_044995",TRUE
"isoComp_00150127","geneComp_00021869","TCONS_00248318","XLOC_044995","T_minus","T_plus","SH3BGRL2","unknown","unknown",4.12792705825224,3.72486584351169,4.53098827299279,0.387844985360706,0.555486534775363,0.281949888739373,,0.0515332433142408,0.103066486628482,0,0.0246491912752007,0,-3.49909946683498,,0.0136833333333333,0.0273666666666667,0,-0.0273666666666667,0.0708404438948843,3.98945235563398e-09,FALSE,0,"XLOC_044995","SH3BGRL2","PB.14034.2","ENST00000369838.6","j","XLOC_044995",TRUE
"isoComp_00150128","geneComp_00021869","TCONS_00248319","XLOC_044995","T_minus","T_plus","SH3BGRL2","unknown","unknown",4.12792705825224,3.72486584351169,4.53098827299279,0.387844985360706,0.555486534775363,0.281949888739373,,0.427048633105054,0.854097266210108,0,0.133615018837516,0,-6.4331218118836,,0.12115,0.2423,0,-0.2423,3.98945235563398e-09,3.98945235563398e-09,FALSE,0,"XLOC_044995","SH3BGRL2","PB.14034.6","ENST00000369838.6","j","XLOC_044995",TRUE
"isoComp_00150129","geneComp_00021869","TCONS_00249279","XLOC_044995","T_minus","T_plus","ENSG00000287811","unknown","unknown",4.12792705825224,3.72486584351169,4.53098827299279,0.387844985360706,0.555486534775363,0.281949888739373,,0.137086177804855,0.125874483349607,0.148297872260103,0.0206362707011193,0.0293537100760225,0.220367314264953,,0.0330166666666667,0.0338,0.0322333333333333,-0.00156666666666666,1,3.98945235563398e-09,FALSE,0,"XLOC_044995","ENSG00000287811","PB.10877.1","ENST00000691944.1","j","XLOC_044995",TRUE
"isoComp_00150157","geneComp_00021881","TCONS_00238809","XLOC_045015","T_minus","T_plus","TPBG","unknown","unknown",13.1506996994285,11.4467296359605,14.8546697628965,0.787138911361077,0.0575721766657129,0.375692131885013,,0.150152171906784,0.133375798899753,0.166928544913816,0.0393340048402933,0.0429871898495423,0.303365300150896,,0.01175,0.0122666666666667,0.0112333333333333,-0.00103333333333333,0.995117887515737,4.29814564144552e-15,FALSE,0,"XLOC_045015","TPBG","ENST00000535040.4","ENST00000535040.4","=","XLOC_045015",FALSE
"isoComp_00150158","geneComp_00021881","TCONS_00238810","XLOC_045015","T_minus","T_plus","TPBG","unknown","unknown",13.1506996994285,11.4467296359605,14.8546697628965,0.787138911361077,0.0575721766657129,0.375692131885013,,11.6664015939666,9.36256153179528,13.9702416561379,0.59872682896878,0.117260716306023,0.576874001610223,,0.879466666666667,0.8185,0.940433333333333,0.121933333333333,4.29814564144552e-15,4.29814564144552e-15,FALSE,0,"XLOC_045015","TPBG","ENST00000369750.4","ENST00000369750.4","=","XLOC_045015",FALSE
"isoComp_00150159","geneComp_00021881","TCONS_00238811","XLOC_045015","T_minus","T_plus","TPBG","unknown","unknown",13.1506996994285,11.4467296359605,14.8546697628965,0.787138911361077,0.0575721766657129,0.375692131885013,,1.33414593355514,1.95079230526549,0.717499561844801,0.22692864531755,0.11652999665037,-1.43041844352849,,0.108783333333333,0.169233333333333,0.0483333333333333,-0.1209,2.79749111168655e-06,4.29814564144552e-15,FALSE,0,"XLOC_045015","TPBG","ENST00000543496.3","ENST00000543496.3","=","XLOC_045015",FALSE
"isoComp_00150625","geneComp_00021966","TCONS_00239415","XLOC_045207","T_minus","T_plus","GTF3C6","unknown","unknown",140.419481655756,131.5013835645,149.337579747012,7.54668595031013,1.24591786623723,0.183486174298365,,61.994408781696,69.5838443649439,54.4049731984481,4.29082995589943,1.94409529413221,-0.354956016108671,,0.446733333333333,0.5292,0.364266666666667,-0.164933333333333,6.8437881868678e-13,6.8437881868678e-13,FALSE,0,"XLOC_045207","GTF3C6","PB.8680.1","ENST00000329970.8","=","XLOC_045207",TRUE
"isoComp_00150626","geneComp_00021966","TCONS_00239416","XLOC_045207","T_minus","T_plus","GTF3C6","unknown","unknown",140.419481655756,131.5013835645,149.337579747012,7.54668595031013,1.24591786623723,0.183486174298365,,1.48087438614043,2.022284453149,0.939464319131861,0.522962939707515,0.476510383698227,-1.09791665618954,,0.0107333333333333,0.0151333333333333,0.00633333333333333,-0.0088,0.756034557909293,6.8437881868678e-13,FALSE,0,"XLOC_045207","GTF3C6","ENST00000480191.1","ENST00000480191.1","=","XLOC_045207",FALSE
"isoComp_00150627","geneComp_00021966","TCONS_00246969","XLOC_045207","T_minus","T_plus","GTF3C6","unknown","unknown",140.419481655756,131.5013835645,149.337579747012,7.54668595031013,1.24591786623723,0.183486174298365,,18.3474910560465,13.7981924424161,22.8967896696769,1.91325581390494,1.82697313282642,0.730250806278521,,0.129866666666667,0.106366666666667,0.153366666666667,0.047,0.366087339117543,6.8437881868678e-13,FALSE,0,"XLOC_045207","GTF3C6","PB.8680.2","ENST00000329970.8","c","XLOC_045207",TRUE
"isoComp_00150629","geneComp_00021966","TCONS_00247644","XLOC_045207","T_minus","T_plus","GTF3C6","unknown","unknown",140.419481655756,131.5013835645,149.337579747012,7.54668595031013,1.24591786623723,0.183486174298365,,24.3960941445439,11.1004413463049,37.6917469427828,1.11006869855723,1.01842903801347,1.7627152467038,,0.169066666666667,0.0856333333333333,0.2525,0.166866666666667,8.6625237221854e-12,6.8437881868678e-13,FALSE,0,"XLOC_045207","GTF3C6","PB.11003.2","ENST00000329970.8","j","XLOC_045207",TRUE
"isoComp_00150630","geneComp_00021966","TCONS_00249316","XLOC_045207","T_minus","T_plus","GTF3C6","unknown","unknown",140.419481655756,131.5013835645,149.337579747012,7.54668595031013,1.24591786623723,0.183486174298365,,34.0446047123491,34.9297314096333,33.1594780150649,4.98255017229476,1.64716291705709,-0.0750122091939865,,0.242533333333333,0.263133333333333,0.221933333333333,-0.0412,0.550774754592132,6.8437881868678e-13,FALSE,0,"XLOC_045207","GTF3C6","PB.11003.3","ENST00000329970.8","c","XLOC_045207",TRUE
"isoComp_00150848","geneComp_00022015","TCONS_00239725","XLOC_045300","T_minus","T_plus","NCOA7","unknown","unknown",61.1788269368477,14.0589405999768,108.298713273719,0.717687645322649,13.5918045419875,2.94456370833118,,0.39236190139178,0.404910292561552,0.379813510222008,0.114865855285799,0.158768780202775,-0.0900153535498227,,0.0157833333333333,0.0281666666666667,0.0034,-0.0247666666666667,0.0128431110947213,5.2019501148491e-153,,0,"XLOC_045300","NCOA7","ENST00000453302.5","ENST00000453302.5","=","XLOC_045300",FALSE
"isoComp_00150849","geneComp_00022015","TCONS_00239726","XLOC_045300","T_minus","T_plus","NCOA7","unknown","unknown",61.1788269368477,14.0589405999768,108.298713273719,0.717687645322649,13.5918045419875,2.94456370833118,,0.323244614967993,0.623153898350649,0.0233353315853362,0.236467637792023,0.0233353315853362,-4.24743223003354,,0.0215333333333333,0.0428,0.000266666666666667,-0.0425333333333333,0.000289560694395628,5.2019501148491e-153,,0,"XLOC_045300","NCOA7","ENST00000417494.5","ENST00000417494.5","=","XLOC_045300",FALSE
"isoComp_00150850","geneComp_00022015","TCONS_00239727","XLOC_045300","T_minus","T_plus","NCOA7","unknown","unknown",61.1788269368477,14.0589405999768,108.298713273719,0.717687645322649,13.5918045419875,2.94456370833118,,3.55772229216861,2.8036372069411,4.31180737739612,0.396038238083927,0.31452137735882,0.619198454734554,,0.11915,0.197933333333333,0.0403666666666667,-0.157566666666667,2.67896181909486e-21,5.2019501148491e-153,FALSE,0,"XLOC_045300","NCOA7","ENST00000392477.7","ENST00000392477.7","=","XLOC_045300",FALSE
"isoComp_00150851","geneComp_00022015","TCONS_00239728","XLOC_045300","T_minus","T_plus","NCOA7","unknown","unknown",61.1788269368477,14.0589405999768,108.298713273719,0.717687645322649,13.5918045419875,2.94456370833118,,0.967394588690121,1.0287321648318,0.906057012548442,0.256072724727687,0.2285792677266,-0.181314410848576,,0.04005,0.0719333333333333,0.00816666666666667,-0.0637666666666667,1.75727447708716e-07,5.2019501148491e-153,FALSE,0,"XLOC_045300","NCOA7","ENST00000229634.13","ENST00000229634.13","=","XLOC_045300",FALSE
"isoComp_00150855","geneComp_00022015","TCONS_00239734","XLOC_045300","T_minus","T_plus","NCOA7","unknown","unknown",61.1788269368477,14.0589405999768,108.298713273719,0.717687645322649,13.5918045419875,2.94456370833118,,48.173558257936,2.97740285582673,93.3697136600453,0.191206364089808,10.9345951045777,4.96614545919608,,0.53795,0.211866666666667,0.864033333333333,0.652166666666667,5.2019501148491e-153,5.2019501148491e-153,FALSE,0,"XLOC_045300","NCOA7","ENST00000438495.6","ENST00000438495.6","=","XLOC_045300",FALSE
"isoComp_00150858","geneComp_00022015","TCONS_00248414","XLOC_045300","T_minus","T_plus","NCOA7","unknown","unknown",61.1788269368477,14.0589405999768,108.298713273719,0.717687645322649,13.5918045419875,2.94456370833118,,1.458896074697,2.87630711546452,0.0414850339294866,0.494384025603745,0.0414850339294866,-5.80892788730503,,0.1013,0.202133333333333,0.000466666666666667,-0.201666666666667,1.40605233650904e-08,5.2019501148491e-153,FALSE,0,"XLOC_045300","NCOA7","PB.14269.4","ENST00000368357.7","c","XLOC_045300",TRUE
"isoComp_00150859","geneComp_00022015","TCONS_00248415","XLOC_045300","T_minus","T_plus","NCOA7","unknown","unknown",61.1788269368477,14.0589405999768,108.298713273719,0.717687645322649,13.5918045419875,2.94456370833118,,0.228065120092715,0.45613024018543,0,0.45613024018543,0,-5.54266120559808,,0.01635,0.0327,0,-0.0327,0.710455351996673,5.2019501148491e-153,FALSE,0,"XLOC_045300","NCOA7","PB.14269.6","ENST00000368357.7","c","XLOC_045300",TRUE
"isoComp_00150860","geneComp_00022015","TCONS_00248416","XLOC_045300","T_minus","T_plus","NCOA7","unknown","unknown",61.1788269368477,14.0589405999768,108.298713273719,0.717687645322649,13.5918045419875,2.94456370833118,,5.27003499359315,2.56068850333162,7.97938148385469,1.02329508960015,2.00117546438257,1.63592901211276,,0.129816666666667,0.1883,0.0713333333333333,-0.116966666666667,0.451844744600451,5.2019501148491e-153,FALSE,0,"XLOC_045300","NCOA7","PB.11066.12","ENST00000368357.7","c","XLOC_045300",TRUE
"isoComp_00151515","geneComp_00022136","TCONS_00240652","XLOC_045554","T_minus","T_plus","SYNJ2","unknown","unknown",22.3104010888976,18.3177236200048,26.3030785577903,1.34422109946922,1.2689407814692,0.521752441487273,,8.68946096653672,7.4145289120171,9.96439302105634,1.18791086243933,0.366326372529793,0.425929561141103,,0.390066666666667,0.400566666666667,0.379566666666667,-0.021,0.935548725203104,0.00288113707677642,FALSE,0,"XLOC_045554","SYNJ2","ENST00000355585.9","ENST00000355585.9","=","XLOC_045554",FALSE
"isoComp_00151517","geneComp_00022136","TCONS_00240654","XLOC_045554","T_minus","T_plus","SYNJ2","unknown","unknown",22.3104010888976,18.3177236200048,26.3030785577903,1.34422109946922,1.2689407814692,0.521752441487273,,3.96041201818232,3.53303150671351,4.38779252965114,0.335161041581823,0.295234356275766,0.311795250384514,,0.181683333333333,0.195766666666667,0.1676,-0.0281666666666667,0.851695367287676,0.00288113707677642,FALSE,0,"XLOC_045554","SYNJ2","ENST00000367113.5","ENST00000367113.5","=","XLOC_045554",FALSE
"isoComp_00151518","geneComp_00022136","TCONS_00240656","XLOC_045554","T_minus","T_plus","SYNJ2","unknown","unknown",22.3104010888976,18.3177236200048,26.3030785577903,1.34422109946922,1.2689407814692,0.521752441487273,,2.69608697055716,3.70844357766053,1.68373036345379,0.408239203850557,0.676375460541766,-1.13449466093352,,0.133016666666667,0.204166666666667,0.0618666666666667,-0.1423,0.0352366555036896,0.00288113707677642,FALSE,0,"XLOC_045554","SYNJ2","ENST00000638626.1","ENST00000638626.1","=","XLOC_045554",FALSE
"isoComp_00151524","geneComp_00022136","TCONS_00247048","XLOC_045554","T_minus","T_plus","SYNJ2","unknown","unknown",22.3104010888976,18.3177236200048,26.3030785577903,1.34422109946922,1.2689407814692,0.521752441487273,,6.2054782440939,3.30655528143403,9.10440120675376,0.545511872909527,0.305865128451881,1.45846230454932,,0.26385,0.1809,0.3468,0.1659,0.00288113707677642,0.00288113707677642,FALSE,0,"XLOC_045554","SYNJ2","PB.8813.1","ENST00000355585.9","j","XLOC_045554",TRUE
"isoComp_00151525","geneComp_00022136","TCONS_00247708","XLOC_045554","T_minus","T_plus","SYNJ2","unknown","unknown",22.3104010888976,18.3177236200048,26.3030785577903,1.34422109946922,1.2689407814692,0.521752441487273,,0.275472603259828,0.131592817330426,0.41935238918923,0.0673011613266177,0.131754941396756,1.60041413710599,,0.0116333333333333,0.0068,0.0164666666666667,0.00966666666666667,0.764834697721233,0.00288113707677642,FALSE,0,"XLOC_045554","SYNJ2","PB.8605.1","ENST00000355585.9","j","XLOC_045554",TRUE
"isoComp_00151526","geneComp_00022136","TCONS_00247709","XLOC_045554","T_minus","T_plus","SYNJ2","unknown","unknown",22.3104010888976,18.3177236200048,26.3030785577903,1.34422109946922,1.2689407814692,0.521752441487273,,0.34241865825833,0.114214139516382,0.570623177000279,0.0583791204424554,0.238950716114097,2.22477275438218,,0.01355,0.0059,0.0212,0.0153,0.63665107721406,0.00288113707677642,FALSE,1,"XLOC_045554","SYNJ2","PB.8605.2","ENST00000355585.9","j","XLOC_045554",TRUE
"isoComp_00152931","geneComp_00022411","TCONS_00242516","XLOC_046083","T_minus","T_plus","PBX2","unknown","unknown",304.124089927839,311.97749711659,296.270682739088,7.83830098765356,5.18176796961067,-0.0745236474985536,,6.48175142308706,8.2916582397092,4.67184460646492,1.15506544672099,0.815831173347047,-0.826322489470397,,0.0211166666666667,0.0264333333333333,0.0158,-0.0106333333333333,0.312978970562799,6.72851755932944e-13,FALSE,0,"XLOC_046083","PBX2","ENST00000375050.6","ENST00000375050.6","=","XLOC_046083",FALSE
"isoComp_00152933","geneComp_00022411","TCONS_00242518","XLOC_046083","T_minus","T_plus","PBX2","unknown","unknown",304.124089927839,311.97749711659,296.270682739088,7.83830098765356,5.18176796961067,-0.0745236474985536,,11.0448148117038,11.446066140695,10.6435634827125,1.19036926423765,1.07672778610824,-0.104775652542045,,0.03635,0.0368666666666667,0.0358333333333333,-0.00103333333333333,0.992087171729786,6.72851755932944e-13,FALSE,0,"XLOC_046083","PBX2","ENST00000478678.5","ENST00000478678.5","=","XLOC_046083",FALSE
"isoComp_00152934","geneComp_00022411","TCONS_00242519","XLOC_046083","T_minus","T_plus","PBX2","unknown","unknown",304.124089927839,311.97749711659,296.270682739088,7.83830098765356,5.18176796961067,-0.0745236474985536,,6.76567473517182,5.357401685237,8.17394778510664,0.817983933798005,0.258120953530492,0.608573080024758,,0.0224666666666667,0.0173333333333333,0.0276,0.0102666666666667,0.244022348175011,6.72851755932944e-13,TRUE,1,"XLOC_046083","PBX2","ENST00000496171.1","ENST00000496171.1","=","XLOC_046083",FALSE
"isoComp_00152935","geneComp_00022411","TCONS_00242520","XLOC_046083","T_minus","T_plus","PBX2","unknown","unknown",304.124089927839,311.97749711659,296.270682739088,7.83830098765356,5.18176796961067,-0.0745236474985536,,7.35532349867806,5.03585435402483,9.6747926433313,0.59468127775565,0.721690675193666,0.94062259600578,,0.0245166666666667,0.0162666666666667,0.0327666666666667,0.0165,0.00948002338942133,6.72851755932944e-13,,0,"XLOC_046083","PBX2","ENST00000480254.1","ENST00000480254.1","=","XLOC_046083",FALSE
"isoComp_00152936","geneComp_00022411","TCONS_00242521","XLOC_046083","T_minus","T_plus","GPSM3","unknown","unknown",304.124089927839,311.97749711659,296.270682739088,7.83830098765356,5.18176796961067,-0.0745236474985536,,115.953823043771,138.166526334325,93.7411197532172,8.65686220005979,3.20756601183101,-0.559604721925033,,0.379366666666667,0.442066666666667,0.316666666666667,-0.1254,6.15104499103903e-06,6.72851755932944e-13,FALSE,0,"XLOC_046083","GPSM3","ENST00000375040.8","ENST00000375040.8","=","XLOC_046083",FALSE
"isoComp_00152937","geneComp_00022411","TCONS_00242522","XLOC_046083","T_minus","T_plus","GPSM3","unknown","unknown",304.124089927839,311.97749711659,296.270682739088,7.83830098765356,5.18176796961067,-0.0745236474985536,,3.81280795337685,4.67620890379494,2.94940700295877,0.460415933171186,0.166256434727271,-0.66311314676583,,0.01245,0.0149666666666667,0.00993333333333333,-0.00503333333333333,0.199322187327591,6.72851755932944e-13,FALSE,0,"XLOC_046083","GPSM3","ENST00000487761.5","ENST00000487761.5","=","XLOC_046083",FALSE
"isoComp_00152938","geneComp_00022411","TCONS_00242523","XLOC_046083","T_minus","T_plus","GPSM3","unknown","unknown",304.124089927839,311.97749711659,296.270682739088,7.83830098765356,5.18176796961067,-0.0745236474985536,,21.730914891847,24.6593308644916,18.8024989192024,1.23737475865443,0.415237277235468,-0.391027085252709,,0.0713,0.0791333333333333,0.0634666666666667,-0.0156666666666667,0.152231561601788,6.72851755932944e-13,FALSE,0,"XLOC_046083","GPSM3","ENST00000472768.5","ENST00000472768.5","=","XLOC_046083",FALSE
"isoComp_00152943","geneComp_00022411","TCONS_00247818","XLOC_046083","T_minus","T_plus","GPSM3","unknown","unknown",304.124089927839,311.97749711659,296.270682739088,7.83830098765356,5.18176796961067,-0.0745236474985536,,74.2340192331378,52.8003460539122,95.6676924123634,1.79322872783573,6.66017107752922,0.857361999452943,,0.245933333333333,0.1693,0.322566666666667,0.153266666666667,6.72851755932944e-13,6.72851755932944e-13,FALSE,0,"XLOC_046083","GPSM3","PB.10669.6","ENST00000375043.3","j","XLOC_046083",TRUE
"isoComp_00152944","geneComp_00022411","TCONS_00247819","XLOC_046083","T_minus","T_plus","GPSM3","unknown","unknown",304.124089927839,311.97749711659,296.270682739088,7.83830098765356,5.18176796961067,-0.0745236474985536,,10.5388322244812,13.7555843184879,7.32208013047448,1.23986762068603,2.46004166043143,-0.908771392503472,,0.0344166666666667,0.0441333333333333,0.0247,-0.0194333333333333,0.436327989548543,6.72851755932944e-13,FALSE,0,"XLOC_046083","GPSM3","PB.8246.2","ENST00000375043.3","j","XLOC_046083",TRUE
"isoComp_00152945","geneComp_00022411","TCONS_00248631","XLOC_046083","T_minus","T_plus","PBX2","unknown","unknown",304.124089927839,311.97749711659,296.270682739088,7.83830098765356,5.18176796961067,-0.0745236474985536,,40.5395740580771,42.5038580439604,38.5752900721938,0.469083973050974,1.43014497823519,-0.139882234965535,,0.133333333333333,0.136466666666667,0.1302,-0.00626666666666667,0.881904696655096,6.72851755932944e-13,FALSE,0,"XLOC_046083","PBX2","PB.13725.2","ENST00000375050.6","c","XLOC_046083",TRUE
"isoComp_00152953","geneComp_00022414","TCONS_00242545","XLOC_046087","T_minus","T_plus","HLA-DRB5","unknown","unknown",15.2818898224491,15.6418235787365,14.9219560661618,1.86906602877887,1.24112050425158,-0.0679275849836891,,1.41438508893649,1.27712360799337,1.55164656987961,0.308824141476207,0.344971004560628,0.27891737288351,,0.0914833333333333,0.0795,0.103466666666667,0.0239666666666667,0.826840154289939,2.28129492866035e-06,FALSE,0,"XLOC_046087","HLA-DRB5","PB.8443.2","ENST00000374975.4","=","XLOC_046087",TRUE
"isoComp_00152956","geneComp_00022414","TCONS_00247161","XLOC_046087","T_minus","T_plus","HLA-DRB5","unknown","unknown",15.2818898224491,15.6418235787365,14.9219560661618,1.86906602877887,1.24112050425158,-0.0679275849836891,,0.960017903452863,0.17505538947657,1.74498041742915,0.17505538947657,0.215667074807282,3.24542587480202,,0.06415,0.0119,0.1164,0.1045,0.0875411973021964,2.28129492866035e-06,FALSE,0,"XLOC_046087","HLA-DRB5","PB.8443.11","ENST00000374975.4","j","XLOC_046087",TRUE
"isoComp_00152957","geneComp_00022414","TCONS_00247820","XLOC_046087","T_minus","T_plus","HLA-DRB5","unknown","unknown",15.2818898224491,15.6418235787365,14.9219560661618,1.86906602877887,1.24112050425158,-0.0679275849836891,,0.788277371696366,0.827219134524088,0.749335608868644,0.0957007485758311,0.378211951106843,-0.140867619952029,,0.0529,0.0542,0.0516,-0.0026,0.931557580143327,2.28129492866035e-06,FALSE,0,"XLOC_046087","HLA-DRB5","PB.8249.5","ENST00000374975.4","j","XLOC_046087",TRUE
"isoComp_00152958","geneComp_00022414","TCONS_00247821","XLOC_046087","T_minus","T_plus","HLA-DRB5","unknown","unknown",15.2818898224491,15.6418235787365,14.9219560661618,1.86906602877887,1.24112050425158,-0.0679275849836891,,12.0379650521207,13.3624254467425,10.713504657499,1.6139276762002,1.03749169715315,-0.31848467578389,,0.785366666666667,0.854433333333333,0.7163,-0.138133333333333,2.28129492866035e-06,2.28129492866035e-06,FALSE,0,"XLOC_046087","HLA-DRB5","PB.8249.7","ENST00000374975.4","j","XLOC_046087",TRUE
"isoComp_00152971","geneComp_00022417","TCONS_00242558","XLOC_046091","T_minus","T_plus","HLA-DQB1","unknown","unknown",5.27900916116927,5.14992320175997,5.40809512057857,0.270622519490924,0.208673569949935,0.0704361285392689,,4.32007572937973,3.71144880196698,4.92870265679247,0.508939762380701,0.229168819606341,0.408267723226716,,0.814366666666667,0.7176,0.911133333333333,0.193533333333333,0.0125919493286135,0.0125919493286135,FALSE,0,"XLOC_046091","HLA-DQB1","PB.13730.1","ENST00000434651.7","=","XLOC_046091",TRUE
"isoComp_00152972","geneComp_00022417","TCONS_00242559","XLOC_046091","T_minus","T_plus","HLA-DQB1","unknown","unknown",5.27900916116927,5.14992320175997,5.40809512057857,0.270622519490924,0.208673569949935,0.0704361285392689,,0.211914722767222,0.363855522351228,0.0599739231832155,0.0823389625072123,0.0313627517272136,-2.41759155806168,,0.0413666666666667,0.0719666666666667,0.0107666666666667,-0.0612,0.173623665488918,0.0125919493286135,FALSE,0,"XLOC_046091","HLA-DQB1","ENST00000399079.7","ENST00000399079.7","=","XLOC_046091",FALSE
"isoComp_00152973","geneComp_00022417","TCONS_00242562","XLOC_046091","T_minus","T_plus","HLA-DQB1","unknown","unknown",5.27900916116927,5.14992320175997,5.40809512057857,0.270622519490924,0.208673569949935,0.0704361285392689,,0.514266238286024,0.831322276438616,0.197210200133432,0.433359757893061,0.127590433852306,-2.02156352139875,,0.0994333333333333,0.163233333333333,0.0356333333333333,-0.1276,0.57480217608851,0.0125919493286135,FALSE,0,"XLOC_046091","HLA-DQB1","ENST00000460185.1","ENST00000460185.1","=","XLOC_046091",FALSE
"isoComp_00152976","geneComp_00022417","TCONS_00247166","XLOC_046091","T_minus","T_plus","HLA-DQB1","unknown","unknown",5.27900916116927,5.14992320175997,5.40809512057857,0.270622519490924,0.208673569949935,0.0704361285392689,,0.0775406406436065,0.0854290191450385,0.0696522621421746,0.0229729589757815,0.0116118134763254,-0.260712708922101,,0.0145833333333333,0.0162,0.0129666666666667,-0.00323333333333333,0.981594597687517,0.0125919493286135,FALSE,0,"XLOC_046091","HLA-DQB1","PB.8445.1","ENST00000399084.5","j","XLOC_046091",TRUE
"isoComp_00152977","geneComp_00022417","TCONS_00247827","XLOC_046091","T_minus","T_plus","HLA-DQB1","unknown","unknown",5.27900916116927,5.14992320175997,5.40809512057857,0.270622519490924,0.208673569949935,0.0704361285392689,,0.0668787007629124,0.106593128213262,0.0271642733125629,0.0135140329412493,0.010003037354151,-1.64949445739498,,0.0129833333333333,0.0210666666666667,0.0049,-0.0161666666666667,0.470312718632173,0.0125919493286135,FALSE,1,"XLOC_046091","HLA-DQB1","PB.8251.4","ENST00000399084.5","m","XLOC_046091",TRUE
"isoComp_00153802","geneComp_00022539","TCONS_00243381","XLOC_046278","T_minus","T_plus","PLA2G7","unknown","unknown",10.1556273581888,8.32640318647519,11.9848515299025,1.2054815403626,1.62726169430158,0.524918340596376,,0.935759441349237,0.77497686464502,1.09654201805345,0.0692150144251238,0.257600150053982,0.49533619508338,,0.0921166666666667,0.0947,0.0895333333333333,-0.00516666666666668,0.964944494114539,0.00861939876725383,FALSE,0,"XLOC_046278","PLA2G7","PB.8546.8","ENST00000274793.12","=","XLOC_046278",TRUE
"isoComp_00153803","geneComp_00022539","TCONS_00247229","XLOC_046278","T_minus","T_plus","PLA2G7","unknown","unknown",10.1556273581888,8.32640318647519,11.9848515299025,1.2054815403626,1.62726169430158,0.524918340596376,,1.23013369519894,0.943377956795276,1.5168894336026,0.166658266399609,0.0586264957905277,0.679475422152288,,0.122816666666667,0.114933333333333,0.1307,0.0157666666666667,0.927812900444187,0.00861939876725383,FALSE,0,"XLOC_046278","PLA2G7","PB.8546.3","ENST00000274793.12","j","XLOC_046278",TRUE
"isoComp_00153806","geneComp_00022539","TCONS_00247238","XLOC_046278","T_minus","T_plus","PLA2G7","unknown","unknown",10.1556273581888,8.32640318647519,11.9848515299025,1.2054815403626,1.62726169430158,0.524918340596376,,2.5706939362367,2.11587324399424,3.02551462847916,0.196831981438903,0.848953897944687,0.513885547522145,,0.256066666666667,0.261533333333333,0.2506,-0.0109333333333334,0.962199781009838,0.00861939876725383,FALSE,0,"XLOC_046278","PLA2G7","PB.8546.16","ENST00000274793.12","c","XLOC_046278",TRUE
"isoComp_00153807","geneComp_00022539","TCONS_00247239","XLOC_046278","T_minus","T_plus","PLA2G7","unknown","unknown",10.1556273581888,8.32640318647519,11.9848515299025,1.2054815403626,1.62726169430158,0.524918340596376,,1.88609814137265,2.93013284126056,0.842063441484743,1.05476900219461,0.199094226490507,-1.78684858318248,,0.203166666666667,0.331033333333333,0.0753,-0.255733333333333,0.00861939876725383,0.00861939876725383,FALSE,0,"XLOC_046278","PLA2G7","PB.8546.20","ENST00000274793.12","c","XLOC_046278",TRUE
"isoComp_00153811","geneComp_00022539","TCONS_00247887","XLOC_046278","T_minus","T_plus","PLA2G7","unknown","unknown",10.1556273581888,8.32640318647519,11.9848515299025,1.2054815403626,1.62726169430158,0.524918340596376,,0.727382479845938,0.544436366431521,0.910328593260354,0.393100973749478,0.339964467978072,0.731127162215986,,0.0774166666666667,0.0806666666666667,0.0741666666666667,-0.00649999999999999,0.907987791787208,0.00861939876725383,FALSE,0,"XLOC_046278","PLA2G7","PB.8365.12","ENST00000274793.12","c","XLOC_046278",TRUE
"isoComp_00153812","geneComp_00022539","TCONS_00247888","XLOC_046278","T_minus","T_plus","PLA2G7","unknown","unknown",10.1556273581888,8.32640318647519,11.9848515299025,1.2054815403626,1.62726169430158,0.524918340596376,,0.746651332932366,0.571194601090943,0.922108064773789,0.0671471137096212,0.220445284716908,0.68147592334182,,0.0718166666666667,0.0692,0.0744333333333333,0.00523333333333334,0.977138612345112,0.00861939876725383,FALSE,0,"XLOC_046278","PLA2G7","PB.8365.13","ENST00000274793.12","j","XLOC_046278",TRUE
"isoComp_00153813","geneComp_00022539","TCONS_00247889","XLOC_046278","T_minus","T_plus","PLA2G7","unknown","unknown",10.1556273581888,8.32640318647519,11.9848515299025,1.2054815403626,1.62726169430158,0.524918340596376,,1.9245382956381,0.26471403431684,3.58436255695936,0.232225355671107,1.29182689226486,3.70973341789515,,0.1611,0.0256666666666667,0.296533333333333,0.270866666666667,0.0326939338918974,0.00861939876725383,FALSE,0,"XLOC_046278","PLA2G7","PB.10806.1","ENST00000274793.12","c","XLOC_046278",TRUE
"isoComp_00154631","geneComp_00022653","TCONS_00244473","XLOC_046547","T_minus","T_plus","BACH2","unknown","unknown",2.08719226294062,1.99862606055554,2.1757584653257,0.558886646114682,0.17185303971786,0.121924979315693,,1.36309012429585,1.4599221103145,1.26625813827721,0.385940829128109,0.0864329804056995,-0.203819549413512,,0.671883333333333,0.759933333333333,0.583833333333333,-0.1761,0.49657504788009,0.0257704052365238,FALSE,0,"XLOC_046547","BACH2","ENST00000257749.9","ENST00000257749.9","=","XLOC_046547",FALSE
"isoComp_00154632","geneComp_00022653","TCONS_00244474","XLOC_046547","T_minus","T_plus","BACH2","unknown","unknown",2.08719226294062,1.99862606055554,2.1757584653257,0.558886646114682,0.17185303971786,0.121924979315693,,0.102918150267246,0.0851756430960832,0.120660657438409,0.0631948928781965,0.061830684866123,0.457160485866746,,0.0471666666666667,0.0334333333333333,0.0609,0.0274666666666667,0.899381581304158,0.0257704052365238,FALSE,0,"XLOC_046547","BACH2","ENST00000406998.7","ENST00000406998.7","=","XLOC_046547",FALSE
"isoComp_00154634","geneComp_00022653","TCONS_00244476","XLOC_046547","T_minus","T_plus","BACH2","unknown","unknown",2.08719226294062,1.99862606055554,2.1757584653257,0.558886646114682,0.17185303971786,0.121924979315693,,0.0404109947088017,0.0197245509269375,0.061097438490666,0.0197245509269375,0.030749953823467,1.25814256898095,,0.0193333333333333,0.00866666666666667,0.03,0.0213333333333333,0.870977843058354,0.0257704052365238,FALSE,0,"XLOC_046547","BACH2","ENST00000695952.1","ENST00000695952.1","=","XLOC_046547",FALSE
"isoComp_00154637","geneComp_00022653","TCONS_00244479","XLOC_046547","T_minus","T_plus","BACH2","unknown","unknown",2.08719226294062,1.99862606055554,2.1757584653257,0.558886646114682,0.17185303971786,0.121924979315693,,0.232468788040038,0.223138054042108,0.241799522037969,0.126076101727146,0.0658459511052218,0.111091036457177,,0.100816666666667,0.0916333333333333,0.11,0.0183666666666667,0.928728609397637,0.0257704052365238,FALSE,0,"XLOC_046547","BACH2","ENST00000695954.1","ENST00000695954.1","=","XLOC_046547",FALSE
"isoComp_00154638","geneComp_00022653","TCONS_00244481","XLOC_046547","T_minus","T_plus","BACH2","unknown","unknown",2.08719226294062,1.99862606055554,2.1757584653257,0.558886646114682,0.17185303971786,0.121924979315693,,0.0793629723260306,0.106617939997158,0.0521080046549036,0.0598653316143457,0.0521080046549036,-0.908938619397787,,0.0329,0.0437333333333333,0.0220666666666667,-0.0216666666666667,0.826548895144436,0.0257704052365238,FALSE,0,"XLOC_046547","BACH2","ENST00000481150.1","ENST00000481150.1","=","XLOC_046547",FALSE
"isoComp_00154639","geneComp_00022653","TCONS_00244482","XLOC_046547","T_minus","T_plus","BACH2","unknown","unknown",2.08719226294062,1.99862606055554,2.1757584653257,0.558886646114682,0.17185303971786,0.121924979315693,,0.14460502469082,0.0150328047011505,0.27417724468049,0.0150328047011505,0.0620852156477189,3.50489919005137,,0.0650666666666667,0.00536666666666667,0.124766666666667,0.1194,0.0257704052365238,0.0257704052365238,,0,"XLOC_046547","BACH2","ENST00000470301.6","ENST00000470301.6","=","XLOC_046547",FALSE
"isoComp_00154640","geneComp_00022653","TCONS_00244484","XLOC_046547","T_minus","T_plus","BACH2","unknown","unknown",2.08719226294062,1.99862606055554,2.1757584653257,0.558886646114682,0.17185303971786,0.121924979315693,,0.0541019715147306,0,0.108203943029461,0,0.0728581952794146,3.56320625641101,,0.0229666666666667,0,0.0459333333333333,0.0459333333333333,0.630406086092638,0.0257704052365238,FALSE,0,"XLOC_046547","BACH2","ENST00000472023.5","ENST00000472023.5","=","XLOC_046547",FALSE
"isoComp_00154641","geneComp_00022653","TCONS_00244485","XLOC_046547","T_minus","T_plus","BACH2","unknown","unknown",2.08719226294062,1.99862606055554,2.1757584653257,0.558886646114682,0.17185303971786,0.121924979315693,,0.0382438101133182,0.0764876202266364,0,0.0410435395429363,0,-3.11249364123689,,0.0263666666666667,0.0527333333333333,0,-0.0527333333333333,0.653778627034898,0.0257704052365238,,0,"XLOC_046547","BACH2","ENST00000494747.2","ENST00000494747.2","=","XLOC_046547",FALSE
"isoComp_00154904","geneComp_00022700","TCONS_00244819","XLOC_046645","T_minus","T_plus","SESN1","unknown","unknown",23.8064700053078,38.959061759588,8.65387825102774,7.1920069393291,0.700013534068431,-2.16924432205272,,1.71888936057163,1.94393972088193,1.49383900026133,0.288243470675016,0.0536077458882939,-0.377735839228442,,0.112566666666667,0.0506333333333333,0.1745,0.123866666666667,3.29829842821131e-10,3.29829842821131e-10,FALSE,0,"XLOC_046645","SESN1","ENST00000436639.7","ENST00000436639.7","=","XLOC_046645",FALSE
"isoComp_00154906","geneComp_00022700","TCONS_00244821","XLOC_046645","T_minus","T_plus","SESN1","unknown","unknown",23.8064700053078,38.959061759588,8.65387825102774,7.1920069393291,0.700013534068431,-2.16924432205272,,7.25677268611912,12.9762154081792,1.537329964059,3.14902535826305,0.244814510690231,-3.06912825966286,,0.251433333333333,0.327566666666667,0.1753,-0.152266666666667,0.000545410978736208,3.29829842821131e-10,FALSE,0,"XLOC_046645","SESN1","ENST00000356644.7","ENST00000356644.7","=","XLOC_046645",FALSE
"isoComp_00154908","geneComp_00022700","TCONS_00244823","XLOC_046645","T_minus","T_plus","SESN1","unknown","unknown",23.8064700053078,38.959061759588,8.65387825102774,7.1920069393291,0.700013534068431,-2.16924432205272,,0.255494606159314,0.402090998253726,0.108898214064902,0.045751478388472,0.108898214064902,-1.79323590467683,,0.0109166666666667,0.0107,0.0111333333333333,0.000433333333333334,0.776781909277712,3.29829842821131e-10,TRUE,0,"XLOC_046645","SESN1","ENST00000368971.2","ENST00000368971.2","=","XLOC_046645",FALSE
"isoComp_00154909","geneComp_00022700","TCONS_00244824","XLOC_046645","T_minus","T_plus","SESN1","unknown","unknown",23.8064700053078,38.959061759588,8.65387825102774,7.1920069393291,0.700013534068431,-2.16924432205272,,0.29781096370097,0.494047675533933,0.101574251868008,0.251181201219345,0.0587755585007564,-2.17555606501013,,0.0112333333333333,0.0113,0.0111666666666667,-0.000133333333333333,0.976729239561001,3.29829842821131e-10,FALSE,0,"XLOC_046645","SESN1","ENST00000523632.1","ENST00000523632.1","=","XLOC_046645",FALSE
"isoComp_00154911","geneComp_00022700","TCONS_00248925","XLOC_046645","T_minus","T_plus","SESN1","unknown","unknown",23.8064700053078,38.959061759588,8.65387825102774,7.1920069393291,0.700013534068431,-2.16924432205272,,6.75970379901139,11.3315562410292,2.18785135699354,3.64091840311693,1.08865309459565,-2.36745289074639,,0.257266666666667,0.278,0.236533333333333,-0.0414666666666667,0.932610778985388,3.29829842821131e-10,FALSE,0,"XLOC_046645","SESN1","PB.14176.1","ENST00000436639.7","c","XLOC_046645",TRUE
"isoComp_00154912","geneComp_00022700","TCONS_00248926","XLOC_046645","T_minus","T_plus","SESN1","unknown","unknown",23.8064700053078,38.959061759588,8.65387825102774,7.1920069393291,0.700013534068431,-2.16924432205272,,5.35753868861033,9.05032456121405,1.66475281600661,1.07389954936898,0.191241870528053,-2.43561455408247,,0.21515,0.239033333333333,0.191266666666667,-0.0477666666666667,0.6712661080203,3.29829842821131e-10,FALSE,0,"XLOC_046645","SESN1","PB.14176.3","ENST00000436639.7","c","XLOC_046645",TRUE
"isoComp_00154913","geneComp_00022700","TCONS_00248927","XLOC_046645","T_minus","T_plus","SESN1","unknown","unknown",23.8064700053078,38.959061759588,8.65387825102774,7.1920069393291,0.700013534068431,-2.16924432205272,,1.92665198414631,2.4105984394362,1.44270552885643,1.21861112974454,1.04776789744985,-0.736621475400718,,0.12995,0.0734333333333333,0.186466666666667,0.113033333333333,0.983356749684,3.29829842821131e-10,FALSE,0,"XLOC_046645","SESN1","PB.14176.4","ENST00000436639.7","c","XLOC_046645",TRUE
"isoComp_00156003","geneComp_00022843","TCONS_00246073","XLOC_046933","T_minus","T_plus","KATNA1","unknown","unknown",16.8790187598782,18.2789341236735,15.4791033960829,1.14685022009463,0.742068984878532,-0.239717362943843,,3.27893610524225,3.9767960072265,2.581076203258,0.254515723311368,0.305683205833527,-0.621678343068377,,0.193983333333333,0.22,0.167966666666667,-0.0520333333333333,0.680210613345043,0.000584024456279468,FALSE,0,"XLOC_046933","KATNA1","ENST00000335647.9","ENST00000335647.9","=","XLOC_046933",FALSE
"isoComp_00156004","geneComp_00022843","TCONS_00246074","XLOC_046933","T_minus","T_plus","KATNA1","unknown","unknown",16.8790187598782,18.2789341236735,15.4791033960829,1.14685022009463,0.742068984878532,-0.239717362943843,,6.1249649292013,4.79588910944091,7.4540407489617,0.304222385194788,0.576844754079117,0.635153502153083,,0.373416666666667,0.2662,0.480633333333333,0.214433333333333,0.000584024456279468,0.000584024456279468,FALSE,0,"XLOC_046933","KATNA1","PB.8588.1","ENST00000367411.7","=","XLOC_046933",TRUE
"isoComp_00156007","geneComp_00022843","TCONS_00246077","XLOC_046933","T_minus","T_plus","KATNA1","unknown","unknown",16.8790187598782,18.2789341236735,15.4791033960829,1.14685022009463,0.742068984878532,-0.239717362943843,,0.22677419091097,0.389524287645413,0.0640240941765278,0.142396408105146,0.0320498336127522,-2.43221637274036,,0.0122666666666667,0.0205,0.00403333333333333,-0.0164666666666667,0.416807947113757,0.000584024456279468,FALSE,0,"XLOC_046933","KATNA1","ENST00000481905.5","ENST00000481905.5","=","XLOC_046933",FALSE
"isoComp_00156009","geneComp_00022843","TCONS_00246079","XLOC_046933","T_minus","T_plus","KATNA1","unknown","unknown",16.8790187598782,18.2789341236735,15.4791033960829,1.14685022009463,0.742068984878532,-0.239717362943843,,1.2801549898526,2.37103451240192,0.189275467303283,0.582954419271948,0.189275467303283,-3.57875251540153,,0.0689333333333333,0.1267,0.0111666666666667,-0.115533333333333,0.0751757126589265,0.000584024456279468,TRUE,0,"XLOC_046933","KATNA1","ENST00000444282.5","ENST00000444282.5","=","XLOC_046933",FALSE
"isoComp_00156012","geneComp_00022843","TCONS_00249089","XLOC_046933","T_minus","T_plus","KATNA1","unknown","unknown",16.8790187598782,18.2789341236735,15.4791033960829,1.14685022009463,0.742068984878532,-0.239717362943843,,4.38930244683386,5.27832732956943,3.5002775640983,1.03412871155317,0.368668884680669,-0.591226365962715,,0.2545,0.283933333333333,0.225066666666667,-0.0588666666666667,0.701945381322132,0.000584024456279468,FALSE,0,"XLOC_046933","KATNA1","PB.14408.1","ENST00000367411.7","c","XLOC_046933",TRUE
"isoComp_00156013","geneComp_00022843","TCONS_00249090","XLOC_046933","T_minus","T_plus","KATNA1","unknown","unknown",16.8790187598782,18.2789341236735,15.4791033960829,1.14685022009463,0.742068984878532,-0.239717362943843,,1.08551647265156,0.96031569513705,1.21071725016607,0.172993483596295,0.275668712093451,0.331202959393598,,0.0665666666666667,0.0539666666666667,0.0791666666666667,0.0252,0.804550715537778,0.000584024456279468,FALSE,0,"XLOC_046933","KATNA1","PB.14408.2","ENST00000367411.7","j","XLOC_046933",TRUE
"isoComp_00156120","geneComp_00022861","TCONS_00246244","XLOC_046969","T_minus","T_plus","IPCEF1","unknown","unknown",21.8332432931555,20.7181685781651,22.9483180081459,6.25244006965915,0.573214798734474,0.147424296095326,,5.73584350584708,8.66877197746867,2.80291503422549,2.86088102316007,0.168306600425759,-1.62542494385535,,0.26705,0.412033333333333,0.122066666666667,-0.289966666666667,1.39332275924064e-30,1.39332275924064e-30,FALSE,0,"XLOC_046969","IPCEF1","ENST00000367220.9","ENST00000367220.9","=","XLOC_046969",FALSE
"isoComp_00156121","geneComp_00022861","TCONS_00246245","XLOC_046969","T_minus","T_plus","IPCEF1","unknown","unknown",21.8332432931555,20.7181685781651,22.9483180081459,6.25244006965915,0.573214798734474,0.147424296095326,,3.28143381086681,5.45231215534796,1.11055546638566,1.70320554957045,0.376953110522216,-2.28529769971848,,0.155383333333333,0.2619,0.0488666666666667,-0.213033333333333,8.88383964232765e-07,1.39332275924064e-30,FALSE,0,"XLOC_046969","IPCEF1","PB.14434.2","ENST00000265198.8","=","XLOC_046969",TRUE
"isoComp_00156130","geneComp_00022861","TCONS_00246256","XLOC_046969","T_minus","T_plus","IPCEF1","unknown","unknown",21.8332432931555,20.7181685781651,22.9483180081459,6.25244006965915,0.573214798734474,0.147424296095326,,0.412148135545129,0.603304186246812,0.220992084843445,0.141549143782239,0.0336035193158617,-1.40875938124056,,0.0205,0.0314,0.0096,-0.0218,0.100216533911517,1.39332275924064e-30,TRUE,0,"XLOC_046969","IPCEF1","ENST00000520261.1","ENST00000520261.1","=","XLOC_046969",FALSE
"isoComp_00156131","geneComp_00022861","TCONS_00246257","XLOC_046969","T_minus","T_plus","CNKSR3","unknown","unknown",21.8332432931555,20.7181685781651,22.9483180081459,6.25244006965915,0.573214798734474,0.147424296095326,,0.513282291690928,0.159397187378475,0.86716739600338,0.0455327577962686,0.0303019001699812,2.37244226777129,,0.0228166666666667,0.00783333333333333,0.0378,0.0299666666666667,0.000106868726219818,1.39332275924064e-30,FALSE,0,"XLOC_046969","CNKSR3","ENST00000607772.6","ENST00000607772.6","=","XLOC_046969",FALSE
"isoComp_00156132","geneComp_00022861","TCONS_00248016","XLOC_046969","T_minus","T_plus","CNKSR3","unknown","unknown",21.8332432931555,20.7181685781651,22.9483180081459,6.25244006965915,0.573214798734474,0.147424296095326,,4.31880648133985,1.61379020642335,7.02382275625635,0.364390739269979,0.618210524555142,2.11494373279926,,0.1934,0.0815,0.3053,0.2238,2.162411640843e-14,1.39332275924064e-30,FALSE,0,"XLOC_046969","CNKSR3","PB.8597.1","ENST00000607772.6","c","XLOC_046969",TRUE
"isoComp_00156133","geneComp_00022861","TCONS_00249101","XLOC_046969","T_minus","T_plus","IPCEF1","unknown","unknown",21.8332432931555,20.7181685781651,22.9483180081459,6.25244006965915,0.573214798734474,0.147424296095326,,0.311959621621361,0.424599781494157,0.199319461748564,0.0751338484880745,0.0682632574398709,-1.05398099489539,,0.0158,0.0230333333333333,0.00856666666666667,-0.0144666666666667,0.43961017658963,1.39332275924064e-30,,0,"XLOC_046969","IPCEF1","PB.14434.15","ENST00000422970.6","j","XLOC_046969",TRUE
"isoComp_00156135","geneComp_00022861","TCONS_00249103","XLOC_046969","T_minus","T_plus","IPCEF1","unknown","unknown",21.8332432931555,20.7181685781651,22.9483180081459,6.25244006965915,0.573214798734474,0.147424296095326,,0.253546523891914,0.257582685069983,0.249510362713844,0.0541551307899741,0.110538551120993,-0.0441926149347575,,0.0119,0.0131333333333333,0.0106666666666667,-0.00246666666666667,0.886463783333977,1.39332275924064e-30,FALSE,0,"XLOC_046969","IPCEF1","PB.14434.17","ENST00000422970.6","j","XLOC_046969",TRUE
"isoComp_00156136","geneComp_00022861","TCONS_00249104","XLOC_046969","T_minus","T_plus","CNKSR3","unknown","unknown",21.8332432931555,20.7181685781651,22.9483180081459,6.25244006965915,0.573214798734474,0.147424296095326,,3.48337409454785,1.36543189289113,5.60131629620457,0.219960871223884,0.473378485591593,2.02845453264639,,0.158566666666667,0.0718333333333333,0.2453,0.173466666666667,4.17374607303467e-06,1.39332275924064e-30,FALSE,0,"XLOC_046969","CNKSR3","PB.14436.1","ENST00000607772.6","c","XLOC_046969",TRUE
"isoComp_00156137","geneComp_00022861","TCONS_00249105","XLOC_046969","T_minus","T_plus","CNKSR3","unknown","unknown",21.8332432931555,20.7181685781651,22.9483180081459,6.25244006965915,0.573214798734474,0.147424296095326,,2.41854492202051,0.530118377672468,4.30697146636856,0.114391710443597,0.307072308057986,2.99867201481178,,0.107066666666667,0.0268333333333333,0.1873,0.160466666666667,1.04073390568977e-26,1.39332275924064e-30,FALSE,0,"XLOC_046969","CNKSR3","PB.14436.2","ENST00000607772.6","c","XLOC_046969",TRUE
"isoComp_00157363","geneComp_00023066","TCONS_00250692","XLOC_047343","T_minus","T_plus","CREB5","unknown","unknown",1.84754853547722,1.29388298266833,2.40121408828611,0.234667284511851,0.246296980647913,0.8869453511571,,0.214387490718496,0,0.428774981436993,0,0.039641391661902,5.45540936177298,,0.0897333333333333,0,0.179466666666667,0.179466666666667,2.91543561034334e-05,2.91543561034334e-05,,0,"XLOC_047343","CREB5","ENST00000478078.1","ENST00000478078.1","=","XLOC_047343",FALSE
"isoComp_00157364","geneComp_00023066","TCONS_00250693","XLOC_047343","T_minus","T_plus","CREB5","unknown","unknown",1.84754853547722,1.29388298266833,2.40121408828611,0.234667284511851,0.246296980647913,0.8869453511571,,0.199085372124296,0.087774892257932,0.310395851990661,0.022381159042309,0.0579775157091193,1.71231952368787,,0.106166666666667,0.0815333333333333,0.1308,0.0492666666666667,0.783815974056975,2.91543561034334e-05,FALSE,0,"XLOC_047343","CREB5","ENST00000482692.1","ENST00000482692.1","=","XLOC_047343",FALSE
"isoComp_00157365","geneComp_00023066","TCONS_00250695","XLOC_047343","T_minus","T_plus","CREB5","unknown","unknown",1.84754853547722,1.29388298266833,2.40121408828611,0.234667284511851,0.246296980647913,0.8869453511571,,0.786018969314291,0.744348415502634,0.827689523125948,0.14013974250973,0.106902284283934,0.151184606247272,,0.467766666666667,0.5926,0.342933333333333,-0.249666666666667,0.265611519188421,2.91543561034334e-05,FALSE,1,"XLOC_047343","CREB5","ENST00000357727.7","ENST00000357727.7","=","XLOC_047343",FALSE
"isoComp_00157366","geneComp_00023066","TCONS_00250698","XLOC_047343","T_minus","T_plus","CREB5","unknown","unknown",1.84754853547722,1.29388298266833,2.40121408828611,0.234667284511851,0.246296980647913,0.8869453511571,,0.105247211193164,0.0610067831449003,0.149487639241427,0.0342130690634411,0.0206899163652114,1.16741586097079,,0.0582833333333333,0.0520333333333333,0.0645333333333333,0.0125,0.912177008396445,2.91543561034334e-05,FALSE,0,"XLOC_047343","CREB5","ENST00000461921.5","ENST00000461921.5","=","XLOC_047343",FALSE
"isoComp_00157367","geneComp_00023066","TCONS_00250699","XLOC_047343","T_minus","T_plus","CREB5","unknown","unknown",1.84754853547722,1.29388298266833,2.40121408828611,0.234667284511851,0.246296980647913,0.8869453511571,,0.0356519869475827,0.0197245509269375,0.0515794229682279,0.0197245509269375,0.0515794229682279,1.05079333446672,,0.0189833333333333,0.0129333333333333,0.0250333333333333,0.0121,0.982492649587576,2.91543561034334e-05,FALSE,0,"XLOC_047343","CREB5","ENST00000426500.5","ENST00000426500.5","=","XLOC_047343",FALSE
"isoComp_00157368","geneComp_00023066","TCONS_00250700","XLOC_047343","T_minus","T_plus","CREB5","unknown","unknown",1.84754853547722,1.29388298266833,2.40121408828611,0.234667284511851,0.246296980647913,0.8869453511571,,0.144580604455261,0.106498244244184,0.182662964666337,0.0666925392593473,0.0309056801300023,0.725771058971745,,0.0746666666666667,0.0697666666666667,0.0795666666666667,0.00979999999999999,0.959949853374053,2.91543561034334e-05,FALSE,1,"XLOC_047343","CREB5","ENST00000396298.6","ENST00000396298.6","=","XLOC_047343",FALSE
"isoComp_00157369","geneComp_00023066","TCONS_00250702","XLOC_047343","T_minus","T_plus","CREB5","unknown","unknown",1.84754853547722,1.29388298266833,2.40121408828611,0.234667284511851,0.246296980647913,0.8869453511571,,0.306804242048625,0.274530096591743,0.339078387505507,0.235237966137923,0.112609677715593,0.294969774255038,,0.164283333333333,0.191133333333333,0.137433333333333,-0.0537,0.967317580179611,2.91543561034334e-05,FALSE,0,"XLOC_047343","CREB5","ENST00000484383.1","ENST00000484383.1","=","XLOC_047343",FALSE
"isoComp_00157370","geneComp_00023066","TCONS_00250704","XLOC_047343","T_minus","T_plus","CREB5","unknown","unknown",1.84754853547722,1.29388298266833,2.40121408828611,0.234667284511851,0.246296980647913,0.8869453511571,,0.047994214813727,0,0.0959884296274541,0,0.0959884296274541,3.40583487448536,,0.0166666666666667,0,0.0333333333333333,0.0333333333333333,0.959529802083381,2.91543561034334e-05,FALSE,0,"XLOC_047343","CREB5","ENST00000498316.3","ENST00000498316.3","=","XLOC_047343",FALSE
"isoComp_00157638","geneComp_00023112","TCONS_00251124","XLOC_047438","T_minus","T_plus","RALA","unknown","unknown",26.9977334833659,23.3501714969329,30.645295469799,1.49259978491124,0.644258611469587,0.39208544437687,,0.41719443502237,0.528949389228747,0.305439480815992,0.181794667897918,0.101069080013118,-0.772786560091002,,0.0163666666666667,0.0228,0.00993333333333333,-0.0128666666666667,0.735025617712236,0.0246286119520382,FALSE,0,"XLOC_047438","RALA","ENST00000468201.1","ENST00000468201.1","=","XLOC_047438",FALSE
"isoComp_00157639","geneComp_00023112","TCONS_00251125","XLOC_047438","T_minus","T_plus","RALA","unknown","unknown",26.9977334833659,23.3501714969329,30.645295469799,1.49259978491124,0.644258611469587,0.39208544437687,,20.5295652820743,17.9556059695436,23.1035245946049,1.07490358932292,0.909592200203498,0.363499676540488,,0.762016666666667,0.7694,0.754633333333333,-0.0147666666666667,0.983456452933615,0.0246286119520382,FALSE,0,"XLOC_047438","RALA","ENST00000005257.7","ENST00000005257.7","=","XLOC_047438",FALSE
"isoComp_00157642","geneComp_00023112","TCONS_00261407","XLOC_047438","T_minus","T_plus","RALA","unknown","unknown",26.9977334833659,23.3501714969329,30.645295469799,1.49259978491124,0.644258611469587,0.39208544437687,,2.40385910575004,3.52710342366033,1.28061478783975,0.82795181614793,0.589781265051761,-1.45450994248938,,0.0949666666666667,0.1489,0.0410333333333333,-0.107866666666667,0.340566980336585,0.0246286119520382,FALSE,0,"XLOC_047438","RALA","PB.8773.5","ENST00000005257.7","c","XLOC_047438",TRUE
"isoComp_00157643","geneComp_00023112","TCONS_00261987","XLOC_047438","T_minus","T_plus","RALA","unknown","unknown",26.9977334833659,23.3501714969329,30.645295469799,1.49259978491124,0.644258611469587,0.39208544437687,,0.394802908234455,0.334587307604967,0.455018508863944,0.122553323634305,0.0756652990281512,0.432418577250691,,0.0144,0.0140333333333333,0.0147666666666667,0.000733333333333334,0.966346713053959,0.0246286119520382,FALSE,0,"XLOC_047438","RALA","PB.14770.2","ENST00000005257.7","j","XLOC_047438",TRUE
"isoComp_00157644","geneComp_00023112","TCONS_00262488","XLOC_047438","T_minus","T_plus","RALA","unknown","unknown",26.9977334833659,23.3501714969329,30.645295469799,1.49259978491124,0.644258611469587,0.39208544437687,,2.38876943182872,0.619188799898607,4.15835006375884,0.297637440933804,0.766641218638381,2.72791154733055,,0.0817166666666667,0.0277333333333333,0.1357,0.107966666666667,0.0246286119520382,0.0246286119520382,FALSE,0,"XLOC_047438","RALA","PB.14770.8","ENST00000005257.7","c","XLOC_047438",TRUE
"isoComp_00157645","geneComp_00023112","TCONS_00263263","XLOC_047438","T_minus","T_plus","RALA","unknown","unknown",26.9977334833659,23.3501714969329,30.645295469799,1.49259978491124,0.644258611469587,0.39208544437687,,0.704984370229373,0.317368275931702,1.09260046452704,0.0923959338633686,0.165473650113188,1.75192368697912,,0.0249,0.0141666666666667,0.0356333333333333,0.0214666666666667,0.27074948162947,0.0246286119520382,FALSE,0,"XLOC_047438","RALA","PB.11446.2","ENST00000005257.7","j","XLOC_047438",TRUE
"isoComp_00158165","geneComp_00023207","TCONS_00251849","XLOC_047702","T_minus","T_plus","TPST1","unknown","unknown",9.98967648392235,13.3540483941462,6.62530457369851,2.88218218567922,0.600124764494272,-1.01012251730522,,0.152830889602251,0.248068721428029,0.0575930577764724,0.0888420860132661,0.0575930577764724,-1.932808308236,,0.0146166666666667,0.019,0.0102333333333333,-0.00876666666666667,0.704994289967254,0.0110369895366476,FALSE,0,"XLOC_047702","TPST1","ENST00000442120.1","ENST00000442120.1","=","XLOC_047702",FALSE
"isoComp_00158166","geneComp_00023207","TCONS_00251850","XLOC_047702","T_minus","T_plus","TPST1","unknown","unknown",9.98967648392235,13.3540483941462,6.62530457369851,2.88218218567922,0.600124764494272,-1.01012251730522,,0.255518495802077,0.291429414363441,0.219607577240713,0.128988527460316,0.068685095047275,-0.392649953271218,,0.0277166666666667,0.0199333333333333,0.0355,0.0155666666666667,0.864497768804982,0.0110369895366476,FALSE,0,"XLOC_047702","TPST1","ENST00000480281.5","ENST00000480281.5","=","XLOC_047702",FALSE
"isoComp_00158167","geneComp_00023207","TCONS_00251851","XLOC_047702","T_minus","T_plus","TPST1","unknown","unknown",9.98967648392235,13.3540483941462,6.62530457369851,2.88218218567922,0.600124764494272,-1.01012251730522,,7.63279980948046,10.6471257532304,4.61847386573054,2.21685471324613,0.462980133930455,-1.20320991196321,,0.74785,0.7994,0.6963,-0.1031,0.0279149154790365,0.0110369895366476,FALSE,0,"XLOC_047702","TPST1","ENST00000304842.6","ENST00000304842.6","=","XLOC_047702",FALSE
"isoComp_00158169","geneComp_00023207","TCONS_00261433","XLOC_047702","T_minus","T_plus","TPST1","unknown","unknown",9.98967648392235,13.3540483941462,6.62530457369851,2.88218218567922,0.600124764494272,-1.01012251730522,,0.645890051028511,0.915715987435915,0.376064114621107,0.0642109574793704,0.0852453027352418,-1.26172917869467,,0.06495,0.0731,0.0568,-0.0163,0.870963612323582,0.0110369895366476,FALSE,1,"XLOC_047702","TPST1","PB.9057.2","ENST00000649664.1","j","XLOC_047702",TRUE
"isoComp_00158170","geneComp_00023207","TCONS_00262524","XLOC_047702","T_minus","T_plus","TPST1","unknown","unknown",9.98967648392235,13.3540483941462,6.62530457369851,2.88218218567922,0.600124764494272,-1.01012251730522,,1.24801568640889,1.14246541448811,1.35356595832967,0.442228834360146,0.251933213056059,0.2426610319029,,0.140516666666667,0.0798,0.201233333333333,0.121433333333333,0.0110369895366476,0.0110369895366476,FALSE,1,"XLOC_047702","TPST1","PB.14880.1","ENST00000649664.1","j","XLOC_047702",TRUE
"isoComp_00160992","geneComp_00023603","TCONS_00255594","XLOC_048605","T_minus","T_plus","PRKAR1B","unknown","unknown",7.85534498453437,7.64688318235411,8.06380678671463,0.443699163232118,0.384353350661891,0.0764918153488069,,3.8474513621508,4.2921399009014,3.40276282340019,0.352428661655271,0.0881365863867152,-0.334114285375737,,0.491783333333333,0.5604,0.423166666666667,-0.137233333333333,0.0248428816297697,0.0101647700830129,FALSE,0,"XLOC_048605","PRKAR1B","ENST00000537384.6","ENST00000537384.6","=","XLOC_048605",FALSE
"isoComp_00160993","geneComp_00023603","TCONS_00255595","XLOC_048605","T_minus","T_plus","PRKAR1B","unknown","unknown",7.85534498453437,7.64688318235411,8.06380678671463,0.443699163232118,0.384353350661891,0.0764918153488069,,0.302314671477929,0.434627013111887,0.170002329843972,0.0819197283847138,0.102479477511816,-1.30458002123906,,0.0389166666666667,0.0570666666666667,0.0207666666666667,-0.0363,0.475985863684112,0.0101647700830129,FALSE,0,"XLOC_048605","PRKAR1B","ENST00000403562.5","ENST00000403562.5","=","XLOC_048605",FALSE
"isoComp_00160994","geneComp_00023603","TCONS_00255597","XLOC_048605","T_minus","T_plus","PRKAR1B","unknown","unknown",7.85534498453437,7.64688318235411,8.06380678671463,0.443699163232118,0.384353350661891,0.0764918153488069,,3.66601452864305,2.86541978206374,4.46660927522236,0.283573855629648,0.285620434783074,0.638633813030727,,0.464266666666667,0.3754,0.553133333333333,0.177733333333333,0.0101647700830129,0.0101647700830129,FALSE,0,"XLOC_048605","PRKAR1B","ENST00000400758.6","ENST00000400758.6","=","XLOC_048605",FALSE
"isoComp_00161325","geneComp_00023659","TCONS_00256059","XLOC_048717","T_minus","T_plus","MEOX2","unknown","unknown",1.3175855654064,1.11547826481986,1.51969286599295,0.0109304334800919,0.104986615634921,0.442703819733052,,1.17753061663189,1.10808155822226,1.24697967504152,0.0181047880064788,0.0781150835830009,0.16893589292712,,0.91025,0.993233333333333,0.827266666666667,-0.165966666666667,0.00631932226601232,0.00631932226601232,TRUE,1,"XLOC_048717","MEOX2","ENST00000262041.6","ENST00000262041.6","=","XLOC_048717",FALSE
"isoComp_00161326","geneComp_00023659","TCONS_00263438","XLOC_048717","T_minus","T_plus","MEOX2","unknown","unknown",1.3175855654064,1.11547826481986,1.51969286599295,0.0109304334800919,0.104986615634921,0.442703819733052,,0.140054948774517,0.00739670659760156,0.272713190951432,0.00739670659760156,0.117380656796833,4.02245308081949,,0.08975,0.00676666666666667,0.172733333333333,0.165966666666667,0.0559793150859673,0.00631932226601232,TRUE,0,"XLOC_048717","MEOX2","PB.11341.1","ENST00000262041.6","j","XLOC_048717",TRUE
"isoComp_00161471","geneComp_00023690","TCONS_00256295","XLOC_048781","T_minus","T_plus","GSDME","unknown","unknown",15.5008667393871,15.2982091689278,15.7035243098465,0.201429979416326,0.489855921077381,0.0377012729606292,,5.66637312433836,6.90680588463285,4.42594036404387,0.996857777017617,0.139077443994308,-0.640865998446661,,0.3677,0.452466666666667,0.282933333333333,-0.169533333333333,0.247465468456019,4.94647877250645e-10,FALSE,0,"XLOC_048781","GSDME","ENST00000645220.1","ENST00000645220.1","=","XLOC_048781",FALSE
"isoComp_00161472","geneComp_00023690","TCONS_00256296","XLOC_048781","T_minus","T_plus","GSDME","unknown","unknown",15.5008667393871,15.2982091689278,15.7035243098465,0.201429979416326,0.489855921077381,0.0377012729606292,,1.59580872853884,0.4321959292099,2.75942152786779,0.11534343056453,0.142074241582422,2.64682701092632,,0.1021,0.0281,0.1761,0.148,4.94647877250645e-10,4.94647877250645e-10,FALSE,0,"XLOC_048781","GSDME","ENST00000342947.9","ENST00000342947.9","=","XLOC_048781",FALSE
"isoComp_00161473","geneComp_00023690","TCONS_00256297","XLOC_048781","T_minus","T_plus","GSDME","unknown","unknown",15.5008667393871,15.2982091689278,15.7035243098465,0.201429979416326,0.489855921077381,0.0377012729606292,,0.262717839248574,0.242598926906173,0.282836751590974,0.0239796855725818,0.0414080342788358,0.213248115799186,,0.0168666666666667,0.0158333333333333,0.0179,0.00206666666666667,0.956524629505371,4.94647877250645e-10,FALSE,0,"XLOC_048781","GSDME","ENST00000479636.1","ENST00000479636.1","=","XLOC_048781",FALSE
"isoComp_00161474","geneComp_00023690","TCONS_00256298","XLOC_048781","T_minus","T_plus","GSDME","unknown","unknown",15.5008667393871,15.2982091689278,15.7035243098465,0.201429979416326,0.489855921077381,0.0377012729606292,,0.611159015151776,0.844043965140618,0.378274065162935,0.463516586192086,0.304202407914941,-1.13723499455078,,0.0388,0.0544666666666667,0.0231333333333333,-0.0313333333333333,0.756034557909293,4.94647877250645e-10,FALSE,0,"XLOC_048781","GSDME","ENST00000409970.6","ENST00000409970.6","=","XLOC_048781",FALSE
"isoComp_00161475","geneComp_00023690","TCONS_00256299","XLOC_048781","T_minus","T_plus","GSDME","unknown","unknown",15.5008667393871,15.2982091689278,15.7035243098465,0.201429979416326,0.489855921077381,0.0377012729606292,,0.239404531330019,0.120974096249181,0.357834966410856,0.0656119181997009,0.0504455234914936,1.48977712181357,,0.0153333333333333,0.00793333333333333,0.0227333333333333,0.0148,0.604720634454333,4.94647877250645e-10,FALSE,0,"XLOC_048781","GSDME","ENST00000419307.6","ENST00000419307.6","=","XLOC_048781",FALSE
"isoComp_00161476","geneComp_00023690","TCONS_00256300","XLOC_048781","T_minus","T_plus","GSDME","unknown","unknown",15.5008667393871,15.2982091689278,15.7035243098465,0.201429979416326,0.489855921077381,0.0377012729606292,,0.159088762844052,0.20684147459482,0.111336051093284,0.0792763185193677,0.0557188643081959,-0.83763245843932,,0.01035,0.0136333333333333,0.00706666666666667,-0.00656666666666667,0.839981145506211,4.94647877250645e-10,FALSE,0,"XLOC_048781","GSDME","ENST00000430096.1","ENST00000430096.1","=","XLOC_048781",FALSE
"isoComp_00161478","geneComp_00023690","TCONS_00256303","XLOC_048781","T_minus","T_plus","GSDME","unknown","unknown",15.5008667393871,15.2982091689278,15.7035243098465,0.201429979416326,0.489855921077381,0.0377012729606292,,0.248000115657149,0.217750261203743,0.278249970110555,0.105466293823504,0.0217951345741707,0.339867749643958,,0.016,0.0143333333333333,0.0176666666666667,0.00333333333333333,0.895983318012647,4.94647877250645e-10,FALSE,0,"XLOC_048781","GSDME","ENST00000414428.2","ENST00000414428.2","=","XLOC_048781",FALSE
"isoComp_00161479","geneComp_00023690","TCONS_00256304","XLOC_048781","T_minus","T_plus","GSDME","unknown","unknown",15.5008667393871,15.2982091689278,15.7035243098465,0.201429979416326,0.489855921077381,0.0377012729606292,,0.218560099273255,0.21410765819856,0.22301254034795,0.0486889561421939,0.0681226074093736,0.0562156510081863,,0.0139666666666667,0.0139333333333333,0.014,6.6666666666668e-05,0.999894199129116,4.94647877250645e-10,FALSE,0,"XLOC_048781","GSDME","ENST00000469133.1","ENST00000469133.1","=","XLOC_048781",FALSE
"isoComp_00161484","geneComp_00023690","TCONS_00262837","XLOC_048781","T_minus","T_plus","GSDME","unknown","unknown",15.5008667393871,15.2982091689278,15.7035243098465,0.201429979416326,0.489855921077381,0.0377012729606292,,2.16800407323277,1.39874116531855,2.937266981147,0.772980879196052,0.529169432454375,1.06497119155597,,0.140066666666667,0.0916666666666667,0.188466666666667,0.0968,0.764186321468076,4.94647877250645e-10,FALSE,0,"XLOC_048781","GSDME","PB.14681.1","ENST00000342947.9","c","XLOC_048781",TRUE
"isoComp_00161485","geneComp_00023690","TCONS_00262838","XLOC_048781","T_minus","T_plus","GSDME","unknown","unknown",15.5008667393871,15.2982091689278,15.7035243098465,0.201429979416326,0.489855921077381,0.0377012729606292,,3.74656707870867,4.07885951201946,3.41427464539788,0.57929876642918,0.540475601853154,-0.255900076214051,,0.24075,0.2658,0.2157,-0.0501,0.794496911255029,4.94647877250645e-10,FALSE,0,"XLOC_048781","GSDME","PB.14681.3","ENST00000342947.9","c","XLOC_048781",TRUE
"isoComp_00161486","geneComp_00023690","TCONS_00263447","XLOC_048781","T_minus","T_plus","GSDME","unknown","unknown",15.5008667393871,15.2982091689278,15.7035243098465,0.201429979416326,0.489855921077381,0.0377012729606292,,0.239351236449707,0.301690150443186,0.177012322456228,0.143703475035998,0.105978511359317,-0.736979231760649,,0.0158166666666667,0.0199333333333333,0.0117,-0.00823333333333333,0.875577095545284,4.94647877250645e-10,TRUE,0,"XLOC_048781","GSDME","PB.11378.2","ENST00000342947.9","j","XLOC_048781",TRUE
"isoComp_00162543","geneComp_00023865","TCONS_00257742","XLOC_049201","T_minus","T_plus","CALN1","unknown","unknown",2.57521414830009,3.62217257815528,1.52825571844489,0.158384929435092,0.0246026915557354,-1.23953739636674,,0.0787425919243856,0.109961277718165,0.047523906130606,0.085391105064368,0.0251510412923937,-1.06033524400895,,0.02995,0.0292,0.0307,0.0015,0.961313359925994,0.00124542103984321,FALSE,0,"XLOC_049201","CALN1","ENST00000329008.9","ENST00000329008.9","=","XLOC_049201",FALSE
"isoComp_00162544","geneComp_00023865","TCONS_00257743","XLOC_049201","T_minus","T_plus","CALN1","unknown","unknown",2.57521414830009,3.62217257815528,1.52825571844489,0.158384929435092,0.0246026915557354,-1.23953739636674,,0.69153797963906,0.689937158163242,0.693138801114877,0.0750406615132197,0.0551436109721617,0.00658410885805544,,0.321016666666667,0.189333333333333,0.4527,0.263366666666667,0.00124542103984321,0.00124542103984321,FALSE,0,"XLOC_049201","CALN1","ENST00000395275.7","ENST00000395275.7","=","XLOC_049201",FALSE
"isoComp_00162545","geneComp_00023865","TCONS_00257744","XLOC_049201","T_minus","T_plus","CALN1","unknown","unknown",2.57521414830009,3.62217257815528,1.52825571844489,0.158384929435092,0.0246026915557354,-1.23953739636674,,0.0191976859254908,0,0.0383953718509816,0,0.0383953718509816,2.27486908620038,,0.0129666666666667,0,0.0259333333333333,0.0259333333333333,0.883650866298144,0.00124542103984321,FALSE,0,"XLOC_049201","CALN1","ENST00000395276.6","ENST00000395276.6","=","XLOC_049201",FALSE
"isoComp_00162546","geneComp_00023865","TCONS_00257745","XLOC_049201","T_minus","T_plus","CALN1","unknown","unknown",2.57521414830009,3.62217257815528,1.52825571844489,0.158384929435092,0.0246026915557354,-1.23953739636674,,0.328641949406514,0.581077376975285,0.0762065218377427,0.0373678140814074,0.0502406288788526,-2.77747807992348,,0.1057,0.161966666666667,0.0494333333333333,-0.112533333333333,0.416865054311672,0.00124542103984321,FALSE,0,"XLOC_049201","CALN1","ENST00000405452.3","ENST00000405452.3","=","XLOC_049201",FALSE
"isoComp_00162547","geneComp_00023865","TCONS_00257746","XLOC_049201","T_minus","T_plus","CALN1","unknown","unknown",2.57521414830009,3.62217257815528,1.52825571844489,0.158384929435092,0.0246026915557354,-1.23953739636674,,0.954980780563721,1.58653937869222,0.323422182435218,0.105568557550505,0.185354682898096,-2.25952614294975,,0.325683333333333,0.441,0.210366666666667,-0.230633333333333,0.425719152327649,0.00124542103984321,FALSE,0,"XLOC_049201","CALN1","ENST00000431984.5","ENST00000431984.5","=","XLOC_049201",FALSE
"isoComp_00162548","geneComp_00023865","TCONS_00263506","XLOC_049201","T_minus","T_plus","CALN1","unknown","unknown",2.57521414830009,3.62217257815528,1.52825571844489,0.158384929435092,0.0246026915557354,-1.23953739636674,,0.502113160840915,0.654657386606364,0.349568935075466,0.124704321628239,0.182797625023953,-0.886342476154558,,0.204683333333333,0.178466666666667,0.2309,0.0524333333333334,0.994562271781732,0.00124542103984321,FALSE,0,"XLOC_049201","CALN1","PB.11555.1","ENST00000395275.7","j","XLOC_049201",TRUE
"isoComp_00163122","geneComp_00023948","TCONS_00258456","XLOC_049353","T_minus","T_plus","CDK6","unknown","unknown",48.7993151086801,33.161178703606,64.4374515137541,6.46133399465314,4.28421641018954,0.958193032598085,,32.1958546931076,25.4256661921311,38.966043194084,3.50603910923977,4.89279700970572,0.615734756487818,,0.691583333333333,0.783233333333333,0.599933333333333,-0.1833,0.0229342444769525,0.0229342444769525,FALSE,0,"XLOC_049353","CDK6","ENST00000265734.8","ENST00000265734.8","=","XLOC_049353",FALSE
"isoComp_00163123","geneComp_00023948","TCONS_00258457","XLOC_049353","T_minus","T_plus","CDK6","unknown","unknown",48.7993151086801,33.161178703606,64.4374515137541,6.46133399465314,4.28421641018954,0.958193032598085,,15.9514137214794,7.30325129486633,24.5995761480924,2.97285518876097,0.815943252488533,1.75063496913369,,0.294983333333333,0.203466666666667,0.3865,0.183033333333333,0.0307333369966517,0.0229342444769525,FALSE,0,"XLOC_049353","CDK6","ENST00000424848.3","ENST00000424848.3","=","XLOC_049353",FALSE
"isoComp_00163150","geneComp_00023954","TCONS_00258488","XLOC_049364","T_minus","T_plus","TFPI2","unknown","unknown",26.8593919729157,2.66632862996122,51.0524553158702,0.530308444839138,4.449893404081,4.2539357283571,,17.2066439617028,1.19011177489774,33.2231761485078,0.306802859743898,3.19652294743612,4.79138349472523,,0.543983333333333,0.437833333333333,0.650133333333333,0.2123,0.00207061808330961,0.00207061808330961,TRUE,1,"XLOC_049364","TFPI2","PB.11657.2","ENST00000222543.11","=","XLOC_049364",TRUE
"isoComp_00163151","geneComp_00023954","TCONS_00258489","XLOC_049364","T_minus","T_plus","TFPI2","unknown","unknown",26.8593919729157,2.66632862996122,51.0524553158702,0.530308444839138,4.449893404081,4.2539357283571,,0.791917148189164,0.0476038815536433,1.53623041482469,0.0476038815536433,0.344390118346307,4.7464454824907,,0.02275,0.0160333333333333,0.0294666666666667,0.0134333333333333,0.753746592379231,0.00207061808330961,FALSE,0,"XLOC_049364","TFPI2","ENST00000451238.1","ENST00000451238.1","=","XLOC_049364",FALSE
"isoComp_00163152","geneComp_00023954","TCONS_00258490","XLOC_049364","T_minus","T_plus","TFPI2","unknown","unknown",26.8593919729157,2.66632862996122,51.0524553158702,0.530308444839138,4.449893404081,4.2539357283571,,0.742709147741276,0.187901915402126,1.29751638008043,0.141877594326591,0.16720121100648,2.7239715393829,,0.0661333333333333,0.106,0.0262666666666667,-0.0797333333333334,0.957947919264838,0.00207061808330961,FALSE,1,"XLOC_049364","TFPI2","ENST00000650573.1","ENST00000650573.1","=","XLOC_049364",FALSE
"isoComp_00163154","geneComp_00023954","TCONS_00258492","XLOC_049364","T_minus","T_plus","TFPI2","unknown","unknown",26.8593919729157,2.66632862996122,51.0524553158702,0.530308444839138,4.449893404081,4.2539357283571,,0.335274661802013,0.231745073878522,0.438804249725504,0.231745073878522,0.438804249725504,0.892599845169711,,0.0384666666666667,0.0682666666666667,0.00866666666666667,-0.0596,0.836710055423341,0.00207061808330961,,0,"XLOC_049364","TFPI2","ENST00000647793.1","ENST00000647793.1","=","XLOC_049364",FALSE
"isoComp_00163156","geneComp_00023954","TCONS_00263532","XLOC_049364","T_minus","T_plus","TFPI2","unknown","unknown",26.8593919729157,2.66632862996122,51.0524553158702,0.530308444839138,4.449893404081,4.2539357283571,,7.20162590253105,1.00896598422918,13.3942858208329,0.239608882162329,1.09900146638491,3.71751655824708,,0.317333333333333,0.371866666666667,0.2628,-0.109066666666667,0.0323631788072344,0.00207061808330961,FALSE,1,"XLOC_049364","TFPI2","PB.11657.4","ENST00000222543.11","c","XLOC_049364",TRUE
"isoComp_00163519","geneComp_00023994","TCONS_00259103","XLOC_049429","T_minus","T_plus","ZCWPW1","unknown","unknown",3.95838339557569,4.60152908286182,3.31523770828956,0.141876612443514,0.144252220702966,-0.471787719365757,,0.904934990964202,1.3461628948134,0.463707087115005,0.0184094687785499,0.0627519122446801,-1.51746331615728,,0.2161,0.2929,0.1393,-0.1536,0.00965283206606402,0.00965283206606402,FALSE,0,"XLOC_049429","ZCWPW1","ENST00000479315.1","ENST00000479315.1","=","XLOC_049429",FALSE
"isoComp_00163520","geneComp_00023994","TCONS_00259104","XLOC_049429","T_minus","T_plus","ZCWPW1","unknown","unknown",3.95838339557569,4.60152908286182,3.31523770828956,0.141876612443514,0.144252220702966,-0.471787719365757,,0.255201332944343,0.212772131979368,0.297630533909319,0.134182826471114,0.089539250228341,0.465629937471271,,0.0684166666666667,0.0470666666666667,0.0897666666666667,0.0427,0.79481327210295,0.00965283206606402,FALSE,0,"XLOC_049429","ZCWPW1","ENST00000398027.6","ENST00000398027.6","=","XLOC_049429",FALSE
"isoComp_00163521","geneComp_00023994","TCONS_00259105","XLOC_049429","T_minus","T_plus","ZCWPW1","unknown","unknown",3.95838339557569,4.60152908286182,3.31523770828956,0.141876612443514,0.144252220702966,-0.471787719365757,,0.0647119093423323,0.0931244139963637,0.0362994046883008,0.0290695884979315,0.0362994046883008,-1.15532037254604,,0.01595,0.0204333333333333,0.0114666666666667,-0.00896666666666666,0.775393799239022,0.00965283206606402,FALSE,0,"XLOC_049429","ZCWPW1","ENST00000490721.5","ENST00000490721.5","=","XLOC_049429",FALSE
"isoComp_00163522","geneComp_00023994","TCONS_00259106","XLOC_049429","T_minus","T_plus","ZCWPW1","unknown","unknown",3.95838339557569,4.60152908286182,3.31523770828956,0.141876612443514,0.144252220702966,-0.471787719365757,,0.578730739651772,0.465281855659379,0.692179623644164,0.213896038418704,0.11457527621105,0.563056805233824,,0.155783333333333,0.0999666666666667,0.2116,0.111633333333333,0.660994768130586,0.00965283206606402,FALSE,0,"XLOC_049429","ZCWPW1","ENST00000684423.1","ENST00000684423.1","=","XLOC_049429",FALSE
"isoComp_00163523","geneComp_00023994","TCONS_00259107","XLOC_049429","T_minus","T_plus","ZCWPW1","unknown","unknown",3.95838339557569,4.60152908286182,3.31523770828956,0.141876612443514,0.144252220702966,-0.471787719365757,,0.34013293222231,0.354323736226732,0.325942128217889,0.198654412086637,0.0445256877197333,-0.117008266352494,,0.0887,0.0797,0.0977,0.018,0.893116890783793,0.00965283206606402,FALSE,0,"XLOC_049429","ZCWPW1","ENST00000490089.1","ENST00000490089.1","=","XLOC_049429",FALSE
"isoComp_00163524","geneComp_00023994","TCONS_00259108","XLOC_049429","T_minus","T_plus","ZCWPW1","unknown","unknown",3.95838339557569,4.60152908286182,3.31523770828956,0.141876612443514,0.144252220702966,-0.471787719365757,,0.807167950107948,1.03515511634776,0.579180783868134,0.157838493477712,0.0799520361060102,-0.826934792546289,,0.200166666666667,0.223866666666667,0.176466666666667,-0.0474,0.818467079215561,0.00965283206606402,FALSE,0,"XLOC_049429","ZCWPW1","ENST00000360951.8","ENST00000360951.8","=","XLOC_049429",FALSE
"isoComp_00163525","geneComp_00023994","TCONS_00259109","XLOC_049429","T_minus","T_plus","ZCWPW1","unknown","unknown",3.95838339557569,4.60152908286182,3.31523770828956,0.141876612443514,0.144252220702966,-0.471787719365757,,0.31124826670044,0.452065039477189,0.170431493923691,0.133637386168424,0.0853677541622866,-1.3566447573522,,0.07385,0.0970333333333333,0.0506666666666667,-0.0463666666666667,0.829335822584217,0.00965283206606402,FALSE,0,"XLOC_049429","ZCWPW1","ENST00000471336.1","ENST00000471336.1","=","XLOC_049429",FALSE
"isoComp_00163526","geneComp_00023994","TCONS_00259110","XLOC_049429","T_minus","T_plus","ZCWPW1","unknown","unknown",3.95838339557569,4.60152908286182,3.31523770828956,0.141876612443514,0.144252220702966,-0.471787719365757,,0.217769238889959,0.246211304507016,0.189327173272901,0.0771152960049504,0.041638261281051,-0.362195732446669,,0.0563833333333333,0.0544,0.0583666666666667,0.00396666666666667,0.989880353006612,0.00965283206606402,FALSE,0,"XLOC_049429","ZCWPW1","ENST00000464510.5","ENST00000464510.5","=","XLOC_049429",FALSE
"isoComp_00163527","geneComp_00023994","TCONS_00259111","XLOC_049429","T_minus","T_plus","ZCWPW1","unknown","unknown",3.95838339557569,4.60152908286182,3.31523770828956,0.141876612443514,0.144252220702966,-0.471787719365757,,0.0828026618249787,0.039449101853875,0.126156221796082,0.039449101853875,0.126156221796082,1.46124668669109,,0.02155,0.0081,0.035,0.0269,0.988424668238572,0.00965283206606402,,0,"XLOC_049429","ZCWPW1","ENST00000472716.1","ENST00000472716.1","=","XLOC_049429",FALSE
"isoComp_00163528","geneComp_00023994","TCONS_00263047","XLOC_049429","T_minus","T_plus","ZCWPW1","unknown","unknown",3.95838339557569,4.60152908286182,3.31523770828956,0.141876612443514,0.144252220702966,-0.471787719365757,,0.17707472015873,0.162793882999845,0.191355557317614,0.057155784910999,0.0530375675337615,0.220693144336548,,0.04665,0.0348666666666667,0.0584333333333333,0.0235666666666667,0.857575803693611,0.00965283206606402,FALSE,0,"XLOC_049429","ZCWPW1","PB.15085.1","ENST00000684423.1","j","XLOC_049429",TRUE
"isoComp_00163529","geneComp_00023994","TCONS_00263048","XLOC_049429","T_minus","T_plus","ZCWPW1","unknown","unknown",3.95838339557569,4.60152908286182,3.31523770828956,0.141876612443514,0.144252220702966,-0.471787719365757,,0.0642286618568097,0.0626366862547938,0.0658206374588256,0.0626366862547938,0.0658206374588257,0.061892198758545,,0.01605,0.0138333333333333,0.0182666666666667,0.00443333333333333,0.996498487103905,0.00965283206606402,FALSE,0,"XLOC_049429","ZCWPW1","PB.15085.2","ENST00000684423.1","j","XLOC_049429",TRUE
"isoComp_00163530","geneComp_00023994","TCONS_00263049","XLOC_049429","T_minus","T_plus","ZCWPW1","unknown","unknown",3.95838339557569,4.60152908286182,3.31523770828956,0.141876612443514,0.144252220702966,-0.471787719365757,,0.144358121111101,0.111509179144567,0.177207063077635,0.0662670274487137,0.0921203415798731,0.623569563763093,,0.0382,0.0234,0.053,0.0296,0.933838420099386,0.00965283206606402,FALSE,0,"XLOC_049429","ZCWPW1","PB.15085.3","ENST00000684423.1","j","XLOC_049429",TRUE
"isoComp_00163829","geneComp_00024038","TCONS_00259480","XLOC_049503","T_minus","T_plus","ATXN7L1","unknown","unknown",4.77960513538728,2.85636146893766,6.70284880183691,0.421702568615922,0.577617592402714,1.22770459259123,,1.69959914891191,1.02285634336186,2.37634195446196,0.0588416558102275,0.186437854113465,1.20816118262065,,0.364383333333333,0.371666666666667,0.3571,-0.0145666666666666,0.987751356121868,0.00910314622574393,FALSE,0,"XLOC_049503","ATXN7L1","ENST00000419735.8","ENST00000419735.8","=","XLOC_049503",FALSE
"isoComp_00163830","geneComp_00024038","TCONS_00259481","XLOC_049503","T_minus","T_plus","ATXN7L1","unknown","unknown",4.77960513538728,2.85636146893766,6.70284880183691,0.421702568615922,0.577617592402714,1.22770459259123,,0.980452908371706,0.380613691161801,1.58029212558161,0.12765117095233,0.123123209132346,2.02547738063294,,0.181666666666667,0.126733333333333,0.2366,0.109866666666667,0.298053822423635,0.00910314622574393,FALSE,0,"XLOC_049503","ATXN7L1","ENST00000477775.5","ENST00000477775.5","=","XLOC_049503",FALSE
"isoComp_00163831","geneComp_00024038","TCONS_00259482","XLOC_049503","T_minus","T_plus","ATXN7L1","unknown","unknown",4.77960513538728,2.85636146893766,6.70284880183691,0.421702568615922,0.577617592402714,1.22770459259123,,0.373600676828728,0.192809343607385,0.55439201005007,0.0681805298476227,0.088934199963016,1.47657344410381,,0.0722666666666667,0.0625333333333333,0.082,0.0194666666666667,0.909049687617228,0.00910314622574393,FALSE,0,"XLOC_049503","ATXN7L1","ENST00000484475.5","ENST00000484475.5","=","XLOC_049503",FALSE
"isoComp_00163832","geneComp_00024038","TCONS_00259483","XLOC_049503","T_minus","T_plus","ATXN7L1","unknown","unknown",4.77960513538728,2.85636146893766,6.70284880183691,0.421702568615922,0.577617592402714,1.22770459259123,,0.168352602766544,0.10491528082345,0.231789924709638,0.0544577180225378,0.084779436706674,1.07318347664769,,0.0354666666666667,0.0376,0.0333333333333333,-0.00426666666666667,1,0.00910314622574393,FALSE,0,"XLOC_049503","ATXN7L1","ENST00000474433.5","ENST00000474433.5","=","XLOC_049503",FALSE
"isoComp_00163833","geneComp_00024038","TCONS_00259485","XLOC_049503","T_minus","T_plus","ATXN7L1","unknown","unknown",4.77960513538728,2.85636146893766,6.70284880183691,0.421702568615922,0.577617592402714,1.22770459259123,,0.0704612923014489,0.039449101853875,0.101473482749023,0.039449101853875,0.101473482749023,1.17268434084811,,0.0127833333333333,0.0124333333333333,0.0131333333333333,0.000699999999999999,0.972078263711556,0.00910314622574393,FALSE,0,"XLOC_049503","ATXN7L1","ENST00000472910.5","ENST00000472910.5","=","XLOC_049503",FALSE
"isoComp_00163834","geneComp_00024038","TCONS_00259486","XLOC_049503","T_minus","T_plus","ATXN7L1","unknown","unknown",4.77960513538728,2.85636146893766,6.70284880183691,0.421702568615922,0.577617592402714,1.22770459259123,,0.342588513888474,0.066849649468686,0.618327378308261,0.0432939553221797,0.123978993286257,3.03140585992753,,0.0566666666666667,0.0207333333333333,0.0926,0.0718666666666667,0.264121218609502,0.00910314622574393,FALSE,0,"XLOC_049503","ATXN7L1","ENST00000485652.1","ENST00000485652.1","=","XLOC_049503",FALSE
"isoComp_00163835","geneComp_00024038","TCONS_00259487","XLOC_049503","T_minus","T_plus","ATXN7L1","unknown","unknown",4.77960513538728,2.85636146893766,6.70284880183691,0.421702568615922,0.577617592402714,1.22770459259123,,0.50575493467935,0.558469450206234,0.453040419152466,0.0738117837373035,0.0131860207870404,-0.295944687209941,,0.133366666666667,0.1978,0.0689333333333333,-0.128866666666667,0.00910314622574393,0.00910314622574393,FALSE,0,"XLOC_049503","ATXN7L1","PB.15136.1","ENST00000318724.8","=","XLOC_049503",TRUE
"isoComp_00163836","geneComp_00024038","TCONS_00259488","XLOC_049503","T_minus","T_plus","ATXN7L1","unknown","unknown",4.77960513538728,2.85636146893766,6.70284880183691,0.421702568615922,0.577617592402714,1.22770459259123,,0.0446918379645601,0.0619584103212762,0.027425265607844,0.0363106647332152,0.027425265607844,-0.943150760298406,,0.01135,0.0191333333333333,0.00356666666666667,-0.0155666666666667,0.726024506438316,0.00910314622574393,FALSE,0,"XLOC_049503","ATXN7L1","ENST00000478915.1","ENST00000478915.1","=","XLOC_049503",FALSE
"isoComp_00163838","geneComp_00024038","TCONS_00259490","XLOC_049503","T_minus","T_plus","ATXN7L1","unknown","unknown",4.77960513538728,2.85636146893766,6.70284880183691,0.421702568615922,0.577617592402714,1.22770459259123,,0.446284647412161,0.361311258574133,0.531258036250189,0.0190546809482991,0.181478948151014,0.543687480214929,,0.10445,0.130833333333333,0.0780666666666667,-0.0527666666666667,0.695932023424933,0.00910314622574393,FALSE,0,"XLOC_049503","ATXN7L1","ENST00000464874.1","ENST00000464874.1","=","XLOC_049503",FALSE
"isoComp_00163839","geneComp_00024038","TCONS_00261834","XLOC_049503","T_minus","T_plus","ATXN7L1","unknown","unknown",4.77960513538728,2.85636146893766,6.70284880183691,0.421702568615922,0.577617592402714,1.22770459259123,,0.108801558987704,0.034757355628088,0.182845762347321,0.0178473472692648,0.0721335354765992,2.10725073802422,,0.0188166666666667,0.0106666666666667,0.0269666666666667,0.0163,0.83922424443933,0.00910314622574393,FALSE,0,"XLOC_049503","ATXN7L1","PB.9215.1","ENST00000419735.8","j","XLOC_049503",TRUE
"isoComp_00164306","geneComp_00024116","TCONS_00260238","XLOC_049684","T_minus","T_plus","ENSG00000226380","unknown","unknown",3.84320836665429,2.80983953034033,4.87657720296826,0.313901888398374,0.398076098274768,0.793211219971814,,0.307276157406954,0.0713079430359393,0.543244371777969,0.00571255855277719,0.0698250685025622,2.76644866709581,,0.0692,0.0259666666666667,0.112433333333333,0.0864666666666667,0.0267639348924817,1.89050117261677e-05,FALSE,0,"XLOC_049684","ENSG00000226380","ENST00000432045.6","ENST00000432045.6","=","XLOC_049684",FALSE
"isoComp_00164307","geneComp_00024116","TCONS_00260240","XLOC_049684","T_minus","T_plus","ENSG00000285106","unknown","unknown",3.84320836665429,2.80983953034033,4.87657720296826,0.313901888398374,0.398076098274768,0.793211219971814,,0.0536926023986806,0.0788642439708391,0.028520960826522,0.0170151174082385,0.028520960826522,-1.20595935439258,,0.0166666666666667,0.0281666666666667,0.00516666666666667,-0.023,0.532784380099381,1.89050117261677e-05,TRUE,1,"XLOC_049684","ENSG00000285106","ENST00000643779.1","ENST00000643779.1","=","XLOC_049684",FALSE
"isoComp_00164309","geneComp_00024116","TCONS_00260243","XLOC_049684","T_minus","T_plus","ENSG00000226380","unknown","unknown",3.84320836665429,2.80983953034033,4.87657720296826,0.313901888398374,0.398076098274768,0.793211219971814,,0.225476187853933,0.0181060002849015,0.432846375422964,0.00920722199274194,0.060916617004673,3.97785624478582,,0.04685,0.00583333333333333,0.0878666666666667,0.0820333333333333,0.000729522715246472,1.89050117261677e-05,FALSE,1,"XLOC_049684","ENSG00000226380","PB.11851.2","ENST00000418546.1","=","XLOC_049684",TRUE
"isoComp_00164310","geneComp_00024116","TCONS_00260245","XLOC_049684","T_minus","T_plus","LINC-PINT","unknown","unknown",3.84320836665429,2.80983953034033,4.87657720296826,0.313901888398374,0.398076098274768,0.793211219971814,,0.0421561262715898,0.0253134641713167,0.0589987883718629,0.00637583042294372,0.00975536169331094,0.966352675017018,,0.0106,0.0092,0.012,0.0028,0.93917829394839,1.89050117261677e-05,FALSE,0,"XLOC_049684","LINC-PINT","ENST00000647388.1","ENST00000647388.1","=","XLOC_049684",FALSE
"isoComp_00164311","geneComp_00024116","TCONS_00260246","XLOC_049684","T_minus","T_plus","LINC-PINT","unknown","unknown",3.84320836665429,2.80983953034033,4.87657720296826,0.313901888398374,0.398076098274768,0.793211219971814,,0.0717515378868795,0,0.143503075773759,0,0.119671849748112,3.94019565835964,,0.0131666666666667,0,0.0263333333333333,0.0263333333333333,0.708814095476309,1.89050117261677e-05,FALSE,0,"XLOC_049684","LINC-PINT","ENST00000423414.5","ENST00000423414.5","=","XLOC_049684",FALSE
"isoComp_00164312","geneComp_00024116","TCONS_00260248","XLOC_049684","T_minus","T_plus","LINC-PINT","unknown","unknown",3.84320836665429,2.80983953034033,4.87657720296826,0.313901888398374,0.398076098274768,0.793211219971814,,0.142066887823372,0.203654522105509,0.0804792535412342,0.140650514580478,0.0432327543625728,-1.23962092053207,,0.0411833333333333,0.0668,0.0155666666666667,-0.0512333333333333,0.876626439745309,1.89050117261677e-05,FALSE,1,"XLOC_049684","LINC-PINT","ENST00000642156.1","ENST00000642156.1","=","XLOC_049684",FALSE
"isoComp_00164314","geneComp_00024116","TCONS_00260250","XLOC_049684","T_minus","T_plus","LINC-PINT","unknown","unknown",3.84320836665429,2.80983953034033,4.87657720296826,0.313901888398374,0.398076098274768,0.793211219971814,,0.0467767591991065,0.0664064536780931,0.0271470647201199,0.0109398780630092,0.0271470647201199,-1.04044628411809,,0.0156833333333333,0.0248333333333333,0.00653333333333333,-0.0183,0.607862028951459,1.89050117261677e-05,TRUE,2,"XLOC_049684","LINC-PINT","ENST00000451786.5","ENST00000451786.5","=","XLOC_049684",FALSE
"isoComp_00164315","geneComp_00024116","TCONS_00260251","XLOC_049684","T_minus","T_plus","LINC-PINT","unknown","unknown",3.84320836665429,2.80983953034033,4.87657720296826,0.313901888398374,0.398076098274768,0.793211219971814,,0.34719506092274,0.421410572686523,0.272979549158958,0.181082678920679,0.093401440107955,-0.60836373970116,,0.102283333333333,0.150066666666667,0.0545,-0.0955666666666667,0.65774910819339,1.89050117261677e-05,FALSE,0,"XLOC_049684","LINC-PINT","ENST00000443623.5","ENST00000443623.5","=","XLOC_049684",FALSE
"isoComp_00164316","geneComp_00024116","TCONS_00260252","XLOC_049684","T_minus","T_plus","LINC-PINT","unknown","unknown",3.84320836665429,2.80983953034033,4.87657720296826,0.313901888398374,0.398076098274768,0.793211219971814,,0.153381872404594,0.169324698437134,0.137439046372055,0.0740686981062293,0.0342771931950571,-0.282455559816354,,0.0423666666666667,0.0565,0.0282333333333333,-0.0282666666666667,0.855956567325237,1.89050117261677e-05,TRUE,2,"XLOC_049684","LINC-PINT","ENST00000646587.1","ENST00000646587.1","=","XLOC_049684",FALSE
"isoComp_00164317","geneComp_00024116","TCONS_00260253","XLOC_049684","T_minus","T_plus","LINC-PINT","unknown","unknown",3.84320836665429,2.80983953034033,4.87657720296826,0.313901888398374,0.398076098274768,0.793211219971814,,0.289210077945401,0.467117190538309,0.111302965352492,0.0541552168876113,0.111302965352492,-1.97572884880194,,0.0977,0.168533333333333,0.0268666666666667,-0.141666666666667,0.232727833830585,1.89050117261677e-05,FALSE,1,"XLOC_049684","LINC-PINT","ENST00000645248.1","ENST00000645248.1","=","XLOC_049684",FALSE
"isoComp_00164318","geneComp_00024116","TCONS_00260254","XLOC_049684","T_minus","T_plus","LINC-PINT","unknown","unknown",3.84320836665429,2.80983953034033,4.87657720296826,0.313901888398374,0.398076098274768,0.793211219971814,,0.392658703521615,0.333392554590072,0.451924852453158,0.079878342168216,0.114212561707889,0.427799408786419,,0.104433333333333,0.1174,0.0914666666666667,-0.0259333333333333,0.885817303591586,1.89050117261677e-05,FALSE,1,"XLOC_049684","LINC-PINT","ENST00000642602.1","ENST00000642602.1","=","XLOC_049684",FALSE
"isoComp_00164320","geneComp_00024116","TCONS_00260256","XLOC_049684","T_minus","T_plus","LINC-PINT","unknown","unknown",3.84320836665429,2.80983953034033,4.87657720296826,0.313901888398374,0.398076098274768,0.793211219971814,,0.0498923430955659,0.039449101853875,0.0603355843372568,0.039449101853875,0.0603355843372568,0.508310448027601,,0.01505,0.0179666666666667,0.0121333333333333,-0.00583333333333333,0.988701683403119,1.89050117261677e-05,,1,"XLOC_049684","LINC-PINT","ENST00000643373.1","ENST00000643373.1","=","XLOC_049684",FALSE
"isoComp_00164322","geneComp_00024116","TCONS_00260258","XLOC_049684","T_minus","T_plus","LINC-PINT","unknown","unknown",3.84320836665429,2.80983953034033,4.87657720296826,0.313901888398374,0.398076098274768,0.793211219971814,,0.164583585294646,0.212599130129513,0.116568040459779,0.0475578526471731,0.041190248540851,-0.814534797340898,,0.05175,0.0779,0.0256,-0.0523,0.510281287632446,1.89050117261677e-05,,2,"XLOC_049684","LINC-PINT","ENST00000643135.1","ENST00000643135.1","=","XLOC_049684",FALSE
"isoComp_00164324","geneComp_00024116","TCONS_00260262","XLOC_049684","T_minus","T_plus","LINC-PINT","unknown","unknown",3.84320836665429,2.80983953034033,4.87657720296826,0.313901888398374,0.398076098274768,0.793211219971814,,0.111530675837742,0.137097045012682,0.085964306662803,0.0844333636398235,0.04764494396908,-0.616198455912848,,0.0300166666666667,0.0433666666666667,0.0166666666666667,-0.0267,0.901365509675898,1.89050117261677e-05,FALSE,0,"XLOC_049684","LINC-PINT","ENST00000435523.5","ENST00000435523.5","=","XLOC_049684",FALSE
"isoComp_00164325","geneComp_00024116","TCONS_00260263","XLOC_049684","T_minus","T_plus","LINC-PINT","unknown","unknown",3.84320836665429,2.80983953034033,4.87657720296826,0.313901888398374,0.398076098274768,0.793211219971814,,0.290893200608556,0.224114441198898,0.357671960018213,0.0270869198471972,0.0609821978811411,0.651205226729047,,0.0788166666666667,0.0841,0.0735333333333333,-0.0105666666666667,0.972388941842207,1.89050117261677e-05,TRUE,0,"XLOC_049684","LINC-PINT","ENST00000431189.1","ENST00000431189.1","=","XLOC_049684",FALSE
"isoComp_00164329","geneComp_00024116","TCONS_00262332","XLOC_049684","T_minus","T_plus","ENSG00000285106","unknown","unknown",3.84320836665429,2.80983953034033,4.87657720296826,0.313901888398374,0.398076098274768,0.793211219971814,,0.175997269635877,0.0275601419521093,0.324434397319644,0.0275601419521093,0.0204689878536233,3.15444881890256,,0.0380333333333333,0.0092,0.0668666666666667,0.0576666666666667,0.247538831972268,1.89050117261677e-05,FALSE,0,"XLOC_049684","ENSG00000285106","PB.9060.1","ENST00000644432.1","j","XLOC_049684",TRUE
"isoComp_00164330","geneComp_00024116","TCONS_00262333","XLOC_049684","T_minus","T_plus","ENSG00000285106","unknown","unknown",3.84320836665429,2.80983953034033,4.87657720296826,0.313901888398374,0.398076098274768,0.793211219971814,,0.217977288769003,0,0.435954577538006,0,0.0472900337911285,5.47882486759381,,0.0445,0,0.089,0.089,1.89050117261677e-05,1.89050117261677e-05,,0,"XLOC_049684","ENSG00000285106","PB.9060.2","ENST00000644432.1","j","XLOC_049684",TRUE
"isoComp_00164331","geneComp_00024116","TCONS_00262334","XLOC_049684","T_minus","T_plus","ENSG00000285106","unknown","unknown",3.84320836665429,2.80983953034033,4.87657720296826,0.313901888398374,0.398076098274768,0.793211219971814,,0.0687963863562311,0,0.137592772712462,0,0.0459988259481988,3.88355017247013,,0.0151,0,0.0302,0.0302,0.189068149778217,1.89050117261677e-05,FALSE,0,"XLOC_049684","ENSG00000285106","PB.9060.4","ENST00000644432.1","j","XLOC_049684",TRUE
"isoComp_00164333","geneComp_00024116","TCONS_00263577","XLOC_049684","T_minus","T_plus","ENSG00000285106","unknown","unknown",3.84320836665429,2.80983953034033,4.87657720296826,0.313901888398374,0.398076098274768,0.793211219971814,,0.0759343779213857,0.0655745222546909,0.0862942335880806,0.0381321374442131,0.0634497570032091,0.349549453517091,,0.01975,0.0228666666666667,0.0166333333333333,-0.00623333333333333,0.932332651305784,1.89050117261677e-05,FALSE,0,"XLOC_049684","ENSG00000285106","PB.11851.3","ENST00000644432.1","j","XLOC_049684",TRUE
"isoComp_00164334","geneComp_00024116","TCONS_00263578","XLOC_049684","T_minus","T_plus","ENSG00000285106","unknown","unknown",3.84320836665429,2.80983953034033,4.87657720296826,0.313901888398374,0.398076098274768,0.793211219971814,,0.32121178242378,0.0497103631605894,0.59271320168697,0.0248575832225652,0.073414602488616,3.33541841721176,,0.0704333333333333,0.0196,0.121266666666667,0.101666666666667,0.0389327281759681,1.89050117261677e-05,FALSE,1,"XLOC_049684","ENSG00000285106","PB.11851.5","ENST00000644432.1","j","XLOC_049684",TRUE
"isoComp_00165957","geneComp_00024368","TCONS_00264772","XLOC_050227","T_minus","T_plus","ELP3","unknown","unknown",20.2046141986977,20.1589134507806,20.2503149466148,0.887321655241221,0.351149626610145,0.0065232365125808,,0.312187621831197,0.441204820041816,0.183170423620579,0.291623386659383,0.0917776428972578,-1.22390825992949,,0.0151166666666667,0.0211666666666667,0.00906666666666667,-0.0121,0.959309491060619,0.00210649708901655,FALSE,0,"XLOC_050227","ELP3","ENST00000523760.5","ENST00000523760.5","=","XLOC_050227",FALSE
"isoComp_00165958","geneComp_00024368","TCONS_00264773","XLOC_050227","T_minus","T_plus","ELP3","unknown","unknown",20.2046141986977,20.1589134507806,20.2503149466148,0.887321655241221,0.351149626610145,0.0065232365125808,,1.13915866393302,1.29481899781731,0.983498330048724,0.402145487331714,0.230189319504874,-0.393260244978481,,0.05565,0.0631333333333333,0.0481666666666667,-0.0149666666666667,0.914925135951968,0.00210649708901655,FALSE,0,"XLOC_050227","ELP3","PB.9458.4","ENST00000524103.5","=","XLOC_050227",TRUE
"isoComp_00165959","geneComp_00024368","TCONS_00264774","XLOC_050227","T_minus","T_plus","ELP3","unknown","unknown",20.2046141986977,20.1589134507806,20.2503149466148,0.887321655241221,0.351149626610145,0.0065232365125808,,5.27187751559227,6.53604473207045,4.00771029911409,0.285205650323264,0.524819161479906,-0.704249920100408,,0.2621,0.325733333333333,0.198466666666667,-0.127266666666667,0.0704243072851893,0.00210649708901655,FALSE,0,"XLOC_050227","ELP3","PB.12110.1","ENST00000256398.13","=","XLOC_050227",TRUE
"isoComp_00165965","geneComp_00024368","TCONS_00273613","XLOC_050227","T_minus","T_plus","ELP3","unknown","unknown",20.2046141986977,20.1589134507806,20.2503149466148,0.887321655241221,0.351149626610145,0.0065232365125808,,5.05278851582316,5.28655407389648,4.81902295774985,0.35208916155219,0.587375442813917,-0.133322728471516,,0.250083333333333,0.261766666666667,0.2384,-0.0233666666666666,0.873747783775529,0.00210649708901655,FALSE,0,"XLOC_050227","ELP3","PB.9458.5","ENST00000521015.5","c","XLOC_050227",TRUE
"isoComp_00165967","geneComp_00024368","TCONS_00274137","XLOC_050227","T_minus","T_plus","ELP3","unknown","unknown",20.2046141986977,20.1589134507806,20.2503149466148,0.887321655241221,0.351149626610145,0.0065232365125808,,3.11897964686966,1.89146615699599,4.34649313674333,0.369412988561913,0.0619566427207484,1.19605500875099,,0.153916666666667,0.0931666666666667,0.214666666666667,0.1215,0.00210649708901655,0.00210649708901655,FALSE,0,"XLOC_050227","ELP3","PB.15575.4","ENST00000521015.5","j","XLOC_050227",TRUE
"isoComp_00165968","geneComp_00024368","TCONS_00274635","XLOC_050227","T_minus","T_plus","ELP3","unknown","unknown",20.2046141986977,20.1589134507806,20.2503149466148,0.887321655241221,0.351149626610145,0.0065232365125808,,2.12379991815272,1.83304673937781,2.41455309692764,0.157199926369025,0.354808636530195,0.395626190680645,,0.105,0.0909,0.1191,0.0282,0.713716987011835,0.00210649708901655,TRUE,0,"XLOC_050227","ELP3","PB.15575.3","ENST00000521015.5","j","XLOC_050227",TRUE
"isoComp_00165970","geneComp_00024368","TCONS_00274637","XLOC_050227","T_minus","T_plus","ELP3","unknown","unknown",20.2046141986977,20.1589134507806,20.2503149466148,0.887321655241221,0.351149626610145,0.0065232365125808,,1.23345313248639,1.39037155875992,1.07653470621286,0.314769294843078,0.317733767245421,-0.366075408374626,,0.0620666666666667,0.0706333333333333,0.0535,-0.0171333333333333,0.888161013048491,0.00210649708901655,FALSE,0,"XLOC_050227","ELP3","PB.15575.12","ENST00000521015.5","c","XLOC_050227",TRUE
"isoComp_00165971","geneComp_00024368","TCONS_00274638","XLOC_050227","T_minus","T_plus","ELP3","unknown","unknown",20.2046141986977,20.1589134507806,20.2503149466148,0.887321655241221,0.351149626610145,0.0065232365125808,,1.12081193480791,0.556022702473367,1.68560116714246,0.0566745336770104,0.91443791927493,1.58286504051295,,0.0549833333333333,0.0279333333333333,0.0820333333333333,0.0541,0.958368553789872,0.00210649708901655,FALSE,0,"XLOC_050227","ELP3","PB.15575.15","ENST00000521015.5","c","XLOC_050227",TRUE
"isoComp_00167195","geneComp_00024547","TCONS_00266586","XLOC_050633","T_minus","T_plus","ZBTB10","unknown","unknown",26.3364282039946,8.83879178577465,43.8340646222146,1.02704404498837,6.20250062889177,2.30882916331479,,2.44150673699038,0.401046166396144,4.48196730758462,0.156934043618757,0.878985690619334,3.44997508435999,,0.0739,0.0470666666666667,0.100733333333333,0.0536666666666667,0.315569671797565,0.017537364587222,FALSE,1,"XLOC_050633","ZBTB10","ENST00000379091.8","ENST00000379091.8","=","XLOC_050633",FALSE
"isoComp_00167196","geneComp_00024547","TCONS_00266587","XLOC_050633","T_minus","T_plus","ZBTB10","unknown","unknown",26.3364282039946,8.83879178577465,43.8340646222146,1.02704404498837,6.20250062889177,2.30882916331479,,0.359493209686416,0.135063896500001,0.583922522872831,0.0767106463221734,0.117263990618776,2.03358623773024,,0.0135333333333333,0.0138,0.0132666666666667,-0.000533333333333334,0.997883321547107,0.017537364587222,FALSE,2,"XLOC_050633","ZBTB10","ENST00000430430.5","ENST00000430430.5","=","XLOC_050633",FALSE
"isoComp_00167197","geneComp_00024547","TCONS_00266588","XLOC_050633","T_minus","T_plus","ZBTB10","unknown","unknown",26.3364282039946,8.83879178577465,43.8340646222146,1.02704404498837,6.20250062889177,2.30882916331479,,0.846465973178843,0.181755472431142,1.51117647392654,0.0954812821631544,0.0804050173088033,2.98784787603813,,0.0284333333333333,0.0209333333333333,0.0359333333333333,0.015,0.765304061537501,0.017537364587222,FALSE,1,"XLOC_050633","ZBTB10","ENST00000426744.5","ENST00000426744.5","=","XLOC_050633",FALSE
"isoComp_00167198","geneComp_00024547","TCONS_00266589","XLOC_050633","T_minus","T_plus","ZBTB10","unknown","unknown",26.3364282039946,8.83879178577465,43.8340646222146,1.02704404498837,6.20250062889177,2.30882916331479,,2.27597750930712,1.0319843529163,3.51997066569793,0.220635119568474,0.692196272063902,1.76032258127499,,0.10035,0.1217,0.079,-0.0427,0.696599079895596,0.017537364587222,FALSE,2,"XLOC_050633","ZBTB10","ENST00000455036.8","ENST00000455036.8","=","XLOC_050633",FALSE
"isoComp_00167199","geneComp_00024547","TCONS_00266590","XLOC_050633","T_minus","T_plus","ZBTB10","unknown","unknown",26.3364282039946,8.83879178577465,43.8340646222146,1.02704404498837,6.20250062889177,2.30882916331479,,6.87795661418536,2.49560217699955,11.2603110513712,0.522263227675347,1.49168745756135,2.16929805691884,,0.267233333333333,0.276666666666667,0.2578,-0.0188666666666666,0.884600199037545,0.017537364587222,FALSE,1,"XLOC_050633","ZBTB10","ENST00000610895.2","ENST00000610895.2","=","XLOC_050633",FALSE
"isoComp_00167200","geneComp_00024547","TCONS_00273687","XLOC_050633","T_minus","T_plus","ZBTB10","unknown","unknown",26.3364282039946,8.83879178577465,43.8340646222146,1.02704404498837,6.20250062889177,2.30882916331479,,5.84268422976679,1.14821434963009,10.5371541099035,0.099494670878268,1.29795729242116,3.18687959432112,,0.188166666666667,0.133733333333333,0.2426,0.108866666666667,0.017537364587222,0.017537364587222,FALSE,1,"XLOC_050633","ZBTB10","PB.15833.6","ENST00000430430.5","c","XLOC_050633",TRUE
"isoComp_00167201","geneComp_00024547","TCONS_00274800","XLOC_050633","T_minus","T_plus","ZBTB10","unknown","unknown",26.3364282039946,8.83879178577465,43.8340646222146,1.02704404498837,6.20250062889177,2.30882916331479,,0.981879588511313,0.113242011919133,1.85051716510349,0.0764693410017483,0.323537047124464,3.91613765609516,,0.0267166666666667,0.0114666666666667,0.0419666666666667,0.0305,0.294621283983134,0.017537364587222,FALSE,1,"XLOC_050633","ZBTB10","PB.15833.1","ENST00000430430.5","j","XLOC_050633",TRUE
"isoComp_00167202","geneComp_00024547","TCONS_00274801","XLOC_050633","T_minus","T_plus","ZBTB10","unknown","unknown",26.3364282039946,8.83879178577465,43.8340646222146,1.02704404498837,6.20250062889177,2.30882916331479,,6.40248079276446,3.07792976579797,9.72703181973096,0.371914153202443,1.39758509281887,1.65684211730537,,0.2867,0.351266666666667,0.222133333333333,-0.129133333333333,0.0526907654313215,0.017537364587222,FALSE,1,"XLOC_050633","ZBTB10","PB.12317.4","ENST00000430430.5","c","XLOC_050633",TRUE
"isoComp_00167203","geneComp_00024547","TCONS_00275483","XLOC_050633","T_minus","T_plus","ZBTB10","unknown","unknown",26.3364282039946,8.83879178577465,43.8340646222146,1.02704404498837,6.20250062889177,2.30882916331479,,0.307983549603931,0.25395359318432,0.362013506023541,0.25395359318432,0.362013506023541,0.495070694148803,,0.01495,0.0233333333333333,0.00656666666666667,-0.0167666666666667,0.922705936764372,0.017537364587222,FALSE,1,"XLOC_050633","ZBTB10","PB.12317.5","ENST00000430430.5","c","XLOC_050633",TRUE
"isoComp_00167290","geneComp_00024567","TCONS_00266714","XLOC_050677","T_minus","T_plus","CPNE3","unknown","unknown",23.0780227990245,23.9532695445083,22.2027760535407,1.58340163230701,0.558885563572299,-0.109435056892587,,15.1605192385838,15.9777628742939,14.3432756028737,1.85734153790301,0.316705039789532,-0.15558806429245,,0.65505,0.662733333333333,0.647366666666667,-0.0153666666666666,0.934058174541106,1.02305615651591e-15,FALSE,0,"XLOC_050677","CPNE3","ENST00000517490.6","ENST00000517490.6","=","XLOC_050677",FALSE
"isoComp_00167291","geneComp_00024567","TCONS_00266715","XLOC_050677","T_minus","T_plus","CPNE3","unknown","unknown",23.0780227990245,23.9532695445083,22.2027760535407,1.58340163230701,0.558885563572299,-0.109435056892587,,0.639776566343911,0.6594477511338,0.620105381554022,0.0652203636741099,0.10008018329073,-0.0873783295336962,,0.0278,0.0278666666666667,0.0277333333333333,-0.000133333333333336,0.999894199129116,1.02305615651591e-15,,0,"XLOC_050677","CPNE3","ENST00000621783.4","ENST00000621783.4","=","XLOC_050677",FALSE
"isoComp_00167292","geneComp_00024567","TCONS_00266716","XLOC_050677","T_minus","T_plus","CPNE3","unknown","unknown",23.0780227990245,23.9532695445083,22.2027760535407,1.58340163230701,0.558885563572299,-0.109435056892587,,0.610987020105044,0.502255287907094,0.719718752302995,0.217538801915802,0.0517542065330933,0.510477556633963,,0.0261666666666667,0.0199333333333333,0.0324,0.0124666666666667,0.727776801095137,1.02305615651591e-15,,0,"XLOC_050677","CPNE3","ENST00000620393.4","ENST00000620393.4","=","XLOC_050677",FALSE
"isoComp_00167293","geneComp_00024567","TCONS_00266718","XLOC_050677","T_minus","T_plus","CPNE3","unknown","unknown",23.0780227990245,23.9532695445083,22.2027760535407,1.58340163230701,0.558885563572299,-0.109435056892587,,1.26517332523363,0,2.53034665046726,0,0.858122687662784,7.98888156739674,,0.05655,0,0.1131,0.1131,1.02305615651591e-15,1.02305615651591e-15,,0,"XLOC_050677","CPNE3","ENST00000622183.1","ENST00000622183.1","=","XLOC_050677",FALSE
"isoComp_00167303","geneComp_00024567","TCONS_00274813","XLOC_050677","T_minus","T_plus","CPNE3","unknown","unknown",23.0780227990245,23.9532695445083,22.2027760535407,1.58340163230701,0.558885563572299,-0.109435056892587,,4.65114221334152,5.93809206486298,3.36419236182005,0.943857104551178,0.542146415234406,-0.817884754033029,,0.202016666666667,0.253233333333333,0.1508,-0.102433333333333,0.379493575815527,1.02305615651591e-15,FALSE,0,"XLOC_050677","CPNE3","PB.15862.9","ENST00000517490.6","c","XLOC_050677",TRUE
"isoComp_00170846","geneComp_00025153","TCONS_00271448","XLOC_051967","T_minus","T_plus","CCNE2","unknown","unknown",30.8633015798346,32.8095532189255,28.9170499407437,2.12794252176793,4.19764397923851,-0.182136398400347,,11.333042531637,9.05870300959324,13.6073820536808,1.62683233987385,1.14614605138831,0.586481232556358,,0.378983333333333,0.2769,0.481066666666667,0.204166666666667,0.0443626055739112,0.0443626055739112,FALSE,0,"XLOC_051967","CCNE2","PB.12370.2","ENST00000308108.9","=","XLOC_051967",TRUE
"isoComp_00170847","geneComp_00025153","TCONS_00271449","XLOC_051967","T_minus","T_plus","CCNE2","unknown","unknown",30.8633015798346,32.8095532189255,28.9170499407437,2.12794252176793,4.19764397923851,-0.182136398400347,,0.559246317313983,0.59618293774025,0.522309696887716,0.163561035922475,0.14776883983347,-0.187487397546716,,0.0176666666666667,0.0178666666666667,0.0174666666666667,-0.000400000000000001,0.999894199129116,0.0443626055739112,FALSE,0,"XLOC_051967","CCNE2","PB.15893.3","ENST00000396133.7","=","XLOC_051967",TRUE
"isoComp_00170852","geneComp_00025153","TCONS_00275190","XLOC_051967","T_minus","T_plus","CCNE2","unknown","unknown",30.8633015798346,32.8095532189255,28.9170499407437,2.12794252176793,4.19764397923851,-0.182136398400347,,2.15713227911669,3.68240312988152,0.631861428351865,1.41528518111322,0.451579549605212,-2.52422630018287,,0.073,0.117866666666667,0.0281333333333333,-0.0897333333333333,0.561615799107081,0.0443626055739112,FALSE,0,"XLOC_051967","CCNE2","PB.15893.6","ENST00000520509.5","j","XLOC_051967",TRUE
"isoComp_00170854","geneComp_00025153","TCONS_00275193","XLOC_051967","T_minus","T_plus","CCNE2","unknown","unknown",30.8633015798346,32.8095532189255,28.9170499407437,2.12794252176793,4.19764397923851,-0.182136398400347,,3.6573319979955,6.19463973769629,1.1200242582947,2.14158576616121,0.717325432785916,-2.45699370165999,,0.110866666666667,0.185,0.0367333333333333,-0.148266666666667,0.239471952935512,0.0443626055739112,FALSE,0,"XLOC_051967","CCNE2","PB.15893.9","ENST00000520509.5","c","XLOC_051967",TRUE
"isoComp_00170856","geneComp_00025153","TCONS_00275196","XLOC_051967","T_minus","T_plus","CCNE2","unknown","unknown",30.8633015798346,32.8095532189255,28.9170499407437,2.12794252176793,4.19764397923851,-0.182136398400347,,6.4628820313971,6.55016054996954,6.37560351282465,0.30553698051159,1.98462476425452,-0.0389081454340682,,0.205083333333333,0.200766666666667,0.2094,0.00863333333333333,0.991825319880826,0.0443626055739112,FALSE,0,"XLOC_051967","CCNE2","PB.15893.15","ENST00000520509.5","c","XLOC_051967",TRUE
"isoComp_00170858","geneComp_00025153","TCONS_00275701","XLOC_051967","T_minus","T_plus","CCNE2","unknown","unknown",30.8633015798346,32.8095532189255,28.9170499407437,2.12794252176793,4.19764397923851,-0.182136398400347,,0.388485457236931,0.0250546745019175,0.751916239971944,0.0250546745019175,0.751916239971944,4.44195366213431,,0.0128,8e-04,0.0248,0.024,0.993301531086783,0.0443626055739112,FALSE,0,"XLOC_051967","CCNE2","PB.12370.6","ENST00000520509.5","c","XLOC_051967",TRUE
"isoComp_00170859","geneComp_00025153","TCONS_00275702","XLOC_051967","T_minus","T_plus","CCNE2","unknown","unknown",30.8633015798346,32.8095532189255,28.9170499407437,2.12794252176793,4.19764397923851,-0.182136398400347,,0.552862948510171,0.338720525453691,0.767005371566652,0.190554906896768,0.271445558742203,1.15585328959119,,0.0173333333333333,0.00973333333333333,0.0249333333333333,0.0152,0.459528774425787,0.0443626055739112,FALSE,0,"XLOC_051967","CCNE2","PB.12370.8","ENST00000520509.5","j","XLOC_051967",TRUE
"isoComp_00170860","geneComp_00025153","TCONS_00275703","XLOC_051967","T_minus","T_plus","CCNE2","unknown","unknown",30.8633015798346,32.8095532189255,28.9170499407437,2.12794252176793,4.19764397923851,-0.182136398400347,,4.17698197913353,4.85011335953731,3.50385059872975,1.4984536242749,0.615678401862934,-0.467937111910527,,0.1337,0.145266666666667,0.122133333333333,-0.0231333333333333,0.959098217459947,0.0443626055739112,FALSE,0,"XLOC_051967","CCNE2","PB.12370.12","ENST00000520509.5","c","XLOC_051967",TRUE
"isoComp_00170861","geneComp_00025153","TCONS_00275704","XLOC_051967","T_minus","T_plus","CCNE2","unknown","unknown",30.8633015798346,32.8095532189255,28.9170499407437,2.12794252176793,4.19764397923851,-0.182136398400347,,0.602207926993149,0.499036482529052,0.705379371457245,0.133197756539891,0.219909320008848,0.490939460022416,,0.01935,0.0151666666666667,0.0235333333333333,0.00836666666666667,0.810875853222063,0.0443626055739112,FALSE,0,"XLOC_051967","CCNE2","PB.12370.15","ENST00000520509.5","j","XLOC_051967",TRUE
"isoComp_00172823","geneComp_00025434","TCONS_00276230","XLOC_052484","T_minus","T_plus","CNTLN","unknown","unknown",9.1474552891785,8.87162637933927,9.42328419901774,0.298036542106672,0.413050418307579,0.0869362496340785,,0.892327601654518,0.964938944858564,0.819716258450472,0.10610815926223,0.22417230237471,-0.232693817196776,,0.09865,0.1098,0.0875,-0.0223,0.877028177849688,0.013781791627434,FALSE,0,"XLOC_052484","CNTLN","ENST00000484374.1","ENST00000484374.1","=","XLOC_052484",FALSE
"isoComp_00172824","geneComp_00025434","TCONS_00276231","XLOC_052484","T_minus","T_plus","CNTLN","unknown","unknown",9.1474552891785,8.87162637933927,9.42328419901774,0.298036542106672,0.413050418307579,0.0869362496340785,,2.91586531224155,2.28642402310803,3.54530660137508,0.106955093449138,0.234984701173065,0.630584926906133,,0.316916666666667,0.258133333333333,0.3757,0.117566666666667,0.013781791627434,0.013781791627434,FALSE,0,"XLOC_052484","CNTLN","ENST00000380641.4","ENST00000380641.4","=","XLOC_052484",FALSE
"isoComp_00172825","geneComp_00025434","TCONS_00276232","XLOC_052484","T_minus","T_plus","CNTLN","unknown","unknown",9.1474552891785,8.87162637933927,9.42328419901774,0.298036542106672,0.413050418307579,0.0869362496340785,,1.08387524104396,1.05300174993281,1.11474873215511,0.0616769030919256,0.187013670055396,0.0814587688141745,,0.11965,0.1192,0.1201,0.000899999999999998,0.996567194811929,0.013781791627434,FALSE,0,"XLOC_052484","CNTLN","ENST00000380647.8","ENST00000380647.8","=","XLOC_052484",FALSE
"isoComp_00172826","geneComp_00025434","TCONS_00276233","XLOC_052484","T_minus","T_plus","CNTLN","unknown","unknown",9.1474552891785,8.87162637933927,9.42328419901774,0.298036542106672,0.413050418307579,0.0869362496340785,,0.116529443831473,0.167599911358162,0.0654589763047844,0.0449395960371535,0.0330288700027305,-1.23486642819097,,0.0127,0.0186666666666667,0.00673333333333333,-0.0119333333333333,0.68719722181439,0.013781791627434,TRUE,0,"XLOC_052484","CNTLN","ENST00000461247.1","ENST00000461247.1","=","XLOC_052484",FALSE
"isoComp_00172827","geneComp_00025434","TCONS_00285123","XLOC_052484","T_minus","T_plus","CNTLN","unknown","unknown",9.1474552891785,8.87162637933927,9.42328419901774,0.298036542106672,0.413050418307579,0.0869362496340785,,0.541676930977984,0.592661184548943,0.490692677407025,0.222256216193878,0.247320447035215,-0.267421792210162,,0.0595666666666667,0.0659666666666667,0.0531666666666667,-0.0128,0.907339925864237,0.013781791627434,FALSE,0,"XLOC_052484","CNTLN","PB.16226.1","ENST00000380647.8","c","XLOC_052484",TRUE
"isoComp_00172828","geneComp_00025434","TCONS_00285829","XLOC_052484","T_minus","T_plus","CNTLN","unknown","unknown",9.1474552891785,8.87162637933927,9.42328419901774,0.298036542106672,0.413050418307579,0.0869362496340785,,0.326354752674824,0.125744012159227,0.526965493190422,0.125744012159227,0.140578200406572,1.98394081950325,,0.03455,0.0137,0.0554,0.0417,0.393348219438168,0.013781791627434,FALSE,0,"XLOC_052484","CNTLN","PB.12645.2","ENST00000380647.8","j","XLOC_052484",TRUE
"isoComp_00172829","geneComp_00025434","TCONS_00285830","XLOC_052484","T_minus","T_plus","CNTLN","unknown","unknown",9.1474552891785,8.87162637933927,9.42328419901774,0.298036542106672,0.413050418307579,0.0869362496340785,,1.45923011911396,1.39079277611539,1.52766746211252,0.0454840810761521,0.204931211339034,0.134499989069762,,0.159183333333333,0.157366666666667,0.161,0.00363333333333335,0.991796872146177,0.013781791627434,FALSE,0,"XLOC_052484","CNTLN","PB.12646.1","ENST00000380647.8","c","XLOC_052484",TRUE
"isoComp_00172830","geneComp_00025434","TCONS_00285831","XLOC_052484","T_minus","T_plus","CNTLN","unknown","unknown",9.1474552891785,8.87162637933927,9.42328419901774,0.298036542106672,0.413050418307579,0.0869362496340785,,1.81159588764023,2.29046377725814,1.33272799802232,0.5072327992621,0.178032534368119,-0.776757658523389,,0.198783333333333,0.257233333333333,0.140333333333333,-0.1169,0.316721762163731,0.013781791627434,FALSE,0,"XLOC_052484","CNTLN","PB.12646.3","ENST00000380647.8","c","XLOC_052484",TRUE
"isoComp_00173493","geneComp_00025574","TCONS_00277172","XLOC_052815","T_minus","T_plus","CBWD3","unknown","unknown",9.55955660195764,8.95718245804361,10.1619307458717,2.0429861495269,0.60323392997032,0.18186688668023,,0.113748346363078,0.145937621114592,0.081559071611563,0.0393670390246657,0.0332916453581102,-0.768194291495127,,0.0129,0.0180666666666667,0.00773333333333333,-0.0103333333333333,0.790133413173275,0.00147964407671385,FALSE,0,"XLOC_052815","CBWD3","ENST00000618921.4","ENST00000618921.4","=","XLOC_052815",FALSE
"isoComp_00173494","geneComp_00025574","TCONS_00277173","XLOC_052815","T_minus","T_plus","CBWD3","unknown","unknown",9.55955660195764,8.95718245804361,10.1619307458717,2.0429861495269,0.60323392997032,0.18186688668023,,1.56941925658142,2.87008257243366,0.268755940729187,1.82485135271766,0.268755940729187,-3.36903571797873,,0.140416666666667,0.257,0.0238333333333333,-0.233166666666667,0.534778348482888,0.00147964407671385,FALSE,0,"XLOC_052815","CBWD3","ENST00000616550.4","ENST00000616550.4","=","XLOC_052815",FALSE
"isoComp_00173497","geneComp_00025574","TCONS_00277177","XLOC_052815","T_minus","T_plus","CBWD3","unknown","unknown",9.55955660195764,8.95718245804361,10.1619307458717,2.0429861495269,0.60323392997032,0.18186688668023,,0.341693279006156,0.309623782739556,0.373762775272755,0.115486557440982,0.124207154395322,0.26384001679175,,0.0407833333333333,0.0448666666666667,0.0367,-0.00816666666666667,0.995017867341057,0.00147964407671385,FALSE,0,"XLOC_052815","CBWD3","ENST00000377349.6","ENST00000377349.6","=","XLOC_052815",FALSE
"isoComp_00173498","geneComp_00025574","TCONS_00277178","XLOC_052815","T_minus","T_plus","CBWD3","unknown","unknown",9.55955660195764,8.95718245804361,10.1619307458717,2.0429861495269,0.60323392997032,0.18186688668023,,0.356351411993687,0.377773844629621,0.334928979357753,0.243442870971621,0.167885356704057,-0.168916154314332,,0.04615,0.0604,0.0319,-0.0285,0.999779088939979,0.00147964407671385,TRUE,0,"XLOC_052815","CBWD3","ENST00000621474.4","ENST00000621474.4","=","XLOC_052815",FALSE
"isoComp_00173500","geneComp_00025574","TCONS_00277181","XLOC_052815","T_minus","T_plus","CBWD3","unknown","unknown",9.55955660195764,8.95718245804361,10.1619307458717,2.0429861495269,0.60323392997032,0.18186688668023,,0.945175025562159,0.518886142829407,1.37146390829491,0.199375795359484,0.119731190681713,1.38516878981944,,0.0959666666666667,0.0565333333333333,0.1354,0.0788666666666667,0.249517342876803,0.00147964407671385,FALSE,1,"XLOC_052815","CBWD3","ENST00000478048.5","ENST00000478048.5","=","XLOC_052815",FALSE
"isoComp_00173506","geneComp_00025574","TCONS_00277188","XLOC_052815","T_minus","T_plus","CBWD3","unknown","unknown",9.55955660195764,8.95718245804361,10.1619307458717,2.0429861495269,0.60323392997032,0.18186688668023,,0.429355988059563,0.273954750322898,0.584757225796228,0.0334231216049409,0.0658836945490585,1.06663984724599,,0.0455,0.0325666666666667,0.0584333333333333,0.0258666666666667,0.554210686249952,0.00147964407671385,FALSE,3,"XLOC_052815","CBWD3","ENST00000469687.2","ENST00000469687.2","=","XLOC_052815",FALSE
"isoComp_00173507","geneComp_00025574","TCONS_00277189","XLOC_052815","T_minus","T_plus","CBWD3","unknown","unknown",9.55955660195764,8.95718245804361,10.1619307458717,2.0429861495269,0.60323392997032,0.18186688668023,,0.22270454916762,0.116724443556566,0.328684654778673,0.0157842311932112,0.046923414300507,1.41824779316445,,0.0230166666666667,0.0136666666666667,0.0323666666666667,0.0187,0.391142551154229,0.00147964407671385,FALSE,0,"XLOC_052815","CBWD3","ENST00000619322.4","ENST00000619322.4","=","XLOC_052815",FALSE
"isoComp_00173508","geneComp_00025574","TCONS_00277190","XLOC_052815","T_minus","T_plus","CBWD3","unknown","unknown",9.55955660195764,8.95718245804361,10.1619307458717,2.0429861495269,0.60323392997032,0.18186688668023,,0.141506610326186,0.0819223527541611,0.201090867898212,0.0422102434741537,0.0199874108278344,1.19937653755015,,0.01395,0.00783333333333333,0.0200666666666667,0.0122333333333333,0.686682536949371,0.00147964407671385,FALSE,2,"XLOC_052815","CBWD3","ENST00000614377.1","ENST00000614377.1","=","XLOC_052815",FALSE
"isoComp_00173511","geneComp_00025574","TCONS_00284756","XLOC_052815","T_minus","T_plus","CBWD3","unknown","unknown",9.55955660195764,8.95718245804361,10.1619307458717,2.0429861495269,0.60323392997032,0.18186688668023,,0.338434845761662,0.343839376078883,0.333030315444442,0.19536217553208,0.168396308609674,-0.044758522666334,,0.0338333333333333,0.0361,0.0315666666666667,-0.00453333333333333,1,0.00147964407671385,FALSE,0,"XLOC_052815","CBWD3","PB.9630.4","ENST00000618921.4","j","XLOC_052815",TRUE
"isoComp_00173512","geneComp_00025574","TCONS_00284757","XLOC_052815","T_minus","T_plus","CBWD3","unknown","unknown",9.55955660195764,8.95718245804361,10.1619307458717,2.0429861495269,0.60323392997032,0.18186688668023,,1.81970762533022,1.83392704264144,1.805488208019,0.37203037613713,0.15566733447769,-0.0224240152428218,,0.201833333333333,0.2243,0.179366666666667,-0.0449333333333333,0.945293289348354,0.00147964407671385,TRUE,0,"XLOC_052815","CBWD3","PB.12763.1","ENST00000618921.4","j","XLOC_052815",TRUE
"isoComp_00173514","geneComp_00025574","TCONS_00285217","XLOC_052815","T_minus","T_plus","CBWD3","unknown","unknown",9.55955660195764,8.95718245804361,10.1619307458717,2.0429861495269,0.60323392997032,0.18186688668023,,1.61153031014299,0.694521565694673,2.52853905459131,0.288844322440097,0.0178634119851993,1.84928268181702,,0.162966666666667,0.0754,0.250533333333333,0.175133333333333,0.00147964407671385,0.00147964407671385,FALSE,0,"XLOC_052815","CBWD3","PB.16394.2","ENST00000618921.4","j","XLOC_052815",TRUE
"isoComp_00173516","geneComp_00025574","TCONS_00285883","XLOC_052815","T_minus","T_plus","CBWD3","unknown","unknown",9.55955660195764,8.95718245804361,10.1619307458717,2.0429861495269,0.60323392997032,0.18186688668023,,1.12522642181657,1.06980517914467,1.18064766448846,0.223935116443435,0.177431219525554,0.140975513570653,,0.126883333333333,0.1366,0.117166666666667,-0.0194333333333333,0.992979615600435,0.00147964407671385,TRUE,0,"XLOC_052815","CBWD3","PB.12763.4","ENST00000618921.4","j","XLOC_052815",TRUE
"isoComp_00174844","geneComp_00025793","TCONS_00278851","XLOC_053277","T_minus","T_plus","ZNF79","unknown","unknown",4.8456229934269,4.65651621169703,5.03472977515677,0.12480098049555,0.0671227975625676,0.112431084735523,,0.918607035103855,0.527790800465605,1.3094232697421,0.00978936909872121,0.142432953244671,1.29479047248564,,0.18715,0.1135,0.2608,0.1473,0.0174783420436851,0.0174783420436851,FALSE,0,"XLOC_053277","ZNF79","ENST00000543471.5","ENST00000543471.5","=","XLOC_053277",FALSE
"isoComp_00174845","geneComp_00025793","TCONS_00278852","XLOC_053277","T_minus","T_plus","ZNF79","unknown","unknown",4.8456229934269,4.65651621169703,5.03472977515677,0.12480098049555,0.0671227975625676,0.112431084735523,,0.769881408642203,0.79509498779476,0.744667829489646,0.102136226654648,0.129524560432278,-0.0933172319460437,,0.1603,0.172166666666667,0.148433333333333,-0.0237333333333333,0.933870631787959,0.0174783420436851,FALSE,0,"XLOC_053277","ZNF79","ENST00000612342.4","ENST00000612342.4","=","XLOC_053277",FALSE
"isoComp_00174846","geneComp_00025793","TCONS_00278854","XLOC_053277","T_minus","T_plus","ZNF79","unknown","unknown",4.8456229934269,4.65651621169703,5.03472977515677,0.12480098049555,0.0671227975625676,0.112431084735523,,0.888944994635297,0.825161122424031,0.952728866846563,0.161279234841104,0.337084510315864,0.205074994742939,,0.1832,0.178833333333333,0.187566666666667,0.00873333333333332,0.99986389392079,0.0174783420436851,FALSE,0,"XLOC_053277","ZNF79","ENST00000342483.5","ENST00000342483.5","=","XLOC_053277",FALSE
"isoComp_00174847","geneComp_00025793","TCONS_00285976","XLOC_053277","T_minus","T_plus","ZNF79","unknown","unknown",4.8456229934269,4.65651621169703,5.03472977515677,0.12480098049555,0.0671227975625676,0.112431084735523,,2.26818955504555,2.50846930101264,2.02790980907846,0.357056430519521,0.0925010196909872,-0.30545694114556,,0.469366666666667,0.535533333333333,0.4032,-0.132333333333333,0.479558744357466,0.0174783420436851,FALSE,0,"XLOC_053277","ZNF79","PB.13015.1","ENST00000543471.5","c","XLOC_053277",TRUE
"isoComp_00176136","geneComp_00025973","TCONS_00280614","XLOC_053601","T_minus","T_plus","HACD4","unknown","unknown",18.921108111756,23.2197357682494,14.6224804552626,1.76450442307882,1.22576415065262,-0.666798392338786,,1.3636758606217,1.6579023589164,1.06944936232701,0.128947217814369,0.0607752206547717,-0.627739266904875,,0.0726333333333333,0.0715666666666667,0.0737,0.00213333333333333,0.989562209856042,0.00137849471185097,FALSE,0,"XLOC_053601","HACD4","ENST00000495827.3","ENST00000495827.3","=","XLOC_053601",FALSE
"isoComp_00176138","geneComp_00025973","TCONS_00284448","XLOC_053601","T_minus","T_plus","HACD4","unknown","unknown",18.921108111756,23.2197357682494,14.6224804552626,1.76450442307882,1.22576415065262,-0.666798392338786,,7.76546389479591,8.20248572980655,7.32844205978527,0.862265439110928,0.73778607673502,-0.16234514499129,,0.4264,0.3523,0.5005,0.1482,0.00137849471185097,0.00137849471185097,FALSE,0,"XLOC_053601","HACD4","PB.16243.4","ENST00000495827.3","j","XLOC_053601",TRUE
"isoComp_00176139","geneComp_00025973","TCONS_00285533","XLOC_053601","T_minus","T_plus","HACD4","unknown","unknown",18.921108111756,23.2197357682494,14.6224804552626,1.76450442307882,1.22576415065262,-0.666798392338786,,2.89023619288076,4.9487684804071,0.831703905354411,0.976773888311587,0.4324273049042,-2.55859715272681,,0.133583333333333,0.213766666666667,0.0534,-0.160366666666667,0.135565838610656,0.00137849471185097,FALSE,0,"XLOC_053601","HACD4","PB.16243.1","ENST00000495827.3","j","XLOC_053601",TRUE
"isoComp_00176140","geneComp_00025973","TCONS_00285534","XLOC_053601","T_minus","T_plus","HACD4","unknown","unknown",18.921108111756,23.2197357682494,14.6224804552626,1.76450442307882,1.22576415065262,-0.666798392338786,,0.996724154925683,0.920995488792646,1.07245282105872,0.3319762971097,0.337581288851179,0.217458063917277,,0.0576,0.0395666666666667,0.0756333333333333,0.0360666666666667,0.743599030139549,0.00137849471185097,FALSE,0,"XLOC_053601","HACD4","PB.16243.6","ENST00000495827.3","j","XLOC_053601",TRUE
"isoComp_00176141","geneComp_00025973","TCONS_00285535","XLOC_053601","T_minus","T_plus","HACD4","unknown","unknown",18.921108111756,23.2197357682494,14.6224804552626,1.76450442307882,1.22576415065262,-0.666798392338786,,5.7990573866797,7.35016071559154,4.24795405776787,0.585567691040678,0.311780306836457,-0.789576885578339,,0.304283333333333,0.316733333333333,0.291833333333333,-0.0249,0.819772709991024,0.00137849471185097,TRUE,0,"XLOC_053601","HACD4","PB.16243.7","ENST00000495827.3","j","XLOC_053601",TRUE
"isoComp_00176198","geneComp_00025989","TCONS_00280759","XLOC_053671","T_minus","T_plus","TOPORS","unknown","unknown",90.6725022835697,14.6429058136274,166.702098753512,0.987184061771396,27.5231606893111,3.50810010987371,,3.45774174055717,2.9641870442353,3.95129643687903,0.404878433037616,0.424885767362945,0.413477286734824,,0.114016666666667,0.2029,0.0251333333333333,-0.177766666666667,3.78720139090672e-12,1.08267617469272e-36,FALSE,0,"XLOC_053671","TOPORS","ENST00000360538.7","ENST00000360538.7","=","XLOC_053671",FALSE
"isoComp_00176203","geneComp_00025989","TCONS_00284893","XLOC_053671","T_minus","T_plus","ENSG00000288684","unknown","unknown",90.6725022835697,14.6429058136274,166.702098753512,0.987184061771396,27.5231606893111,3.50810010987371,,6.99973667436037,0.612380270051956,13.3870930786688,0.250057156741742,2.65145386292853,4.42797985981051,,0.0619666666666667,0.0443333333333333,0.0796,0.0352666666666667,0.578886030560727,1.08267617469272e-36,FALSE,0,"XLOC_053671","ENSG00000288684","PB.12666.9","ENST00000681750.1","c","XLOC_053671",TRUE
"isoComp_00176204","geneComp_00025989","TCONS_00284894","XLOC_053671","T_minus","T_plus","ENSG00000288684","unknown","unknown",90.6725022835697,14.6429058136274,166.702098753512,0.987184061771396,27.5231606893111,3.50810010987371,,13.8969106676396,1.71825141241183,26.0755699228674,0.313147437974783,3.46667510476046,3.91586694420697,,0.137466666666667,0.116966666666667,0.157966666666667,0.041,0.322569487422647,1.08267617469272e-36,FALSE,0,"XLOC_053671","ENSG00000288684","PB.9573.24","ENST00000681750.1","c","XLOC_053671",TRUE
"isoComp_00176207","geneComp_00025989","TCONS_00284897","XLOC_053671","T_minus","T_plus","ENSG00000288684","unknown","unknown",90.6725022835697,14.6429058136274,166.702098753512,0.987184061771396,27.5231606893111,3.50810010987371,,5.15978551992605,0.145514348714421,10.1740566911377,0.145514348714421,1.80691491864547,6.03312084668253,,0.0358833333333333,0.0109666666666667,0.0608,0.0498333333333333,0.124547838058201,1.08267617469272e-36,FALSE,0,"XLOC_053671","ENSG00000288684","PB.9573.28","ENST00000681750.1","c","XLOC_053671",TRUE
"isoComp_00176209","geneComp_00025989","TCONS_00284900","XLOC_053671","T_minus","T_plus","ENSG00000288684","unknown","unknown",90.6725022835697,14.6429058136274,166.702098753512,0.987184061771396,27.5231606893111,3.50810010987371,,1.02512050180538,0.261350299781922,1.78889070382883,0.261350299781922,0.930317914398174,2.72887912700066,,0.0145333333333333,0.0185,0.0105666666666667,-0.00793333333333333,0.872910398469817,1.08267617469272e-36,FALSE,0,"XLOC_053671","ENSG00000288684","PB.9573.34","ENST00000681750.1","c","XLOC_053671",TRUE
"isoComp_00176218","geneComp_00025989","TCONS_00285540","XLOC_053671","T_minus","T_plus","TOPORS","unknown","unknown",90.6725022835697,14.6429058136274,166.702098753512,0.987184061771396,27.5231606893111,3.50810010987371,,5.08800362784329,4.60531776908479,5.57068948660179,0.191788528781886,0.811149341174318,0.274013393840556,,0.17525,0.316233333333333,0.0342666666666667,-0.281966666666667,1.08267617469272e-36,1.08267617469272e-36,FALSE,0,"XLOC_053671","TOPORS","PB.16261.1","ENST00000360538.7","c","XLOC_053671",TRUE
"isoComp_00176221","geneComp_00025989","TCONS_00286048","XLOC_053671","T_minus","T_plus","ENSG00000288684","unknown","unknown",90.6725022835697,14.6429058136274,166.702098753512,0.987184061771396,27.5231606893111,3.50810010987371,,8.92145641388921,0.758045843454735,17.0848669843237,0.35000793127599,1.25356284228519,4.47622696120974,,0.0776,0.0491333333333333,0.106066666666667,0.0569333333333333,0.205965594903558,1.08267617469272e-36,FALSE,0,"XLOC_053671","ENSG00000288684","PB.12666.8","ENST00000681750.1","c","XLOC_053671",TRUE
"isoComp_00176225","geneComp_00025989","TCONS_00286052","XLOC_053671","T_minus","T_plus","ENSG00000288684","unknown","unknown",90.6725022835697,14.6429058136274,166.702098753512,0.987184061771396,27.5231606893111,3.50810010987371,,6.66545477487246,0.176949969299795,13.1539595804451,0.113310035361894,2.71265440195022,6.13779745732101,,0.0453666666666667,0.0126333333333333,0.0781,0.0654666666666667,0.0295272270253998,1.08267617469272e-36,FALSE,0,"XLOC_053671","ENSG00000288684","PB.12666.25","ENST00000681750.1","c","XLOC_053671",TRUE
"isoComp_00176226","geneComp_00025989","TCONS_00286053","XLOC_053671","T_minus","T_plus","ENSG00000288684","unknown","unknown",90.6725022835697,14.6429058136274,166.702098753512,0.987184061771396,27.5231606893111,3.50810010987371,,4.00121946109626,0.333371101381921,7.6690678208106,0.278703811652612,2.22216726027456,4.48309065938259,,0.0324833333333333,0.0207,0.0442666666666667,0.0235666666666667,0.539353353431808,1.08267617469272e-36,FALSE,0,"XLOC_053671","ENSG00000288684","PB.12666.24","ENST00000681750.1","c","XLOC_053671",TRUE
"isoComp_00176228","geneComp_00025989","TCONS_00286055","XLOC_053671","T_minus","T_plus","DDX58","unknown","unknown",90.6725022835697,14.6429058136274,166.702098753512,0.987184061771396,27.5231606893111,3.50810010987371,,26.684236885882,1.95381708314583,51.4146566886181,0.274866026437667,9.07952343097844,4.71072779402463,,0.219716666666667,0.132233333333333,0.3072,0.174966666666667,3.96275488032188e-22,1.08267617469272e-36,TRUE,0,"XLOC_053671","DDX58","PB.12666.37","ENST00000379883.3","c","XLOC_053671",TRUE
"isoComp_00176584","geneComp_00026040","TCONS_00281097","XLOC_053739","T_minus","T_plus","CD72","unknown","unknown",3.7190573653795,6.08451163223189,1.3536030985271,0.726897384117674,0.296113006783548,-2.16008683603638,,0.209906139355911,0.365710307197091,0.0541019715147306,0.186995620754616,0.0364290976397073,-2.55118006122297,,0.0555666666666667,0.0687666666666667,0.0423666666666667,-0.0264,0.986185712802842,0.0440967817837409,FALSE,0,"XLOC_053739","CD72","ENST00000259633.9","ENST00000259633.9","=","XLOC_053739",FALSE
"isoComp_00176585","geneComp_00026040","TCONS_00281098","XLOC_053739","T_minus","T_plus","CD72","unknown","unknown",3.7190573653795,6.08451163223189,1.3536030985271,0.726897384117674,0.296113006783548,-2.16008683603638,,0.238692696324221,0.388984580401351,0.0884008122470909,0.085869184808886,0.00324878276829647,-2.01959086212231,,0.0694,0.0632666666666667,0.0755333333333333,0.0122666666666667,0.989787220306365,0.0440967817837409,FALSE,1,"XLOC_053739","CD72","ENST00000490239.5","ENST00000490239.5","=","XLOC_053739",FALSE
"isoComp_00176586","geneComp_00026040","TCONS_00281100","XLOC_053739","T_minus","T_plus","CD72","unknown","unknown",3.7190573653795,6.08451163223189,1.3536030985271,0.726897384117674,0.296113006783548,-2.16008683603638,,0.483972663866197,0.809978396565567,0.157966931166826,0.261951852732765,0.076732732095104,-2.28740867306611,,0.1156,0.127566666666667,0.103633333333333,-0.0239333333333333,0.929276388765821,0.0440967817837409,,0,"XLOC_053739","CD72","ENST00000477364.5","ENST00000477364.5","=","XLOC_053739",FALSE
"isoComp_00176588","geneComp_00026040","TCONS_00281103","XLOC_053739","T_minus","T_plus","CD72","unknown","unknown",3.7190573653795,6.08451163223189,1.3536030985271,0.726897384117674,0.296113006783548,-2.16008683603638,,0.0901696455407652,0.0993856643268468,0.0809536267546835,0.00610775827076986,0.0660106485938922,-0.266220605075959,,0.0362,0.0167333333333333,0.0556666666666667,0.0389333333333333,0.8976846597499,0.0440967817837409,FALSE,1,"XLOC_053739","CD72","ENST00000470387.5","ENST00000470387.5","=","XLOC_053739",FALSE
"isoComp_00176589","geneComp_00026040","TCONS_00281104","XLOC_053739","T_minus","T_plus","CD72","unknown","unknown",3.7190573653795,6.08451163223189,1.3536030985271,0.726897384117674,0.296113006783548,-2.16008683603638,,0.461414309039343,0.643105334254774,0.279723283823913,0.0413162256597957,0.0518739590128319,-1.17264005903343,,0.164016666666667,0.107666666666667,0.220366666666667,0.1127,0.36224309691541,0.0440967817837409,,0,"XLOC_053739","CD72","ENST00000465754.6","ENST00000465754.6","=","XLOC_053739",FALSE
"isoComp_00176590","geneComp_00026040","TCONS_00281107","XLOC_053739","T_minus","T_plus","SIT1","unknown","unknown",3.7190573653795,6.08451163223189,1.3536030985271,0.726897384117674,0.296113006783548,-2.16008683603638,,0.0835075187465784,0.116166965633443,0.0508480718597134,0.0313445669754807,0.0306343507216632,-1.05205076514808,,0.0311,0.0207666666666667,0.0414333333333333,0.0206666666666667,0.935097765609806,0.0440967817837409,FALSE,0,"XLOC_053739","SIT1","ENST00000259608.8","ENST00000259608.8","=","XLOC_053739",FALSE
"isoComp_00176591","geneComp_00026040","TCONS_00281108","XLOC_053739","T_minus","T_plus","SIT1","unknown","unknown",3.7190573653795,6.08451163223189,1.3536030985271,0.726897384117674,0.296113006783548,-2.16008683603638,,1.18368961458331,2.12349961711432,0.2438796120523,0.163619595201329,0.0725084333115034,-3.07100540332974,,0.2627,0.353533333333333,0.171866666666667,-0.181666666666667,0.0440967817837409,0.0440967817837409,FALSE,0,"XLOC_053739","SIT1","ENST00000486859.5","ENST00000486859.5","=","XLOC_053739",FALSE
"isoComp_00176592","geneComp_00026040","TCONS_00284480","XLOC_053739","T_minus","T_plus","CD72","unknown","unknown",3.7190573653795,6.08451163223189,1.3536030985271,0.726897384117674,0.296113006783548,-2.16008683603638,,0.798354617429598,1.30598411056338,0.290725124295814,0.582837304187334,0.131360213352052,-2.12962476076053,,0.20025,0.1993,0.2012,0.00190000000000001,0.992951052274814,0.0440967817837409,FALSE,0,"XLOC_053739","CD72","PB.9833.1","ENST00000259633.9","c","XLOC_053739",TRUE
"isoComp_00176593","geneComp_00026040","TCONS_00285590","XLOC_053739","T_minus","T_plus","CD72","unknown","unknown",3.7190573653795,6.08451163223189,1.3536030985271,0.726897384117674,0.296113006783548,-2.16008683603638,,0.161833758142998,0.216663851473964,0.107003664812032,0.0744603173634443,0.0635452667670727,-0.954000608407536,,0.0636333333333333,0.0393333333333333,0.0879333333333333,0.0486,0.925545722148398,0.0440967817837409,FALSE,0,"XLOC_053739","CD72","PB.16313.1","ENST00000259633.9","j","XLOC_053739",TRUE
"isoComp_00177943","geneComp_00026326","TCONS_00282944","XLOC_054315","T_minus","T_plus","AKNA","unknown","unknown",20.5915184729563,28.4289657987093,12.7540711472034,0.884862132425075,0.447182015890441,-1.15578044601273,,1.18495243252153,2.35904603915501,0.010858825888048,0.411452050772141,0.010858825888048,-6.82750447241328,,0.04165,0.0825,8e-04,-0.0817,3.10687606711683e-15,3.10687606711683e-15,FALSE,0,"XLOC_054315","AKNA","ENST00000374088.8","ENST00000374088.8","=","XLOC_054315",FALSE
"isoComp_00177944","geneComp_00026326","TCONS_00282945","XLOC_054315","T_minus","T_plus","AKNA","unknown","unknown",20.5915184729563,28.4289657987093,12.7540711472034,0.884862132425075,0.447182015890441,-1.15578044601273,,3.18586708756154,3.39559204286354,2.97614213225955,0.242924579888287,0.111454752929464,-0.18962278891723,,0.176683333333333,0.119133333333333,0.234233333333333,0.1151,9.51499345277109e-06,3.10687606711683e-15,FALSE,0,"XLOC_054315","AKNA","ENST00000307564.8","ENST00000307564.8","=","XLOC_054315",FALSE
"isoComp_00177945","geneComp_00026326","TCONS_00282946","XLOC_054315","T_minus","T_plus","AKNA","unknown","unknown",20.5915184729563,28.4289657987093,12.7540711472034,0.884862132425075,0.447182015890441,-1.15578044601273,,7.76838975154326,11.6150721828767,3.92170732020987,0.994097071320179,0.206504898005003,-1.56401183900377,,0.359566666666667,0.411466666666667,0.307666666666667,-0.1038,0.401415669853524,3.10687606711683e-15,FALSE,0,"XLOC_054315","AKNA","ENST00000374079.8","ENST00000374079.8","=","XLOC_054315",FALSE
"isoComp_00177946","geneComp_00026326","TCONS_00282947","XLOC_054315","T_minus","T_plus","AKNA","unknown","unknown",20.5915184729563,28.4289657987093,12.7540711472034,0.884862132425075,0.447182015890441,-1.15578044601273,,0.275216540715266,0.308876011651307,0.241557069779224,0.0951179832677719,0.010970681684105,-0.342109835057172,,0.0148333333333333,0.0106666666666667,0.019,0.00833333333333333,0.683108976570824,3.10687606711683e-15,FALSE,1,"XLOC_054315","AKNA","ENST00000492875.1","ENST00000492875.1","=","XLOC_054315",FALSE
"isoComp_00177947","geneComp_00026326","TCONS_00282949","XLOC_054315","T_minus","T_plus","AKNA","unknown","unknown",20.5915184729563,28.4289657987093,12.7540711472034,0.884862132425075,0.447182015890441,-1.15578044601273,,7.16731862344671,9.5699164875201,4.76472075937331,0.77193089767786,0.183252408483355,-1.00459671709853,,0.354683333333333,0.3356,0.373766666666667,0.0381666666666667,0.702377454222758,3.10687606711683e-15,FALSE,0,"XLOC_054315","AKNA","ENST00000374075.9","ENST00000374075.9","=","XLOC_054315",FALSE
"isoComp_00177948","geneComp_00026326","TCONS_00282951","XLOC_054315","T_minus","T_plus","AKNA","unknown","unknown",20.5915184729563,28.4289657987093,12.7540711472034,0.884862132425075,0.447182015890441,-1.15578044601273,,0.194622988017552,0.196056695101894,0.19318928093321,0.102790016224522,0.132916854131948,-0.0202170437362556,,0.0105833333333333,0.00666666666666667,0.0145,0.00783333333333333,0.959309491060619,3.10687606711683e-15,TRUE,0,"XLOC_054315","AKNA","ENST00000490767.1","ENST00000490767.1","=","XLOC_054315",FALSE
"isoComp_00177949","geneComp_00026326","TCONS_00282952","XLOC_054315","T_minus","T_plus","AKNA","unknown","unknown",20.5915184729563,28.4289657987093,12.7540711472034,0.884862132425075,0.447182015890441,-1.15578044601273,,0.815151049150489,0.984406339540795,0.645895758760183,0.382903199136484,0.142535367820734,-0.600368947751742,,0.0419833333333333,0.0339,0.0500666666666667,0.0161666666666667,0.81002076789444,3.10687606711683e-15,FALSE,0,"XLOC_054315","AKNA","ENST00000312033.3","ENST00000312033.3","=","XLOC_054315",FALSE
"isoComp_00178921","geneComp_00026478","TCONS_00284089","XLOC_054566","T_minus","T_plus","FUT7","unknown","unknown",82.1466372861015,97.8119542116516,66.4813203605514,7.69237215260328,5.69710125192804,-0.556992259536205,,11.9673197872599,20.5184316074469,3.41620796707294,2.03424258679142,0.281272001164433,-2.58293877912159,,0.130316666666667,0.2092,0.0514333333333333,-0.157766666666667,7.40953831368649e-77,7.40953831368649e-77,FALSE,0,"XLOC_054566","FUT7","ENST00000314412.7","ENST00000314412.7","=","XLOC_054566",FALSE
"isoComp_00178924","geneComp_00026478","TCONS_00284092","XLOC_054566","T_minus","T_plus","NPDC1","unknown","unknown",82.1466372861015,97.8119542116516,66.4813203605514,7.69237215260328,5.69710125192804,-0.556992259536205,,51.1728251016678,55.7494104897675,46.5962397135681,5.07444549102097,2.99367438979986,-0.258692190557081,,0.636783333333333,0.5689,0.704666666666667,0.135766666666667,0.00261046582640783,7.40953831368649e-77,FALSE,0,"XLOC_054566","NPDC1","ENST00000371601.5","ENST00000371601.5","=","XLOC_054566",FALSE
"isoComp_00178925","geneComp_00026478","TCONS_00284093","XLOC_054566","T_minus","T_plus","NPDC1","unknown","unknown",82.1466372861015,97.8119542116516,66.4813203605514,7.69237215260328,5.69710125192804,-0.556992259536205,,10.3942743585042,11.7022958409395,9.08625287606902,0.415065396820005,1.15054668996832,-0.364679633375766,,0.128316666666667,0.120533333333333,0.1361,0.0155666666666667,0.771812443863586,7.40953831368649e-77,FALSE,0,"XLOC_054566","NPDC1","ENST00000371600.7","ENST00000371600.7","=","XLOC_054566",FALSE
"isoComp_00178926","geneComp_00026478","TCONS_00284094","XLOC_054566","T_minus","T_plus","NPDC1","unknown","unknown",82.1466372861015,97.8119542116516,66.4813203605514,7.69237215260328,5.69710125192804,-0.556992259536205,,7.20745804229257,7.94334813618791,6.47156794839724,0.700187044150033,1.99163449323638,-0.295219466388746,,0.0878333333333333,0.0813,0.0943666666666667,0.0130666666666667,0.937225458403063,7.40953831368649e-77,FALSE,0,"XLOC_054566","NPDC1","ENST00000496498.1","ENST00000496498.1","=","XLOC_054566",FALSE
"isoComp_00179790","geneComp_00026630","TCONS_00287330","XLOC_054903","T_minus","T_plus","ZNF674-AS1","unknown","unknown",20.4182898912351,7.8390350684619,32.9975447140082,0.67743519398354,2.20792640972132,2.07220861642719,,1.45870041330121,0.791430406354456,2.12597042024797,0.0979610460337939,0.0190630616394419,1.41424251623751,,0.0842666666666667,0.103433333333333,0.0651,-0.0383333333333333,0.461054522058221,2.50216700932258e-07,FALSE,0,"XLOC_054903","ZNF674-AS1","ENST00000657382.1","ENST00000657382.1","=","XLOC_054903",FALSE
"isoComp_00179791","geneComp_00026630","TCONS_00287332","XLOC_054903","T_minus","T_plus","CHST7","unknown","unknown",20.4182898912351,7.8390350684619,32.9975447140082,0.67743519398354,2.20792640972132,2.07220861642719,,17.5395319021273,5.84635285245708,29.2327109517976,0.608419407286415,1.73536960867777,2.32000267734102,,0.815283333333333,0.743666666666667,0.8869,0.143233333333333,2.50216700932258e-07,2.50216700932258e-07,FALSE,0,"XLOC_054903","CHST7","ENST00000276055.4","ENST00000276055.4","=","XLOC_054903",FALSE
"isoComp_00179792","geneComp_00026630","TCONS_00295269","XLOC_054903","T_minus","T_plus","ZNF674-AS1","unknown","unknown",20.4182898912351,7.8390350684619,32.9975447140082,0.67743519398354,2.20792640972132,2.07220861642719,,1.42005757580651,1.20125180965036,1.63886334196265,0.117004877317653,0.608823689919086,0.444973011875844,,0.100466666666667,0.152933333333333,0.048,-0.104933333333333,0.00953934943895184,2.50216700932258e-07,TRUE,0,"XLOC_054903","ZNF674-AS1","PB.13243.3","ENST00000609887.1","j","XLOC_054903",TRUE
"isoComp_00179798","geneComp_00026632","TCONS_00287335","XLOC_054905","T_minus","T_plus","JADE3","unknown","unknown",2.60288911860712,1.66614608373783,3.53963215347641,0.111148299576474,0.231162509543291,1.08252163469395,,2.02123116842245,1.48890278800127,2.55355954884363,0.07576790168102,0.191009079292962,0.774241590742693,,0.80925,0.895433333333333,0.723066666666667,-0.172366666666667,0.0313898193790103,0.0313898193790103,FALSE,0,"XLOC_054905","JADE3","ENST00000611250.4","ENST00000611250.4","=","XLOC_054905",FALSE
"isoComp_00179799","geneComp_00026632","TCONS_00287336","XLOC_054905","T_minus","T_plus","JADE3","unknown","unknown",2.60288911860712,1.66614608373783,3.53963215347641,0.111148299576474,0.231162509543291,1.08252163469395,,0.581657950184668,0.177243295736556,0.986072604632781,0.0371548549059955,0.169264422348936,2.4113368416921,,0.19075,0.104566666666667,0.276933333333333,0.172366666666667,0.11048213775012,0.0313898193790103,FALSE,0,"XLOC_054905","JADE3","ENST00000614628.5","ENST00000614628.5","=","XLOC_054905",FALSE
"isoComp_00180777","geneComp_00026778","TCONS_00288614","XLOC_055297","T_minus","T_plus","DIAPH2","unknown","unknown",4.74445272840871,4.82983714091464,4.65906831590277,0.360172448671404,0.317238545957999,-0.0518238043962995,,1.7091171402215,1.42526059144277,1.99297368900023,0.075844813204055,0.106791356857062,0.480830768124696,,0.362333333333333,0.2961,0.428566666666667,0.132466666666667,0.0286199093113097,0.0110410889298912,FALSE,0,"XLOC_055297","DIAPH2","ENST00000373049.8","ENST00000373049.8","=","XLOC_055297",FALSE
"isoComp_00180778","geneComp_00026778","TCONS_00288615","XLOC_055297","T_minus","T_plus","DIAPH2","unknown","unknown",4.74445272840871,4.82983714091464,4.65906831590277,0.360172448671404,0.317238545957999,-0.0518238043962995,,3.03533558818721,3.40457654947187,2.66609462690254,0.285042840809948,0.210684794257397,-0.351577546555988,,0.637666666666667,0.7039,0.571433333333333,-0.132466666666667,0.0110410889298912,0.0110410889298912,FALSE,0,"XLOC_055297","DIAPH2","ENST00000324765.13","ENST00000324765.13","=","XLOC_055297",FALSE
"isoComp_00180842","geneComp_00026793","TCONS_00288695","XLOC_055325","T_minus","T_plus","ARMCX3","unknown","unknown",20.2033369656914,23.5205664737857,16.8861074575971,0.833753408675019,0.565714669322699,-0.47784513711693,,2.35613335084966,2.65886727073918,2.05339943096014,0.169440539827248,0.0544014355618638,-0.371204434695295,,0.11775,0.1137,0.1218,0.00810000000000001,0.92941955624436,0.000837631134491164,FALSE,0,"XLOC_055325","ARMCX3","ENST00000341189.8","ENST00000341189.8","=","XLOC_055325",FALSE
"isoComp_00180844","geneComp_00026793","TCONS_00288697","XLOC_055325","T_minus","T_plus","ARMCX3","unknown","unknown",20.2033369656914,23.5205664737857,16.8861074575971,0.833753408675019,0.565714669322699,-0.47784513711693,,13.4168542920065,14.6392431568344,12.1944654271786,0.877882118358615,0.16464528038422,-0.26341702629391,,0.672433333333333,0.621766666666667,0.7231,0.101333333333333,0.0306305199260579,0.000837631134491164,FALSE,0,"XLOC_055325","ARMCX3","PB.10347.1","ENST00000471229.7","=","XLOC_055325",TRUE
"isoComp_00180845","geneComp_00026793","TCONS_00288698","XLOC_055325","T_minus","T_plus","ARMCX3","unknown","unknown",20.2033369656914,23.5205664737857,16.8861074575971,0.833753408675019,0.565714669322699,-0.47784513711693,,0.297320275818114,0.511670483777255,0.0829700678589732,0.16138956995501,0.0829700678589732,-2.48830059391085,,0.0134333333333333,0.0218333333333333,0.00503333333333333,-0.0168,0.422930447112025,0.000837631134491164,TRUE,2,"XLOC_055325","ARMCX3","ENST00000477980.6","ENST00000477980.6","=","XLOC_055325",FALSE
"isoComp_00180846","geneComp_00026793","TCONS_00288699","XLOC_055325","T_minus","T_plus","ARMCX3","unknown","unknown",20.2033369656914,23.5205664737857,16.8861074575971,0.833753408675019,0.565714669322699,-0.47784513711693,,0.652546473018393,0.712549448098797,0.592543497937989,0.253316761175535,0.318835406010456,-0.262030928650053,,0.03245,0.0309666666666667,0.0339333333333333,0.00296666666666666,0.99986389392079,0.000837631134491164,FALSE,1,"XLOC_055325","ARMCX3","PB.13396.9","ENST00000467808.5","=","XLOC_055325",TRUE
"isoComp_00180847","geneComp_00026793","TCONS_00288700","XLOC_055325","T_minus","T_plus","ARMCX3","unknown","unknown",20.2033369656914,23.5205664737857,16.8861074575971,0.833753408675019,0.565714669322699,-0.47784513711693,,0.761101336466462,0.535408077436154,0.986794595496769,0.14419655568181,0.0783335214078007,0.86996017968712,,0.04075,0.0231333333333333,0.0583666666666667,0.0352333333333333,0.165913275572305,0.000837631134491164,FALSE,0,"XLOC_055325","ARMCX3","ENST00000537169.1","ENST00000537169.1","=","XLOC_055325",FALSE
"isoComp_00180848","geneComp_00026793","TCONS_00294220","XLOC_055325","T_minus","T_plus","ARMCX3","unknown","unknown",20.2033369656914,23.5205664737857,16.8861074575971,0.833753408675019,0.565714669322699,-0.47784513711693,,1.92775954281623,3.73385422204213,0.121664863590338,0.967716238487802,0.0675477339668488,-4.8295819595286,,0.08225,0.157333333333333,0.00716666666666667,-0.150166666666667,0.000837631134491164,0.000837631134491164,FALSE,0,"XLOC_055325","ARMCX3","PB.10347.8","ENST00000341189.8","c","XLOC_055325",TRUE
"isoComp_00180849","geneComp_00026793","TCONS_00294899","XLOC_055325","T_minus","T_plus","ARMCX3","unknown","unknown",20.2033369656914,23.5205664737857,16.8861074575971,0.833753408675019,0.565714669322699,-0.47784513711693,,0.77790906191214,0.728973814857834,0.826844308966446,0.0813632235499067,0.0340220362527125,0.179435996816157,,0.0401666666666667,0.0312333333333333,0.0491,0.0178666666666667,0.506745946703278,0.000837631134491164,FALSE,2,"XLOC_055325","ARMCX3","PB.17213.3","ENST00000341189.8","m","XLOC_055325",TRUE
"isoComp_00180917","geneComp_00026808","TCONS_00288796","XLOC_055360","T_minus","T_plus","TCEAL9","unknown","unknown",6.40951015377293,8.20829883820918,4.61072146933667,0.26929131036007,0.61597354507036,-0.830721663038665,,1.69800718954515,1.68210565202798,1.71390872706233,0.108873452285386,0.365579917386908,0.0268637419172368,,0.2857,0.204666666666667,0.366733333333333,0.162066666666667,0.102888042735413,0.0392614082025784,FALSE,0,"XLOC_055360","TCEAL9","ENST00000372656.5","ENST00000372656.5","=","XLOC_055360",FALSE
"isoComp_00180918","geneComp_00026808","TCONS_00288797","XLOC_055360","T_minus","T_plus","TCEAL9","unknown","unknown",6.40951015377293,8.20829883820918,4.61072146933667,0.26929131036007,0.61597354507036,-0.830721663038665,,4.6606760573518,6.44878358715208,2.87256852755153,0.206358006345084,0.358700136291897,-1.16390757541484,,0.70665,0.7857,0.6276,-0.1581,0.0392614082025784,0.0392614082025784,FALSE,0,"XLOC_055360","TCEAL9","ENST00000372661.6","ENST00000372661.6","=","XLOC_055360",FALSE
"isoComp_00181648","geneComp_00026974","TCONS_00290007","XLOC_055777","T_minus","T_plus","SLC6A8","unknown","unknown",16.1737588334162,14.2352045448104,18.1123131220219,1.34503849082323,0.611699193540469,0.3472907746764,,7.79598680926464,8.15877488441101,7.43319873411827,0.659493459567852,0.347113750896468,-0.134196969212711,,0.492616666666667,0.5749,0.410333333333333,-0.164566666666667,4.94647877250645e-10,4.94647877250645e-10,FALSE,0,"XLOC_055777","SLC6A8","ENST00000253122.10","ENST00000253122.10","=","XLOC_055777",FALSE
"isoComp_00181650","geneComp_00026974","TCONS_00290009","XLOC_055777","T_minus","T_plus","SLC6A8","unknown","unknown",16.1737588334162,14.2352045448104,18.1123131220219,1.34503849082323,0.611699193540469,0.3472907746764,,6.93500935484046,4.86385566619357,9.00616304348735,0.335591411362034,0.641299032867626,0.887450076786993,,0.419683333333333,0.3434,0.495966666666667,0.152566666666667,2.8312348892291e-05,4.94647877250645e-10,FALSE,0,"XLOC_055777","SLC6A8","ENST00000430077.6","ENST00000430077.6","=","XLOC_055777",FALSE
"isoComp_00181651","geneComp_00026974","TCONS_00290010","XLOC_055777","T_minus","T_plus","SLC6A8","unknown","unknown",16.1737588334162,14.2352045448104,18.1123131220219,1.34503849082323,0.611699193540469,0.3472907746764,,0.312182916556125,0.272873177183112,0.351492655929137,0.0421087111264539,0.0941331338570654,0.353810954850885,,0.0194333333333333,0.0191,0.0197666666666667,0.00066666666666667,0.99757514976197,4.94647877250645e-10,FALSE,0,"XLOC_055777","SLC6A8","ENST00000675713.1","ENST00000675713.1","=","XLOC_055777",FALSE
"isoComp_00181653","geneComp_00026974","TCONS_00290013","XLOC_055777","T_minus","T_plus","SLC6A8","unknown","unknown",16.1737588334162,14.2352045448104,18.1123131220219,1.34503849082323,0.611699193540469,0.3472907746764,,0.175065178164908,0.226121727473744,0.124008628856073,0.0354319124181311,0.0193206621579922,-0.817204902494316,,0.0113833333333333,0.0159666666666667,0.0068,-0.00916666666666667,0.536138120384137,4.94647877250645e-10,TRUE,3,"XLOC_055777","SLC6A8","ENST00000485324.1","ENST00000485324.1","=","XLOC_055777",FALSE
"isoComp_00181655","geneComp_00026974","TCONS_00290015","XLOC_055777","T_minus","T_plus","SLC6A8","unknown","unknown",16.1737588334162,14.2352045448104,18.1123131220219,1.34503849082323,0.611699193540469,0.3472907746764,,0.199056517665047,0.185058386340855,0.213054648989239,0.0409537957195299,0.113355690994563,0.193491190688889,,0.0122166666666667,0.0130666666666667,0.0113666666666667,-0.0017,0.921349901612492,4.94647877250645e-10,TRUE,0,"XLOC_055777","SLC6A8","ENST00000442457.1","ENST00000442457.1","=","XLOC_055777",FALSE
"isoComp_00181656","geneComp_00026974","TCONS_00290016","XLOC_055777","T_minus","T_plus","SLC6A8","unknown","unknown",16.1737588334162,14.2352045448104,18.1123131220219,1.34503849082323,0.611699193540469,0.3472907746764,,0.474741804228221,0.223660943394388,0.725822665062055,0.223660943394388,0.387162131172843,1.654941508691,,0.0275333333333333,0.0136666666666667,0.0414,0.0277333333333333,0.745610275692563,4.94647877250645e-10,,0,"XLOC_055777","SLC6A8","ENST00000457723.1","ENST00000457723.1","=","XLOC_055777",FALSE
"isoComp_00182023","geneComp_00027024","TCONS_00290475","XLOC_055866","T_minus","T_plus","ANOS1","unknown","unknown",9.03862820277396,8.86161481155242,9.2156415939955,0.279785059927995,0.401290419069375,0.0564525185642306,,6.59776770845442,7.02361863853684,6.171916778372,0.30101828262251,0.321750367703334,-0.186212881822182,,0.7308,0.792033333333333,0.669566666666667,-0.122466666666667,0.000604131119424023,0.000604131119424023,FALSE,0,"XLOC_055866","ANOS1","ENST00000262648.8","ENST00000262648.8","=","XLOC_055866",FALSE
"isoComp_00182024","geneComp_00027024","TCONS_00290476","XLOC_055866","T_minus","T_plus","ANOS1","unknown","unknown",9.03862820277396,8.86161481155242,9.2156415939955,0.279785059927995,0.401290419069375,0.0564525185642306,,0.165825264253729,0.201391078236415,0.130259450271042,0.053990540234498,0.0555923314302382,-0.591816510363771,,0.0182833333333333,0.0226333333333333,0.0139333333333333,-0.0087,0.872347161645363,0.000604131119424023,FALSE,0,"XLOC_055866","ANOS1","ENST00000481896.1","ENST00000481896.1","=","XLOC_055866",FALSE
"isoComp_00182025","geneComp_00027024","TCONS_00290477","XLOC_055866","T_minus","T_plus","ANOS1","unknown","unknown",9.03862820277396,8.86161481155242,9.2156415939955,0.279785059927995,0.401290419069375,0.0564525185642306,,0.902611398217354,0.876989896689875,0.928232899744833,0.137840531100568,0.2439352843572,0.0810284192397457,,0.0995666666666667,0.1001,0.0990333333333333,-0.00106666666666667,0.999569409383073,0.000604131119424023,FALSE,0,"XLOC_055866","ANOS1","ENST00000488294.1","ENST00000488294.1","=","XLOC_055866",FALSE
"isoComp_00182027","geneComp_00027024","TCONS_00295386","XLOC_055866","T_minus","T_plus","ANOS1","unknown","unknown",9.03862820277396,8.86161481155242,9.2156415939955,0.279785059927995,0.401290419069375,0.0564525185642306,,1.29463939323067,0.759615198089288,1.82966358837204,0.105085749118429,0.232651540773583,1.25723277642585,,0.1431,0.0852,0.201,0.1158,0.0463351834943361,0.000604131119424023,FALSE,0,"XLOC_055866","ANOS1","PB.13152.2","ENST00000262648.8","j","XLOC_055866",TRUE
"isoComp_00184126","geneComp_00027425","TCONS_00293490","XLOC_056819","T_minus","T_plus","SLITRK4","unknown","unknown",15.0432106558412,6.18720166346964,23.8992196482127,0.655471862597713,0.996118773275577,1.94787822297345,,4.33448543359324,2.57354395686381,6.09542691032268,0.468744376564802,0.161012636104284,1.24074074620202,,0.33265,0.409433333333333,0.255866666666667,-0.153566666666667,0.027522915565882,0.000320447202484232,FALSE,0,"XLOC_056819","SLITRK4","ENST00000596188.2","ENST00000596188.2","=","XLOC_056819",FALSE
"isoComp_00184127","geneComp_00027425","TCONS_00293491","XLOC_056819","T_minus","T_plus","SLITRK4","unknown","unknown",15.0432106558412,6.18720166346964,23.8992196482127,0.655471862597713,0.996118773275577,1.94787822297345,,1.66024469790189,0.555170899463025,2.76531849634076,0.213384245709911,0.340237450825868,2.29589425644045,,0.1055,0.0952,0.1158,0.0206,0.86823846166211,0.000320447202484232,FALSE,0,"XLOC_056819","SLITRK4","ENST00000356928.2","ENST00000356928.2","=","XLOC_056819",FALSE
"isoComp_00184128","geneComp_00027425","TCONS_00293492","XLOC_056819","T_minus","T_plus","SLITRK4","unknown","unknown",15.0432106558412,6.18720166346964,23.8992196482127,0.655471862597713,0.996118773275577,1.94787822297345,,9.04848052434605,3.05848680714281,15.0384742415493,0.293328671248819,0.880037966374687,2.2940179343767,,0.561866666666667,0.495366666666667,0.628366666666667,0.133,0.000320447202484232,0.000320447202484232,FALSE,0,"XLOC_056819","SLITRK4","ENST00000338017.8","ENST00000338017.8","=","XLOC_056819",FALSE
"isoComp_00184420","geneComp_00027469","TCONS_00293931","XLOC_056926","T_minus","T_plus","CH17-340M24.3","unknown","unknown",10.5207895672831,15.3033470478999,5.73823208666633,0.53388108322817,0.351776317344283,-1.41359943071979,,9.41436122957504,13.0904903724838,5.73823208666633,0.174419426925318,0.351776317344283,-1.18843059782885,,0.92915,0.8583,1,0.1417,1.97652813785958e-11,1.97652813785958e-11,FALSE,0,"XLOC_056926","CH17-340M24.3","ENST00000360656.3","ENST00000360656.3","=","XLOC_056926",FALSE
"isoComp_00184421","geneComp_00027469","TCONS_00294667","XLOC_056926","T_minus","T_plus","CH17-340M24.3","unknown","unknown",10.5207895672831,15.3033470478999,5.73823208666633,0.53388108322817,0.351776317344283,-1.41359943071979,,1.10642833770808,2.21285667541615,0,0.699343024165417,0,-7.79627111954658,,0.07085,0.1417,0,-0.1417,3.83194155860211e-08,1.97652813785958e-11,FALSE,0,"XLOC_056926","CH17-340M24.3","PB.10209.1","ENST00000360656.3","j","XLOC_056926",TRUE
